 Start: ComputeIntegralCharacteristics
 End:   ComputeIntegralCharacteristics; Timer: cpu0=0.000 wall=0.001 
RESTART SOLUTION

Project name: full_rocket
Project path: E:\UniFlight\flow\full_rocket_fv\data\full_rocket.fvproj
Current node: 0 (step=0, time=0)

Current input data
------------------
Region:
   LocalFrameRef=(none)
   Rotation=(none)
   GeneralSettings:
      RefValue:
         Temp=273
         Pres=101000
      Gravity:
         x=0
         y=0
         z=0
      GPOINT:
         x=0
         y=0
         z=0
      g_density=0
   Substances[0l]:
      UIName=Substance #0
      Type=standart
      State=gas
      Properties[0l]:
         Dimension=kg/mole
         Value=0.029
      Properties[1l]:
         Dimension=kg/m^3
         Value=Ideal gas law
         dRodP=0
         dRodT=0
      Properties[2l]:
         Dimension=kg/(m*s)
         Value=2e-05
      Properties[3l]:
         Dimension=W/(m*K)
         Value=0.022
      Properties[4l]:
         Dimension=J/(kg*K)
         Value=1000
      Properties[5l]:
         Dimension=J/kg
         Value=0
      Properties[6l]:
         Dimension=J/kg
         Value=Linear function
      Properties[7l]:
         Dimension=Pa
         Value=0
      Properties[8l]:
         Dimension=A
         Value=0
      Properties[9l]:
         Dimension=K
         Value=0
      Properties[10l]:
         Dimension=1/(Ohm*m)
         Value=0
      Properties[11l]:
         Dimension=Relative
         Value=0
      Properties[12l]:
         Dimension=Relative
         Value=0
   Phases[0l]:
      UIName=Phase #0
      Type=Continuum
      MuMixingModel=MODEL2_MU
      LbMixingModel=MODEL2_LB
      Substances[0l]=Region.Substances[0]
      Equations:
         EquationClasses[0l]=(none)
         EquationClasses[1l]=(none)
         EquationClasses[2l]=CNavierStokesEqSys
         EquationClasses[3l]=(none)
         EquationClasses[4l]=CStandardKEpsEqSys
         EquationClasses[5l]=(none)
         EquationClasses[6l]=(none)
      Diam_Groups_Number_D=1
   Models[0l]:
      UIName=Model #0
      Phases[0l]=Region.Phases[0]
      InitialData[0l]:
         UIName=Init. data #0
         IniVars[0l]:
            Value:
               x=-515
               y=-27
               z=0
         IniVars[1l]:
            Value=0
         IniVars[2l]:
            Value=0.03
         IniVars[3l]:
            Value=0.78014423419743
      GapModel=(none)
      GapModelType=(none)
      Averaging:
         AveragingStartTime=0
   VisObjects[0l]:
      Users[0l]:
         Settings:
            MIndex=0
         Constraints=(none)
         normal:
            x=0
            y=0
            z=0
         IceSurface=False
         EnclaveAnalysis:
            Enabled=False
            SmallPolicy=KEEP
            VolThreshold=0
      Users[1l]:
         UIName=Init. condition #0
         Constraints=(none)
         ViewObject=Region.VisObjects[0]
         IniData=Region.Models[0].InitialData[0]
         Type=WholeCell
   VisObjects[1l]:
      UIName=Тело 3
      Users[0l]:
         UIName=Тело 3
         Object=Region.VisObjects[1]
         Constraints=(none)
         MarkCellsMode=BY_BOX
         Activation:
            Kind=PERMANENT
            TimeStart=0
            TimeDuration=0
            TimePeriod=0
            IterStart=1
            IterDuration=1
            IterPeriod=1
         Update:
            Kind=NON
            Time=0
            Iteration=1
         MassProperty:
            Mass=0
            CenterInertia:
               x=0
               y=0
               z=0
            MomentInertia0:
               x=0
               y=0
               z=0
            MomentInertia1:
               x=0
               y=0
               z=0
            MomentInertia2:
               x=0
               y=0
               z=0
         Movement:
            TimeVel:
               x=0
               y=0
               z=0
            Velocity:
               x=0
               y=0
               z=0
            TimeForce:
               x=0
               y=0
               z=0
            Force:
               x=0
               y=0
               z=0
            HydroForce:
               x=True
               y=True
               z=True
            Omega=1
         Rotation:
            UseCenterInertia=True
            Center:
               x=0
               y=0
               z=0
            TimeVel:
               x=0
               y=0
               z=0
            Velocity:
               x=0
               y=0
               z=0
            TimeMoment:
               x=0
               y=0
               z=0
            Moment:
               x=0
               y=0
               z=0
            HydroMoment:
               x=True
               y=True
               z=True
            Omega=1
         Location:
            Origin:
               x=0
               y=0
               z=0
            Def=CUSTOM_AXIS
            Angle=0
            Axis:
               x=1
               y=0
               z=0
            DefEuler=AVIA_RUS_ANGLES
            DefUser=THREE_AXES_XYZ
            Gamma=0
            Alpha=0
            Beta=0
            VIS_Ort0:
               x=1
               y=0
               z=0
            VIS_Ort1:
               x=0
               y=1
               z=0
            VIS_Ort2:
               x=0
               y=0
               z=1
            VIS_Scale=1
         Limitation:
            LimiterClass=CNoPositionLimiter
            Limiter=Region.VisObjects[1].Users[0].Limitation.Limiter
         DOF:
            Type=NO_LIMITS
            Point1:
               x=0
               y=0
               z=0
            Point2:
               x=1
               y=1
               z=1
            Translation=True
            Rotation=True
         FsiParams:
            ArtCompres=False
            MB_flexibility=0
            MB_mobility=0
         InsideOut=False
      Location:
         Origin:
            x=0
            y=0
            z=0
         Ort0:
            x=1
            y=0
            z=0
         Ort1:
            x=0
            y=1
            z=0
         Ort2:
            x=0
            y=0
            z=1
         Scale=1
      Source=E:\UniFlight\flow\\full_rocket_fv\data/Тело 3.vtk
      Information:
         NumGroups=0
         NumFacets=0
         NumPoints=0
         Dim:
            Center:
               x=0
               y=0
               z=0
            Size:
               x=0
               y=0
               z=0
            BoxMin:
               x=0
               y=0
               z=0
            BoxMax:
               x=0
               y=0
               z=0
      MinLengthOfEdge=0.0452404
   VisObjects[2l]:
      UIName=Тело 2
      Users[0l]:
         UIName=Тело 2
         Object=Region.VisObjects[2]
         Constraints=(none)
         MarkCellsMode=BY_BOX
         Activation:
            Kind=PERMANENT
            TimeStart=0
            TimeDuration=0
            TimePeriod=0
            IterStart=1
            IterDuration=1
            IterPeriod=1
         Update:
            Kind=NON
            Time=0
            Iteration=1
         MassProperty:
            Mass=0
            CenterInertia:
               x=0
               y=0
               z=0
            MomentInertia0:
               x=0
               y=0
               z=0
            MomentInertia1:
               x=0
               y=0
               z=0
            MomentInertia2:
               x=0
               y=0
               z=0
         Movement:
            TimeVel:
               x=0
               y=0
               z=0
            Velocity:
               x=0
               y=0
               z=0
            TimeForce:
               x=0
               y=0
               z=0
            Force:
               x=0
               y=0
               z=0
            HydroForce:
               x=True
               y=True
               z=True
            Omega=1
         Rotation:
            UseCenterInertia=True
            Center:
               x=0
               y=0
               z=0
            TimeVel:
               x=0
               y=0
               z=0
            Velocity:
               x=0
               y=0
               z=0
            TimeMoment:
               x=0
               y=0
               z=0
            Moment:
               x=0
               y=0
               z=0
            HydroMoment:
               x=True
               y=True
               z=True
            Omega=1
         Location:
            Origin:
               x=0
               y=0
               z=0
            Def=CUSTOM_AXIS
            Angle=0
            Axis:
               x=1
               y=0
               z=0
            DefEuler=AVIA_RUS_ANGLES
            DefUser=THREE_AXES_XYZ
            Gamma=0
            Alpha=0
            Beta=0
            VIS_Ort0:
               x=1
               y=0
               z=0
            VIS_Ort1:
               x=0
               y=1
               z=0
            VIS_Ort2:
               x=0
               y=0
               z=1
            VIS_Scale=1
         Limitation:
            LimiterClass=CNoPositionLimiter
            Limiter=Region.VisObjects[2].Users[0].Limitation.Limiter
         DOF:
            Type=NO_LIMITS
            Point1:
               x=0
               y=0
               z=0
            Point2:
               x=1
               y=1
               z=1
            Translation=True
            Rotation=True
         FsiParams:
            ArtCompres=False
            MB_flexibility=0
            MB_mobility=0
         InsideOut=False
      Location:
         Origin:
            x=0
            y=0
            z=0
         Ort0:
            x=1
            y=0
            z=0
         Ort1:
            x=0
            y=1
            z=0
         Ort2:
            x=0
            y=0
            z=1
         Scale=1
      Source=E:\UniFlight\flow\\full_rocket_fv\data/Тело 2.vtk
      Information:
         NumGroups=0
         NumFacets=0
         NumPoints=0
         Dim:
            Center:
               x=0
               y=0
               z=0
            Size:
               x=0
               y=0
               z=0
            BoxMin:
               x=0
               y=0
               z=0
            BoxMax:
               x=0
               y=0
               z=0
      MinLengthOfEdge=0.526565
   VisObjects[3l]:
      UIName=Смещенная плоскость:1
      center:
         x=0.0005
         y=0.0005
         z=0
      normal:
         x=0
         y=0
         z=1
      shiftAlongNormal=0
      planePoint:
         x=0.0005
         y=0.0005
         z=0
      Distance=0
   VisObjects[4l]:
      UIName=Supergroup #0
      Users[0l]:
         UIName=Характеристика Результат #1
         Object=Region.VisObjects[4]
         Settings:
            MIndex=0
         Constraints=(none)
         SubRegion=Region.VisObjects[4].Users[0].SubRegion
         MomentPt:
            x=0
            y=0
            z=0
         normal:
            x=0
            y=0
            z=0
         Var:
            Comp=SOURCE
         IceSurface=False
         ExtendedData=False
         EnclaveAnalysis:
            Enabled=False
            SmallPolicy=KEEP
            VolThreshold=0
   VisObjects[5l]:
      UIName=Supergroup #1
      Users[0l]:
         UIName=Характеристика Результат #2
         Object=Region.VisObjects[5]
         Settings:
            MIndex=0
         Constraints=(none)
         SubRegion=Region.VisObjects[4].Users[0].SubRegion
         MomentPt:
            x=0
            y=0
            z=0
         normal:
            x=0
            y=0
            z=0
         Var:
            Comp=SOURCE
         IceSurface=False
         ExtendedData=False
         EnclaveAnalysis:
            Enabled=False
            SmallPolicy=KEEP
            VolThreshold=0
   VisCharacteristics[0l]:
      Settings:
         MIndex=0
      Constraints=(none)
      normal:
         x=0
         y=0
         z=0
      IceSurface=False
      EnclaveAnalysis:
         Enabled=False
         SmallPolicy=KEEP
         VolThreshold=0
   VisCharacteristics[1l]:
      UIName=Характеристика Результат #1
      Object=Region.VisObjects[4]
      Settings:
         MIndex=0
      Constraints=(none)
      SubRegion=Region.VisObjects[4].Users[0].SubRegion
      MomentPt:
         x=0
         y=0
         z=0
      normal:
         x=0
         y=0
         z=0
      Var:
         Comp=SOURCE
      IceSurface=False
      ExtendedData=False
      EnclaveAnalysis:
         Enabled=False
         SmallPolicy=KEEP
         VolThreshold=0
   VisCharacteristics[2l]:
      UIName=Характеристика Результат #2
      Object=Region.VisObjects[5]
      Settings:
         MIndex=0
      Constraints=(none)
      SubRegion=Region.VisObjects[4].Users[0].SubRegion
      MomentPt:
         x=0
         y=0
         z=0
      normal:
         x=0
         y=0
         z=0
      Var:
         Comp=SOURCE
      IceSurface=False
      ExtendedData=False
      EnclaveAnalysis:
         Enabled=False
         SmallPolicy=KEEP
         VolThreshold=0
   VisibleSubRegs[0l]:
      UIName=SubRegion #0
      Model=Region.Models[0]
      Volume=1.27803e+06
      LocalFrameRef=(none)
      Rotation=(none)
      BConditions[0l]:
         UIName=Граничное условие
         Type=WALL
         WallTypes[0l]=WALLFUNC_EQUIL
         Roughness=0
         Wetangle=90
         GapSealing=-1
         AlphaWall=-1
         GapThermalConductance=-1
         LocalFrameRef=(none)
         Rotation=(none)
         Translation=(none)
         VarConditions[0l]:
            PhaseName=Phase #0
            Type=CBVelWallLogarithmLaw
         VarConditions[1l]:
            PhaseName=Phase #0
            Type=CBVarValueNearWall
         VarConditions[2l]:
            PhaseName=Phase #0
            Type=CBVarValueNearWall
         Color=0x00ff0000
         Area=883.862
         VarTypes[0l]=CBVelWallLogarithmLaw
         VarTypes[1l]=CBVarValueNearWall
         VarTypes[2l]=CBVarValueNearWall
         NumberOfSectors=0
         BinderCondition=(none)
         Binder=(none)
      BConditions[1l]:
         UIName=EXTENDED_INLET
         Type=INLETOUTLET
         WallTypes[0l]=WALLFUNC_EQUIL
         Roughness=0
         Wetangle=90
         GapSealing=-1
         AlphaWall=-1
         GapThermalConductance=-1
         LocalFrameRef=(none)
         Rotation=(none)
         Translation=(none)
         VarConditions[0l]:
            PhaseName=Phase #0
            Type=CBVelVectorPres
            VelVector:
               x=-515
               y=-27
               z=0
            VIS_Pres=0
         VarConditions[1l]:
            PhaseName=Phase #0
            Type=CBVarTurbPulsation
            WallValue=0.03
         VarConditions[2l]:
            PhaseName=Phase #0
            Type=CBVarTurbLengthScale
            WallValue=0.78014423419743
         Color=0x00ff0000
         Area=0
         VarTypes[0l]=CBVelVectorPres
         VarTypes[1l]=CBVarTurbPulsation
         VarTypes[2l]=CBVarTurbLengthScale
         NumberOfSectors=0
         BinderCondition=(none)
         Binder=(none)
      BConditions[2l]:
         UIName=EXTENDED_OUTLET
         Type=FREEOUTLET
         WallTypes[0l]=WALLFUNC_EQUIL
         Roughness=0
         Wetangle=90
         GapSealing=-1
         AlphaWall=-1
         GapThermalConductance=-1
         LocalFrameRef=(none)
         Rotation=(none)
         Translation=(none)
         VarConditions[0l]:
            PhaseName=Phase #0
            Type=CBVelOutlet
            Pressure=0
         VarConditions[1l]:
            PhaseName=Phase #0
            Type=CBVarZeroFlux
         VarConditions[2l]:
            PhaseName=Phase #0
            Type=CBVarZeroFlux
         Color=0x00ff0000
         Area=0
         VarTypes[0l]=CBVelOutlet
         VarTypes[1l]=CBVarZeroFlux
         VarTypes[2l]=CBVarZeroFlux
         NumberOfSectors=0
         BinderCondition=(none)
         Binder=(none)
      BConditions[3l]:
         UIName=EXTENDED_NONREFLECT
         Type=NONREFLECT
         WallTypes[0l]=WALLFUNC_EQUIL
         Roughness=0
         Wetangle=90
         GapSealing=-1
         AlphaWall=-1
         GapThermalConductance=-1
         LocalFrameRef=(none)
         Rotation=(none)
         Translation=(none)
         VarConditions[0l]:
            PhaseName=Phase #0
            Type=CBVelRiemann
            VelInf:
               x=-515
               y=-27
               z=0
            PresInf=0
         VarConditions[1l]:
            PhaseName=Phase #0
            Type=CBVarTurbPulsation
            WallValue=0
         VarConditions[2l]:
            PhaseName=Phase #0
            Type=CBVarTurbLengthScale
            WallValue=0
         Color=0x00ff0000
         Area=77700.4
         VarTypes[0l]=CBVelRiemann
         VarTypes[1l]=CBVarTurbPulsation
         VarTypes[2l]=CBVarTurbLengthScale
         NumberOfSectors=0
         BinderCondition=(none)
         Binder=(none)
      Filters[0l]:
         UIName=Тело 3
         Object=Region.VisObjects[1]
         Constraints=(none)
         MarkCellsMode=BY_BOX
         Activation:
            Kind=PERMANENT
            TimeStart=0
            TimeDuration=0
            TimePeriod=0
            IterStart=1
            IterDuration=1
            IterPeriod=1
         Update:
            Kind=NON
            Time=0
            Iteration=1
         MassProperty:
            Mass=0
            CenterInertia:
               x=0
               y=0
               z=0
            MomentInertia0:
               x=0
               y=0
               z=0
            MomentInertia1:
               x=0
               y=0
               z=0
            MomentInertia2:
               x=0
               y=0
               z=0
         Movement:
            TimeVel:
               x=0
               y=0
               z=0
            Velocity:
               x=0
               y=0
               z=0
            TimeForce:
               x=0
               y=0
               z=0
            Force:
               x=0
               y=0
               z=0
            HydroForce:
               x=True
               y=True
               z=True
            Omega=1
         Rotation:
            UseCenterInertia=True
            Center:
               x=0
               y=0
               z=0
            TimeVel:
               x=0
               y=0
               z=0
            Velocity:
               x=0
               y=0
               z=0
            TimeMoment:
               x=0
               y=0
               z=0
            Moment:
               x=0
               y=0
               z=0
            HydroMoment:
               x=True
               y=True
               z=True
            Omega=1
         Location:
            Origin:
               x=0
               y=0
               z=0
            Def=CUSTOM_AXIS
            Angle=0
            Axis:
               x=1
               y=0
               z=0
            DefEuler=AVIA_RUS_ANGLES
            DefUser=THREE_AXES_XYZ
            Gamma=0
            Alpha=0
            Beta=0
            VIS_Ort0:
               x=1
               y=0
               z=0
            VIS_Ort1:
               x=0
               y=1
               z=0
            VIS_Ort2:
               x=0
               y=0
               z=1
            VIS_Scale=1
         Limitation:
            LimiterClass=CNoPositionLimiter
            Limiter=Region.VisObjects[1].Users[0].Limitation.Limiter
         DOF:
            Type=NO_LIMITS
            Point1:
               x=0
               y=0
               z=0
            Point2:
               x=1
               y=1
               z=1
            Translation=True
            Rotation=True
         FsiParams:
            ArtCompres=False
            MB_flexibility=0
            MB_mobility=0
         InsideOut=False
      Filters[1l]:
         UIName=Тело 2
         Object=Region.VisObjects[2]
         Constraints=(none)
         MarkCellsMode=BY_BOX
         Activation:
            Kind=PERMANENT
            TimeStart=0
            TimeDuration=0
            TimePeriod=0
            IterStart=1
            IterDuration=1
            IterPeriod=1
         Update:
            Kind=NON
            Time=0
            Iteration=1
         MassProperty:
            Mass=0
            CenterInertia:
               x=0
               y=0
               z=0
            MomentInertia0:
               x=0
               y=0
               z=0
            MomentInertia1:
               x=0
               y=0
               z=0
            MomentInertia2:
               x=0
               y=0
               z=0
         Movement:
            TimeVel:
               x=0
               y=0
               z=0
            Velocity:
               x=0
               y=0
               z=0
            TimeForce:
               x=0
               y=0
               z=0
            Force:
               x=0
               y=0
               z=0
            HydroForce:
               x=True
               y=True
               z=True
            Omega=1
         Rotation:
            UseCenterInertia=True
            Center:
               x=0
               y=0
               z=0
            TimeVel:
               x=0
               y=0
               z=0
            Velocity:
               x=0
               y=0
               z=0
            TimeMoment:
               x=0
               y=0
               z=0
            Moment:
               x=0
               y=0
               z=0
            HydroMoment:
               x=True
               y=True
               z=True
            Omega=1
         Location:
            Origin:
               x=0
               y=0
               z=0
            Def=CUSTOM_AXIS
            Angle=0
            Axis:
               x=1
               y=0
               z=0
            DefEuler=AVIA_RUS_ANGLES
            DefUser=THREE_AXES_XYZ
            Gamma=0
            Alpha=0
            Beta=0
            VIS_Ort0:
               x=1
               y=0
               z=0
            VIS_Ort1:
               x=0
               y=1
               z=0
            VIS_Ort2:
               x=0
               y=0
               z=1
            VIS_Scale=1
         Limitation:
            LimiterClass=CNoPositionLimiter
            Limiter=Region.VisObjects[2].Users[0].Limitation.Limiter
         DOF:
            Type=NO_LIMITS
            Point1:
               x=0
               y=0
               z=0
            Point2:
               x=1
               y=1
               z=1
            Translation=True
            Rotation=True
         FsiParams:
            ArtCompres=False
            MB_flexibility=0
            MB_mobility=0
         InsideOut=False
      InitialData[0l]:
         UIName=Init. condition #0
         Constraints=(none)
         ViewObject=Region.VisObjects[0]
         IniData=Region.Models[0].InitialData[0]
         Type=WholeCell
   BinderLinks:
   ExtInteractions:
      ExchangeTime:
         Type=Region.ExtInteractions.ExchangeTime.Type
         UserStep=0.01
         UndefStep=0.001
         StepCoef=1
      OldOffsetMethod=True
      SaveAfterReceive=False
   GridParameters:
      InitialGrid:
         GridStruct=GRID_3D
         GridPlane=PLANE_XY
         GridDirect=DIRECT_X
         nx=10
         X[0l]=-108.672
         X[1l]=-87.6738
         X[2l]=-66.6752
         X[3l]=-45.6765
         X[4l]=-24.6779
         X[5l]=-3.67928
         X[6l]=17.3194
         X[7l]=38.318
         X[8l]=59.3166
         X[9l]=80.3153
         X[10l]=101.314
         ny=10
         Y[0l]=-33.6972
         Y[1l]=-25.8958
         Y[2l]=-18.0943
         Y[3l]=-10.2929
         Y[4l]=-2.49144
         Y[5l]=5.31
         Y[6l]=13.1114
         Y[7l]=20.9129
         Y[8l]=28.7143
         Y[9l]=36.5158
         Y[10l]=44.3172
         nz=10
         Z[0l]=-35.2402
         Z[1l]=-27.4388
         Z[2l]=-19.6373
         Z[3l]=-11.8359
         Z[4l]=-4.03444
         Z[5l]=3.767
         Z[6l]=11.5684
         Z[7l]=19.3699
         Z[8l]=27.1713
         Z[9l]=34.9728
         Z[10l]=42.7742
      Adaptation:
         Activation:
            Kind=BYITER
            TimeStart=0
            TimeDuration=0
            TimePeriod=0
            IterStart=-1
            IterDuration=2
            IterPeriod=1000000
         Criteria[0l]:
            UIName=Adaptation #0
            Activation=True
            maxLevel=0
            subregArray[0l]=Region.VisObjects[4].Users[0].SubRegion
            placeArray[0l]:
               Place=Region.VisObjects[0]
               Settings:
                  MIndex=0
            AdpStatType=MERGE
            TwoChips=True
            Concavity=True
            OpSameBC=True
            OpDiffConj=True
            AdpToCurvParams:
               IsActive=False
               AddLevels=2
               SurfCurvMaxAngle=15
               SurfCurvUpperLimit=120
            AdpToEdgeParams:
               IsActive=False
               AddLevels=2
               SharpEdgeAngle=60
            layerCounts[0l]=1
         Criteria[1l]:
            UIName=Адаптация #1
            Activation=True
            maxLevel=2
            subregArray[0l]=Region.VisObjects[4].Users[0].SubRegion
            AdpStatType=DIVIDE
            TwoChips=True
            Concavity=True
            OpSameBC=True
            OpDiffConj=True
            AdpToCurvParams:
               IsActive=False
               AddLevels=2
               SurfCurvMaxAngle=15
               SurfCurvUpperLimit=120
            AdpToEdgeParams:
               IsActive=False
               AddLevels=2
               SharpEdgeAngle=60
            layerCounts[0l]=3
            layerCounts[1l]=3
      AdaptationToCond:
         Activation:
            Kind=PERMANENT
            TimeStart=0
            TimeDuration=0
            TimePeriod=0
            IterStart=1
            IterDuration=1
            IterPeriod=1
      AdaptationToSolution:
         Activation:
            Kind=BYITER
            TimeStart=0
            TimeDuration=0
            TimePeriod=0
            IterStart=10
            IterDuration=2
            IterPeriod=10
         Criteria[0l]:
            UIName=Adaptation to solution #0
            Activation=True
            maxLevel=2
            subregArray[0l]=Region.VisObjects[4].Users[0].SubRegion
            placeArray[0l]:
               Place=Region.VisObjects[0]
               Settings:
                  MIndex=0
            varArray[0l]:
               Variable:
                  Comp=SOURCE
               Type=GRADIENT
               Value=0
               Weight=1
         cellCount=100000
      OBLGrids:
         Activation:
            Type=PERMANENT
            IterStart=0
            TimeStart=0
   DllManager:
   Source=E:\UniFlight\flow\\full_rocket_fv\data/full_rocket.vtk
   Information:
      NumGroups=6
      NumFacets=12
      NumPoints=8
      Dim:
         Center:
            x=-3.67928
            y=5.31
            z=3.767
         Size:
            x=209.986
            y=78.0144
            z=78.0144
         BoxMin:
            x=-108.672
            y=-33.6972
            z=-35.2402
         BoxMax:
            x=101.314
            y=44.3172
            z=42.7742
   Tolerance=1e-08
   MinLengthOfEdge=78.0144



Current controls data
------------------
Controls:
   TimeStep:
      Type=CFL
      Step=0.001
      CFL=35
      CFLSURF=1e+20
      CFLDIFF=1e+20
      CFLSLIDE=1
      CFLFILM=5
      Maximum=0.1
      Minimum=1e-20
      DisConvergenceLimit=1e-10
      GradP_use=True
      ImplicitMotion:
         MassCorrectionCoeff=1
         Enabled=False
         MaxIterations=10
         IterDuration=5
         MaxResidual=0.01
         Relaxation=0.5
         ArtCompressCoeff=0.75
   Advanced:
      Scheme:
         Type=Smooth
         Skew=False
         SchemeType=Implicit
         TimeStepping:
            Method=Standard
            NumCoupling=1
         SideGradAppr=True
         PresGrad=Simple
         PresTotal=PtotSimple
         OffSpeed=False
         densDependendConc=False
         AddSmoothByAdapt=False
         JointSol=False
      LES:
         SolverType=AST
         RelTol=1e-10
         UseA=True
         MaxIterA=100
         UseS=True
         MaxIterS=250
         FinalizeSQD=False
         UseT=True
         MaxIterT=400
      LimValue:
         StresMax=1e+20
         PresMin=-1e+20
         PresMax=1e+20
         Extrapolation=False
         FluxMax=1e+20
      MHDParameters:
         iterationsnumber=1
         useMHDtimestep=False
         diffaktor=0
      VOFParameters:
         conservative_VOF=True
         relaxation_VOF=1
         VOF_CFL=0
         useVOFtimestep=True
         useVOFSRCtimestep=False
         usedroplets=False
         vof_LEV=0.0001
         useConservativeVelocity=False
         useSigmaSurfGradCalc=False
      DISPERSEDparam:
         Type=Upwind
         FitaDmin=0.001
         useFilmTimeStep=False
         IcingActivation:
            Type=OFF
            IterStart=0
            TimeStart=0
      CheckGrid=False
      AdaptThroughGap=True
      Balancing:
         Kind=NON
         TimeStart=0
         TimeDuration=0
         TimePeriod=0
         IterStart=1
         IterDuration=1
         IterPeriod=1
      TurbulenceParameters:
         DistViaPotential=True
         StandardWF=False
         Fr_background=0.09
         T_profile=3
         T_Kader=False
         T_variation=False
      ChemistryParameters:
         MatrixSolver=False
      ExportLoadings:
         SaveData:
            Kind=NON
            Time=0
            Iteration=1
            Filename=loadings.glo
            Mode=APPEND
            UpdateOnStop=False
            Format=(none)
         Subject=NODE_LOADINGS
      MainLog:
         WriteMainLog=True
         MainLogDepth=1
      SlideSurface:
         Type=Sliding
      SmoothDiffFluxes=False
   Limiters:
      CalcLimiters:
         CommonCalcLims:
            K_volumedata=0.5
         PhaseCalcLims[0l]:
            EditValues[0l]=1e-10
            EditValues[1l]=1e+20
            EditValues[2l]=-1e+20
            EditValues[3l]=1e+20
            EditValues[4l]=1e-09
            EditValues[5l]=1e+20
            SmallCellParameters:
               Type=ABSOLUTE
               Criteria=0.2
               DynamicCriteria=0.2
            VeryViscouseFlow=False
   AutoSave:
      NonStationary=False
      Frequency:
         Kind=BYITER
         Time=0
         Iteration=50
      SaveVTK:
         Enabled=False
         Binary=True
      EnSight:
         Enabled=False
         Binary=True
   LayerAutoSave:
      NonStationary=False
      Frequency:
         Kind=NON
         Time=0
         Iteration=50
      SaveSolids=True
   TortAutoSave:
      Enabled=False
      AdaptLevel=3
      Method=Multiply
   ExportLMS:
      SubRegion=(none)
      OnSurface:
         Enabled=False
         SplitSources=False
      InVolume:
         Enabled=False
         Box=(none)
         Grid:
            LocalSystem=True
            Nodes1_i=101
            Nodes2_i=101
            Nodes3_i=101
            Nodes1_s=101
            Nodes2_s=101
            Nodes3_s=101
      Start:
         Kind=BYTIME
         TimeStart=0
         IterStart=1
      Transformation:
         Origin:
            x=0
            y=0
            z=0
         Ort0:
            x=1
            y=0
            z=0
         Ort1:
            x=0
            y=1
            z=0
         Ort2:
            x=0
            y=0
            z=1
         Scale=1
   Stoppers:
      TimeSpan:
         begin=0
         end=6
      Iterations:
         Number=1000000
      StopperResidual[0l]:
         Level=0
         Averaging=COMMON
         AveragingSettings:
            Kind=BYTIME
            Time=0
            Iteration=1
         Color=0x00006312
      StopperResidual[1l]:
         Level=0
         Averaging=COMMON
         AveragingSettings:
            Kind=BYTIME
            Time=0
            Iteration=1
         Color=0x004b4bf4
      StopperResidual[2l]:
         Level=0
         Averaging=COMMON
         AveragingSettings:
            Kind=BYTIME
            Time=0
            Iteration=1
         Color=0x00e55458
      StopperResidual[3l]:
         Level=0
         Averaging=COMMON
         AveragingSettings:
            Kind=BYTIME
            Time=0
            Iteration=1
         Color=0x00c76be7
      StopperUser[0l]:
         UIName=Результат #1
         Level=0
         Averaging=COMMON
         AveragingSettings:
            Kind=BYTIME
            Time=0
            Iteration=1
         Color=0x00006312
         Object=Controls.Stoppers.StopperUser[0].Object
         Group=0
         UGV=14
         Comp=X
      StopperUser[1l]:
         UIName=Результат #2
         Level=0
         Averaging=COMMON
         AveragingSettings:
            Kind=BYTIME
            Time=0
            Iteration=1
         Color=0x004b4bf4
         Object=Controls.Stoppers.StopperUser[1].Object
         Group=0
         UGV=14
         Comp=Y
      Update:
         Kind=BYTIME
         Time=0
         Iteration=1
      StopIterations=5
      StartSettings:
         CheckMode=CHECKITER
         StartTime=0
         StartIter=0


------------------

SOLUTION STARTED
FlowVision Solver, version 3.13.01-W64 build 20240822 changeset 0.

20.06.26 07:52:44  ===== PreSolve Step =====
 Grid rebuild type:  1
 Start: DistributeGridOnProcessors
 End:   DistributeGridOnProcessors, res= 0; Timer: cpu0=0.000 wall=0.002 
 Start: DistributeFacet
 End:   DistributeFacet, res= 0; Timer: cpu0=0.000 wall=0.001 
 Start: DistributeGridOnProcessors
 End:   DistributeGridOnProcessors, res= 0; Timer: cpu0=0.000 wall=0.002 
 Start: DistributeFacet
 End:   DistributeFacet, res= 0; Timer: cpu0=0.000 wall=0.001 
 Start: BuildRealCells
 End:   BuildRealCells, res= 0; Timer: cpu0=0.031 wall=0.016 
 Start: SetNeiHyperCells
 End:   SetNeiHyperCells, res= 0; Timer: cpu0=0.000 wall=0.001 
 Start: SetNeiHyperCells
 End:   SetNeiHyperCells, res= 0; Timer: cpu0=0.000 wall=0.001 
 Start: TransferSubregs
 End:   TransferSubregs, res= 0; Timer: cpu0=0.000 wall=0.001 
 Start: CreateData
 End:   CreateData, res= 0; Timer: cpu0=0.000 wall=0.001 
 Start: Adaptation, TotalRealCellsCount= 1000 
 End:   Adaptation; Timer: cpu0=0.000 wall=0.001 
 Start: DistributeGridOnProcessors
 End:   DistributeGridOnProcessors, res= 0; Timer: cpu0=0.000 wall=0.007 
 Start: SetNeiHyperCells
 End:   SetNeiHyperCells, res= 0; Timer: cpu0=0.000 wall=0.000 
 Start: DataInitialization
 End:   DataInitialization; Timer: cpu0=0.000 wall=0.003 
 End:   ===== PreSolve Step =====; Timer: cpu0=0.141 wall=0.066 
20.06.26 07:52:44  ===== Processing Layers =====
20.06.26 07:52:44    *SEND* for CScalarLayer, GUID=5AEC5BFB-10CE-4F3C-B7EC-0A0B5ECD872A
 Start: ComputeVolumeCharacteristics
 End:   ComputeVolumeCharacteristics; Timer: cpu0=0.000 wall=0.000 
 Start: GetValueOnFacets
 End:   GetValueOnFacets; Timer: cpu0=0.000 wall=0.001 
20.06.26 07:52:44    *SEND* for CIntegralCharsLayer, GUID=4E090A0C-544B-E4A2-4242-BEC451D7CD2B
20.06.26 07:52:44    *SEND* for CIntegralCharsLayer, GUID=036B5437-43C7-094F-A55B-3650B75B8E77
20.06.26 07:52:44    *SEND* for CIntegralCharsLayer, GUID=42F420E7-AE23-4000-F99E-DC409DC96531
 End:   ===== Processing Layers =====; Timer: cpu0=0.000 wall=0.010 

20.06.26 07:52:44  ===== New Time Step =====, Iter number =  0
 Start: SolidFiltersProcess
 End:   SolidFiltersProcess, res= 0; Timer: cpu0=0.031 wall=0.012 
 Start: TimeServis
 End:   TimeServis; Timer: cpu0=0.000 wall=0.002 
 Start: User modules' functions BeforeTimeStep() are calling
 End:   User modules' functions BeforeTimeStep() are calling; Timer: cpu0=0.000 wall=0.001 
 Start: Adaptation, TotalRealCellsCount= 1016 
 End:   Adaptation; Timer: cpu0=0.062 wall=0.002 
 Start: Initialize data arrays on chips
 End:   Initialize data arrays on chips, res= 0; Timer: cpu0=0.000 wall=0.001 
  ***** Maximum Geometrical Gauss = 1.63444e-15, cell= 989:0
  ***** Maximum MovingSurf  Gauss = 0, cell= 
 Start: Remove Small Cells
 End:   Remove Small Cells; Timer: cpu0=0.000 wall=0.001 
 Start: Initialize data arrays on chips
 End:   Initialize data arrays on chips, res= 0; Timer: cpu0=0.000 wall=0.001 
  ***** Maximum Geometrical Gauss = 1.63444e-15, cell= 989:0
  ***** Maximum MovingSurf  Gauss = 0, cell= 
 Start: Initialize data arrays on chips
 End:   Initialize data arrays on chips, res= 0; Timer: cpu0=0.000 wall=0.000 
 Start: Modify Chip Data
 End:   Modify Chip Data; Timer: cpu0=0.000 wall=0.001 
 Start: TimeServis
 End:   TimeServis; Timer: cpu0=0.078 wall=0.002 
 Start: FindEnclaves
 End:   FindEnclaves; Timer: cpu0=0.000 wall=0.000 
 Start: VarValueService
 End:   VarValueService; Timer: cpu0=0.000 wall=0.001 
 Start: SolvePhaseEquation 
 End:   SolvePhaseEquation ; Timer: cpu0=0.078 wall=0.039 
 Start: SolidFiltersProcess: calculate forces and moments
 End:   SolidFiltersProcess: calculate forces and moments; Timer: cpu0=0.000 wall=0.001 
 Start: PrepareDataForNextStep
 End:   PrepareDataForNextStep; Timer: cpu0=0.000 wall=0.003 
 Start: VarValueService
 End:   VarValueService; Timer: cpu0=0.000 wall=0.001 
 Start: UpdateStopperData
 End:   UpdateStopperData; Timer: cpu0=0.000 wall=0.000 
 Start: Saving text status in E:\UniFlight\flow\full_rocket_fv\data\full_rocket.status
 End:   Saving text status in E:\UniFlight\flow\full_rocket_fv\data\full_rocket.status; Timer: cpu0=0.000 wall=0.001 
 End:   ===== Time Step =====, Iter number =  0; Timer: cpu0=0.250 wall=0.091 

20.06.26 07:52:45  ===== Processing Layers =====
20.06.26 07:52:45    *SEND* for CScalarLayer, GUID=5AEC5BFB-10CE-4F3C-B7EC-0A0B5ECD872A
 Start: ComputeVolumeCharacteristics
 End:   ComputeVolumeCharacteristics; Timer: cpu0=0.000 wall=0.001 
 Start: GetValueOnFacets
 End:   GetValueOnFacets; Timer: cpu0=0.000 wall=0.004 
20.06.26 07:52:45    *SEND* for CIntegralCharsLayer, GUID=4E090A0C-544B-E4A2-4242-BEC451D7CD2B
20.06.26 07:52:45    *SEND* for CIntegralCharsLayer, GUID=036B5437-43C7-094F-A55B-3650B75B8E77
20.06.26 07:52:45    *SEND* for CIntegralCharsLayer, GUID=42F420E7-AE23-4000-F99E-DC409DC96531
 End:   ===== Processing Layers =====; Timer: cpu0=0.000 wall=0.013 

20.06.26 07:52:45  ===== New Time Step =====, Iter number =  1
 Start: TimeServis
 End:   TimeServis; Timer: cpu0=0.000 wall=0.002 
 Start: User modules' functions BeforeTimeStep() are calling
 End:   User modules' functions BeforeTimeStep() are calling; Timer: cpu0=0.000 wall=0.001 
 Start: Adaptation, TotalRealCellsCount= 1016 
 End:   Adaptation; Timer: cpu0=0.000 wall=0.000 
 Start: Initialize data arrays on chips
 End:   Initialize data arrays on chips, res= 0; Timer: cpu0=0.000 wall=0.001 
  ***** Maximum Geometrical Gauss = 1.63444e-15, cell= 989:0
  ***** Maximum MovingSurf  Gauss = 0, cell= 
 Start: Initialize data arrays on chips
 End:   Initialize data arrays on chips, res= 0; Timer: cpu0=0.000 wall=0.001 
 Start: TimeServis
 End:   TimeServis; Timer: cpu0=0.000 wall=0.002 
 Start: FindEnclaves
 End:   FindEnclaves; Timer: cpu0=0.000 wall=0.000 
 Start: VarValueService
 End:   VarValueService; Timer: cpu0=0.000 wall=0.000 
 Start: SolvePhaseEquation 
 End:   SolvePhaseEquation ; Timer: cpu0=0.062 wall=0.034 
 Start: SolidFiltersProcess: calculate forces and moments
 End:   SolidFiltersProcess: calculate forces and moments; Timer: cpu0=0.000 wall=0.001 
 Start: PrepareDataForNextStep
 End:   PrepareDataForNextStep; Timer: cpu0=0.031 wall=0.004 
 Start: VarValueService
 End:   VarValueService; Timer: cpu0=0.000 wall=0.001 
 Start: UpdateStopperData
 End:   UpdateStopperData; Timer: cpu0=0.000 wall=0.000 
 Start: Saving text status in E:\UniFlight\flow\full_rocket_fv\data\full_rocket.status
 End:   Saving text status in E:\UniFlight\flow\full_rocket_fv\data\full_rocket.status; Timer: cpu0=0.000 wall=0.005 
 End:   ===== Time Step =====, Iter number =  1; Timer: cpu0=0.094 wall=0.069 

20.06.26 07:52:46  ===== Processing Layers =====
20.06.26 07:52:46    *SEND* for CScalarLayer, GUID=5AEC5BFB-10CE-4F3C-B7EC-0A0B5ECD872A
 Start: ComputeVolumeCharacteristics
 End:   ComputeVolumeCharacteristics; Timer: cpu0=0.000 wall=0.000 
 Start: GetValueOnFacets
 End:   GetValueOnFacets; Timer: cpu0=0.000 wall=0.004 
20.06.26 07:52:46    *SEND* for CIntegralCharsLayer, GUID=4E090A0C-544B-E4A2-4242-BEC451D7CD2B
20.06.26 07:52:46    *SEND* for CIntegralCharsLayer, GUID=036B5437-43C7-094F-A55B-3650B75B8E77
20.06.26 07:52:46    *SEND* for CIntegralCharsLayer, GUID=42F420E7-AE23-4000-F99E-DC409DC96531
 End:   ===== Processing Layers =====; Timer: cpu0=0.000 wall=0.013 

20.06.26 07:52:46  ===== New Time Step =====, Iter number =  2
 Start: TimeServis
 End:   TimeServis; Timer: cpu0=0.000 wall=0.002 
 Start: User modules' functions BeforeTimeStep() are calling
 End:   User modules' functions BeforeTimeStep() are calling; Timer: cpu0=0.000 wall=0.001 
 Start: Adaptation, TotalRealCellsCount= 1016 
 End:   Adaptation; Timer: cpu0=0.000 wall=0.001 
 Start: Initialize data arrays on chips
 End:   Initialize data arrays on chips, res= 0; Timer: cpu0=0.000 wall=0.000 
  ***** Maximum Geometrical Gauss = 1.63444e-15, cell= 989:0
  ***** Maximum MovingSurf  Gauss = 0, cell= 
 Start: Initialize data arrays on chips
 End:   Initialize data arrays on chips, res= 0; Timer: cpu0=0.000 wall=0.001 
 Start: TimeServis
 End:   TimeServis; Timer: cpu0=0.000 wall=0.001 
 Start: FindEnclaves
 End:   FindEnclaves; Timer: cpu0=0.000 wall=0.001 
 Start: VarValueService
 End:   VarValueService; Timer: cpu0=0.000 wall=0.001 
 Start: SolvePhaseEquation 
 End:   SolvePhaseEquation ; Timer: cpu0=0.297 wall=0.032 
 Start: SolidFiltersProcess: calculate forces and moments
 End:   SolidFiltersProcess: calculate forces and moments; Timer: cpu0=0.000 wall=0.001 
 Start: PrepareDataForNextStep
 End:   PrepareDataForNextStep; Timer: cpu0=0.000 wall=0.004 
 Start: VarValueService
 End:   VarValueService; Timer: cpu0=0.000 wall=0.001 
 Start: UpdateStopperData
 End:   UpdateStopperData; Timer: cpu0=0.000 wall=0.000 
 Start: Saving text status in E:\UniFlight\flow\full_rocket_fv\data\full_rocket.status
 End:   Saving text status in E:\UniFlight\flow\full_rocket_fv\data\full_rocket.status; Timer: cpu0=0.000 wall=0.001 
 End:   ===== Time Step =====, Iter number =  2; Timer: cpu0=0.438 wall=0.062 

20.06.26 07:52:47  ===== Processing Layers =====
20.06.26 07:52:47    *SEND* for CScalarLayer, GUID=5AEC5BFB-10CE-4F3C-B7EC-0A0B5ECD872A
 Start: ComputeVolumeCharacteristics
 End:   ComputeVolumeCharacteristics; Timer: cpu0=0.000 wall=0.000 
 Start: GetValueOnFacets
 End:   GetValueOnFacets; Timer: cpu0=0.172 wall=0.004 
20.06.26 07:52:47    *SEND* for CIntegralCharsLayer, GUID=4E090A0C-544B-E4A2-4242-BEC451D7CD2B
20.06.26 07:52:47    *SEND* for CIntegralCharsLayer, GUID=036B5437-43C7-094F-A55B-3650B75B8E77
20.06.26 07:52:47    *SEND* for CIntegralCharsLayer, GUID=42F420E7-AE23-4000-F99E-DC409DC96531
 End:   ===== Processing Layers =====; Timer: cpu0=0.172 wall=0.013 

20.06.26 07:52:47  ===== New Time Step =====, Iter number =  3
 Start: TimeServis
 End:   TimeServis; Timer: cpu0=0.000 wall=0.001 
 Start: User modules' functions BeforeTimeStep() are calling
 End:   User modules' functions BeforeTimeStep() are calling; Timer: cpu0=0.000 wall=0.001 
 Start: Adaptation, TotalRealCellsCount= 1016 
 End:   Adaptation; Timer: cpu0=0.000 wall=0.001 
 Start: Initialize data arrays on chips
 End:   Initialize data arrays on chips, res= 0; Timer: cpu0=0.000 wall=0.000 
  ***** Maximum Geometrical Gauss = 1.63444e-15, cell= 989:0
  ***** Maximum MovingSurf  Gauss = 0, cell= 
 Start: Initialize data arrays on chips
 End:   Initialize data arrays on chips, res= 0; Timer: cpu0=0.000 wall=0.001 
 Start: TimeServis
 End:   TimeServis; Timer: cpu0=0.000 wall=0.001 
 Start: FindEnclaves
 End:   FindEnclaves; Timer: cpu0=0.000 wall=0.001 
 Start: VarValueService
 End:   VarValueService; Timer: cpu0=0.000 wall=0.001 
 Start: SolvePhaseEquation 
 End:   SolvePhaseEquation ; Timer: cpu0=0.188 wall=0.033 
 Start: SolidFiltersProcess: calculate forces and moments
 End:   SolidFiltersProcess: calculate forces and moments; Timer: cpu0=0.000 wall=0.001 
 Start: PrepareDataForNextStep
 End:   PrepareDataForNextStep; Timer: cpu0=0.031 wall=0.004 
 Start: VarValueService
 End:   VarValueService; Timer: cpu0=0.000 wall=0.001 
 Start: UpdateStopperData
 End:   UpdateStopperData; Timer: cpu0=0.000 wall=0.001 
 Start: Saving text status in E:\UniFlight\flow\full_rocket_fv\data\full_rocket.status
 End:   Saving text status in E:\UniFlight\flow\full_rocket_fv\data\full_rocket.status; Timer: cpu0=0.000 wall=0.001 
 End:   ===== Time Step =====, Iter number =  3; Timer: cpu0=0.219 wall=0.064 

20.06.26 07:52:47  ===== Processing Layers =====
20.06.26 07:52:47    *SEND* for CScalarLayer, GUID=5AEC5BFB-10CE-4F3C-B7EC-0A0B5ECD872A
 Start: ComputeVolumeCharacteristics
 End:   ComputeVolumeCharacteristics; Timer: cpu0=0.000 wall=0.001 
 Start: GetValueOnFacets
 End:   GetValueOnFacets; Timer: cpu0=0.016 wall=0.004 
20.06.26 07:52:47    *SEND* for CIntegralCharsLayer, GUID=4E090A0C-544B-E4A2-4242-BEC451D7CD2B
20.06.26 07:52:47    *SEND* for CIntegralCharsLayer, GUID=036B5437-43C7-094F-A55B-3650B75B8E77
20.06.26 07:52:47    *SEND* for CIntegralCharsLayer, GUID=42F420E7-AE23-4000-F99E-DC409DC96531
 End:   ===== Processing Layers =====; Timer: cpu0=0.016 wall=0.013 

20.06.26 07:52:47  ===== New Time Step =====, Iter number =  4
 Start: TimeServis
 End:   TimeServis; Timer: cpu0=0.000 wall=0.001 
 Start: User modules' functions BeforeTimeStep() are calling
 End:   User modules' functions BeforeTimeStep() are calling; Timer: cpu0=0.000 wall=0.001 
 Start: Adaptation, TotalRealCellsCount= 1016 
 End:   Adaptation; Timer: cpu0=0.031 wall=0.001 
 Start: Initialize data arrays on chips
 End:   Initialize data arrays on chips, res= 0; Timer: cpu0=0.000 wall=0.001 
  ***** Maximum Geometrical Gauss = 1.63444e-15, cell= 989:0
  ***** Maximum MovingSurf  Gauss = 0, cell= 
 Start: Initialize data arrays on chips
 End:   Initialize data arrays on chips, res= 0; Timer: cpu0=0.000 wall=0.001 
 Start: TimeServis
 End:   TimeServis; Timer: cpu0=0.000 wall=0.002 
 Start: FindEnclaves
 End:   FindEnclaves; Timer: cpu0=0.000 wall=0.000 
 Start: VarValueService
 End:   VarValueService; Timer: cpu0=0.000 wall=0.000 
 Start: SolvePhaseEquation 
 End:   SolvePhaseEquation ; Timer: cpu0=0.328 wall=0.034 
 Start: SolidFiltersProcess: calculate forces and moments
 End:   SolidFiltersProcess: calculate forces and moments; Timer: cpu0=0.000 wall=0.001 
 Start: PrepareDataForNextStep
 End:   PrepareDataForNextStep; Timer: cpu0=0.000 wall=0.004 
 Start: VarValueService
 End:   VarValueService; Timer: cpu0=0.000 wall=0.000 
 Start: UpdateStopperData
 End:   UpdateStopperData; Timer: cpu0=0.000 wall=0.001 
 Start: Saving text status in E:\UniFlight\flow\full_rocket_fv\data\full_rocket.status
 End:   Saving text status in E:\UniFlight\flow\full_rocket_fv\data\full_rocket.status; Timer: cpu0=0.000 wall=0.001 
 End:   ===== Time Step =====, Iter number =  4; Timer: cpu0=0.359 wall=0.067 

20.06.26 07:52:48  ===== Processing Layers =====
20.06.26 07:52:48    *SEND* for CScalarLayer, GUID=5AEC5BFB-10CE-4F3C-B7EC-0A0B5ECD872A
 Start: ComputeVolumeCharacteristics
 End:   ComputeVolumeCharacteristics; Timer: cpu0=0.000 wall=0.002 
 Start: GetValueOnFacets
 End:   GetValueOnFacets; Timer: cpu0=0.000 wall=0.004 
20.06.26 07:52:48    *SEND* for CIntegralCharsLayer, GUID=4E090A0C-544B-E4A2-4242-BEC451D7CD2B
20.06.26 07:52:48    *SEND* for CIntegralCharsLayer, GUID=036B5437-43C7-094F-A55B-3650B75B8E77
20.06.26 07:52:48    *SEND* for CIntegralCharsLayer, GUID=42F420E7-AE23-4000-F99E-DC409DC96531
 End:   ===== Processing Layers =====; Timer: cpu0=0.141 wall=0.014 

20.06.26 07:52:48  ===== New Time Step =====, Iter number =  5
 Start: TimeServis
 End:   TimeServis; Timer: cpu0=0.000 wall=0.001 
 Start: User modules' functions BeforeTimeStep() are calling
 End:   User modules' functions BeforeTimeStep() are calling; Timer: cpu0=0.000 wall=0.000 
 Start: Adaptation, TotalRealCellsCount= 1016 
 End:   Adaptation; Timer: cpu0=0.000 wall=0.000 
 Start: Initialize data arrays on chips
 End:   Initialize data arrays on chips, res= 0; Timer: cpu0=0.000 wall=0.001 
  ***** Maximum Geometrical Gauss = 1.63444e-15, cell= 989:0
  ***** Maximum MovingSurf  Gauss = 0, cell= 
 Start: Initialize data arrays on chips
 End:   Initialize data arrays on chips, res= 0; Timer: cpu0=0.000 wall=0.000 
 Start: TimeServis
 End:   TimeServis; Timer: cpu0=0.000 wall=0.001 
 Start: FindEnclaves
 End:   FindEnclaves; Timer: cpu0=0.000 wall=0.000 
 Start: VarValueService
 End:   VarValueService; Timer: cpu0=0.000 wall=0.001 
 Start: SolvePhaseEquation 
 End:   SolvePhaseEquation ; Timer: cpu0=0.109 wall=0.035 
 Start: SolidFiltersProcess: calculate forces and moments
 End:   SolidFiltersProcess: calculate forces and moments; Timer: cpu0=0.000 wall=0.001 
 Start: PrepareDataForNextStep
 End:   PrepareDataForNextStep; Timer: cpu0=0.000 wall=0.004 
 Start: VarValueService
 End:   VarValueService; Timer: cpu0=0.000 wall=0.001 
 Start: UpdateStopperData
 End:   UpdateStopperData; Timer: cpu0=0.000 wall=0.000 
 Start: Saving text status in E:\UniFlight\flow\full_rocket_fv\data\full_rocket.status
 End:   Saving text status in E:\UniFlight\flow\full_rocket_fv\data\full_rocket.status; Timer: cpu0=0.016 wall=0.001 
 End:   ===== Time Step =====, Iter number =  5; Timer: cpu0=0.125 wall=0.067 

20.06.26 07:52:48  ===== Processing Layers =====
20.06.26 07:52:48    *SEND* for CScalarLayer, GUID=5AEC5BFB-10CE-4F3C-B7EC-0A0B5ECD872A
 Start: ComputeVolumeCharacteristics
 End:   ComputeVolumeCharacteristics; Timer: cpu0=0.000 wall=0.002 
 Start: GetValueOnFacets
 End:   GetValueOnFacets; Timer: cpu0=0.000 wall=0.003 
20.06.26 07:52:48    *SEND* for CIntegralCharsLayer, GUID=4E090A0C-544B-E4A2-4242-BEC451D7CD2B
20.06.26 07:52:48    *SEND* for CIntegralCharsLayer, GUID=036B5437-43C7-094F-A55B-3650B75B8E77
20.06.26 07:52:48    *SEND* for CIntegralCharsLayer, GUID=42F420E7-AE23-4000-F99E-DC409DC96531
 End:   ===== Processing Layers =====; Timer: cpu0=0.000 wall=0.014 

20.06.26 07:52:48  ===== New Time Step =====, Iter number =  6
 Start: TimeServis
 End:   TimeServis; Timer: cpu0=0.000 wall=0.002 
 Start: User modules' functions BeforeTimeStep() are calling
 End:   User modules' functions BeforeTimeStep() are calling; Timer: cpu0=0.000 wall=0.001 
 Start: Adaptation, TotalRealCellsCount= 1016 
 End:   Adaptation; Timer: cpu0=0.000 wall=0.000 
 Start: Initialize data arrays on chips
 End:   Initialize data arrays on chips, res= 0; Timer: cpu0=0.000 wall=0.002 
  ***** Maximum Geometrical Gauss = 1.63444e-15, cell= 989:0
  ***** Maximum MovingSurf  Gauss = 0, cell= 
 Start: Initialize data arrays on chips
 End:   Initialize data arrays on chips, res= 0; Timer: cpu0=0.000 wall=0.001 
 Start: TimeServis
 End:   TimeServis; Timer: cpu0=0.000 wall=0.002 
 Start: FindEnclaves
 End:   FindEnclaves; Timer: cpu0=0.000 wall=0.000 
 Start: VarValueService
 End:   VarValueService; Timer: cpu0=0.000 wall=0.000 
 Start: SolvePhaseEquation 
 End:   SolvePhaseEquation ; Timer: cpu0=0.141 wall=0.032 
 Start: SolidFiltersProcess: calculate forces and moments
 End:   SolidFiltersProcess: calculate forces and moments; Timer: cpu0=0.000 wall=0.001 
 Start: PrepareDataForNextStep
 End:   PrepareDataForNextStep; Timer: cpu0=0.000 wall=0.005 
 Start: VarValueService
 End:   VarValueService; Timer: cpu0=0.000 wall=0.000 
 Start: UpdateStopperData
 End:   UpdateStopperData; Timer: cpu0=0.000 wall=0.001 
 Start: Saving text status in E:\UniFlight\flow\full_rocket_fv\data\full_rocket.status
 End:   Saving text status in E:\UniFlight\flow\full_rocket_fv\data\full_rocket.status; Timer: cpu0=0.000 wall=0.001 
 End:   ===== Time Step =====, Iter number =  6; Timer: cpu0=0.281 wall=0.069 

20.06.26 07:52:49  ===== Processing Layers =====
20.06.26 07:52:49    *SEND* for CScalarLayer, GUID=5AEC5BFB-10CE-4F3C-B7EC-0A0B5ECD872A
 Start: ComputeVolumeCharacteristics
 End:   ComputeVolumeCharacteristics; Timer: cpu0=0.000 wall=0.000 
 Start: GetValueOnFacets
 End:   GetValueOnFacets; Timer: cpu0=0.000 wall=0.004 
20.06.26 07:52:49    *SEND* for CIntegralCharsLayer, GUID=4E090A0C-544B-E4A2-4242-BEC451D7CD2B
20.06.26 07:52:49    *SEND* for CIntegralCharsLayer, GUID=036B5437-43C7-094F-A55B-3650B75B8E77
20.06.26 07:52:49    *SEND* for CIntegralCharsLayer, GUID=42F420E7-AE23-4000-F99E-DC409DC96531
 End:   ===== Processing Layers =====; Timer: cpu0=0.000 wall=0.016 

20.06.26 07:52:49  ===== New Time Step =====, Iter number =  7
 Start: TimeServis
 End:   TimeServis; Timer: cpu0=0.000 wall=0.002 
 Start: User modules' functions BeforeTimeStep() are calling
 End:   User modules' functions BeforeTimeStep() are calling; Timer: cpu0=0.000 wall=0.001 
 Start: Adaptation, TotalRealCellsCount= 1016 
 End:   Adaptation; Timer: cpu0=0.000 wall=0.002 
 Start: Initialize data arrays on chips
 End:   Initialize data arrays on chips, res= 0; Timer: cpu0=0.000 wall=0.001 
  ***** Maximum Geometrical Gauss = 1.63444e-15, cell= 989:0
  ***** Maximum MovingSurf  Gauss = 0, cell= 
 Start: Initialize data arrays on chips
 End:   Initialize data arrays on chips, res= 0; Timer: cpu0=0.000 wall=0.001 
 Start: TimeServis
 End:   TimeServis; Timer: cpu0=0.000 wall=0.001 
 Start: FindEnclaves
 End:   FindEnclaves; Timer: cpu0=0.000 wall=0.001 
 Start: VarValueService
 End:   VarValueService; Timer: cpu0=0.000 wall=0.000 
 Start: SolvePhaseEquation 
 End:   SolvePhaseEquation ; Timer: cpu0=0.234 wall=0.032 
 Start: SolidFiltersProcess: calculate forces and moments
 End:   SolidFiltersProcess: calculate forces and moments; Timer: cpu0=0.000 wall=0.001 
 Start: PrepareDataForNextStep
 End:   PrepareDataForNextStep; Timer: cpu0=0.000 wall=0.004 
 Start: VarValueService
 End:   VarValueService; Timer: cpu0=0.000 wall=0.001 
 Start: UpdateStopperData
 End:   UpdateStopperData; Timer: cpu0=0.000 wall=0.001 
 Start: Saving text status in E:\UniFlight\flow\full_rocket_fv\data\full_rocket.status
 End:   Saving text status in E:\UniFlight\flow\full_rocket_fv\data\full_rocket.status; Timer: cpu0=0.000 wall=0.001 
 End:   ===== Time Step =====, Iter number =  7; Timer: cpu0=0.234 wall=0.067 

20.06.26 07:52:49  ===== Processing Layers =====
20.06.26 07:52:49    *SEND* for CScalarLayer, GUID=5AEC5BFB-10CE-4F3C-B7EC-0A0B5ECD872A
 Start: ComputeVolumeCharacteristics
 End:   ComputeVolumeCharacteristics; Timer: cpu0=0.000 wall=0.001 
 Start: GetValueOnFacets
 End:   GetValueOnFacets; Timer: cpu0=0.000 wall=0.004 
20.06.26 07:52:49    *SEND* for CIntegralCharsLayer, GUID=4E090A0C-544B-E4A2-4242-BEC451D7CD2B
20.06.26 07:52:49    *SEND* for CIntegralCharsLayer, GUID=036B5437-43C7-094F-A55B-3650B75B8E77
20.06.26 07:52:49    *SEND* for CIntegralCharsLayer, GUID=42F420E7-AE23-4000-F99E-DC409DC96531
 End:   ===== Processing Layers =====; Timer: cpu0=0.000 wall=0.014 

20.06.26 07:52:49  ===== New Time Step =====, Iter number =  8
 Start: TimeServis
 End:   TimeServis; Timer: cpu0=0.000 wall=0.001 
 Start: User modules' functions BeforeTimeStep() are calling
 End:   User modules' functions BeforeTimeStep() are calling; Timer: cpu0=0.000 wall=0.001 
 Start: Adaptation, TotalRealCellsCount= 1016 
 End:   Adaptation; Timer: cpu0=0.000 wall=0.001 
 Start: Initialize data arrays on chips
 End:   Initialize data arrays on chips, res= 0; Timer: cpu0=0.000 wall=0.000 
  ***** Maximum Geometrical Gauss = 1.63444e-15, cell= 989:0
  ***** Maximum MovingSurf  Gauss = 0, cell= 
 Start: Initialize data arrays on chips
 End:   Initialize data arrays on chips, res= 0; Timer: cpu0=0.000 wall=0.001 
 Start: TimeServis
 End:   TimeServis; Timer: cpu0=0.000 wall=0.001 
 Start: FindEnclaves
 End:   FindEnclaves; Timer: cpu0=0.000 wall=0.001 
 Start: VarValueService
 End:   VarValueService; Timer: cpu0=0.000 wall=0.001 
 Start: SolvePhaseEquation 
 End:   SolvePhaseEquation ; Timer: cpu0=0.312 wall=0.032 
 Start: SolidFiltersProcess: calculate forces and moments
 End:   SolidFiltersProcess: calculate forces and moments; Timer: cpu0=0.000 wall=0.001 
 Start: PrepareDataForNextStep
 End:   PrepareDataForNextStep; Timer: cpu0=0.016 wall=0.005 
 Start: VarValueService
 End:   VarValueService; Timer: cpu0=0.000 wall=0.001 
 Start: UpdateStopperData
 End:   UpdateStopperData; Timer: cpu0=0.000 wall=0.001 
 Start: Saving text status in E:\UniFlight\flow\full_rocket_fv\data\full_rocket.status
 End:   Saving text status in E:\UniFlight\flow\full_rocket_fv\data\full_rocket.status; Timer: cpu0=0.000 wall=0.002 
 End:   ===== Time Step =====, Iter number =  8; Timer: cpu0=0.344 wall=0.067 

20.06.26 07:52:50  ===== Processing Layers =====
20.06.26 07:52:50    *SEND* for CScalarLayer, GUID=5AEC5BFB-10CE-4F3C-B7EC-0A0B5ECD872A
 Start: ComputeVolumeCharacteristics
 End:   ComputeVolumeCharacteristics; Timer: cpu0=0.000 wall=0.001 
 Start: GetValueOnFacets
 End:   GetValueOnFacets; Timer: cpu0=0.016 wall=0.004 
20.06.26 07:52:50    *SEND* for CIntegralCharsLayer, GUID=4E090A0C-544B-E4A2-4242-BEC451D7CD2B
20.06.26 07:52:50    *SEND* for CIntegralCharsLayer, GUID=036B5437-43C7-094F-A55B-3650B75B8E77
20.06.26 07:52:50    *SEND* for CIntegralCharsLayer, GUID=42F420E7-AE23-4000-F99E-DC409DC96531
 End:   ===== Processing Layers =====; Timer: cpu0=0.016 wall=0.016 

20.06.26 07:52:50  ===== New Time Step =====, Iter number =  9
 Start: TimeServis
 End:   TimeServis; Timer: cpu0=0.000 wall=0.002 
 Start: User modules' functions BeforeTimeStep() are calling
 End:   User modules' functions BeforeTimeStep() are calling; Timer: cpu0=0.000 wall=0.000 
 Start: Adaptation, TotalRealCellsCount= 1016 
 End:   Adaptation; Timer: cpu0=0.000 wall=0.001 
 Start: Initialize data arrays on chips
 End:   Initialize data arrays on chips, res= 0; Timer: cpu0=0.000 wall=0.001 
  ***** Maximum Geometrical Gauss = 1.63444e-15, cell= 989:0
  ***** Maximum MovingSurf  Gauss = 0, cell= 
 Start: Initialize data arrays on chips
 End:   Initialize data arrays on chips, res= 0; Timer: cpu0=0.000 wall=0.000 
 Start: TimeServis
 End:   TimeServis; Timer: cpu0=0.000 wall=0.002 
 Start: FindEnclaves
 End:   FindEnclaves; Timer: cpu0=0.000 wall=0.001 
 Start: VarValueService
 End:   VarValueService; Timer: cpu0=0.000 wall=0.001 
 Start: SolvePhaseEquation 
 End:   SolvePhaseEquation ; Timer: cpu0=0.156 wall=0.031 
 Start: SolidFiltersProcess: calculate forces and moments
 End:   SolidFiltersProcess: calculate forces and moments; Timer: cpu0=0.000 wall=0.001 
 Start: PrepareDataForNextStep
 End:   PrepareDataForNextStep; Timer: cpu0=0.000 wall=0.005 
 Start: VarValueService
 End:   VarValueService; Timer: cpu0=0.000 wall=0.001 
 Start: UpdateStopperData
 End:   UpdateStopperData; Timer: cpu0=0.000 wall=0.001 
 Start: Saving text status in E:\UniFlight\flow\full_rocket_fv\data\full_rocket.status
 End:   Saving text status in E:\UniFlight\flow\full_rocket_fv\data\full_rocket.status; Timer: cpu0=0.000 wall=0.001 
 End:   ===== Time Step =====, Iter number =  9; Timer: cpu0=0.156 wall=0.067 

20.06.26 07:52:50  ===== Processing Layers =====
20.06.26 07:52:50    *SEND* for CScalarLayer, GUID=5AEC5BFB-10CE-4F3C-B7EC-0A0B5ECD872A
 Start: ComputeVolumeCharacteristics
 End:   ComputeVolumeCharacteristics; Timer: cpu0=0.000 wall=0.001 
 Start: GetValueOnFacets
 End:   GetValueOnFacets; Timer: cpu0=0.000 wall=0.004 
20.06.26 07:52:50    *SEND* for CIntegralCharsLayer, GUID=4E090A0C-544B-E4A2-4242-BEC451D7CD2B
20.06.26 07:52:50    *SEND* for CIntegralCharsLayer, GUID=036B5437-43C7-094F-A55B-3650B75B8E77
20.06.26 07:52:51    *SEND* for CIntegralCharsLayer, GUID=42F420E7-AE23-4000-F99E-DC409DC96531
 End:   ===== Processing Layers =====; Timer: cpu0=0.000 wall=0.014 

20.06.26 07:52:51  ===== New Time Step =====, Iter number =  10
 Start: TimeServis
 End:   TimeServis; Timer: cpu0=0.000 wall=0.001 
 Start: User modules' functions BeforeTimeStep() are calling
 End:   User modules' functions BeforeTimeStep() are calling; Timer: cpu0=0.000 wall=0.001 
 Start: Adaptation, TotalRealCellsCount= 1016 
 End:   Adaptation; Timer: cpu0=0.531 wall=0.077 
 Start: DistributeGridOnProcessors
 End:   DistributeGridOnProcessors, res= 0; Timer: cpu0=0.016 wall=0.021 
 Start: SetNeiHyperCells
 End:   SetNeiHyperCells, res= 0; Timer: cpu0=0.000 wall=0.002 
 Start: BuildFacetDistribution
 End:   BuildFacetDistribution; Timer: cpu0=0.000 wall=0.001 
 Start: Initialize data arrays on chips
 End:   Initialize data arrays on chips, res= 0; Timer: cpu0=0.000 wall=0.001 
  ***** Maximum Geometrical Gauss = 3.99036e-15, cell= 89:3:0
  ***** Maximum MovingSurf  Gauss = 9.2513e-15, cell= 5:1:0
 Start: Remove Small Cells
 End:   Remove Small Cells; Timer: cpu0=0.000 wall=0.002 
 Start: Initialize data arrays on chips
 End:   Initialize data arrays on chips, res= 0; Timer: cpu0=0.000 wall=0.000 
  ***** Maximum Geometrical Gauss = 3.99036e-15, cell= 89:3:0
  ***** Maximum MovingSurf  Gauss = 9.2513e-15, cell= 5:1:0
 Start: Initialize data arrays on chips
 End:   Initialize data arrays on chips, res= 0; Timer: cpu0=0.000 wall=0.001 
 Start: Modify Chip Data
 End:   Modify Chip Data; Timer: cpu0=0.000 wall=0.003 
 Start: TimeServis
 End:   TimeServis; Timer: cpu0=0.000 wall=0.005 
 Start: FindEnclaves
 End:   FindEnclaves; Timer: cpu0=0.000 wall=0.004 
 Start: VarValueService
 End:   VarValueService; Timer: cpu0=0.000 wall=0.001 
 Start: SolvePhaseEquation 
 End:   SolvePhaseEquation ; Timer: cpu0=1.016 wall=0.178 
 Start: SolidFiltersProcess: calculate forces and moments
 End:   SolidFiltersProcess: calculate forces and moments; Timer: cpu0=0.000 wall=0.002 
 Start: PrepareDataForNextStep
 End:   PrepareDataForNextStep; Timer: cpu0=0.000 wall=0.009 
 Start: VarValueService
 End:   VarValueService; Timer: cpu0=0.000 wall=0.001 
 Start: UpdateStopperData
 End:   UpdateStopperData; Timer: cpu0=0.000 wall=0.001 
 Start: Saving text status in E:\UniFlight\flow\full_rocket_fv\data\full_rocket.status
 End:   Saving text status in E:\UniFlight\flow\full_rocket_fv\data\full_rocket.status; Timer: cpu0=0.000 wall=0.002 
 End:   ===== Time Step =====, Iter number =  10; Timer: cpu0=1.578 wall=0.351 

20.06.26 07:52:51  ===== Processing Layers =====
20.06.26 07:52:51    *SEND* for CScalarLayer, GUID=5AEC5BFB-10CE-4F3C-B7EC-0A0B5ECD872A
 Start: ComputeVolumeCharacteristics
 End:   ComputeVolumeCharacteristics; Timer: cpu0=0.000 wall=0.001 
 Start: GetValueOnFacets
 End:   GetValueOnFacets; Timer: cpu0=0.000 wall=0.005 
20.06.26 07:52:51    *SEND* for CIntegralCharsLayer, GUID=4E090A0C-544B-E4A2-4242-BEC451D7CD2B
20.06.26 07:52:51    *SEND* for CIntegralCharsLayer, GUID=036B5437-43C7-094F-A55B-3650B75B8E77
20.06.26 07:52:51    *SEND* for CIntegralCharsLayer, GUID=42F420E7-AE23-4000-F99E-DC409DC96531
 End:   ===== Processing Layers =====; Timer: cpu0=0.031 wall=0.018 

20.06.26 07:52:51  ===== New Time Step =====, Iter number =  11
 Start: TimeServis
 End:   TimeServis; Timer: cpu0=0.125 wall=0.005 
 Start: User modules' functions BeforeTimeStep() are calling
 End:   User modules' functions BeforeTimeStep() are calling; Timer: cpu0=0.000 wall=0.001 
 Start: Adaptation, TotalRealCellsCount= 8025 
 End:   Adaptation; Timer: cpu0=4.219 wall=0.616 
 Start: DistributeGridOnProcessors
 End:   DistributeGridOnProcessors, res= 0; Timer: cpu0=0.453 wall=0.124 
 Start: SetNeiHyperCells
 End:   SetNeiHyperCells, res= 0; Timer: cpu0=0.000 wall=0.003 
 Start: BuildFacetDistribution
 End:   BuildFacetDistribution; Timer: cpu0=0.000 wall=0.001 
 Start: Initialize data arrays on chips
 End:   Initialize data arrays on chips, res= 0; Timer: cpu0=0.000 wall=0.001 
  ***** Maximum Geometrical Gauss = 9.02168e-15, cell= 19:3:1:0
  ***** Maximum MovingSurf  Gauss = 4.60786e-14, cell= 98:2:2:0
 Start: Remove Small Cells
 End:   Remove Small Cells; Timer: cpu0=0.109 wall=0.011 
 Start: Initialize data arrays on chips
 End:   Initialize data arrays on chips, res= 0; Timer: cpu0=0.000 wall=0.002 
  ***** Maximum Geometrical Gauss = 9.02168e-15, cell= 19:3:1:0
  ***** Maximum MovingSurf  Gauss = 4.60786e-14, cell= 98:2:2:0
 Start: Initialize data arrays on chips
 End:   Initialize data arrays on chips, res= 0; Timer: cpu0=0.000 wall=0.001 
 Start: Modify Chip Data
 End:   Modify Chip Data; Timer: cpu0=0.000 wall=0.013 
 Start: TimeServis
 End:   TimeServis; Timer: cpu0=0.344 wall=0.029 
 Start: FindEnclaves
 End:   FindEnclaves; Timer: cpu0=0.219 wall=0.049 
 Start: VarValueService
 End:   VarValueService; Timer: cpu0=0.000 wall=0.001 
 Start: SolvePhaseEquation 
 End:   SolvePhaseEquation ; Timer: cpu0=9.609 wall=1.187 
 Start: SolidFiltersProcess: calculate forces and moments
 End:   SolidFiltersProcess: calculate forces and moments; Timer: cpu0=0.000 wall=0.001 
 Start: PrepareDataForNextStep
 End:   PrepareDataForNextStep; Timer: cpu0=0.344 wall=0.029 
 Start: VarValueService
 End:   VarValueService; Timer: cpu0=0.000 wall=0.001 
 Start: UpdateStopperData
 End:   UpdateStopperData; Timer: cpu0=0.000 wall=0.000 
 Start: Saving text status in E:\UniFlight\flow\full_rocket_fv\data\full_rocket.status
 End:   Saving text status in E:\UniFlight\flow\full_rocket_fv\data\full_rocket.status; Timer: cpu0=0.000 wall=0.002 
 End:   ===== Time Step =====, Iter number =  11; Timer: cpu0=15.594 wall=2.151 

20.06.26 07:52:54  ===== Processing Layers =====
20.06.26 07:52:54    *SEND* for CScalarLayer, GUID=5AEC5BFB-10CE-4F3C-B7EC-0A0B5ECD872A
 Start: ComputeVolumeCharacteristics
 End:   ComputeVolumeCharacteristics; Timer: cpu0=0.000 wall=0.004 
 Start: GetValueOnFacets
 End:   GetValueOnFacets; Timer: cpu0=0.172 wall=0.008 
20.06.26 07:52:54    *SEND* for CIntegralCharsLayer, GUID=4E090A0C-544B-E4A2-4242-BEC451D7CD2B
20.06.26 07:52:54    *SEND* for CIntegralCharsLayer, GUID=036B5437-43C7-094F-A55B-3650B75B8E77
20.06.26 07:52:54    *SEND* for CIntegralCharsLayer, GUID=42F420E7-AE23-4000-F99E-DC409DC96531
 End:   ===== Processing Layers =====; Timer: cpu0=0.172 wall=0.026 

20.06.26 07:52:54  ===== New Time Step =====, Iter number =  12
 Start: TimeServis
 End:   TimeServis; Timer: cpu0=0.172 wall=0.027 
 Start: User modules' functions BeforeTimeStep() are calling
 End:   User modules' functions BeforeTimeStep() are calling; Timer: cpu0=0.000 wall=0.003 
 Start: Adaptation, TotalRealCellsCount= 64017 
 End:   Adaptation; Timer: cpu0=0.000 wall=0.003 
 Start: Initialize data arrays on chips
 End:   Initialize data arrays on chips, res= 0; Timer: cpu0=0.000 wall=0.001 
  ***** Maximum Geometrical Gauss = 9.02168e-15, cell= 19:3:1:0
  ***** Maximum MovingSurf  Gauss = 0, cell= 
 Start: Initialize data arrays on chips
 End:   Initialize data arrays on chips, res= 0; Timer: cpu0=0.000 wall=0.001 
 Start: TimeServis
 End:   TimeServis; Timer: cpu0=0.172 wall=0.024 
 Start: FindEnclaves
 End:   FindEnclaves; Timer: cpu0=0.016 wall=0.043 
 Start: VarValueService
 End:   VarValueService; Timer: cpu0=0.000 wall=0.001 
 Start: SolvePhaseEquation 
 End:   SolvePhaseEquation ; Timer: cpu0=8.594 wall=1.174 
 Start: SolidFiltersProcess: calculate forces and moments
 End:   SolidFiltersProcess: calculate forces and moments; Timer: cpu0=0.000 wall=0.002 
 Start: PrepareDataForNextStep
 End:   PrepareDataForNextStep; Timer: cpu0=0.234 wall=0.029 
 Start: VarValueService
 End:   VarValueService; Timer: cpu0=0.000 wall=0.001 
 Start: UpdateStopperData
 End:   UpdateStopperData; Timer: cpu0=0.000 wall=0.002 
 Start: Saving text status in E:\UniFlight\flow\full_rocket_fv\data\full_rocket.status
 End:   Saving text status in E:\UniFlight\flow\full_rocket_fv\data\full_rocket.status; Timer: cpu0=0.000 wall=0.003 
 End:   ===== Time Step =====, Iter number =  12; Timer: cpu0=9.531 wall=1.363 

20.06.26 07:52:55  ===== Processing Layers =====
20.06.26 07:52:55    *SEND* for CScalarLayer, GUID=5AEC5BFB-10CE-4F3C-B7EC-0A0B5ECD872A
 Start: ComputeVolumeCharacteristics
 End:   ComputeVolumeCharacteristics; Timer: cpu0=0.000 wall=0.004 
 Start: GetValueOnFacets
 End:   GetValueOnFacets; Timer: cpu0=0.000 wall=0.007 
20.06.26 07:52:55    *SEND* for CIntegralCharsLayer, GUID=4E090A0C-544B-E4A2-4242-BEC451D7CD2B
20.06.26 07:52:55    *SEND* for CIntegralCharsLayer, GUID=036B5437-43C7-094F-A55B-3650B75B8E77
20.06.26 07:52:55    *SEND* for CIntegralCharsLayer, GUID=42F420E7-AE23-4000-F99E-DC409DC96531
 End:   ===== Processing Layers =====; Timer: cpu0=0.172 wall=0.024 

20.06.26 07:52:55  ===== New Time Step =====, Iter number =  13
 Start: TimeServis
 End:   TimeServis; Timer: cpu0=0.344 wall=0.026 
 Start: User modules' functions BeforeTimeStep() are calling
 End:   User modules' functions BeforeTimeStep() are calling; Timer: cpu0=0.000 wall=0.002 
 Start: Adaptation, TotalRealCellsCount= 64017 
 End:   Adaptation; Timer: cpu0=0.000 wall=0.003 
 Start: Initialize data arrays on chips
 End:   Initialize data arrays on chips, res= 0; Timer: cpu0=0.000 wall=0.002 
  ***** Maximum Geometrical Gauss = 9.02168e-15, cell= 19:3:1:0
  ***** Maximum MovingSurf  Gauss = 0, cell= 
 Start: Initialize data arrays on chips
 End:   Initialize data arrays on chips, res= 0; Timer: cpu0=0.000 wall=0.002 
 Start: TimeServis
 End:   TimeServis; Timer: cpu0=0.344 wall=0.024 
 Start: FindEnclaves
 End:   FindEnclaves; Timer: cpu0=0.062 wall=0.054 
 Start: VarValueService
 End:   VarValueService; Timer: cpu0=0.000 wall=0.001 
 Start: SolvePhaseEquation 
 End:   SolvePhaseEquation ; Timer: cpu0=8.922 wall=1.175 
 Start: SolidFiltersProcess: calculate forces and moments
 End:   SolidFiltersProcess: calculate forces and moments; Timer: cpu0=0.000 wall=0.002 
 Start: PrepareDataForNextStep
 End:   PrepareDataForNextStep; Timer: cpu0=0.344 wall=0.031 
 Start: VarValueService
 End:   VarValueService; Timer: cpu0=0.000 wall=0.002 
 Start: UpdateStopperData
 End:   UpdateStopperData; Timer: cpu0=0.000 wall=0.001 
 Start: Saving text status in E:\UniFlight\flow\full_rocket_fv\data\full_rocket.status
 End:   Saving text status in E:\UniFlight\flow\full_rocket_fv\data\full_rocket.status; Timer: cpu0=0.000 wall=0.003 
 End:   ===== Time Step =====, Iter number =  13; Timer: cpu0=10.188 wall=1.381 

20.06.26 07:52:57  ===== Processing Layers =====
20.06.26 07:52:57    *SEND* for CScalarLayer, GUID=5AEC5BFB-10CE-4F3C-B7EC-0A0B5ECD872A
 Start: ComputeVolumeCharacteristics
 End:   ComputeVolumeCharacteristics; Timer: cpu0=0.000 wall=0.003 
 Start: GetValueOnFacets
 End:   GetValueOnFacets; Timer: cpu0=0.172 wall=0.006 
20.06.26 07:52:57    *SEND* for CIntegralCharsLayer, GUID=4E090A0C-544B-E4A2-4242-BEC451D7CD2B
20.06.26 07:52:57    *SEND* for CIntegralCharsLayer, GUID=036B5437-43C7-094F-A55B-3650B75B8E77
20.06.26 07:52:57    *SEND* for CIntegralCharsLayer, GUID=42F420E7-AE23-4000-F99E-DC409DC96531
 End:   ===== Processing Layers =====; Timer: cpu0=0.172 wall=0.026 

20.06.26 07:52:57  ===== New Time Step =====, Iter number =  14
 Start: TimeServis
 End:   TimeServis; Timer: cpu0=0.188 wall=0.025 
 Start: User modules' functions BeforeTimeStep() are calling
 End:   User modules' functions BeforeTimeStep() are calling; Timer: cpu0=0.000 wall=0.001 
 Start: Adaptation, TotalRealCellsCount= 64017 
 End:   Adaptation; Timer: cpu0=0.000 wall=0.003 
 Start: Initialize data arrays on chips
 End:   Initialize data arrays on chips, res= 0; Timer: cpu0=0.000 wall=0.002 
  ***** Maximum Geometrical Gauss = 9.02168e-15, cell= 19:3:1:0
  ***** Maximum MovingSurf  Gauss = 0, cell= 
 Start: Initialize data arrays on chips
 End:   Initialize data arrays on chips, res= 0; Timer: cpu0=0.156 wall=0.001 
 Start: TimeServis
 End:   TimeServis; Timer: cpu0=0.344 wall=0.027 
 Start: FindEnclaves
 End:   FindEnclaves; Timer: cpu0=0.203 wall=0.050 
 Start: VarValueService
 End:   VarValueService; Timer: cpu0=0.000 wall=0.001 
 Start: SolvePhaseEquation 
 End:   SolvePhaseEquation ; Timer: cpu0=9.375 wall=1.215 
 Start: SolidFiltersProcess: calculate forces and moments
 End:   SolidFiltersProcess: calculate forces and moments; Timer: cpu0=0.000 wall=0.002 
 Start: PrepareDataForNextStep
 End:   PrepareDataForNextStep; Timer: cpu0=0.312 wall=0.029 
 Start: VarValueService
 End:   VarValueService; Timer: cpu0=0.000 wall=0.001 
 Start: UpdateStopperData
 End:   UpdateStopperData; Timer: cpu0=0.000 wall=0.001 
 Start: Saving text status in E:\UniFlight\flow\full_rocket_fv\data\full_rocket.status
 End:   Saving text status in E:\UniFlight\flow\full_rocket_fv\data\full_rocket.status; Timer: cpu0=0.000 wall=0.002 
 End:   ===== Time Step =====, Iter number =  14; Timer: cpu0=10.578 wall=1.410 

20.06.26 07:52:59  ===== Processing Layers =====
20.06.26 07:52:59    *SEND* for CScalarLayer, GUID=5AEC5BFB-10CE-4F3C-B7EC-0A0B5ECD872A
 Start: ComputeVolumeCharacteristics
 End:   ComputeVolumeCharacteristics; Timer: cpu0=0.000 wall=0.004 
 Start: GetValueOnFacets
 End:   GetValueOnFacets; Timer: cpu0=0.000 wall=0.007 
20.06.26 07:52:59    *SEND* for CIntegralCharsLayer, GUID=4E090A0C-544B-E4A2-4242-BEC451D7CD2B
20.06.26 07:52:59    *SEND* for CIntegralCharsLayer, GUID=036B5437-43C7-094F-A55B-3650B75B8E77
20.06.26 07:52:59    *SEND* for CIntegralCharsLayer, GUID=42F420E7-AE23-4000-F99E-DC409DC96531
 End:   ===== Processing Layers =====; Timer: cpu0=0.016 wall=0.026 

20.06.26 07:52:59  ===== New Time Step =====, Iter number =  15
 Start: TimeServis
 End:   TimeServis; Timer: cpu0=0.344 wall=0.027 
 Start: User modules' functions BeforeTimeStep() are calling
 End:   User modules' functions BeforeTimeStep() are calling; Timer: cpu0=0.000 wall=0.003 
 Start: Adaptation, TotalRealCellsCount= 64017 
 End:   Adaptation; Timer: cpu0=0.000 wall=0.002 
 Start: Initialize data arrays on chips
 End:   Initialize data arrays on chips, res= 0; Timer: cpu0=0.000 wall=0.001 
  ***** Maximum Geometrical Gauss = 9.02168e-15, cell= 19:3:1:0
  ***** Maximum MovingSurf  Gauss = 0, cell= 
 Start: Initialize data arrays on chips
 End:   Initialize data arrays on chips, res= 0; Timer: cpu0=0.000 wall=0.001 
 Start: TimeServis
 End:   TimeServis; Timer: cpu0=0.344 wall=0.026 
 Start: FindEnclaves
 End:   FindEnclaves; Timer: cpu0=0.047 wall=0.052 
 Start: VarValueService
 End:   VarValueService; Timer: cpu0=0.000 wall=0.001 
 Start: SolvePhaseEquation 
 End:   SolvePhaseEquation ; Timer: cpu0=9.688 wall=1.176 
 Start: SolidFiltersProcess: calculate forces and moments
 End:   SolidFiltersProcess: calculate forces and moments; Timer: cpu0=0.000 wall=0.002 
 Start: PrepareDataForNextStep
 End:   PrepareDataForNextStep; Timer: cpu0=0.172 wall=0.030 
 Start: VarValueService
 End:   VarValueService; Timer: cpu0=0.000 wall=0.002 
 Start: UpdateStopperData
 End:   UpdateStopperData; Timer: cpu0=0.000 wall=0.001 
 Start: Saving text status in E:\UniFlight\flow\full_rocket_fv\data\full_rocket.status
 End:   Saving text status in E:\UniFlight\flow\full_rocket_fv\data\full_rocket.status; Timer: cpu0=0.000 wall=0.002 
 End:   ===== Time Step =====, Iter number =  15; Timer: cpu0=10.625 wall=1.376 

20.06.26 07:53:00  ===== Processing Layers =====
20.06.26 07:53:00    *SEND* for CScalarLayer, GUID=5AEC5BFB-10CE-4F3C-B7EC-0A0B5ECD872A
 Start: ComputeVolumeCharacteristics
 End:   ComputeVolumeCharacteristics; Timer: cpu0=0.000 wall=0.003 
 Start: GetValueOnFacets
 End:   GetValueOnFacets; Timer: cpu0=0.000 wall=0.005 
20.06.26 07:53:00    *SEND* for CIntegralCharsLayer, GUID=4E090A0C-544B-E4A2-4242-BEC451D7CD2B
20.06.26 07:53:00    *SEND* for CIntegralCharsLayer, GUID=036B5437-43C7-094F-A55B-3650B75B8E77
20.06.26 07:53:00    *SEND* for CIntegralCharsLayer, GUID=42F420E7-AE23-4000-F99E-DC409DC96531
 End:   ===== Processing Layers =====; Timer: cpu0=0.188 wall=0.023 

20.06.26 07:53:00  ===== New Time Step =====, Iter number =  16
 Start: TimeServis
 End:   TimeServis; Timer: cpu0=0.328 wall=0.028 
 Start: User modules' functions BeforeTimeStep() are calling
 End:   User modules' functions BeforeTimeStep() are calling; Timer: cpu0=0.000 wall=0.001 
 Start: Adaptation, TotalRealCellsCount= 64017 
 End:   Adaptation; Timer: cpu0=0.109 wall=0.003 
 Start: Initialize data arrays on chips
 End:   Initialize data arrays on chips, res= 0; Timer: cpu0=0.000 wall=0.002 
  ***** Maximum Geometrical Gauss = 9.02168e-15, cell= 19:3:1:0
  ***** Maximum MovingSurf  Gauss = 0, cell= 
 Start: Initialize data arrays on chips
 End:   Initialize data arrays on chips, res= 0; Timer: cpu0=0.000 wall=0.002 
 Start: TimeServis
 End:   TimeServis; Timer: cpu0=0.344 wall=0.024 
 Start: FindEnclaves
 End:   FindEnclaves; Timer: cpu0=0.047 wall=0.049 
 Start: VarValueService
 End:   VarValueService; Timer: cpu0=0.000 wall=0.001 
 Start: SolvePhaseEquation 
 End:   SolvePhaseEquation ; Timer: cpu0=9.344 wall=1.135 
 Start: SolidFiltersProcess: calculate forces and moments
 End:   SolidFiltersProcess: calculate forces and moments; Timer: cpu0=0.000 wall=0.002 
 Start: PrepareDataForNextStep
 End:   PrepareDataForNextStep; Timer: cpu0=0.203 wall=0.032 
 Start: VarValueService
 End:   VarValueService; Timer: cpu0=0.000 wall=0.001 
 Start: UpdateStopperData
 End:   UpdateStopperData; Timer: cpu0=0.000 wall=0.001 
 Start: Saving text status in E:\UniFlight\flow\full_rocket_fv\data\full_rocket.status
 End:   Saving text status in E:\UniFlight\flow\full_rocket_fv\data\full_rocket.status; Timer: cpu0=0.000 wall=0.003 
 End:   ===== Time Step =====, Iter number =  16; Timer: cpu0=10.391 wall=1.339 

20.06.26 07:53:02  ===== Processing Layers =====
20.06.26 07:53:02    *SEND* for CScalarLayer, GUID=5AEC5BFB-10CE-4F3C-B7EC-0A0B5ECD872A
 Start: ComputeVolumeCharacteristics
 End:   ComputeVolumeCharacteristics; Timer: cpu0=0.000 wall=0.004 
 Start: GetValueOnFacets
 End:   GetValueOnFacets; Timer: cpu0=0.172 wall=0.007 
20.06.26 07:53:02    *SEND* for CIntegralCharsLayer, GUID=4E090A0C-544B-E4A2-4242-BEC451D7CD2B
20.06.26 07:53:02    *SEND* for CIntegralCharsLayer, GUID=036B5437-43C7-094F-A55B-3650B75B8E77
20.06.26 07:53:02    *SEND* for CIntegralCharsLayer, GUID=42F420E7-AE23-4000-F99E-DC409DC96531
 End:   ===== Processing Layers =====; Timer: cpu0=0.172 wall=0.028 

20.06.26 07:53:02  ===== New Time Step =====, Iter number =  17
 Start: TimeServis
 End:   TimeServis; Timer: cpu0=0.172 wall=0.027 
 Start: User modules' functions BeforeTimeStep() are calling
 End:   User modules' functions BeforeTimeStep() are calling; Timer: cpu0=0.000 wall=0.001 
 Start: Adaptation, TotalRealCellsCount= 64017 
 End:   Adaptation; Timer: cpu0=0.000 wall=0.003 
 Start: Initialize data arrays on chips
 End:   Initialize data arrays on chips, res= 0; Timer: cpu0=0.000 wall=0.001 
  ***** Maximum Geometrical Gauss = 9.02168e-15, cell= 19:3:1:0
  ***** Maximum MovingSurf  Gauss = 0, cell= 
 Start: Initialize data arrays on chips
 End:   Initialize data arrays on chips, res= 0; Timer: cpu0=0.000 wall=0.002 
 Start: TimeServis
 End:   TimeServis; Timer: cpu0=0.172 wall=0.026 
 Start: FindEnclaves
 End:   FindEnclaves; Timer: cpu0=0.031 wall=0.041 
 Start: VarValueService
 End:   VarValueService; Timer: cpu0=0.000 wall=0.001 
 Start: SolvePhaseEquation 
 End:   SolvePhaseEquation ; Timer: cpu0=9.750 wall=1.154 
 Start: SolidFiltersProcess: calculate forces and moments
 End:   SolidFiltersProcess: calculate forces and moments; Timer: cpu0=0.000 wall=0.002 
 Start: PrepareDataForNextStep
 End:   PrepareDataForNextStep; Timer: cpu0=0.094 wall=0.027 
 Start: VarValueService
 End:   VarValueService; Timer: cpu0=0.000 wall=0.001 
 Start: UpdateStopperData
 End:   UpdateStopperData; Timer: cpu0=0.000 wall=0.000 
 Start: Saving text status in E:\UniFlight\flow\full_rocket_fv\data\full_rocket.status
 End:   Saving text status in E:\UniFlight\flow\full_rocket_fv\data\full_rocket.status; Timer: cpu0=0.000 wall=0.003 
 End:   ===== Time Step =====, Iter number =  17; Timer: cpu0=10.219 wall=1.340 

20.06.26 07:53:04  ===== Processing Layers =====
20.06.26 07:53:04    *SEND* for CScalarLayer, GUID=5AEC5BFB-10CE-4F3C-B7EC-0A0B5ECD872A
 Start: ComputeVolumeCharacteristics
 End:   ComputeVolumeCharacteristics; Timer: cpu0=0.000 wall=0.003 
 Start: GetValueOnFacets
 End:   GetValueOnFacets; Timer: cpu0=0.000 wall=0.006 
20.06.26 07:53:04    *SEND* for CIntegralCharsLayer, GUID=4E090A0C-544B-E4A2-4242-BEC451D7CD2B
20.06.26 07:53:04    *SEND* for CIntegralCharsLayer, GUID=036B5437-43C7-094F-A55B-3650B75B8E77
20.06.26 07:53:04    *SEND* for CIntegralCharsLayer, GUID=42F420E7-AE23-4000-F99E-DC409DC96531
 End:   ===== Processing Layers =====; Timer: cpu0=0.156 wall=0.023 

20.06.26 07:53:04  ===== New Time Step =====, Iter number =  18
 Start: TimeServis
 End:   TimeServis; Timer: cpu0=0.344 wall=0.027 
 Start: User modules' functions BeforeTimeStep() are calling
 End:   User modules' functions BeforeTimeStep() are calling; Timer: cpu0=0.000 wall=0.003 
 Start: Adaptation, TotalRealCellsCount= 64017 
 End:   Adaptation; Timer: cpu0=0.172 wall=0.003 
 Start: Initialize data arrays on chips
 End:   Initialize data arrays on chips, res= 0; Timer: cpu0=0.000 wall=0.003 
  ***** Maximum Geometrical Gauss = 9.02168e-15, cell= 19:3:1:0
  ***** Maximum MovingSurf  Gauss = 0, cell= 
 Start: Initialize data arrays on chips
 End:   Initialize data arrays on chips, res= 0; Timer: cpu0=0.000 wall=0.002 
 Start: TimeServis
 End:   TimeServis; Timer: cpu0=0.344 wall=0.026 
 Start: FindEnclaves
 End:   FindEnclaves; Timer: cpu0=0.047 wall=0.042 
 Start: VarValueService
 End:   VarValueService; Timer: cpu0=0.000 wall=0.000 
 Start: SolvePhaseEquation 
 End:   SolvePhaseEquation ; Timer: cpu0=9.031 wall=1.168 
 Start: SolidFiltersProcess: calculate forces and moments
 End:   SolidFiltersProcess: calculate forces and moments; Timer: cpu0=0.000 wall=0.002 
 Start: PrepareDataForNextStep
 End:   PrepareDataForNextStep; Timer: cpu0=0.328 wall=0.026 
 Start: VarValueService
 End:   VarValueService; Timer: cpu0=0.000 wall=0.001 
 Start: UpdateStopperData
 End:   UpdateStopperData; Timer: cpu0=0.000 wall=0.001 
 Start: Saving text status in E:\UniFlight\flow\full_rocket_fv\data\full_rocket.status
 End:   Saving text status in E:\UniFlight\flow\full_rocket_fv\data\full_rocket.status; Timer: cpu0=0.000 wall=0.002 
 End:   ===== Time Step =====, Iter number =  18; Timer: cpu0=10.438 wall=1.351 

20.06.26 07:53:05  ===== Processing Layers =====
20.06.26 07:53:05    *SEND* for CScalarLayer, GUID=5AEC5BFB-10CE-4F3C-B7EC-0A0B5ECD872A
 Start: ComputeVolumeCharacteristics
 End:   ComputeVolumeCharacteristics; Timer: cpu0=0.000 wall=0.003 
 Start: GetValueOnFacets
 End:   GetValueOnFacets; Timer: cpu0=0.000 wall=0.007 
20.06.26 07:53:05    *SEND* for CIntegralCharsLayer, GUID=4E090A0C-544B-E4A2-4242-BEC451D7CD2B
20.06.26 07:53:05    *SEND* for CIntegralCharsLayer, GUID=036B5437-43C7-094F-A55B-3650B75B8E77
20.06.26 07:53:05    *SEND* for CIntegralCharsLayer, GUID=42F420E7-AE23-4000-F99E-DC409DC96531
 End:   ===== Processing Layers =====; Timer: cpu0=0.000 wall=0.026 

20.06.26 07:53:05  ===== New Time Step =====, Iter number =  19
 Start: TimeServis
 End:   TimeServis; Timer: cpu0=0.203 wall=0.027 
 Start: User modules' functions BeforeTimeStep() are calling
 End:   User modules' functions BeforeTimeStep() are calling; Timer: cpu0=0.000 wall=0.001 
 Start: Adaptation, TotalRealCellsCount= 64017 
 End:   Adaptation; Timer: cpu0=0.000 wall=0.002 
 Start: Initialize data arrays on chips
 End:   Initialize data arrays on chips, res= 0; Timer: cpu0=0.000 wall=0.001 
  ***** Maximum Geometrical Gauss = 9.02168e-15, cell= 19:3:1:0
  ***** Maximum MovingSurf  Gauss = 0, cell= 
 Start: Initialize data arrays on chips
 End:   Initialize data arrays on chips, res= 0; Timer: cpu0=0.000 wall=0.002 
 Start: TimeServis
 End:   TimeServis; Timer: cpu0=0.172 wall=0.025 
 Start: FindEnclaves
 End:   FindEnclaves; Timer: cpu0=0.047 wall=0.044 
 Start: VarValueService
 End:   VarValueService; Timer: cpu0=0.000 wall=0.001 
 Start: SolvePhaseEquation 
 End:   SolvePhaseEquation ; Timer: cpu0=9.641 wall=1.132 
 Start: SolidFiltersProcess: calculate forces and moments
 End:   SolidFiltersProcess: calculate forces and moments; Timer: cpu0=0.000 wall=0.002 
 Start: PrepareDataForNextStep
 End:   PrepareDataForNextStep; Timer: cpu0=0.328 wall=0.027 
 Start: VarValueService
 End:   VarValueService; Timer: cpu0=0.000 wall=0.001 
 Start: UpdateStopperData
 End:   UpdateStopperData; Timer: cpu0=0.000 wall=0.001 
 Start: Saving text status in E:\UniFlight\flow\full_rocket_fv\data\full_rocket.status
 End:   Saving text status in E:\UniFlight\flow\full_rocket_fv\data\full_rocket.status; Timer: cpu0=0.000 wall=0.002 
 End:   ===== Time Step =====, Iter number =  19; Timer: cpu0=10.562 wall=1.324 

20.06.26 07:53:07  ===== Processing Layers =====
20.06.26 07:53:07    *SEND* for CScalarLayer, GUID=5AEC5BFB-10CE-4F3C-B7EC-0A0B5ECD872A
 Start: ComputeVolumeCharacteristics
 End:   ComputeVolumeCharacteristics; Timer: cpu0=0.156 wall=0.003 
 Start: GetValueOnFacets
 End:   GetValueOnFacets; Timer: cpu0=0.000 wall=0.007 
20.06.26 07:53:07    *SEND* for CIntegralCharsLayer, GUID=4E090A0C-544B-E4A2-4242-BEC451D7CD2B
20.06.26 07:53:07    *SEND* for CIntegralCharsLayer, GUID=036B5437-43C7-094F-A55B-3650B75B8E77
20.06.26 07:53:07    *SEND* for CIntegralCharsLayer, GUID=42F420E7-AE23-4000-F99E-DC409DC96531
 End:   ===== Processing Layers =====; Timer: cpu0=0.156 wall=0.025 

20.06.26 07:53:07  ===== New Time Step =====, Iter number =  20
 Start: TimeServis
 End:   TimeServis; Timer: cpu0=0.312 wall=0.025 
 Start: User modules' functions BeforeTimeStep() are calling
 End:   User modules' functions BeforeTimeStep() are calling; Timer: cpu0=0.000 wall=0.001 
 Start: Adaptation, TotalRealCellsCount= 64017 
 End:   Adaptation; Timer: cpu0=0.891 wall=0.129 
 Start: Initialize data arrays on chips
 End:   Initialize data arrays on chips, res= 0; Timer: cpu0=0.000 wall=0.002 
  ***** Maximum Geometrical Gauss = 9.02168e-15, cell= 19:3:1:0
  ***** Maximum MovingSurf  Gauss = 2.13492e-14, cell= 900:4:4:0
 Start: Remove Small Cells
 End:   Remove Small Cells; Timer: cpu0=0.047 wall=0.012 
 Start: Initialize data arrays on chips
 End:   Initialize data arrays on chips, res= 0; Timer: cpu0=0.000 wall=0.002 
  ***** Maximum Geometrical Gauss = 9.02168e-15, cell= 19:3:1:0
  ***** Maximum MovingSurf  Gauss = 2.13492e-14, cell= 900:4:4:0
 Start: Initialize data arrays on chips
 End:   Initialize data arrays on chips, res= 0; Timer: cpu0=0.000 wall=0.002 
 Start: Modify Chip Data
 End:   Modify Chip Data; Timer: cpu0=0.172 wall=0.011 
 Start: TimeServis
 End:   TimeServis; Timer: cpu0=0.172 wall=0.030 
 Start: FindEnclaves
 End:   FindEnclaves; Timer: cpu0=0.047 wall=0.052 
 Start: VarValueService
 End:   VarValueService; Timer: cpu0=0.000 wall=0.002 
 Start: SolvePhaseEquation 
 End:   SolvePhaseEquation ; Timer: cpu0=9.922 wall=1.197 
 Start: SolidFiltersProcess: calculate forces and moments
 End:   SolidFiltersProcess: calculate forces and moments; Timer: cpu0=0.000 wall=0.002 
 Start: PrepareDataForNextStep
 End:   PrepareDataForNextStep; Timer: cpu0=0.172 wall=0.035 
 Start: VarValueService
 End:   VarValueService; Timer: cpu0=0.000 wall=0.001 
 Start: UpdateStopperData
 End:   UpdateStopperData; Timer: cpu0=0.000 wall=0.002 
 Start: Saving text status in E:\UniFlight\flow\full_rocket_fv\data\full_rocket.status
 End:   Saving text status in E:\UniFlight\flow\full_rocket_fv\data\full_rocket.status; Timer: cpu0=0.000 wall=0.003 
 End:   ===== Time Step =====, Iter number =  20; Timer: cpu0=11.891 wall=1.578 

20.06.26 07:53:09  ===== Processing Layers =====
20.06.26 07:53:09    *SEND* for CScalarLayer, GUID=5AEC5BFB-10CE-4F3C-B7EC-0A0B5ECD872A
 Start: ComputeVolumeCharacteristics
 End:   ComputeVolumeCharacteristics; Timer: cpu0=0.000 wall=0.003 
 Start: GetValueOnFacets
 End:   GetValueOnFacets; Timer: cpu0=0.000 wall=0.007 
20.06.26 07:53:09    *SEND* for CIntegralCharsLayer, GUID=4E090A0C-544B-E4A2-4242-BEC451D7CD2B
20.06.26 07:53:09    *SEND* for CIntegralCharsLayer, GUID=036B5437-43C7-094F-A55B-3650B75B8E77
20.06.26 07:53:09    *SEND* for CIntegralCharsLayer, GUID=42F420E7-AE23-4000-F99E-DC409DC96531
 End:   ===== Processing Layers =====; Timer: cpu0=0.000 wall=0.024 

20.06.26 07:53:09  ===== New Time Step =====, Iter number =  21
 Start: TimeServis
 End:   TimeServis; Timer: cpu0=0.344 wall=0.028 
 Start: User modules' functions BeforeTimeStep() are calling
 End:   User modules' functions BeforeTimeStep() are calling; Timer: cpu0=0.000 wall=0.001 
 Start: Adaptation, TotalRealCellsCount= 64089 
 End:   Adaptation; Timer: cpu0=0.391 wall=0.088 
 Start: Initialize data arrays on chips
 End:   Initialize data arrays on chips, res= 0; Timer: cpu0=0.000 wall=0.002 
  ***** Maximum Geometrical Gauss = 9.02168e-15, cell= 19:3:1:0
  ***** Maximum MovingSurf  Gauss = 0, cell= 
 Start: Initialize data arrays on chips
 End:   Initialize data arrays on chips, res= 0; Timer: cpu0=0.000 wall=0.002 
 Start: TimeServis
 End:   TimeServis; Timer: cpu0=0.234 wall=0.026 
 Start: FindEnclaves
 End:   FindEnclaves; Timer: cpu0=0.047 wall=0.049 
 Start: VarValueService
 End:   VarValueService; Timer: cpu0=0.000 wall=0.001 
 Start: SolvePhaseEquation 
 End:   SolvePhaseEquation ; Timer: cpu0=9.609 wall=1.149 
 Start: SolidFiltersProcess: calculate forces and moments
 End:   SolidFiltersProcess: calculate forces and moments; Timer: cpu0=0.000 wall=0.002 
 Start: PrepareDataForNextStep
 End:   PrepareDataForNextStep; Timer: cpu0=0.156 wall=0.027 
 Start: VarValueService
 End:   VarValueService; Timer: cpu0=0.000 wall=0.002 
 Start: UpdateStopperData
 End:   UpdateStopperData; Timer: cpu0=0.000 wall=0.001 
 Start: Saving text status in E:\UniFlight\flow\full_rocket_fv\data\full_rocket.status
 End:   Saving text status in E:\UniFlight\flow\full_rocket_fv\data\full_rocket.status; Timer: cpu0=0.000 wall=0.002 
 End:   ===== Time Step =====, Iter number =  21; Timer: cpu0=10.953 wall=1.435 

20.06.26 07:53:10  ===== Processing Layers =====
20.06.26 07:53:10    *SEND* for CScalarLayer, GUID=5AEC5BFB-10CE-4F3C-B7EC-0A0B5ECD872A
 Start: ComputeVolumeCharacteristics
 End:   ComputeVolumeCharacteristics; Timer: cpu0=0.000 wall=0.004 
 Start: GetValueOnFacets
 End:   GetValueOnFacets; Timer: cpu0=0.000 wall=0.007 
20.06.26 07:53:10    *SEND* for CIntegralCharsLayer, GUID=4E090A0C-544B-E4A2-4242-BEC451D7CD2B
20.06.26 07:53:10    *SEND* for CIntegralCharsLayer, GUID=036B5437-43C7-094F-A55B-3650B75B8E77
20.06.26 07:53:10    *SEND* for CIntegralCharsLayer, GUID=42F420E7-AE23-4000-F99E-DC409DC96531
 End:   ===== Processing Layers =====; Timer: cpu0=0.156 wall=0.025 

20.06.26 07:53:10  ===== New Time Step =====, Iter number =  22
 Start: TimeServis
 End:   TimeServis; Timer: cpu0=0.328 wall=0.027 
 Start: User modules' functions BeforeTimeStep() are calling
 End:   User modules' functions BeforeTimeStep() are calling; Timer: cpu0=0.000 wall=0.001 
 Start: Adaptation, TotalRealCellsCount= 64089 
 End:   Adaptation; Timer: cpu0=0.000 wall=0.003 
 Start: Initialize data arrays on chips
 End:   Initialize data arrays on chips, res= 0; Timer: cpu0=0.000 wall=0.001 
  ***** Maximum Geometrical Gauss = 9.02168e-15, cell= 19:3:1:0
  ***** Maximum MovingSurf  Gauss = 0, cell= 
 Start: Initialize data arrays on chips
 End:   Initialize data arrays on chips, res= 0; Timer: cpu0=0.000 wall=0.001 
 Start: TimeServis
 End:   TimeServis; Timer: cpu0=0.344 wall=0.025 
 Start: FindEnclaves
 End:   FindEnclaves; Timer: cpu0=0.047 wall=0.051 
 Start: VarValueService
 End:   VarValueService; Timer: cpu0=0.000 wall=0.002 
 Start: SolvePhaseEquation 
 End:   SolvePhaseEquation ; Timer: cpu0=8.828 wall=1.136 
 Start: SolidFiltersProcess: calculate forces and moments
 End:   SolidFiltersProcess: calculate forces and moments; Timer: cpu0=0.000 wall=0.002 
 Start: PrepareDataForNextStep
 End:   PrepareDataForNextStep; Timer: cpu0=0.328 wall=0.027 
 Start: VarValueService
 End:   VarValueService; Timer: cpu0=0.000 wall=0.002 
 Start: UpdateStopperData
 End:   UpdateStopperData; Timer: cpu0=0.000 wall=0.001 
 Start: Saving text status in E:\UniFlight\flow\full_rocket_fv\data\full_rocket.status
 End:   Saving text status in E:\UniFlight\flow\full_rocket_fv\data\full_rocket.status; Timer: cpu0=0.000 wall=0.003 
 End:   ===== Time Step =====, Iter number =  22; Timer: cpu0=9.875 wall=1.332 

20.06.26 07:53:12  ===== Processing Layers =====
20.06.26 07:53:12    *SEND* for CScalarLayer, GUID=5AEC5BFB-10CE-4F3C-B7EC-0A0B5ECD872A
 Start: ComputeVolumeCharacteristics
 End:   ComputeVolumeCharacteristics; Timer: cpu0=0.000 wall=0.004 
 Start: GetValueOnFacets
 End:   GetValueOnFacets; Timer: cpu0=0.016 wall=0.007 
20.06.26 07:53:12    *SEND* for CIntegralCharsLayer, GUID=4E090A0C-544B-E4A2-4242-BEC451D7CD2B
20.06.26 07:53:12    *SEND* for CIntegralCharsLayer, GUID=036B5437-43C7-094F-A55B-3650B75B8E77
20.06.26 07:53:12    *SEND* for CIntegralCharsLayer, GUID=42F420E7-AE23-4000-F99E-DC409DC96531
 End:   ===== Processing Layers =====; Timer: cpu0=0.016 wall=0.026 

20.06.26 07:53:12  ===== New Time Step =====, Iter number =  23
 Start: TimeServis
 End:   TimeServis; Timer: cpu0=0.172 wall=0.027 
 Start: User modules' functions BeforeTimeStep() are calling
 End:   User modules' functions BeforeTimeStep() are calling; Timer: cpu0=0.000 wall=0.001 
 Start: Adaptation, TotalRealCellsCount= 64089 
 End:   Adaptation; Timer: cpu0=0.000 wall=0.003 
 Start: Initialize data arrays on chips
 End:   Initialize data arrays on chips, res= 0; Timer: cpu0=0.000 wall=0.002 
  ***** Maximum Geometrical Gauss = 9.02168e-15, cell= 19:3:1:0
  ***** Maximum MovingSurf  Gauss = 0, cell= 
 Start: Initialize data arrays on chips
 End:   Initialize data arrays on chips, res= 0; Timer: cpu0=0.000 wall=0.002 
 Start: TimeServis
 End:   TimeServis; Timer: cpu0=0.172 wall=0.025 
 Start: FindEnclaves
 End:   FindEnclaves; Timer: cpu0=0.031 wall=0.046 
 Start: VarValueService
 End:   VarValueService; Timer: cpu0=0.000 wall=0.001 
 Start: SolvePhaseEquation 
 End:   SolvePhaseEquation ; Timer: cpu0=9.062 wall=1.125 
 Start: SolidFiltersProcess: calculate forces and moments
 End:   SolidFiltersProcess: calculate forces and moments; Timer: cpu0=0.000 wall=0.001 
 Start: PrepareDataForNextStep
 End:   PrepareDataForNextStep; Timer: cpu0=0.344 wall=0.029 
 Start: VarValueService
 End:   VarValueService; Timer: cpu0=0.000 wall=0.001 
 Start: UpdateStopperData
 End:   UpdateStopperData; Timer: cpu0=0.000 wall=0.001 
 Start: Saving text status in E:\UniFlight\flow\full_rocket_fv\data\full_rocket.status
 End:   Saving text status in E:\UniFlight\flow\full_rocket_fv\data\full_rocket.status; Timer: cpu0=0.000 wall=0.003 
 End:   ===== Time Step =====, Iter number =  23; Timer: cpu0=10.078 wall=1.318 

20.06.26 07:53:14  ===== Processing Layers =====
20.06.26 07:53:14    *SEND* for CScalarLayer, GUID=5AEC5BFB-10CE-4F3C-B7EC-0A0B5ECD872A
 Start: ComputeVolumeCharacteristics
 End:   ComputeVolumeCharacteristics; Timer: cpu0=0.172 wall=0.002 
 Start: GetValueOnFacets
 End:   GetValueOnFacets; Timer: cpu0=0.000 wall=0.006 
20.06.26 07:53:14    *SEND* for CIntegralCharsLayer, GUID=4E090A0C-544B-E4A2-4242-BEC451D7CD2B
20.06.26 07:53:14    *SEND* for CIntegralCharsLayer, GUID=036B5437-43C7-094F-A55B-3650B75B8E77
20.06.26 07:53:14    *SEND* for CIntegralCharsLayer, GUID=42F420E7-AE23-4000-F99E-DC409DC96531
 End:   ===== Processing Layers =====; Timer: cpu0=0.188 wall=0.023 

20.06.26 07:53:14  ===== New Time Step =====, Iter number =  24
 Start: TimeServis
 End:   TimeServis; Timer: cpu0=0.344 wall=0.026 
 Start: User modules' functions BeforeTimeStep() are calling
 End:   User modules' functions BeforeTimeStep() are calling; Timer: cpu0=0.000 wall=0.002 
 Start: Adaptation, TotalRealCellsCount= 64089 
 End:   Adaptation; Timer: cpu0=0.000 wall=0.003 
 Start: Initialize data arrays on chips
 End:   Initialize data arrays on chips, res= 0; Timer: cpu0=0.000 wall=0.001 
  ***** Maximum Geometrical Gauss = 9.02168e-15, cell= 19:3:1:0
  ***** Maximum MovingSurf  Gauss = 0, cell= 
 Start: Initialize data arrays on chips
 End:   Initialize data arrays on chips, res= 0; Timer: cpu0=0.000 wall=0.001 
 Start: TimeServis
 End:   TimeServis; Timer: cpu0=0.234 wall=0.025 
 Start: FindEnclaves
 End:   FindEnclaves; Timer: cpu0=0.047 wall=0.045 
 Start: VarValueService
 End:   VarValueService; Timer: cpu0=0.000 wall=0.001 
 Start: SolvePhaseEquation 
 End:   SolvePhaseEquation ; Timer: cpu0=8.297 wall=1.150 
 Start: SolidFiltersProcess: calculate forces and moments
 End:   SolidFiltersProcess: calculate forces and moments; Timer: cpu0=0.000 wall=0.002 
 Start: PrepareDataForNextStep
 End:   PrepareDataForNextStep; Timer: cpu0=0.141 wall=0.033 
 Start: VarValueService
 End:   VarValueService; Timer: cpu0=0.000 wall=0.001 
 Start: UpdateStopperData
 End:   UpdateStopperData; Timer: cpu0=0.000 wall=0.001 
 Start: Saving text status in E:\UniFlight\flow\full_rocket_fv\data\full_rocket.status
 End:   Saving text status in E:\UniFlight\flow\full_rocket_fv\data\full_rocket.status; Timer: cpu0=0.000 wall=0.003 
 End:   ===== Time Step =====, Iter number =  24; Timer: cpu0=9.203 wall=1.347 

20.06.26 07:53:15  ===== Processing Layers =====
20.06.26 07:53:15    *SEND* for CScalarLayer, GUID=5AEC5BFB-10CE-4F3C-B7EC-0A0B5ECD872A
 Start: ComputeVolumeCharacteristics
 End:   ComputeVolumeCharacteristics; Timer: cpu0=0.000 wall=0.003 
 Start: GetValueOnFacets
 End:   GetValueOnFacets; Timer: cpu0=0.000 wall=0.007 
20.06.26 07:53:15    *SEND* for CIntegralCharsLayer, GUID=4E090A0C-544B-E4A2-4242-BEC451D7CD2B
20.06.26 07:53:15    *SEND* for CIntegralCharsLayer, GUID=036B5437-43C7-094F-A55B-3650B75B8E77
20.06.26 07:53:15    *SEND* for CIntegralCharsLayer, GUID=42F420E7-AE23-4000-F99E-DC409DC96531
 End:   ===== Processing Layers =====; Timer: cpu0=0.000 wall=0.025 

20.06.26 07:53:15  ===== New Time Step =====, Iter number =  25
 Start: TimeServis
 End:   TimeServis; Timer: cpu0=0.188 wall=0.026 
 Start: User modules' functions BeforeTimeStep() are calling
 End:   User modules' functions BeforeTimeStep() are calling; Timer: cpu0=0.000 wall=0.003 
 Start: Adaptation, TotalRealCellsCount= 64089 
 End:   Adaptation; Timer: cpu0=0.000 wall=0.003 
 Start: Initialize data arrays on chips
 End:   Initialize data arrays on chips, res= 0; Timer: cpu0=0.000 wall=0.001 
  ***** Maximum Geometrical Gauss = 9.02168e-15, cell= 19:3:1:0
  ***** Maximum MovingSurf  Gauss = 0, cell= 
 Start: Initialize data arrays on chips
 End:   Initialize data arrays on chips, res= 0; Timer: cpu0=0.000 wall=0.002 
 Start: TimeServis
 End:   TimeServis; Timer: cpu0=0.250 wall=0.026 
 Start: FindEnclaves
 End:   FindEnclaves; Timer: cpu0=0.047 wall=0.054 
 Start: VarValueService
 End:   VarValueService; Timer: cpu0=0.000 wall=0.001 
 Start: SolvePhaseEquation 
 End:   SolvePhaseEquation ; Timer: cpu0=9.516 wall=1.139 
 Start: SolidFiltersProcess: calculate forces and moments
 End:   SolidFiltersProcess: calculate forces and moments; Timer: cpu0=0.000 wall=0.002 
 Start: PrepareDataForNextStep
 End:   PrepareDataForNextStep; Timer: cpu0=0.234 wall=0.030 
 Start: VarValueService
 End:   VarValueService; Timer: cpu0=0.000 wall=0.002 
 Start: UpdateStopperData
 End:   UpdateStopperData; Timer: cpu0=0.000 wall=0.001 
 Start: Saving text status in E:\UniFlight\flow\full_rocket_fv\data\full_rocket.status
 End:   Saving text status in E:\UniFlight\flow\full_rocket_fv\data\full_rocket.status; Timer: cpu0=0.000 wall=0.003 
 End:   ===== Time Step =====, Iter number =  25; Timer: cpu0=10.406 wall=1.343 

20.06.26 07:53:17  ===== Processing Layers =====
20.06.26 07:53:17    *SEND* for CScalarLayer, GUID=5AEC5BFB-10CE-4F3C-B7EC-0A0B5ECD872A
 Start: ComputeVolumeCharacteristics
 End:   ComputeVolumeCharacteristics; Timer: cpu0=0.000 wall=0.004 
 Start: GetValueOnFacets
 End:   GetValueOnFacets; Timer: cpu0=0.016 wall=0.006 
20.06.26 07:53:17    *SEND* for CIntegralCharsLayer, GUID=4E090A0C-544B-E4A2-4242-BEC451D7CD2B
20.06.26 07:53:17    *SEND* for CIntegralCharsLayer, GUID=036B5437-43C7-094F-A55B-3650B75B8E77
20.06.26 07:53:17    *SEND* for CIntegralCharsLayer, GUID=42F420E7-AE23-4000-F99E-DC409DC96531
 End:   ===== Processing Layers =====; Timer: cpu0=0.016 wall=0.023 

20.06.26 07:53:17  ===== New Time Step =====, Iter number =  26
 Start: TimeServis
 End:   TimeServis; Timer: cpu0=0.219 wall=0.029 
 Start: User modules' functions BeforeTimeStep() are calling
 End:   User modules' functions BeforeTimeStep() are calling; Timer: cpu0=0.000 wall=0.001 
 Start: Adaptation, TotalRealCellsCount= 64089 
 End:   Adaptation; Timer: cpu0=0.000 wall=0.003 
 Start: Initialize data arrays on chips
 End:   Initialize data arrays on chips, res= 0; Timer: cpu0=0.000 wall=0.002 
  ***** Maximum Geometrical Gauss = 9.02168e-15, cell= 19:3:1:0
  ***** Maximum MovingSurf  Gauss = 0, cell= 
 Start: Initialize data arrays on chips
 End:   Initialize data arrays on chips, res= 0; Timer: cpu0=0.000 wall=0.001 
 Start: TimeServis
 End:   TimeServis; Timer: cpu0=0.172 wall=0.025 
 Start: FindEnclaves
 End:   FindEnclaves; Timer: cpu0=0.016 wall=0.045 
 Start: VarValueService
 End:   VarValueService; Timer: cpu0=0.000 wall=0.001 
 Start: SolvePhaseEquation 
 End:   SolvePhaseEquation ; Timer: cpu0=8.891 wall=1.140 
 Start: SolidFiltersProcess: calculate forces and moments
 End:   SolidFiltersProcess: calculate forces and moments; Timer: cpu0=0.000 wall=0.002 
 Start: PrepareDataForNextStep
 End:   PrepareDataForNextStep; Timer: cpu0=0.234 wall=0.029 
 Start: VarValueService
 End:   VarValueService; Timer: cpu0=0.000 wall=0.001 
 Start: UpdateStopperData
 End:   UpdateStopperData; Timer: cpu0=0.000 wall=0.000 
 Start: Saving text status in E:\UniFlight\flow\full_rocket_fv\data\full_rocket.status
 End:   Saving text status in E:\UniFlight\flow\full_rocket_fv\data\full_rocket.status; Timer: cpu0=0.000 wall=0.002 
 End:   ===== Time Step =====, Iter number =  26; Timer: cpu0=9.703 wall=1.329 

20.06.26 07:53:18  ===== Processing Layers =====
20.06.26 07:53:18    *SEND* for CScalarLayer, GUID=5AEC5BFB-10CE-4F3C-B7EC-0A0B5ECD872A
 Start: ComputeVolumeCharacteristics
 End:   ComputeVolumeCharacteristics; Timer: cpu0=0.000 wall=0.003 
 Start: GetValueOnFacets
 End:   GetValueOnFacets; Timer: cpu0=0.000 wall=0.006 
20.06.26 07:53:19    *SEND* for CIntegralCharsLayer, GUID=4E090A0C-544B-E4A2-4242-BEC451D7CD2B
20.06.26 07:53:19    *SEND* for CIntegralCharsLayer, GUID=036B5437-43C7-094F-A55B-3650B75B8E77
20.06.26 07:53:19    *SEND* for CIntegralCharsLayer, GUID=42F420E7-AE23-4000-F99E-DC409DC96531
 End:   ===== Processing Layers =====; Timer: cpu0=0.172 wall=0.021 

20.06.26 07:53:19  ===== New Time Step =====, Iter number =  27
 Start: TimeServis
 End:   TimeServis; Timer: cpu0=0.344 wall=0.029 
 Start: User modules' functions BeforeTimeStep() are calling
 End:   User modules' functions BeforeTimeStep() are calling; Timer: cpu0=0.000 wall=0.001 
 Start: Adaptation, TotalRealCellsCount= 64089 
 End:   Adaptation; Timer: cpu0=0.000 wall=0.003 
 Start: Initialize data arrays on chips
 End:   Initialize data arrays on chips, res= 0; Timer: cpu0=0.000 wall=0.002 
  ***** Maximum Geometrical Gauss = 9.02168e-15, cell= 19:3:1:0
  ***** Maximum MovingSurf  Gauss = 0, cell= 
 Start: Initialize data arrays on chips
 End:   Initialize data arrays on chips, res= 0; Timer: cpu0=0.000 wall=0.002 
 Start: TimeServis
 End:   TimeServis; Timer: cpu0=0.172 wall=0.028 
 Start: FindEnclaves
 End:   FindEnclaves; Timer: cpu0=0.031 wall=0.042 
 Start: VarValueService
 End:   VarValueService; Timer: cpu0=0.000 wall=0.002 
 Start: SolvePhaseEquation 
 End:   SolvePhaseEquation ; Timer: cpu0=9.578 wall=1.175 
 Start: SolidFiltersProcess: calculate forces and moments
 End:   SolidFiltersProcess: calculate forces and moments; Timer: cpu0=0.000 wall=0.002 
 Start: PrepareDataForNextStep
 End:   PrepareDataForNextStep; Timer: cpu0=0.344 wall=0.026 
 Start: VarValueService
 End:   VarValueService; Timer: cpu0=0.000 wall=0.002 
 Start: UpdateStopperData
 End:   UpdateStopperData; Timer: cpu0=0.000 wall=0.001 
 Start: Saving text status in E:\UniFlight\flow\full_rocket_fv\data\full_rocket.status
 End:   Saving text status in E:\UniFlight\flow\full_rocket_fv\data\full_rocket.status; Timer: cpu0=0.000 wall=0.002 
 End:   ===== Time Step =====, Iter number =  27; Timer: cpu0=10.812 wall=1.362 

20.06.26 07:53:20  ===== Processing Layers =====
20.06.26 07:53:20    *SEND* for CScalarLayer, GUID=5AEC5BFB-10CE-4F3C-B7EC-0A0B5ECD872A
 Start: ComputeVolumeCharacteristics
 End:   ComputeVolumeCharacteristics; Timer: cpu0=0.000 wall=0.003 
 Start: GetValueOnFacets
 End:   GetValueOnFacets; Timer: cpu0=0.000 wall=0.006 
20.06.26 07:53:20    *SEND* for CIntegralCharsLayer, GUID=4E090A0C-544B-E4A2-4242-BEC451D7CD2B
20.06.26 07:53:20    *SEND* for CIntegralCharsLayer, GUID=036B5437-43C7-094F-A55B-3650B75B8E77
20.06.26 07:53:20    *SEND* for CIntegralCharsLayer, GUID=42F420E7-AE23-4000-F99E-DC409DC96531
 End:   ===== Processing Layers =====; Timer: cpu0=0.000 wall=0.024 

20.06.26 07:53:20  ===== New Time Step =====, Iter number =  28
 Start: TimeServis
 End:   TimeServis; Timer: cpu0=0.250 wall=0.027 
 Start: User modules' functions BeforeTimeStep() are calling
 End:   User modules' functions BeforeTimeStep() are calling; Timer: cpu0=0.000 wall=0.003 
 Start: Adaptation, TotalRealCellsCount= 64089 
 End:   Adaptation; Timer: cpu0=0.000 wall=0.002 
 Start: Initialize data arrays on chips
 End:   Initialize data arrays on chips, res= 0; Timer: cpu0=0.000 wall=0.002 
  ***** Maximum Geometrical Gauss = 9.02168e-15, cell= 19:3:1:0
  ***** Maximum MovingSurf  Gauss = 0, cell= 
 Start: Initialize data arrays on chips
 End:   Initialize data arrays on chips, res= 0; Timer: cpu0=0.000 wall=0.001 
 Start: TimeServis
 End:   TimeServis; Timer: cpu0=0.234 wall=0.026 
 Start: FindEnclaves
 End:   FindEnclaves; Timer: cpu0=0.031 wall=0.038 
 Start: VarValueService
 End:   VarValueService; Timer: cpu0=0.172 wall=0.001 
 Start: SolvePhaseEquation 
 End:   SolvePhaseEquation ; Timer: cpu0=8.922 wall=1.150 
 Start: SolidFiltersProcess: calculate forces and moments
 End:   SolidFiltersProcess: calculate forces and moments; Timer: cpu0=0.000 wall=0.002 
 Start: PrepareDataForNextStep
 End:   PrepareDataForNextStep; Timer: cpu0=0.172 wall=0.027 
 Start: VarValueService
 End:   VarValueService; Timer: cpu0=0.000 wall=0.002 
 Start: UpdateStopperData
 End:   UpdateStopperData; Timer: cpu0=0.000 wall=0.001 
 Start: Saving text status in E:\UniFlight\flow\full_rocket_fv\data\full_rocket.status
 End:   Saving text status in E:\UniFlight\flow\full_rocket_fv\data\full_rocket.status; Timer: cpu0=0.000 wall=0.003 
 End:   ===== Time Step =====, Iter number =  28; Timer: cpu0=9.984 wall=1.331 

20.06.26 07:53:22  ===== Processing Layers =====
20.06.26 07:53:22    *SEND* for CScalarLayer, GUID=5AEC5BFB-10CE-4F3C-B7EC-0A0B5ECD872A
 Start: ComputeVolumeCharacteristics
 End:   ComputeVolumeCharacteristics; Timer: cpu0=0.000 wall=0.003 
 Start: GetValueOnFacets
 End:   GetValueOnFacets; Timer: cpu0=0.016 wall=0.005 
20.06.26 07:53:22    *SEND* for CIntegralCharsLayer, GUID=4E090A0C-544B-E4A2-4242-BEC451D7CD2B
20.06.26 07:53:22    *SEND* for CIntegralCharsLayer, GUID=036B5437-43C7-094F-A55B-3650B75B8E77
20.06.26 07:53:22    *SEND* for CIntegralCharsLayer, GUID=42F420E7-AE23-4000-F99E-DC409DC96531
 End:   ===== Processing Layers =====; Timer: cpu0=0.016 wall=0.024 

20.06.26 07:53:22  ===== New Time Step =====, Iter number =  29
 Start: TimeServis
 End:   TimeServis; Timer: cpu0=0.344 wall=0.028 
 Start: User modules' functions BeforeTimeStep() are calling
 End:   User modules' functions BeforeTimeStep() are calling; Timer: cpu0=0.000 wall=0.001 
 Start: Adaptation, TotalRealCellsCount= 64089 
 End:   Adaptation; Timer: cpu0=0.000 wall=0.003 
 Start: Initialize data arrays on chips
 End:   Initialize data arrays on chips, res= 0; Timer: cpu0=0.000 wall=0.001 
  ***** Maximum Geometrical Gauss = 9.02168e-15, cell= 19:3:1:0
  ***** Maximum MovingSurf  Gauss = 0, cell= 
 Start: Initialize data arrays on chips
 End:   Initialize data arrays on chips, res= 0; Timer: cpu0=0.000 wall=0.001 
 Start: TimeServis
 End:   TimeServis; Timer: cpu0=0.250 wall=0.031 
 Start: FindEnclaves
 End:   FindEnclaves; Timer: cpu0=0.047 wall=0.043 
 Start: VarValueService
 End:   VarValueService; Timer: cpu0=0.000 wall=0.001 
 Start: SolvePhaseEquation 
 End:   SolvePhaseEquation ; Timer: cpu0=9.016 wall=1.131 
 Start: SolidFiltersProcess: calculate forces and moments
 End:   SolidFiltersProcess: calculate forces and moments; Timer: cpu0=0.000 wall=0.002 
 Start: PrepareDataForNextStep
 End:   PrepareDataForNextStep; Timer: cpu0=0.344 wall=0.031 
 Start: VarValueService
 End:   VarValueService; Timer: cpu0=0.000 wall=0.002 
 Start: UpdateStopperData
 End:   UpdateStopperData; Timer: cpu0=0.000 wall=0.001 
 Start: Saving text status in E:\UniFlight\flow\full_rocket_fv\data\full_rocket.status
 End:   Saving text status in E:\UniFlight\flow\full_rocket_fv\data\full_rocket.status; Timer: cpu0=0.000 wall=0.003 
 End:   ===== Time Step =====, Iter number =  29; Timer: cpu0=10.188 wall=1.333 

20.06.26 07:53:23  ===== Processing Layers =====
20.06.26 07:53:23    *SEND* for CScalarLayer, GUID=5AEC5BFB-10CE-4F3C-B7EC-0A0B5ECD872A
 Start: ComputeVolumeCharacteristics
 End:   ComputeVolumeCharacteristics; Timer: cpu0=0.172 wall=0.002 
 Start: GetValueOnFacets
 End:   GetValueOnFacets; Timer: cpu0=0.000 wall=0.006 
20.06.26 07:53:23    *SEND* for CIntegralCharsLayer, GUID=4E090A0C-544B-E4A2-4242-BEC451D7CD2B
20.06.26 07:53:23    *SEND* for CIntegralCharsLayer, GUID=036B5437-43C7-094F-A55B-3650B75B8E77
20.06.26 07:53:23    *SEND* for CIntegralCharsLayer, GUID=42F420E7-AE23-4000-F99E-DC409DC96531
 End:   ===== Processing Layers =====; Timer: cpu0=0.172 wall=0.025 

20.06.26 07:53:23  ===== New Time Step =====, Iter number =  30
 Start: TimeServis
 End:   TimeServis; Timer: cpu0=0.344 wall=0.030 
 Start: User modules' functions BeforeTimeStep() are calling
 End:   User modules' functions BeforeTimeStep() are calling; Timer: cpu0=0.000 wall=0.002 
 Start: Adaptation, TotalRealCellsCount= 64089 
 End:   Adaptation; Timer: cpu0=0.828 wall=0.088 
 Start: Initialize data arrays on chips
 End:   Initialize data arrays on chips, res= 0; Timer: cpu0=0.000 wall=0.001 
  ***** Maximum Geometrical Gauss = 9.02168e-15, cell= 19:3:1:0
  ***** Maximum MovingSurf  Gauss = 0, cell= 
 Start: Initialize data arrays on chips
 End:   Initialize data arrays on chips, res= 0; Timer: cpu0=0.000 wall=0.001 
 Start: TimeServis
 End:   TimeServis; Timer: cpu0=0.172 wall=0.026 
 Start: FindEnclaves
 End:   FindEnclaves; Timer: cpu0=0.047 wall=0.048 
 Start: VarValueService
 End:   VarValueService; Timer: cpu0=0.000 wall=0.002 
 Start: SolvePhaseEquation 
 End:   SolvePhaseEquation ; Timer: cpu0=9.516 wall=1.154 
 Start: SolidFiltersProcess: calculate forces and moments
 End:   SolidFiltersProcess: calculate forces and moments; Timer: cpu0=0.000 wall=0.001 
 Start: PrepareDataForNextStep
 End:   PrepareDataForNextStep; Timer: cpu0=0.203 wall=0.025 
 Start: VarValueService
 End:   VarValueService; Timer: cpu0=0.000 wall=0.002 
 Start: UpdateStopperData
 End:   UpdateStopperData; Timer: cpu0=0.000 wall=0.001 
 Start: Saving text status in E:\UniFlight\flow\full_rocket_fv\data\full_rocket.status
 End:   Saving text status in E:\UniFlight\flow\full_rocket_fv\data\full_rocket.status; Timer: cpu0=0.000 wall=0.002 
 End:   ===== Time Step =====, Iter number =  30; Timer: cpu0=11.453 wall=1.434 

20.06.26 07:53:25  ===== Processing Layers =====
20.06.26 07:53:25    *SEND* for CScalarLayer, GUID=5AEC5BFB-10CE-4F3C-B7EC-0A0B5ECD872A
 Start: ComputeVolumeCharacteristics
 End:   ComputeVolumeCharacteristics; Timer: cpu0=0.000 wall=0.004 
 Start: GetValueOnFacets
 End:   GetValueOnFacets; Timer: cpu0=0.094 wall=0.008 
20.06.26 07:53:25    *SEND* for CIntegralCharsLayer, GUID=4E090A0C-544B-E4A2-4242-BEC451D7CD2B
20.06.26 07:53:25    *SEND* for CIntegralCharsLayer, GUID=036B5437-43C7-094F-A55B-3650B75B8E77
20.06.26 07:53:25    *SEND* for CIntegralCharsLayer, GUID=42F420E7-AE23-4000-F99E-DC409DC96531
 End:   ===== Processing Layers =====; Timer: cpu0=0.094 wall=0.026 

20.06.26 07:53:25  ===== New Time Step =====, Iter number =  31
 Start: TimeServis
 End:   TimeServis; Timer: cpu0=0.172 wall=0.024 
 Start: User modules' functions BeforeTimeStep() are calling
 End:   User modules' functions BeforeTimeStep() are calling; Timer: cpu0=0.000 wall=0.002 
 Start: Adaptation, TotalRealCellsCount= 64089 
 End:   Adaptation; Timer: cpu0=0.344 wall=0.084 
 Start: Initialize data arrays on chips
 End:   Initialize data arrays on chips, res= 0; Timer: cpu0=0.000 wall=0.001 
  ***** Maximum Geometrical Gauss = 9.02168e-15, cell= 19:3:1:0
  ***** Maximum MovingSurf  Gauss = 0, cell= 
 Start: Initialize data arrays on chips
 End:   Initialize data arrays on chips, res= 0; Timer: cpu0=0.000 wall=0.002 
 Start: TimeServis
 End:   TimeServis; Timer: cpu0=0.172 wall=0.025 
 Start: FindEnclaves
 End:   FindEnclaves; Timer: cpu0=0.047 wall=0.051 
 Start: VarValueService
 End:   VarValueService; Timer: cpu0=0.000 wall=0.002 
 Start: SolvePhaseEquation 
 End:   SolvePhaseEquation ; Timer: cpu0=8.688 wall=1.150 
 Start: SolidFiltersProcess: calculate forces and moments
 End:   SolidFiltersProcess: calculate forces and moments; Timer: cpu0=0.000 wall=0.002 
 Start: PrepareDataForNextStep
 End:   PrepareDataForNextStep; Timer: cpu0=0.234 wall=0.029 
 Start: VarValueService
 End:   VarValueService; Timer: cpu0=0.000 wall=0.002 
 Start: UpdateStopperData
 End:   UpdateStopperData; Timer: cpu0=0.000 wall=0.001 
 Start: Saving text status in E:\UniFlight\flow\full_rocket_fv\data\full_rocket.status
 End:   Saving text status in E:\UniFlight\flow\full_rocket_fv\data\full_rocket.status; Timer: cpu0=0.000 wall=0.002 
 End:   ===== Time Step =====, Iter number =  31; Timer: cpu0=9.859 wall=1.429 

20.06.26 07:53:27  ===== Processing Layers =====
20.06.26 07:53:27    *SEND* for CScalarLayer, GUID=5AEC5BFB-10CE-4F3C-B7EC-0A0B5ECD872A
 Start: ComputeVolumeCharacteristics
 End:   ComputeVolumeCharacteristics; Timer: cpu0=0.000 wall=0.003 
 Start: GetValueOnFacets
 End:   GetValueOnFacets; Timer: cpu0=0.000 wall=0.006 
20.06.26 07:53:27    *SEND* for CIntegralCharsLayer, GUID=4E090A0C-544B-E4A2-4242-BEC451D7CD2B
20.06.26 07:53:27    *SEND* for CIntegralCharsLayer, GUID=036B5437-43C7-094F-A55B-3650B75B8E77
20.06.26 07:53:27    *SEND* for CIntegralCharsLayer, GUID=42F420E7-AE23-4000-F99E-DC409DC96531
 End:   ===== Processing Layers =====; Timer: cpu0=0.000 wall=0.025 

20.06.26 07:53:27  ===== New Time Step =====, Iter number =  32
 Start: TimeServis
 End:   TimeServis; Timer: cpu0=0.344 wall=0.030 
 Start: User modules' functions BeforeTimeStep() are calling
 End:   User modules' functions BeforeTimeStep() are calling; Timer: cpu0=0.000 wall=0.002 
 Start: Adaptation, TotalRealCellsCount= 64089 
 End:   Adaptation; Timer: cpu0=0.172 wall=0.003 
 Start: Initialize data arrays on chips
 End:   Initialize data arrays on chips, res= 0; Timer: cpu0=0.000 wall=0.001 
  ***** Maximum Geometrical Gauss = 9.02168e-15, cell= 19:3:1:0
  ***** Maximum MovingSurf  Gauss = 0, cell= 
 Start: Initialize data arrays on chips
 End:   Initialize data arrays on chips, res= 0; Timer: cpu0=0.000 wall=0.001 
 Start: TimeServis
 End:   TimeServis; Timer: cpu0=0.203 wall=0.024 
 Start: FindEnclaves
 End:   FindEnclaves; Timer: cpu0=0.047 wall=0.045 
 Start: VarValueService
 End:   VarValueService; Timer: cpu0=0.000 wall=0.002 
 Start: SolvePhaseEquation 
 End:   SolvePhaseEquation ; Timer: cpu0=9.406 wall=1.153 
 Start: SolidFiltersProcess: calculate forces and moments
 End:   SolidFiltersProcess: calculate forces and moments; Timer: cpu0=0.000 wall=0.001 
 Start: PrepareDataForNextStep
 End:   PrepareDataForNextStep; Timer: cpu0=0.250 wall=0.028 
 Start: VarValueService
 End:   VarValueService; Timer: cpu0=0.000 wall=0.002 
 Start: UpdateStopperData
 End:   UpdateStopperData; Timer: cpu0=0.000 wall=0.001 
 Start: Saving text status in E:\UniFlight\flow\full_rocket_fv\data\full_rocket.status
 End:   Saving text status in E:\UniFlight\flow\full_rocket_fv\data\full_rocket.status; Timer: cpu0=0.000 wall=0.002 
 End:   ===== Time Step =====, Iter number =  32; Timer: cpu0=10.578 wall=1.343 

20.06.26 07:53:28  ===== Processing Layers =====
20.06.26 07:53:28    *SEND* for CScalarLayer, GUID=5AEC5BFB-10CE-4F3C-B7EC-0A0B5ECD872A
 Start: ComputeVolumeCharacteristics
 End:   ComputeVolumeCharacteristics; Timer: cpu0=0.000 wall=0.004 
 Start: GetValueOnFacets
 End:   GetValueOnFacets; Timer: cpu0=0.000 wall=0.006 
20.06.26 07:53:28    *SEND* for CIntegralCharsLayer, GUID=4E090A0C-544B-E4A2-4242-BEC451D7CD2B
20.06.26 07:53:28    *SEND* for CIntegralCharsLayer, GUID=036B5437-43C7-094F-A55B-3650B75B8E77
20.06.26 07:53:28    *SEND* for CIntegralCharsLayer, GUID=42F420E7-AE23-4000-F99E-DC409DC96531
 End:   ===== Processing Layers =====; Timer: cpu0=0.172 wall=0.026 

20.06.26 07:53:28  ===== New Time Step =====, Iter number =  33
 Start: TimeServis
 End:   TimeServis; Timer: cpu0=0.328 wall=0.031 
 Start: User modules' functions BeforeTimeStep() are calling
 End:   User modules' functions BeforeTimeStep() are calling; Timer: cpu0=0.000 wall=0.002 
 Start: Adaptation, TotalRealCellsCount= 64089 
 End:   Adaptation; Timer: cpu0=0.000 wall=0.003 
 Start: Initialize data arrays on chips
 End:   Initialize data arrays on chips, res= 0; Timer: cpu0=0.000 wall=0.001 
  ***** Maximum Geometrical Gauss = 9.02168e-15, cell= 19:3:1:0
  ***** Maximum MovingSurf  Gauss = 0, cell= 
 Start: Initialize data arrays on chips
 End:   Initialize data arrays on chips, res= 0; Timer: cpu0=0.000 wall=0.001 
 Start: TimeServis
 End:   TimeServis; Timer: cpu0=0.172 wall=0.027 
 Start: FindEnclaves
 End:   FindEnclaves; Timer: cpu0=0.031 wall=0.044 
 Start: VarValueService
 End:   VarValueService; Timer: cpu0=0.000 wall=0.001 
 Start: SolvePhaseEquation 
 End:   SolvePhaseEquation ; Timer: cpu0=9.422 wall=1.154 
 Start: SolidFiltersProcess: calculate forces and moments
 End:   SolidFiltersProcess: calculate forces and moments; Timer: cpu0=0.000 wall=0.002 
 Start: PrepareDataForNextStep
 End:   PrepareDataForNextStep; Timer: cpu0=0.188 wall=0.030 
 Start: VarValueService
 End:   VarValueService; Timer: cpu0=0.000 wall=0.002 
 Start: UpdateStopperData
 End:   UpdateStopperData; Timer: cpu0=0.000 wall=0.001 
 Start: Saving text status in E:\UniFlight\flow\full_rocket_fv\data\full_rocket.status
 End:   Saving text status in E:\UniFlight\flow\full_rocket_fv\data\full_rocket.status; Timer: cpu0=0.000 wall=0.002 
 End:   ===== Time Step =====, Iter number =  33; Timer: cpu0=10.547 wall=1.384 

20.06.26 07:53:30  ===== Processing Layers =====
20.06.26 07:53:30    *SEND* for CScalarLayer, GUID=5AEC5BFB-10CE-4F3C-B7EC-0A0B5ECD872A
 Start: ComputeVolumeCharacteristics
 End:   ComputeVolumeCharacteristics; Timer: cpu0=0.000 wall=0.003 
 Start: GetValueOnFacets
 End:   GetValueOnFacets; Timer: cpu0=0.000 wall=0.007 
20.06.26 07:53:30    *SEND* for CIntegralCharsLayer, GUID=4E090A0C-544B-E4A2-4242-BEC451D7CD2B
20.06.26 07:53:30    *SEND* for CIntegralCharsLayer, GUID=036B5437-43C7-094F-A55B-3650B75B8E77
20.06.26 07:53:30    *SEND* for CIntegralCharsLayer, GUID=42F420E7-AE23-4000-F99E-DC409DC96531
 End:   ===== Processing Layers =====; Timer: cpu0=0.156 wall=0.024 

20.06.26 07:53:30  ===== New Time Step =====, Iter number =  34
 Start: TimeServis
 End:   TimeServis; Timer: cpu0=0.344 wall=0.029 
 Start: User modules' functions BeforeTimeStep() are calling
 End:   User modules' functions BeforeTimeStep() are calling; Timer: cpu0=0.000 wall=0.001 
 Start: Adaptation, TotalRealCellsCount= 64089 
 End:   Adaptation; Timer: cpu0=0.000 wall=0.003 
 Start: Initialize data arrays on chips
 End:   Initialize data arrays on chips, res= 0; Timer: cpu0=0.000 wall=0.002 
  ***** Maximum Geometrical Gauss = 9.02168e-15, cell= 19:3:1:0
  ***** Maximum MovingSurf  Gauss = 0, cell= 
 Start: Initialize data arrays on chips
 End:   Initialize data arrays on chips, res= 0; Timer: cpu0=0.000 wall=0.001 
 Start: TimeServis
 End:   TimeServis; Timer: cpu0=0.344 wall=0.025 
 Start: FindEnclaves
 End:   FindEnclaves; Timer: cpu0=0.047 wall=0.047 
 Start: VarValueService
 End:   VarValueService; Timer: cpu0=0.000 wall=0.002 
 Start: SolvePhaseEquation 
 End:   SolvePhaseEquation ; Timer: cpu0=9.094 wall=1.129 
 Start: SolidFiltersProcess: calculate forces and moments
 End:   SolidFiltersProcess: calculate forces and moments; Timer: cpu0=0.000 wall=0.002 
 Start: PrepareDataForNextStep
 End:   PrepareDataForNextStep; Timer: cpu0=0.344 wall=0.033 
 Start: VarValueService
 End:   VarValueService; Timer: cpu0=0.000 wall=0.001 
 Start: UpdateStopperData
 End:   UpdateStopperData; Timer: cpu0=0.000 wall=0.001 
 Start: Saving text status in E:\UniFlight\flow\full_rocket_fv\data\full_rocket.status
 End:   Saving text status in E:\UniFlight\flow\full_rocket_fv\data\full_rocket.status; Timer: cpu0=0.000 wall=0.003 
 End:   ===== Time Step =====, Iter number =  34; Timer: cpu0=10.172 wall=1.328 

20.06.26 07:53:32  ===== Processing Layers =====
20.06.26 07:53:32    *SEND* for CScalarLayer, GUID=5AEC5BFB-10CE-4F3C-B7EC-0A0B5ECD872A
 Start: ComputeVolumeCharacteristics
 End:   ComputeVolumeCharacteristics; Timer: cpu0=0.172 wall=0.004 
 Start: GetValueOnFacets
 End:   GetValueOnFacets; Timer: cpu0=0.000 wall=0.005 
20.06.26 07:53:32    *SEND* for CIntegralCharsLayer, GUID=4E090A0C-544B-E4A2-4242-BEC451D7CD2B
20.06.26 07:53:32    *SEND* for CIntegralCharsLayer, GUID=036B5437-43C7-094F-A55B-3650B75B8E77
20.06.26 07:53:32    *SEND* for CIntegralCharsLayer, GUID=42F420E7-AE23-4000-F99E-DC409DC96531
 End:   ===== Processing Layers =====; Timer: cpu0=0.172 wall=0.024 

20.06.26 07:53:32  ===== New Time Step =====, Iter number =  35
 Start: TimeServis
 End:   TimeServis; Timer: cpu0=0.141 wall=0.028 
 Start: User modules' functions BeforeTimeStep() are calling
 End:   User modules' functions BeforeTimeStep() are calling; Timer: cpu0=0.000 wall=0.003 
 Start: Adaptation, TotalRealCellsCount= 64089 
 End:   Adaptation; Timer: cpu0=0.000 wall=0.004 
 Start: Initialize data arrays on chips
 End:   Initialize data arrays on chips, res= 0; Timer: cpu0=0.000 wall=0.001 
  ***** Maximum Geometrical Gauss = 9.02168e-15, cell= 19:3:1:0
  ***** Maximum MovingSurf  Gauss = 0, cell= 
 Start: Initialize data arrays on chips
 End:   Initialize data arrays on chips, res= 0; Timer: cpu0=0.000 wall=0.001 
 Start: TimeServis
 End:   TimeServis; Timer: cpu0=0.188 wall=0.025 
 Start: FindEnclaves
 End:   FindEnclaves; Timer: cpu0=0.047 wall=0.049 
 Start: VarValueService
 End:   VarValueService; Timer: cpu0=0.000 wall=0.001 
 Start: SolvePhaseEquation 
 End:   SolvePhaseEquation ; Timer: cpu0=8.938 wall=1.151 
 Start: SolidFiltersProcess: calculate forces and moments
 End:   SolidFiltersProcess: calculate forces and moments; Timer: cpu0=0.000 wall=0.002 
 Start: PrepareDataForNextStep
 End:   PrepareDataForNextStep; Timer: cpu0=0.344 wall=0.027 
 Start: VarValueService
 End:   VarValueService; Timer: cpu0=0.000 wall=0.001 
 Start: UpdateStopperData
 End:   UpdateStopperData; Timer: cpu0=0.000 wall=0.001 
 Start: Saving text status in E:\UniFlight\flow\full_rocket_fv\data\full_rocket.status
 End:   Saving text status in E:\UniFlight\flow\full_rocket_fv\data\full_rocket.status; Timer: cpu0=0.000 wall=0.002 
 End:   ===== Time Step =====, Iter number =  35; Timer: cpu0=9.828 wall=1.342 

20.06.26 07:53:33  ===== Processing Layers =====
20.06.26 07:53:33    *SEND* for CScalarLayer, GUID=5AEC5BFB-10CE-4F3C-B7EC-0A0B5ECD872A
 Start: ComputeVolumeCharacteristics
 End:   ComputeVolumeCharacteristics; Timer: cpu0=0.000 wall=0.003 
 Start: GetValueOnFacets
 End:   GetValueOnFacets; Timer: cpu0=0.000 wall=0.005 
20.06.26 07:53:33    *SEND* for CIntegralCharsLayer, GUID=4E090A0C-544B-E4A2-4242-BEC451D7CD2B
20.06.26 07:53:33    *SEND* for CIntegralCharsLayer, GUID=036B5437-43C7-094F-A55B-3650B75B8E77
20.06.26 07:53:33    *SEND* for CIntegralCharsLayer, GUID=42F420E7-AE23-4000-F99E-DC409DC96531
 End:   ===== Processing Layers =====; Timer: cpu0=0.000 wall=0.025 

20.06.26 07:53:33  ===== New Time Step =====, Iter number =  36
 Start: TimeServis
 End:   TimeServis; Timer: cpu0=0.172 wall=0.027 
 Start: User modules' functions BeforeTimeStep() are calling
 End:   User modules' functions BeforeTimeStep() are calling; Timer: cpu0=0.000 wall=0.002 
 Start: Adaptation, TotalRealCellsCount= 64089 
 End:   Adaptation; Timer: cpu0=0.000 wall=0.003 
 Start: Initialize data arrays on chips
 End:   Initialize data arrays on chips, res= 0; Timer: cpu0=0.000 wall=0.001 
  ***** Maximum Geometrical Gauss = 9.02168e-15, cell= 19:3:1:0
  ***** Maximum MovingSurf  Gauss = 0, cell= 
 Start: Initialize data arrays on chips
 End:   Initialize data arrays on chips, res= 0; Timer: cpu0=0.000 wall=0.002 
 Start: TimeServis
 End:   TimeServis; Timer: cpu0=0.172 wall=0.026 
 Start: FindEnclaves
 End:   FindEnclaves; Timer: cpu0=0.031 wall=0.044 
 Start: VarValueService
 End:   VarValueService; Timer: cpu0=0.000 wall=0.002 
 Start: SolvePhaseEquation 
 End:   SolvePhaseEquation ; Timer: cpu0=9.609 wall=1.143 
 Start: SolidFiltersProcess: calculate forces and moments
 End:   SolidFiltersProcess: calculate forces and moments; Timer: cpu0=0.000 wall=0.002 
 Start: PrepareDataForNextStep
 End:   PrepareDataForNextStep; Timer: cpu0=0.328 wall=0.028 
 Start: VarValueService
 End:   VarValueService; Timer: cpu0=0.000 wall=0.001 
 Start: UpdateStopperData
 End:   UpdateStopperData; Timer: cpu0=0.000 wall=0.001 
 Start: Saving text status in E:\UniFlight\flow\full_rocket_fv\data\full_rocket.status
 End:   Saving text status in E:\UniFlight\flow\full_rocket_fv\data\full_rocket.status; Timer: cpu0=0.000 wall=0.002 
 End:   ===== Time Step =====, Iter number =  36; Timer: cpu0=10.641 wall=1.336 

20.06.26 07:53:35  ===== Processing Layers =====
20.06.26 07:53:35    *SEND* for CScalarLayer, GUID=5AEC5BFB-10CE-4F3C-B7EC-0A0B5ECD872A
 Start: ComputeVolumeCharacteristics
 End:   ComputeVolumeCharacteristics; Timer: cpu0=0.000 wall=0.003 
 Start: GetValueOnFacets
 End:   GetValueOnFacets; Timer: cpu0=0.000 wall=0.006 
20.06.26 07:53:35    *SEND* for CIntegralCharsLayer, GUID=4E090A0C-544B-E4A2-4242-BEC451D7CD2B
20.06.26 07:53:35    *SEND* for CIntegralCharsLayer, GUID=036B5437-43C7-094F-A55B-3650B75B8E77
20.06.26 07:53:35    *SEND* for CIntegralCharsLayer, GUID=42F420E7-AE23-4000-F99E-DC409DC96531
 End:   ===== Processing Layers =====; Timer: cpu0=0.000 wall=0.023 

20.06.26 07:53:35  ===== New Time Step =====, Iter number =  37
 Start: TimeServis
 End:   TimeServis; Timer: cpu0=0.328 wall=0.029 
 Start: User modules' functions BeforeTimeStep() are calling
 End:   User modules' functions BeforeTimeStep() are calling; Timer: cpu0=0.000 wall=0.002 
 Start: Adaptation, TotalRealCellsCount= 64089 
 End:   Adaptation; Timer: cpu0=0.000 wall=0.003 
 Start: Initialize data arrays on chips
 End:   Initialize data arrays on chips, res= 0; Timer: cpu0=0.000 wall=0.003 
  ***** Maximum Geometrical Gauss = 9.02168e-15, cell= 19:3:1:0
  ***** Maximum MovingSurf  Gauss = 0, cell= 
 Start: Initialize data arrays on chips
 End:   Initialize data arrays on chips, res= 0; Timer: cpu0=0.000 wall=0.002 
 Start: TimeServis
 End:   TimeServis; Timer: cpu0=0.266 wall=0.025 
 Start: FindEnclaves
 End:   FindEnclaves; Timer: cpu0=0.047 wall=0.045 
 Start: VarValueService
 End:   VarValueService; Timer: cpu0=0.000 wall=0.001 
 Start: SolvePhaseEquation 
 End:   SolvePhaseEquation ; Timer: cpu0=9.141 wall=1.152 
 Start: SolidFiltersProcess: calculate forces and moments
 End:   SolidFiltersProcess: calculate forces and moments; Timer: cpu0=0.000 wall=0.002 
 Start: PrepareDataForNextStep
 End:   PrepareDataForNextStep; Timer: cpu0=0.344 wall=0.030 
 Start: VarValueService
 End:   VarValueService; Timer: cpu0=0.000 wall=0.001 
 Start: UpdateStopperData
 End:   UpdateStopperData; Timer: cpu0=0.000 wall=0.001 
 Start: Saving text status in E:\UniFlight\flow\full_rocket_fv\data\full_rocket.status
 End:   Saving text status in E:\UniFlight\flow\full_rocket_fv\data\full_rocket.status; Timer: cpu0=0.000 wall=0.003 
 End:   ===== Time Step =====, Iter number =  37; Timer: cpu0=10.469 wall=1.346 

20.06.26 07:53:37  ===== Processing Layers =====
20.06.26 07:53:37    *SEND* for CScalarLayer, GUID=5AEC5BFB-10CE-4F3C-B7EC-0A0B5ECD872A
 Start: ComputeVolumeCharacteristics
 End:   ComputeVolumeCharacteristics; Timer: cpu0=0.000 wall=0.003 
 Start: GetValueOnFacets
 End:   GetValueOnFacets; Timer: cpu0=0.000 wall=0.007 
20.06.26 07:53:37    *SEND* for CIntegralCharsLayer, GUID=4E090A0C-544B-E4A2-4242-BEC451D7CD2B
20.06.26 07:53:37    *SEND* for CIntegralCharsLayer, GUID=036B5437-43C7-094F-A55B-3650B75B8E77
20.06.26 07:53:37    *SEND* for CIntegralCharsLayer, GUID=42F420E7-AE23-4000-F99E-DC409DC96531
 End:   ===== Processing Layers =====; Timer: cpu0=0.188 wall=0.025 

20.06.26 07:53:37  ===== New Time Step =====, Iter number =  38
 Start: TimeServis
 End:   TimeServis; Timer: cpu0=0.344 wall=0.029 
 Start: User modules' functions BeforeTimeStep() are calling
 End:   User modules' functions BeforeTimeStep() are calling; Timer: cpu0=0.000 wall=0.001 
 Start: Adaptation, TotalRealCellsCount= 64089 
 End:   Adaptation; Timer: cpu0=0.000 wall=0.003 
 Start: Initialize data arrays on chips
 End:   Initialize data arrays on chips, res= 0; Timer: cpu0=0.000 wall=0.002 
  ***** Maximum Geometrical Gauss = 9.02168e-15, cell= 19:3:1:0
  ***** Maximum MovingSurf  Gauss = 0, cell= 
 Start: Initialize data arrays on chips
 End:   Initialize data arrays on chips, res= 0; Timer: cpu0=0.000 wall=0.001 
 Start: TimeServis
 End:   TimeServis; Timer: cpu0=0.344 wall=0.028 
 Start: FindEnclaves
 End:   FindEnclaves; Timer: cpu0=0.203 wall=0.046 
 Start: VarValueService
 End:   VarValueService; Timer: cpu0=0.000 wall=0.001 
 Start: SolvePhaseEquation 
 End:   SolvePhaseEquation ; Timer: cpu0=8.641 wall=1.131 
 Start: SolidFiltersProcess: calculate forces and moments
 End:   SolidFiltersProcess: calculate forces and moments; Timer: cpu0=0.000 wall=0.002 
 Start: PrepareDataForNextStep
 End:   PrepareDataForNextStep; Timer: cpu0=0.172 wall=0.028 
 Start: VarValueService
 End:   VarValueService; Timer: cpu0=0.156 wall=0.002 
 Start: UpdateStopperData
 End:   UpdateStopperData; Timer: cpu0=0.000 wall=0.000 
 Start: Saving text status in E:\UniFlight\flow\full_rocket_fv\data\full_rocket.status
 End:   Saving text status in E:\UniFlight\flow\full_rocket_fv\data\full_rocket.status; Timer: cpu0=0.000 wall=0.003 
 End:   ===== Time Step =====, Iter number =  38; Timer: cpu0=9.859 wall=1.325 

20.06.26 07:53:38  ===== Processing Layers =====
20.06.26 07:53:38    *SEND* for CScalarLayer, GUID=5AEC5BFB-10CE-4F3C-B7EC-0A0B5ECD872A
 Start: ComputeVolumeCharacteristics
 End:   ComputeVolumeCharacteristics; Timer: cpu0=0.172 wall=0.003 
 Start: GetValueOnFacets
 End:   GetValueOnFacets; Timer: cpu0=0.000 wall=0.006 
20.06.26 07:53:38    *SEND* for CIntegralCharsLayer, GUID=4E090A0C-544B-E4A2-4242-BEC451D7CD2B
20.06.26 07:53:38    *SEND* for CIntegralCharsLayer, GUID=036B5437-43C7-094F-A55B-3650B75B8E77
20.06.26 07:53:38    *SEND* for CIntegralCharsLayer, GUID=42F420E7-AE23-4000-F99E-DC409DC96531
 End:   ===== Processing Layers =====; Timer: cpu0=0.172 wall=0.023 

20.06.26 07:53:38  ===== New Time Step =====, Iter number =  39
 Start: TimeServis
 End:   TimeServis; Timer: cpu0=0.328 wall=0.029 
 Start: User modules' functions BeforeTimeStep() are calling
 End:   User modules' functions BeforeTimeStep() are calling; Timer: cpu0=0.000 wall=0.001 
 Start: Adaptation, TotalRealCellsCount= 64089 
 End:   Adaptation; Timer: cpu0=0.000 wall=0.003 
 Start: Initialize data arrays on chips
 End:   Initialize data arrays on chips, res= 0; Timer: cpu0=0.000 wall=0.001 
  ***** Maximum Geometrical Gauss = 9.02168e-15, cell= 19:3:1:0
  ***** Maximum MovingSurf  Gauss = 0, cell= 
 Start: Initialize data arrays on chips
 End:   Initialize data arrays on chips, res= 0; Timer: cpu0=0.000 wall=0.002 
 Start: TimeServis
 End:   TimeServis; Timer: cpu0=0.344 wall=0.027 
 Start: FindEnclaves
 End:   FindEnclaves; Timer: cpu0=0.047 wall=0.047 
 Start: VarValueService
 End:   VarValueService; Timer: cpu0=0.000 wall=0.001 
 Start: SolvePhaseEquation 
 End:   SolvePhaseEquation ; Timer: cpu0=9.656 wall=1.146 
 Start: SolidFiltersProcess: calculate forces and moments
 End:   SolidFiltersProcess: calculate forces and moments; Timer: cpu0=0.000 wall=0.002 
 Start: PrepareDataForNextStep
 End:   PrepareDataForNextStep; Timer: cpu0=0.344 wall=0.028 
 Start: VarValueService
 End:   VarValueService; Timer: cpu0=0.000 wall=0.001 
 Start: UpdateStopperData
 End:   UpdateStopperData; Timer: cpu0=0.000 wall=0.001 
 Start: Saving text status in E:\UniFlight\flow\full_rocket_fv\data\full_rocket.status
 End:   Saving text status in E:\UniFlight\flow\full_rocket_fv\data\full_rocket.status; Timer: cpu0=0.000 wall=0.003 
 End:   ===== Time Step =====, Iter number =  39; Timer: cpu0=10.891 wall=1.342 

20.06.26 07:53:40  ===== Processing Layers =====
20.06.26 07:53:40    *SEND* for CScalarLayer, GUID=5AEC5BFB-10CE-4F3C-B7EC-0A0B5ECD872A
 Start: ComputeVolumeCharacteristics
 End:   ComputeVolumeCharacteristics; Timer: cpu0=0.000 wall=0.003 
 Start: GetValueOnFacets
 End:   GetValueOnFacets; Timer: cpu0=0.000 wall=0.006 
20.06.26 07:53:40    *SEND* for CIntegralCharsLayer, GUID=4E090A0C-544B-E4A2-4242-BEC451D7CD2B
20.06.26 07:53:40    *SEND* for CIntegralCharsLayer, GUID=036B5437-43C7-094F-A55B-3650B75B8E77
20.06.26 07:53:40    *SEND* for CIntegralCharsLayer, GUID=42F420E7-AE23-4000-F99E-DC409DC96531
 End:   ===== Processing Layers =====; Timer: cpu0=0.172 wall=0.024 

20.06.26 07:53:40  ===== New Time Step =====, Iter number =  40
 Start: TimeServis
 End:   TimeServis; Timer: cpu0=0.344 wall=0.026 
 Start: User modules' functions BeforeTimeStep() are calling
 End:   User modules' functions BeforeTimeStep() are calling; Timer: cpu0=0.000 wall=0.002 
 Start: Adaptation, TotalRealCellsCount= 64089 
 End:   Adaptation; Timer: cpu0=0.375 wall=0.090 
 Start: Initialize data arrays on chips
 End:   Initialize data arrays on chips, res= 0; Timer: cpu0=0.000 wall=0.002 
  ***** Maximum Geometrical Gauss = 9.02168e-15, cell= 19:3:1:0
  ***** Maximum MovingSurf  Gauss = 0, cell= 
 Start: Initialize data arrays on chips
 End:   Initialize data arrays on chips, res= 0; Timer: cpu0=0.000 wall=0.002 
 Start: TimeServis
 End:   TimeServis; Timer: cpu0=0.188 wall=0.026 
 Start: FindEnclaves
 End:   FindEnclaves; Timer: cpu0=0.047 wall=0.048 
 Start: VarValueService
 End:   VarValueService; Timer: cpu0=0.000 wall=0.001 
 Start: SolvePhaseEquation 
 End:   SolvePhaseEquation ; Timer: cpu0=9.469 wall=1.240 
 Start: SolidFiltersProcess: calculate forces and moments
 End:   SolidFiltersProcess: calculate forces and moments; Timer: cpu0=0.000 wall=0.002 
 Start: PrepareDataForNextStep
 End:   PrepareDataForNextStep; Timer: cpu0=0.328 wall=0.028 
 Start: VarValueService
 End:   VarValueService; Timer: cpu0=0.000 wall=0.001 
 Start: UpdateStopperData
 End:   UpdateStopperData; Timer: cpu0=0.000 wall=0.001 
 Start: Saving text status in E:\UniFlight\flow\full_rocket_fv\data\full_rocket.status
 End:   Saving text status in E:\UniFlight\flow\full_rocket_fv\data\full_rocket.status; Timer: cpu0=0.000 wall=0.002 
 End:   ===== Time Step =====, Iter number =  40; Timer: cpu0=10.812 wall=1.522 

20.06.26 07:53:42  ===== Processing Layers =====
20.06.26 07:53:42    *SEND* for CScalarLayer, GUID=5AEC5BFB-10CE-4F3C-B7EC-0A0B5ECD872A
 Start: ComputeVolumeCharacteristics
 End:   ComputeVolumeCharacteristics; Timer: cpu0=0.172 wall=0.003 
 Start: GetValueOnFacets
 End:   GetValueOnFacets; Timer: cpu0=0.000 wall=0.007 
20.06.26 07:53:42    *SEND* for CIntegralCharsLayer, GUID=4E090A0C-544B-E4A2-4242-BEC451D7CD2B
20.06.26 07:53:42    *SEND* for CIntegralCharsLayer, GUID=036B5437-43C7-094F-A55B-3650B75B8E77
20.06.26 07:53:42    *SEND* for CIntegralCharsLayer, GUID=42F420E7-AE23-4000-F99E-DC409DC96531
 End:   ===== Processing Layers =====; Timer: cpu0=0.172 wall=0.026 

20.06.26 07:53:42  ===== New Time Step =====, Iter number =  41
 Start: TimeServis
 End:   TimeServis; Timer: cpu0=0.281 wall=0.027 
 Start: User modules' functions BeforeTimeStep() are calling
 End:   User modules' functions BeforeTimeStep() are calling; Timer: cpu0=0.000 wall=0.002 
 Start: Adaptation, TotalRealCellsCount= 64089 
 End:   Adaptation; Timer: cpu0=0.406 wall=0.081 
 Start: Initialize data arrays on chips
 End:   Initialize data arrays on chips, res= 0; Timer: cpu0=0.000 wall=0.002 
  ***** Maximum Geometrical Gauss = 9.02168e-15, cell= 19:3:1:0
  ***** Maximum MovingSurf  Gauss = 0, cell= 
 Start: Initialize data arrays on chips
 End:   Initialize data arrays on chips, res= 0; Timer: cpu0=0.000 wall=0.002 
 Start: TimeServis
 End:   TimeServis; Timer: cpu0=0.141 wall=0.026 
 Start: FindEnclaves
 End:   FindEnclaves; Timer: cpu0=0.047 wall=0.049 
 Start: VarValueService
 End:   VarValueService; Timer: cpu0=0.000 wall=0.001 
 Start: SolvePhaseEquation 
 End:   SolvePhaseEquation ; Timer: cpu0=9.203 wall=1.125 
 Start: SolidFiltersProcess: calculate forces and moments
 End:   SolidFiltersProcess: calculate forces and moments; Timer: cpu0=0.000 wall=0.002 
 Start: PrepareDataForNextStep
 End:   PrepareDataForNextStep; Timer: cpu0=0.312 wall=0.030 
 Start: VarValueService
 End:   VarValueService; Timer: cpu0=0.000 wall=0.002 
 Start: UpdateStopperData
 End:   UpdateStopperData; Timer: cpu0=0.000 wall=0.001 
 Start: Saving text status in E:\UniFlight\flow\full_rocket_fv\data\full_rocket.status
 End:   Saving text status in E:\UniFlight\flow\full_rocket_fv\data\full_rocket.status; Timer: cpu0=0.000 wall=0.002 
 End:   ===== Time Step =====, Iter number =  41; Timer: cpu0=10.562 wall=1.405 

20.06.26 07:53:43  ===== Processing Layers =====
20.06.26 07:53:43    *SEND* for CScalarLayer, GUID=5AEC5BFB-10CE-4F3C-B7EC-0A0B5ECD872A
 Start: ComputeVolumeCharacteristics
 End:   ComputeVolumeCharacteristics; Timer: cpu0=0.000 wall=0.002 
 Start: GetValueOnFacets
 End:   GetValueOnFacets; Timer: cpu0=0.000 wall=0.006 
20.06.26 07:53:43    *SEND* for CIntegralCharsLayer, GUID=4E090A0C-544B-E4A2-4242-BEC451D7CD2B
20.06.26 07:53:43    *SEND* for CIntegralCharsLayer, GUID=036B5437-43C7-094F-A55B-3650B75B8E77
20.06.26 07:53:43    *SEND* for CIntegralCharsLayer, GUID=42F420E7-AE23-4000-F99E-DC409DC96531
 End:   ===== Processing Layers =====; Timer: cpu0=0.016 wall=0.023 

20.06.26 07:53:43  ===== New Time Step =====, Iter number =  42
 Start: TimeServis
 End:   TimeServis; Timer: cpu0=0.344 wall=0.026 
 Start: User modules' functions BeforeTimeStep() are calling
 End:   User modules' functions BeforeTimeStep() are calling; Timer: cpu0=0.000 wall=0.001 
 Start: Adaptation, TotalRealCellsCount= 64089 
 End:   Adaptation; Timer: cpu0=0.141 wall=0.003 
 Start: Initialize data arrays on chips
 End:   Initialize data arrays on chips, res= 0; Timer: cpu0=0.000 wall=0.002 
  ***** Maximum Geometrical Gauss = 9.02168e-15, cell= 19:3:1:0
  ***** Maximum MovingSurf  Gauss = 0, cell= 
 Start: Initialize data arrays on chips
 End:   Initialize data arrays on chips, res= 0; Timer: cpu0=0.000 wall=0.001 
 Start: TimeServis
 End:   TimeServis; Timer: cpu0=0.188 wall=0.028 
 Start: FindEnclaves
 End:   FindEnclaves; Timer: cpu0=0.047 wall=0.046 
 Start: VarValueService
 End:   VarValueService; Timer: cpu0=0.000 wall=0.002 
 Start: SolvePhaseEquation 
 End:   SolvePhaseEquation ; Timer: cpu0=8.312 wall=1.118 
 Start: SolidFiltersProcess: calculate forces and moments
 End:   SolidFiltersProcess: calculate forces and moments; Timer: cpu0=0.000 wall=0.002 
 Start: PrepareDataForNextStep
 End:   PrepareDataForNextStep; Timer: cpu0=0.344 wall=0.032 
 Start: VarValueService
 End:   VarValueService; Timer: cpu0=0.000 wall=0.002 
 Start: UpdateStopperData
 End:   UpdateStopperData; Timer: cpu0=0.000 wall=0.001 
 Start: Saving text status in E:\UniFlight\flow\full_rocket_fv\data\full_rocket.status
 End:   Saving text status in E:\UniFlight\flow\full_rocket_fv\data\full_rocket.status; Timer: cpu0=0.000 wall=0.002 
 End:   ===== Time Step =====, Iter number =  42; Timer: cpu0=9.375 wall=1.319 

20.06.26 07:53:45  ===== Processing Layers =====
20.06.26 07:53:45    *SEND* for CScalarLayer, GUID=5AEC5BFB-10CE-4F3C-B7EC-0A0B5ECD872A
 Start: ComputeVolumeCharacteristics
 End:   ComputeVolumeCharacteristics; Timer: cpu0=0.000 wall=0.004 
 Start: GetValueOnFacets
 End:   GetValueOnFacets; Timer: cpu0=0.125 wall=0.006 
20.06.26 07:53:45    *SEND* for CIntegralCharsLayer, GUID=4E090A0C-544B-E4A2-4242-BEC451D7CD2B
20.06.26 07:53:45    *SEND* for CIntegralCharsLayer, GUID=036B5437-43C7-094F-A55B-3650B75B8E77
20.06.26 07:53:45    *SEND* for CIntegralCharsLayer, GUID=42F420E7-AE23-4000-F99E-DC409DC96531
 End:   ===== Processing Layers =====; Timer: cpu0=0.125 wall=0.024 

20.06.26 07:53:45  ===== New Time Step =====, Iter number =  43
 Start: TimeServis
 End:   TimeServis; Timer: cpu0=0.281 wall=0.029 
 Start: User modules' functions BeforeTimeStep() are calling
 End:   User modules' functions BeforeTimeStep() are calling; Timer: cpu0=0.000 wall=0.001 
 Start: Adaptation, TotalRealCellsCount= 64089 
 End:   Adaptation; Timer: cpu0=0.000 wall=0.002 
 Start: Initialize data arrays on chips
 End:   Initialize data arrays on chips, res= 0; Timer: cpu0=0.000 wall=0.001 
  ***** Maximum Geometrical Gauss = 9.02168e-15, cell= 19:3:1:0
  ***** Maximum MovingSurf  Gauss = 0, cell= 
 Start: Initialize data arrays on chips
 End:   Initialize data arrays on chips, res= 0; Timer: cpu0=0.000 wall=0.001 
 Start: TimeServis
 End:   TimeServis; Timer: cpu0=0.172 wall=0.025 
 Start: FindEnclaves
 End:   FindEnclaves; Timer: cpu0=0.047 wall=0.046 
 Start: VarValueService
 End:   VarValueService; Timer: cpu0=0.000 wall=0.001 
 Start: SolvePhaseEquation 
 End:   SolvePhaseEquation ; Timer: cpu0=8.797 wall=1.126 
 Start: SolidFiltersProcess: calculate forces and moments
 End:   SolidFiltersProcess: calculate forces and moments; Timer: cpu0=0.000 wall=0.002 
 Start: PrepareDataForNextStep
 End:   PrepareDataForNextStep; Timer: cpu0=0.266 wall=0.028 
 Start: VarValueService
 End:   VarValueService; Timer: cpu0=0.000 wall=0.002 
 Start: UpdateStopperData
 End:   UpdateStopperData; Timer: cpu0=0.000 wall=0.001 
 Start: Saving text status in E:\UniFlight\flow\full_rocket_fv\data\full_rocket.status
 End:   Saving text status in E:\UniFlight\flow\full_rocket_fv\data\full_rocket.status; Timer: cpu0=0.000 wall=0.004 
 End:   ===== Time Step =====, Iter number =  43; Timer: cpu0=9.734 wall=1.318 

20.06.26 07:53:47  ===== Processing Layers =====
20.06.26 07:53:47    *SEND* for CScalarLayer, GUID=5AEC5BFB-10CE-4F3C-B7EC-0A0B5ECD872A
 Start: ComputeVolumeCharacteristics
 End:   ComputeVolumeCharacteristics; Timer: cpu0=0.000 wall=0.003 
 Start: GetValueOnFacets
 End:   GetValueOnFacets; Timer: cpu0=0.016 wall=0.006 
20.06.26 07:53:47    *SEND* for CIntegralCharsLayer, GUID=4E090A0C-544B-E4A2-4242-BEC451D7CD2B
20.06.26 07:53:47    *SEND* for CIntegralCharsLayer, GUID=036B5437-43C7-094F-A55B-3650B75B8E77
20.06.26 07:53:47    *SEND* for CIntegralCharsLayer, GUID=42F420E7-AE23-4000-F99E-DC409DC96531
 End:   ===== Processing Layers =====; Timer: cpu0=0.031 wall=0.025 

20.06.26 07:53:47  ===== New Time Step =====, Iter number =  44
 Start: TimeServis
 End:   TimeServis; Timer: cpu0=0.141 wall=0.029 
 Start: User modules' functions BeforeTimeStep() are calling
 End:   User modules' functions BeforeTimeStep() are calling; Timer: cpu0=0.000 wall=0.001 
 Start: Adaptation, TotalRealCellsCount= 64089 
 End:   Adaptation; Timer: cpu0=0.000 wall=0.003 
 Start: Initialize data arrays on chips
 End:   Initialize data arrays on chips, res= 0; Timer: cpu0=0.000 wall=0.002 
  ***** Maximum Geometrical Gauss = 9.02168e-15, cell= 19:3:1:0
  ***** Maximum MovingSurf  Gauss = 0, cell= 
 Start: Initialize data arrays on chips
 End:   Initialize data arrays on chips, res= 0; Timer: cpu0=0.000 wall=0.002 
 Start: TimeServis
 End:   TimeServis; Timer: cpu0=0.172 wall=0.029 
 Start: FindEnclaves
 End:   FindEnclaves; Timer: cpu0=0.047 wall=0.046 
 Start: VarValueService
 End:   VarValueService; Timer: cpu0=0.000 wall=0.003 
 Start: SolvePhaseEquation 
 End:   SolvePhaseEquation ; Timer: cpu0=9.172 wall=1.136 
 Start: SolidFiltersProcess: calculate forces and moments
 End:   SolidFiltersProcess: calculate forces and moments; Timer: cpu0=0.000 wall=0.002 
 Start: PrepareDataForNextStep
 End:   PrepareDataForNextStep; Timer: cpu0=0.250 wall=0.028 
 Start: VarValueService
 End:   VarValueService; Timer: cpu0=0.000 wall=0.002 
 Start: UpdateStopperData
 End:   UpdateStopperData; Timer: cpu0=0.000 wall=0.000 
 Start: Saving text status in E:\UniFlight\flow\full_rocket_fv\data\full_rocket.status
 End:   Saving text status in E:\UniFlight\flow\full_rocket_fv\data\full_rocket.status; Timer: cpu0=0.000 wall=0.002 
 End:   ===== Time Step =====, Iter number =  44; Timer: cpu0=9.922 wall=1.334 

20.06.26 07:53:48  ===== Processing Layers =====
20.06.26 07:53:48    *SEND* for CScalarLayer, GUID=5AEC5BFB-10CE-4F3C-B7EC-0A0B5ECD872A
 Start: ComputeVolumeCharacteristics
 End:   ComputeVolumeCharacteristics; Timer: cpu0=0.172 wall=0.003 
 Start: GetValueOnFacets
 End:   GetValueOnFacets; Timer: cpu0=0.000 wall=0.008 
20.06.26 07:53:48    *SEND* for CIntegralCharsLayer, GUID=4E090A0C-544B-E4A2-4242-BEC451D7CD2B
20.06.26 07:53:48    *SEND* for CIntegralCharsLayer, GUID=036B5437-43C7-094F-A55B-3650B75B8E77
20.06.26 07:53:48    *SEND* for CIntegralCharsLayer, GUID=42F420E7-AE23-4000-F99E-DC409DC96531
 End:   ===== Processing Layers =====; Timer: cpu0=0.172 wall=0.029 

20.06.26 07:53:48  ===== New Time Step =====, Iter number =  45
 Start: TimeServis
 End:   TimeServis; Timer: cpu0=0.312 wall=0.027 
 Start: User modules' functions BeforeTimeStep() are calling
 End:   User modules' functions BeforeTimeStep() are calling; Timer: cpu0=0.000 wall=0.002 
 Start: Adaptation, TotalRealCellsCount= 64089 
 End:   Adaptation; Timer: cpu0=0.000 wall=0.002 
 Start: Initialize data arrays on chips
 End:   Initialize data arrays on chips, res= 0; Timer: cpu0=0.000 wall=0.002 
  ***** Maximum Geometrical Gauss = 9.02168e-15, cell= 19:3:1:0
  ***** Maximum MovingSurf  Gauss = 0, cell= 
 Start: Initialize data arrays on chips
 End:   Initialize data arrays on chips, res= 0; Timer: cpu0=0.000 wall=0.001 
 Start: TimeServis
 End:   TimeServis; Timer: cpu0=0.172 wall=0.024 
 Start: FindEnclaves
 End:   FindEnclaves; Timer: cpu0=0.031 wall=0.044 
 Start: VarValueService
 End:   VarValueService; Timer: cpu0=0.000 wall=0.001 
 Start: SolvePhaseEquation 
 End:   SolvePhaseEquation ; Timer: cpu0=9.172 wall=1.158 
 Start: SolidFiltersProcess: calculate forces and moments
 End:   SolidFiltersProcess: calculate forces and moments; Timer: cpu0=0.000 wall=0.002 
 Start: PrepareDataForNextStep
 End:   PrepareDataForNextStep; Timer: cpu0=0.344 wall=0.029 
 Start: VarValueService
 End:   VarValueService; Timer: cpu0=0.000 wall=0.001 
 Start: UpdateStopperData
 End:   UpdateStopperData; Timer: cpu0=0.000 wall=0.001 
 Start: Saving text status in E:\UniFlight\flow\full_rocket_fv\data\full_rocket.status
 End:   Saving text status in E:\UniFlight\flow\full_rocket_fv\data\full_rocket.status; Timer: cpu0=0.000 wall=0.002 
 End:   ===== Time Step =====, Iter number =  45; Timer: cpu0=10.203 wall=1.344 

20.06.26 07:53:50  ===== Processing Layers =====
20.06.26 07:53:50    *SEND* for CScalarLayer, GUID=5AEC5BFB-10CE-4F3C-B7EC-0A0B5ECD872A
 Start: ComputeVolumeCharacteristics
 End:   ComputeVolumeCharacteristics; Timer: cpu0=0.000 wall=0.003 
 Start: GetValueOnFacets
 End:   GetValueOnFacets; Timer: cpu0=0.000 wall=0.007 
20.06.26 07:53:50    *SEND* for CIntegralCharsLayer, GUID=4E090A0C-544B-E4A2-4242-BEC451D7CD2B
20.06.26 07:53:50    *SEND* for CIntegralCharsLayer, GUID=036B5437-43C7-094F-A55B-3650B75B8E77
20.06.26 07:53:50    *SEND* for CIntegralCharsLayer, GUID=42F420E7-AE23-4000-F99E-DC409DC96531
 End:   ===== Processing Layers =====; Timer: cpu0=0.000 wall=0.026 

20.06.26 07:53:50  ===== New Time Step =====, Iter number =  46
 Start: TimeServis
 End:   TimeServis; Timer: cpu0=0.219 wall=0.027 
 Start: User modules' functions BeforeTimeStep() are calling
 End:   User modules' functions BeforeTimeStep() are calling; Timer: cpu0=0.000 wall=0.001 
 Start: Adaptation, TotalRealCellsCount= 64089 
 End:   Adaptation; Timer: cpu0=0.000 wall=0.002 
 Start: Initialize data arrays on chips
 End:   Initialize data arrays on chips, res= 0; Timer: cpu0=0.000 wall=0.001 
  ***** Maximum Geometrical Gauss = 9.02168e-15, cell= 19:3:1:0
  ***** Maximum MovingSurf  Gauss = 0, cell= 
 Start: Initialize data arrays on chips
 End:   Initialize data arrays on chips, res= 0; Timer: cpu0=0.000 wall=0.001 
 Start: TimeServis
 End:   TimeServis; Timer: cpu0=0.172 wall=0.024 
 Start: FindEnclaves
 End:   FindEnclaves; Timer: cpu0=0.031 wall=0.045 
 Start: VarValueService
 End:   VarValueService; Timer: cpu0=0.000 wall=0.001 
 Start: SolvePhaseEquation 
 End:   SolvePhaseEquation ; Timer: cpu0=8.781 wall=1.116 
 Start: SolidFiltersProcess: calculate forces and moments
 End:   SolidFiltersProcess: calculate forces and moments; Timer: cpu0=0.000 wall=0.001 
 Start: PrepareDataForNextStep
 End:   PrepareDataForNextStep; Timer: cpu0=0.062 wall=0.028 
 Start: VarValueService
 End:   VarValueService; Timer: cpu0=0.000 wall=0.001 
 Start: UpdateStopperData
 End:   UpdateStopperData; Timer: cpu0=0.000 wall=0.001 
 Start: Saving text status in E:\UniFlight\flow\full_rocket_fv\data\full_rocket.status
 End:   Saving text status in E:\UniFlight\flow\full_rocket_fv\data\full_rocket.status; Timer: cpu0=0.000 wall=0.002 
 End:   ===== Time Step =====, Iter number =  46; Timer: cpu0=9.750 wall=1.304 

20.06.26 07:53:51  ===== Processing Layers =====
20.06.26 07:53:51    *SEND* for CScalarLayer, GUID=5AEC5BFB-10CE-4F3C-B7EC-0A0B5ECD872A
 Start: ComputeVolumeCharacteristics
 End:   ComputeVolumeCharacteristics; Timer: cpu0=0.000 wall=0.003 
 Start: GetValueOnFacets
 End:   GetValueOnFacets; Timer: cpu0=0.000 wall=0.006 
20.06.26 07:53:51    *SEND* for CIntegralCharsLayer, GUID=4E090A0C-544B-E4A2-4242-BEC451D7CD2B
20.06.26 07:53:51    *SEND* for CIntegralCharsLayer, GUID=036B5437-43C7-094F-A55B-3650B75B8E77
20.06.26 07:53:51    *SEND* for CIntegralCharsLayer, GUID=42F420E7-AE23-4000-F99E-DC409DC96531
 End:   ===== Processing Layers =====; Timer: cpu0=0.172 wall=0.022 

20.06.26 07:53:51  ===== New Time Step =====, Iter number =  47
 Start: TimeServis
 End:   TimeServis; Timer: cpu0=0.344 wall=0.030 
 Start: User modules' functions BeforeTimeStep() are calling
 End:   User modules' functions BeforeTimeStep() are calling; Timer: cpu0=0.000 wall=0.002 
 Start: Adaptation, TotalRealCellsCount= 64089 
 End:   Adaptation; Timer: cpu0=0.000 wall=0.002 
 Start: Initialize data arrays on chips
 End:   Initialize data arrays on chips, res= 0; Timer: cpu0=0.000 wall=0.001 
  ***** Maximum Geometrical Gauss = 9.02168e-15, cell= 19:3:1:0
  ***** Maximum MovingSurf  Gauss = 0, cell= 
 Start: Initialize data arrays on chips
 End:   Initialize data arrays on chips, res= 0; Timer: cpu0=0.000 wall=0.002 
 Start: TimeServis
 End:   TimeServis; Timer: cpu0=0.344 wall=0.026 
 Start: FindEnclaves
 End:   FindEnclaves; Timer: cpu0=0.219 wall=0.049 
 Start: VarValueService
 End:   VarValueService; Timer: cpu0=0.000 wall=0.001 
 Start: SolvePhaseEquation 
 End:   SolvePhaseEquation ; Timer: cpu0=9.344 wall=1.120 
 Start: SolidFiltersProcess: calculate forces and moments
 End:   SolidFiltersProcess: calculate forces and moments; Timer: cpu0=0.000 wall=0.003 
 Start: PrepareDataForNextStep
 End:   PrepareDataForNextStep; Timer: cpu0=0.344 wall=0.029 
 Start: VarValueService
 End:   VarValueService; Timer: cpu0=0.000 wall=0.001 
 Start: UpdateStopperData
 End:   UpdateStopperData; Timer: cpu0=0.000 wall=0.001 
 Start: Saving text status in E:\UniFlight\flow\full_rocket_fv\data\full_rocket.status
 End:   Saving text status in E:\UniFlight\flow\full_rocket_fv\data\full_rocket.status; Timer: cpu0=0.000 wall=0.002 
 End:   ===== Time Step =====, Iter number =  47; Timer: cpu0=10.594 wall=1.320 

20.06.26 07:53:53  ===== Processing Layers =====
20.06.26 07:53:53    *SEND* for CScalarLayer, GUID=5AEC5BFB-10CE-4F3C-B7EC-0A0B5ECD872A
 Start: ComputeVolumeCharacteristics
 End:   ComputeVolumeCharacteristics; Timer: cpu0=0.172 wall=0.003 
 Start: GetValueOnFacets
 End:   GetValueOnFacets; Timer: cpu0=0.000 wall=0.006 
20.06.26 07:53:53    *SEND* for CIntegralCharsLayer, GUID=4E090A0C-544B-E4A2-4242-BEC451D7CD2B
20.06.26 07:53:53    *SEND* for CIntegralCharsLayer, GUID=036B5437-43C7-094F-A55B-3650B75B8E77
20.06.26 07:53:53    *SEND* for CIntegralCharsLayer, GUID=42F420E7-AE23-4000-F99E-DC409DC96531
 End:   ===== Processing Layers =====; Timer: cpu0=0.172 wall=0.024 

20.06.26 07:53:53  ===== New Time Step =====, Iter number =  48
 Start: TimeServis
 End:   TimeServis; Timer: cpu0=0.328 wall=0.029 
 Start: User modules' functions BeforeTimeStep() are calling
 End:   User modules' functions BeforeTimeStep() are calling; Timer: cpu0=0.000 wall=0.004 
 Start: Adaptation, TotalRealCellsCount= 64089 
 End:   Adaptation; Timer: cpu0=0.000 wall=0.002 
 Start: Initialize data arrays on chips
 End:   Initialize data arrays on chips, res= 0; Timer: cpu0=0.000 wall=0.001 
  ***** Maximum Geometrical Gauss = 9.02168e-15, cell= 19:3:1:0
  ***** Maximum MovingSurf  Gauss = 0, cell= 
 Start: Initialize data arrays on chips
 End:   Initialize data arrays on chips, res= 0; Timer: cpu0=0.000 wall=0.002 
 Start: TimeServis
 End:   TimeServis; Timer: cpu0=0.203 wall=0.023 
 Start: FindEnclaves
 End:   FindEnclaves; Timer: cpu0=0.047 wall=0.044 
 Start: VarValueService
 End:   VarValueService; Timer: cpu0=0.000 wall=0.001 
 Start: SolvePhaseEquation 
 End:   SolvePhaseEquation ; Timer: cpu0=9.188 wall=1.166 
 Start: SolidFiltersProcess: calculate forces and moments
 End:   SolidFiltersProcess: calculate forces and moments; Timer: cpu0=0.000 wall=0.002 
 Start: PrepareDataForNextStep
 End:   PrepareDataForNextStep; Timer: cpu0=0.344 wall=0.027 
 Start: VarValueService
 End:   VarValueService; Timer: cpu0=0.000 wall=0.002 
 Start: UpdateStopperData
 End:   UpdateStopperData; Timer: cpu0=0.000 wall=0.001 
 Start: Saving text status in E:\UniFlight\flow\full_rocket_fv\data\full_rocket.status
 End:   Saving text status in E:\UniFlight\flow\full_rocket_fv\data\full_rocket.status; Timer: cpu0=0.000 wall=0.003 
 End:   ===== Time Step =====, Iter number =  48; Timer: cpu0=10.453 wall=1.355 

20.06.26 07:53:55  ===== Processing Layers =====
20.06.26 07:53:55    *SEND* for CScalarLayer, GUID=5AEC5BFB-10CE-4F3C-B7EC-0A0B5ECD872A
 Start: ComputeVolumeCharacteristics
 End:   ComputeVolumeCharacteristics; Timer: cpu0=0.000 wall=0.003 
 Start: GetValueOnFacets
 End:   GetValueOnFacets; Timer: cpu0=0.000 wall=0.007 
20.06.26 07:53:55    *SEND* for CIntegralCharsLayer, GUID=4E090A0C-544B-E4A2-4242-BEC451D7CD2B
20.06.26 07:53:55    *SEND* for CIntegralCharsLayer, GUID=036B5437-43C7-094F-A55B-3650B75B8E77
20.06.26 07:53:55    *SEND* for CIntegralCharsLayer, GUID=42F420E7-AE23-4000-F99E-DC409DC96531
 End:   ===== Processing Layers =====; Timer: cpu0=0.172 wall=0.024 

20.06.26 07:53:55  ===== New Time Step =====, Iter number =  49
 Start: TimeServis
 End:   TimeServis; Timer: cpu0=0.328 wall=0.028 
 Start: User modules' functions BeforeTimeStep() are calling
 End:   User modules' functions BeforeTimeStep() are calling; Timer: cpu0=0.000 wall=0.001 
 Start: Adaptation, TotalRealCellsCount= 64089 
 End:   Adaptation; Timer: cpu0=0.000 wall=0.003 
 Start: Initialize data arrays on chips
 End:   Initialize data arrays on chips, res= 0; Timer: cpu0=0.000 wall=0.001 
  ***** Maximum Geometrical Gauss = 9.02168e-15, cell= 19:3:1:0
  ***** Maximum MovingSurf  Gauss = 0, cell= 
 Start: Initialize data arrays on chips
 End:   Initialize data arrays on chips, res= 0; Timer: cpu0=0.000 wall=0.001 
 Start: TimeServis
 End:   TimeServis; Timer: cpu0=0.344 wall=0.024 
 Start: FindEnclaves
 End:   FindEnclaves; Timer: cpu0=0.047 wall=0.046 
 Start: VarValueService
 End:   VarValueService; Timer: cpu0=0.000 wall=0.002 
 Start: SolvePhaseEquation 
 End:   SolvePhaseEquation ; Timer: cpu0=9.312 wall=1.136 
 Start: SolidFiltersProcess: calculate forces and moments
 End:   SolidFiltersProcess: calculate forces and moments; Timer: cpu0=0.000 wall=0.002 
 Start: PrepareDataForNextStep
 End:   PrepareDataForNextStep; Timer: cpu0=0.172 wall=0.030 
 Start: VarValueService
 End:   VarValueService; Timer: cpu0=0.000 wall=0.001 
 Start: UpdateStopperData
 End:   UpdateStopperData; Timer: cpu0=0.000 wall=0.001 
 Start: Saving text status in E:\UniFlight\flow\full_rocket_fv\data\full_rocket.status
 End:   Saving text status in E:\UniFlight\flow\full_rocket_fv\data\full_rocket.status; Timer: cpu0=0.000 wall=0.002 
 End:   ===== Time Step =====, Iter number =  49; Timer: cpu0=10.297 wall=1.329 

 Start: Saving values
 End:   Saving values, res= 0; Timer: cpu0=0.500 wall=0.064 
 Start: Saving grid
 End:   Saving grid, res= 0; Timer: cpu0=0.453 wall=0.056 
 Start: Saving grid index
 End:   Saving grid index, res= 0; Timer: cpu0=0.000 wall=0.002 
20.06.26 07:53:57  ===== Processing Layers =====
20.06.26 07:53:57    *SEND* for CScalarLayer, GUID=5AEC5BFB-10CE-4F3C-B7EC-0A0B5ECD872A
 Start: ComputeVolumeCharacteristics
 End:   ComputeVolumeCharacteristics; Timer: cpu0=0.172 wall=0.004 
 Start: GetValueOnFacets
 End:   GetValueOnFacets; Timer: cpu0=0.000 wall=0.007 
20.06.26 07:53:57    *SEND* for CIntegralCharsLayer, GUID=4E090A0C-544B-E4A2-4242-BEC451D7CD2B
20.06.26 07:53:57    *SEND* for CIntegralCharsLayer, GUID=036B5437-43C7-094F-A55B-3650B75B8E77
20.06.26 07:53:57    *SEND* for CIntegralCharsLayer, GUID=42F420E7-AE23-4000-F99E-DC409DC96531
 End:   ===== Processing Layers =====; Timer: cpu0=0.172 wall=0.026 

20.06.26 07:53:57  ===== New Time Step =====, Iter number =  50
 Start: TimeServis
 End:   TimeServis; Timer: cpu0=0.312 wall=0.026 
 Start: User modules' functions BeforeTimeStep() are calling
 End:   User modules' functions BeforeTimeStep() are calling; Timer: cpu0=0.000 wall=0.002 
 Start: Adaptation, TotalRealCellsCount= 64089 
 End:   Adaptation; Timer: cpu0=0.641 wall=0.076 
 Start: Initialize data arrays on chips
 End:   Initialize data arrays on chips, res= 0; Timer: cpu0=0.000 wall=0.002 
  ***** Maximum Geometrical Gauss = 9.02168e-15, cell= 19:3:1:0
  ***** Maximum MovingSurf  Gauss = 0, cell= 
 Start: Initialize data arrays on chips
 End:   Initialize data arrays on chips, res= 0; Timer: cpu0=0.000 wall=0.001 
 Start: TimeServis
 End:   TimeServis; Timer: cpu0=0.344 wall=0.033 
 Start: FindEnclaves
 End:   FindEnclaves; Timer: cpu0=0.047 wall=0.049 
 Start: VarValueService
 End:   VarValueService; Timer: cpu0=0.000 wall=0.001 
 Start: SolvePhaseEquation 
 End:   SolvePhaseEquation ; Timer: cpu0=8.391 wall=1.124 
 Start: SolidFiltersProcess: calculate forces and moments
 End:   SolidFiltersProcess: calculate forces and moments; Timer: cpu0=0.000 wall=0.003 
 Start: PrepareDataForNextStep
 End:   PrepareDataForNextStep; Timer: cpu0=0.344 wall=0.031 
 Start: VarValueService
 End:   VarValueService; Timer: cpu0=0.000 wall=0.002 
 Start: UpdateStopperData
 End:   UpdateStopperData; Timer: cpu0=0.000 wall=0.001 
 Start: Saving text status in E:\UniFlight\flow\full_rocket_fv\data\full_rocket.status
 End:   Saving text status in E:\UniFlight\flow\full_rocket_fv\data\full_rocket.status; Timer: cpu0=0.000 wall=0.003 
 End:   ===== Time Step =====, Iter number =  50; Timer: cpu0=10.406 wall=1.405 

20.06.26 07:53:58  ===== Processing Layers =====
20.06.26 07:53:58    *SEND* for CScalarLayer, GUID=5AEC5BFB-10CE-4F3C-B7EC-0A0B5ECD872A
 Start: ComputeVolumeCharacteristics
 End:   ComputeVolumeCharacteristics; Timer: cpu0=0.000 wall=0.004 
 Start: GetValueOnFacets
 End:   GetValueOnFacets; Timer: cpu0=0.016 wall=0.008 
20.06.26 07:53:58    *SEND* for CIntegralCharsLayer, GUID=4E090A0C-544B-E4A2-4242-BEC451D7CD2B
20.06.26 07:53:58    *SEND* for CIntegralCharsLayer, GUID=036B5437-43C7-094F-A55B-3650B75B8E77
20.06.26 07:53:58    *SEND* for CIntegralCharsLayer, GUID=42F420E7-AE23-4000-F99E-DC409DC96531
 End:   ===== Processing Layers =====; Timer: cpu0=0.031 wall=0.030 

20.06.26 07:53:58  ===== New Time Step =====, Iter number =  51
 Start: TimeServis
 End:   TimeServis; Timer: cpu0=0.266 wall=0.024 
 Start: User modules' functions BeforeTimeStep() are calling
 End:   User modules' functions BeforeTimeStep() are calling; Timer: cpu0=0.000 wall=0.002 
 Start: Adaptation, TotalRealCellsCount= 64089 
 End:   Adaptation; Timer: cpu0=0.250 wall=0.092 
 Start: Initialize data arrays on chips
 End:   Initialize data arrays on chips, res= 0; Timer: cpu0=0.000 wall=0.002 
  ***** Maximum Geometrical Gauss = 9.02168e-15, cell= 19:3:1:0
  ***** Maximum MovingSurf  Gauss = 0, cell= 
 Start: Initialize data arrays on chips
 End:   Initialize data arrays on chips, res= 0; Timer: cpu0=0.000 wall=0.002 
 Start: TimeServis
 End:   TimeServis; Timer: cpu0=0.328 wall=0.028 
 Start: FindEnclaves
 End:   FindEnclaves; Timer: cpu0=0.203 wall=0.048 
 Start: VarValueService
 End:   VarValueService; Timer: cpu0=0.000 wall=0.001 
 Start: SolvePhaseEquation 
 End:   SolvePhaseEquation ; Timer: cpu0=8.703 wall=1.136 
 Start: SolidFiltersProcess: calculate forces and moments
 End:   SolidFiltersProcess: calculate forces and moments; Timer: cpu0=0.000 wall=0.001 
 Start: PrepareDataForNextStep
 End:   PrepareDataForNextStep; Timer: cpu0=0.172 wall=0.028 
 Start: VarValueService
 End:   VarValueService; Timer: cpu0=0.000 wall=0.002 
 Start: UpdateStopperData
 End:   UpdateStopperData; Timer: cpu0=0.000 wall=0.001 
 Start: Saving text status in E:\UniFlight\flow\full_rocket_fv\data\full_rocket.status
 End:   Saving text status in E:\UniFlight\flow\full_rocket_fv\data\full_rocket.status; Timer: cpu0=0.000 wall=0.002 
 End:   ===== Time Step =====, Iter number =  51; Timer: cpu0=10.266 wall=1.420 

20.06.26 07:54:00  ===== Processing Layers =====
20.06.26 07:54:00    *SEND* for CScalarLayer, GUID=5AEC5BFB-10CE-4F3C-B7EC-0A0B5ECD872A
 Start: ComputeVolumeCharacteristics
 End:   ComputeVolumeCharacteristics; Timer: cpu0=0.172 wall=0.003 
 Start: GetValueOnFacets
 End:   GetValueOnFacets; Timer: cpu0=0.000 wall=0.006 
20.06.26 07:54:00    *SEND* for CIntegralCharsLayer, GUID=4E090A0C-544B-E4A2-4242-BEC451D7CD2B
20.06.26 07:54:00    *SEND* for CIntegralCharsLayer, GUID=036B5437-43C7-094F-A55B-3650B75B8E77
20.06.26 07:54:00    *SEND* for CIntegralCharsLayer, GUID=42F420E7-AE23-4000-F99E-DC409DC96531
 End:   ===== Processing Layers =====; Timer: cpu0=0.172 wall=0.026 

20.06.26 07:54:00  ===== New Time Step =====, Iter number =  52
 Start: TimeServis
 End:   TimeServis; Timer: cpu0=0.172 wall=0.024 
 Start: User modules' functions BeforeTimeStep() are calling
 End:   User modules' functions BeforeTimeStep() are calling; Timer: cpu0=0.000 wall=0.002 
 Start: Adaptation, TotalRealCellsCount= 64089 
 End:   Adaptation; Timer: cpu0=0.000 wall=0.003 
 Start: Initialize data arrays on chips
 End:   Initialize data arrays on chips, res= 0; Timer: cpu0=0.000 wall=0.001 
  ***** Maximum Geometrical Gauss = 9.02168e-15, cell= 19:3:1:0
  ***** Maximum MovingSurf  Gauss = 0, cell= 
 Start: Initialize data arrays on chips
 End:   Initialize data arrays on chips, res= 0; Timer: cpu0=0.000 wall=0.001 
 Start: TimeServis
 End:   TimeServis; Timer: cpu0=0.172 wall=0.024 
 Start: FindEnclaves
 End:   FindEnclaves; Timer: cpu0=0.031 wall=0.043 
 Start: VarValueService
 End:   VarValueService; Timer: cpu0=0.016 wall=0.001 
 Start: SolvePhaseEquation 
 End:   SolvePhaseEquation ; Timer: cpu0=8.812 wall=1.123 
 Start: SolidFiltersProcess: calculate forces and moments
 End:   SolidFiltersProcess: calculate forces and moments; Timer: cpu0=0.000 wall=0.002 
 Start: PrepareDataForNextStep
 End:   PrepareDataForNextStep; Timer: cpu0=0.203 wall=0.041 
 Start: VarValueService
 End:   VarValueService; Timer: cpu0=0.000 wall=0.002 
 Start: UpdateStopperData
 End:   UpdateStopperData; Timer: cpu0=0.000 wall=0.002 
 Start: Saving text status in E:\UniFlight\flow\full_rocket_fv\data\full_rocket.status
 End:   Saving text status in E:\UniFlight\flow\full_rocket_fv\data\full_rocket.status; Timer: cpu0=0.000 wall=0.002 
 End:   ===== Time Step =====, Iter number =  52; Timer: cpu0=9.922 wall=1.332 

20.06.26 07:54:02  ===== Processing Layers =====
20.06.26 07:54:02    *SEND* for CScalarLayer, GUID=5AEC5BFB-10CE-4F3C-B7EC-0A0B5ECD872A
 Start: ComputeVolumeCharacteristics
 End:   ComputeVolumeCharacteristics; Timer: cpu0=0.000 wall=0.003 
 Start: GetValueOnFacets
 End:   GetValueOnFacets; Timer: cpu0=0.000 wall=0.007 
20.06.26 07:54:02    *SEND* for CIntegralCharsLayer, GUID=4E090A0C-544B-E4A2-4242-BEC451D7CD2B
20.06.26 07:54:02    *SEND* for CIntegralCharsLayer, GUID=036B5437-43C7-094F-A55B-3650B75B8E77
20.06.26 07:54:02    *SEND* for CIntegralCharsLayer, GUID=42F420E7-AE23-4000-F99E-DC409DC96531
 End:   ===== Processing Layers =====; Timer: cpu0=0.000 wall=0.023 

20.06.26 07:54:02  ===== New Time Step =====, Iter number =  53
 Start: TimeServis
 End:   TimeServis; Timer: cpu0=0.328 wall=0.027 
 Start: User modules' functions BeforeTimeStep() are calling
 End:   User modules' functions BeforeTimeStep() are calling; Timer: cpu0=0.000 wall=0.003 
 Start: Adaptation, TotalRealCellsCount= 64089 
 End:   Adaptation; Timer: cpu0=0.000 wall=0.002 
 Start: Initialize data arrays on chips
 End:   Initialize data arrays on chips, res= 0; Timer: cpu0=0.000 wall=0.002 
  ***** Maximum Geometrical Gauss = 9.02168e-15, cell= 19:3:1:0
  ***** Maximum MovingSurf  Gauss = 0, cell= 
 Start: Initialize data arrays on chips
 End:   Initialize data arrays on chips, res= 0; Timer: cpu0=0.000 wall=0.003 
 Start: TimeServis
 End:   TimeServis; Timer: cpu0=0.344 wall=0.025 
 Start: FindEnclaves
 End:   FindEnclaves; Timer: cpu0=0.047 wall=0.048 
 Start: VarValueService
 End:   VarValueService; Timer: cpu0=0.000 wall=0.002 
 Start: SolvePhaseEquation 
 End:   SolvePhaseEquation ; Timer: cpu0=9.312 wall=1.146 
 Start: SolidFiltersProcess: calculate forces and moments
 End:   SolidFiltersProcess: calculate forces and moments; Timer: cpu0=0.000 wall=0.002 
 Start: PrepareDataForNextStep
 End:   PrepareDataForNextStep; Timer: cpu0=0.219 wall=0.028 
 Start: VarValueService
 End:   VarValueService; Timer: cpu0=0.000 wall=0.001 
 Start: UpdateStopperData
 End:   UpdateStopperData; Timer: cpu0=0.000 wall=0.001 
 Start: Saving text status in E:\UniFlight\flow\full_rocket_fv\data\full_rocket.status
 End:   Saving text status in E:\UniFlight\flow\full_rocket_fv\data\full_rocket.status; Timer: cpu0=0.000 wall=0.003 
 End:   ===== Time Step =====, Iter number =  53; Timer: cpu0=10.438 wall=1.338 

20.06.26 07:54:03  ===== Processing Layers =====
20.06.26 07:54:03    *SEND* for CScalarLayer, GUID=5AEC5BFB-10CE-4F3C-B7EC-0A0B5ECD872A
 Start: ComputeVolumeCharacteristics
 End:   ComputeVolumeCharacteristics; Timer: cpu0=0.000 wall=0.004 
 Start: GetValueOnFacets
 End:   GetValueOnFacets; Timer: cpu0=0.172 wall=0.006 
20.06.26 07:54:03    *SEND* for CIntegralCharsLayer, GUID=4E090A0C-544B-E4A2-4242-BEC451D7CD2B
20.06.26 07:54:03    *SEND* for CIntegralCharsLayer, GUID=036B5437-43C7-094F-A55B-3650B75B8E77
20.06.26 07:54:03    *SEND* for CIntegralCharsLayer, GUID=42F420E7-AE23-4000-F99E-DC409DC96531
 End:   ===== Processing Layers =====; Timer: cpu0=0.172 wall=0.025 

20.06.26 07:54:03  ===== New Time Step =====, Iter number =  54
 Start: TimeServis
 End:   TimeServis; Timer: cpu0=0.172 wall=0.028 
 Start: User modules' functions BeforeTimeStep() are calling
 End:   User modules' functions BeforeTimeStep() are calling; Timer: cpu0=0.000 wall=0.002 
 Start: Adaptation, TotalRealCellsCount= 64089 
 End:   Adaptation; Timer: cpu0=0.000 wall=0.003 
 Start: Initialize data arrays on chips
 End:   Initialize data arrays on chips, res= 0; Timer: cpu0=0.000 wall=0.002 
  ***** Maximum Geometrical Gauss = 9.02168e-15, cell= 19:3:1:0
  ***** Maximum MovingSurf  Gauss = 0, cell= 
 Start: Initialize data arrays on chips
 End:   Initialize data arrays on chips, res= 0; Timer: cpu0=0.000 wall=0.002 
 Start: TimeServis
 End:   TimeServis; Timer: cpu0=0.172 wall=0.024 
 Start: FindEnclaves
 End:   FindEnclaves; Timer: cpu0=0.031 wall=0.041 
 Start: VarValueService
 End:   VarValueService; Timer: cpu0=0.000 wall=0.002 
 Start: SolvePhaseEquation 
 End:   SolvePhaseEquation ; Timer: cpu0=9.062 wall=1.139 
 Start: SolidFiltersProcess: calculate forces and moments
 End:   SolidFiltersProcess: calculate forces and moments; Timer: cpu0=0.000 wall=0.002 
 Start: PrepareDataForNextStep
 End:   PrepareDataForNextStep; Timer: cpu0=0.234 wall=0.030 
 Start: VarValueService
 End:   VarValueService; Timer: cpu0=0.000 wall=0.001 
 Start: UpdateStopperData
 End:   UpdateStopperData; Timer: cpu0=0.000 wall=0.001 
 Start: Saving text status in E:\UniFlight\flow\full_rocket_fv\data\full_rocket.status
 End:   Saving text status in E:\UniFlight\flow\full_rocket_fv\data\full_rocket.status; Timer: cpu0=0.000 wall=0.002 
 End:   ===== Time Step =====, Iter number =  54; Timer: cpu0=10.016 wall=1.329 

20.06.26 07:54:05  ===== Processing Layers =====
20.06.26 07:54:05    *SEND* for CScalarLayer, GUID=5AEC5BFB-10CE-4F3C-B7EC-0A0B5ECD872A
 Start: ComputeVolumeCharacteristics
 End:   ComputeVolumeCharacteristics; Timer: cpu0=0.172 wall=0.003 
 Start: GetValueOnFacets
 End:   GetValueOnFacets; Timer: cpu0=0.000 wall=0.006 
20.06.26 07:54:05    *SEND* for CIntegralCharsLayer, GUID=4E090A0C-544B-E4A2-4242-BEC451D7CD2B
20.06.26 07:54:05    *SEND* for CIntegralCharsLayer, GUID=036B5437-43C7-094F-A55B-3650B75B8E77
20.06.26 07:54:05    *SEND* for CIntegralCharsLayer, GUID=42F420E7-AE23-4000-F99E-DC409DC96531
 End:   ===== Processing Layers =====; Timer: cpu0=0.172 wall=0.025 

20.06.26 07:54:05  ===== New Time Step =====, Iter number =  55
 Start: TimeServis
 End:   TimeServis; Timer: cpu0=0.203 wall=0.024 
 Start: User modules' functions BeforeTimeStep() are calling
 End:   User modules' functions BeforeTimeStep() are calling; Timer: cpu0=0.000 wall=0.001 
 Start: Adaptation, TotalRealCellsCount= 64089 
 End:   Adaptation; Timer: cpu0=0.000 wall=0.005 
 Start: Initialize data arrays on chips
 End:   Initialize data arrays on chips, res= 0; Timer: cpu0=0.000 wall=0.001 
  ***** Maximum Geometrical Gauss = 9.02168e-15, cell= 19:3:1:0
  ***** Maximum MovingSurf  Gauss = 0, cell= 
 Start: Initialize data arrays on chips
 End:   Initialize data arrays on chips, res= 0; Timer: cpu0=0.000 wall=0.001 
 Start: TimeServis
 End:   TimeServis; Timer: cpu0=0.172 wall=0.025 
 Start: FindEnclaves
 End:   FindEnclaves; Timer: cpu0=0.031 wall=0.047 
 Start: VarValueService
 End:   VarValueService; Timer: cpu0=0.000 wall=0.002 
 Start: SolvePhaseEquation 
 End:   SolvePhaseEquation ; Timer: cpu0=9.375 wall=1.105 
 Start: SolidFiltersProcess: calculate forces and moments
 End:   SolidFiltersProcess: calculate forces and moments; Timer: cpu0=0.000 wall=0.002 
 Start: PrepareDataForNextStep
 End:   PrepareDataForNextStep; Timer: cpu0=0.203 wall=0.027 
 Start: VarValueService
 End:   VarValueService; Timer: cpu0=0.000 wall=0.001 
 Start: UpdateStopperData
 End:   UpdateStopperData; Timer: cpu0=0.000 wall=0.001 
 Start: Saving text status in E:\UniFlight\flow\full_rocket_fv\data\full_rocket.status
 End:   Saving text status in E:\UniFlight\flow\full_rocket_fv\data\full_rocket.status; Timer: cpu0=0.000 wall=0.002 
 End:   ===== Time Step =====, Iter number =  55; Timer: cpu0=10.328 wall=1.293 

20.06.26 07:54:06  ===== Processing Layers =====
20.06.26 07:54:06    *SEND* for CScalarLayer, GUID=5AEC5BFB-10CE-4F3C-B7EC-0A0B5ECD872A
 Start: ComputeVolumeCharacteristics
 End:   ComputeVolumeCharacteristics; Timer: cpu0=0.000 wall=0.003 
 Start: GetValueOnFacets
 End:   GetValueOnFacets; Timer: cpu0=0.094 wall=0.007 
20.06.26 07:54:06    *SEND* for CIntegralCharsLayer, GUID=4E090A0C-544B-E4A2-4242-BEC451D7CD2B
20.06.26 07:54:06    *SEND* for CIntegralCharsLayer, GUID=036B5437-43C7-094F-A55B-3650B75B8E77
20.06.26 07:54:06    *SEND* for CIntegralCharsLayer, GUID=42F420E7-AE23-4000-F99E-DC409DC96531
 End:   ===== Processing Layers =====; Timer: cpu0=0.094 wall=0.026 

20.06.26 07:54:06  ===== New Time Step =====, Iter number =  56
 Start: TimeServis
 End:   TimeServis; Timer: cpu0=0.172 wall=0.027 
 Start: User modules' functions BeforeTimeStep() are calling
 End:   User modules' functions BeforeTimeStep() are calling; Timer: cpu0=0.000 wall=0.002 
 Start: Adaptation, TotalRealCellsCount= 64089 
 End:   Adaptation; Timer: cpu0=0.000 wall=0.003 
 Start: Initialize data arrays on chips
 End:   Initialize data arrays on chips, res= 0; Timer: cpu0=0.000 wall=0.002 
  ***** Maximum Geometrical Gauss = 9.02168e-15, cell= 19:3:1:0
  ***** Maximum MovingSurf  Gauss = 0, cell= 
 Start: Initialize data arrays on chips
 End:   Initialize data arrays on chips, res= 0; Timer: cpu0=0.000 wall=0.001 
 Start: TimeServis
 End:   TimeServis; Timer: cpu0=0.172 wall=0.027 
 Start: FindEnclaves
 End:   FindEnclaves; Timer: cpu0=0.047 wall=0.049 
 Start: VarValueService
 End:   VarValueService; Timer: cpu0=0.000 wall=0.001 
 Start: SolvePhaseEquation 
 End:   SolvePhaseEquation ; Timer: cpu0=9.266 wall=1.120 
 Start: SolidFiltersProcess: calculate forces and moments
 End:   SolidFiltersProcess: calculate forces and moments; Timer: cpu0=0.000 wall=0.001 
 Start: PrepareDataForNextStep
 End:   PrepareDataForNextStep; Timer: cpu0=0.266 wall=0.028 
 Start: VarValueService
 End:   VarValueService; Timer: cpu0=0.000 wall=0.001 
 Start: UpdateStopperData
 End:   UpdateStopperData; Timer: cpu0=0.000 wall=0.000 
 Start: Saving text status in E:\UniFlight\flow\full_rocket_fv\data\full_rocket.status
 End:   Saving text status in E:\UniFlight\flow\full_rocket_fv\data\full_rocket.status; Timer: cpu0=0.000 wall=0.002 
 End:   ===== Time Step =====, Iter number =  56; Timer: cpu0=10.266 wall=1.315 

20.06.26 07:54:08  ===== Processing Layers =====
20.06.26 07:54:08    *SEND* for CScalarLayer, GUID=5AEC5BFB-10CE-4F3C-B7EC-0A0B5ECD872A
 Start: ComputeVolumeCharacteristics
 End:   ComputeVolumeCharacteristics; Timer: cpu0=0.000 wall=0.003 
 Start: GetValueOnFacets
 End:   GetValueOnFacets; Timer: cpu0=0.000 wall=0.006 
20.06.26 07:54:08    *SEND* for CIntegralCharsLayer, GUID=4E090A0C-544B-E4A2-4242-BEC451D7CD2B
20.06.26 07:54:08    *SEND* for CIntegralCharsLayer, GUID=036B5437-43C7-094F-A55B-3650B75B8E77
20.06.26 07:54:08    *SEND* for CIntegralCharsLayer, GUID=42F420E7-AE23-4000-F99E-DC409DC96531
 End:   ===== Processing Layers =====; Timer: cpu0=0.000 wall=0.023 

20.06.26 07:54:08  ===== New Time Step =====, Iter number =  57
 Start: TimeServis
 End:   TimeServis; Timer: cpu0=0.172 wall=0.024 
 Start: User modules' functions BeforeTimeStep() are calling
 End:   User modules' functions BeforeTimeStep() are calling; Timer: cpu0=0.000 wall=0.001 
 Start: Adaptation, TotalRealCellsCount= 64089 
 End:   Adaptation; Timer: cpu0=0.000 wall=0.004 
 Start: Initialize data arrays on chips
 End:   Initialize data arrays on chips, res= 0; Timer: cpu0=0.000 wall=0.002 
  ***** Maximum Geometrical Gauss = 9.02168e-15, cell= 19:3:1:0
  ***** Maximum MovingSurf  Gauss = 0, cell= 
 Start: Initialize data arrays on chips
 End:   Initialize data arrays on chips, res= 0; Timer: cpu0=0.000 wall=0.001 
 Start: TimeServis
 End:   TimeServis; Timer: cpu0=0.172 wall=0.025 
 Start: FindEnclaves
 End:   FindEnclaves; Timer: cpu0=0.031 wall=0.043 
 Start: VarValueService
 End:   VarValueService; Timer: cpu0=0.000 wall=0.001 
 Start: SolvePhaseEquation 
 End:   SolvePhaseEquation ; Timer: cpu0=9.156 wall=1.127 
 Start: SolidFiltersProcess: calculate forces and moments
 End:   SolidFiltersProcess: calculate forces and moments; Timer: cpu0=0.000 wall=0.001 
 Start: PrepareDataForNextStep
 End:   PrepareDataForNextStep; Timer: cpu0=0.344 wall=0.028 
 Start: VarValueService
 End:   VarValueService; Timer: cpu0=0.000 wall=0.001 
 Start: UpdateStopperData
 End:   UpdateStopperData; Timer: cpu0=0.000 wall=0.001 
 Start: Saving text status in E:\UniFlight\flow\full_rocket_fv\data\full_rocket.status
 End:   Saving text status in E:\UniFlight\flow\full_rocket_fv\data\full_rocket.status; Timer: cpu0=0.000 wall=0.002 
 End:   ===== Time Step =====, Iter number =  57; Timer: cpu0=10.219 wall=1.313 

20.06.26 07:54:10  ===== Processing Layers =====
20.06.26 07:54:10    *SEND* for CScalarLayer, GUID=5AEC5BFB-10CE-4F3C-B7EC-0A0B5ECD872A
 Start: ComputeVolumeCharacteristics
 End:   ComputeVolumeCharacteristics; Timer: cpu0=0.000 wall=0.003 
 Start: GetValueOnFacets
 End:   GetValueOnFacets; Timer: cpu0=0.016 wall=0.007 
20.06.26 07:54:10    *SEND* for CIntegralCharsLayer, GUID=4E090A0C-544B-E4A2-4242-BEC451D7CD2B
20.06.26 07:54:10    *SEND* for CIntegralCharsLayer, GUID=036B5437-43C7-094F-A55B-3650B75B8E77
20.06.26 07:54:10    *SEND* for CIntegralCharsLayer, GUID=42F420E7-AE23-4000-F99E-DC409DC96531
 End:   ===== Processing Layers =====; Timer: cpu0=0.016 wall=0.026 

20.06.26 07:54:10  ===== New Time Step =====, Iter number =  58
 Start: TimeServis
 End:   TimeServis; Timer: cpu0=0.250 wall=0.029 
 Start: User modules' functions BeforeTimeStep() are calling
 End:   User modules' functions BeforeTimeStep() are calling; Timer: cpu0=0.000 wall=0.001 
 Start: Adaptation, TotalRealCellsCount= 64089 
 End:   Adaptation; Timer: cpu0=0.000 wall=0.003 
 Start: Initialize data arrays on chips
 End:   Initialize data arrays on chips, res= 0; Timer: cpu0=0.000 wall=0.001 
  ***** Maximum Geometrical Gauss = 9.02168e-15, cell= 19:3:1:0
  ***** Maximum MovingSurf  Gauss = 0, cell= 
 Start: Initialize data arrays on chips
 End:   Initialize data arrays on chips, res= 0; Timer: cpu0=0.000 wall=0.001 
 Start: TimeServis
 End:   TimeServis; Timer: cpu0=0.297 wall=0.032 
 Start: FindEnclaves
 End:   FindEnclaves; Timer: cpu0=0.047 wall=0.054 
 Start: VarValueService
 End:   VarValueService; Timer: cpu0=0.000 wall=0.001 
 Start: SolvePhaseEquation 
 End:   SolvePhaseEquation ; Timer: cpu0=9.922 wall=1.161 
 Start: SolidFiltersProcess: calculate forces and moments
 End:   SolidFiltersProcess: calculate forces and moments; Timer: cpu0=0.000 wall=0.002 
 Start: PrepareDataForNextStep
 End:   PrepareDataForNextStep; Timer: cpu0=0.344 wall=0.030 
 Start: VarValueService
 End:   VarValueService; Timer: cpu0=0.000 wall=0.001 
 Start: UpdateStopperData
 End:   UpdateStopperData; Timer: cpu0=0.000 wall=0.001 
 Start: Saving text status in E:\UniFlight\flow\full_rocket_fv\data\full_rocket.status
 End:   Saving text status in E:\UniFlight\flow\full_rocket_fv\data\full_rocket.status; Timer: cpu0=0.000 wall=0.002 
 End:   ===== Time Step =====, Iter number =  58; Timer: cpu0=11.219 wall=1.366 

20.06.26 07:54:11  ===== Processing Layers =====
20.06.26 07:54:11    *SEND* for CScalarLayer, GUID=5AEC5BFB-10CE-4F3C-B7EC-0A0B5ECD872A
 Start: ComputeVolumeCharacteristics
 End:   ComputeVolumeCharacteristics; Timer: cpu0=0.000 wall=0.003 
 Start: GetValueOnFacets
 End:   GetValueOnFacets; Timer: cpu0=0.000 wall=0.007 
20.06.26 07:54:11    *SEND* for CIntegralCharsLayer, GUID=4E090A0C-544B-E4A2-4242-BEC451D7CD2B
20.06.26 07:54:11    *SEND* for CIntegralCharsLayer, GUID=036B5437-43C7-094F-A55B-3650B75B8E77
20.06.26 07:54:11    *SEND* for CIntegralCharsLayer, GUID=42F420E7-AE23-4000-F99E-DC409DC96531
 End:   ===== Processing Layers =====; Timer: cpu0=0.016 wall=0.025 

20.06.26 07:54:11  ===== New Time Step =====, Iter number =  59
 Start: TimeServis
 End:   TimeServis; Timer: cpu0=0.203 wall=0.027 
 Start: User modules' functions BeforeTimeStep() are calling
 End:   User modules' functions BeforeTimeStep() are calling; Timer: cpu0=0.000 wall=0.003 
 Start: Adaptation, TotalRealCellsCount= 64089 
 End:   Adaptation; Timer: cpu0=0.000 wall=0.003 
 Start: Initialize data arrays on chips
 End:   Initialize data arrays on chips, res= 0; Timer: cpu0=0.000 wall=0.002 
  ***** Maximum Geometrical Gauss = 9.02168e-15, cell= 19:3:1:0
  ***** Maximum MovingSurf  Gauss = 0, cell= 
 Start: Initialize data arrays on chips
 End:   Initialize data arrays on chips, res= 0; Timer: cpu0=0.000 wall=0.001 
 Start: TimeServis
 End:   TimeServis; Timer: cpu0=0.250 wall=0.024 
 Start: FindEnclaves
 End:   FindEnclaves; Timer: cpu0=0.047 wall=0.044 
 Start: VarValueService
 End:   VarValueService; Timer: cpu0=0.000 wall=0.001 
 Start: SolvePhaseEquation 
 End:   SolvePhaseEquation ; Timer: cpu0=9.219 wall=1.115 
 Start: SolidFiltersProcess: calculate forces and moments
 End:   SolidFiltersProcess: calculate forces and moments; Timer: cpu0=0.000 wall=0.002 
 Start: PrepareDataForNextStep
 End:   PrepareDataForNextStep; Timer: cpu0=0.188 wall=0.030 
 Start: VarValueService
 End:   VarValueService; Timer: cpu0=0.000 wall=0.001 
 Start: UpdateStopperData
 End:   UpdateStopperData; Timer: cpu0=0.000 wall=0.001 
 Start: Saving text status in E:\UniFlight\flow\full_rocket_fv\data\full_rocket.status
 End:   Saving text status in E:\UniFlight\flow\full_rocket_fv\data\full_rocket.status; Timer: cpu0=0.000 wall=0.002 
 End:   ===== Time Step =====, Iter number =  59; Timer: cpu0=10.250 wall=1.309 

Simulation time end is reached, stopping solution.
SOLUTION STOPPED (TIME=89.154s, MPITIME=89.154s)

20.06.26 07:54:13  ===== Processing Layers =====
20.06.26 07:54:13    *SEND* for CScalarLayer, GUID=5AEC5BFB-10CE-4F3C-B7EC-0A0B5ECD872A
 Start: ComputeVolumeCharacteristics
 End:   ComputeVolumeCharacteristics; Timer: cpu0=0.000 wall=0.003 
 Start: GetValueOnFacets
 End:   GetValueOnFacets; Timer: cpu0=0.000 wall=0.005 
20.06.26 07:54:13    *SEND* for CIntegralCharsLayer, GUID=4E090A0C-544B-E4A2-4242-BEC451D7CD2B
20.06.26 07:54:13    *SEND* for CIntegralCharsLayer, GUID=036B5437-43C7-094F-A55B-3650B75B8E77
20.06.26 07:54:13    *SEND* for CIntegralCharsLayer, GUID=42F420E7-AE23-4000-F99E-DC409DC96531
 End:   ===== Processing Layers =====; Timer: cpu0=0.031 wall=0.022 
 Start: Saving values
 End:   Saving values, res= 0; Timer: cpu0=0.562 wall=0.058 
 Start: Saving grid index
 End:   Saving grid index, res= 0; Timer: cpu0=0.000 wall=0.001 
