 Start: ComputeIntegralCharacteristics
 End:   ComputeIntegralCharacteristics; Timer: cpu0=0.000 wall=0.003 
RESTART SOLUTION

Project name: flow0
Project path: E:\UniFlight\flow\flow0_fv\data\flow0.fvproj
Current node: 0 (step=0, time=0)

Current input data
------------------
Region:
   LocalFrameRef=(none)
   Rotation=(none)
   GeneralSettings:
      RefValue:
         Temp=273
         Pres=101000
      Gravity:
         x=0
         y=0
         z=0
      GPOINT:
         x=0
         y=0
         z=0
      g_density=0
   Substances[0l]:
      UIName=Substance #0
      Type=standart
      State=gas
      Properties[0l]:
         Dimension=kg/mole
         Value=0.029
      Properties[1l]:
         Dimension=kg/m^3
         Value=Ideal gas law
         dRodP=0
         dRodT=0
      Properties[2l]:
         Dimension=kg/(m*s)
         Value=2e-05
      Properties[3l]:
         Dimension=W/(m*K)
         Value=0.022
      Properties[4l]:
         Dimension=J/(kg*K)
         Value=1000
      Properties[5l]:
         Dimension=J/kg
         Value=0
      Properties[6l]:
         Dimension=J/kg
         Value=Linear function
      Properties[7l]:
         Dimension=Pa
         Value=0
      Properties[8l]:
         Dimension=A
         Value=0
      Properties[9l]:
         Dimension=K
         Value=0
      Properties[10l]:
         Dimension=1/(Ohm*m)
         Value=0
      Properties[11l]:
         Dimension=Relative
         Value=0
      Properties[12l]:
         Dimension=Relative
         Value=0
   Phases[0l]:
      UIName=Phase #0
      Type=Continuum
      MuMixingModel=MODEL2_MU
      LbMixingModel=MODEL2_LB
      Substances[0l]=Region.Substances[0]
      Equations:
         EquationClasses[0l]=(none)
         EquationClasses[1l]=(none)
         EquationClasses[2l]=CNavierStokesEqSys
         EquationClasses[3l]=(none)
         EquationClasses[4l]=CStandardKEpsEqSys
         EquationClasses[5l]=(none)
         EquationClasses[6l]=(none)
      Diam_Groups_Number_D=1
   Models[0l]:
      UIName=Model #0
      Phases[0l]=Region.Phases[0]
      InitialData[0l]:
         UIName=Init. data #0
         IniVars[0l]:
            Value:
               x=515
               y=27
               z=0
         IniVars[1l]:
            Value=0
         IniVars[2l]:
            Value=0.1
         IniVars[3l]:
            Value=0.468
      GapModel=(none)
      GapModelType=(none)
      Averaging:
         AveragingStartTime=0
   VisObjects[0l]:
      Users[0l]:
         Settings:
            MIndex=0
         Constraints=(none)
         normal:
            x=0
            y=0
            z=0
         IceSurface=False
         EnclaveAnalysis:
            Enabled=False
            SmallPolicy=KEEP
            VolThreshold=0
      Users[1l]:
         UIName=Init. condition #0
         Constraints=(none)
         ViewObject=Region.VisObjects[0]
         IniData=Region.Models[0].InitialData[0]
         Type=WholeCell
   VisObjects[1l]:
      UIName=Тело 3
      Users[0l]:
         UIName=Тело 3
         Object=Region.VisObjects[1]
         Constraints=(none)
         MarkCellsMode=BY_BOX
         Activation:
            Kind=PERMANENT
            TimeStart=0
            TimeDuration=0
            TimePeriod=0
            IterStart=1
            IterDuration=1
            IterPeriod=1
         Update:
            Kind=NON
            Time=0
            Iteration=1
         MassProperty:
            Mass=0
            CenterInertia:
               x=0
               y=0
               z=0
            MomentInertia0:
               x=0
               y=0
               z=0
            MomentInertia1:
               x=0
               y=0
               z=0
            MomentInertia2:
               x=0
               y=0
               z=0
         Movement:
            TimeVel:
               x=0
               y=0
               z=0
            Velocity:
               x=0
               y=0
               z=0
            TimeForce:
               x=0
               y=0
               z=0
            Force:
               x=0
               y=0
               z=0
            HydroForce:
               x=True
               y=True
               z=True
            Omega=1
         Rotation:
            UseCenterInertia=True
            Center:
               x=0
               y=0
               z=0
            TimeVel:
               x=0
               y=0
               z=0
            Velocity:
               x=0
               y=0
               z=0
            TimeMoment:
               x=0
               y=0
               z=0
            Moment:
               x=0
               y=0
               z=0
            HydroMoment:
               x=True
               y=True
               z=True
            Omega=1
         Location:
            Origin:
               x=0
               y=0
               z=0
            Def=CUSTOM_AXIS
            Angle=0
            Axis:
               x=1
               y=0
               z=0
            DefEuler=AVIA_RUS_ANGLES
            DefUser=THREE_AXES_XYZ
            Gamma=0
            Alpha=0
            Beta=0
            VIS_Ort0:
               x=1
               y=0
               z=0
            VIS_Ort1:
               x=0
               y=1
               z=0
            VIS_Ort2:
               x=0
               y=0
               z=1
            VIS_Scale=1
         Limitation:
            LimiterClass=CNoPositionLimiter
            Limiter=Region.VisObjects[1].Users[0].Limitation.Limiter
         DOF:
            Type=NO_LIMITS
            Point1:
               x=0
               y=0
               z=0
            Point2:
               x=1
               y=1
               z=1
            Translation=True
            Rotation=True
         FsiParams:
            ArtCompres=False
            MB_flexibility=0
            MB_mobility=0
         InsideOut=False
      Location:
         Origin:
            x=0
            y=0
            z=0
         Ort0:
            x=1
            y=0
            z=0
         Ort1:
            x=0
            y=1
            z=0
         Ort2:
            x=0
            y=0
            z=1
         Scale=1
      Source=E:\UniFlight\flow\\flow0_fv\data/Тело 3.vtk
      Information:
         NumGroups=0
         NumFacets=0
         NumPoints=0
         Dim:
            Center:
               x=0
               y=0
               z=0
            Size:
               x=0
               y=0
               z=0
            BoxMin:
               x=0
               y=0
               z=0
            BoxMax:
               x=0
               y=0
               z=0
      MinLengthOfEdge=0.0452404
   VisObjects[2l]:
      UIName=Смещенная плоскость:1
      center:
         x=0.0005
         y=0.0005
         z=0.01
      normal:
         x=0
         y=0
         z=1
      shiftAlongNormal=0
      planePoint:
         x=0.0005
         y=0.0005
         z=0.01
      Distance=0.01
   VisObjects[3l]:
      UIName=Supergroup #0
      Users[0l]:
         UIName=Характеристика Результат #1
         Object=Region.VisObjects[3]
         Settings:
            MIndex=0
         Constraints=(none)
         SubRegion=Region.VisObjects[3].Users[0].SubRegion
         MomentPt:
            x=0
            y=0
            z=0
         normal:
            x=0
            y=0
            z=0
         Var:
            Comp=SOURCE
         IceSurface=False
         ExtendedData=False
         EnclaveAnalysis:
            Enabled=False
            SmallPolicy=KEEP
            VolThreshold=0
   VisObjects[4l]:
      UIName=Supergroup #1
      Users[0l]:
         UIName=Характеристика Результат #2
         Object=Region.VisObjects[4]
         Settings:
            MIndex=0
         Constraints=(none)
         SubRegion=Region.VisObjects[3].Users[0].SubRegion
         MomentPt:
            x=0
            y=0
            z=0
         normal:
            x=0
            y=0
            z=0
         Var:
            Comp=SOURCE
         IceSurface=False
         ExtendedData=False
         EnclaveAnalysis:
            Enabled=False
            SmallPolicy=KEEP
            VolThreshold=0
   VisCharacteristics[0l]:
      Settings:
         MIndex=0
      Constraints=(none)
      normal:
         x=0
         y=0
         z=0
      IceSurface=False
      EnclaveAnalysis:
         Enabled=False
         SmallPolicy=KEEP
         VolThreshold=0
   VisCharacteristics[1l]:
      UIName=Характеристика Результат #1
      Object=Region.VisObjects[3]
      Settings:
         MIndex=0
      Constraints=(none)
      SubRegion=Region.VisObjects[3].Users[0].SubRegion
      MomentPt:
         x=0
         y=0
         z=0
      normal:
         x=0
         y=0
         z=0
      Var:
         Comp=SOURCE
      IceSurface=False
      ExtendedData=False
      EnclaveAnalysis:
         Enabled=False
         SmallPolicy=KEEP
         VolThreshold=0
   VisCharacteristics[2l]:
      UIName=Характеристика Результат #2
      Object=Region.VisObjects[4]
      Settings:
         MIndex=0
      Constraints=(none)
      SubRegion=Region.VisObjects[3].Users[0].SubRegion
      MomentPt:
         x=0
         y=0
         z=0
      normal:
         x=0
         y=0
         z=0
      Var:
         Comp=SOURCE
      IceSurface=False
      ExtendedData=False
      EnclaveAnalysis:
         Enabled=False
         SmallPolicy=KEEP
         VolThreshold=0
   VisibleSubRegs[0l]:
      UIName=SubRegion #0
      Model=Region.Models[0]
      Volume=1.24187e+07
      LocalFrameRef=(none)
      Rotation=(none)
      BConditions[0l]:
         UIName=Граничное условие
         Type=WALL
         WallTypes[0l]=WALLFUNC_EQUIL
         Roughness=0
         Wetangle=90
         GapSealing=-1
         AlphaWall=-1
         GapThermalConductance=-1
         LocalFrameRef=(none)
         Rotation=(none)
         Translation=(none)
         VarConditions[0l]:
            PhaseName=Phase #0
            Type=CBVelWallLogarithmLaw
         VarConditions[1l]:
            PhaseName=Phase #0
            Type=CBVarValueNearWall
         VarConditions[2l]:
            PhaseName=Phase #0
            Type=CBVarValueNearWall
         Color=0x00ff0000
         Area=217.396
         VarTypes[0l]=CBVelWallLogarithmLaw
         VarTypes[1l]=CBVarValueNearWall
         VarTypes[2l]=CBVarValueNearWall
         NumberOfSectors=0
         BinderCondition=(none)
         Binder=(none)
      BConditions[1l]:
         UIName=EXTENDED_INLET
         Type=INLETOUTLET
         WallTypes[0l]=WALLFUNC_EQUIL
         Roughness=0
         Wetangle=90
         GapSealing=-1
         AlphaWall=-1
         GapThermalConductance=-1
         LocalFrameRef=(none)
         Rotation=(none)
         Translation=(none)
         VarConditions[0l]:
            PhaseName=Phase #0
            Type=CBVelVectorPres
            VelVector:
               x=515
               y=27
               z=0
            VIS_Pres=0
         VarConditions[1l]:
            PhaseName=Phase #0
            Type=CBVarTurbPulsation
            WallValue=0.1
         VarConditions[2l]:
            PhaseName=Phase #0
            Type=CBVarTurbLengthScale
            WallValue=0.468
         Color=0x00ff0000
         Area=0
         VarTypes[0l]=CBVelVectorPres
         VarTypes[1l]=CBVarTurbPulsation
         VarTypes[2l]=CBVarTurbLengthScale
         NumberOfSectors=0
         BinderCondition=(none)
         Binder=(none)
      BConditions[2l]:
         UIName=EXTENDED_OUTLET
         Type=FREEOUTLET
         WallTypes[0l]=WALLFUNC_EQUIL
         Roughness=0
         Wetangle=90
         GapSealing=-1
         AlphaWall=-1
         GapThermalConductance=-1
         LocalFrameRef=(none)
         Rotation=(none)
         Translation=(none)
         VarConditions[0l]:
            PhaseName=Phase #0
            Type=CBVelOutlet
            Pressure=0
         VarConditions[1l]:
            PhaseName=Phase #0
            Type=CBVarZeroFlux
         VarConditions[2l]:
            PhaseName=Phase #0
            Type=CBVarZeroFlux
         Color=0x00ff0000
         Area=0
         VarTypes[0l]=CBVelOutlet
         VarTypes[1l]=CBVarZeroFlux
         VarTypes[2l]=CBVarZeroFlux
         NumberOfSectors=0
         BinderCondition=(none)
         Binder=(none)
      BConditions[3l]:
         UIName=EXTENDED_NONREFLECT
         Type=NONREFLECT
         WallTypes[0l]=WALLFUNC_EQUIL
         Roughness=0
         Wetangle=90
         GapSealing=-1
         AlphaWall=-1
         GapThermalConductance=-1
         LocalFrameRef=(none)
         Rotation=(none)
         Translation=(none)
         VarConditions[0l]:
            PhaseName=Phase #0
            Type=CBVelRiemann
            VelInf:
               x=515
               y=27
               z=0
            PresInf=0
         VarConditions[1l]:
            PhaseName=Phase #0
            Type=CBVarTurbPulsation
            WallValue=0
         VarConditions[2l]:
            PhaseName=Phase #0
            Type=CBVarTurbLengthScale
            WallValue=0
         Color=0x00ff0000
         Area=629104
         VarTypes[0l]=CBVelRiemann
         VarTypes[1l]=CBVarTurbPulsation
         VarTypes[2l]=CBVarTurbLengthScale
         NumberOfSectors=0
         BinderCondition=(none)
         Binder=(none)
      Filters[0l]:
         UIName=Тело 3
         Object=Region.VisObjects[1]
         Constraints=(none)
         MarkCellsMode=BY_BOX
         Activation:
            Kind=PERMANENT
            TimeStart=0
            TimeDuration=0
            TimePeriod=0
            IterStart=1
            IterDuration=1
            IterPeriod=1
         Update:
            Kind=NON
            Time=0
            Iteration=1
         MassProperty:
            Mass=0
            CenterInertia:
               x=0
               y=0
               z=0
            MomentInertia0:
               x=0
               y=0
               z=0
            MomentInertia1:
               x=0
               y=0
               z=0
            MomentInertia2:
               x=0
               y=0
               z=0
         Movement:
            TimeVel:
               x=0
               y=0
               z=0
            Velocity:
               x=0
               y=0
               z=0
            TimeForce:
               x=0
               y=0
               z=0
            Force:
               x=0
               y=0
               z=0
            HydroForce:
               x=True
               y=True
               z=True
            Omega=1
         Rotation:
            UseCenterInertia=True
            Center:
               x=0
               y=0
               z=0
            TimeVel:
               x=0
               y=0
               z=0
            Velocity:
               x=0
               y=0
               z=0
            TimeMoment:
               x=0
               y=0
               z=0
            Moment:
               x=0
               y=0
               z=0
            HydroMoment:
               x=True
               y=True
               z=True
            Omega=1
         Location:
            Origin:
               x=0
               y=0
               z=0
            Def=CUSTOM_AXIS
            Angle=0
            Axis:
               x=1
               y=0
               z=0
            DefEuler=AVIA_RUS_ANGLES
            DefUser=THREE_AXES_XYZ
            Gamma=0
            Alpha=0
            Beta=0
            VIS_Ort0:
               x=1
               y=0
               z=0
            VIS_Ort1:
               x=0
               y=1
               z=0
            VIS_Ort2:
               x=0
               y=0
               z=1
            VIS_Scale=1
         Limitation:
            LimiterClass=CNoPositionLimiter
            Limiter=Region.VisObjects[1].Users[0].Limitation.Limiter
         DOF:
            Type=NO_LIMITS
            Point1:
               x=0
               y=0
               z=0
            Point2:
               x=1
               y=1
               z=1
            Translation=True
            Rotation=True
         FsiParams:
            ArtCompres=False
            MB_flexibility=0
            MB_mobility=0
         InsideOut=False
      InitialData[0l]:
         UIName=Init. condition #0
         Constraints=(none)
         ViewObject=Region.VisObjects[0]
         IniData=Region.Models[0].InitialData[0]
         Type=WholeCell
   BinderLinks:
   ExtInteractions:
      ExchangeTime:
         Type=Region.ExtInteractions.ExchangeTime.Type
         UserStep=0.01
         UndefStep=0.001
         StepCoef=1
      OldOffsetMethod=True
      SaveAfterReceive=False
   GridParameters:
      InitialGrid:
         GridStruct=GRID_3D
         GridPlane=PLANE_XY
         GridDirect=DIRECT_X
         nx=10
         X[0l]=-307.34
         X[1l]=-244.34
         X[2l]=-181.34
         X[3l]=-118.34
         X[4l]=-55.3396
         X[5l]=7.66041
         X[6l]=70.6604
         X[7l]=133.66
         X[8l]=196.66
         X[9l]=259.66
         X[10l]=322.66
         ny=10
         Y[0l]=-210.6
         Y[1l]=-168.48
         Y[2l]=-126.36
         Y[3l]=-84.24
         Y[4l]=-42.12
         Y[5l]=0
         Y[6l]=42.12
         Y[7l]=84.24
         Y[8l]=126.36
         Y[9l]=168.48
         Y[10l]=210.6
         nz=10
         Z[0l]=-23.4
         Z[1l]=-18.72
         Z[2l]=-14.04
         Z[3l]=-9.36
         Z[4l]=-4.68
         Z[5l]=-7.10543e-15
         Z[6l]=4.68
         Z[7l]=9.36
         Z[8l]=14.04
         Z[9l]=18.72
         Z[10l]=23.4
      Adaptation:
         Activation:
            Kind=BYITER
            TimeStart=0
            TimeDuration=0
            TimePeriod=0
            IterStart=-1
            IterDuration=2
            IterPeriod=1000000
         Criteria[0l]:
            UIName=Adaptation #0
            Activation=True
            maxLevel=0
            subregArray[0l]=Region.VisObjects[3].Users[0].SubRegion
            placeArray[0l]:
               Place=Region.VisObjects[0]
               Settings:
                  MIndex=0
            AdpStatType=MERGE
            TwoChips=True
            Concavity=True
            OpSameBC=True
            OpDiffConj=True
            AdpToCurvParams:
               IsActive=False
               AddLevels=2
               SurfCurvMaxAngle=15
               SurfCurvUpperLimit=120
            AdpToEdgeParams:
               IsActive=False
               AddLevels=2
               SharpEdgeAngle=60
            layerCounts[0l]=1
         Criteria[1l]:
            UIName=Адаптация #1
            Activation=True
            maxLevel=2
            subregArray[0l]=Region.VisObjects[3].Users[0].SubRegion
            AdpStatType=DIVIDE
            TwoChips=True
            Concavity=True
            OpSameBC=True
            OpDiffConj=True
            AdpToCurvParams:
               IsActive=False
               AddLevels=2
               SurfCurvMaxAngle=15
               SurfCurvUpperLimit=120
            AdpToEdgeParams:
               IsActive=False
               AddLevels=2
               SharpEdgeAngle=60
            layerCounts[0l]=3
            layerCounts[1l]=3
      AdaptationToCond:
         Activation:
            Kind=PERMANENT
            TimeStart=0
            TimeDuration=0
            TimePeriod=0
            IterStart=1
            IterDuration=1
            IterPeriod=1
      AdaptationToSolution:
         Activation:
            Kind=BYITER
            TimeStart=0
            TimeDuration=0
            TimePeriod=0
            IterStart=10
            IterDuration=2
            IterPeriod=10
         Criteria[0l]:
            UIName=Adaptation to solution #0
            Activation=True
            maxLevel=2
            subregArray[0l]=Region.VisObjects[3].Users[0].SubRegion
            placeArray[0l]:
               Place=Region.VisObjects[0]
               Settings:
                  MIndex=0
            varArray[0l]:
               Variable:
                  Comp=SOURCE
               Type=GRADIENT
               Value=0
               Weight=1
         cellCount=100000
      OBLGrids:
         Activation:
            Type=PERMANENT
            IterStart=0
            TimeStart=0
   DllManager:
   Source=E:\UniFlight\flow\\flow0_fv\data/flow0.vtk
   Information:
      NumGroups=6
      NumFacets=12
      NumPoints=8
      Dim:
         Center:
            x=7.66041
            y=0
            z=-5.32907e-15
         Size:
            x=630
            y=421.2
            z=46.8
         BoxMin:
            x=-307.34
            y=-210.6
            z=-23.4
         BoxMax:
            x=322.66
            y=210.6
            z=23.4
   Tolerance=1e-08
   MinLengthOfEdge=46.8



Current controls data
------------------
Controls:
   TimeStep:
      Type=CFL
      Step=0.001
      CFL=35
      CFLSURF=1e+20
      CFLDIFF=1e+20
      CFLSLIDE=1
      CFLFILM=5
      Maximum=0.1
      Minimum=1e-20
      DisConvergenceLimit=1e-10
      GradP_use=True
      ImplicitMotion:
         MassCorrectionCoeff=1
         Enabled=False
         MaxIterations=10
         IterDuration=5
         MaxResidual=0.01
         Relaxation=0.5
         ArtCompressCoeff=0.75
   Advanced:
      Scheme:
         Type=Smooth
         Skew=False
         SchemeType=Implicit
         TimeStepping:
            Method=Standard
            NumCoupling=1
         SideGradAppr=True
         PresGrad=Simple
         PresTotal=PtotSimple
         OffSpeed=False
         densDependendConc=False
         AddSmoothByAdapt=False
         JointSol=False
      LES:
         SolverType=AST
         RelTol=1e-10
         UseA=True
         MaxIterA=100
         UseS=True
         MaxIterS=250
         FinalizeSQD=False
         UseT=True
         MaxIterT=400
      LimValue:
         StresMax=1e+20
         PresMin=-1e+20
         PresMax=1e+20
         Extrapolation=False
         FluxMax=1e+20
      MHDParameters:
         iterationsnumber=1
         useMHDtimestep=False
         diffaktor=0
      VOFParameters:
         conservative_VOF=True
         relaxation_VOF=1
         VOF_CFL=0
         useVOFtimestep=True
         useVOFSRCtimestep=False
         usedroplets=False
         vof_LEV=0.0001
         useConservativeVelocity=False
         useSigmaSurfGradCalc=False
      DISPERSEDparam:
         Type=Upwind
         FitaDmin=0.001
         useFilmTimeStep=False
         IcingActivation:
            Type=OFF
            IterStart=0
            TimeStart=0
      CheckGrid=False
      AdaptThroughGap=True
      Balancing:
         Kind=NON
         TimeStart=0
         TimeDuration=0
         TimePeriod=0
         IterStart=1
         IterDuration=1
         IterPeriod=1
      TurbulenceParameters:
         DistViaPotential=True
         StandardWF=False
         Fr_background=0.09
         T_profile=3
         T_Kader=False
         T_variation=False
      ChemistryParameters:
         MatrixSolver=False
      ExportLoadings:
         SaveData:
            Kind=NON
            Time=0
            Iteration=1
            Filename=loadings.glo
            Mode=APPEND
            UpdateOnStop=False
            Format=(none)
         Subject=NODE_LOADINGS
      MainLog:
         WriteMainLog=True
         MainLogDepth=1
      SlideSurface:
         Type=Sliding
      SmoothDiffFluxes=False
   Limiters:
      CalcLimiters:
         CommonCalcLims:
            K_volumedata=0.5
         PhaseCalcLims[0l]:
            EditValues[0l]=1e-10
            EditValues[1l]=1e+20
            EditValues[2l]=-1e+20
            EditValues[3l]=1e+20
            EditValues[4l]=1e-09
            EditValues[5l]=1e+20
            SmallCellParameters:
               Type=ABSOLUTE
               Criteria=0.2
               DynamicCriteria=0.2
            VeryViscouseFlow=False
   AutoSave:
      NonStationary=False
      Frequency:
         Kind=BYITER
         Time=0
         Iteration=50
      SaveVTK:
         Enabled=False
         Binary=True
      EnSight:
         Enabled=False
         Binary=True
   LayerAutoSave:
      NonStationary=False
      Frequency:
         Kind=NON
         Time=0
         Iteration=50
      SaveSolids=True
   TortAutoSave:
      Enabled=False
      AdaptLevel=3
      Method=Multiply
   ExportLMS:
      SubRegion=(none)
      OnSurface:
         Enabled=False
         SplitSources=False
      InVolume:
         Enabled=False
         Box=(none)
         Grid:
            LocalSystem=True
            Nodes1_i=101
            Nodes2_i=101
            Nodes3_i=101
            Nodes1_s=101
            Nodes2_s=101
            Nodes3_s=101
      Start:
         Kind=BYTIME
         TimeStart=0
         IterStart=1
      Transformation:
         Origin:
            x=0
            y=0
            z=0
         Ort0:
            x=1
            y=0
            z=0
         Ort1:
            x=0
            y=1
            z=0
         Ort2:
            x=0
            y=0
            z=1
         Scale=1
   Stoppers:
      TimeSpan:
         begin=0
         end=6
      Iterations:
         Number=1000000
      StopperResidual[0l]:
         Level=0
         Averaging=COMMON
         AveragingSettings:
            Kind=BYTIME
            Time=0
            Iteration=1
         Color=0x00006312
      StopperResidual[1l]:
         Level=0
         Averaging=COMMON
         AveragingSettings:
            Kind=BYTIME
            Time=0
            Iteration=1
         Color=0x004b4bf4
      StopperResidual[2l]:
         Level=0
         Averaging=COMMON
         AveragingSettings:
            Kind=BYTIME
            Time=0
            Iteration=1
         Color=0x00e55458
      StopperResidual[3l]:
         Level=0
         Averaging=COMMON
         AveragingSettings:
            Kind=BYTIME
            Time=0
            Iteration=1
         Color=0x00c76be7
      StopperUser[0l]:
         UIName=Результат #1
         Level=0
         Averaging=COMMON
         AveragingSettings:
            Kind=BYTIME
            Time=0
            Iteration=1
         Color=0x00006312
         Object=Controls.Stoppers.StopperUser[0].Object
         Group=0
         UGV=14
         Comp=X
      StopperUser[1l]:
         UIName=Результат #2
         Level=0
         Averaging=COMMON
         AveragingSettings:
            Kind=BYTIME
            Time=0
            Iteration=1
         Color=0x004b4bf4
         Object=Controls.Stoppers.StopperUser[1].Object
         Group=0
         UGV=14
         Comp=Y
      Update:
         Kind=BYTIME
         Time=0
         Iteration=1
      StopIterations=5
      StartSettings:
         CheckMode=CHECKITER
         StartTime=0
         StartIter=0


------------------

SOLUTION STARTED
FlowVision Solver, version 3.13.01-W64 build 20240822 changeset 0.

19.06.26 00:56:45  ===== PreSolve Step =====
 Grid rebuild type:  1
 Start: DistributeGridOnProcessors
 End:   DistributeGridOnProcessors, res= 0; Timer: cpu0=0.000 wall=0.002 
 Start: DistributeFacet
 End:   DistributeFacet, res= 0; Timer: cpu0=0.000 wall=0.001 
 Start: DistributeGridOnProcessors
 End:   DistributeGridOnProcessors, res= 0; Timer: cpu0=0.000 wall=0.002 
 Start: DistributeFacet
 End:   DistributeFacet, res= 0; Timer: cpu0=0.000 wall=0.000 
 Start: BuildRealCells
 End:   BuildRealCells, res= 0; Timer: cpu0=0.047 wall=0.011 
 Start: SetNeiHyperCells
 End:   SetNeiHyperCells, res= 0; Timer: cpu0=0.000 wall=0.002 
 Start: SetNeiHyperCells
 End:   SetNeiHyperCells, res= 0; Timer: cpu0=0.000 wall=0.001 
 Start: TransferSubregs
 End:   TransferSubregs, res= 0; Timer: cpu0=0.000 wall=0.001 
 Start: CreateData
 End:   CreateData, res= 0; Timer: cpu0=0.000 wall=0.000 
 Start: Adaptation, TotalRealCellsCount= 1000 
 End:   Adaptation; Timer: cpu0=0.000 wall=0.001 
 Start: DistributeGridOnProcessors
 End:   DistributeGridOnProcessors, res= 0; Timer: cpu0=0.000 wall=0.007 
 Start: SetNeiHyperCells
 End:   SetNeiHyperCells, res= 0; Timer: cpu0=0.000 wall=0.001 
 Start: DataInitialization
 End:   DataInitialization; Timer: cpu0=0.031 wall=0.003 
 End:   ===== PreSolve Step =====; Timer: cpu0=0.078 wall=0.055 
19.06.26 00:56:45  ===== Processing Layers =====
19.06.26 00:56:45    *SEND* for CScalarLayer, GUID=20EF85B2-A591-4725-81AB-60DAC698399B
 Start: ComputeVolumeCharacteristics
 End:   ComputeVolumeCharacteristics; Timer: cpu0=0.000 wall=0.001 
 Start: GetValueOnFacets
 End:   GetValueOnFacets; Timer: cpu0=0.000 wall=0.001 
19.06.26 00:56:45    *SEND* for CIntegralCharsLayer, GUID=4E090A0C-544B-E4A2-4242-BEC451D7CD2B
19.06.26 00:56:45    *SEND* for CIntegralCharsLayer, GUID=31808156-48FC-642E-E9A9-1C76818B1B79
19.06.26 00:56:45    *SEND* for CIntegralCharsLayer, GUID=0E38F7F9-841D-0B4D-8D59-C19FAEC71A1F
 End:   ===== Processing Layers =====; Timer: cpu0=0.000 wall=0.009 

19.06.26 00:56:45  ===== New Time Step =====, Iter number =  0
 Start: SolidFiltersProcess
 End:   SolidFiltersProcess, res= 0; Timer: cpu0=0.016 wall=0.010 
 Start: TimeServis
 End:   TimeServis; Timer: cpu0=0.000 wall=0.002 
 Start: User modules' functions BeforeTimeStep() are calling
 End:   User modules' functions BeforeTimeStep() are calling; Timer: cpu0=0.000 wall=0.001 
 Start: Adaptation, TotalRealCellsCount= 1004 
 End:   Adaptation; Timer: cpu0=0.000 wall=0.001 
 Start: Initialize data arrays on chips
 End:   Initialize data arrays on chips, res= 0; Timer: cpu0=0.000 wall=0.000 
  ***** Maximum Geometrical Gauss = 2.31353e-15, cell= 97:0
  ***** Maximum MovingSurf  Gauss = 0, cell= 
 Start: Remove Small Cells
 End:   Remove Small Cells; Timer: cpu0=0.000 wall=0.001 
 Start: Initialize data arrays on chips
 End:   Initialize data arrays on chips, res= 0; Timer: cpu0=0.000 wall=0.000 
  ***** Maximum Geometrical Gauss = 2.31353e-15, cell= 97:0
  ***** Maximum MovingSurf  Gauss = 0, cell= 
 Start: Initialize data arrays on chips
 End:   Initialize data arrays on chips, res= 0; Timer: cpu0=0.000 wall=0.000 
 Start: Modify Chip Data
 End:   Modify Chip Data; Timer: cpu0=0.000 wall=0.001 
 Start: TimeServis
 End:   TimeServis; Timer: cpu0=0.000 wall=0.001 
 Start: FindEnclaves
 End:   FindEnclaves; Timer: cpu0=0.000 wall=0.001 
 Start: VarValueService
 End:   VarValueService; Timer: cpu0=0.000 wall=0.001 
 Start: SolvePhaseEquation 
 End:   SolvePhaseEquation ; Timer: cpu0=0.391 wall=0.041 
 Start: SolidFiltersProcess: calculate forces and moments
 End:   SolidFiltersProcess: calculate forces and moments; Timer: cpu0=0.000 wall=0.001 
 Start: PrepareDataForNextStep
 End:   PrepareDataForNextStep; Timer: cpu0=0.000 wall=0.004 
 Start: VarValueService
 End:   VarValueService; Timer: cpu0=0.000 wall=0.000 
 Start: UpdateStopperData
 End:   UpdateStopperData; Timer: cpu0=0.000 wall=0.000 
 Start: Saving text status in E:\UniFlight\flow\flow0_fv\data\flow0.status
 End:   Saving text status in E:\UniFlight\flow\flow0_fv\data\flow0.status; Timer: cpu0=0.000 wall=0.001 
 End:   ===== Time Step =====, Iter number =  0; Timer: cpu0=0.406 wall=0.084 

19.06.26 00:56:47  ===== Processing Layers =====
19.06.26 00:56:47    *SEND* for CScalarLayer, GUID=20EF85B2-A591-4725-81AB-60DAC698399B
 Start: ComputeVolumeCharacteristics
 End:   ComputeVolumeCharacteristics; Timer: cpu0=0.000 wall=0.001 
 Start: GetValueOnFacets
 End:   GetValueOnFacets; Timer: cpu0=0.000 wall=0.004 
19.06.26 00:56:47    *SEND* for CIntegralCharsLayer, GUID=4E090A0C-544B-E4A2-4242-BEC451D7CD2B
19.06.26 00:56:47    *SEND* for CIntegralCharsLayer, GUID=31808156-48FC-642E-E9A9-1C76818B1B79
19.06.26 00:56:47    *SEND* for CIntegralCharsLayer, GUID=0E38F7F9-841D-0B4D-8D59-C19FAEC71A1F
 End:   ===== Processing Layers =====; Timer: cpu0=0.000 wall=0.011 

19.06.26 00:56:47  ===== New Time Step =====, Iter number =  1
 Start: TimeServis
 End:   TimeServis; Timer: cpu0=0.000 wall=0.002 
 Start: User modules' functions BeforeTimeStep() are calling
 End:   User modules' functions BeforeTimeStep() are calling; Timer: cpu0=0.000 wall=0.000 
 Start: Adaptation, TotalRealCellsCount= 1004 
 End:   Adaptation; Timer: cpu0=0.000 wall=0.001 
 Start: Initialize data arrays on chips
 End:   Initialize data arrays on chips, res= 0; Timer: cpu0=0.000 wall=0.000 
  ***** Maximum Geometrical Gauss = 2.31353e-15, cell= 97:0
  ***** Maximum MovingSurf  Gauss = 0, cell= 
 Start: Initialize data arrays on chips
 End:   Initialize data arrays on chips, res= 0; Timer: cpu0=0.000 wall=0.000 
 Start: TimeServis
 End:   TimeServis; Timer: cpu0=0.000 wall=0.001 
 Start: FindEnclaves
 End:   FindEnclaves; Timer: cpu0=0.000 wall=0.001 
 Start: VarValueService
 End:   VarValueService; Timer: cpu0=0.000 wall=0.000 
 Start: SolvePhaseEquation 
 End:   SolvePhaseEquation ; Timer: cpu0=0.328 wall=0.038 
 Start: SolidFiltersProcess: calculate forces and moments
 End:   SolidFiltersProcess: calculate forces and moments; Timer: cpu0=0.000 wall=0.000 
 Start: PrepareDataForNextStep
 End:   PrepareDataForNextStep; Timer: cpu0=0.000 wall=0.004 
 Start: VarValueService
 End:   VarValueService; Timer: cpu0=0.000 wall=0.000 
 Start: UpdateStopperData
 End:   UpdateStopperData; Timer: cpu0=0.000 wall=0.000 
 Start: Saving text status in E:\UniFlight\flow\flow0_fv\data\flow0.status
 End:   Saving text status in E:\UniFlight\flow\flow0_fv\data\flow0.status; Timer: cpu0=0.000 wall=0.005 
 End:   ===== Time Step =====, Iter number =  1; Timer: cpu0=0.328 wall=0.068 

19.06.26 00:56:47  ===== Processing Layers =====
19.06.26 00:56:47    *SEND* for CScalarLayer, GUID=20EF85B2-A591-4725-81AB-60DAC698399B
 Start: ComputeVolumeCharacteristics
 End:   ComputeVolumeCharacteristics; Timer: cpu0=0.000 wall=0.000 
 Start: GetValueOnFacets
 End:   GetValueOnFacets; Timer: cpu0=0.000 wall=0.004 
19.06.26 00:56:47    *SEND* for CIntegralCharsLayer, GUID=4E090A0C-544B-E4A2-4242-BEC451D7CD2B
19.06.26 00:56:47    *SEND* for CIntegralCharsLayer, GUID=31808156-48FC-642E-E9A9-1C76818B1B79
19.06.26 00:56:47    *SEND* for CIntegralCharsLayer, GUID=0E38F7F9-841D-0B4D-8D59-C19FAEC71A1F
 End:   ===== Processing Layers =====; Timer: cpu0=0.000 wall=0.013 

19.06.26 00:56:47  ===== New Time Step =====, Iter number =  2
 Start: TimeServis
 End:   TimeServis; Timer: cpu0=0.000 wall=0.001 
 Start: User modules' functions BeforeTimeStep() are calling
 End:   User modules' functions BeforeTimeStep() are calling; Timer: cpu0=0.000 wall=0.000 
 Start: Adaptation, TotalRealCellsCount= 1004 
 End:   Adaptation; Timer: cpu0=0.000 wall=0.001 
 Start: Initialize data arrays on chips
 End:   Initialize data arrays on chips, res= 0; Timer: cpu0=0.000 wall=0.000 
  ***** Maximum Geometrical Gauss = 2.31353e-15, cell= 97:0
  ***** Maximum MovingSurf  Gauss = 0, cell= 
 Start: Initialize data arrays on chips
 End:   Initialize data arrays on chips, res= 0; Timer: cpu0=0.000 wall=0.000 
 Start: TimeServis
 End:   TimeServis; Timer: cpu0=0.000 wall=0.001 
 Start: FindEnclaves
 End:   FindEnclaves; Timer: cpu0=0.000 wall=0.001 
 Start: VarValueService
 End:   VarValueService; Timer: cpu0=0.000 wall=0.001 
 Start: SolvePhaseEquation 
 End:   SolvePhaseEquation ; Timer: cpu0=0.234 wall=0.039 
 Start: SolidFiltersProcess: calculate forces and moments
 End:   SolidFiltersProcess: calculate forces and moments; Timer: cpu0=0.000 wall=0.000 
 Start: PrepareDataForNextStep
 End:   PrepareDataForNextStep; Timer: cpu0=0.000 wall=0.004 
 Start: VarValueService
 End:   VarValueService; Timer: cpu0=0.000 wall=0.001 
 Start: UpdateStopperData
 End:   UpdateStopperData; Timer: cpu0=0.000 wall=0.001 
 Start: Saving text status in E:\UniFlight\flow\flow0_fv\data\flow0.status
 End:   Saving text status in E:\UniFlight\flow\flow0_fv\data\flow0.status; Timer: cpu0=0.000 wall=0.001 
 End:   ===== Time Step =====, Iter number =  2; Timer: cpu0=0.234 wall=0.065 

19.06.26 00:56:48  ===== Processing Layers =====
19.06.26 00:56:48    *SEND* for CScalarLayer, GUID=20EF85B2-A591-4725-81AB-60DAC698399B
 Start: ComputeVolumeCharacteristics
 End:   ComputeVolumeCharacteristics; Timer: cpu0=0.000 wall=0.002 
 Start: GetValueOnFacets
 End:   GetValueOnFacets; Timer: cpu0=0.000 wall=0.004 
19.06.26 00:56:48    *SEND* for CIntegralCharsLayer, GUID=4E090A0C-544B-E4A2-4242-BEC451D7CD2B
19.06.26 00:56:48    *SEND* for CIntegralCharsLayer, GUID=31808156-48FC-642E-E9A9-1C76818B1B79
19.06.26 00:56:48    *SEND* for CIntegralCharsLayer, GUID=0E38F7F9-841D-0B4D-8D59-C19FAEC71A1F
 End:   ===== Processing Layers =====; Timer: cpu0=0.000 wall=0.014 

19.06.26 00:56:48  ===== New Time Step =====, Iter number =  3
 Start: TimeServis
 End:   TimeServis; Timer: cpu0=0.000 wall=0.002 
 Start: User modules' functions BeforeTimeStep() are calling
 End:   User modules' functions BeforeTimeStep() are calling; Timer: cpu0=0.000 wall=0.001 
 Start: Adaptation, TotalRealCellsCount= 1004 
 End:   Adaptation; Timer: cpu0=0.000 wall=0.000 
 Start: Initialize data arrays on chips
 End:   Initialize data arrays on chips, res= 0; Timer: cpu0=0.000 wall=0.001 
  ***** Maximum Geometrical Gauss = 2.31353e-15, cell= 97:0
  ***** Maximum MovingSurf  Gauss = 0, cell= 
 Start: Initialize data arrays on chips
 End:   Initialize data arrays on chips, res= 0; Timer: cpu0=0.000 wall=0.001 
 Start: TimeServis
 End:   TimeServis; Timer: cpu0=0.000 wall=0.001 
 Start: FindEnclaves
 End:   FindEnclaves; Timer: cpu0=0.016 wall=0.001 
 Start: VarValueService
 End:   VarValueService; Timer: cpu0=0.000 wall=0.001 
 Start: SolvePhaseEquation 
 End:   SolvePhaseEquation ; Timer: cpu0=0.172 wall=0.041 
 Start: SolidFiltersProcess: calculate forces and moments
 End:   SolidFiltersProcess: calculate forces and moments; Timer: cpu0=0.000 wall=0.000 
 Start: PrepareDataForNextStep
 End:   PrepareDataForNextStep; Timer: cpu0=0.016 wall=0.005 
 Start: VarValueService
 End:   VarValueService; Timer: cpu0=0.000 wall=0.000 
 Start: UpdateStopperData
 End:   UpdateStopperData; Timer: cpu0=0.000 wall=0.000 
 Start: Saving text status in E:\UniFlight\flow\flow0_fv\data\flow0.status
 End:   Saving text status in E:\UniFlight\flow\flow0_fv\data\flow0.status; Timer: cpu0=0.000 wall=0.000 
 End:   ===== Time Step =====, Iter number =  3; Timer: cpu0=0.203 wall=0.067 

19.06.26 00:56:48  ===== Processing Layers =====
19.06.26 00:56:48    *SEND* for CScalarLayer, GUID=20EF85B2-A591-4725-81AB-60DAC698399B
 Start: ComputeVolumeCharacteristics
 End:   ComputeVolumeCharacteristics; Timer: cpu0=0.000 wall=0.001 
 Start: GetValueOnFacets
 End:   GetValueOnFacets; Timer: cpu0=0.000 wall=0.005 
19.06.26 00:56:48    *SEND* for CIntegralCharsLayer, GUID=4E090A0C-544B-E4A2-4242-BEC451D7CD2B
19.06.26 00:56:48    *SEND* for CIntegralCharsLayer, GUID=31808156-48FC-642E-E9A9-1C76818B1B79
19.06.26 00:56:48    *SEND* for CIntegralCharsLayer, GUID=0E38F7F9-841D-0B4D-8D59-C19FAEC71A1F
 End:   ===== Processing Layers =====; Timer: cpu0=0.000 wall=0.018 

19.06.26 00:56:49  ===== New Time Step =====, Iter number =  4
 Start: TimeServis
 End:   TimeServis; Timer: cpu0=0.000 wall=0.002 
 Start: User modules' functions BeforeTimeStep() are calling
 End:   User modules' functions BeforeTimeStep() are calling; Timer: cpu0=0.000 wall=0.001 
 Start: Adaptation, TotalRealCellsCount= 1004 
 End:   Adaptation; Timer: cpu0=0.000 wall=0.001 
 Start: Initialize data arrays on chips
 End:   Initialize data arrays on chips, res= 0; Timer: cpu0=0.000 wall=0.000 
  ***** Maximum Geometrical Gauss = 2.31353e-15, cell= 97:0
  ***** Maximum MovingSurf  Gauss = 0, cell= 
 Start: Initialize data arrays on chips
 End:   Initialize data arrays on chips, res= 0; Timer: cpu0=0.000 wall=0.000 
 Start: TimeServis
 End:   TimeServis; Timer: cpu0=0.000 wall=0.002 
 Start: FindEnclaves
 End:   FindEnclaves; Timer: cpu0=0.000 wall=0.001 
 Start: VarValueService
 End:   VarValueService; Timer: cpu0=0.000 wall=0.001 
 Start: SolvePhaseEquation 
 End:   SolvePhaseEquation ; Timer: cpu0=0.062 wall=0.051 
 Start: SolidFiltersProcess: calculate forces and moments
 End:   SolidFiltersProcess: calculate forces and moments; Timer: cpu0=0.000 wall=0.001 
 Start: PrepareDataForNextStep
 End:   PrepareDataForNextStep; Timer: cpu0=0.031 wall=0.006 
 Start: VarValueService
 End:   VarValueService; Timer: cpu0=0.000 wall=0.001 
 Start: UpdateStopperData
 End:   UpdateStopperData; Timer: cpu0=0.000 wall=0.001 
 Start: Saving text status in E:\UniFlight\flow\flow0_fv\data\flow0.status
 End:   Saving text status in E:\UniFlight\flow\flow0_fv\data\flow0.status; Timer: cpu0=0.000 wall=0.002 
 End:   ===== Time Step =====, Iter number =  4; Timer: cpu0=0.094 wall=0.096 

19.06.26 00:56:49  ===== Processing Layers =====
19.06.26 00:56:49    *SEND* for CScalarLayer, GUID=20EF85B2-A591-4725-81AB-60DAC698399B
 Start: ComputeVolumeCharacteristics
 End:   ComputeVolumeCharacteristics; Timer: cpu0=0.000 wall=0.000 
 Start: GetValueOnFacets
 End:   GetValueOnFacets; Timer: cpu0=0.016 wall=0.005 
19.06.26 00:56:49    *SEND* for CIntegralCharsLayer, GUID=4E090A0C-544B-E4A2-4242-BEC451D7CD2B
19.06.26 00:56:49    *SEND* for CIntegralCharsLayer, GUID=31808156-48FC-642E-E9A9-1C76818B1B79
19.06.26 00:56:49    *SEND* for CIntegralCharsLayer, GUID=0E38F7F9-841D-0B4D-8D59-C19FAEC71A1F
 End:   ===== Processing Layers =====; Timer: cpu0=0.016 wall=0.016 

19.06.26 00:56:49  ===== New Time Step =====, Iter number =  5
 Start: TimeServis
 End:   TimeServis; Timer: cpu0=0.000 wall=0.002 
 Start: User modules' functions BeforeTimeStep() are calling
 End:   User modules' functions BeforeTimeStep() are calling; Timer: cpu0=0.000 wall=0.001 
 Start: Adaptation, TotalRealCellsCount= 1004 
 End:   Adaptation; Timer: cpu0=0.000 wall=0.001 
 Start: Initialize data arrays on chips
 End:   Initialize data arrays on chips, res= 0; Timer: cpu0=0.000 wall=0.001 
  ***** Maximum Geometrical Gauss = 2.31353e-15, cell= 97:0
  ***** Maximum MovingSurf  Gauss = 0, cell= 
 Start: Initialize data arrays on chips
 End:   Initialize data arrays on chips, res= 0; Timer: cpu0=0.000 wall=0.001 
 Start: TimeServis
 End:   TimeServis; Timer: cpu0=0.000 wall=0.001 
 Start: FindEnclaves
 End:   FindEnclaves; Timer: cpu0=0.000 wall=0.001 
 Start: VarValueService
 End:   VarValueService; Timer: cpu0=0.000 wall=0.001 
 Start: SolvePhaseEquation 
 End:   SolvePhaseEquation ; Timer: cpu0=0.234 wall=0.060 
 Start: SolidFiltersProcess: calculate forces and moments
 End:   SolidFiltersProcess: calculate forces and moments; Timer: cpu0=0.000 wall=0.001 
 Start: PrepareDataForNextStep
 End:   PrepareDataForNextStep; Timer: cpu0=0.000 wall=0.007 
 Start: VarValueService
 End:   VarValueService; Timer: cpu0=0.000 wall=0.001 
 Start: UpdateStopperData
 End:   UpdateStopperData; Timer: cpu0=0.000 wall=0.000 
 Start: Saving text status in E:\UniFlight\flow\flow0_fv\data\flow0.status
 End:   Saving text status in E:\UniFlight\flow\flow0_fv\data\flow0.status; Timer: cpu0=0.000 wall=0.001 
 End:   ===== Time Step =====, Iter number =  5; Timer: cpu0=0.234 wall=0.101 

19.06.26 00:56:50  ===== Processing Layers =====
19.06.26 00:56:50    *SEND* for CScalarLayer, GUID=20EF85B2-A591-4725-81AB-60DAC698399B
 Start: ComputeVolumeCharacteristics
 End:   ComputeVolumeCharacteristics; Timer: cpu0=0.000 wall=0.001 
 Start: GetValueOnFacets
 End:   GetValueOnFacets; Timer: cpu0=0.000 wall=0.005 
19.06.26 00:56:50    *SEND* for CIntegralCharsLayer, GUID=4E090A0C-544B-E4A2-4242-BEC451D7CD2B
19.06.26 00:56:50    *SEND* for CIntegralCharsLayer, GUID=31808156-48FC-642E-E9A9-1C76818B1B79
19.06.26 00:56:50    *SEND* for CIntegralCharsLayer, GUID=0E38F7F9-841D-0B4D-8D59-C19FAEC71A1F
 End:   ===== Processing Layers =====; Timer: cpu0=0.000 wall=0.017 

19.06.26 00:56:50  ===== New Time Step =====, Iter number =  6
 Start: TimeServis
 End:   TimeServis; Timer: cpu0=0.000 wall=0.002 
 Start: User modules' functions BeforeTimeStep() are calling
 End:   User modules' functions BeforeTimeStep() are calling; Timer: cpu0=0.000 wall=0.001 
 Start: Adaptation, TotalRealCellsCount= 1004 
 End:   Adaptation; Timer: cpu0=0.000 wall=0.001 
 Start: Initialize data arrays on chips
 End:   Initialize data arrays on chips, res= 0; Timer: cpu0=0.000 wall=0.001 
  ***** Maximum Geometrical Gauss = 2.31353e-15, cell= 97:0
  ***** Maximum MovingSurf  Gauss = 0, cell= 
 Start: Initialize data arrays on chips
 End:   Initialize data arrays on chips, res= 0; Timer: cpu0=0.000 wall=0.000 
 Start: TimeServis
 End:   TimeServis; Timer: cpu0=0.000 wall=0.002 
 Start: FindEnclaves
 End:   FindEnclaves; Timer: cpu0=0.000 wall=0.001 
 Start: VarValueService
 End:   VarValueService; Timer: cpu0=0.000 wall=0.000 
 Start: SolvePhaseEquation 
 End:   SolvePhaseEquation ; Timer: cpu0=0.438 wall=0.048 
 Start: SolidFiltersProcess: calculate forces and moments
 End:   SolidFiltersProcess: calculate forces and moments; Timer: cpu0=0.000 wall=0.002 
 Start: PrepareDataForNextStep
 End:   PrepareDataForNextStep; Timer: cpu0=0.000 wall=0.005 
 Start: VarValueService
 End:   VarValueService; Timer: cpu0=0.000 wall=0.000 
 Start: UpdateStopperData
 End:   UpdateStopperData; Timer: cpu0=0.000 wall=0.001 
 Start: Saving text status in E:\UniFlight\flow\flow0_fv\data\flow0.status
 End:   Saving text status in E:\UniFlight\flow\flow0_fv\data\flow0.status; Timer: cpu0=0.000 wall=0.001 
 End:   ===== Time Step =====, Iter number =  6; Timer: cpu0=0.562 wall=0.086 

19.06.26 00:56:50  ===== Processing Layers =====
19.06.26 00:56:50    *SEND* for CScalarLayer, GUID=20EF85B2-A591-4725-81AB-60DAC698399B
 Start: ComputeVolumeCharacteristics
 End:   ComputeVolumeCharacteristics; Timer: cpu0=0.000 wall=0.000 
 Start: GetValueOnFacets
 End:   GetValueOnFacets; Timer: cpu0=0.000 wall=0.005 
19.06.26 00:56:50    *SEND* for CIntegralCharsLayer, GUID=4E090A0C-544B-E4A2-4242-BEC451D7CD2B
19.06.26 00:56:50    *SEND* for CIntegralCharsLayer, GUID=31808156-48FC-642E-E9A9-1C76818B1B79
19.06.26 00:56:50    *SEND* for CIntegralCharsLayer, GUID=0E38F7F9-841D-0B4D-8D59-C19FAEC71A1F
 End:   ===== Processing Layers =====; Timer: cpu0=0.000 wall=0.016 

19.06.26 00:56:50  ===== New Time Step =====, Iter number =  7
 Start: TimeServis
 End:   TimeServis; Timer: cpu0=0.000 wall=0.001 
 Start: User modules' functions BeforeTimeStep() are calling
 End:   User modules' functions BeforeTimeStep() are calling; Timer: cpu0=0.000 wall=0.000 
 Start: Adaptation, TotalRealCellsCount= 1004 
 End:   Adaptation; Timer: cpu0=0.000 wall=0.001 
 Start: Initialize data arrays on chips
 End:   Initialize data arrays on chips, res= 0; Timer: cpu0=0.000 wall=0.001 
  ***** Maximum Geometrical Gauss = 2.31353e-15, cell= 97:0
  ***** Maximum MovingSurf  Gauss = 0, cell= 
 Start: Initialize data arrays on chips
 End:   Initialize data arrays on chips, res= 0; Timer: cpu0=0.000 wall=0.000 
 Start: TimeServis
 End:   TimeServis; Timer: cpu0=0.000 wall=0.001 
 Start: FindEnclaves
 End:   FindEnclaves; Timer: cpu0=0.000 wall=0.000 
 Start: VarValueService
 End:   VarValueService; Timer: cpu0=0.000 wall=0.001 
 Start: SolvePhaseEquation 
 End:   SolvePhaseEquation ; Timer: cpu0=0.281 wall=0.041 
 Start: SolidFiltersProcess: calculate forces and moments
 End:   SolidFiltersProcess: calculate forces and moments; Timer: cpu0=0.000 wall=0.001 
 Start: PrepareDataForNextStep
 End:   PrepareDataForNextStep; Timer: cpu0=0.000 wall=0.005 
 Start: VarValueService
 End:   VarValueService; Timer: cpu0=0.000 wall=0.001 
 Start: UpdateStopperData
 End:   UpdateStopperData; Timer: cpu0=0.000 wall=0.000 
 Start: Saving text status in E:\UniFlight\flow\flow0_fv\data\flow0.status
 End:   Saving text status in E:\UniFlight\flow\flow0_fv\data\flow0.status; Timer: cpu0=0.000 wall=0.002 
 End:   ===== Time Step =====, Iter number =  7; Timer: cpu0=0.281 wall=0.074 

19.06.26 00:56:51  ===== Processing Layers =====
19.06.26 00:56:51    *SEND* for CScalarLayer, GUID=20EF85B2-A591-4725-81AB-60DAC698399B
 Start: ComputeVolumeCharacteristics
 End:   ComputeVolumeCharacteristics; Timer: cpu0=0.000 wall=0.000 
 Start: GetValueOnFacets
 End:   GetValueOnFacets; Timer: cpu0=0.000 wall=0.005 
19.06.26 00:56:51    *SEND* for CIntegralCharsLayer, GUID=4E090A0C-544B-E4A2-4242-BEC451D7CD2B
19.06.26 00:56:51    *SEND* for CIntegralCharsLayer, GUID=31808156-48FC-642E-E9A9-1C76818B1B79
19.06.26 00:56:51    *SEND* for CIntegralCharsLayer, GUID=0E38F7F9-841D-0B4D-8D59-C19FAEC71A1F
 End:   ===== Processing Layers =====; Timer: cpu0=0.000 wall=0.017 

19.06.26 00:56:51  ===== New Time Step =====, Iter number =  8
 Start: TimeServis
 End:   TimeServis; Timer: cpu0=0.000 wall=0.002 
 Start: User modules' functions BeforeTimeStep() are calling
 End:   User modules' functions BeforeTimeStep() are calling; Timer: cpu0=0.000 wall=0.001 
 Start: Adaptation, TotalRealCellsCount= 1004 
 End:   Adaptation; Timer: cpu0=0.000 wall=0.001 
 Start: Initialize data arrays on chips
 End:   Initialize data arrays on chips, res= 0; Timer: cpu0=0.000 wall=0.000 
  ***** Maximum Geometrical Gauss = 2.31353e-15, cell= 97:0
  ***** Maximum MovingSurf  Gauss = 0, cell= 
 Start: Initialize data arrays on chips
 End:   Initialize data arrays on chips, res= 0; Timer: cpu0=0.000 wall=0.000 
 Start: TimeServis
 End:   TimeServis; Timer: cpu0=0.000 wall=0.002 
 Start: FindEnclaves
 End:   FindEnclaves; Timer: cpu0=0.000 wall=0.001 
 Start: VarValueService
 End:   VarValueService; Timer: cpu0=0.000 wall=0.000 
 Start: SolvePhaseEquation 
 End:   SolvePhaseEquation ; Timer: cpu0=0.203 wall=0.045 
 Start: SolidFiltersProcess: calculate forces and moments
 End:   SolidFiltersProcess: calculate forces and moments; Timer: cpu0=0.000 wall=0.001 
 Start: PrepareDataForNextStep
 End:   PrepareDataForNextStep; Timer: cpu0=0.000 wall=0.006 
 Start: VarValueService
 End:   VarValueService; Timer: cpu0=0.000 wall=0.000 
 Start: UpdateStopperData
 End:   UpdateStopperData; Timer: cpu0=0.000 wall=0.001 
 Start: Saving text status in E:\UniFlight\flow\flow0_fv\data\flow0.status
 End:   Saving text status in E:\UniFlight\flow\flow0_fv\data\flow0.status; Timer: cpu0=0.000 wall=0.001 
 End:   ===== Time Step =====, Iter number =  8; Timer: cpu0=0.344 wall=0.080 

19.06.26 00:56:51  ===== Processing Layers =====
19.06.26 00:56:51    *SEND* for CScalarLayer, GUID=20EF85B2-A591-4725-81AB-60DAC698399B
 Start: ComputeVolumeCharacteristics
 End:   ComputeVolumeCharacteristics; Timer: cpu0=0.000 wall=0.001 
 Start: GetValueOnFacets
 End:   GetValueOnFacets; Timer: cpu0=0.000 wall=0.005 
19.06.26 00:56:51    *SEND* for CIntegralCharsLayer, GUID=4E090A0C-544B-E4A2-4242-BEC451D7CD2B
19.06.26 00:56:51    *SEND* for CIntegralCharsLayer, GUID=31808156-48FC-642E-E9A9-1C76818B1B79
19.06.26 00:56:51    *SEND* for CIntegralCharsLayer, GUID=0E38F7F9-841D-0B4D-8D59-C19FAEC71A1F
 End:   ===== Processing Layers =====; Timer: cpu0=0.000 wall=0.016 

19.06.26 00:56:51  ===== New Time Step =====, Iter number =  9
 Start: TimeServis
 End:   TimeServis; Timer: cpu0=0.000 wall=0.001 
 Start: User modules' functions BeforeTimeStep() are calling
 End:   User modules' functions BeforeTimeStep() are calling; Timer: cpu0=0.000 wall=0.001 
 Start: Adaptation, TotalRealCellsCount= 1004 
 End:   Adaptation; Timer: cpu0=0.000 wall=0.000 
 Start: Initialize data arrays on chips
 End:   Initialize data arrays on chips, res= 0; Timer: cpu0=0.000 wall=0.001 
  ***** Maximum Geometrical Gauss = 2.31353e-15, cell= 97:0
  ***** Maximum MovingSurf  Gauss = 0, cell= 
 Start: Initialize data arrays on chips
 End:   Initialize data arrays on chips, res= 0; Timer: cpu0=0.000 wall=0.000 
 Start: TimeServis
 End:   TimeServis; Timer: cpu0=0.000 wall=0.001 
 Start: FindEnclaves
 End:   FindEnclaves; Timer: cpu0=0.000 wall=0.001 
 Start: VarValueService
 End:   VarValueService; Timer: cpu0=0.000 wall=0.000 
 Start: SolvePhaseEquation 
 End:   SolvePhaseEquation ; Timer: cpu0=0.344 wall=0.041 
 Start: SolidFiltersProcess: calculate forces and moments
 End:   SolidFiltersProcess: calculate forces and moments; Timer: cpu0=0.000 wall=0.001 
 Start: PrepareDataForNextStep
 End:   PrepareDataForNextStep; Timer: cpu0=0.031 wall=0.007 
 Start: VarValueService
 End:   VarValueService; Timer: cpu0=0.000 wall=0.000 
 Start: UpdateStopperData
 End:   UpdateStopperData; Timer: cpu0=0.000 wall=0.001 
 Start: Saving text status in E:\UniFlight\flow\flow0_fv\data\flow0.status
 End:   Saving text status in E:\UniFlight\flow\flow0_fv\data\flow0.status; Timer: cpu0=0.000 wall=0.002 
 End:   ===== Time Step =====, Iter number =  9; Timer: cpu0=0.375 wall=0.075 

19.06.26 00:56:52  ===== Processing Layers =====
19.06.26 00:56:52    *SEND* for CScalarLayer, GUID=20EF85B2-A591-4725-81AB-60DAC698399B
 Start: ComputeVolumeCharacteristics
 End:   ComputeVolumeCharacteristics; Timer: cpu0=0.000 wall=0.000 
 Start: GetValueOnFacets
 End:   GetValueOnFacets; Timer: cpu0=0.000 wall=0.004 
19.06.26 00:56:52    *SEND* for CIntegralCharsLayer, GUID=4E090A0C-544B-E4A2-4242-BEC451D7CD2B
19.06.26 00:56:52    *SEND* for CIntegralCharsLayer, GUID=31808156-48FC-642E-E9A9-1C76818B1B79
19.06.26 00:56:52    *SEND* for CIntegralCharsLayer, GUID=0E38F7F9-841D-0B4D-8D59-C19FAEC71A1F
 End:   ===== Processing Layers =====; Timer: cpu0=0.000 wall=0.014 

19.06.26 00:56:52  ===== New Time Step =====, Iter number =  10
 Start: TimeServis
 End:   TimeServis; Timer: cpu0=0.000 wall=0.001 
 Start: User modules' functions BeforeTimeStep() are calling
 End:   User modules' functions BeforeTimeStep() are calling; Timer: cpu0=0.000 wall=0.001 
 Start: Adaptation, TotalRealCellsCount= 1004 
 End:   Adaptation; Timer: cpu0=0.406 wall=0.077 
 Start: DistributeGridOnProcessors
 End:   DistributeGridOnProcessors, res= 0; Timer: cpu0=0.047 wall=0.021 
 Start: SetNeiHyperCells
 End:   SetNeiHyperCells, res= 0; Timer: cpu0=0.000 wall=0.002 
 Start: BuildFacetDistribution
 End:   BuildFacetDistribution; Timer: cpu0=0.000 wall=0.001 
 Start: Initialize data arrays on chips
 End:   Initialize data arrays on chips, res= 0; Timer: cpu0=0.000 wall=0.001 
  ***** Maximum Geometrical Gauss = 4.62706e-15, cell= 991:6:0
  ***** Maximum MovingSurf  Gauss = 5.41947e-15, cell= 911:4:0
 Start: Remove Small Cells
 End:   Remove Small Cells; Timer: cpu0=0.000 wall=0.003 
 Start: Initialize data arrays on chips
 End:   Initialize data arrays on chips, res= 0; Timer: cpu0=0.000 wall=0.001 
  ***** Maximum Geometrical Gauss = 4.62706e-15, cell= 991:6:0
  ***** Maximum MovingSurf  Gauss = 5.41947e-15, cell= 911:4:0
 Start: Initialize data arrays on chips
 End:   Initialize data arrays on chips, res= 0; Timer: cpu0=0.000 wall=0.001 
 Start: Modify Chip Data
 End:   Modify Chip Data; Timer: cpu0=0.000 wall=0.002 
 Start: TimeServis
 End:   TimeServis; Timer: cpu0=0.094 wall=0.007 
 Start: FindEnclaves
 End:   FindEnclaves; Timer: cpu0=0.000 wall=0.004 
 Start: VarValueService
 End:   VarValueService; Timer: cpu0=0.000 wall=0.000 
 Start: SolvePhaseEquation 
 End:   SolvePhaseEquation ; Timer: cpu0=1.172 wall=0.189 
 Start: SolidFiltersProcess: calculate forces and moments
 End:   SolidFiltersProcess: calculate forces and moments; Timer: cpu0=0.000 wall=0.002 
 Start: PrepareDataForNextStep
 End:   PrepareDataForNextStep; Timer: cpu0=0.000 wall=0.014 
 Start: VarValueService
 End:   VarValueService; Timer: cpu0=0.000 wall=0.001 
 Start: UpdateStopperData
 End:   UpdateStopperData; Timer: cpu0=0.000 wall=0.000 
 Start: Saving text status in E:\UniFlight\flow\flow0_fv\data\flow0.status
 End:   Saving text status in E:\UniFlight\flow\flow0_fv\data\flow0.status; Timer: cpu0=0.000 wall=0.002 
 End:   ===== Time Step =====, Iter number =  10; Timer: cpu0=1.938 wall=0.366 

19.06.26 00:56:53  ===== Processing Layers =====
19.06.26 00:56:53    *SEND* for CScalarLayer, GUID=20EF85B2-A591-4725-81AB-60DAC698399B
 Start: ComputeVolumeCharacteristics
 End:   ComputeVolumeCharacteristics; Timer: cpu0=0.000 wall=0.001 
 Start: GetValueOnFacets
 End:   GetValueOnFacets; Timer: cpu0=0.000 wall=0.004 
19.06.26 00:56:53    *SEND* for CIntegralCharsLayer, GUID=4E090A0C-544B-E4A2-4242-BEC451D7CD2B
19.06.26 00:56:53    *SEND* for CIntegralCharsLayer, GUID=31808156-48FC-642E-E9A9-1C76818B1B79
19.06.26 00:56:53    *SEND* for CIntegralCharsLayer, GUID=0E38F7F9-841D-0B4D-8D59-C19FAEC71A1F
 End:   ===== Processing Layers =====; Timer: cpu0=0.016 wall=0.017 

19.06.26 00:56:53  ===== New Time Step =====, Iter number =  11
 Start: TimeServis
 End:   TimeServis; Timer: cpu0=0.000 wall=0.005 
 Start: User modules' functions BeforeTimeStep() are calling
 End:   User modules' functions BeforeTimeStep() are calling; Timer: cpu0=0.000 wall=0.002 
 Start: Adaptation, TotalRealCellsCount= 8005 
 End:   Adaptation; Timer: cpu0=3.578 wall=0.532 
 Start: DistributeGridOnProcessors
 End:   DistributeGridOnProcessors, res= 0; Timer: cpu0=0.406 wall=0.120 
 Start: SetNeiHyperCells
 End:   SetNeiHyperCells, res= 0; Timer: cpu0=0.172 wall=0.005 
 Start: BuildFacetDistribution
 End:   BuildFacetDistribution; Timer: cpu0=0.000 wall=0.001 
 Start: Initialize data arrays on chips
 End:   Initialize data arrays on chips, res= 0; Timer: cpu0=0.000 wall=0.001 
  ***** Maximum Geometrical Gauss = 9.76824e-15, cell= 930:6:4:0
  ***** Maximum MovingSurf  Gauss = 3.36886e-14, cell= 994:7:7:0
 Start: Remove Small Cells
 End:   Remove Small Cells; Timer: cpu0=0.000 wall=0.009 
 Start: Initialize data arrays on chips
 End:   Initialize data arrays on chips, res= 0; Timer: cpu0=0.000 wall=0.002 
  ***** Maximum Geometrical Gauss = 9.76824e-15, cell= 930:6:4:0
  ***** Maximum MovingSurf  Gauss = 3.36886e-14, cell= 994:7:7:0
 Start: Initialize data arrays on chips
 End:   Initialize data arrays on chips, res= 0; Timer: cpu0=0.000 wall=0.002 
 Start: Modify Chip Data
 End:   Modify Chip Data; Timer: cpu0=0.172 wall=0.012 
 Start: TimeServis
 End:   TimeServis; Timer: cpu0=0.234 wall=0.031 
 Start: FindEnclaves
 End:   FindEnclaves; Timer: cpu0=0.062 wall=0.052 
 Start: VarValueService
 End:   VarValueService; Timer: cpu0=0.000 wall=0.001 
 Start: SolvePhaseEquation 
 End:   SolvePhaseEquation ; Timer: cpu0=9.453 wall=1.219 
 Start: SolidFiltersProcess: calculate forces and moments
 End:   SolidFiltersProcess: calculate forces and moments; Timer: cpu0=0.000 wall=0.001 
 Start: PrepareDataForNextStep
 End:   PrepareDataForNextStep; Timer: cpu0=0.328 wall=0.028 
 Start: VarValueService
 End:   VarValueService; Timer: cpu0=0.000 wall=0.002 
 Start: UpdateStopperData
 End:   UpdateStopperData; Timer: cpu0=0.000 wall=0.001 
 Start: Saving text status in E:\UniFlight\flow\flow0_fv\data\flow0.status
 End:   Saving text status in E:\UniFlight\flow\flow0_fv\data\flow0.status; Timer: cpu0=0.016 wall=0.002 
 End:   ===== Time Step =====, Iter number =  11; Timer: cpu0=14.594 wall=2.095 

19.06.26 00:56:55  ===== Processing Layers =====
19.06.26 00:56:55    *SEND* for CScalarLayer, GUID=20EF85B2-A591-4725-81AB-60DAC698399B
 Start: ComputeVolumeCharacteristics
 End:   ComputeVolumeCharacteristics; Timer: cpu0=0.000 wall=0.004 
 Start: GetValueOnFacets
 End:   GetValueOnFacets; Timer: cpu0=0.016 wall=0.009 
19.06.26 00:56:55    *SEND* for CIntegralCharsLayer, GUID=4E090A0C-544B-E4A2-4242-BEC451D7CD2B
19.06.26 00:56:55    *SEND* for CIntegralCharsLayer, GUID=31808156-48FC-642E-E9A9-1C76818B1B79
19.06.26 00:56:55    *SEND* for CIntegralCharsLayer, GUID=0E38F7F9-841D-0B4D-8D59-C19FAEC71A1F
 End:   ===== Processing Layers =====; Timer: cpu0=0.016 wall=0.026 

19.06.26 00:56:55  ===== New Time Step =====, Iter number =  12
 Start: TimeServis
 End:   TimeServis; Timer: cpu0=0.172 wall=0.025 
 Start: User modules' functions BeforeTimeStep() are calling
 End:   User modules' functions BeforeTimeStep() are calling; Timer: cpu0=0.000 wall=0.001 
 Start: Adaptation, TotalRealCellsCount= 63957 
 End:   Adaptation; Timer: cpu0=0.000 wall=0.003 
 Start: Initialize data arrays on chips
 End:   Initialize data arrays on chips, res= 0; Timer: cpu0=0.000 wall=0.001 
  ***** Maximum Geometrical Gauss = 9.76824e-15, cell= 930:6:4:0
  ***** Maximum MovingSurf  Gauss = 0, cell= 
 Start: Initialize data arrays on chips
 End:   Initialize data arrays on chips, res= 0; Timer: cpu0=0.000 wall=0.001 
 Start: TimeServis
 End:   TimeServis; Timer: cpu0=0.328 wall=0.029 
 Start: FindEnclaves
 End:   FindEnclaves; Timer: cpu0=0.047 wall=0.047 
 Start: VarValueService
 End:   VarValueService; Timer: cpu0=0.000 wall=0.001 
 Start: SolvePhaseEquation 
 End:   SolvePhaseEquation ; Timer: cpu0=9.750 wall=1.167 
 Start: SolidFiltersProcess: calculate forces and moments
 End:   SolidFiltersProcess: calculate forces and moments; Timer: cpu0=0.000 wall=0.001 
 Start: PrepareDataForNextStep
 End:   PrepareDataForNextStep; Timer: cpu0=0.266 wall=0.028 
 Start: VarValueService
 End:   VarValueService; Timer: cpu0=0.000 wall=0.001 
 Start: UpdateStopperData
 End:   UpdateStopperData; Timer: cpu0=0.000 wall=0.000 
 Start: Saving text status in E:\UniFlight\flow\flow0_fv\data\flow0.status
 End:   Saving text status in E:\UniFlight\flow\flow0_fv\data\flow0.status; Timer: cpu0=0.000 wall=0.001 
 End:   ===== Time Step =====, Iter number =  12; Timer: cpu0=10.734 wall=1.352 

19.06.26 00:56:57  ===== Processing Layers =====
19.06.26 00:56:57    *SEND* for CScalarLayer, GUID=20EF85B2-A591-4725-81AB-60DAC698399B
 Start: ComputeVolumeCharacteristics
 End:   ComputeVolumeCharacteristics; Timer: cpu0=0.000 wall=0.004 
 Start: GetValueOnFacets
 End:   GetValueOnFacets; Timer: cpu0=0.000 wall=0.007 
19.06.26 00:56:57    *SEND* for CIntegralCharsLayer, GUID=4E090A0C-544B-E4A2-4242-BEC451D7CD2B
19.06.26 00:56:57    *SEND* for CIntegralCharsLayer, GUID=31808156-48FC-642E-E9A9-1C76818B1B79
19.06.26 00:56:57    *SEND* for CIntegralCharsLayer, GUID=0E38F7F9-841D-0B4D-8D59-C19FAEC71A1F
 End:   ===== Processing Layers =====; Timer: cpu0=0.031 wall=0.024 

19.06.26 00:56:57  ===== New Time Step =====, Iter number =  13
 Start: TimeServis
 End:   TimeServis; Timer: cpu0=0.344 wall=0.028 
 Start: User modules' functions BeforeTimeStep() are calling
 End:   User modules' functions BeforeTimeStep() are calling; Timer: cpu0=0.000 wall=0.003 
 Start: Adaptation, TotalRealCellsCount= 63957 
 End:   Adaptation; Timer: cpu0=0.000 wall=0.002 
 Start: Initialize data arrays on chips
 End:   Initialize data arrays on chips, res= 0; Timer: cpu0=0.000 wall=0.002 
  ***** Maximum Geometrical Gauss = 9.76824e-15, cell= 930:6:4:0
  ***** Maximum MovingSurf  Gauss = 0, cell= 
 Start: Initialize data arrays on chips
 End:   Initialize data arrays on chips, res= 0; Timer: cpu0=0.000 wall=0.001 
 Start: TimeServis
 End:   TimeServis; Timer: cpu0=0.344 wall=0.026 
 Start: FindEnclaves
 End:   FindEnclaves; Timer: cpu0=0.047 wall=0.039 
 Start: VarValueService
 End:   VarValueService; Timer: cpu0=0.000 wall=0.001 
 Start: SolvePhaseEquation 
 End:   SolvePhaseEquation ; Timer: cpu0=8.938 wall=1.188 
 Start: SolidFiltersProcess: calculate forces and moments
 End:   SolidFiltersProcess: calculate forces and moments; Timer: cpu0=0.000 wall=0.002 
 Start: PrepareDataForNextStep
 End:   PrepareDataForNextStep; Timer: cpu0=0.391 wall=0.037 
 Start: VarValueService
 End:   VarValueService; Timer: cpu0=0.000 wall=0.001 
 Start: UpdateStopperData
 End:   UpdateStopperData; Timer: cpu0=0.000 wall=0.001 
 Start: Saving text status in E:\UniFlight\flow\flow0_fv\data\flow0.status
 End:   Saving text status in E:\UniFlight\flow\flow0_fv\data\flow0.status; Timer: cpu0=0.000 wall=0.002 
 End:   ===== Time Step =====, Iter number =  13; Timer: cpu0=10.234 wall=1.377 

19.06.26 00:56:58  ===== Processing Layers =====
19.06.26 00:56:58    *SEND* for CScalarLayer, GUID=20EF85B2-A591-4725-81AB-60DAC698399B
 Start: ComputeVolumeCharacteristics
 End:   ComputeVolumeCharacteristics; Timer: cpu0=0.000 wall=0.003 
 Start: GetValueOnFacets
 End:   GetValueOnFacets; Timer: cpu0=0.000 wall=0.009 
19.06.26 00:56:58    *SEND* for CIntegralCharsLayer, GUID=4E090A0C-544B-E4A2-4242-BEC451D7CD2B
19.06.26 00:56:58    *SEND* for CIntegralCharsLayer, GUID=31808156-48FC-642E-E9A9-1C76818B1B79
19.06.26 00:56:58    *SEND* for CIntegralCharsLayer, GUID=0E38F7F9-841D-0B4D-8D59-C19FAEC71A1F
 End:   ===== Processing Layers =====; Timer: cpu0=0.000 wall=0.028 

19.06.26 00:56:58  ===== New Time Step =====, Iter number =  14
 Start: TimeServis
 End:   TimeServis; Timer: cpu0=0.141 wall=0.025 
 Start: User modules' functions BeforeTimeStep() are calling
 End:   User modules' functions BeforeTimeStep() are calling; Timer: cpu0=0.000 wall=0.002 
 Start: Adaptation, TotalRealCellsCount= 63957 
 End:   Adaptation; Timer: cpu0=0.000 wall=0.003 
 Start: Initialize data arrays on chips
 End:   Initialize data arrays on chips, res= 0; Timer: cpu0=0.000 wall=0.001 
  ***** Maximum Geometrical Gauss = 9.76824e-15, cell= 930:6:4:0
  ***** Maximum MovingSurf  Gauss = 0, cell= 
 Start: Initialize data arrays on chips
 End:   Initialize data arrays on chips, res= 0; Timer: cpu0=0.000 wall=0.001 
 Start: TimeServis
 End:   TimeServis; Timer: cpu0=0.172 wall=0.027 
 Start: FindEnclaves
 End:   FindEnclaves; Timer: cpu0=0.047 wall=0.052 
 Start: VarValueService
 End:   VarValueService; Timer: cpu0=0.000 wall=0.001 
 Start: SolvePhaseEquation 
 End:   SolvePhaseEquation ; Timer: cpu0=8.500 wall=1.213 
 Start: SolidFiltersProcess: calculate forces and moments
 End:   SolidFiltersProcess: calculate forces and moments; Timer: cpu0=0.000 wall=0.002 
 Start: PrepareDataForNextStep
 End:   PrepareDataForNextStep; Timer: cpu0=0.344 wall=0.026 
 Start: VarValueService
 End:   VarValueService; Timer: cpu0=0.000 wall=0.001 
 Start: UpdateStopperData
 End:   UpdateStopperData; Timer: cpu0=0.000 wall=0.001 
 Start: Saving text status in E:\UniFlight\flow\flow0_fv\data\flow0.status
 End:   Saving text status in E:\UniFlight\flow\flow0_fv\data\flow0.status; Timer: cpu0=0.000 wall=0.001 
 End:   ===== Time Step =====, Iter number =  14; Timer: cpu0=9.547 wall=1.403 

19.06.26 00:57:00  ===== Processing Layers =====
19.06.26 00:57:00    *SEND* for CScalarLayer, GUID=20EF85B2-A591-4725-81AB-60DAC698399B
 Start: ComputeVolumeCharacteristics
 End:   ComputeVolumeCharacteristics; Timer: cpu0=0.000 wall=0.003 
 Start: GetValueOnFacets
 End:   GetValueOnFacets; Timer: cpu0=0.000 wall=0.007 
19.06.26 00:57:00    *SEND* for CIntegralCharsLayer, GUID=4E090A0C-544B-E4A2-4242-BEC451D7CD2B
19.06.26 00:57:00    *SEND* for CIntegralCharsLayer, GUID=31808156-48FC-642E-E9A9-1C76818B1B79
19.06.26 00:57:00    *SEND* for CIntegralCharsLayer, GUID=0E38F7F9-841D-0B4D-8D59-C19FAEC71A1F
 End:   ===== Processing Layers =====; Timer: cpu0=0.000 wall=0.026 

19.06.26 00:57:00  ===== New Time Step =====, Iter number =  15
 Start: TimeServis
 End:   TimeServis; Timer: cpu0=0.281 wall=0.028 
 Start: User modules' functions BeforeTimeStep() are calling
 End:   User modules' functions BeforeTimeStep() are calling; Timer: cpu0=0.000 wall=0.002 
 Start: Adaptation, TotalRealCellsCount= 63957 
 End:   Adaptation; Timer: cpu0=0.000 wall=0.002 
 Start: Initialize data arrays on chips
 End:   Initialize data arrays on chips, res= 0; Timer: cpu0=0.000 wall=0.001 
  ***** Maximum Geometrical Gauss = 9.76824e-15, cell= 930:6:4:0
  ***** Maximum MovingSurf  Gauss = 0, cell= 
 Start: Initialize data arrays on chips
 End:   Initialize data arrays on chips, res= 0; Timer: cpu0=0.000 wall=0.001 
 Start: TimeServis
 End:   TimeServis; Timer: cpu0=0.172 wall=0.025 
 Start: FindEnclaves
 End:   FindEnclaves; Timer: cpu0=0.047 wall=0.048 
 Start: VarValueService
 End:   VarValueService; Timer: cpu0=0.000 wall=0.001 
 Start: SolvePhaseEquation 
 End:   SolvePhaseEquation ; Timer: cpu0=9.375 wall=1.161 
 Start: SolidFiltersProcess: calculate forces and moments
 End:   SolidFiltersProcess: calculate forces and moments; Timer: cpu0=0.000 wall=0.002 
 Start: PrepareDataForNextStep
 End:   PrepareDataForNextStep; Timer: cpu0=0.172 wall=0.033 
 Start: VarValueService
 End:   VarValueService; Timer: cpu0=0.000 wall=0.001 
 Start: UpdateStopperData
 End:   UpdateStopperData; Timer: cpu0=0.000 wall=0.000 
 Start: Saving text status in E:\UniFlight\flow\flow0_fv\data\flow0.status
 End:   Saving text status in E:\UniFlight\flow\flow0_fv\data\flow0.status; Timer: cpu0=0.000 wall=0.001 
 End:   ===== Time Step =====, Iter number =  15; Timer: cpu0=10.219 wall=1.354 

19.06.26 00:57:02  ===== Processing Layers =====
19.06.26 00:57:02    *SEND* for CScalarLayer, GUID=20EF85B2-A591-4725-81AB-60DAC698399B
 Start: ComputeVolumeCharacteristics
 End:   ComputeVolumeCharacteristics; Timer: cpu0=0.000 wall=0.004 
 Start: GetValueOnFacets
 End:   GetValueOnFacets; Timer: cpu0=0.016 wall=0.011 
19.06.26 00:57:02    *SEND* for CIntegralCharsLayer, GUID=4E090A0C-544B-E4A2-4242-BEC451D7CD2B
19.06.26 00:57:02    *SEND* for CIntegralCharsLayer, GUID=31808156-48FC-642E-E9A9-1C76818B1B79
19.06.26 00:57:02    *SEND* for CIntegralCharsLayer, GUID=0E38F7F9-841D-0B4D-8D59-C19FAEC71A1F
 End:   ===== Processing Layers =====; Timer: cpu0=0.016 wall=0.032 

19.06.26 00:57:02  ===== New Time Step =====, Iter number =  16
 Start: TimeServis
 End:   TimeServis; Timer: cpu0=0.297 wall=0.031 
 Start: User modules' functions BeforeTimeStep() are calling
 End:   User modules' functions BeforeTimeStep() are calling; Timer: cpu0=0.000 wall=0.002 
 Start: Adaptation, TotalRealCellsCount= 63957 
 End:   Adaptation; Timer: cpu0=0.000 wall=0.003 
 Start: Initialize data arrays on chips
 End:   Initialize data arrays on chips, res= 0; Timer: cpu0=0.000 wall=0.002 
  ***** Maximum Geometrical Gauss = 9.76824e-15, cell= 930:6:4:0
  ***** Maximum MovingSurf  Gauss = 0, cell= 
 Start: Initialize data arrays on chips
 End:   Initialize data arrays on chips, res= 0; Timer: cpu0=0.000 wall=0.001 
 Start: TimeServis
 End:   TimeServis; Timer: cpu0=0.297 wall=0.035 
 Start: FindEnclaves
 End:   FindEnclaves; Timer: cpu0=0.062 wall=0.050 
 Start: VarValueService
 End:   VarValueService; Timer: cpu0=0.000 wall=0.001 
 Start: SolvePhaseEquation 
 End:   SolvePhaseEquation ; Timer: cpu0=9.938 wall=1.229 
 Start: SolidFiltersProcess: calculate forces and moments
 End:   SolidFiltersProcess: calculate forces and moments; Timer: cpu0=0.000 wall=0.001 
 Start: PrepareDataForNextStep
 End:   PrepareDataForNextStep; Timer: cpu0=0.328 wall=0.028 
 Start: VarValueService
 End:   VarValueService; Timer: cpu0=0.000 wall=0.001 
 Start: UpdateStopperData
 End:   UpdateStopperData; Timer: cpu0=0.000 wall=0.001 
 Start: Saving text status in E:\UniFlight\flow\flow0_fv\data\flow0.status
 End:   Saving text status in E:\UniFlight\flow\flow0_fv\data\flow0.status; Timer: cpu0=0.000 wall=0.001 
 End:   ===== Time Step =====, Iter number =  16; Timer: cpu0=11.078 wall=1.438 

19.06.26 00:57:03  ===== Processing Layers =====
19.06.26 00:57:03    *SEND* for CScalarLayer, GUID=20EF85B2-A591-4725-81AB-60DAC698399B
 Start: ComputeVolumeCharacteristics
 End:   ComputeVolumeCharacteristics; Timer: cpu0=0.000 wall=0.004 
 Start: GetValueOnFacets
 End:   GetValueOnFacets; Timer: cpu0=0.141 wall=0.007 
19.06.26 00:57:03    *SEND* for CIntegralCharsLayer, GUID=4E090A0C-544B-E4A2-4242-BEC451D7CD2B
19.06.26 00:57:03    *SEND* for CIntegralCharsLayer, GUID=31808156-48FC-642E-E9A9-1C76818B1B79
19.06.26 00:57:03    *SEND* for CIntegralCharsLayer, GUID=0E38F7F9-841D-0B4D-8D59-C19FAEC71A1F
 End:   ===== Processing Layers =====; Timer: cpu0=0.141 wall=0.023 

19.06.26 00:57:03  ===== New Time Step =====, Iter number =  17
 Start: TimeServis
 End:   TimeServis; Timer: cpu0=0.172 wall=0.026 
 Start: User modules' functions BeforeTimeStep() are calling
 End:   User modules' functions BeforeTimeStep() are calling; Timer: cpu0=0.000 wall=0.002 
 Start: Adaptation, TotalRealCellsCount= 63957 
 End:   Adaptation; Timer: cpu0=0.000 wall=0.003 
 Start: Initialize data arrays on chips
 End:   Initialize data arrays on chips, res= 0; Timer: cpu0=0.000 wall=0.002 
  ***** Maximum Geometrical Gauss = 9.76824e-15, cell= 930:6:4:0
  ***** Maximum MovingSurf  Gauss = 0, cell= 
 Start: Initialize data arrays on chips
 End:   Initialize data arrays on chips, res= 0; Timer: cpu0=0.000 wall=0.002 
 Start: TimeServis
 End:   TimeServis; Timer: cpu0=0.172 wall=0.025 
 Start: FindEnclaves
 End:   FindEnclaves; Timer: cpu0=0.203 wall=0.043 
 Start: VarValueService
 End:   VarValueService; Timer: cpu0=0.000 wall=0.001 
 Start: SolvePhaseEquation 
 End:   SolvePhaseEquation ; Timer: cpu0=8.312 wall=1.111 
 Start: SolidFiltersProcess: calculate forces and moments
 End:   SolidFiltersProcess: calculate forces and moments; Timer: cpu0=0.000 wall=0.001 
 Start: PrepareDataForNextStep
 End:   PrepareDataForNextStep; Timer: cpu0=0.172 wall=0.026 
 Start: VarValueService
 End:   VarValueService; Timer: cpu0=0.000 wall=0.001 
 Start: UpdateStopperData
 End:   UpdateStopperData; Timer: cpu0=0.000 wall=0.001 
 Start: Saving text status in E:\UniFlight\flow\flow0_fv\data\flow0.status
 End:   Saving text status in E:\UniFlight\flow\flow0_fv\data\flow0.status; Timer: cpu0=0.000 wall=0.001 
 End:   ===== Time Step =====, Iter number =  17; Timer: cpu0=9.188 wall=1.290 

19.06.26 00:57:05  ===== Processing Layers =====
19.06.26 00:57:05    *SEND* for CScalarLayer, GUID=20EF85B2-A591-4725-81AB-60DAC698399B
 Start: ComputeVolumeCharacteristics
 End:   ComputeVolumeCharacteristics; Timer: cpu0=0.000 wall=0.003 
 Start: GetValueOnFacets
 End:   GetValueOnFacets; Timer: cpu0=0.000 wall=0.008 
19.06.26 00:57:05    *SEND* for CIntegralCharsLayer, GUID=4E090A0C-544B-E4A2-4242-BEC451D7CD2B
19.06.26 00:57:05    *SEND* for CIntegralCharsLayer, GUID=31808156-48FC-642E-E9A9-1C76818B1B79
19.06.26 00:57:05    *SEND* for CIntegralCharsLayer, GUID=0E38F7F9-841D-0B4D-8D59-C19FAEC71A1F
 End:   ===== Processing Layers =====; Timer: cpu0=0.000 wall=0.025 

19.06.26 00:57:05  ===== New Time Step =====, Iter number =  18
 Start: TimeServis
 End:   TimeServis; Timer: cpu0=0.172 wall=0.025 
 Start: User modules' functions BeforeTimeStep() are calling
 End:   User modules' functions BeforeTimeStep() are calling; Timer: cpu0=0.000 wall=0.001 
 Start: Adaptation, TotalRealCellsCount= 63957 
 End:   Adaptation; Timer: cpu0=0.000 wall=0.003 
 Start: Initialize data arrays on chips
 End:   Initialize data arrays on chips, res= 0; Timer: cpu0=0.000 wall=0.002 
  ***** Maximum Geometrical Gauss = 9.76824e-15, cell= 930:6:4:0
  ***** Maximum MovingSurf  Gauss = 0, cell= 
 Start: Initialize data arrays on chips
 End:   Initialize data arrays on chips, res= 0; Timer: cpu0=0.000 wall=0.001 
 Start: TimeServis
 End:   TimeServis; Timer: cpu0=0.172 wall=0.025 
 Start: FindEnclaves
 End:   FindEnclaves; Timer: cpu0=0.047 wall=0.050 
 Start: VarValueService
 End:   VarValueService; Timer: cpu0=0.000 wall=0.002 
 Start: SolvePhaseEquation 
 End:   SolvePhaseEquation ; Timer: cpu0=8.656 wall=1.138 
 Start: SolidFiltersProcess: calculate forces and moments
 End:   SolidFiltersProcess: calculate forces and moments; Timer: cpu0=0.000 wall=0.002 
 Start: PrepareDataForNextStep
 End:   PrepareDataForNextStep; Timer: cpu0=0.203 wall=0.033 
 Start: VarValueService
 End:   VarValueService; Timer: cpu0=0.000 wall=0.001 
 Start: UpdateStopperData
 End:   UpdateStopperData; Timer: cpu0=0.000 wall=0.001 
 Start: Saving text status in E:\UniFlight\flow\flow0_fv\data\flow0.status
 End:   Saving text status in E:\UniFlight\flow\flow0_fv\data\flow0.status; Timer: cpu0=0.000 wall=0.001 
 End:   ===== Time Step =====, Iter number =  18; Timer: cpu0=9.531 wall=1.330 

19.06.26 00:57:07  ===== Processing Layers =====
19.06.26 00:57:07    *SEND* for CScalarLayer, GUID=20EF85B2-A591-4725-81AB-60DAC698399B
 Start: ComputeVolumeCharacteristics
 End:   ComputeVolumeCharacteristics; Timer: cpu0=0.000 wall=0.004 
 Start: GetValueOnFacets
 End:   GetValueOnFacets; Timer: cpu0=0.016 wall=0.006 
19.06.26 00:57:07    *SEND* for CIntegralCharsLayer, GUID=4E090A0C-544B-E4A2-4242-BEC451D7CD2B
19.06.26 00:57:07    *SEND* for CIntegralCharsLayer, GUID=31808156-48FC-642E-E9A9-1C76818B1B79
19.06.26 00:57:07    *SEND* for CIntegralCharsLayer, GUID=0E38F7F9-841D-0B4D-8D59-C19FAEC71A1F
 End:   ===== Processing Layers =====; Timer: cpu0=0.016 wall=0.022 

19.06.26 00:57:07  ===== New Time Step =====, Iter number =  19
 Start: TimeServis
 End:   TimeServis; Timer: cpu0=0.250 wall=0.028 
 Start: User modules' functions BeforeTimeStep() are calling
 End:   User modules' functions BeforeTimeStep() are calling; Timer: cpu0=0.000 wall=0.001 
 Start: Adaptation, TotalRealCellsCount= 63957 
 End:   Adaptation; Timer: cpu0=0.000 wall=0.003 
 Start: Initialize data arrays on chips
 End:   Initialize data arrays on chips, res= 0; Timer: cpu0=0.000 wall=0.001 
  ***** Maximum Geometrical Gauss = 9.76824e-15, cell= 930:6:4:0
  ***** Maximum MovingSurf  Gauss = 0, cell= 
 Start: Initialize data arrays on chips
 End:   Initialize data arrays on chips, res= 0; Timer: cpu0=0.000 wall=0.001 
 Start: TimeServis
 End:   TimeServis; Timer: cpu0=0.172 wall=0.025 
 Start: FindEnclaves
 End:   FindEnclaves; Timer: cpu0=0.031 wall=0.043 
 Start: VarValueService
 End:   VarValueService; Timer: cpu0=0.000 wall=0.001 
 Start: SolvePhaseEquation 
 End:   SolvePhaseEquation ; Timer: cpu0=8.750 wall=1.128 
 Start: SolidFiltersProcess: calculate forces and moments
 End:   SolidFiltersProcess: calculate forces and moments; Timer: cpu0=0.000 wall=0.001 
 Start: PrepareDataForNextStep
 End:   PrepareDataForNextStep; Timer: cpu0=0.172 wall=0.029 
 Start: VarValueService
 End:   VarValueService; Timer: cpu0=0.000 wall=0.001 
 Start: UpdateStopperData
 End:   UpdateStopperData; Timer: cpu0=0.000 wall=0.001 
 Start: Saving text status in E:\UniFlight\flow\flow0_fv\data\flow0.status
 End:   Saving text status in E:\UniFlight\flow\flow0_fv\data\flow0.status; Timer: cpu0=0.000 wall=0.002 
 End:   ===== Time Step =====, Iter number =  19; Timer: cpu0=9.844 wall=1.312 

19.06.26 00:57:08  ===== Processing Layers =====
19.06.26 00:57:08    *SEND* for CScalarLayer, GUID=20EF85B2-A591-4725-81AB-60DAC698399B
 Start: ComputeVolumeCharacteristics
 End:   ComputeVolumeCharacteristics; Timer: cpu0=0.000 wall=0.004 
 Start: GetValueOnFacets
 End:   GetValueOnFacets; Timer: cpu0=0.000 wall=0.009 
19.06.26 00:57:08    *SEND* for CIntegralCharsLayer, GUID=4E090A0C-544B-E4A2-4242-BEC451D7CD2B
19.06.26 00:57:08    *SEND* for CIntegralCharsLayer, GUID=31808156-48FC-642E-E9A9-1C76818B1B79
19.06.26 00:57:08    *SEND* for CIntegralCharsLayer, GUID=0E38F7F9-841D-0B4D-8D59-C19FAEC71A1F
 End:   ===== Processing Layers =====; Timer: cpu0=0.000 wall=0.038 

19.06.26 00:57:08  ===== New Time Step =====, Iter number =  20
 Start: TimeServis
 End:   TimeServis; Timer: cpu0=0.297 wall=0.032 
 Start: User modules' functions BeforeTimeStep() are calling
 End:   User modules' functions BeforeTimeStep() are calling; Timer: cpu0=0.000 wall=0.002 
 Start: Adaptation, TotalRealCellsCount= 63957 
 End:   Adaptation; Timer: cpu0=0.891 wall=0.131 
 Start: Initialize data arrays on chips
 End:   Initialize data arrays on chips, res= 0; Timer: cpu0=0.000 wall=0.001 
  ***** Maximum Geometrical Gauss = 9.76824e-15, cell= 930:6:4:0
  ***** Maximum MovingSurf  Gauss = 2.50468e-14, cell= 9:1:1:0
 Start: Remove Small Cells
 End:   Remove Small Cells; Timer: cpu0=0.172 wall=0.011 
 Start: Initialize data arrays on chips
 End:   Initialize data arrays on chips, res= 0; Timer: cpu0=0.000 wall=0.001 
  ***** Maximum Geometrical Gauss = 9.76824e-15, cell= 930:6:4:0
  ***** Maximum MovingSurf  Gauss = 2.50468e-14, cell= 9:1:1:0
 Start: Initialize data arrays on chips
 End:   Initialize data arrays on chips, res= 0; Timer: cpu0=0.000 wall=0.002 
 Start: Modify Chip Data
 End:   Modify Chip Data; Timer: cpu0=0.156 wall=0.013 
 Start: TimeServis
 End:   TimeServis; Timer: cpu0=0.297 wall=0.030 
 Start: FindEnclaves
 End:   FindEnclaves; Timer: cpu0=0.047 wall=0.054 
 Start: VarValueService
 End:   VarValueService; Timer: cpu0=0.000 wall=0.001 
 Start: SolvePhaseEquation 
 End:   SolvePhaseEquation ; Timer: cpu0=8.969 wall=1.178 
 Start: SolidFiltersProcess: calculate forces and moments
 End:   SolidFiltersProcess: calculate forces and moments; Timer: cpu0=0.000 wall=0.002 
 Start: PrepareDataForNextStep
 End:   PrepareDataForNextStep; Timer: cpu0=0.188 wall=0.030 
 Start: VarValueService
 End:   VarValueService; Timer: cpu0=0.156 wall=0.001 
 Start: UpdateStopperData
 End:   UpdateStopperData; Timer: cpu0=0.000 wall=0.001 
 Start: Saving text status in E:\UniFlight\flow\flow0_fv\data\flow0.status
 End:   Saving text status in E:\UniFlight\flow\flow0_fv\data\flow0.status; Timer: cpu0=0.000 wall=0.002 
 End:   ===== Time Step =====, Iter number =  20; Timer: cpu0=11.500 wall=1.553 

19.06.26 00:57:10  ===== Processing Layers =====
19.06.26 00:57:10    *SEND* for CScalarLayer, GUID=20EF85B2-A591-4725-81AB-60DAC698399B
 Start: ComputeVolumeCharacteristics
 End:   ComputeVolumeCharacteristics; Timer: cpu0=0.000 wall=0.004 
 Start: GetValueOnFacets
 End:   GetValueOnFacets; Timer: cpu0=0.000 wall=0.006 
19.06.26 00:57:10    *SEND* for CIntegralCharsLayer, GUID=4E090A0C-544B-E4A2-4242-BEC451D7CD2B
19.06.26 00:57:10    *SEND* for CIntegralCharsLayer, GUID=31808156-48FC-642E-E9A9-1C76818B1B79
19.06.26 00:57:10    *SEND* for CIntegralCharsLayer, GUID=0E38F7F9-841D-0B4D-8D59-C19FAEC71A1F
 End:   ===== Processing Layers =====; Timer: cpu0=0.172 wall=0.022 

19.06.26 00:57:10  ===== New Time Step =====, Iter number =  21
 Start: TimeServis
 End:   TimeServis; Timer: cpu0=0.344 wall=0.028 
 Start: User modules' functions BeforeTimeStep() are calling
 End:   User modules' functions BeforeTimeStep() are calling; Timer: cpu0=0.000 wall=0.002 
 Start: Adaptation, TotalRealCellsCount= 64029 
 End:   Adaptation; Timer: cpu0=0.391 wall=0.084 
 Start: Initialize data arrays on chips
 End:   Initialize data arrays on chips, res= 0; Timer: cpu0=0.000 wall=0.002 
  ***** Maximum Geometrical Gauss = 9.76824e-15, cell= 930:6:4:0
  ***** Maximum MovingSurf  Gauss = 0, cell= 
 Start: Initialize data arrays on chips
 End:   Initialize data arrays on chips, res= 0; Timer: cpu0=0.000 wall=0.002 
 Start: TimeServis
 End:   TimeServis; Timer: cpu0=0.172 wall=0.025 
 Start: FindEnclaves
 End:   FindEnclaves; Timer: cpu0=0.031 wall=0.051 
 Start: VarValueService
 End:   VarValueService; Timer: cpu0=0.000 wall=0.001 
 Start: SolvePhaseEquation 
 End:   SolvePhaseEquation ; Timer: cpu0=9.297 wall=1.109 
 Start: SolidFiltersProcess: calculate forces and moments
 End:   SolidFiltersProcess: calculate forces and moments; Timer: cpu0=0.000 wall=0.002 
 Start: PrepareDataForNextStep
 End:   PrepareDataForNextStep; Timer: cpu0=0.172 wall=0.029 
 Start: VarValueService
 End:   VarValueService; Timer: cpu0=0.141 wall=0.001 
 Start: UpdateStopperData
 End:   UpdateStopperData; Timer: cpu0=0.000 wall=0.002 
 Start: Saving text status in E:\UniFlight\flow\flow0_fv\data\flow0.status
 End:   Saving text status in E:\UniFlight\flow\flow0_fv\data\flow0.status; Timer: cpu0=0.000 wall=0.002 
 End:   ===== Time Step =====, Iter number =  21; Timer: cpu0=10.719 wall=1.386 

19.06.26 00:57:12  ===== Processing Layers =====
19.06.26 00:57:12    *SEND* for CScalarLayer, GUID=20EF85B2-A591-4725-81AB-60DAC698399B
 Start: ComputeVolumeCharacteristics
 End:   ComputeVolumeCharacteristics; Timer: cpu0=0.000 wall=0.003 
 Start: GetValueOnFacets
 End:   GetValueOnFacets; Timer: cpu0=0.000 wall=0.007 
19.06.26 00:57:12    *SEND* for CIntegralCharsLayer, GUID=4E090A0C-544B-E4A2-4242-BEC451D7CD2B
19.06.26 00:57:12    *SEND* for CIntegralCharsLayer, GUID=31808156-48FC-642E-E9A9-1C76818B1B79
19.06.26 00:57:12    *SEND* for CIntegralCharsLayer, GUID=0E38F7F9-841D-0B4D-8D59-C19FAEC71A1F
 End:   ===== Processing Layers =====; Timer: cpu0=0.172 wall=0.025 

19.06.26 00:57:12  ===== New Time Step =====, Iter number =  22
 Start: TimeServis
 End:   TimeServis; Timer: cpu0=0.328 wall=0.028 
 Start: User modules' functions BeforeTimeStep() are calling
 End:   User modules' functions BeforeTimeStep() are calling; Timer: cpu0=0.000 wall=0.003 
 Start: Adaptation, TotalRealCellsCount= 64029 
 End:   Adaptation; Timer: cpu0=0.094 wall=0.002 
 Start: Initialize data arrays on chips
 End:   Initialize data arrays on chips, res= 0; Timer: cpu0=0.000 wall=0.002 
  ***** Maximum Geometrical Gauss = 9.76824e-15, cell= 930:6:4:0
  ***** Maximum MovingSurf  Gauss = 0, cell= 
 Start: Initialize data arrays on chips
 End:   Initialize data arrays on chips, res= 0; Timer: cpu0=0.000 wall=0.001 
 Start: TimeServis
 End:   TimeServis; Timer: cpu0=0.344 wall=0.026 
 Start: FindEnclaves
 End:   FindEnclaves; Timer: cpu0=0.047 wall=0.047 
 Start: VarValueService
 End:   VarValueService; Timer: cpu0=0.000 wall=0.001 
 Start: SolvePhaseEquation 
 End:   SolvePhaseEquation ; Timer: cpu0=8.406 wall=1.118 
 Start: SolidFiltersProcess: calculate forces and moments
 End:   SolidFiltersProcess: calculate forces and moments; Timer: cpu0=0.000 wall=0.002 
 Start: PrepareDataForNextStep
 End:   PrepareDataForNextStep; Timer: cpu0=0.172 wall=0.027 
 Start: VarValueService
 End:   VarValueService; Timer: cpu0=0.000 wall=0.001 
 Start: UpdateStopperData
 End:   UpdateStopperData; Timer: cpu0=0.000 wall=0.001 
 Start: Saving text status in E:\UniFlight\flow\flow0_fv\data\flow0.status
 End:   Saving text status in E:\UniFlight\flow\flow0_fv\data\flow0.status; Timer: cpu0=0.000 wall=0.002 
 End:   ===== Time Step =====, Iter number =  22; Timer: cpu0=9.406 wall=1.304 

19.06.26 00:57:13  ===== Processing Layers =====
19.06.26 00:57:13    *SEND* for CScalarLayer, GUID=20EF85B2-A591-4725-81AB-60DAC698399B
 Start: ComputeVolumeCharacteristics
 End:   ComputeVolumeCharacteristics; Timer: cpu0=0.000 wall=0.004 
 Start: GetValueOnFacets
 End:   GetValueOnFacets; Timer: cpu0=0.000 wall=0.007 
19.06.26 00:57:13    *SEND* for CIntegralCharsLayer, GUID=4E090A0C-544B-E4A2-4242-BEC451D7CD2B
19.06.26 00:57:13    *SEND* for CIntegralCharsLayer, GUID=31808156-48FC-642E-E9A9-1C76818B1B79
19.06.26 00:57:13    *SEND* for CIntegralCharsLayer, GUID=0E38F7F9-841D-0B4D-8D59-C19FAEC71A1F
 End:   ===== Processing Layers =====; Timer: cpu0=0.188 wall=0.025 

19.06.26 00:57:13  ===== New Time Step =====, Iter number =  23
 Start: TimeServis
 End:   TimeServis; Timer: cpu0=0.328 wall=0.026 
 Start: User modules' functions BeforeTimeStep() are calling
 End:   User modules' functions BeforeTimeStep() are calling; Timer: cpu0=0.000 wall=0.001 
 Start: Adaptation, TotalRealCellsCount= 64029 
 End:   Adaptation; Timer: cpu0=0.000 wall=0.004 
 Start: Initialize data arrays on chips
 End:   Initialize data arrays on chips, res= 0; Timer: cpu0=0.000 wall=0.001 
  ***** Maximum Geometrical Gauss = 9.76824e-15, cell= 930:6:4:0
  ***** Maximum MovingSurf  Gauss = 0, cell= 
 Start: Initialize data arrays on chips
 End:   Initialize data arrays on chips, res= 0; Timer: cpu0=0.000 wall=0.001 
 Start: TimeServis
 End:   TimeServis; Timer: cpu0=0.344 wall=0.028 
 Start: FindEnclaves
 End:   FindEnclaves; Timer: cpu0=0.047 wall=0.043 
 Start: VarValueService
 End:   VarValueService; Timer: cpu0=0.000 wall=0.001 
 Start: SolvePhaseEquation 
 End:   SolvePhaseEquation ; Timer: cpu0=8.875 wall=1.119 
 Start: SolidFiltersProcess: calculate forces and moments
 End:   SolidFiltersProcess: calculate forces and moments; Timer: cpu0=0.000 wall=0.002 
 Start: PrepareDataForNextStep
 End:   PrepareDataForNextStep; Timer: cpu0=0.219 wall=0.027 
 Start: VarValueService
 End:   VarValueService; Timer: cpu0=0.000 wall=0.001 
 Start: UpdateStopperData
 End:   UpdateStopperData; Timer: cpu0=0.000 wall=0.001 
 Start: Saving text status in E:\UniFlight\flow\flow0_fv\data\flow0.status
 End:   Saving text status in E:\UniFlight\flow\flow0_fv\data\flow0.status; Timer: cpu0=0.000 wall=0.002 
 End:   ===== Time Step =====, Iter number =  23; Timer: cpu0=10.094 wall=1.303 

19.06.26 00:57:15  ===== Processing Layers =====
19.06.26 00:57:15    *SEND* for CScalarLayer, GUID=20EF85B2-A591-4725-81AB-60DAC698399B
 Start: ComputeVolumeCharacteristics
 End:   ComputeVolumeCharacteristics; Timer: cpu0=0.000 wall=0.003 
 Start: GetValueOnFacets
 End:   GetValueOnFacets; Timer: cpu0=0.000 wall=0.007 
19.06.26 00:57:15    *SEND* for CIntegralCharsLayer, GUID=4E090A0C-544B-E4A2-4242-BEC451D7CD2B
19.06.26 00:57:15    *SEND* for CIntegralCharsLayer, GUID=31808156-48FC-642E-E9A9-1C76818B1B79
19.06.26 00:57:15    *SEND* for CIntegralCharsLayer, GUID=0E38F7F9-841D-0B4D-8D59-C19FAEC71A1F
 End:   ===== Processing Layers =====; Timer: cpu0=0.172 wall=0.024 

19.06.26 00:57:15  ===== New Time Step =====, Iter number =  24
 Start: TimeServis
 End:   TimeServis; Timer: cpu0=0.344 wall=0.028 
 Start: User modules' functions BeforeTimeStep() are calling
 End:   User modules' functions BeforeTimeStep() are calling; Timer: cpu0=0.000 wall=0.002 
 Start: Adaptation, TotalRealCellsCount= 64029 
 End:   Adaptation; Timer: cpu0=0.156 wall=0.003 
 Start: Initialize data arrays on chips
 End:   Initialize data arrays on chips, res= 0; Timer: cpu0=0.000 wall=0.002 
  ***** Maximum Geometrical Gauss = 9.76824e-15, cell= 930:6:4:0
  ***** Maximum MovingSurf  Gauss = 0, cell= 
 Start: Initialize data arrays on chips
 End:   Initialize data arrays on chips, res= 0; Timer: cpu0=0.000 wall=0.001 
 Start: TimeServis
 End:   TimeServis; Timer: cpu0=0.328 wall=0.025 
 Start: FindEnclaves
 End:   FindEnclaves; Timer: cpu0=0.047 wall=0.045 
 Start: VarValueService
 End:   VarValueService; Timer: cpu0=0.000 wall=0.001 
 Start: SolvePhaseEquation 
 End:   SolvePhaseEquation ; Timer: cpu0=8.266 wall=1.105 
 Start: SolidFiltersProcess: calculate forces and moments
 End:   SolidFiltersProcess: calculate forces and moments; Timer: cpu0=0.000 wall=0.001 
 Start: PrepareDataForNextStep
 End:   PrepareDataForNextStep; Timer: cpu0=0.281 wall=0.031 
 Start: VarValueService
 End:   VarValueService; Timer: cpu0=0.000 wall=0.001 
 Start: UpdateStopperData
 End:   UpdateStopperData; Timer: cpu0=0.000 wall=0.001 
 Start: Saving text status in E:\UniFlight\flow\flow0_fv\data\flow0.status
 End:   Saving text status in E:\UniFlight\flow\flow0_fv\data\flow0.status; Timer: cpu0=0.000 wall=0.002 
 End:   ===== Time Step =====, Iter number =  24; Timer: cpu0=9.578 wall=1.290 

19.06.26 00:57:16  ===== Processing Layers =====
19.06.26 00:57:16    *SEND* for CScalarLayer, GUID=20EF85B2-A591-4725-81AB-60DAC698399B
 Start: ComputeVolumeCharacteristics
 End:   ComputeVolumeCharacteristics; Timer: cpu0=0.000 wall=0.003 
 Start: GetValueOnFacets
 End:   GetValueOnFacets; Timer: cpu0=0.172 wall=0.008 
19.06.26 00:57:16    *SEND* for CIntegralCharsLayer, GUID=4E090A0C-544B-E4A2-4242-BEC451D7CD2B
19.06.26 00:57:16    *SEND* for CIntegralCharsLayer, GUID=31808156-48FC-642E-E9A9-1C76818B1B79
19.06.26 00:57:16    *SEND* for CIntegralCharsLayer, GUID=0E38F7F9-841D-0B4D-8D59-C19FAEC71A1F
 End:   ===== Processing Layers =====; Timer: cpu0=0.172 wall=0.027 

19.06.26 00:57:16  ===== New Time Step =====, Iter number =  25
 Start: TimeServis
 End:   TimeServis; Timer: cpu0=0.172 wall=0.027 
 Start: User modules' functions BeforeTimeStep() are calling
 End:   User modules' functions BeforeTimeStep() are calling; Timer: cpu0=0.000 wall=0.003 
 Start: Adaptation, TotalRealCellsCount= 64029 
 End:   Adaptation; Timer: cpu0=0.000 wall=0.003 
 Start: Initialize data arrays on chips
 End:   Initialize data arrays on chips, res= 0; Timer: cpu0=0.000 wall=0.002 
  ***** Maximum Geometrical Gauss = 9.76824e-15, cell= 930:6:4:0
  ***** Maximum MovingSurf  Gauss = 0, cell= 
 Start: Initialize data arrays on chips
 End:   Initialize data arrays on chips, res= 0; Timer: cpu0=0.000 wall=0.001 
 Start: TimeServis
 End:   TimeServis; Timer: cpu0=0.312 wall=0.024 
 Start: FindEnclaves
 End:   FindEnclaves; Timer: cpu0=0.047 wall=0.049 
 Start: VarValueService
 End:   VarValueService; Timer: cpu0=0.000 wall=0.001 
 Start: SolvePhaseEquation 
 End:   SolvePhaseEquation ; Timer: cpu0=9.078 wall=1.127 
 Start: SolidFiltersProcess: calculate forces and moments
 End:   SolidFiltersProcess: calculate forces and moments; Timer: cpu0=0.000 wall=0.002 
 Start: PrepareDataForNextStep
 End:   PrepareDataForNextStep; Timer: cpu0=0.344 wall=0.027 
 Start: VarValueService
 End:   VarValueService; Timer: cpu0=0.000 wall=0.001 
 Start: UpdateStopperData
 End:   UpdateStopperData; Timer: cpu0=0.000 wall=0.001 
 Start: Saving text status in E:\UniFlight\flow\flow0_fv\data\flow0.status
 End:   Saving text status in E:\UniFlight\flow\flow0_fv\data\flow0.status; Timer: cpu0=0.000 wall=0.002 
 End:   ===== Time Step =====, Iter number =  25; Timer: cpu0=9.953 wall=1.313 

19.06.26 00:57:18  ===== Processing Layers =====
19.06.26 00:57:18    *SEND* for CScalarLayer, GUID=20EF85B2-A591-4725-81AB-60DAC698399B
 Start: ComputeVolumeCharacteristics
 End:   ComputeVolumeCharacteristics; Timer: cpu0=0.000 wall=0.003 
 Start: GetValueOnFacets
 End:   GetValueOnFacets; Timer: cpu0=0.000 wall=0.007 
19.06.26 00:57:18    *SEND* for CIntegralCharsLayer, GUID=4E090A0C-544B-E4A2-4242-BEC451D7CD2B
19.06.26 00:57:18    *SEND* for CIntegralCharsLayer, GUID=31808156-48FC-642E-E9A9-1C76818B1B79
19.06.26 00:57:18    *SEND* for CIntegralCharsLayer, GUID=0E38F7F9-841D-0B4D-8D59-C19FAEC71A1F
 End:   ===== Processing Layers =====; Timer: cpu0=0.172 wall=0.024 

19.06.26 00:57:18  ===== New Time Step =====, Iter number =  26
 Start: TimeServis
 End:   TimeServis; Timer: cpu0=0.344 wall=0.029 
 Start: User modules' functions BeforeTimeStep() are calling
 End:   User modules' functions BeforeTimeStep() are calling; Timer: cpu0=0.000 wall=0.002 
 Start: Adaptation, TotalRealCellsCount= 64029 
 End:   Adaptation; Timer: cpu0=0.000 wall=0.003 
 Start: Initialize data arrays on chips
 End:   Initialize data arrays on chips, res= 0; Timer: cpu0=0.000 wall=0.001 
  ***** Maximum Geometrical Gauss = 9.76824e-15, cell= 930:6:4:0
  ***** Maximum MovingSurf  Gauss = 0, cell= 
 Start: Initialize data arrays on chips
 End:   Initialize data arrays on chips, res= 0; Timer: cpu0=0.000 wall=0.001 
 Start: TimeServis
 End:   TimeServis; Timer: cpu0=0.344 wall=0.026 
 Start: FindEnclaves
 End:   FindEnclaves; Timer: cpu0=0.047 wall=0.043 
 Start: VarValueService
 End:   VarValueService; Timer: cpu0=0.000 wall=0.002 
 Start: SolvePhaseEquation 
 End:   SolvePhaseEquation ; Timer: cpu0=8.562 wall=1.104 
 Start: SolidFiltersProcess: calculate forces and moments
 End:   SolidFiltersProcess: calculate forces and moments; Timer: cpu0=0.000 wall=0.002 
 Start: PrepareDataForNextStep
 End:   PrepareDataForNextStep; Timer: cpu0=0.234 wall=0.026 
 Start: VarValueService
 End:   VarValueService; Timer: cpu0=0.000 wall=0.001 
 Start: UpdateStopperData
 End:   UpdateStopperData; Timer: cpu0=0.000 wall=0.001 
 Start: Saving text status in E:\UniFlight\flow\flow0_fv\data\flow0.status
 End:   Saving text status in E:\UniFlight\flow\flow0_fv\data\flow0.status; Timer: cpu0=0.000 wall=0.002 
 End:   ===== Time Step =====, Iter number =  26; Timer: cpu0=9.531 wall=1.286 

19.06.26 00:57:20  ===== Processing Layers =====
19.06.26 00:57:20    *SEND* for CScalarLayer, GUID=20EF85B2-A591-4725-81AB-60DAC698399B
 Start: ComputeVolumeCharacteristics
 End:   ComputeVolumeCharacteristics; Timer: cpu0=0.000 wall=0.004 
 Start: GetValueOnFacets
 End:   GetValueOnFacets; Timer: cpu0=0.016 wall=0.006 
19.06.26 00:57:20    *SEND* for CIntegralCharsLayer, GUID=4E090A0C-544B-E4A2-4242-BEC451D7CD2B
19.06.26 00:57:20    *SEND* for CIntegralCharsLayer, GUID=31808156-48FC-642E-E9A9-1C76818B1B79
19.06.26 00:57:20    *SEND* for CIntegralCharsLayer, GUID=0E38F7F9-841D-0B4D-8D59-C19FAEC71A1F
 End:   ===== Processing Layers =====; Timer: cpu0=0.016 wall=0.022 

19.06.26 00:57:20  ===== New Time Step =====, Iter number =  27
 Start: TimeServis
 End:   TimeServis; Timer: cpu0=0.141 wall=0.028 
 Start: User modules' functions BeforeTimeStep() are calling
 End:   User modules' functions BeforeTimeStep() are calling; Timer: cpu0=0.016 wall=0.001 
 Start: Adaptation, TotalRealCellsCount= 64029 
 End:   Adaptation; Timer: cpu0=0.000 wall=0.002 
 Start: Initialize data arrays on chips
 End:   Initialize data arrays on chips, res= 0; Timer: cpu0=0.000 wall=0.002 
  ***** Maximum Geometrical Gauss = 9.76824e-15, cell= 930:6:4:0
  ***** Maximum MovingSurf  Gauss = 0, cell= 
 Start: Initialize data arrays on chips
 End:   Initialize data arrays on chips, res= 0; Timer: cpu0=0.172 wall=0.001 
 Start: TimeServis
 End:   TimeServis; Timer: cpu0=0.344 wall=0.026 
 Start: FindEnclaves
 End:   FindEnclaves; Timer: cpu0=0.062 wall=0.047 
 Start: VarValueService
 End:   VarValueService; Timer: cpu0=0.172 wall=0.001 
 Start: SolvePhaseEquation 
 End:   SolvePhaseEquation ; Timer: cpu0=9.266 wall=1.140 
 Start: SolidFiltersProcess: calculate forces and moments
 End:   SolidFiltersProcess: calculate forces and moments; Timer: cpu0=0.000 wall=0.001 
 Start: PrepareDataForNextStep
 End:   PrepareDataForNextStep; Timer: cpu0=0.328 wall=0.026 
 Start: VarValueService
 End:   VarValueService; Timer: cpu0=0.000 wall=0.001 
 Start: UpdateStopperData
 End:   UpdateStopperData; Timer: cpu0=0.000 wall=0.001 
 Start: Saving text status in E:\UniFlight\flow\flow0_fv\data\flow0.status
 End:   Saving text status in E:\UniFlight\flow\flow0_fv\data\flow0.status; Timer: cpu0=0.000 wall=0.002 
 End:   ===== Time Step =====, Iter number =  27; Timer: cpu0=10.500 wall=1.325 

19.06.26 00:57:21  ===== Processing Layers =====
19.06.26 00:57:21    *SEND* for CScalarLayer, GUID=20EF85B2-A591-4725-81AB-60DAC698399B
 Start: ComputeVolumeCharacteristics
 End:   ComputeVolumeCharacteristics; Timer: cpu0=0.172 wall=0.004 
 Start: GetValueOnFacets
 End:   GetValueOnFacets; Timer: cpu0=0.000 wall=0.007 
19.06.26 00:57:21    *SEND* for CIntegralCharsLayer, GUID=4E090A0C-544B-E4A2-4242-BEC451D7CD2B
19.06.26 00:57:21    *SEND* for CIntegralCharsLayer, GUID=31808156-48FC-642E-E9A9-1C76818B1B79
19.06.26 00:57:21    *SEND* for CIntegralCharsLayer, GUID=0E38F7F9-841D-0B4D-8D59-C19FAEC71A1F
 End:   ===== Processing Layers =====; Timer: cpu0=0.172 wall=0.024 

19.06.26 00:57:21  ===== New Time Step =====, Iter number =  28
 Start: TimeServis
 End:   TimeServis; Timer: cpu0=0.344 wall=0.030 
 Start: User modules' functions BeforeTimeStep() are calling
 End:   User modules' functions BeforeTimeStep() are calling; Timer: cpu0=0.000 wall=0.002 
 Start: Adaptation, TotalRealCellsCount= 64029 
 End:   Adaptation; Timer: cpu0=0.000 wall=0.003 
 Start: Initialize data arrays on chips
 End:   Initialize data arrays on chips, res= 0; Timer: cpu0=0.000 wall=0.002 
  ***** Maximum Geometrical Gauss = 9.76824e-15, cell= 930:6:4:0
  ***** Maximum MovingSurf  Gauss = 0, cell= 
 Start: Initialize data arrays on chips
 End:   Initialize data arrays on chips, res= 0; Timer: cpu0=0.000 wall=0.001 
 Start: TimeServis
 End:   TimeServis; Timer: cpu0=0.109 wall=0.025 
 Start: FindEnclaves
 End:   FindEnclaves; Timer: cpu0=0.047 wall=0.043 
 Start: VarValueService
 End:   VarValueService; Timer: cpu0=0.000 wall=0.001 
 Start: SolvePhaseEquation 
 End:   SolvePhaseEquation ; Timer: cpu0=9.016 wall=1.167 
 Start: SolidFiltersProcess: calculate forces and moments
 End:   SolidFiltersProcess: calculate forces and moments; Timer: cpu0=0.000 wall=0.002 
 Start: PrepareDataForNextStep
 End:   PrepareDataForNextStep; Timer: cpu0=0.219 wall=0.034 
 Start: VarValueService
 End:   VarValueService; Timer: cpu0=0.000 wall=0.001 
 Start: UpdateStopperData
 End:   UpdateStopperData; Timer: cpu0=0.000 wall=0.001 
 Start: Saving text status in E:\UniFlight\flow\flow0_fv\data\flow0.status
 End:   Saving text status in E:\UniFlight\flow\flow0_fv\data\flow0.status; Timer: cpu0=0.016 wall=0.002 
 End:   ===== Time Step =====, Iter number =  28; Timer: cpu0=10.094 wall=1.356 

19.06.26 00:57:23  ===== Processing Layers =====
19.06.26 00:57:23    *SEND* for CScalarLayer, GUID=20EF85B2-A591-4725-81AB-60DAC698399B
 Start: ComputeVolumeCharacteristics
 End:   ComputeVolumeCharacteristics; Timer: cpu0=0.172 wall=0.003 
 Start: GetValueOnFacets
 End:   GetValueOnFacets; Timer: cpu0=0.000 wall=0.008 
19.06.26 00:57:23    *SEND* for CIntegralCharsLayer, GUID=4E090A0C-544B-E4A2-4242-BEC451D7CD2B
19.06.26 00:57:23    *SEND* for CIntegralCharsLayer, GUID=31808156-48FC-642E-E9A9-1C76818B1B79
19.06.26 00:57:23    *SEND* for CIntegralCharsLayer, GUID=0E38F7F9-841D-0B4D-8D59-C19FAEC71A1F
 End:   ===== Processing Layers =====; Timer: cpu0=0.172 wall=0.024 

19.06.26 00:57:23  ===== New Time Step =====, Iter number =  29
 Start: TimeServis
 End:   TimeServis; Timer: cpu0=0.312 wall=0.026 
 Start: User modules' functions BeforeTimeStep() are calling
 End:   User modules' functions BeforeTimeStep() are calling; Timer: cpu0=0.000 wall=0.002 
 Start: Adaptation, TotalRealCellsCount= 64029 
 End:   Adaptation; Timer: cpu0=0.000 wall=0.003 
 Start: Initialize data arrays on chips
 End:   Initialize data arrays on chips, res= 0; Timer: cpu0=0.000 wall=0.001 
  ***** Maximum Geometrical Gauss = 9.76824e-15, cell= 930:6:4:0
  ***** Maximum MovingSurf  Gauss = 0, cell= 
 Start: Initialize data arrays on chips
 End:   Initialize data arrays on chips, res= 0; Timer: cpu0=0.000 wall=0.001 
 Start: TimeServis
 End:   TimeServis; Timer: cpu0=0.172 wall=0.025 
 Start: FindEnclaves
 End:   FindEnclaves; Timer: cpu0=0.047 wall=0.045 
 Start: VarValueService
 End:   VarValueService; Timer: cpu0=0.000 wall=0.001 
 Start: SolvePhaseEquation 
 End:   SolvePhaseEquation ; Timer: cpu0=9.406 wall=1.108 
 Start: SolidFiltersProcess: calculate forces and moments
 End:   SolidFiltersProcess: calculate forces and moments; Timer: cpu0=0.000 wall=0.001 
 Start: PrepareDataForNextStep
 End:   PrepareDataForNextStep; Timer: cpu0=0.344 wall=0.027 
 Start: VarValueService
 End:   VarValueService; Timer: cpu0=0.000 wall=0.001 
 Start: UpdateStopperData
 End:   UpdateStopperData; Timer: cpu0=0.000 wall=0.001 
 Start: Saving text status in E:\UniFlight\flow\flow0_fv\data\flow0.status
 End:   Saving text status in E:\UniFlight\flow\flow0_fv\data\flow0.status; Timer: cpu0=0.000 wall=0.002 
 End:   ===== Time Step =====, Iter number =  29; Timer: cpu0=10.625 wall=1.288 

19.06.26 00:57:24  ===== Processing Layers =====
19.06.26 00:57:24    *SEND* for CScalarLayer, GUID=20EF85B2-A591-4725-81AB-60DAC698399B
 Start: ComputeVolumeCharacteristics
 End:   ComputeVolumeCharacteristics; Timer: cpu0=0.000 wall=0.003 
 Start: GetValueOnFacets
 End:   GetValueOnFacets; Timer: cpu0=0.000 wall=0.007 
19.06.26 00:57:24    *SEND* for CIntegralCharsLayer, GUID=4E090A0C-544B-E4A2-4242-BEC451D7CD2B
19.06.26 00:57:24    *SEND* for CIntegralCharsLayer, GUID=31808156-48FC-642E-E9A9-1C76818B1B79
19.06.26 00:57:24    *SEND* for CIntegralCharsLayer, GUID=0E38F7F9-841D-0B4D-8D59-C19FAEC71A1F
 End:   ===== Processing Layers =====; Timer: cpu0=0.000 wall=0.024 

19.06.26 00:57:24  ===== New Time Step =====, Iter number =  30
 Start: TimeServis
 End:   TimeServis; Timer: cpu0=0.172 wall=0.026 
 Start: User modules' functions BeforeTimeStep() are calling
 End:   User modules' functions BeforeTimeStep() are calling; Timer: cpu0=0.000 wall=0.001 
 Start: Adaptation, TotalRealCellsCount= 64029 
 End:   Adaptation; Timer: cpu0=0.438 wall=0.085 
 Start: Initialize data arrays on chips
 End:   Initialize data arrays on chips, res= 0; Timer: cpu0=0.094 wall=0.001 
  ***** Maximum Geometrical Gauss = 9.76824e-15, cell= 930:6:4:0
  ***** Maximum MovingSurf  Gauss = 0, cell= 
 Start: Initialize data arrays on chips
 End:   Initialize data arrays on chips, res= 0; Timer: cpu0=0.000 wall=0.001 
 Start: TimeServis
 End:   TimeServis; Timer: cpu0=0.312 wall=0.031 
 Start: FindEnclaves
 End:   FindEnclaves; Timer: cpu0=0.047 wall=0.051 
 Start: VarValueService
 End:   VarValueService; Timer: cpu0=0.000 wall=0.001 
 Start: SolvePhaseEquation 
 End:   SolvePhaseEquation ; Timer: cpu0=8.109 wall=1.089 
 Start: SolidFiltersProcess: calculate forces and moments
 End:   SolidFiltersProcess: calculate forces and moments; Timer: cpu0=0.000 wall=0.002 
 Start: PrepareDataForNextStep
 End:   PrepareDataForNextStep; Timer: cpu0=0.172 wall=0.028 
 Start: VarValueService
 End:   VarValueService; Timer: cpu0=0.000 wall=0.001 
 Start: UpdateStopperData
 End:   UpdateStopperData; Timer: cpu0=0.000 wall=0.001 
 Start: Saving text status in E:\UniFlight\flow\flow0_fv\data\flow0.status
 End:   Saving text status in E:\UniFlight\flow\flow0_fv\data\flow0.status; Timer: cpu0=0.000 wall=0.002 
 End:   ===== Time Step =====, Iter number =  30; Timer: cpu0=9.469 wall=1.366 

19.06.26 00:57:26  ===== Processing Layers =====
19.06.26 00:57:26    *SEND* for CScalarLayer, GUID=20EF85B2-A591-4725-81AB-60DAC698399B
 Start: ComputeVolumeCharacteristics
 End:   ComputeVolumeCharacteristics; Timer: cpu0=0.000 wall=0.002 
 Start: GetValueOnFacets
 End:   GetValueOnFacets; Timer: cpu0=0.016 wall=0.007 
19.06.26 00:57:26    *SEND* for CIntegralCharsLayer, GUID=4E090A0C-544B-E4A2-4242-BEC451D7CD2B
19.06.26 00:57:26    *SEND* for CIntegralCharsLayer, GUID=31808156-48FC-642E-E9A9-1C76818B1B79
19.06.26 00:57:26    *SEND* for CIntegralCharsLayer, GUID=0E38F7F9-841D-0B4D-8D59-C19FAEC71A1F
 End:   ===== Processing Layers =====; Timer: cpu0=0.016 wall=0.022 

19.06.26 00:57:26  ===== New Time Step =====, Iter number =  31
 Start: TimeServis
 End:   TimeServis; Timer: cpu0=0.281 wall=0.028 
 Start: User modules' functions BeforeTimeStep() are calling
 End:   User modules' functions BeforeTimeStep() are calling; Timer: cpu0=0.000 wall=0.001 
 Start: Adaptation, TotalRealCellsCount= 64029 
 End:   Adaptation; Timer: cpu0=0.641 wall=0.077 
 Start: Initialize data arrays on chips
 End:   Initialize data arrays on chips, res= 0; Timer: cpu0=0.000 wall=0.002 
  ***** Maximum Geometrical Gauss = 9.76824e-15, cell= 930:6:4:0
  ***** Maximum MovingSurf  Gauss = 0, cell= 
 Start: Initialize data arrays on chips
 End:   Initialize data arrays on chips, res= 0; Timer: cpu0=0.000 wall=0.001 
 Start: TimeServis
 End:   TimeServis; Timer: cpu0=0.203 wall=0.026 
 Start: FindEnclaves
 End:   FindEnclaves; Timer: cpu0=0.203 wall=0.054 
 Start: VarValueService
 End:   VarValueService; Timer: cpu0=0.000 wall=0.001 
 Start: SolvePhaseEquation 
 End:   SolvePhaseEquation ; Timer: cpu0=9.297 wall=1.117 
 Start: SolidFiltersProcess: calculate forces and moments
 End:   SolidFiltersProcess: calculate forces and moments; Timer: cpu0=0.000 wall=0.002 
 Start: PrepareDataForNextStep
 End:   PrepareDataForNextStep; Timer: cpu0=0.344 wall=0.027 
 Start: VarValueService
 End:   VarValueService; Timer: cpu0=0.000 wall=0.001 
 Start: UpdateStopperData
 End:   UpdateStopperData; Timer: cpu0=0.000 wall=0.000 
 Start: Saving text status in E:\UniFlight\flow\flow0_fv\data\flow0.status
 End:   Saving text status in E:\UniFlight\flow\flow0_fv\data\flow0.status; Timer: cpu0=0.000 wall=0.002 
 End:   ===== Time Step =====, Iter number =  31; Timer: cpu0=10.969 wall=1.385 

19.06.26 00:57:28  ===== Processing Layers =====
19.06.26 00:57:28    *SEND* for CScalarLayer, GUID=20EF85B2-A591-4725-81AB-60DAC698399B
 Start: ComputeVolumeCharacteristics
 End:   ComputeVolumeCharacteristics; Timer: cpu0=0.000 wall=0.003 
 Start: GetValueOnFacets
 End:   GetValueOnFacets; Timer: cpu0=0.016 wall=0.008 
19.06.26 00:57:28    *SEND* for CIntegralCharsLayer, GUID=4E090A0C-544B-E4A2-4242-BEC451D7CD2B
19.06.26 00:57:28    *SEND* for CIntegralCharsLayer, GUID=31808156-48FC-642E-E9A9-1C76818B1B79
19.06.26 00:57:28    *SEND* for CIntegralCharsLayer, GUID=0E38F7F9-841D-0B4D-8D59-C19FAEC71A1F
 End:   ===== Processing Layers =====; Timer: cpu0=0.016 wall=0.027 

19.06.26 00:57:28  ===== New Time Step =====, Iter number =  32
 Start: TimeServis
 End:   TimeServis; Timer: cpu0=0.344 wall=0.027 
 Start: User modules' functions BeforeTimeStep() are calling
 End:   User modules' functions BeforeTimeStep() are calling; Timer: cpu0=0.000 wall=0.002 
 Start: Adaptation, TotalRealCellsCount= 64029 
 End:   Adaptation; Timer: cpu0=0.000 wall=0.003 
 Start: Initialize data arrays on chips
 End:   Initialize data arrays on chips, res= 0; Timer: cpu0=0.000 wall=0.002 
  ***** Maximum Geometrical Gauss = 9.76824e-15, cell= 930:6:4:0
  ***** Maximum MovingSurf  Gauss = 0, cell= 
 Start: Initialize data arrays on chips
 End:   Initialize data arrays on chips, res= 0; Timer: cpu0=0.000 wall=0.001 
 Start: TimeServis
 End:   TimeServis; Timer: cpu0=0.328 wall=0.024 
 Start: FindEnclaves
 End:   FindEnclaves; Timer: cpu0=0.047 wall=0.047 
 Start: VarValueService
 End:   VarValueService; Timer: cpu0=0.000 wall=0.001 
 Start: SolvePhaseEquation 
 End:   SolvePhaseEquation ; Timer: cpu0=9.797 wall=1.165 
 Start: SolidFiltersProcess: calculate forces and moments
 End:   SolidFiltersProcess: calculate forces and moments; Timer: cpu0=0.000 wall=0.001 
 Start: PrepareDataForNextStep
 End:   PrepareDataForNextStep; Timer: cpu0=0.172 wall=0.031 
 Start: VarValueService
 End:   VarValueService; Timer: cpu0=0.000 wall=0.001 
 Start: UpdateStopperData
 End:   UpdateStopperData; Timer: cpu0=0.000 wall=0.000 
 Start: Saving text status in E:\UniFlight\flow\flow0_fv\data\flow0.status
 End:   Saving text status in E:\UniFlight\flow\flow0_fv\data\flow0.status; Timer: cpu0=0.000 wall=0.002 
 End:   ===== Time Step =====, Iter number =  32; Timer: cpu0=10.859 wall=1.350 

19.06.26 00:57:29  ===== Processing Layers =====
19.06.26 00:57:29    *SEND* for CScalarLayer, GUID=20EF85B2-A591-4725-81AB-60DAC698399B
 Start: ComputeVolumeCharacteristics
 End:   ComputeVolumeCharacteristics; Timer: cpu0=0.000 wall=0.003 
 Start: GetValueOnFacets
 End:   GetValueOnFacets; Timer: cpu0=0.016 wall=0.006 
19.06.26 00:57:29    *SEND* for CIntegralCharsLayer, GUID=4E090A0C-544B-E4A2-4242-BEC451D7CD2B
19.06.26 00:57:29    *SEND* for CIntegralCharsLayer, GUID=31808156-48FC-642E-E9A9-1C76818B1B79
19.06.26 00:57:29    *SEND* for CIntegralCharsLayer, GUID=0E38F7F9-841D-0B4D-8D59-C19FAEC71A1F
 End:   ===== Processing Layers =====; Timer: cpu0=0.016 wall=0.022 

19.06.26 00:57:29  ===== New Time Step =====, Iter number =  33
 Start: TimeServis
 End:   TimeServis; Timer: cpu0=0.172 wall=0.028 
 Start: User modules' functions BeforeTimeStep() are calling
 End:   User modules' functions BeforeTimeStep() are calling; Timer: cpu0=0.000 wall=0.001 
 Start: Adaptation, TotalRealCellsCount= 64029 
 End:   Adaptation; Timer: cpu0=0.000 wall=0.003 
 Start: Initialize data arrays on chips
 End:   Initialize data arrays on chips, res= 0; Timer: cpu0=0.000 wall=0.002 
  ***** Maximum Geometrical Gauss = 9.76824e-15, cell= 930:6:4:0
  ***** Maximum MovingSurf  Gauss = 0, cell= 
 Start: Initialize data arrays on chips
 End:   Initialize data arrays on chips, res= 0; Timer: cpu0=0.000 wall=0.001 
 Start: TimeServis
 End:   TimeServis; Timer: cpu0=0.188 wall=0.025 
 Start: FindEnclaves
 End:   FindEnclaves; Timer: cpu0=0.047 wall=0.048 
 Start: VarValueService
 End:   VarValueService; Timer: cpu0=0.000 wall=0.001 
 Start: SolvePhaseEquation 
 End:   SolvePhaseEquation ; Timer: cpu0=9.047 wall=1.183 
 Start: SolidFiltersProcess: calculate forces and moments
 End:   SolidFiltersProcess: calculate forces and moments; Timer: cpu0=0.000 wall=0.002 
 Start: PrepareDataForNextStep
 End:   PrepareDataForNextStep; Timer: cpu0=0.219 wall=0.029 
 Start: VarValueService
 End:   VarValueService; Timer: cpu0=0.000 wall=0.002 
 Start: UpdateStopperData
 End:   UpdateStopperData; Timer: cpu0=0.000 wall=0.001 
 Start: Saving text status in E:\UniFlight\flow\flow0_fv\data\flow0.status
 End:   Saving text status in E:\UniFlight\flow\flow0_fv\data\flow0.status; Timer: cpu0=0.000 wall=0.002 
 End:   ===== Time Step =====, Iter number =  33; Timer: cpu0=9.672 wall=1.372 

19.06.26 00:57:31  ===== Processing Layers =====
19.06.26 00:57:31    *SEND* for CScalarLayer, GUID=20EF85B2-A591-4725-81AB-60DAC698399B
 Start: ComputeVolumeCharacteristics
 End:   ComputeVolumeCharacteristics; Timer: cpu0=0.000 wall=0.004 
 Start: GetValueOnFacets
 End:   GetValueOnFacets; Timer: cpu0=0.000 wall=0.008 
19.06.26 00:57:31    *SEND* for CIntegralCharsLayer, GUID=4E090A0C-544B-E4A2-4242-BEC451D7CD2B
19.06.26 00:57:31    *SEND* for CIntegralCharsLayer, GUID=31808156-48FC-642E-E9A9-1C76818B1B79
19.06.26 00:57:31    *SEND* for CIntegralCharsLayer, GUID=0E38F7F9-841D-0B4D-8D59-C19FAEC71A1F
 End:   ===== Processing Layers =====; Timer: cpu0=0.000 wall=0.023 

19.06.26 00:57:31  ===== New Time Step =====, Iter number =  34
 Start: TimeServis
 End:   TimeServis; Timer: cpu0=0.312 wall=0.026 
 Start: User modules' functions BeforeTimeStep() are calling
 End:   User modules' functions BeforeTimeStep() are calling; Timer: cpu0=0.000 wall=0.001 
 Start: Adaptation, TotalRealCellsCount= 64029 
 End:   Adaptation; Timer: cpu0=0.000 wall=0.002 
 Start: Initialize data arrays on chips
 End:   Initialize data arrays on chips, res= 0; Timer: cpu0=0.000 wall=0.002 
  ***** Maximum Geometrical Gauss = 9.76824e-15, cell= 930:6:4:0
  ***** Maximum MovingSurf  Gauss = 0, cell= 
 Start: Initialize data arrays on chips
 End:   Initialize data arrays on chips, res= 0; Timer: cpu0=0.000 wall=0.001 
 Start: TimeServis
 End:   TimeServis; Timer: cpu0=0.172 wall=0.025 
 Start: FindEnclaves
 End:   FindEnclaves; Timer: cpu0=0.047 wall=0.045 
 Start: VarValueService
 End:   VarValueService; Timer: cpu0=0.000 wall=0.001 
 Start: SolvePhaseEquation 
 End:   SolvePhaseEquation ; Timer: cpu0=9.000 wall=1.102 
 Start: SolidFiltersProcess: calculate forces and moments
 End:   SolidFiltersProcess: calculate forces and moments; Timer: cpu0=0.000 wall=0.002 
 Start: PrepareDataForNextStep
 End:   PrepareDataForNextStep; Timer: cpu0=0.172 wall=0.026 
 Start: VarValueService
 End:   VarValueService; Timer: cpu0=0.000 wall=0.001 
 Start: UpdateStopperData
 End:   UpdateStopperData; Timer: cpu0=0.000 wall=0.001 
 Start: Saving text status in E:\UniFlight\flow\flow0_fv\data\flow0.status
 End:   Saving text status in E:\UniFlight\flow\flow0_fv\data\flow0.status; Timer: cpu0=0.000 wall=0.002 
 End:   ===== Time Step =====, Iter number =  34; Timer: cpu0=9.984 wall=1.282 

19.06.26 00:57:33  ===== Processing Layers =====
19.06.26 00:57:33    *SEND* for CScalarLayer, GUID=20EF85B2-A591-4725-81AB-60DAC698399B
 Start: ComputeVolumeCharacteristics
 End:   ComputeVolumeCharacteristics; Timer: cpu0=0.000 wall=0.003 
 Start: GetValueOnFacets
 End:   GetValueOnFacets; Timer: cpu0=0.000 wall=0.008 
19.06.26 00:57:33    *SEND* for CIntegralCharsLayer, GUID=4E090A0C-544B-E4A2-4242-BEC451D7CD2B
19.06.26 00:57:33    *SEND* for CIntegralCharsLayer, GUID=31808156-48FC-642E-E9A9-1C76818B1B79
19.06.26 00:57:33    *SEND* for CIntegralCharsLayer, GUID=0E38F7F9-841D-0B4D-8D59-C19FAEC71A1F
 End:   ===== Processing Layers =====; Timer: cpu0=0.172 wall=0.026 

19.06.26 00:57:33  ===== New Time Step =====, Iter number =  35
 Start: TimeServis
 End:   TimeServis; Timer: cpu0=0.344 wall=0.027 
 Start: User modules' functions BeforeTimeStep() are calling
 End:   User modules' functions BeforeTimeStep() are calling; Timer: cpu0=0.000 wall=0.002 
 Start: Adaptation, TotalRealCellsCount= 64029 
 End:   Adaptation; Timer: cpu0=0.000 wall=0.003 
 Start: Initialize data arrays on chips
 End:   Initialize data arrays on chips, res= 0; Timer: cpu0=0.000 wall=0.002 
  ***** Maximum Geometrical Gauss = 9.76824e-15, cell= 930:6:4:0
  ***** Maximum MovingSurf  Gauss = 0, cell= 
 Start: Initialize data arrays on chips
 End:   Initialize data arrays on chips, res= 0; Timer: cpu0=0.000 wall=0.001 
 Start: TimeServis
 End:   TimeServis; Timer: cpu0=0.297 wall=0.027 
 Start: FindEnclaves
 End:   FindEnclaves; Timer: cpu0=0.047 wall=0.044 
 Start: VarValueService
 End:   VarValueService; Timer: cpu0=0.000 wall=0.001 
 Start: SolvePhaseEquation 
 End:   SolvePhaseEquation ; Timer: cpu0=8.641 wall=1.095 
 Start: SolidFiltersProcess: calculate forces and moments
 End:   SolidFiltersProcess: calculate forces and moments; Timer: cpu0=0.000 wall=0.002 
 Start: PrepareDataForNextStep
 End:   PrepareDataForNextStep; Timer: cpu0=0.125 wall=0.029 
 Start: VarValueService
 End:   VarValueService; Timer: cpu0=0.000 wall=0.002 
 Start: UpdateStopperData
 End:   UpdateStopperData; Timer: cpu0=0.000 wall=0.001 
 Start: Saving text status in E:\UniFlight\flow\flow0_fv\data\flow0.status
 End:   Saving text status in E:\UniFlight\flow\flow0_fv\data\flow0.status; Timer: cpu0=0.000 wall=0.002 
 End:   ===== Time Step =====, Iter number =  35; Timer: cpu0=9.656 wall=1.278 

19.06.26 00:57:34  ===== Processing Layers =====
19.06.26 00:57:34    *SEND* for CScalarLayer, GUID=20EF85B2-A591-4725-81AB-60DAC698399B
 Start: ComputeVolumeCharacteristics
 End:   ComputeVolumeCharacteristics; Timer: cpu0=0.031 wall=0.003 
 Start: GetValueOnFacets
 End:   GetValueOnFacets; Timer: cpu0=0.000 wall=0.007 
19.06.26 00:57:34    *SEND* for CIntegralCharsLayer, GUID=4E090A0C-544B-E4A2-4242-BEC451D7CD2B
19.06.26 00:57:34    *SEND* for CIntegralCharsLayer, GUID=31808156-48FC-642E-E9A9-1C76818B1B79
19.06.26 00:57:34    *SEND* for CIntegralCharsLayer, GUID=0E38F7F9-841D-0B4D-8D59-C19FAEC71A1F
 End:   ===== Processing Layers =====; Timer: cpu0=0.031 wall=0.023 

19.06.26 00:57:34  ===== New Time Step =====, Iter number =  36
 Start: TimeServis
 End:   TimeServis; Timer: cpu0=0.281 wall=0.026 
 Start: User modules' functions BeforeTimeStep() are calling
 End:   User modules' functions BeforeTimeStep() are calling; Timer: cpu0=0.000 wall=0.001 
 Start: Adaptation, TotalRealCellsCount= 64029 
 End:   Adaptation; Timer: cpu0=0.000 wall=0.003 
 Start: Initialize data arrays on chips
 End:   Initialize data arrays on chips, res= 0; Timer: cpu0=0.000 wall=0.001 
  ***** Maximum Geometrical Gauss = 9.76824e-15, cell= 930:6:4:0
  ***** Maximum MovingSurf  Gauss = 0, cell= 
 Start: Initialize data arrays on chips
 End:   Initialize data arrays on chips, res= 0; Timer: cpu0=0.000 wall=0.001 
 Start: TimeServis
 End:   TimeServis; Timer: cpu0=0.172 wall=0.027 
 Start: FindEnclaves
 End:   FindEnclaves; Timer: cpu0=0.047 wall=0.045 
 Start: VarValueService
 End:   VarValueService; Timer: cpu0=0.000 wall=0.001 
 Start: SolvePhaseEquation 
 End:   SolvePhaseEquation ; Timer: cpu0=8.969 wall=1.131 
 Start: SolidFiltersProcess: calculate forces and moments
 End:   SolidFiltersProcess: calculate forces and moments; Timer: cpu0=0.000 wall=0.001 
 Start: PrepareDataForNextStep
 End:   PrepareDataForNextStep; Timer: cpu0=0.031 wall=0.028 
 Start: VarValueService
 End:   VarValueService; Timer: cpu0=0.000 wall=0.001 
 Start: UpdateStopperData
 End:   UpdateStopperData; Timer: cpu0=0.000 wall=0.001 
 Start: Saving text status in E:\UniFlight\flow\flow0_fv\data\flow0.status
 End:   Saving text status in E:\UniFlight\flow\flow0_fv\data\flow0.status; Timer: cpu0=0.000 wall=0.002 
 End:   ===== Time Step =====, Iter number =  36; Timer: cpu0=9.969 wall=1.315 

19.06.26 00:57:36  ===== Processing Layers =====
19.06.26 00:57:36    *SEND* for CScalarLayer, GUID=20EF85B2-A591-4725-81AB-60DAC698399B
 Start: ComputeVolumeCharacteristics
 End:   ComputeVolumeCharacteristics; Timer: cpu0=0.000 wall=0.004 
 Start: GetValueOnFacets
 End:   GetValueOnFacets; Timer: cpu0=0.000 wall=0.007 
19.06.26 00:57:36    *SEND* for CIntegralCharsLayer, GUID=4E090A0C-544B-E4A2-4242-BEC451D7CD2B
19.06.26 00:57:36    *SEND* for CIntegralCharsLayer, GUID=31808156-48FC-642E-E9A9-1C76818B1B79
19.06.26 00:57:36    *SEND* for CIntegralCharsLayer, GUID=0E38F7F9-841D-0B4D-8D59-C19FAEC71A1F
 End:   ===== Processing Layers =====; Timer: cpu0=0.000 wall=0.024 

19.06.26 00:57:36  ===== New Time Step =====, Iter number =  37
 Start: TimeServis
 End:   TimeServis; Timer: cpu0=0.312 wall=0.028 
 Start: User modules' functions BeforeTimeStep() are calling
 End:   User modules' functions BeforeTimeStep() are calling; Timer: cpu0=0.000 wall=0.002 
 Start: Adaptation, TotalRealCellsCount= 64029 
 End:   Adaptation; Timer: cpu0=0.000 wall=0.004 
 Start: Initialize data arrays on chips
 End:   Initialize data arrays on chips, res= 0; Timer: cpu0=0.000 wall=0.001 
  ***** Maximum Geometrical Gauss = 9.76824e-15, cell= 930:6:4:0
  ***** Maximum MovingSurf  Gauss = 0, cell= 
 Start: Initialize data arrays on chips
 End:   Initialize data arrays on chips, res= 0; Timer: cpu0=0.000 wall=0.001 
 Start: TimeServis
 End:   TimeServis; Timer: cpu0=0.172 wall=0.026 
 Start: FindEnclaves
 End:   FindEnclaves; Timer: cpu0=0.031 wall=0.042 
 Start: VarValueService
 End:   VarValueService; Timer: cpu0=0.000 wall=0.001 
 Start: SolvePhaseEquation 
 End:   SolvePhaseEquation ; Timer: cpu0=8.250 wall=1.106 
 Start: SolidFiltersProcess: calculate forces and moments
 End:   SolidFiltersProcess: calculate forces and moments; Timer: cpu0=0.000 wall=0.002 
 Start: PrepareDataForNextStep
 End:   PrepareDataForNextStep; Timer: cpu0=0.156 wall=0.027 
 Start: VarValueService
 End:   VarValueService; Timer: cpu0=0.000 wall=0.001 
 Start: UpdateStopperData
 End:   UpdateStopperData; Timer: cpu0=0.000 wall=0.000 
 Start: Saving text status in E:\UniFlight\flow\flow0_fv\data\flow0.status
 End:   Saving text status in E:\UniFlight\flow\flow0_fv\data\flow0.status; Timer: cpu0=0.000 wall=0.002 
 End:   ===== Time Step =====, Iter number =  37; Timer: cpu0=9.188 wall=1.284 

19.06.26 00:57:37  ===== Processing Layers =====
19.06.26 00:57:37    *SEND* for CScalarLayer, GUID=20EF85B2-A591-4725-81AB-60DAC698399B
 Start: ComputeVolumeCharacteristics
 End:   ComputeVolumeCharacteristics; Timer: cpu0=0.000 wall=0.003 
 Start: GetValueOnFacets
 End:   GetValueOnFacets; Timer: cpu0=0.000 wall=0.007 
19.06.26 00:57:37    *SEND* for CIntegralCharsLayer, GUID=4E090A0C-544B-E4A2-4242-BEC451D7CD2B
19.06.26 00:57:37    *SEND* for CIntegralCharsLayer, GUID=31808156-48FC-642E-E9A9-1C76818B1B79
19.06.26 00:57:37    *SEND* for CIntegralCharsLayer, GUID=0E38F7F9-841D-0B4D-8D59-C19FAEC71A1F
 End:   ===== Processing Layers =====; Timer: cpu0=0.000 wall=0.027 

19.06.26 00:57:37  ===== New Time Step =====, Iter number =  38
 Start: TimeServis
 End:   TimeServis; Timer: cpu0=0.266 wall=0.028 
 Start: User modules' functions BeforeTimeStep() are calling
 End:   User modules' functions BeforeTimeStep() are calling; Timer: cpu0=0.000 wall=0.002 
 Start: Adaptation, TotalRealCellsCount= 64029 
 End:   Adaptation; Timer: cpu0=0.000 wall=0.002 
 Start: Initialize data arrays on chips
 End:   Initialize data arrays on chips, res= 0; Timer: cpu0=0.000 wall=0.002 
  ***** Maximum Geometrical Gauss = 9.76824e-15, cell= 930:6:4:0
  ***** Maximum MovingSurf  Gauss = 0, cell= 
 Start: Initialize data arrays on chips
 End:   Initialize data arrays on chips, res= 0; Timer: cpu0=0.000 wall=0.002 
 Start: TimeServis
 End:   TimeServis; Timer: cpu0=0.172 wall=0.025 
 Start: FindEnclaves
 End:   FindEnclaves; Timer: cpu0=0.047 wall=0.055 
 Start: VarValueService
 End:   VarValueService; Timer: cpu0=0.000 wall=0.002 
 Start: SolvePhaseEquation 
 End:   SolvePhaseEquation ; Timer: cpu0=8.406 wall=1.075 
 Start: SolidFiltersProcess: calculate forces and moments
 End:   SolidFiltersProcess: calculate forces and moments; Timer: cpu0=0.000 wall=0.001 
 Start: PrepareDataForNextStep
 End:   PrepareDataForNextStep; Timer: cpu0=0.172 wall=0.028 
 Start: VarValueService
 End:   VarValueService; Timer: cpu0=0.000 wall=0.002 
 Start: UpdateStopperData
 End:   UpdateStopperData; Timer: cpu0=0.000 wall=0.002 
 Start: Saving text status in E:\UniFlight\flow\flow0_fv\data\flow0.status
 End:   Saving text status in E:\UniFlight\flow\flow0_fv\data\flow0.status; Timer: cpu0=0.000 wall=0.002 
 End:   ===== Time Step =====, Iter number =  38; Timer: cpu0=9.422 wall=1.271 

19.06.26 00:57:39  ===== Processing Layers =====
19.06.26 00:57:39    *SEND* for CScalarLayer, GUID=20EF85B2-A591-4725-81AB-60DAC698399B
 Start: ComputeVolumeCharacteristics
 End:   ComputeVolumeCharacteristics; Timer: cpu0=0.172 wall=0.003 
 Start: GetValueOnFacets
 End:   GetValueOnFacets; Timer: cpu0=0.000 wall=0.008 
19.06.26 00:57:39    *SEND* for CIntegralCharsLayer, GUID=4E090A0C-544B-E4A2-4242-BEC451D7CD2B
19.06.26 00:57:39    *SEND* for CIntegralCharsLayer, GUID=31808156-48FC-642E-E9A9-1C76818B1B79
19.06.26 00:57:39    *SEND* for CIntegralCharsLayer, GUID=0E38F7F9-841D-0B4D-8D59-C19FAEC71A1F
 End:   ===== Processing Layers =====; Timer: cpu0=0.172 wall=0.025 

19.06.26 00:57:39  ===== New Time Step =====, Iter number =  39
 Start: TimeServis
 End:   TimeServis; Timer: cpu0=0.297 wall=0.027 
 Start: User modules' functions BeforeTimeStep() are calling
 End:   User modules' functions BeforeTimeStep() are calling; Timer: cpu0=0.000 wall=0.002 
 Start: Adaptation, TotalRealCellsCount= 64029 
 End:   Adaptation; Timer: cpu0=0.000 wall=0.003 
 Start: Initialize data arrays on chips
 End:   Initialize data arrays on chips, res= 0; Timer: cpu0=0.000 wall=0.001 
  ***** Maximum Geometrical Gauss = 9.76824e-15, cell= 930:6:4:0
  ***** Maximum MovingSurf  Gauss = 0, cell= 
 Start: Initialize data arrays on chips
 End:   Initialize data arrays on chips, res= 0; Timer: cpu0=0.000 wall=0.002 
 Start: TimeServis
 End:   TimeServis; Timer: cpu0=0.172 wall=0.024 
 Start: FindEnclaves
 End:   FindEnclaves; Timer: cpu0=0.031 wall=0.044 
 Start: VarValueService
 End:   VarValueService; Timer: cpu0=0.000 wall=0.001 
 Start: SolvePhaseEquation 
 End:   SolvePhaseEquation ; Timer: cpu0=8.016 wall=1.088 
 Start: SolidFiltersProcess: calculate forces and moments
 End:   SolidFiltersProcess: calculate forces and moments; Timer: cpu0=0.000 wall=0.002 
 Start: PrepareDataForNextStep
 End:   PrepareDataForNextStep; Timer: cpu0=0.344 wall=0.031 
 Start: VarValueService
 End:   VarValueService; Timer: cpu0=0.000 wall=0.001 
 Start: UpdateStopperData
 End:   UpdateStopperData; Timer: cpu0=0.000 wall=0.001 
 Start: Saving text status in E:\UniFlight\flow\flow0_fv\data\flow0.status
 End:   Saving text status in E:\UniFlight\flow\flow0_fv\data\flow0.status; Timer: cpu0=0.000 wall=0.002 
 End:   ===== Time Step =====, Iter number =  39; Timer: cpu0=9.031 wall=1.275 

19.06.26 00:57:41  ===== Processing Layers =====
19.06.26 00:57:41    *SEND* for CScalarLayer, GUID=20EF85B2-A591-4725-81AB-60DAC698399B
 Start: ComputeVolumeCharacteristics
 End:   ComputeVolumeCharacteristics; Timer: cpu0=0.000 wall=0.004 
 Start: GetValueOnFacets
 End:   GetValueOnFacets; Timer: cpu0=0.000 wall=0.007 
19.06.26 00:57:41    *SEND* for CIntegralCharsLayer, GUID=4E090A0C-544B-E4A2-4242-BEC451D7CD2B
19.06.26 00:57:41    *SEND* for CIntegralCharsLayer, GUID=31808156-48FC-642E-E9A9-1C76818B1B79
19.06.26 00:57:41    *SEND* for CIntegralCharsLayer, GUID=0E38F7F9-841D-0B4D-8D59-C19FAEC71A1F
 End:   ===== Processing Layers =====; Timer: cpu0=0.000 wall=0.025 

19.06.26 00:57:41  ===== New Time Step =====, Iter number =  40
 Start: TimeServis
 End:   TimeServis; Timer: cpu0=0.328 wall=0.028 
 Start: User modules' functions BeforeTimeStep() are calling
 End:   User modules' functions BeforeTimeStep() are calling; Timer: cpu0=0.000 wall=0.002 
 Start: Adaptation, TotalRealCellsCount= 64029 
 End:   Adaptation; Timer: cpu0=0.719 wall=0.086 
 Start: Initialize data arrays on chips
 End:   Initialize data arrays on chips, res= 0; Timer: cpu0=0.000 wall=0.002 
  ***** Maximum Geometrical Gauss = 9.76824e-15, cell= 930:6:4:0
  ***** Maximum MovingSurf  Gauss = 0, cell= 
 Start: Initialize data arrays on chips
 End:   Initialize data arrays on chips, res= 0; Timer: cpu0=0.000 wall=0.001 
 Start: TimeServis
 End:   TimeServis; Timer: cpu0=0.281 wall=0.029 
 Start: FindEnclaves
 End:   FindEnclaves; Timer: cpu0=0.031 wall=0.047 
 Start: VarValueService
 End:   VarValueService; Timer: cpu0=0.000 wall=0.001 
 Start: SolvePhaseEquation 
 End:   SolvePhaseEquation ; Timer: cpu0=8.984 wall=1.113 
 Start: SolidFiltersProcess: calculate forces and moments
 End:   SolidFiltersProcess: calculate forces and moments; Timer: cpu0=0.000 wall=0.001 
 Start: PrepareDataForNextStep
 End:   PrepareDataForNextStep; Timer: cpu0=0.016 wall=0.030 
 Start: VarValueService
 End:   VarValueService; Timer: cpu0=0.000 wall=0.001 
 Start: UpdateStopperData
 End:   UpdateStopperData; Timer: cpu0=0.000 wall=0.001 
 Start: Saving text status in E:\UniFlight\flow\flow0_fv\data\flow0.status
 End:   Saving text status in E:\UniFlight\flow\flow0_fv\data\flow0.status; Timer: cpu0=0.000 wall=0.002 
 End:   ===== Time Step =====, Iter number =  40; Timer: cpu0=10.531 wall=1.393 

19.06.26 00:57:42  ===== Processing Layers =====
19.06.26 00:57:42    *SEND* for CScalarLayer, GUID=20EF85B2-A591-4725-81AB-60DAC698399B
 Start: ComputeVolumeCharacteristics
 End:   ComputeVolumeCharacteristics; Timer: cpu0=0.000 wall=0.004 
 Start: GetValueOnFacets
 End:   GetValueOnFacets; Timer: cpu0=0.000 wall=0.006 
19.06.26 00:57:42    *SEND* for CIntegralCharsLayer, GUID=4E090A0C-544B-E4A2-4242-BEC451D7CD2B
19.06.26 00:57:42    *SEND* for CIntegralCharsLayer, GUID=31808156-48FC-642E-E9A9-1C76818B1B79
19.06.26 00:57:42    *SEND* for CIntegralCharsLayer, GUID=0E38F7F9-841D-0B4D-8D59-C19FAEC71A1F
 End:   ===== Processing Layers =====; Timer: cpu0=0.016 wall=0.023 

19.06.26 00:57:42  ===== New Time Step =====, Iter number =  41
 Start: TimeServis
 End:   TimeServis; Timer: cpu0=0.203 wall=0.027 
 Start: User modules' functions BeforeTimeStep() are calling
 End:   User modules' functions BeforeTimeStep() are calling; Timer: cpu0=0.000 wall=0.002 
 Start: Adaptation, TotalRealCellsCount= 64029 
 End:   Adaptation; Timer: cpu0=0.531 wall=0.084 
 Start: Initialize data arrays on chips
 End:   Initialize data arrays on chips, res= 0; Timer: cpu0=0.000 wall=0.001 
  ***** Maximum Geometrical Gauss = 9.76824e-15, cell= 930:6:4:0
  ***** Maximum MovingSurf  Gauss = 0, cell= 
 Start: Initialize data arrays on chips
 End:   Initialize data arrays on chips, res= 0; Timer: cpu0=0.000 wall=0.002 
 Start: TimeServis
 End:   TimeServis; Timer: cpu0=0.219 wall=0.027 
 Start: FindEnclaves
 End:   FindEnclaves; Timer: cpu0=0.047 wall=0.049 
 Start: VarValueService
 End:   VarValueService; Timer: cpu0=0.000 wall=0.001 
 Start: SolvePhaseEquation 
 End:   SolvePhaseEquation ; Timer: cpu0=9.688 wall=1.147 
 Start: SolidFiltersProcess: calculate forces and moments
 End:   SolidFiltersProcess: calculate forces and moments; Timer: cpu0=0.000 wall=0.002 
 Start: PrepareDataForNextStep
 End:   PrepareDataForNextStep; Timer: cpu0=0.172 wall=0.032 
 Start: VarValueService
 End:   VarValueService; Timer: cpu0=0.000 wall=0.002 
 Start: UpdateStopperData
 End:   UpdateStopperData; Timer: cpu0=0.000 wall=0.001 
 Start: Saving text status in E:\UniFlight\flow\flow0_fv\data\flow0.status
 End:   Saving text status in E:\UniFlight\flow\flow0_fv\data\flow0.status; Timer: cpu0=0.000 wall=0.002 
 End:   ===== Time Step =====, Iter number =  41; Timer: cpu0=11.000 wall=1.421 

19.06.26 00:57:44  ===== Processing Layers =====
19.06.26 00:57:44    *SEND* for CScalarLayer, GUID=20EF85B2-A591-4725-81AB-60DAC698399B
 Start: ComputeVolumeCharacteristics
 End:   ComputeVolumeCharacteristics; Timer: cpu0=0.000 wall=0.003 
 Start: GetValueOnFacets
 End:   GetValueOnFacets; Timer: cpu0=0.000 wall=0.009 
19.06.26 00:57:44    *SEND* for CIntegralCharsLayer, GUID=4E090A0C-544B-E4A2-4242-BEC451D7CD2B
19.06.26 00:57:44    *SEND* for CIntegralCharsLayer, GUID=31808156-48FC-642E-E9A9-1C76818B1B79
19.06.26 00:57:44    *SEND* for CIntegralCharsLayer, GUID=0E38F7F9-841D-0B4D-8D59-C19FAEC71A1F
 End:   ===== Processing Layers =====; Timer: cpu0=0.172 wall=0.025 

19.06.26 00:57:44  ===== New Time Step =====, Iter number =  42
 Start: TimeServis
 End:   TimeServis; Timer: cpu0=0.344 wall=0.025 
 Start: User modules' functions BeforeTimeStep() are calling
 End:   User modules' functions BeforeTimeStep() are calling; Timer: cpu0=0.000 wall=0.002 
 Start: Adaptation, TotalRealCellsCount= 64029 
 End:   Adaptation; Timer: cpu0=0.000 wall=0.002 
 Start: Initialize data arrays on chips
 End:   Initialize data arrays on chips, res= 0; Timer: cpu0=0.000 wall=0.001 
  ***** Maximum Geometrical Gauss = 9.76824e-15, cell= 930:6:4:0
  ***** Maximum MovingSurf  Gauss = 0, cell= 
 Start: Initialize data arrays on chips
 End:   Initialize data arrays on chips, res= 0; Timer: cpu0=0.000 wall=0.001 
 Start: TimeServis
 End:   TimeServis; Timer: cpu0=0.219 wall=0.024 
 Start: FindEnclaves
 End:   FindEnclaves; Timer: cpu0=0.047 wall=0.048 
 Start: VarValueService
 End:   VarValueService; Timer: cpu0=0.000 wall=0.001 
 Start: SolvePhaseEquation 
 End:   SolvePhaseEquation ; Timer: cpu0=9.328 wall=1.142 
 Start: SolidFiltersProcess: calculate forces and moments
 End:   SolidFiltersProcess: calculate forces and moments; Timer: cpu0=0.000 wall=0.002 
 Start: PrepareDataForNextStep
 End:   PrepareDataForNextStep; Timer: cpu0=0.016 wall=0.026 
 Start: VarValueService
 End:   VarValueService; Timer: cpu0=0.000 wall=0.001 
 Start: UpdateStopperData
 End:   UpdateStopperData; Timer: cpu0=0.000 wall=0.001 
 Start: Saving text status in E:\UniFlight\flow\flow0_fv\data\flow0.status
 End:   Saving text status in E:\UniFlight\flow\flow0_fv\data\flow0.status; Timer: cpu0=0.000 wall=0.002 
 End:   ===== Time Step =====, Iter number =  42; Timer: cpu0=10.312 wall=1.325 

 Start: Saving values
 End:   Saving values, res= 0; Timer: cpu0=0.516 wall=0.055 
 Start: Saving grid
 End:   Saving grid, res= 0; Timer: cpu0=0.406 wall=0.046 
 Start: Saving grid index
 End:   Saving grid index, res= 0; Timer: cpu0=0.000 wall=0.002 
