 Start: ComputeIntegralCharacteristics
 End:   ComputeIntegralCharacteristics; Timer: cpu0=0.000 wall=0.002 
RESTART SOLUTION

Project name: Land
Project path: E:\UniFlight\flow\Land_fv\data\Land.fvproj
Current node: 0 (step=0, time=0)

Current input data
------------------
Region:
   LocalFrameRef=(none)
   Rotation=(none)
   GeneralSettings:
      RefValue:
         Temp=273
         Pres=101000
      Gravity:
         x=0
         y=0
         z=0
      GPOINT:
         x=0
         y=0
         z=0
      g_density=0
   Substances[0l]:
      UIName=Substance #0
      Type=standart
      State=gas
      Properties[0l]:
         Dimension=kg/mole
         Value=0.029
      Properties[1l]:
         Dimension=kg/m^3
         Value=Ideal gas law
         dRodP=0
         dRodT=0
      Properties[2l]:
         Dimension=kg/(m*s)
         Value=2e-05
      Properties[3l]:
         Dimension=W/(m*K)
         Value=0.022
      Properties[4l]:
         Dimension=J/(kg*K)
         Value=1000
      Properties[5l]:
         Dimension=J/kg
         Value=0
      Properties[6l]:
         Dimension=J/kg
         Value=Linear function
      Properties[7l]:
         Dimension=Pa
         Value=0
      Properties[8l]:
         Dimension=A
         Value=0
      Properties[9l]:
         Dimension=K
         Value=0
      Properties[10l]:
         Dimension=1/(Ohm*m)
         Value=0
      Properties[11l]:
         Dimension=Relative
         Value=0
      Properties[12l]:
         Dimension=Relative
         Value=0
   Phases[0l]:
      UIName=Phase #0
      Type=Continuum
      MuMixingModel=MODEL2_MU
      LbMixingModel=MODEL2_LB
      Substances[0l]=Region.Substances[0]
      Equations:
         EquationClasses[0l]=(none)
         EquationClasses[1l]=(none)
         EquationClasses[2l]=CNavierStokesEqSys
         EquationClasses[3l]=(none)
         EquationClasses[4l]=CStandardKEpsEqSys
         EquationClasses[5l]=(none)
         EquationClasses[6l]=(none)
      Diam_Groups_Number_D=1
   Models[0l]:
      UIName=Model #0
      Phases[0l]=Region.Phases[0]
      InitialData[0l]:
         UIName=Init. data #0
         IniVars[0l]:
            Value:
               x=103
               y=0
               z=0
         IniVars[1l]:
            Value=0
         IniVars[2l]:
            Value=0.1
         IniVars[3l]:
            Value=0.58500000000007
      GapModel=(none)
      GapModelType=(none)
      Averaging:
         AveragingStartTime=0
   VisObjects[0l]:
      Users[0l]:
         Settings:
            MIndex=0
         Constraints=(none)
         normal:
            x=0
            y=0
            z=0
         IceSurface=False
         EnclaveAnalysis:
            Enabled=False
            SmallPolicy=KEEP
            VolThreshold=0
      Users[1l]:
         UIName=Init. condition #0
         Constraints=(none)
         ViewObject=Region.VisObjects[0]
         IniData=Region.Models[0].InitialData[0]
         Type=WholeCell
   VisObjects[1l]:
      UIName=Тело 1
      Users[0l]:
         UIName=Тело 1
         Object=Region.VisObjects[1]
         Constraints=(none)
         MarkCellsMode=BY_BOX
         Activation:
            Kind=PERMANENT
            TimeStart=0
            TimeDuration=0
            TimePeriod=0
            IterStart=1
            IterDuration=1
            IterPeriod=1
         Update:
            Kind=NON
            Time=0
            Iteration=1
         MassProperty:
            Mass=0
            CenterInertia:
               x=0
               y=0
               z=0
            MomentInertia0:
               x=0
               y=0
               z=0
            MomentInertia1:
               x=0
               y=0
               z=0
            MomentInertia2:
               x=0
               y=0
               z=0
         Movement:
            TimeVel:
               x=0
               y=0
               z=0
            Velocity:
               x=0
               y=0
               z=0
            TimeForce:
               x=0
               y=0
               z=0
            Force:
               x=0
               y=0
               z=0
            HydroForce:
               x=True
               y=True
               z=True
            Omega=1
         Rotation:
            UseCenterInertia=True
            Center:
               x=0
               y=0
               z=0
            TimeVel:
               x=0
               y=0
               z=0
            Velocity:
               x=0
               y=0
               z=0
            TimeMoment:
               x=0
               y=0
               z=0
            Moment:
               x=0
               y=0
               z=0
            HydroMoment:
               x=True
               y=True
               z=True
            Omega=1
         Location:
            Origin:
               x=0
               y=0
               z=0
            Def=CUSTOM_AXIS
            Angle=0
            Axis:
               x=1
               y=0
               z=0
            DefEuler=AVIA_RUS_ANGLES
            DefUser=THREE_AXES_XYZ
            Gamma=0
            Alpha=0
            Beta=0
            VIS_Ort0:
               x=1
               y=0
               z=0
            VIS_Ort1:
               x=0
               y=1
               z=0
            VIS_Ort2:
               x=0
               y=0
               z=1
            VIS_Scale=1
         Limitation:
            LimiterClass=CNoPositionLimiter
            Limiter=Region.VisObjects[1].Users[0].Limitation.Limiter
         DOF:
            Type=NO_LIMITS
            Point1:
               x=0
               y=0
               z=0
            Point2:
               x=1
               y=1
               z=1
            Translation=True
            Rotation=True
         FsiParams:
            ArtCompres=False
            MB_flexibility=0
            MB_mobility=0
         InsideOut=False
      Location:
         Origin:
            x=0
            y=0
            z=0
         Ort0:
            x=1
            y=0
            z=0
         Ort1:
            x=0
            y=1
            z=0
         Ort2:
            x=0
            y=0
            z=1
         Scale=1
      Source=E:\UniFlight\flow\\Land_fv\data/Тело 1.vtk
      Information:
         NumGroups=0
         NumFacets=0
         NumPoints=0
         Dim:
            Center:
               x=0
               y=0
               z=0
            Size:
               x=0
               y=0
               z=0
            BoxMin:
               x=0
               y=0
               z=0
            BoxMax:
               x=0
               y=0
               z=0
      MinLengthOfEdge=0.00208086
   VisObjects[2l]:
      UIName=Смещенная плоскость:1
      center:
         x=-0.6
         y=-0.0005
         z=-0.0005
      normal:
         x=-1
         y=0
         z=1.83697e-16
      shiftAlongNormal=0
      planePoint:
         x=-0.6
         y=-0.0005
         z=-0.0005
      Distance=0.6
   VisObjects[3l]:
      UIName=Смещенная плоскость:2
      center:
         x=-0.6
         y=-0.0005
         z=-0.0005
      normal:
         x=-1
         y=0
         z=1.83697e-16
      shiftAlongNormal=0
      planePoint:
         x=-0.6
         y=-0.0005
         z=-0.0005
      Distance=0.6
   VisObjects[4l]:
      UIName=Смещенная плоскость:3
      center:
         x=0.0005
         y=0.0005
         z=0.01
      normal:
         x=0
         y=0
         z=1
      shiftAlongNormal=0
      planePoint:
         x=0.0005
         y=0.0005
         z=0.01
      Distance=0.01
   VisObjects[5l]:
      UIName=Supergroup #1
      Users[0l]:
         UIName=Характеристика Лобовое сопротивление
         Object=Region.VisObjects[5]
         Settings:
            MIndex=0
         Constraints=(none)
         SubRegion=Region.VisObjects[5].Users[0].SubRegion
         MomentPt:
            x=0
            y=0
            z=0
         normal:
            x=0
            y=0
            z=0
         Var:
            Comp=SOURCE
         IceSurface=False
         ExtendedData=False
         EnclaveAnalysis:
            Enabled=False
            SmallPolicy=KEEP
            VolThreshold=0
   VisObjects[6l]:
      UIName=Supergroup #2
      Users[0l]:
         UIName=Характеристика Подъемная сила
         Object=Region.VisObjects[6]
         Settings:
            MIndex=0
         Constraints=(none)
         SubRegion=Region.VisObjects[5].Users[0].SubRegion
         MomentPt:
            x=0
            y=0
            z=0
         normal:
            x=0
            y=0
            z=0
         Var:
            Comp=SOURCE
         IceSurface=False
         ExtendedData=False
         EnclaveAnalysis:
            Enabled=False
            SmallPolicy=KEEP
            VolThreshold=0
   VisCharacteristics[0l]:
      Settings:
         MIndex=0
      Constraints=(none)
      normal:
         x=0
         y=0
         z=0
      IceSurface=False
      EnclaveAnalysis:
         Enabled=False
         SmallPolicy=KEEP
         VolThreshold=0
   VisCharacteristics[1l]:
      UIName=Характеристика Лобовое сопротивление
      Object=Region.VisObjects[5]
      Settings:
         MIndex=0
      Constraints=(none)
      SubRegion=Region.VisObjects[5].Users[0].SubRegion
      MomentPt:
         x=0
         y=0
         z=0
      normal:
         x=0
         y=0
         z=0
      Var:
         Comp=SOURCE
      IceSurface=False
      ExtendedData=False
      EnclaveAnalysis:
         Enabled=False
         SmallPolicy=KEEP
         VolThreshold=0
   VisCharacteristics[2l]:
      UIName=Характеристика Подъемная сила
      Object=Region.VisObjects[6]
      Settings:
         MIndex=0
      Constraints=(none)
      SubRegion=Region.VisObjects[5].Users[0].SubRegion
      MomentPt:
         x=0
         y=0
         z=0
      normal:
         x=0
         y=0
         z=0
      Var:
         Comp=SOURCE
      IceSurface=False
      ExtendedData=False
      EnclaveAnalysis:
         Enabled=False
         SmallPolicy=KEEP
         VolThreshold=0
   VisibleSubRegs[0l]:
      UIName=SubRegion #0
      Model=Region.Models[0]
      Volume=416830
      LocalFrameRef=(none)
      Rotation=(none)
      BConditions[0l]:
         UIName=Граничное условие
         Type=WALL
         WallTypes[0l]=WALLFUNC_EQUIL
         Roughness=0
         Wetangle=90
         GapSealing=-1
         AlphaWall=-1
         GapThermalConductance=-1
         LocalFrameRef=(none)
         Rotation=(none)
         Translation=(none)
         VarConditions[0l]:
            PhaseName=Phase #0
            Type=CBVelWallLogarithmLaw
         VarConditions[1l]:
            PhaseName=Phase #0
            Type=CBVarValueNearWall
         VarConditions[2l]:
            PhaseName=Phase #0
            Type=CBVarValueNearWall
         Color=0x00ff0000
         Area=543.464
         VarTypes[0l]=CBVelWallLogarithmLaw
         VarTypes[1l]=CBVarValueNearWall
         VarTypes[2l]=CBVarValueNearWall
         NumberOfSectors=0
         BinderCondition=(none)
         Binder=(none)
      BConditions[1l]:
         UIName=EXTENDED_INLET
         Type=INLETOUTLET
         WallTypes[0l]=WALLFUNC_EQUIL
         Roughness=0
         Wetangle=90
         GapSealing=-1
         AlphaWall=-1
         GapThermalConductance=-1
         LocalFrameRef=(none)
         Rotation=(none)
         Translation=(none)
         VarConditions[0l]:
            PhaseName=Phase #0
            Type=CBVelVectorPres
            VelVector:
               x=103
               y=0
               z=0
            VIS_Pres=0
         VarConditions[1l]:
            PhaseName=Phase #0
            Type=CBVarTurbPulsation
            WallValue=0.1
         VarConditions[2l]:
            PhaseName=Phase #0
            Type=CBVarTurbLengthScale
            WallValue=0.58500000000007
         Color=0x00ff0000
         Area=0
         VarTypes[0l]=CBVelVectorPres
         VarTypes[1l]=CBVarTurbPulsation
         VarTypes[2l]=CBVarTurbLengthScale
         NumberOfSectors=0
         BinderCondition=(none)
         Binder=(none)
      BConditions[2l]:
         UIName=EXTENDED_OUTLET
         Type=FREEOUTLET
         WallTypes[0l]=WALLFUNC_EQUIL
         Roughness=0
         Wetangle=90
         GapSealing=-1
         AlphaWall=-1
         GapThermalConductance=-1
         LocalFrameRef=(none)
         Rotation=(none)
         Translation=(none)
         VarConditions[0l]:
            PhaseName=Phase #0
            Type=CBVelOutlet
            Pressure=0
         VarConditions[1l]:
            PhaseName=Phase #0
            Type=CBVarZeroFlux
         VarConditions[2l]:
            PhaseName=Phase #0
            Type=CBVarZeroFlux
         Color=0x00ff0000
         Area=0
         VarTypes[0l]=CBVelOutlet
         VarTypes[1l]=CBVarZeroFlux
         VarTypes[2l]=CBVarZeroFlux
         NumberOfSectors=0
         BinderCondition=(none)
         Binder=(none)
      BConditions[3l]:
         UIName=EXTENDED_NONREFLECT
         Type=NONREFLECT
         WallTypes[0l]=WALLFUNC_EQUIL
         Roughness=0
         Wetangle=90
         GapSealing=-1
         AlphaWall=-1
         GapThermalConductance=-1
         LocalFrameRef=(none)
         Rotation=(none)
         Translation=(none)
         VarConditions[0l]:
            PhaseName=Phase #0
            Type=CBVelRiemann
            VelInf:
               x=103
               y=0
               z=0
            PresInf=0
         VarConditions[1l]:
            PhaseName=Phase #0
            Type=CBVarTurbPulsation
            WallValue=0
         VarConditions[2l]:
            PhaseName=Phase #0
            Type=CBVarTurbLengthScale
            WallValue=0
         Color=0x00ff0000
         Area=35345.7
         VarTypes[0l]=CBVelRiemann
         VarTypes[1l]=CBVarTurbPulsation
         VarTypes[2l]=CBVarTurbLengthScale
         NumberOfSectors=0
         BinderCondition=(none)
         Binder=(none)
      Filters[0l]:
         UIName=Тело 1
         Object=Region.VisObjects[1]
         Constraints=(none)
         MarkCellsMode=BY_BOX
         Activation:
            Kind=PERMANENT
            TimeStart=0
            TimeDuration=0
            TimePeriod=0
            IterStart=1
            IterDuration=1
            IterPeriod=1
         Update:
            Kind=NON
            Time=0
            Iteration=1
         MassProperty:
            Mass=0
            CenterInertia:
               x=0
               y=0
               z=0
            MomentInertia0:
               x=0
               y=0
               z=0
            MomentInertia1:
               x=0
               y=0
               z=0
            MomentInertia2:
               x=0
               y=0
               z=0
         Movement:
            TimeVel:
               x=0
               y=0
               z=0
            Velocity:
               x=0
               y=0
               z=0
            TimeForce:
               x=0
               y=0
               z=0
            Force:
               x=0
               y=0
               z=0
            HydroForce:
               x=True
               y=True
               z=True
            Omega=1
         Rotation:
            UseCenterInertia=True
            Center:
               x=0
               y=0
               z=0
            TimeVel:
               x=0
               y=0
               z=0
            Velocity:
               x=0
               y=0
               z=0
            TimeMoment:
               x=0
               y=0
               z=0
            Moment:
               x=0
               y=0
               z=0
            HydroMoment:
               x=True
               y=True
               z=True
            Omega=1
         Location:
            Origin:
               x=0
               y=0
               z=0
            Def=CUSTOM_AXIS
            Angle=0
            Axis:
               x=1
               y=0
               z=0
            DefEuler=AVIA_RUS_ANGLES
            DefUser=THREE_AXES_XYZ
            Gamma=0
            Alpha=0
            Beta=0
            VIS_Ort0:
               x=1
               y=0
               z=0
            VIS_Ort1:
               x=0
               y=1
               z=0
            VIS_Ort2:
               x=0
               y=0
               z=1
            VIS_Scale=1
         Limitation:
            LimiterClass=CNoPositionLimiter
            Limiter=Region.VisObjects[1].Users[0].Limitation.Limiter
         DOF:
            Type=NO_LIMITS
            Point1:
               x=0
               y=0
               z=0
            Point2:
               x=1
               y=1
               z=1
            Translation=True
            Rotation=True
         FsiParams:
            ArtCompres=False
            MB_flexibility=0
            MB_mobility=0
         InsideOut=False
      InitialData[0l]:
         UIName=Init. condition #0
         Constraints=(none)
         ViewObject=Region.VisObjects[0]
         IniData=Region.Models[0].InitialData[0]
         Type=WholeCell
   BinderLinks:
   ExtInteractions:
      ExchangeTime:
         Type=Region.ExtInteractions.ExchangeTime.Type
         UserStep=0.01
         UndefStep=0.001
         StepCoef=1
      OldOffsetMethod=True
      SaveAfterReceive=False
   GridParameters:
      InitialGrid:
         GridStruct=GRID_3D
         GridPlane=PLANE_XY
         GridDirect=DIRECT_X
         nx=10
         X[0l]=-41.2
         X[1l]=-29.02
         X[2l]=-16.84
         X[3l]=-4.66
         X[4l]=7.52
         X[5l]=19.7
         X[6l]=31.88
         X[7l]=44.06
         X[8l]=56.24
         X[9l]=68.42
         X[10l]=80.6
         ny=10
         Y[0l]=-29.25
         Y[1l]=-23.4
         Y[2l]=-17.55
         Y[3l]=-11.7
         Y[4l]=-5.85
         Y[5l]=2.16716e-13
         Y[6l]=5.85
         Y[7l]=11.7
         Y[8l]=17.55
         Y[9l]=23.4
         Y[10l]=29.25
         nz=10
         Z[0l]=-29.25
         Z[1l]=-23.4
         Z[2l]=-17.55
         Z[3l]=-11.7
         Z[4l]=-5.85
         Z[5l]=2.13163e-13
         Z[6l]=5.85
         Z[7l]=11.7
         Z[8l]=17.55
         Z[9l]=23.4
         Z[10l]=29.25
      Adaptation:
         Activation:
            Kind=BYITER
            TimeStart=0
            TimeDuration=0
            TimePeriod=0
            IterStart=-1
            IterDuration=2
            IterPeriod=1000000
         Criteria[0l]:
            UIName=Adaptation #0
            Activation=True
            maxLevel=0
            subregArray[0l]=Region.VisObjects[5].Users[0].SubRegion
            placeArray[0l]:
               Place=Region.VisObjects[0]
               Settings:
                  MIndex=0
            AdpStatType=MERGE
            TwoChips=True
            Concavity=True
            OpSameBC=True
            OpDiffConj=True
            AdpToCurvParams:
               IsActive=False
               AddLevels=2
               SurfCurvMaxAngle=15
               SurfCurvUpperLimit=120
            AdpToEdgeParams:
               IsActive=False
               AddLevels=2
               SharpEdgeAngle=60
            layerCounts[0l]=1
         Criteria[1l]:
            UIName=Адаптация #1
            Activation=True
            maxLevel=3
            subregArray[0l]=Region.VisObjects[5].Users[0].SubRegion
            placeArray[0l]:
               Place=Region.VisibleSubRegs[0].BConditions[0]
               Settings:
                  MIndex=0
            AdpStatType=DIVIDE
            TwoChips=True
            Concavity=True
            OpSameBC=True
            OpDiffConj=True
            AdpToCurvParams:
               IsActive=False
               AddLevels=2
               SurfCurvMaxAngle=15
               SurfCurvUpperLimit=120
            AdpToEdgeParams:
               IsActive=False
               AddLevels=2
               SharpEdgeAngle=60
            layerCounts[0l]=3
            layerCounts[1l]=3
            layerCounts[2l]=3
      AdaptationToCond:
         Activation:
            Kind=PERMANENT
            TimeStart=0
            TimeDuration=0
            TimePeriod=0
            IterStart=1
            IterDuration=1
            IterPeriod=1
      AdaptationToSolution:
         Activation:
            Kind=BYITER
            TimeStart=0
            TimeDuration=0
            TimePeriod=0
            IterStart=10
            IterDuration=2
            IterPeriod=10
         Criteria[0l]:
            UIName=Adaptation to solution #0
            Activation=True
            maxLevel=3
            subregArray[0l]=Region.VisObjects[5].Users[0].SubRegion
            placeArray[0l]:
               Place=Region.VisObjects[0]
               Settings:
                  MIndex=0
            varArray[0l]:
               Variable:
                  Comp=SOURCE
               Type=GRADIENT
               Value=0
               Weight=1
         cellCount=100000
      OBLGrids:
         Activation:
            Type=PERMANENT
            IterStart=0
            TimeStart=0
   DllManager:
   Source=E:\UniFlight\flow\\Land_fv\data/Land.vtk
   Information:
      NumGroups=6
      NumFacets=12
      NumPoints=8
      Dim:
         Center:
            x=19.7
            y=2.14939e-13
            z=2.0961e-13
         Size:
            x=121.8
            y=58.5
            z=58.5
         BoxMin:
            x=-41.2
            y=-29.25
            z=-29.25
         BoxMax:
            x=80.6
            y=29.25
            z=29.25
   Tolerance=1e-08
   MinLengthOfEdge=58.5



Current controls data
------------------
Controls:
   TimeStep:
      Type=CFL
      Step=0.001
      CFL=10
      CFLSURF=1e+20
      CFLDIFF=1e+20
      CFLSLIDE=1
      CFLFILM=5
      Maximum=0.1
      Minimum=1e-20
      DisConvergenceLimit=1e-10
      GradP_use=True
      ImplicitMotion:
         MassCorrectionCoeff=1
         Enabled=False
         MaxIterations=10
         IterDuration=5
         MaxResidual=0.01
         Relaxation=0.5
         ArtCompressCoeff=0.75
   Advanced:
      Scheme:
         Type=Smooth
         Skew=False
         SchemeType=Implicit
         TimeStepping:
            Method=Standard
            NumCoupling=1
         SideGradAppr=True
         PresGrad=Simple
         PresTotal=PtotSimple
         OffSpeed=False
         densDependendConc=False
         AddSmoothByAdapt=False
         JointSol=False
      LES:
         SolverType=AST
         RelTol=1e-10
         UseA=True
         MaxIterA=100
         UseS=True
         MaxIterS=250
         FinalizeSQD=False
         UseT=True
         MaxIterT=400
      LimValue:
         StresMax=1e+20
         PresMin=-1e+20
         PresMax=1e+20
         Extrapolation=False
         FluxMax=1e+20
      MHDParameters:
         iterationsnumber=1
         useMHDtimestep=False
         diffaktor=0
      VOFParameters:
         conservative_VOF=True
         relaxation_VOF=1
         VOF_CFL=0
         useVOFtimestep=True
         useVOFSRCtimestep=False
         usedroplets=False
         vof_LEV=0.0001
         useConservativeVelocity=False
         useSigmaSurfGradCalc=False
      DISPERSEDparam:
         Type=Upwind
         FitaDmin=0.001
         useFilmTimeStep=False
         IcingActivation:
            Type=OFF
            IterStart=0
            TimeStart=0
      CheckGrid=False
      AdaptThroughGap=True
      Balancing:
         Kind=NON
         TimeStart=0
         TimeDuration=0
         TimePeriod=0
         IterStart=1
         IterDuration=1
         IterPeriod=1
      TurbulenceParameters:
         DistViaPotential=True
         StandardWF=False
         Fr_background=0.09
         T_profile=3
         T_Kader=False
         T_variation=False
      ChemistryParameters:
         MatrixSolver=False
      ExportLoadings:
         SaveData:
            Kind=NON
            Time=0
            Iteration=1
            Filename=loadings.glo
            Mode=APPEND
            UpdateOnStop=False
            Format=(none)
         Subject=NODE_LOADINGS
      MainLog:
         WriteMainLog=True
         MainLogDepth=1
      SlideSurface:
         Type=Sliding
      SmoothDiffFluxes=False
   Limiters:
      CalcLimiters:
         CommonCalcLims:
            K_volumedata=0.5
         PhaseCalcLims[0l]:
            EditValues[0l]=1e-10
            EditValues[1l]=1e+20
            EditValues[2l]=-1e+20
            EditValues[3l]=1e+20
            EditValues[4l]=1e-09
            EditValues[5l]=1e+20
            SmallCellParameters:
               Type=ABSOLUTE
               Criteria=0.2
               DynamicCriteria=0.2
            VeryViscouseFlow=False
   AutoSave:
      NonStationary=False
      Frequency:
         Kind=BYITER
         Time=0
         Iteration=50
      SaveVTK:
         Enabled=False
         Binary=True
      EnSight:
         Enabled=False
         Binary=True
   LayerAutoSave:
      NonStationary=False
      Frequency:
         Kind=NON
         Time=0
         Iteration=50
      SaveSolids=True
   TortAutoSave:
      Enabled=False
      AdaptLevel=3
      Method=Multiply
   ExportLMS:
      SubRegion=(none)
      OnSurface:
         Enabled=False
         SplitSources=False
      InVolume:
         Enabled=False
         Box=(none)
         Grid:
            LocalSystem=True
            Nodes1_i=101
            Nodes2_i=101
            Nodes3_i=101
            Nodes1_s=101
            Nodes2_s=101
            Nodes3_s=101
      Start:
         Kind=BYTIME
         TimeStart=0
         IterStart=1
      Transformation:
         Origin:
            x=0
            y=0
            z=0
         Ort0:
            x=1
            y=0
            z=0
         Ort1:
            x=0
            y=1
            z=0
         Ort2:
            x=0
            y=0
            z=1
         Scale=1
   Stoppers:
      TimeSpan:
         begin=0
         end=8
      Iterations:
         Number=1000000
      StopperResidual[0l]:
         Level=0
         Averaging=COMMON
         AveragingSettings:
            Kind=BYTIME
            Time=0
            Iteration=1
         Color=0x00006312
      StopperResidual[1l]:
         Level=0
         Averaging=COMMON
         AveragingSettings:
            Kind=BYTIME
            Time=0
            Iteration=1
         Color=0x004b4bf4
      StopperResidual[2l]:
         Level=0
         Averaging=COMMON
         AveragingSettings:
            Kind=BYTIME
            Time=0
            Iteration=1
         Color=0x00e55458
      StopperResidual[3l]:
         Level=0
         Averaging=COMMON
         AveragingSettings:
            Kind=BYTIME
            Time=0
            Iteration=1
         Color=0x00c76be7
      StopperUser[0l]:
         UIName=Лобовое сопротивление
         Level=0
         Averaging=COMMON
         AveragingSettings:
            Kind=BYTIME
            Time=0
            Iteration=1
         Color=0x00006312
         Object=Controls.Stoppers.StopperUser[0].Object
         Group=0
         UGV=14
         Comp=X
      StopperUser[1l]:
         UIName=Подъемная сила
         Level=0
         Averaging=COMMON
         AveragingSettings:
            Kind=BYTIME
            Time=0
            Iteration=1
         Color=0x004b4bf4
         Object=Controls.Stoppers.StopperUser[1].Object
         Group=0
         UGV=14
         Comp=Y
      Update:
         Kind=BYTIME
         Time=0
         Iteration=1
      StopIterations=5
      StartSettings:
         CheckMode=CHECKITER
         StartTime=0
         StartIter=0


------------------

SOLUTION STARTED
FlowVision Solver, version 3.13.01-W64 build 20240822 changeset 0.

21.06.26 03:43:14  ===== PreSolve Step =====
 Grid rebuild type:  1
 Start: DistributeGridOnProcessors
 End:   DistributeGridOnProcessors, res= 0; Timer: cpu0=0.000 wall=0.003 
 Start: DistributeFacet
 End:   DistributeFacet, res= 0; Timer: cpu0=0.000 wall=0.001 
 Start: DistributeGridOnProcessors
 End:   DistributeGridOnProcessors, res= 0; Timer: cpu0=0.000 wall=0.003 
 Start: DistributeFacet
 End:   DistributeFacet, res= 0; Timer: cpu0=0.000 wall=0.001 
 Start: BuildRealCells
 End:   BuildRealCells, res= 0; Timer: cpu0=0.062 wall=0.018 
 Start: SetNeiHyperCells
 End:   SetNeiHyperCells, res= 0; Timer: cpu0=0.000 wall=0.002 
 Start: SetNeiHyperCells
 End:   SetNeiHyperCells, res= 0; Timer: cpu0=0.000 wall=0.001 
 Start: TransferSubregs
 End:   TransferSubregs, res= 0; Timer: cpu0=0.000 wall=0.002 
 Start: CreateData
 End:   CreateData, res= 0; Timer: cpu0=0.000 wall=0.001 
 Start: Adaptation, TotalRealCellsCount= 1000 
 End:   Adaptation; Timer: cpu0=0.000 wall=0.002 
 Start: DistributeGridOnProcessors
 End:   DistributeGridOnProcessors, res= 0; Timer: cpu0=0.000 wall=0.010 
 Start: SetNeiHyperCells
 End:   SetNeiHyperCells, res= 0; Timer: cpu0=0.000 wall=0.001 
 Start: DataInitialization
 End:   DataInitialization; Timer: cpu0=0.172 wall=0.004 
 End:   ===== PreSolve Step =====; Timer: cpu0=0.234 wall=0.094 
21.06.26 03:43:14  ===== Processing Layers =====
21.06.26 03:43:14    *SEND* for CScalarLayer, GUID=0E21CAB5-1866-4124-A2B3-DEC499FA58E6
 Start: ComputeVolumeCharacteristics
 End:   ComputeVolumeCharacteristics; Timer: cpu0=0.000 wall=0.001 
 Start: GetValueOnFacets
 End:   GetValueOnFacets; Timer: cpu0=0.000 wall=0.002 
21.06.26 03:43:14    *SEND* for CScalarLayer, GUID=A3659819-C06E-40A1-8932-64A566FBB4DA
 Start: ComputeVolumeCharacteristics
 End:   ComputeVolumeCharacteristics; Timer: cpu0=0.000 wall=0.001 
 Start: GetValueOnFacets
 End:   GetValueOnFacets; Timer: cpu0=0.000 wall=0.011 
21.06.26 03:43:14    *SEND* for CIntegralCharsLayer, GUID=4E090A0C-544B-E4A2-4242-BEC451D7CD2B
21.06.26 03:43:14    *SEND* for CIntegralCharsLayer, GUID=927DEDC8-AF71-7A31-D608-FB7EA635069E
21.06.26 03:43:14    *SEND* for CIntegralCharsLayer, GUID=7EF96C33-7880-7A39-F672-8DCB17098C5C
 End:   ===== Processing Layers =====; Timer: cpu0=0.000 wall=0.032 

21.06.26 03:43:14  ===== New Time Step =====, Iter number =  0
 Start: SolidFiltersProcess
 End:   SolidFiltersProcess, res= 0; Timer: cpu0=0.047 wall=0.035 
 Start: TimeServis
 End:   TimeServis; Timer: cpu0=0.000 wall=0.003 
 Start: User modules' functions BeforeTimeStep() are calling
 End:   User modules' functions BeforeTimeStep() are calling; Timer: cpu0=0.000 wall=0.002 
 Start: Adaptation, TotalRealCellsCount= 1016 
 End:   Adaptation; Timer: cpu0=1.453 wall=0.707 
 Start: DistributeGridOnProcessors
 End:   DistributeGridOnProcessors, res= 0; Timer: cpu0=0.094 wall=0.038 
 Start: SetNeiHyperCells
 End:   SetNeiHyperCells, res= 0; Timer: cpu0=0.000 wall=0.003 
 Start: BuildFacetDistribution
 End:   BuildFacetDistribution; Timer: cpu0=0.000 wall=0.001 
 Start: Initialize data arrays on chips
 End:   Initialize data arrays on chips, res= 0; Timer: cpu0=0.000 wall=0.001 
  ***** Maximum Geometrical Gauss = 5.88354e-15, cell= 644:7:3:6:1:0
  ***** Maximum MovingSurf  Gauss = 2.42763e-14, cell= 644:3:7:4:1:0
 Start: Remove Small Cells
 End:   Remove Small Cells; Timer: cpu0=0.000 wall=0.005 
 Start: Initialize data arrays on chips
 End:   Initialize data arrays on chips, res= 0; Timer: cpu0=0.000 wall=0.001 
  ***** Maximum Geometrical Gauss = 5.88354e-15, cell= 644:7:3:6:1:0
  ***** Maximum MovingSurf  Gauss = 1.10986e-14, cell= 644:7:3:4:1:0
 Start: Initialize data arrays on chips
 End:   Initialize data arrays on chips, res= 0; Timer: cpu0=0.000 wall=0.001 
 Start: Modify Chip Data
 End:   Modify Chip Data; Timer: cpu0=0.000 wall=0.005 
 Start: TimeServis
 End:   TimeServis; Timer: cpu0=0.031 wall=0.005 
 Start: FindEnclaves
 End:   FindEnclaves; Timer: cpu0=0.000 wall=0.005 
 Start: VarValueService
 End:   VarValueService; Timer: cpu0=0.000 wall=0.000 
 Start: SolvePhaseEquation 
 End:   SolvePhaseEquation ; Timer: cpu0=1.328 wall=0.239 
 Start: SolidFiltersProcess: calculate forces and moments
 End:   SolidFiltersProcess: calculate forces and moments; Timer: cpu0=0.000 wall=0.002 
 Start: PrepareDataForNextStep
 End:   PrepareDataForNextStep; Timer: cpu0=0.062 wall=0.023 
 Start: VarValueService
 End:   VarValueService; Timer: cpu0=0.000 wall=0.001 
 Start: UpdateStopperData
 End:   UpdateStopperData; Timer: cpu0=0.000 wall=0.000 
 Start: Saving text status in E:\UniFlight\flow\Land_fv\data\Land.status
 End:   Saving text status in E:\UniFlight\flow\Land_fv\data\Land.status; Timer: cpu0=0.000 wall=0.002 
 End:   ===== Time Step =====, Iter number =  0; Timer: cpu0=3.016 wall=1.130 

21.06.26 03:43:16  ===== Processing Layers =====
21.06.26 03:43:16    *SEND* for CScalarLayer, GUID=0E21CAB5-1866-4124-A2B3-DEC499FA58E6
 Start: ComputeVolumeCharacteristics
 End:   ComputeVolumeCharacteristics; Timer: cpu0=0.000 wall=0.002 
 Start: GetValueOnFacets
 End:   GetValueOnFacets; Timer: cpu0=0.000 wall=0.008 
21.06.26 03:43:16    *SEND* for CScalarLayer, GUID=A3659819-C06E-40A1-8932-64A566FBB4DA
 Start: ComputeVolumeCharacteristics
 End:   ComputeVolumeCharacteristics; Timer: cpu0=0.000 wall=0.001 
 Start: GetValueOnFacets
 End:   GetValueOnFacets; Timer: cpu0=0.188 wall=0.036 
21.06.26 03:43:16    *SEND* for CIntegralCharsLayer, GUID=4E090A0C-544B-E4A2-4242-BEC451D7CD2B
21.06.26 03:43:16    *SEND* for CIntegralCharsLayer, GUID=927DEDC8-AF71-7A31-D608-FB7EA635069E
21.06.26 03:43:16    *SEND* for CIntegralCharsLayer, GUID=7EF96C33-7880-7A39-F672-8DCB17098C5C
 End:   ===== Processing Layers =====; Timer: cpu0=0.188 wall=0.073 

21.06.26 03:43:16  ===== New Time Step =====, Iter number =  1
 Start: TimeServis
 End:   TimeServis; Timer: cpu0=0.125 wall=0.007 
 Start: User modules' functions BeforeTimeStep() are calling
 End:   User modules' functions BeforeTimeStep() are calling; Timer: cpu0=0.000 wall=0.001 
 Start: Adaptation, TotalRealCellsCount= 9207 
 End:   Adaptation; Timer: cpu0=0.000 wall=0.001 
 Start: Initialize data arrays on chips
 End:   Initialize data arrays on chips, res= 0; Timer: cpu0=0.000 wall=0.001 
  ***** Maximum Geometrical Gauss = 5.88354e-15, cell= 644:7:3:6:1:0
  ***** Maximum MovingSurf  Gauss = 0, cell= 
 Start: Initialize data arrays on chips
 End:   Initialize data arrays on chips, res= 0; Timer: cpu0=0.000 wall=0.001 
 Start: TimeServis
 End:   TimeServis; Timer: cpu0=0.000 wall=0.006 
 Start: FindEnclaves
 End:   FindEnclaves; Timer: cpu0=0.016 wall=0.006 
 Start: VarValueService
 End:   VarValueService; Timer: cpu0=0.000 wall=0.001 
 Start: SolvePhaseEquation 
 End:   SolvePhaseEquation ; Timer: cpu0=1.375 wall=0.229 
 Start: SolidFiltersProcess: calculate forces and moments
 End:   SolidFiltersProcess: calculate forces and moments; Timer: cpu0=0.000 wall=0.002 
 Start: PrepareDataForNextStep
 End:   PrepareDataForNextStep; Timer: cpu0=0.047 wall=0.022 
 Start: VarValueService
 End:   VarValueService; Timer: cpu0=0.000 wall=0.001 
 Start: UpdateStopperData
 End:   UpdateStopperData; Timer: cpu0=0.000 wall=0.001 
 Start: Saving text status in E:\UniFlight\flow\Land_fv\data\Land.status
 End:   Saving text status in E:\UniFlight\flow\Land_fv\data\Land.status; Timer: cpu0=0.000 wall=0.006 
 End:   ===== Time Step =====, Iter number =  1; Timer: cpu0=1.562 wall=0.317 

21.06.26 03:43:17  ===== Processing Layers =====
21.06.26 03:43:17    *SEND* for CScalarLayer, GUID=0E21CAB5-1866-4124-A2B3-DEC499FA58E6
 Start: ComputeVolumeCharacteristics
 End:   ComputeVolumeCharacteristics; Timer: cpu0=0.000 wall=0.002 
 Start: GetValueOnFacets
 End:   GetValueOnFacets; Timer: cpu0=0.016 wall=0.010 
21.06.26 03:43:17    *SEND* for CScalarLayer, GUID=A3659819-C06E-40A1-8932-64A566FBB4DA
 Start: ComputeVolumeCharacteristics
 End:   ComputeVolumeCharacteristics; Timer: cpu0=0.000 wall=0.002 
 Start: GetValueOnFacets
 End:   GetValueOnFacets; Timer: cpu0=0.188 wall=0.042 
21.06.26 03:43:17    *SEND* for CIntegralCharsLayer, GUID=4E090A0C-544B-E4A2-4242-BEC451D7CD2B
21.06.26 03:43:17    *SEND* for CIntegralCharsLayer, GUID=927DEDC8-AF71-7A31-D608-FB7EA635069E
21.06.26 03:43:17    *SEND* for CIntegralCharsLayer, GUID=7EF96C33-7880-7A39-F672-8DCB17098C5C
 End:   ===== Processing Layers =====; Timer: cpu0=0.250 wall=0.099 

21.06.26 03:43:17  ===== New Time Step =====, Iter number =  2
 Start: TimeServis
 End:   TimeServis; Timer: cpu0=0.047 wall=0.007 
 Start: User modules' functions BeforeTimeStep() are calling
 End:   User modules' functions BeforeTimeStep() are calling; Timer: cpu0=0.000 wall=0.002 
 Start: Adaptation, TotalRealCellsCount= 9207 
 End:   Adaptation; Timer: cpu0=0.000 wall=0.002 
 Start: Initialize data arrays on chips
 End:   Initialize data arrays on chips, res= 0; Timer: cpu0=0.000 wall=0.002 
  ***** Maximum Geometrical Gauss = 5.88354e-15, cell= 644:7:3:6:1:0
  ***** Maximum MovingSurf  Gauss = 0, cell= 
 Start: Initialize data arrays on chips
 End:   Initialize data arrays on chips, res= 0; Timer: cpu0=0.000 wall=0.001 
 Start: TimeServis
 End:   TimeServis; Timer: cpu0=0.109 wall=0.008 
 Start: FindEnclaves
 End:   FindEnclaves; Timer: cpu0=0.000 wall=0.007 
 Start: VarValueService
 End:   VarValueService; Timer: cpu0=0.000 wall=0.001 
 Start: SolvePhaseEquation 
 End:   SolvePhaseEquation ; Timer: cpu0=1.562 wall=0.265 
 Start: SolidFiltersProcess: calculate forces and moments
 End:   SolidFiltersProcess: calculate forces and moments; Timer: cpu0=0.000 wall=0.002 
 Start: PrepareDataForNextStep
 End:   PrepareDataForNextStep; Timer: cpu0=0.125 wall=0.022 
 Start: VarValueService
 End:   VarValueService; Timer: cpu0=0.000 wall=0.001 
 Start: UpdateStopperData
 End:   UpdateStopperData; Timer: cpu0=0.000 wall=0.002 
 Start: Saving text status in E:\UniFlight\flow\Land_fv\data\Land.status
 End:   Saving text status in E:\UniFlight\flow\Land_fv\data\Land.status; Timer: cpu0=0.000 wall=0.002 
 End:   ===== Time Step =====, Iter number =  2; Timer: cpu0=1.938 wall=0.366 

21.06.26 03:43:18  ===== Processing Layers =====
21.06.26 03:43:18    *SEND* for CScalarLayer, GUID=0E21CAB5-1866-4124-A2B3-DEC499FA58E6
 Start: ComputeVolumeCharacteristics
 End:   ComputeVolumeCharacteristics; Timer: cpu0=0.000 wall=0.001 
 Start: GetValueOnFacets
 End:   GetValueOnFacets; Timer: cpu0=0.000 wall=0.009 
21.06.26 03:43:18    *SEND* for CScalarLayer, GUID=A3659819-C06E-40A1-8932-64A566FBB4DA
 Start: ComputeVolumeCharacteristics
 End:   ComputeVolumeCharacteristics; Timer: cpu0=0.000 wall=0.001 
 Start: GetValueOnFacets
 End:   GetValueOnFacets; Timer: cpu0=0.188 wall=0.044 
21.06.26 03:43:18    *SEND* for CIntegralCharsLayer, GUID=4E090A0C-544B-E4A2-4242-BEC451D7CD2B
21.06.26 03:43:18    *SEND* for CIntegralCharsLayer, GUID=927DEDC8-AF71-7A31-D608-FB7EA635069E
21.06.26 03:43:18    *SEND* for CIntegralCharsLayer, GUID=7EF96C33-7880-7A39-F672-8DCB17098C5C
 End:   ===== Processing Layers =====; Timer: cpu0=0.188 wall=0.086 

21.06.26 03:43:18  ===== New Time Step =====, Iter number =  3
 Start: TimeServis
 End:   TimeServis; Timer: cpu0=0.109 wall=0.007 
 Start: User modules' functions BeforeTimeStep() are calling
 End:   User modules' functions BeforeTimeStep() are calling; Timer: cpu0=0.000 wall=0.001 
 Start: Adaptation, TotalRealCellsCount= 9207 
 End:   Adaptation; Timer: cpu0=0.000 wall=0.002 
 Start: Initialize data arrays on chips
 End:   Initialize data arrays on chips, res= 0; Timer: cpu0=0.000 wall=0.003 
  ***** Maximum Geometrical Gauss = 5.88354e-15, cell= 644:7:3:6:1:0
  ***** Maximum MovingSurf  Gauss = 0, cell= 
 Start: Initialize data arrays on chips
 End:   Initialize data arrays on chips, res= 0; Timer: cpu0=0.000 wall=0.001 
 Start: TimeServis
 End:   TimeServis; Timer: cpu0=0.000 wall=0.008 
 Start: FindEnclaves
 End:   FindEnclaves; Timer: cpu0=0.016 wall=0.006 
 Start: VarValueService
 End:   VarValueService; Timer: cpu0=0.000 wall=0.001 
 Start: SolvePhaseEquation 
 End:   SolvePhaseEquation ; Timer: cpu0=1.500 wall=0.250 
 Start: SolidFiltersProcess: calculate forces and moments
 End:   SolidFiltersProcess: calculate forces and moments; Timer: cpu0=0.000 wall=0.002 
 Start: PrepareDataForNextStep
 End:   PrepareDataForNextStep; Timer: cpu0=0.219 wall=0.023 
 Start: VarValueService
 End:   VarValueService; Timer: cpu0=0.000 wall=0.001 
 Start: UpdateStopperData
 End:   UpdateStopperData; Timer: cpu0=0.000 wall=0.001 
 Start: Saving text status in E:\UniFlight\flow\Land_fv\data\Land.status
 End:   Saving text status in E:\UniFlight\flow\Land_fv\data\Land.status; Timer: cpu0=0.000 wall=0.003 
 End:   ===== Time Step =====, Iter number =  3; Timer: cpu0=1.844 wall=0.351 

21.06.26 03:43:18  ===== Processing Layers =====
21.06.26 03:43:18    *SEND* for CScalarLayer, GUID=0E21CAB5-1866-4124-A2B3-DEC499FA58E6
 Start: ComputeVolumeCharacteristics
 End:   ComputeVolumeCharacteristics; Timer: cpu0=0.000 wall=0.001 
 Start: GetValueOnFacets
 End:   GetValueOnFacets; Timer: cpu0=0.016 wall=0.008 
21.06.26 03:43:18    *SEND* for CScalarLayer, GUID=A3659819-C06E-40A1-8932-64A566FBB4DA
 Start: ComputeVolumeCharacteristics
 End:   ComputeVolumeCharacteristics; Timer: cpu0=0.000 wall=0.002 
 Start: GetValueOnFacets
 End:   GetValueOnFacets; Timer: cpu0=0.047 wall=0.036 
21.06.26 03:43:18    *SEND* for CIntegralCharsLayer, GUID=4E090A0C-544B-E4A2-4242-BEC451D7CD2B
21.06.26 03:43:18    *SEND* for CIntegralCharsLayer, GUID=927DEDC8-AF71-7A31-D608-FB7EA635069E
21.06.26 03:43:18    *SEND* for CIntegralCharsLayer, GUID=7EF96C33-7880-7A39-F672-8DCB17098C5C
 End:   ===== Processing Layers =====; Timer: cpu0=0.062 wall=0.072 

21.06.26 03:43:18  ===== New Time Step =====, Iter number =  4
 Start: TimeServis
 End:   TimeServis; Timer: cpu0=0.000 wall=0.006 
 Start: User modules' functions BeforeTimeStep() are calling
 End:   User modules' functions BeforeTimeStep() are calling; Timer: cpu0=0.000 wall=0.003 
 Start: Adaptation, TotalRealCellsCount= 9207 
 End:   Adaptation; Timer: cpu0=0.000 wall=0.002 
 Start: Initialize data arrays on chips
 End:   Initialize data arrays on chips, res= 0; Timer: cpu0=0.000 wall=0.001 
  ***** Maximum Geometrical Gauss = 5.88354e-15, cell= 644:7:3:6:1:0
  ***** Maximum MovingSurf  Gauss = 0, cell= 
 Start: Initialize data arrays on chips
 End:   Initialize data arrays on chips, res= 0; Timer: cpu0=0.000 wall=0.001 
 Start: TimeServis
 End:   TimeServis; Timer: cpu0=0.000 wall=0.007 
 Start: FindEnclaves
 End:   FindEnclaves; Timer: cpu0=0.000 wall=0.006 
 Start: VarValueService
 End:   VarValueService; Timer: cpu0=0.000 wall=0.002 
 Start: SolvePhaseEquation 
 End:   SolvePhaseEquation ; Timer: cpu0=1.391 wall=0.218 
 Start: SolidFiltersProcess: calculate forces and moments
 End:   SolidFiltersProcess: calculate forces and moments; Timer: cpu0=0.000 wall=0.002 
 Start: PrepareDataForNextStep
 End:   PrepareDataForNextStep; Timer: cpu0=0.016 wall=0.022 
 Start: VarValueService
 End:   VarValueService; Timer: cpu0=0.000 wall=0.001 
 Start: UpdateStopperData
 End:   UpdateStopperData; Timer: cpu0=0.000 wall=0.001 
 Start: Saving text status in E:\UniFlight\flow\Land_fv\data\Land.status
 End:   Saving text status in E:\UniFlight\flow\Land_fv\data\Land.status; Timer: cpu0=0.000 wall=0.002 
 End:   ===== Time Step =====, Iter number =  4; Timer: cpu0=1.406 wall=0.307 

21.06.26 03:43:19  ===== Processing Layers =====
21.06.26 03:43:19    *SEND* for CScalarLayer, GUID=0E21CAB5-1866-4124-A2B3-DEC499FA58E6
 Start: ComputeVolumeCharacteristics
 End:   ComputeVolumeCharacteristics; Timer: cpu0=0.000 wall=0.001 
 Start: GetValueOnFacets
 End:   GetValueOnFacets; Timer: cpu0=0.016 wall=0.009 
21.06.26 03:43:19    *SEND* for CScalarLayer, GUID=A3659819-C06E-40A1-8932-64A566FBB4DA
 Start: ComputeVolumeCharacteristics
 End:   ComputeVolumeCharacteristics; Timer: cpu0=0.000 wall=0.002 
 Start: GetValueOnFacets
 End:   GetValueOnFacets; Timer: cpu0=0.188 wall=0.044 
21.06.26 03:43:19    *SEND* for CIntegralCharsLayer, GUID=4E090A0C-544B-E4A2-4242-BEC451D7CD2B
21.06.26 03:43:19    *SEND* for CIntegralCharsLayer, GUID=927DEDC8-AF71-7A31-D608-FB7EA635069E
21.06.26 03:43:19    *SEND* for CIntegralCharsLayer, GUID=7EF96C33-7880-7A39-F672-8DCB17098C5C
 End:   ===== Processing Layers =====; Timer: cpu0=0.203 wall=0.093 

21.06.26 03:43:19  ===== New Time Step =====, Iter number =  5
 Start: TimeServis
 End:   TimeServis; Timer: cpu0=0.000 wall=0.006 
 Start: User modules' functions BeforeTimeStep() are calling
 End:   User modules' functions BeforeTimeStep() are calling; Timer: cpu0=0.000 wall=0.001 
 Start: Adaptation, TotalRealCellsCount= 9207 
 End:   Adaptation; Timer: cpu0=0.000 wall=0.001 
 Start: Initialize data arrays on chips
 End:   Initialize data arrays on chips, res= 0; Timer: cpu0=0.000 wall=0.001 
  ***** Maximum Geometrical Gauss = 5.88354e-15, cell= 644:7:3:6:1:0
  ***** Maximum MovingSurf  Gauss = 0, cell= 
 Start: Initialize data arrays on chips
 End:   Initialize data arrays on chips, res= 0; Timer: cpu0=0.000 wall=0.002 
 Start: TimeServis
 End:   TimeServis; Timer: cpu0=0.000 wall=0.006 
 Start: FindEnclaves
 End:   FindEnclaves; Timer: cpu0=0.016 wall=0.007 
 Start: VarValueService
 End:   VarValueService; Timer: cpu0=0.000 wall=0.001 
 Start: SolvePhaseEquation 
 End:   SolvePhaseEquation ; Timer: cpu0=1.078 wall=0.214 
 Start: SolidFiltersProcess: calculate forces and moments
 End:   SolidFiltersProcess: calculate forces and moments; Timer: cpu0=0.000 wall=0.001 
 Start: PrepareDataForNextStep
 End:   PrepareDataForNextStep; Timer: cpu0=0.078 wall=0.020 
 Start: VarValueService
 End:   VarValueService; Timer: cpu0=0.000 wall=0.001 
 Start: UpdateStopperData
 End:   UpdateStopperData; Timer: cpu0=0.000 wall=0.001 
 Start: Saving text status in E:\UniFlight\flow\Land_fv\data\Land.status
 End:   Saving text status in E:\UniFlight\flow\Land_fv\data\Land.status; Timer: cpu0=0.000 wall=0.002 
 End:   ===== Time Step =====, Iter number =  5; Timer: cpu0=1.297 wall=0.298 

21.06.26 03:43:20  ===== Processing Layers =====
21.06.26 03:43:20    *SEND* for CScalarLayer, GUID=0E21CAB5-1866-4124-A2B3-DEC499FA58E6
 Start: ComputeVolumeCharacteristics
 End:   ComputeVolumeCharacteristics; Timer: cpu0=0.000 wall=0.001 
 Start: GetValueOnFacets
 End:   GetValueOnFacets; Timer: cpu0=0.016 wall=0.008 
21.06.26 03:43:20    *SEND* for CScalarLayer, GUID=A3659819-C06E-40A1-8932-64A566FBB4DA
 Start: ComputeVolumeCharacteristics
 End:   ComputeVolumeCharacteristics; Timer: cpu0=0.000 wall=0.001 
 Start: GetValueOnFacets
 End:   GetValueOnFacets; Timer: cpu0=0.047 wall=0.039 
21.06.26 03:43:20    *SEND* for CIntegralCharsLayer, GUID=4E090A0C-544B-E4A2-4242-BEC451D7CD2B
21.06.26 03:43:20    *SEND* for CIntegralCharsLayer, GUID=927DEDC8-AF71-7A31-D608-FB7EA635069E
21.06.26 03:43:20    *SEND* for CIntegralCharsLayer, GUID=7EF96C33-7880-7A39-F672-8DCB17098C5C
 End:   ===== Processing Layers =====; Timer: cpu0=0.062 wall=0.078 

21.06.26 03:43:20  ===== New Time Step =====, Iter number =  6
 Start: TimeServis
 End:   TimeServis; Timer: cpu0=0.000 wall=0.006 
 Start: User modules' functions BeforeTimeStep() are calling
 End:   User modules' functions BeforeTimeStep() are calling; Timer: cpu0=0.000 wall=0.001 
 Start: Adaptation, TotalRealCellsCount= 9207 
 End:   Adaptation; Timer: cpu0=0.000 wall=0.001 
 Start: Initialize data arrays on chips
 End:   Initialize data arrays on chips, res= 0; Timer: cpu0=0.000 wall=0.000 
  ***** Maximum Geometrical Gauss = 5.88354e-15, cell= 644:7:3:6:1:0
  ***** Maximum MovingSurf  Gauss = 0, cell= 
 Start: Initialize data arrays on chips
 End:   Initialize data arrays on chips, res= 0; Timer: cpu0=0.000 wall=0.001 
 Start: TimeServis
 End:   TimeServis; Timer: cpu0=0.000 wall=0.005 
 Start: FindEnclaves
 End:   FindEnclaves; Timer: cpu0=0.000 wall=0.004 
 Start: VarValueService
 End:   VarValueService; Timer: cpu0=0.000 wall=0.001 
 Start: SolvePhaseEquation 
 End:   SolvePhaseEquation ; Timer: cpu0=0.891 wall=0.193 
 Start: SolidFiltersProcess: calculate forces and moments
 End:   SolidFiltersProcess: calculate forces and moments; Timer: cpu0=0.000 wall=0.001 
 Start: PrepareDataForNextStep
 End:   PrepareDataForNextStep; Timer: cpu0=0.156 wall=0.020 
 Start: VarValueService
 End:   VarValueService; Timer: cpu0=0.000 wall=0.001 
 Start: UpdateStopperData
 End:   UpdateStopperData; Timer: cpu0=0.000 wall=0.001 
 Start: Saving text status in E:\UniFlight\flow\Land_fv\data\Land.status
 End:   Saving text status in E:\UniFlight\flow\Land_fv\data\Land.status; Timer: cpu0=0.000 wall=0.002 
 End:   ===== Time Step =====, Iter number =  6; Timer: cpu0=1.172 wall=0.268 

21.06.26 03:43:20  ===== Processing Layers =====
21.06.26 03:43:20    *SEND* for CScalarLayer, GUID=0E21CAB5-1866-4124-A2B3-DEC499FA58E6
 Start: ComputeVolumeCharacteristics
 End:   ComputeVolumeCharacteristics; Timer: cpu0=0.000 wall=0.002 
 Start: GetValueOnFacets
 End:   GetValueOnFacets; Timer: cpu0=0.016 wall=0.012 
21.06.26 03:43:20    *SEND* for CScalarLayer, GUID=A3659819-C06E-40A1-8932-64A566FBB4DA
 Start: ComputeVolumeCharacteristics
 End:   ComputeVolumeCharacteristics; Timer: cpu0=0.000 wall=0.002 
 Start: GetValueOnFacets
 End:   GetValueOnFacets; Timer: cpu0=0.203 wall=0.056 
21.06.26 03:43:20    *SEND* for CIntegralCharsLayer, GUID=4E090A0C-544B-E4A2-4242-BEC451D7CD2B
21.06.26 03:43:20    *SEND* for CIntegralCharsLayer, GUID=927DEDC8-AF71-7A31-D608-FB7EA635069E
21.06.26 03:43:20    *SEND* for CIntegralCharsLayer, GUID=7EF96C33-7880-7A39-F672-8DCB17098C5C
 End:   ===== Processing Layers =====; Timer: cpu0=0.297 wall=0.104 

21.06.26 03:43:20  ===== New Time Step =====, Iter number =  7
 Start: TimeServis
 End:   TimeServis; Timer: cpu0=0.156 wall=0.008 
 Start: User modules' functions BeforeTimeStep() are calling
 End:   User modules' functions BeforeTimeStep() are calling; Timer: cpu0=0.000 wall=0.001 
 Start: Adaptation, TotalRealCellsCount= 9207 
 End:   Adaptation; Timer: cpu0=0.000 wall=0.001 
 Start: Initialize data arrays on chips
 End:   Initialize data arrays on chips, res= 0; Timer: cpu0=0.000 wall=0.001 
  ***** Maximum Geometrical Gauss = 5.88354e-15, cell= 644:7:3:6:1:0
  ***** Maximum MovingSurf  Gauss = 0, cell= 
 Start: Initialize data arrays on chips
 End:   Initialize data arrays on chips, res= 0; Timer: cpu0=0.000 wall=0.001 
 Start: TimeServis
 End:   TimeServis; Timer: cpu0=0.125 wall=0.007 
 Start: FindEnclaves
 End:   FindEnclaves; Timer: cpu0=0.016 wall=0.006 
 Start: VarValueService
 End:   VarValueService; Timer: cpu0=0.000 wall=0.001 
 Start: SolvePhaseEquation 
 End:   SolvePhaseEquation ; Timer: cpu0=1.469 wall=0.237 
 Start: SolidFiltersProcess: calculate forces and moments
 End:   SolidFiltersProcess: calculate forces and moments; Timer: cpu0=0.000 wall=0.002 
 Start: PrepareDataForNextStep
 End:   PrepareDataForNextStep; Timer: cpu0=0.219 wall=0.022 
 Start: VarValueService
 End:   VarValueService; Timer: cpu0=0.000 wall=0.002 
 Start: UpdateStopperData
 End:   UpdateStopperData; Timer: cpu0=0.000 wall=0.001 
 Start: Saving text status in E:\UniFlight\flow\Land_fv\data\Land.status
 End:   Saving text status in E:\UniFlight\flow\Land_fv\data\Land.status; Timer: cpu0=0.000 wall=0.002 
 End:   ===== Time Step =====, Iter number =  7; Timer: cpu0=1.984 wall=0.329 

21.06.26 03:43:21  ===== Processing Layers =====
21.06.26 03:43:21    *SEND* for CScalarLayer, GUID=0E21CAB5-1866-4124-A2B3-DEC499FA58E6
 Start: ComputeVolumeCharacteristics
 End:   ComputeVolumeCharacteristics; Timer: cpu0=0.125 wall=0.002 
 Start: GetValueOnFacets
 End:   GetValueOnFacets; Timer: cpu0=0.000 wall=0.009 
21.06.26 03:43:21    *SEND* for CScalarLayer, GUID=A3659819-C06E-40A1-8932-64A566FBB4DA
 Start: ComputeVolumeCharacteristics
 End:   ComputeVolumeCharacteristics; Timer: cpu0=0.000 wall=0.002 
 Start: GetValueOnFacets
 End:   GetValueOnFacets; Timer: cpu0=0.047 wall=0.046 
21.06.26 03:43:21    *SEND* for CIntegralCharsLayer, GUID=4E090A0C-544B-E4A2-4242-BEC451D7CD2B
21.06.26 03:43:21    *SEND* for CIntegralCharsLayer, GUID=927DEDC8-AF71-7A31-D608-FB7EA635069E
21.06.26 03:43:21    *SEND* for CIntegralCharsLayer, GUID=7EF96C33-7880-7A39-F672-8DCB17098C5C
 End:   ===== Processing Layers =====; Timer: cpu0=0.172 wall=0.084 

21.06.26 03:43:21  ===== New Time Step =====, Iter number =  8
 Start: TimeServis
 End:   TimeServis; Timer: cpu0=0.125 wall=0.007 
 Start: User modules' functions BeforeTimeStep() are calling
 End:   User modules' functions BeforeTimeStep() are calling; Timer: cpu0=0.000 wall=0.002 
 Start: Adaptation, TotalRealCellsCount= 9207 
 End:   Adaptation; Timer: cpu0=0.000 wall=0.001 
 Start: Initialize data arrays on chips
 End:   Initialize data arrays on chips, res= 0; Timer: cpu0=0.000 wall=0.002 
  ***** Maximum Geometrical Gauss = 5.88354e-15, cell= 644:7:3:6:1:0
  ***** Maximum MovingSurf  Gauss = 0, cell= 
 Start: Initialize data arrays on chips
 End:   Initialize data arrays on chips, res= 0; Timer: cpu0=0.000 wall=0.002 
 Start: TimeServis
 End:   TimeServis; Timer: cpu0=0.000 wall=0.006 
 Start: FindEnclaves
 End:   FindEnclaves; Timer: cpu0=0.000 wall=0.006 
 Start: VarValueService
 End:   VarValueService; Timer: cpu0=0.000 wall=0.001 
 Start: SolvePhaseEquation 
 End:   SolvePhaseEquation ; Timer: cpu0=1.266 wall=0.208 
 Start: SolidFiltersProcess: calculate forces and moments
 End:   SolidFiltersProcess: calculate forces and moments; Timer: cpu0=0.000 wall=0.001 
 Start: PrepareDataForNextStep
 End:   PrepareDataForNextStep; Timer: cpu0=0.031 wall=0.021 
 Start: VarValueService
 End:   VarValueService; Timer: cpu0=0.000 wall=0.001 
 Start: UpdateStopperData
 End:   UpdateStopperData; Timer: cpu0=0.000 wall=0.001 
 Start: Saving text status in E:\UniFlight\flow\Land_fv\data\Land.status
 End:   Saving text status in E:\UniFlight\flow\Land_fv\data\Land.status; Timer: cpu0=0.000 wall=0.002 
 End:   ===== Time Step =====, Iter number =  8; Timer: cpu0=1.422 wall=0.289 

21.06.26 03:43:22  ===== Processing Layers =====
21.06.26 03:43:22    *SEND* for CScalarLayer, GUID=0E21CAB5-1866-4124-A2B3-DEC499FA58E6
 Start: ComputeVolumeCharacteristics
 End:   ComputeVolumeCharacteristics; Timer: cpu0=0.000 wall=0.002 
 Start: GetValueOnFacets
 End:   GetValueOnFacets; Timer: cpu0=0.062 wall=0.011 
21.06.26 03:43:22    *SEND* for CScalarLayer, GUID=A3659819-C06E-40A1-8932-64A566FBB4DA
 Start: ComputeVolumeCharacteristics
 End:   ComputeVolumeCharacteristics; Timer: cpu0=0.000 wall=0.002 
 Start: GetValueOnFacets
 End:   GetValueOnFacets; Timer: cpu0=0.203 wall=0.060 
21.06.26 03:43:22    *SEND* for CIntegralCharsLayer, GUID=4E090A0C-544B-E4A2-4242-BEC451D7CD2B
21.06.26 03:43:22    *SEND* for CIntegralCharsLayer, GUID=927DEDC8-AF71-7A31-D608-FB7EA635069E
21.06.26 03:43:22    *SEND* for CIntegralCharsLayer, GUID=7EF96C33-7880-7A39-F672-8DCB17098C5C
 End:   ===== Processing Layers =====; Timer: cpu0=0.266 wall=0.108 

21.06.26 03:43:22  ===== New Time Step =====, Iter number =  9
 Start: TimeServis
 End:   TimeServis; Timer: cpu0=0.125 wall=0.009 
 Start: User modules' functions BeforeTimeStep() are calling
 End:   User modules' functions BeforeTimeStep() are calling; Timer: cpu0=0.000 wall=0.002 
 Start: Adaptation, TotalRealCellsCount= 9207 
 End:   Adaptation; Timer: cpu0=0.000 wall=0.001 
 Start: Initialize data arrays on chips
 End:   Initialize data arrays on chips, res= 0; Timer: cpu0=0.000 wall=0.001 
  ***** Maximum Geometrical Gauss = 5.88354e-15, cell= 644:7:3:6:1:0
  ***** Maximum MovingSurf  Gauss = 0, cell= 
 Start: Initialize data arrays on chips
 End:   Initialize data arrays on chips, res= 0; Timer: cpu0=0.000 wall=0.001 
 Start: TimeServis
 End:   TimeServis; Timer: cpu0=0.094 wall=0.009 
 Start: FindEnclaves
 End:   FindEnclaves; Timer: cpu0=0.016 wall=0.006 
 Start: VarValueService
 End:   VarValueService; Timer: cpu0=0.000 wall=0.001 
 Start: SolvePhaseEquation 
 End:   SolvePhaseEquation ; Timer: cpu0=1.359 wall=0.243 
 Start: SolidFiltersProcess: calculate forces and moments
 End:   SolidFiltersProcess: calculate forces and moments; Timer: cpu0=0.000 wall=0.001 
 Start: PrepareDataForNextStep
 End:   PrepareDataForNextStep; Timer: cpu0=0.031 wall=0.019 
 Start: VarValueService
 End:   VarValueService; Timer: cpu0=0.000 wall=0.001 
 Start: UpdateStopperData
 End:   UpdateStopperData; Timer: cpu0=0.000 wall=0.000 
 Start: Saving text status in E:\UniFlight\flow\Land_fv\data\Land.status
 End:   Saving text status in E:\UniFlight\flow\Land_fv\data\Land.status; Timer: cpu0=0.000 wall=0.001 
 End:   ===== Time Step =====, Iter number =  9; Timer: cpu0=1.625 wall=0.335 

21.06.26 03:43:22  ===== Processing Layers =====
21.06.26 03:43:22    *SEND* for CScalarLayer, GUID=0E21CAB5-1866-4124-A2B3-DEC499FA58E6
 Start: ComputeVolumeCharacteristics
 End:   ComputeVolumeCharacteristics; Timer: cpu0=0.000 wall=0.002 
 Start: GetValueOnFacets
 End:   GetValueOnFacets; Timer: cpu0=0.000 wall=0.011 
21.06.26 03:43:22    *SEND* for CScalarLayer, GUID=A3659819-C06E-40A1-8932-64A566FBB4DA
 Start: ComputeVolumeCharacteristics
 End:   ComputeVolumeCharacteristics; Timer: cpu0=0.000 wall=0.001 
 Start: GetValueOnFacets
 End:   GetValueOnFacets; Timer: cpu0=0.203 wall=0.048 
21.06.26 03:43:22    *SEND* for CIntegralCharsLayer, GUID=4E090A0C-544B-E4A2-4242-BEC451D7CD2B
21.06.26 03:43:22    *SEND* for CIntegralCharsLayer, GUID=927DEDC8-AF71-7A31-D608-FB7EA635069E
21.06.26 03:43:22    *SEND* for CIntegralCharsLayer, GUID=7EF96C33-7880-7A39-F672-8DCB17098C5C
 End:   ===== Processing Layers =====; Timer: cpu0=0.203 wall=0.091 

21.06.26 03:43:22  ===== New Time Step =====, Iter number =  10
 Start: TimeServis
 End:   TimeServis; Timer: cpu0=0.016 wall=0.008 
 Start: User modules' functions BeforeTimeStep() are calling
 End:   User modules' functions BeforeTimeStep() are calling; Timer: cpu0=0.000 wall=0.003 
 Start: Adaptation, TotalRealCellsCount= 9207 
 End:   Adaptation; Timer: cpu0=1.703 wall=0.429 
 Start: DistributeGridOnProcessors
 End:   DistributeGridOnProcessors, res= 0; Timer: cpu0=0.328 wall=0.095 
 Start: SetNeiHyperCells
 End:   SetNeiHyperCells, res= 0; Timer: cpu0=0.000 wall=0.005 
 Start: BuildFacetDistribution
 End:   BuildFacetDistribution; Timer: cpu0=0.016 wall=0.003 
 Start: Initialize data arrays on chips
 End:   Initialize data arrays on chips, res= 0; Timer: cpu0=0.000 wall=0.001 
  ***** Maximum Geometrical Gauss = 5.88354e-15, cell= 644:7:3:6:1:0
  ***** Maximum MovingSurf  Gauss = 1.55463e-14, cell= 995:7:0
 Start: Remove Small Cells
 End:   Remove Small Cells; Timer: cpu0=0.000 wall=0.012 
 Start: Initialize data arrays on chips
 End:   Initialize data arrays on chips, res= 0; Timer: cpu0=0.016 wall=0.002 
  ***** Maximum Geometrical Gauss = 5.88354e-15, cell= 644:7:3:6:1:0
  ***** Maximum MovingSurf  Gauss = 1.55463e-14, cell= 995:7:0
 Start: Initialize data arrays on chips
 End:   Initialize data arrays on chips, res= 0; Timer: cpu0=0.000 wall=0.001 
 Start: Modify Chip Data
 End:   Modify Chip Data; Timer: cpu0=0.172 wall=0.014 
 Start: TimeServis
 End:   TimeServis; Timer: cpu0=0.047 wall=0.020 
 Start: FindEnclaves
 End:   FindEnclaves; Timer: cpu0=0.031 wall=0.035 
 Start: VarValueService
 End:   VarValueService; Timer: cpu0=0.000 wall=0.001 
 Start: SolvePhaseEquation 
 End:   SolvePhaseEquation ; Timer: cpu0=6.547 wall=0.846 
 Start: SolidFiltersProcess: calculate forces and moments
 End:   SolidFiltersProcess: calculate forces and moments; Timer: cpu0=0.000 wall=0.001 
 Start: PrepareDataForNextStep
 End:   PrepareDataForNextStep; Timer: cpu0=0.281 wall=0.029 
 Start: VarValueService
 End:   VarValueService; Timer: cpu0=0.000 wall=0.001 
 Start: UpdateStopperData
 End:   UpdateStopperData; Timer: cpu0=0.000 wall=0.000 
 Start: Saving text status in E:\UniFlight\flow\Land_fv\data\Land.status
 End:   Saving text status in E:\UniFlight\flow\Land_fv\data\Land.status; Timer: cpu0=0.000 wall=0.002 
 End:   ===== Time Step =====, Iter number =  10; Timer: cpu0=9.328 wall=1.585 

21.06.26 03:43:24  ===== Processing Layers =====
21.06.26 03:43:24    *SEND* for CScalarLayer, GUID=0E21CAB5-1866-4124-A2B3-DEC499FA58E6
 Start: ComputeVolumeCharacteristics
 End:   ComputeVolumeCharacteristics; Timer: cpu0=0.000 wall=0.003 
 Start: GetValueOnFacets
 End:   GetValueOnFacets; Timer: cpu0=0.156 wall=0.011 
21.06.26 03:43:24    *SEND* for CScalarLayer, GUID=A3659819-C06E-40A1-8932-64A566FBB4DA
 Start: ComputeVolumeCharacteristics
 End:   ComputeVolumeCharacteristics; Timer: cpu0=0.000 wall=0.002 
 Start: GetValueOnFacets
 End:   GetValueOnFacets; Timer: cpu0=0.219 wall=0.048 
21.06.26 03:43:24    *SEND* for CIntegralCharsLayer, GUID=4E090A0C-544B-E4A2-4242-BEC451D7CD2B
21.06.26 03:43:24    *SEND* for CIntegralCharsLayer, GUID=927DEDC8-AF71-7A31-D608-FB7EA635069E
21.06.26 03:43:24    *SEND* for CIntegralCharsLayer, GUID=7EF96C33-7880-7A39-F672-8DCB17098C5C
 End:   ===== Processing Layers =====; Timer: cpu0=0.375 wall=0.088 

21.06.26 03:43:24  ===== New Time Step =====, Iter number =  11
 Start: TimeServis
 End:   TimeServis; Timer: cpu0=0.172 wall=0.014 
 Start: User modules' functions BeforeTimeStep() are calling
 End:   User modules' functions BeforeTimeStep() are calling; Timer: cpu0=0.000 wall=0.001 
 Start: Adaptation, TotalRealCellsCount= 41064 
 End:   Adaptation; Timer: cpu0=4.484 wall=0.726 
 Start: DistributeGridOnProcessors
 End:   DistributeGridOnProcessors, res= 0; Timer: cpu0=0.766 wall=0.195 
 Start: SetNeiHyperCells
 End:   SetNeiHyperCells, res= 0; Timer: cpu0=0.000 wall=0.008 
 Start: BuildFacetDistribution
 End:   BuildFacetDistribution; Timer: cpu0=0.000 wall=0.002 
 Start: Initialize data arrays on chips
 End:   Initialize data arrays on chips, res= 0; Timer: cpu0=0.000 wall=0.002 
  ***** Maximum Geometrical Gauss = 8.17713e-15, cell= 918:5:6:0
  ***** Maximum MovingSurf  Gauss = 4.28204e-14, cell= 939:6:4:0
 Start: Remove Small Cells
 End:   Remove Small Cells; Timer: cpu0=0.172 wall=0.020 
 Start: Initialize data arrays on chips
 End:   Initialize data arrays on chips, res= 0; Timer: cpu0=0.172 wall=0.003 
  ***** Maximum Geometrical Gauss = 8.17713e-15, cell= 918:5:6:0
  ***** Maximum MovingSurf  Gauss = 4.28204e-14, cell= 939:6:4:0
 Start: Initialize data arrays on chips
 End:   Initialize data arrays on chips, res= 0; Timer: cpu0=0.000 wall=0.002 
 Start: Modify Chip Data
 End:   Modify Chip Data; Timer: cpu0=0.344 wall=0.042 
 Start: TimeServis
 End:   TimeServis; Timer: cpu0=0.578 wall=0.065 
 Start: FindEnclaves
 End:   FindEnclaves; Timer: cpu0=0.109 wall=0.106 
 Start: VarValueService
 End:   VarValueService; Timer: cpu0=0.000 wall=0.001 
 Start: SolvePhaseEquation 
 End:   SolvePhaseEquation ; Timer: cpu0=20.234 wall=2.448 
 Start: SolidFiltersProcess: calculate forces and moments
 End:   SolidFiltersProcess: calculate forces and moments; Timer: cpu0=0.000 wall=0.002 
 Start: PrepareDataForNextStep
 End:   PrepareDataForNextStep; Timer: cpu0=0.547 wall=0.060 
 Start: VarValueService
 End:   VarValueService; Timer: cpu0=0.000 wall=0.001 
 Start: UpdateStopperData
 End:   UpdateStopperData; Timer: cpu0=0.000 wall=0.001 
 Start: Saving text status in E:\UniFlight\flow\Land_fv\data\Land.status
 End:   Saving text status in E:\UniFlight\flow\Land_fv\data\Land.status; Timer: cpu0=0.000 wall=0.002 
 End:   ===== Time Step =====, Iter number =  11; Timer: cpu0=28.078 wall=3.808 

21.06.26 03:43:28  ===== Processing Layers =====
21.06.26 03:43:28    *SEND* for CScalarLayer, GUID=0E21CAB5-1866-4124-A2B3-DEC499FA58E6
 Start: ComputeVolumeCharacteristics
 End:   ComputeVolumeCharacteristics; Timer: cpu0=0.000 wall=0.005 
 Start: GetValueOnFacets
 End:   GetValueOnFacets; Timer: cpu0=0.000 wall=0.025 
21.06.26 03:43:28    *SEND* for CScalarLayer, GUID=A3659819-C06E-40A1-8932-64A566FBB4DA
 Start: ComputeVolumeCharacteristics
 End:   ComputeVolumeCharacteristics; Timer: cpu0=0.000 wall=0.006 
 Start: GetValueOnFacets
 End:   GetValueOnFacets; Timer: cpu0=0.078 wall=0.083 
21.06.26 03:43:28    *SEND* for CIntegralCharsLayer, GUID=4E090A0C-544B-E4A2-4242-BEC451D7CD2B
21.06.26 03:43:28    *SEND* for CIntegralCharsLayer, GUID=927DEDC8-AF71-7A31-D608-FB7EA635069E
21.06.26 03:43:28    *SEND* for CIntegralCharsLayer, GUID=7EF96C33-7880-7A39-F672-8DCB17098C5C
 End:   ===== Processing Layers =====; Timer: cpu0=0.250 wall=0.156 

21.06.26 03:43:28  ===== New Time Step =====, Iter number =  12
 Start: TimeServis
 End:   TimeServis; Timer: cpu0=0.344 wall=0.040 
 Start: User modules' functions BeforeTimeStep() are calling
 End:   User modules' functions BeforeTimeStep() are calling; Timer: cpu0=0.000 wall=0.002 
 Start: Adaptation, TotalRealCellsCount= 104547 
 End:   Adaptation; Timer: cpu0=0.000 wall=0.005 
 Start: Initialize data arrays on chips
 End:   Initialize data arrays on chips, res= 0; Timer: cpu0=0.000 wall=0.004 
  ***** Maximum Geometrical Gauss = 8.17713e-15, cell= 918:5:6:0
  ***** Maximum MovingSurf  Gauss = 0, cell= 
 Start: Initialize data arrays on chips
 End:   Initialize data arrays on chips, res= 0; Timer: cpu0=0.000 wall=0.002 
 Start: TimeServis
 End:   TimeServis; Timer: cpu0=0.562 wall=0.057 
 Start: FindEnclaves
 End:   FindEnclaves; Timer: cpu0=0.109 wall=0.106 
 Start: VarValueService
 End:   VarValueService; Timer: cpu0=0.000 wall=0.002 
 Start: SolvePhaseEquation 
 End:   SolvePhaseEquation ; Timer: cpu0=21.547 wall=2.484 
 Start: SolidFiltersProcess: calculate forces and moments
 End:   SolidFiltersProcess: calculate forces and moments; Timer: cpu0=0.000 wall=0.001 
 Start: PrepareDataForNextStep
 End:   PrepareDataForNextStep; Timer: cpu0=0.484 wall=0.060 
 Start: VarValueService
 End:   VarValueService; Timer: cpu0=0.000 wall=0.001 
 Start: UpdateStopperData
 End:   UpdateStopperData; Timer: cpu0=0.000 wall=0.001 
 Start: Saving text status in E:\UniFlight\flow\Land_fv\data\Land.status
 End:   Saving text status in E:\UniFlight\flow\Land_fv\data\Land.status; Timer: cpu0=0.000 wall=0.002 
 End:   ===== Time Step =====, Iter number =  12; Timer: cpu0=23.500 wall=2.853 

21.06.26 03:43:32  ===== Processing Layers =====
21.06.26 03:43:32    *SEND* for CScalarLayer, GUID=0E21CAB5-1866-4124-A2B3-DEC499FA58E6
 Start: ComputeVolumeCharacteristics
 End:   ComputeVolumeCharacteristics; Timer: cpu0=0.000 wall=0.005 
 Start: GetValueOnFacets
 End:   GetValueOnFacets; Timer: cpu0=0.000 wall=0.014 
21.06.26 03:43:32    *SEND* for CScalarLayer, GUID=A3659819-C06E-40A1-8932-64A566FBB4DA
 Start: ComputeVolumeCharacteristics
 End:   ComputeVolumeCharacteristics; Timer: cpu0=0.000 wall=0.003 
 Start: GetValueOnFacets
 End:   GetValueOnFacets; Timer: cpu0=0.062 wall=0.057 
21.06.26 03:43:32    *SEND* for CIntegralCharsLayer, GUID=4E090A0C-544B-E4A2-4242-BEC451D7CD2B
21.06.26 03:43:32    *SEND* for CIntegralCharsLayer, GUID=927DEDC8-AF71-7A31-D608-FB7EA635069E
21.06.26 03:43:32    *SEND* for CIntegralCharsLayer, GUID=7EF96C33-7880-7A39-F672-8DCB17098C5C
 End:   ===== Processing Layers =====; Timer: cpu0=0.062 wall=0.106 

21.06.26 03:43:32  ===== New Time Step =====, Iter number =  13
 Start: TimeServis
 End:   TimeServis; Timer: cpu0=0.344 wall=0.036 
 Start: User modules' functions BeforeTimeStep() are calling
 End:   User modules' functions BeforeTimeStep() are calling; Timer: cpu0=0.000 wall=0.003 
 Start: Adaptation, TotalRealCellsCount= 104547 
 End:   Adaptation; Timer: cpu0=0.000 wall=0.005 
 Start: Initialize data arrays on chips
 End:   Initialize data arrays on chips, res= 0; Timer: cpu0=0.000 wall=0.002 
  ***** Maximum Geometrical Gauss = 8.17713e-15, cell= 918:5:6:0
  ***** Maximum MovingSurf  Gauss = 0, cell= 
 Start: Initialize data arrays on chips
 End:   Initialize data arrays on chips, res= 0; Timer: cpu0=0.000 wall=0.002 
 Start: TimeServis
 End:   TimeServis; Timer: cpu0=0.219 wall=0.047 
 Start: FindEnclaves
 End:   FindEnclaves; Timer: cpu0=0.094 wall=0.090 
 Start: VarValueService
 End:   VarValueService; Timer: cpu0=0.000 wall=0.001 
 Start: SolvePhaseEquation 
 End:   SolvePhaseEquation ; Timer: cpu0=18.219 wall=2.234 
 Start: SolidFiltersProcess: calculate forces and moments
 End:   SolidFiltersProcess: calculate forces and moments; Timer: cpu0=0.000 wall=0.002 
 Start: PrepareDataForNextStep
 End:   PrepareDataForNextStep; Timer: cpu0=0.453 wall=0.049 
 Start: VarValueService
 End:   VarValueService; Timer: cpu0=0.000 wall=0.001 
 Start: UpdateStopperData
 End:   UpdateStopperData; Timer: cpu0=0.000 wall=0.000 
 Start: Saving text status in E:\UniFlight\flow\Land_fv\data\Land.status
 End:   Saving text status in E:\UniFlight\flow\Land_fv\data\Land.status; Timer: cpu0=0.000 wall=0.002 
 End:   ===== Time Step =====, Iter number =  13; Timer: cpu0=19.672 wall=2.539 

21.06.26 03:43:34  ===== Processing Layers =====
21.06.26 03:43:34    *SEND* for CScalarLayer, GUID=0E21CAB5-1866-4124-A2B3-DEC499FA58E6
 Start: ComputeVolumeCharacteristics
 End:   ComputeVolumeCharacteristics; Timer: cpu0=0.172 wall=0.006 
 Start: GetValueOnFacets
 End:   GetValueOnFacets; Timer: cpu0=0.016 wall=0.021 
21.06.26 03:43:35    *SEND* for CScalarLayer, GUID=A3659819-C06E-40A1-8932-64A566FBB4DA
 Start: ComputeVolumeCharacteristics
 End:   ComputeVolumeCharacteristics; Timer: cpu0=0.000 wall=0.005 
 Start: GetValueOnFacets
 End:   GetValueOnFacets; Timer: cpu0=0.219 wall=0.075 
21.06.26 03:43:35    *SEND* for CIntegralCharsLayer, GUID=4E090A0C-544B-E4A2-4242-BEC451D7CD2B
21.06.26 03:43:35    *SEND* for CIntegralCharsLayer, GUID=927DEDC8-AF71-7A31-D608-FB7EA635069E
21.06.26 03:43:35    *SEND* for CIntegralCharsLayer, GUID=7EF96C33-7880-7A39-F672-8DCB17098C5C
 End:   ===== Processing Layers =====; Timer: cpu0=0.406 wall=0.143 

21.06.26 03:43:35  ===== New Time Step =====, Iter number =  14
 Start: TimeServis
 End:   TimeServis; Timer: cpu0=0.500 wall=0.045 
 Start: User modules' functions BeforeTimeStep() are calling
 End:   User modules' functions BeforeTimeStep() are calling; Timer: cpu0=0.000 wall=0.003 
 Start: Adaptation, TotalRealCellsCount= 104547 
 End:   Adaptation; Timer: cpu0=0.000 wall=0.006 
 Start: Initialize data arrays on chips
 End:   Initialize data arrays on chips, res= 0; Timer: cpu0=0.000 wall=0.002 
  ***** Maximum Geometrical Gauss = 8.17713e-15, cell= 918:5:6:0
  ***** Maximum MovingSurf  Gauss = 0, cell= 
 Start: Initialize data arrays on chips
 End:   Initialize data arrays on chips, res= 0; Timer: cpu0=0.000 wall=0.002 
 Start: TimeServis
 End:   TimeServis; Timer: cpu0=0.516 wall=0.054 
 Start: FindEnclaves
 End:   FindEnclaves; Timer: cpu0=0.062 wall=0.090 
 Start: VarValueService
 End:   VarValueService; Timer: cpu0=0.000 wall=0.000 
 Start: SolvePhaseEquation 
 End:   SolvePhaseEquation ; Timer: cpu0=20.234 wall=2.507 
 Start: SolidFiltersProcess: calculate forces and moments
 End:   SolidFiltersProcess: calculate forces and moments; Timer: cpu0=0.000 wall=0.002 
 Start: PrepareDataForNextStep
 End:   PrepareDataForNextStep; Timer: cpu0=0.500 wall=0.061 
 Start: VarValueService
 End:   VarValueService; Timer: cpu0=0.000 wall=0.002 
 Start: UpdateStopperData
 End:   UpdateStopperData; Timer: cpu0=0.000 wall=0.001 
 Start: Saving text status in E:\UniFlight\flow\Land_fv\data\Land.status
 End:   Saving text status in E:\UniFlight\flow\Land_fv\data\Land.status; Timer: cpu0=0.000 wall=0.002 
 End:   ===== Time Step =====, Iter number =  14; Timer: cpu0=22.484 wall=2.851 

21.06.26 03:43:38  ===== Processing Layers =====
21.06.26 03:43:38    *SEND* for CScalarLayer, GUID=0E21CAB5-1866-4124-A2B3-DEC499FA58E6
 Start: ComputeVolumeCharacteristics
 End:   ComputeVolumeCharacteristics; Timer: cpu0=0.000 wall=0.004 
 Start: GetValueOnFacets
 End:   GetValueOnFacets; Timer: cpu0=0.016 wall=0.016 
21.06.26 03:43:38    *SEND* for CScalarLayer, GUID=A3659819-C06E-40A1-8932-64A566FBB4DA
 Start: ComputeVolumeCharacteristics
 End:   ComputeVolumeCharacteristics; Timer: cpu0=0.000 wall=0.005 
 Start: GetValueOnFacets
 End:   GetValueOnFacets; Timer: cpu0=0.219 wall=0.067 
21.06.26 03:43:38    *SEND* for CIntegralCharsLayer, GUID=4E090A0C-544B-E4A2-4242-BEC451D7CD2B
21.06.26 03:43:38    *SEND* for CIntegralCharsLayer, GUID=927DEDC8-AF71-7A31-D608-FB7EA635069E
21.06.26 03:43:38    *SEND* for CIntegralCharsLayer, GUID=7EF96C33-7880-7A39-F672-8DCB17098C5C
 End:   ===== Processing Layers =====; Timer: cpu0=0.250 wall=0.167 

21.06.26 03:43:38  ===== New Time Step =====, Iter number =  15
 Start: TimeServis
 End:   TimeServis; Timer: cpu0=0.297 wall=0.038 
 Start: User modules' functions BeforeTimeStep() are calling
 End:   User modules' functions BeforeTimeStep() are calling; Timer: cpu0=0.000 wall=0.001 
 Start: Adaptation, TotalRealCellsCount= 104547 
 End:   Adaptation; Timer: cpu0=0.000 wall=0.006 
 Start: Initialize data arrays on chips
 End:   Initialize data arrays on chips, res= 0; Timer: cpu0=0.000 wall=0.002 
  ***** Maximum Geometrical Gauss = 8.17713e-15, cell= 918:5:6:0
  ***** Maximum MovingSurf  Gauss = 0, cell= 
 Start: Initialize data arrays on chips
 End:   Initialize data arrays on chips, res= 0; Timer: cpu0=0.000 wall=0.003 
 Start: TimeServis
 End:   TimeServis; Timer: cpu0=0.672 wall=0.063 
 Start: FindEnclaves
 End:   FindEnclaves; Timer: cpu0=0.062 wall=0.097 
 Start: VarValueService
 End:   VarValueService; Timer: cpu0=0.000 wall=0.001 
 Start: SolvePhaseEquation 
 End:   SolvePhaseEquation ; Timer: cpu0=19.109 wall=2.287 
 Start: SolidFiltersProcess: calculate forces and moments
 End:   SolidFiltersProcess: calculate forces and moments; Timer: cpu0=0.000 wall=0.003 
 Start: PrepareDataForNextStep
 End:   PrepareDataForNextStep; Timer: cpu0=0.547 wall=0.066 
 Start: VarValueService
 End:   VarValueService; Timer: cpu0=0.000 wall=0.002 
 Start: UpdateStopperData
 End:   UpdateStopperData; Timer: cpu0=0.000 wall=0.002 
 Start: Saving text status in E:\UniFlight\flow\Land_fv\data\Land.status
 End:   Saving text status in E:\UniFlight\flow\Land_fv\data\Land.status; Timer: cpu0=0.000 wall=0.003 
 End:   ===== Time Step =====, Iter number =  15; Timer: cpu0=21.016 wall=2.646 

21.06.26 03:43:41  ===== Processing Layers =====
21.06.26 03:43:41    *SEND* for CScalarLayer, GUID=0E21CAB5-1866-4124-A2B3-DEC499FA58E6
 Start: ComputeVolumeCharacteristics
 End:   ComputeVolumeCharacteristics; Timer: cpu0=0.000 wall=0.005 
 Start: GetValueOnFacets
 End:   GetValueOnFacets; Timer: cpu0=0.016 wall=0.015 
21.06.26 03:43:41    *SEND* for CScalarLayer, GUID=A3659819-C06E-40A1-8932-64A566FBB4DA
 Start: ComputeVolumeCharacteristics
 End:   ComputeVolumeCharacteristics; Timer: cpu0=0.000 wall=0.004 
 Start: GetValueOnFacets
 End:   GetValueOnFacets; Timer: cpu0=0.062 wall=0.053 
21.06.26 03:43:41    *SEND* for CIntegralCharsLayer, GUID=4E090A0C-544B-E4A2-4242-BEC451D7CD2B
21.06.26 03:43:41    *SEND* for CIntegralCharsLayer, GUID=927DEDC8-AF71-7A31-D608-FB7EA635069E
21.06.26 03:43:41    *SEND* for CIntegralCharsLayer, GUID=7EF96C33-7880-7A39-F672-8DCB17098C5C
 End:   ===== Processing Layers =====; Timer: cpu0=0.094 wall=0.106 

21.06.26 03:43:41  ===== New Time Step =====, Iter number =  16
 Start: TimeServis
 End:   TimeServis; Timer: cpu0=0.344 wall=0.034 
 Start: User modules' functions BeforeTimeStep() are calling
 End:   User modules' functions BeforeTimeStep() are calling; Timer: cpu0=0.000 wall=0.001 
 Start: Adaptation, TotalRealCellsCount= 104547 
 End:   Adaptation; Timer: cpu0=0.141 wall=0.005 
 Start: Initialize data arrays on chips
 End:   Initialize data arrays on chips, res= 0; Timer: cpu0=0.000 wall=0.002 
  ***** Maximum Geometrical Gauss = 8.17713e-15, cell= 918:5:6:0
  ***** Maximum MovingSurf  Gauss = 0, cell= 
 Start: Initialize data arrays on chips
 End:   Initialize data arrays on chips, res= 0; Timer: cpu0=0.000 wall=0.002 
 Start: TimeServis
 End:   TimeServis; Timer: cpu0=0.484 wall=0.043 
 Start: FindEnclaves
 End:   FindEnclaves; Timer: cpu0=0.250 wall=0.086 
 Start: VarValueService
 End:   VarValueService; Timer: cpu0=0.000 wall=0.001 
 Start: SolvePhaseEquation 
 End:   SolvePhaseEquation ; Timer: cpu0=18.969 wall=2.308 
 Start: SolidFiltersProcess: calculate forces and moments
 End:   SolidFiltersProcess: calculate forces and moments; Timer: cpu0=0.000 wall=0.002 
 Start: PrepareDataForNextStep
 End:   PrepareDataForNextStep; Timer: cpu0=0.438 wall=0.058 
 Start: VarValueService
 End:   VarValueService; Timer: cpu0=0.000 wall=0.002 
 Start: UpdateStopperData
 End:   UpdateStopperData; Timer: cpu0=0.000 wall=0.001 
 Start: Saving text status in E:\UniFlight\flow\Land_fv\data\Land.status
 End:   Saving text status in E:\UniFlight\flow\Land_fv\data\Land.status; Timer: cpu0=0.000 wall=0.002 
 End:   ===== Time Step =====, Iter number =  16; Timer: cpu0=20.797 wall=2.618 

21.06.26 03:43:44  ===== Processing Layers =====
21.06.26 03:43:44    *SEND* for CScalarLayer, GUID=0E21CAB5-1866-4124-A2B3-DEC499FA58E6
 Start: ComputeVolumeCharacteristics
 End:   ComputeVolumeCharacteristics; Timer: cpu0=0.000 wall=0.006 
 Start: GetValueOnFacets
 End:   GetValueOnFacets; Timer: cpu0=0.000 wall=0.016 
21.06.26 03:43:44    *SEND* for CScalarLayer, GUID=A3659819-C06E-40A1-8932-64A566FBB4DA
 Start: ComputeVolumeCharacteristics
 End:   ComputeVolumeCharacteristics; Timer: cpu0=0.000 wall=0.004 
 Start: GetValueOnFacets
 End:   GetValueOnFacets; Timer: cpu0=0.219 wall=0.066 
21.06.26 03:43:44    *SEND* for CIntegralCharsLayer, GUID=4E090A0C-544B-E4A2-4242-BEC451D7CD2B
21.06.26 03:43:44    *SEND* for CIntegralCharsLayer, GUID=927DEDC8-AF71-7A31-D608-FB7EA635069E
21.06.26 03:43:44    *SEND* for CIntegralCharsLayer, GUID=7EF96C33-7880-7A39-F672-8DCB17098C5C
 End:   ===== Processing Layers =====; Timer: cpu0=0.219 wall=0.122 

21.06.26 03:43:44  ===== New Time Step =====, Iter number =  17
 Start: TimeServis
 End:   TimeServis; Timer: cpu0=0.250 wall=0.042 
 Start: User modules' functions BeforeTimeStep() are calling
 End:   User modules' functions BeforeTimeStep() are calling; Timer: cpu0=0.000 wall=0.002 
 Start: Adaptation, TotalRealCellsCount= 104547 
 End:   Adaptation; Timer: cpu0=0.000 wall=0.004 
 Start: Initialize data arrays on chips
 End:   Initialize data arrays on chips, res= 0; Timer: cpu0=0.000 wall=0.001 
  ***** Maximum Geometrical Gauss = 8.17713e-15, cell= 918:5:6:0
  ***** Maximum MovingSurf  Gauss = 0, cell= 
 Start: Initialize data arrays on chips
 End:   Initialize data arrays on chips, res= 0; Timer: cpu0=0.000 wall=0.003 
 Start: TimeServis
 End:   TimeServis; Timer: cpu0=0.453 wall=0.051 
 Start: FindEnclaves
 End:   FindEnclaves; Timer: cpu0=0.250 wall=0.090 
 Start: VarValueService
 End:   VarValueService; Timer: cpu0=0.000 wall=0.001 
 Start: SolvePhaseEquation 
 End:   SolvePhaseEquation ; Timer: cpu0=18.922 wall=2.210 
 Start: SolidFiltersProcess: calculate forces and moments
 End:   SolidFiltersProcess: calculate forces and moments; Timer: cpu0=0.000 wall=0.002 
 Start: PrepareDataForNextStep
 End:   PrepareDataForNextStep; Timer: cpu0=0.531 wall=0.052 
 Start: VarValueService
 End:   VarValueService; Timer: cpu0=0.000 wall=0.002 
 Start: UpdateStopperData
 End:   UpdateStopperData; Timer: cpu0=0.000 wall=0.001 
 Start: Saving text status in E:\UniFlight\flow\Land_fv\data\Land.status
 End:   Saving text status in E:\UniFlight\flow\Land_fv\data\Land.status; Timer: cpu0=0.000 wall=0.003 
 End:   ===== Time Step =====, Iter number =  17; Timer: cpu0=20.594 wall=2.531 

21.06.26 03:43:47  ===== Processing Layers =====
21.06.26 03:43:47    *SEND* for CScalarLayer, GUID=0E21CAB5-1866-4124-A2B3-DEC499FA58E6
 Start: ComputeVolumeCharacteristics
 End:   ComputeVolumeCharacteristics; Timer: cpu0=0.000 wall=0.005 
 Start: GetValueOnFacets
 End:   GetValueOnFacets; Timer: cpu0=0.016 wall=0.017 
21.06.26 03:43:47    *SEND* for CScalarLayer, GUID=A3659819-C06E-40A1-8932-64A566FBB4DA
 Start: ComputeVolumeCharacteristics
 End:   ComputeVolumeCharacteristics; Timer: cpu0=0.000 wall=0.005 
 Start: GetValueOnFacets
 End:   GetValueOnFacets; Timer: cpu0=0.188 wall=0.076 
21.06.26 03:43:47    *SEND* for CIntegralCharsLayer, GUID=4E090A0C-544B-E4A2-4242-BEC451D7CD2B
21.06.26 03:43:47    *SEND* for CIntegralCharsLayer, GUID=927DEDC8-AF71-7A31-D608-FB7EA635069E
21.06.26 03:43:47    *SEND* for CIntegralCharsLayer, GUID=7EF96C33-7880-7A39-F672-8DCB17098C5C
 End:   ===== Processing Layers =====; Timer: cpu0=0.203 wall=0.132 

21.06.26 03:43:47  ===== New Time Step =====, Iter number =  18
 Start: TimeServis
 End:   TimeServis; Timer: cpu0=0.516 wall=0.038 
 Start: User modules' functions BeforeTimeStep() are calling
 End:   User modules' functions BeforeTimeStep() are calling; Timer: cpu0=0.000 wall=0.002 
 Start: Adaptation, TotalRealCellsCount= 104547 
 End:   Adaptation; Timer: cpu0=0.000 wall=0.004 
 Start: Initialize data arrays on chips
 End:   Initialize data arrays on chips, res= 0; Timer: cpu0=0.000 wall=0.002 
  ***** Maximum Geometrical Gauss = 8.17713e-15, cell= 918:5:6:0
  ***** Maximum MovingSurf  Gauss = 0, cell= 
 Start: Initialize data arrays on chips
 End:   Initialize data arrays on chips, res= 0; Timer: cpu0=0.000 wall=0.002 
 Start: TimeServis
 End:   TimeServis; Timer: cpu0=0.484 wall=0.052 
 Start: FindEnclaves
 End:   FindEnclaves; Timer: cpu0=0.094 wall=0.089 
 Start: VarValueService
 End:   VarValueService; Timer: cpu0=0.000 wall=0.001 
 Start: SolvePhaseEquation 
 End:   SolvePhaseEquation ; Timer: cpu0=18.203 wall=2.249 
 Start: SolidFiltersProcess: calculate forces and moments
 End:   SolidFiltersProcess: calculate forces and moments; Timer: cpu0=0.000 wall=0.001 
 Start: PrepareDataForNextStep
 End:   PrepareDataForNextStep; Timer: cpu0=0.391 wall=0.055 
 Start: VarValueService
 End:   VarValueService; Timer: cpu0=0.000 wall=0.002 
 Start: UpdateStopperData
 End:   UpdateStopperData; Timer: cpu0=0.000 wall=0.001 
 Start: Saving text status in E:\UniFlight\flow\Land_fv\data\Land.status
 End:   Saving text status in E:\UniFlight\flow\Land_fv\data\Land.status; Timer: cpu0=0.000 wall=0.002 
 End:   ===== Time Step =====, Iter number =  18; Timer: cpu0=19.734 wall=2.570 

21.06.26 03:43:50  ===== Processing Layers =====
21.06.26 03:43:50    *SEND* for CScalarLayer, GUID=0E21CAB5-1866-4124-A2B3-DEC499FA58E6
 Start: ComputeVolumeCharacteristics
 End:   ComputeVolumeCharacteristics; Timer: cpu0=0.000 wall=0.004 
 Start: GetValueOnFacets
 End:   GetValueOnFacets; Timer: cpu0=0.016 wall=0.015 
21.06.26 03:43:50    *SEND* for CScalarLayer, GUID=A3659819-C06E-40A1-8932-64A566FBB4DA
 Start: ComputeVolumeCharacteristics
 End:   ComputeVolumeCharacteristics; Timer: cpu0=0.000 wall=0.004 
 Start: GetValueOnFacets
 End:   GetValueOnFacets; Timer: cpu0=0.203 wall=0.054 
21.06.26 03:43:50    *SEND* for CIntegralCharsLayer, GUID=4E090A0C-544B-E4A2-4242-BEC451D7CD2B
21.06.26 03:43:50    *SEND* for CIntegralCharsLayer, GUID=927DEDC8-AF71-7A31-D608-FB7EA635069E
21.06.26 03:43:50    *SEND* for CIntegralCharsLayer, GUID=7EF96C33-7880-7A39-F672-8DCB17098C5C
 End:   ===== Processing Layers =====; Timer: cpu0=0.484 wall=0.104 

21.06.26 03:43:50  ===== New Time Step =====, Iter number =  19
 Start: TimeServis
 End:   TimeServis; Timer: cpu0=0.453 wall=0.037 
 Start: User modules' functions BeforeTimeStep() are calling
 End:   User modules' functions BeforeTimeStep() are calling; Timer: cpu0=0.000 wall=0.003 
 Start: Adaptation, TotalRealCellsCount= 104547 
 End:   Adaptation; Timer: cpu0=0.172 wall=0.005 
 Start: Initialize data arrays on chips
 End:   Initialize data arrays on chips, res= 0; Timer: cpu0=0.000 wall=0.003 
  ***** Maximum Geometrical Gauss = 8.17713e-15, cell= 918:5:6:0
  ***** Maximum MovingSurf  Gauss = 0, cell= 
 Start: Initialize data arrays on chips
 End:   Initialize data arrays on chips, res= 0; Timer: cpu0=0.000 wall=0.002 
 Start: TimeServis
 End:   TimeServis; Timer: cpu0=0.516 wall=0.040 
 Start: FindEnclaves
 End:   FindEnclaves; Timer: cpu0=0.250 wall=0.088 
 Start: VarValueService
 End:   VarValueService; Timer: cpu0=0.000 wall=0.001 
 Start: SolvePhaseEquation 
 End:   SolvePhaseEquation ; Timer: cpu0=17.266 wall=2.115 
 Start: SolidFiltersProcess: calculate forces and moments
 End:   SolidFiltersProcess: calculate forces and moments; Timer: cpu0=0.000 wall=0.001 
 Start: PrepareDataForNextStep
 End:   PrepareDataForNextStep; Timer: cpu0=0.453 wall=0.050 
 Start: VarValueService
 End:   VarValueService; Timer: cpu0=0.000 wall=0.002 
 Start: UpdateStopperData
 End:   UpdateStopperData; Timer: cpu0=0.000 wall=0.001 
 Start: Saving text status in E:\UniFlight\flow\Land_fv\data\Land.status
 End:   Saving text status in E:\UniFlight\flow\Land_fv\data\Land.status; Timer: cpu0=0.000 wall=0.002 
 End:   ===== Time Step =====, Iter number =  19; Timer: cpu0=19.391 wall=2.422 

21.06.26 03:43:53  ===== Processing Layers =====
21.06.26 03:43:53    *SEND* for CScalarLayer, GUID=0E21CAB5-1866-4124-A2B3-DEC499FA58E6
 Start: ComputeVolumeCharacteristics
 End:   ComputeVolumeCharacteristics; Timer: cpu0=0.000 wall=0.004 
 Start: GetValueOnFacets
 End:   GetValueOnFacets; Timer: cpu0=0.016 wall=0.013 
21.06.26 03:43:53    *SEND* for CScalarLayer, GUID=A3659819-C06E-40A1-8932-64A566FBB4DA
 Start: ComputeVolumeCharacteristics
 End:   ComputeVolumeCharacteristics; Timer: cpu0=0.000 wall=0.004 
 Start: GetValueOnFacets
 End:   GetValueOnFacets; Timer: cpu0=0.203 wall=0.058 
21.06.26 03:43:53    *SEND* for CIntegralCharsLayer, GUID=4E090A0C-544B-E4A2-4242-BEC451D7CD2B
21.06.26 03:43:53    *SEND* for CIntegralCharsLayer, GUID=927DEDC8-AF71-7A31-D608-FB7EA635069E
21.06.26 03:43:53    *SEND* for CIntegralCharsLayer, GUID=7EF96C33-7880-7A39-F672-8DCB17098C5C
 End:   ===== Processing Layers =====; Timer: cpu0=0.250 wall=0.109 

21.06.26 03:43:53  ===== New Time Step =====, Iter number =  20
 Start: TimeServis
 End:   TimeServis; Timer: cpu0=0.266 wall=0.037 
 Start: User modules' functions BeforeTimeStep() are calling
 End:   User modules' functions BeforeTimeStep() are calling; Timer: cpu0=0.000 wall=0.003 
 Start: Adaptation, TotalRealCellsCount= 104547 
 End:   Adaptation; Timer: cpu0=7.891 wall=0.997 
 Start: DistributeGridOnProcessors
 End:   DistributeGridOnProcessors, res= 0; Timer: cpu0=0.750 wall=0.204 
 Start: SetNeiHyperCells
 End:   SetNeiHyperCells, res= 0; Timer: cpu0=0.000 wall=0.007 
 Start: BuildFacetDistribution
 End:   BuildFacetDistribution; Timer: cpu0=0.000 wall=0.002 
 Start: Initialize data arrays on chips
 End:   Initialize data arrays on chips, res= 0; Timer: cpu0=0.000 wall=0.002 
  ***** Maximum Geometrical Gauss = 2.27364e-14, cell= 899:5:1:7:0
  ***** Maximum MovingSurf  Gauss = 7.36402e-14, cell= 797:6:3:7:0
 Start: Remove Small Cells
 End:   Remove Small Cells; Timer: cpu0=0.156 wall=0.021 
 Start: Initialize data arrays on chips
 End:   Initialize data arrays on chips, res= 0; Timer: cpu0=0.000 wall=0.002 
  ***** Maximum Geometrical Gauss = 2.27364e-14, cell= 899:5:1:7:0
  ***** Maximum MovingSurf  Gauss = 7.36402e-14, cell= 797:6:3:7:0
 Start: Initialize data arrays on chips
 End:   Initialize data arrays on chips, res= 0; Timer: cpu0=0.000 wall=0.003 
 Start: Modify Chip Data
 End:   Modify Chip Data; Timer: cpu0=0.250 wall=0.036 
 Start: TimeServis
 End:   TimeServis; Timer: cpu0=0.500 wall=0.050 
 Start: FindEnclaves
 End:   FindEnclaves; Timer: cpu0=0.078 wall=0.079 
 Start: VarValueService
 End:   VarValueService; Timer: cpu0=0.000 wall=0.001 
 Start: SolvePhaseEquation 
 End:   SolvePhaseEquation ; Timer: cpu0=17.422 wall=2.171 
 Start: SolidFiltersProcess: calculate forces and moments
 End:   SolidFiltersProcess: calculate forces and moments; Timer: cpu0=0.000 wall=0.002 
 Start: PrepareDataForNextStep
 End:   PrepareDataForNextStep; Timer: cpu0=0.281 wall=0.061 
 Start: VarValueService
 End:   VarValueService; Timer: cpu0=0.000 wall=0.002 
 Start: UpdateStopperData
 End:   UpdateStopperData; Timer: cpu0=0.000 wall=0.001 
 Start: Saving text status in E:\UniFlight\flow\Land_fv\data\Land.status
 End:   Saving text status in E:\UniFlight\flow\Land_fv\data\Land.status; Timer: cpu0=0.000 wall=0.003 
 End:   ===== Time Step =====, Iter number =  20; Timer: cpu0=28.188 wall=3.775 

21.06.26 03:43:57  ===== Processing Layers =====
21.06.26 03:43:57    *SEND* for CScalarLayer, GUID=0E21CAB5-1866-4124-A2B3-DEC499FA58E6
 Start: ComputeVolumeCharacteristics
 End:   ComputeVolumeCharacteristics; Timer: cpu0=0.172 wall=0.004 
 Start: GetValueOnFacets
 End:   GetValueOnFacets; Timer: cpu0=0.016 wall=0.013 
21.06.26 03:43:57    *SEND* for CScalarLayer, GUID=A3659819-C06E-40A1-8932-64A566FBB4DA
 Start: ComputeVolumeCharacteristics
 End:   ComputeVolumeCharacteristics; Timer: cpu0=0.000 wall=0.004 
 Start: GetValueOnFacets
 End:   GetValueOnFacets; Timer: cpu0=0.031 wall=0.054 
21.06.26 03:43:57    *SEND* for CIntegralCharsLayer, GUID=4E090A0C-544B-E4A2-4242-BEC451D7CD2B
21.06.26 03:43:57    *SEND* for CIntegralCharsLayer, GUID=927DEDC8-AF71-7A31-D608-FB7EA635069E
21.06.26 03:43:57    *SEND* for CIntegralCharsLayer, GUID=7EF96C33-7880-7A39-F672-8DCB17098C5C
 End:   ===== Processing Layers =====; Timer: cpu0=0.219 wall=0.108 

21.06.26 03:43:57  ===== New Time Step =====, Iter number =  21
 Start: TimeServis
 End:   TimeServis; Timer: cpu0=0.344 wall=0.035 
 Start: User modules' functions BeforeTimeStep() are calling
 End:   User modules' functions BeforeTimeStep() are calling; Timer: cpu0=0.000 wall=0.002 
 Start: Adaptation, TotalRealCellsCount= 96882 
 End:   Adaptation; Timer: cpu0=7.203 wall=0.882 
 Start: DistributeGridOnProcessors
 End:   DistributeGridOnProcessors, res= 0; Timer: cpu0=0.734 wall=0.182 
 Start: SetNeiHyperCells
 End:   SetNeiHyperCells, res= 0; Timer: cpu0=0.000 wall=0.007 
 Start: BuildFacetDistribution
 End:   BuildFacetDistribution; Timer: cpu0=0.000 wall=0.002 
 Start: Initialize data arrays on chips
 End:   Initialize data arrays on chips, res= 0; Timer: cpu0=0.000 wall=0.003 
  ***** Maximum Geometrical Gauss = 2.31353e-14, cell= 690:6:6:6:0
  ***** Maximum MovingSurf  Gauss = 1.10733e-13, cell= 909:5:6:7:0
 Start: Remove Small Cells
 End:   Remove Small Cells; Timer: cpu0=0.172 wall=0.020 
 Start: Initialize data arrays on chips
 End:   Initialize data arrays on chips, res= 0; Timer: cpu0=0.000 wall=0.002 
  ***** Maximum Geometrical Gauss = 2.31353e-14, cell= 690:6:6:6:0
  ***** Maximum MovingSurf  Gauss = 1.10733e-13, cell= 909:5:6:7:0
 Start: Initialize data arrays on chips
 End:   Initialize data arrays on chips, res= 0; Timer: cpu0=0.000 wall=0.002 
 Start: Modify Chip Data
 End:   Modify Chip Data; Timer: cpu0=0.234 wall=0.033 
 Start: TimeServis
 End:   TimeServis; Timer: cpu0=0.516 wall=0.044 
 Start: FindEnclaves
 End:   FindEnclaves; Timer: cpu0=0.250 wall=0.086 
 Start: VarValueService
 End:   VarValueService; Timer: cpu0=0.000 wall=0.001 
 Start: SolvePhaseEquation 
 End:   SolvePhaseEquation ; Timer: cpu0=16.781 wall=1.988 
 Start: SolidFiltersProcess: calculate forces and moments
 End:   SolidFiltersProcess: calculate forces and moments; Timer: cpu0=0.000 wall=0.002 
 Start: PrepareDataForNextStep
 End:   PrepareDataForNextStep; Timer: cpu0=0.516 wall=0.054 
 Start: VarValueService
 End:   VarValueService; Timer: cpu0=0.000 wall=0.001 
 Start: UpdateStopperData
 End:   UpdateStopperData; Timer: cpu0=0.000 wall=0.001 
 Start: Saving text status in E:\UniFlight\flow\Land_fv\data\Land.status
 End:   Saving text status in E:\UniFlight\flow\Land_fv\data\Land.status; Timer: cpu0=0.000 wall=0.002 
 End:   ===== Time Step =====, Iter number =  21; Timer: cpu0=27.031 wall=3.446 

21.06.26 03:44:00  ===== Processing Layers =====
21.06.26 03:44:00    *SEND* for CScalarLayer, GUID=0E21CAB5-1866-4124-A2B3-DEC499FA58E6
 Start: ComputeVolumeCharacteristics
 End:   ComputeVolumeCharacteristics; Timer: cpu0=0.000 wall=0.004 
 Start: GetValueOnFacets
 End:   GetValueOnFacets; Timer: cpu0=0.016 wall=0.014 
21.06.26 03:44:01    *SEND* for CScalarLayer, GUID=A3659819-C06E-40A1-8932-64A566FBB4DA
 Start: ComputeVolumeCharacteristics
 End:   ComputeVolumeCharacteristics; Timer: cpu0=0.000 wall=0.004 
 Start: GetValueOnFacets
 End:   GetValueOnFacets; Timer: cpu0=0.062 wall=0.059 
21.06.26 03:44:01    *SEND* for CIntegralCharsLayer, GUID=4E090A0C-544B-E4A2-4242-BEC451D7CD2B
21.06.26 03:44:01    *SEND* for CIntegralCharsLayer, GUID=927DEDC8-AF71-7A31-D608-FB7EA635069E
21.06.26 03:44:01    *SEND* for CIntegralCharsLayer, GUID=7EF96C33-7880-7A39-F672-8DCB17098C5C
 End:   ===== Processing Layers =====; Timer: cpu0=0.109 wall=0.111 

21.06.26 03:44:01  ===== New Time Step =====, Iter number =  22
 Start: TimeServis
 End:   TimeServis; Timer: cpu0=0.359 wall=0.036 
 Start: User modules' functions BeforeTimeStep() are calling
 End:   User modules' functions BeforeTimeStep() are calling; Timer: cpu0=0.000 wall=0.001 
 Start: Adaptation, TotalRealCellsCount= 96476 
 End:   Adaptation; Timer: cpu0=0.000 wall=0.005 
 Start: Initialize data arrays on chips
 End:   Initialize data arrays on chips, res= 0; Timer: cpu0=0.000 wall=0.002 
  ***** Maximum Geometrical Gauss = 2.31353e-14, cell= 690:6:6:6:0
  ***** Maximum MovingSurf  Gauss = 0, cell= 
 Start: Initialize data arrays on chips
 End:   Initialize data arrays on chips, res= 0; Timer: cpu0=0.172 wall=0.002 
 Start: TimeServis
 End:   TimeServis; Timer: cpu0=0.453 wall=0.044 
 Start: FindEnclaves
 End:   FindEnclaves; Timer: cpu0=0.062 wall=0.082 
 Start: VarValueService
 End:   VarValueService; Timer: cpu0=0.000 wall=0.001 
 Start: SolvePhaseEquation 
 End:   SolvePhaseEquation ; Timer: cpu0=16.578 wall=2.017 
 Start: SolidFiltersProcess: calculate forces and moments
 End:   SolidFiltersProcess: calculate forces and moments; Timer: cpu0=0.000 wall=0.002 
 Start: PrepareDataForNextStep
 End:   PrepareDataForNextStep; Timer: cpu0=0.281 wall=0.051 
 Start: VarValueService
 End:   VarValueService; Timer: cpu0=0.000 wall=0.002 
 Start: UpdateStopperData
 End:   UpdateStopperData; Timer: cpu0=0.000 wall=0.001 
 Start: Saving text status in E:\UniFlight\flow\Land_fv\data\Land.status
 End:   Saving text status in E:\UniFlight\flow\Land_fv\data\Land.status; Timer: cpu0=0.000 wall=0.002 
 End:   ===== Time Step =====, Iter number =  22; Timer: cpu0=18.250 wall=2.314 

21.06.26 03:44:03  ===== Processing Layers =====
21.06.26 03:44:03    *SEND* for CScalarLayer, GUID=0E21CAB5-1866-4124-A2B3-DEC499FA58E6
 Start: ComputeVolumeCharacteristics
 End:   ComputeVolumeCharacteristics; Timer: cpu0=0.000 wall=0.004 
 Start: GetValueOnFacets
 End:   GetValueOnFacets; Timer: cpu0=0.000 wall=0.014 
21.06.26 03:44:03    *SEND* for CScalarLayer, GUID=A3659819-C06E-40A1-8932-64A566FBB4DA
 Start: ComputeVolumeCharacteristics
 End:   ComputeVolumeCharacteristics; Timer: cpu0=0.000 wall=0.005 
 Start: GetValueOnFacets
 End:   GetValueOnFacets; Timer: cpu0=0.062 wall=0.051 
21.06.26 03:44:03    *SEND* for CIntegralCharsLayer, GUID=4E090A0C-544B-E4A2-4242-BEC451D7CD2B
21.06.26 03:44:03    *SEND* for CIntegralCharsLayer, GUID=927DEDC8-AF71-7A31-D608-FB7EA635069E
21.06.26 03:44:03    *SEND* for CIntegralCharsLayer, GUID=7EF96C33-7880-7A39-F672-8DCB17098C5C
 End:   ===== Processing Layers =====; Timer: cpu0=0.062 wall=0.098 

21.06.26 03:44:03  ===== New Time Step =====, Iter number =  23
 Start: TimeServis
 End:   TimeServis; Timer: cpu0=0.344 wall=0.036 
 Start: User modules' functions BeforeTimeStep() are calling
 End:   User modules' functions BeforeTimeStep() are calling; Timer: cpu0=0.000 wall=0.001 
 Start: Adaptation, TotalRealCellsCount= 96476 
 End:   Adaptation; Timer: cpu0=0.172 wall=0.004 
 Start: Initialize data arrays on chips
 End:   Initialize data arrays on chips, res= 0; Timer: cpu0=0.000 wall=0.001 
  ***** Maximum Geometrical Gauss = 2.31353e-14, cell= 690:6:6:6:0
  ***** Maximum MovingSurf  Gauss = 0, cell= 
 Start: Initialize data arrays on chips
 End:   Initialize data arrays on chips, res= 0; Timer: cpu0=0.000 wall=0.002 
 Start: TimeServis
 End:   TimeServis; Timer: cpu0=0.375 wall=0.040 
 Start: FindEnclaves
 End:   FindEnclaves; Timer: cpu0=0.094 wall=0.087 
 Start: VarValueService
 End:   VarValueService; Timer: cpu0=0.000 wall=0.001 
 Start: SolvePhaseEquation 
 End:   SolvePhaseEquation ; Timer: cpu0=16.031 wall=1.923 
 Start: SolidFiltersProcess: calculate forces and moments
 End:   SolidFiltersProcess: calculate forces and moments; Timer: cpu0=0.000 wall=0.001 
 Start: PrepareDataForNextStep
 End:   PrepareDataForNextStep; Timer: cpu0=0.281 wall=0.061 
 Start: VarValueService
 End:   VarValueService; Timer: cpu0=0.000 wall=0.001 
 Start: UpdateStopperData
 End:   UpdateStopperData; Timer: cpu0=0.000 wall=0.001 
 Start: Saving text status in E:\UniFlight\flow\Land_fv\data\Land.status
 End:   Saving text status in E:\UniFlight\flow\Land_fv\data\Land.status; Timer: cpu0=0.000 wall=0.002 
 End:   ===== Time Step =====, Iter number =  23; Timer: cpu0=17.469 wall=2.227 

21.06.26 03:44:06  ===== Processing Layers =====
21.06.26 03:44:06    *SEND* for CScalarLayer, GUID=0E21CAB5-1866-4124-A2B3-DEC499FA58E6
 Start: ComputeVolumeCharacteristics
 End:   ComputeVolumeCharacteristics; Timer: cpu0=0.062 wall=0.004 
 Start: GetValueOnFacets
 End:   GetValueOnFacets; Timer: cpu0=0.000 wall=0.012 
21.06.26 03:44:06    *SEND* for CScalarLayer, GUID=A3659819-C06E-40A1-8932-64A566FBB4DA
 Start: ComputeVolumeCharacteristics
 End:   ComputeVolumeCharacteristics; Timer: cpu0=0.000 wall=0.003 
 Start: GetValueOnFacets
 End:   GetValueOnFacets; Timer: cpu0=0.203 wall=0.047 
21.06.26 03:44:06    *SEND* for CIntegralCharsLayer, GUID=4E090A0C-544B-E4A2-4242-BEC451D7CD2B
21.06.26 03:44:06    *SEND* for CIntegralCharsLayer, GUID=927DEDC8-AF71-7A31-D608-FB7EA635069E
21.06.26 03:44:06    *SEND* for CIntegralCharsLayer, GUID=7EF96C33-7880-7A39-F672-8DCB17098C5C
 End:   ===== Processing Layers =====; Timer: cpu0=0.266 wall=0.095 

21.06.26 03:44:06  ===== New Time Step =====, Iter number =  24
 Start: TimeServis
 End:   TimeServis; Timer: cpu0=0.344 wall=0.037 
 Start: User modules' functions BeforeTimeStep() are calling
 End:   User modules' functions BeforeTimeStep() are calling; Timer: cpu0=0.000 wall=0.001 
 Start: Adaptation, TotalRealCellsCount= 96476 
 End:   Adaptation; Timer: cpu0=0.172 wall=0.004 
 Start: Initialize data arrays on chips
 End:   Initialize data arrays on chips, res= 0; Timer: cpu0=0.000 wall=0.001 
  ***** Maximum Geometrical Gauss = 2.31353e-14, cell= 690:6:6:6:0
  ***** Maximum MovingSurf  Gauss = 0, cell= 
 Start: Initialize data arrays on chips
 End:   Initialize data arrays on chips, res= 0; Timer: cpu0=0.000 wall=0.002 
 Start: TimeServis
 End:   TimeServis; Timer: cpu0=0.484 wall=0.046 
 Start: FindEnclaves
 End:   FindEnclaves; Timer: cpu0=0.203 wall=0.076 
 Start: VarValueService
 End:   VarValueService; Timer: cpu0=0.156 wall=0.001 
 Start: SolvePhaseEquation 
 End:   SolvePhaseEquation ; Timer: cpu0=17.094 wall=1.988 
 Start: SolidFiltersProcess: calculate forces and moments
 End:   SolidFiltersProcess: calculate forces and moments; Timer: cpu0=0.000 wall=0.001 
 Start: PrepareDataForNextStep
 End:   PrepareDataForNextStep; Timer: cpu0=0.453 wall=0.063 
 Start: VarValueService
 End:   VarValueService; Timer: cpu0=0.000 wall=0.002 
 Start: UpdateStopperData
 End:   UpdateStopperData; Timer: cpu0=0.000 wall=0.001 
 Start: Saving text status in E:\UniFlight\flow\Land_fv\data\Land.status
 End:   Saving text status in E:\UniFlight\flow\Land_fv\data\Land.status; Timer: cpu0=0.000 wall=0.003 
 End:   ===== Time Step =====, Iter number =  24; Timer: cpu0=19.078 wall=2.288 

21.06.26 03:44:08  ===== Processing Layers =====
21.06.26 03:44:08    *SEND* for CScalarLayer, GUID=0E21CAB5-1866-4124-A2B3-DEC499FA58E6
 Start: ComputeVolumeCharacteristics
 End:   ComputeVolumeCharacteristics; Timer: cpu0=0.000 wall=0.004 
 Start: GetValueOnFacets
 End:   GetValueOnFacets; Timer: cpu0=0.016 wall=0.016 
21.06.26 03:44:08    *SEND* for CScalarLayer, GUID=A3659819-C06E-40A1-8932-64A566FBB4DA
 Start: ComputeVolumeCharacteristics
 End:   ComputeVolumeCharacteristics; Timer: cpu0=0.000 wall=0.004 
 Start: GetValueOnFacets
 End:   GetValueOnFacets; Timer: cpu0=0.219 wall=0.057 
21.06.26 03:44:08    *SEND* for CIntegralCharsLayer, GUID=4E090A0C-544B-E4A2-4242-BEC451D7CD2B
21.06.26 03:44:08    *SEND* for CIntegralCharsLayer, GUID=927DEDC8-AF71-7A31-D608-FB7EA635069E
21.06.26 03:44:08    *SEND* for CIntegralCharsLayer, GUID=7EF96C33-7880-7A39-F672-8DCB17098C5C
 End:   ===== Processing Layers =====; Timer: cpu0=0.234 wall=0.109 

21.06.26 03:44:08  ===== New Time Step =====, Iter number =  25
 Start: TimeServis
 End:   TimeServis; Timer: cpu0=0.344 wall=0.038 
 Start: User modules' functions BeforeTimeStep() are calling
 End:   User modules' functions BeforeTimeStep() are calling; Timer: cpu0=0.000 wall=0.001 
 Start: Adaptation, TotalRealCellsCount= 96476 
 End:   Adaptation; Timer: cpu0=0.172 wall=0.005 
 Start: Initialize data arrays on chips
 End:   Initialize data arrays on chips, res= 0; Timer: cpu0=0.000 wall=0.002 
  ***** Maximum Geometrical Gauss = 2.31353e-14, cell= 690:6:6:6:0
  ***** Maximum MovingSurf  Gauss = 0, cell= 
 Start: Initialize data arrays on chips
 End:   Initialize data arrays on chips, res= 0; Timer: cpu0=0.000 wall=0.002 
 Start: TimeServis
 End:   TimeServis; Timer: cpu0=0.250 wall=0.051 
 Start: FindEnclaves
 End:   FindEnclaves; Timer: cpu0=0.078 wall=0.084 
 Start: VarValueService
 End:   VarValueService; Timer: cpu0=0.000 wall=0.001 
 Start: SolvePhaseEquation 
 End:   SolvePhaseEquation ; Timer: cpu0=16.203 wall=1.985 
 Start: SolidFiltersProcess: calculate forces and moments
 End:   SolidFiltersProcess: calculate forces and moments; Timer: cpu0=0.000 wall=0.001 
 Start: PrepareDataForNextStep
 End:   PrepareDataForNextStep; Timer: cpu0=0.312 wall=0.049 
 Start: VarValueService
 End:   VarValueService; Timer: cpu0=0.000 wall=0.002 
 Start: UpdateStopperData
 End:   UpdateStopperData; Timer: cpu0=0.000 wall=0.000 
 Start: Saving text status in E:\UniFlight\flow\Land_fv\data\Land.status
 End:   Saving text status in E:\UniFlight\flow\Land_fv\data\Land.status; Timer: cpu0=0.000 wall=0.002 
 End:   ===== Time Step =====, Iter number =  25; Timer: cpu0=17.609 wall=2.289 

21.06.26 03:44:11  ===== Processing Layers =====
21.06.26 03:44:11    *SEND* for CScalarLayer, GUID=0E21CAB5-1866-4124-A2B3-DEC499FA58E6
 Start: ComputeVolumeCharacteristics
 End:   ComputeVolumeCharacteristics; Timer: cpu0=0.156 wall=0.003 
 Start: GetValueOnFacets
 End:   GetValueOnFacets; Timer: cpu0=0.172 wall=0.014 
21.06.26 03:44:11    *SEND* for CScalarLayer, GUID=A3659819-C06E-40A1-8932-64A566FBB4DA
 Start: ComputeVolumeCharacteristics
 End:   ComputeVolumeCharacteristics; Timer: cpu0=0.172 wall=0.004 
 Start: GetValueOnFacets
 End:   GetValueOnFacets; Timer: cpu0=0.109 wall=0.062 
21.06.26 03:44:11    *SEND* for CIntegralCharsLayer, GUID=4E090A0C-544B-E4A2-4242-BEC451D7CD2B
21.06.26 03:44:11    *SEND* for CIntegralCharsLayer, GUID=927DEDC8-AF71-7A31-D608-FB7EA635069E
21.06.26 03:44:11    *SEND* for CIntegralCharsLayer, GUID=7EF96C33-7880-7A39-F672-8DCB17098C5C
 End:   ===== Processing Layers =====; Timer: cpu0=0.609 wall=0.115 

21.06.26 03:44:11  ===== New Time Step =====, Iter number =  26
 Start: TimeServis
 End:   TimeServis; Timer: cpu0=0.422 wall=0.037 
 Start: User modules' functions BeforeTimeStep() are calling
 End:   User modules' functions BeforeTimeStep() are calling; Timer: cpu0=0.000 wall=0.002 
 Start: Adaptation, TotalRealCellsCount= 96476 
 End:   Adaptation; Timer: cpu0=0.000 wall=0.004 
 Start: Initialize data arrays on chips
 End:   Initialize data arrays on chips, res= 0; Timer: cpu0=0.000 wall=0.002 
  ***** Maximum Geometrical Gauss = 2.31353e-14, cell= 690:6:6:6:0
  ***** Maximum MovingSurf  Gauss = 0, cell= 
 Start: Initialize data arrays on chips
 End:   Initialize data arrays on chips, res= 0; Timer: cpu0=0.000 wall=0.002 
 Start: TimeServis
 End:   TimeServis; Timer: cpu0=0.344 wall=0.038 
 Start: FindEnclaves
 End:   FindEnclaves; Timer: cpu0=0.250 wall=0.083 
 Start: VarValueService
 End:   VarValueService; Timer: cpu0=0.000 wall=0.002 
 Start: SolvePhaseEquation 
 End:   SolvePhaseEquation ; Timer: cpu0=15.938 wall=1.924 
 Start: SolidFiltersProcess: calculate forces and moments
 End:   SolidFiltersProcess: calculate forces and moments; Timer: cpu0=0.000 wall=0.002 
 Start: PrepareDataForNextStep
 End:   PrepareDataForNextStep; Timer: cpu0=0.438 wall=0.064 
 Start: VarValueService
 End:   VarValueService; Timer: cpu0=0.000 wall=0.001 
 Start: UpdateStopperData
 End:   UpdateStopperData; Timer: cpu0=0.000 wall=0.001 
 Start: Saving text status in E:\UniFlight\flow\Land_fv\data\Land.status
 End:   Saving text status in E:\UniFlight\flow\Land_fv\data\Land.status; Timer: cpu0=0.000 wall=0.002 
 End:   ===== Time Step =====, Iter number =  26; Timer: cpu0=17.422 wall=2.225 

21.06.26 03:44:14  ===== Processing Layers =====
21.06.26 03:44:14    *SEND* for CScalarLayer, GUID=0E21CAB5-1866-4124-A2B3-DEC499FA58E6
 Start: ComputeVolumeCharacteristics
 End:   ComputeVolumeCharacteristics; Timer: cpu0=0.000 wall=0.005 
 Start: GetValueOnFacets
 End:   GetValueOnFacets; Timer: cpu0=0.016 wall=0.012 
21.06.26 03:44:14    *SEND* for CScalarLayer, GUID=A3659819-C06E-40A1-8932-64A566FBB4DA
 Start: ComputeVolumeCharacteristics
 End:   ComputeVolumeCharacteristics; Timer: cpu0=0.000 wall=0.004 
 Start: GetValueOnFacets
 End:   GetValueOnFacets; Timer: cpu0=0.047 wall=0.045 
21.06.26 03:44:14    *SEND* for CIntegralCharsLayer, GUID=4E090A0C-544B-E4A2-4242-BEC451D7CD2B
21.06.26 03:44:14    *SEND* for CIntegralCharsLayer, GUID=927DEDC8-AF71-7A31-D608-FB7EA635069E
21.06.26 03:44:14    *SEND* for CIntegralCharsLayer, GUID=7EF96C33-7880-7A39-F672-8DCB17098C5C
 End:   ===== Processing Layers =====; Timer: cpu0=0.297 wall=0.095 

21.06.26 03:44:14  ===== New Time Step =====, Iter number =  27
 Start: TimeServis
 End:   TimeServis; Timer: cpu0=0.516 wall=0.037 
 Start: User modules' functions BeforeTimeStep() are calling
 End:   User modules' functions BeforeTimeStep() are calling; Timer: cpu0=0.000 wall=0.001 
 Start: Adaptation, TotalRealCellsCount= 96476 
 End:   Adaptation; Timer: cpu0=0.000 wall=0.004 
 Start: Initialize data arrays on chips
 End:   Initialize data arrays on chips, res= 0; Timer: cpu0=0.000 wall=0.001 
  ***** Maximum Geometrical Gauss = 2.31353e-14, cell= 690:6:6:6:0
  ***** Maximum MovingSurf  Gauss = 0, cell= 
 Start: Initialize data arrays on chips
 End:   Initialize data arrays on chips, res= 0; Timer: cpu0=0.000 wall=0.004 
 Start: TimeServis
 End:   TimeServis; Timer: cpu0=0.359 wall=0.040 
 Start: FindEnclaves
 End:   FindEnclaves; Timer: cpu0=0.078 wall=0.084 
 Start: VarValueService
 End:   VarValueService; Timer: cpu0=0.000 wall=0.002 
 Start: SolvePhaseEquation 
 End:   SolvePhaseEquation ; Timer: cpu0=16.719 wall=1.931 
 Start: SolidFiltersProcess: calculate forces and moments
 End:   SolidFiltersProcess: calculate forces and moments; Timer: cpu0=0.000 wall=0.002 
 Start: PrepareDataForNextStep
 End:   PrepareDataForNextStep; Timer: cpu0=0.500 wall=0.060 
 Start: VarValueService
 End:   VarValueService; Timer: cpu0=0.000 wall=0.001 
 Start: UpdateStopperData
 End:   UpdateStopperData; Timer: cpu0=0.000 wall=0.000 
 Start: Saving text status in E:\UniFlight\flow\Land_fv\data\Land.status
 End:   Saving text status in E:\UniFlight\flow\Land_fv\data\Land.status; Timer: cpu0=0.000 wall=0.002 
 End:   ===== Time Step =====, Iter number =  27; Timer: cpu0=18.500 wall=2.231 

21.06.26 03:44:16  ===== Processing Layers =====
21.06.26 03:44:16    *SEND* for CScalarLayer, GUID=0E21CAB5-1866-4124-A2B3-DEC499FA58E6
 Start: ComputeVolumeCharacteristics
 End:   ComputeVolumeCharacteristics; Timer: cpu0=0.000 wall=0.004 
 Start: GetValueOnFacets
 End:   GetValueOnFacets; Timer: cpu0=0.156 wall=0.013 
21.06.26 03:44:16    *SEND* for CScalarLayer, GUID=A3659819-C06E-40A1-8932-64A566FBB4DA
 Start: ComputeVolumeCharacteristics
 End:   ComputeVolumeCharacteristics; Timer: cpu0=0.000 wall=0.004 
 Start: GetValueOnFacets
 End:   GetValueOnFacets; Timer: cpu0=0.203 wall=0.053 
21.06.26 03:44:16    *SEND* for CIntegralCharsLayer, GUID=4E090A0C-544B-E4A2-4242-BEC451D7CD2B
21.06.26 03:44:16    *SEND* for CIntegralCharsLayer, GUID=927DEDC8-AF71-7A31-D608-FB7EA635069E
21.06.26 03:44:16    *SEND* for CIntegralCharsLayer, GUID=7EF96C33-7880-7A39-F672-8DCB17098C5C
 End:   ===== Processing Layers =====; Timer: cpu0=0.625 wall=0.102 

21.06.26 03:44:16  ===== New Time Step =====, Iter number =  28
 Start: TimeServis
 End:   TimeServis; Timer: cpu0=0.469 wall=0.039 
 Start: User modules' functions BeforeTimeStep() are calling
 End:   User modules' functions BeforeTimeStep() are calling; Timer: cpu0=0.000 wall=0.002 
 Start: Adaptation, TotalRealCellsCount= 96476 
 End:   Adaptation; Timer: cpu0=0.031 wall=0.004 
 Start: Initialize data arrays on chips
 End:   Initialize data arrays on chips, res= 0; Timer: cpu0=0.000 wall=0.001 
  ***** Maximum Geometrical Gauss = 2.31353e-14, cell= 690:6:6:6:0
  ***** Maximum MovingSurf  Gauss = 0, cell= 
 Start: Initialize data arrays on chips
 End:   Initialize data arrays on chips, res= 0; Timer: cpu0=0.000 wall=0.002 
 Start: TimeServis
 End:   TimeServis; Timer: cpu0=0.484 wall=0.052 
 Start: FindEnclaves
 End:   FindEnclaves; Timer: cpu0=0.094 wall=0.090 
 Start: VarValueService
 End:   VarValueService; Timer: cpu0=0.000 wall=0.001 
 Start: SolvePhaseEquation 
 End:   SolvePhaseEquation ; Timer: cpu0=17.312 wall=2.047 
 Start: SolidFiltersProcess: calculate forces and moments
 End:   SolidFiltersProcess: calculate forces and moments; Timer: cpu0=0.000 wall=0.002 
 Start: PrepareDataForNextStep
 End:   PrepareDataForNextStep; Timer: cpu0=0.422 wall=0.049 
 Start: VarValueService
 End:   VarValueService; Timer: cpu0=0.000 wall=0.002 
 Start: UpdateStopperData
 End:   UpdateStopperData; Timer: cpu0=0.000 wall=0.001 
 Start: Saving text status in E:\UniFlight\flow\Land_fv\data\Land.status
 End:   Saving text status in E:\UniFlight\flow\Land_fv\data\Land.status; Timer: cpu0=0.000 wall=0.002 
 End:   ===== Time Step =====, Iter number =  28; Timer: cpu0=19.141 wall=2.358 

21.06.26 03:44:19  ===== Processing Layers =====
21.06.26 03:44:19    *SEND* for CScalarLayer, GUID=0E21CAB5-1866-4124-A2B3-DEC499FA58E6
 Start: ComputeVolumeCharacteristics
 End:   ComputeVolumeCharacteristics; Timer: cpu0=0.000 wall=0.004 
 Start: GetValueOnFacets
 End:   GetValueOnFacets; Timer: cpu0=0.172 wall=0.013 
21.06.26 03:44:19    *SEND* for CScalarLayer, GUID=A3659819-C06E-40A1-8932-64A566FBB4DA
 Start: ComputeVolumeCharacteristics
 End:   ComputeVolumeCharacteristics; Timer: cpu0=0.172 wall=0.003 
 Start: GetValueOnFacets
 End:   GetValueOnFacets; Timer: cpu0=0.031 wall=0.048 
21.06.26 03:44:19    *SEND* for CIntegralCharsLayer, GUID=4E090A0C-544B-E4A2-4242-BEC451D7CD2B
21.06.26 03:44:19    *SEND* for CIntegralCharsLayer, GUID=927DEDC8-AF71-7A31-D608-FB7EA635069E
21.06.26 03:44:19    *SEND* for CIntegralCharsLayer, GUID=7EF96C33-7880-7A39-F672-8DCB17098C5C
 End:   ===== Processing Layers =====; Timer: cpu0=0.547 wall=0.098 

21.06.26 03:44:19  ===== New Time Step =====, Iter number =  29
 Start: TimeServis
 End:   TimeServis; Timer: cpu0=0.516 wall=0.038 
 Start: User modules' functions BeforeTimeStep() are calling
 End:   User modules' functions BeforeTimeStep() are calling; Timer: cpu0=0.000 wall=0.001 
 Start: Adaptation, TotalRealCellsCount= 96476 
 End:   Adaptation; Timer: cpu0=0.172 wall=0.005 
 Start: Initialize data arrays on chips
 End:   Initialize data arrays on chips, res= 0; Timer: cpu0=0.000 wall=0.003 
  ***** Maximum Geometrical Gauss = 2.31353e-14, cell= 690:6:6:6:0
  ***** Maximum MovingSurf  Gauss = 0, cell= 
 Start: Initialize data arrays on chips
 End:   Initialize data arrays on chips, res= 0; Timer: cpu0=0.000 wall=0.002 
 Start: TimeServis
 End:   TimeServis; Timer: cpu0=0.344 wall=0.039 
 Start: FindEnclaves
 End:   FindEnclaves; Timer: cpu0=0.078 wall=0.082 
 Start: VarValueService
 End:   VarValueService; Timer: cpu0=0.000 wall=0.001 
 Start: SolvePhaseEquation 
 End:   SolvePhaseEquation ; Timer: cpu0=15.750 wall=1.985 
 Start: SolidFiltersProcess: calculate forces and moments
 End:   SolidFiltersProcess: calculate forces and moments; Timer: cpu0=0.000 wall=0.002 
 Start: PrepareDataForNextStep
 End:   PrepareDataForNextStep; Timer: cpu0=0.609 wall=0.060 
 Start: VarValueService
 End:   VarValueService; Timer: cpu0=0.000 wall=0.001 
 Start: UpdateStopperData
 End:   UpdateStopperData; Timer: cpu0=0.000 wall=0.002 
 Start: Saving text status in E:\UniFlight\flow\Land_fv\data\Land.status
 End:   Saving text status in E:\UniFlight\flow\Land_fv\data\Land.status; Timer: cpu0=0.000 wall=0.002 
 End:   ===== Time Step =====, Iter number =  29; Timer: cpu0=17.641 wall=2.289 

21.06.26 03:44:22  ===== Processing Layers =====
21.06.26 03:44:22    *SEND* for CScalarLayer, GUID=0E21CAB5-1866-4124-A2B3-DEC499FA58E6
 Start: ComputeVolumeCharacteristics
 End:   ComputeVolumeCharacteristics; Timer: cpu0=0.000 wall=0.004 
 Start: GetValueOnFacets
 End:   GetValueOnFacets; Timer: cpu0=0.172 wall=0.014 
21.06.26 03:44:22    *SEND* for CScalarLayer, GUID=A3659819-C06E-40A1-8932-64A566FBB4DA
 Start: ComputeVolumeCharacteristics
 End:   ComputeVolumeCharacteristics; Timer: cpu0=0.172 wall=0.005 
 Start: GetValueOnFacets
 End:   GetValueOnFacets; Timer: cpu0=0.203 wall=0.058 
21.06.26 03:44:22    *SEND* for CIntegralCharsLayer, GUID=4E090A0C-544B-E4A2-4242-BEC451D7CD2B
21.06.26 03:44:22    *SEND* for CIntegralCharsLayer, GUID=927DEDC8-AF71-7A31-D608-FB7EA635069E
21.06.26 03:44:22    *SEND* for CIntegralCharsLayer, GUID=7EF96C33-7880-7A39-F672-8DCB17098C5C
 End:   ===== Processing Layers =====; Timer: cpu0=0.547 wall=0.107 

21.06.26 03:44:22  ===== New Time Step =====, Iter number =  30
 Start: TimeServis
 End:   TimeServis; Timer: cpu0=0.375 wall=0.036 
 Start: User modules' functions BeforeTimeStep() are calling
 End:   User modules' functions BeforeTimeStep() are calling; Timer: cpu0=0.000 wall=0.001 
 Start: Adaptation, TotalRealCellsCount= 96476 
 End:   Adaptation; Timer: cpu0=7.188 wall=0.932 
 Start: DistributeGridOnProcessors
 End:   DistributeGridOnProcessors, res= 0; Timer: cpu0=0.641 wall=0.204 
 Start: SetNeiHyperCells
 End:   SetNeiHyperCells, res= 0; Timer: cpu0=0.000 wall=0.007 
 Start: BuildFacetDistribution
 End:   BuildFacetDistribution; Timer: cpu0=0.000 wall=0.002 
 Start: Initialize data arrays on chips
 End:   Initialize data arrays on chips, res= 0; Timer: cpu0=0.000 wall=0.002 
  ***** Maximum Geometrical Gauss = 2.31353e-14, cell= 690:6:6:6:0
  ***** Maximum MovingSurf  Gauss = 1.10733e-13, cell= 909:5:6:0
 Start: Remove Small Cells
 End:   Remove Small Cells; Timer: cpu0=0.172 wall=0.021 
 Start: Initialize data arrays on chips
 End:   Initialize data arrays on chips, res= 0; Timer: cpu0=0.000 wall=0.004 
  ***** Maximum Geometrical Gauss = 2.31353e-14, cell= 690:6:6:6:0
  ***** Maximum MovingSurf  Gauss = 1.10733e-13, cell= 909:5:6:0
 Start: Initialize data arrays on chips
 End:   Initialize data arrays on chips, res= 0; Timer: cpu0=0.000 wall=0.002 
 Start: Modify Chip Data
 End:   Modify Chip Data; Timer: cpu0=0.344 wall=0.036 
 Start: TimeServis
 End:   TimeServis; Timer: cpu0=0.516 wall=0.048 
 Start: FindEnclaves
 End:   FindEnclaves; Timer: cpu0=0.250 wall=0.094 
 Start: VarValueService
 End:   VarValueService; Timer: cpu0=0.000 wall=0.002 
 Start: SolvePhaseEquation 
 End:   SolvePhaseEquation ; Timer: cpu0=16.438 wall=2.027 
 Start: SolidFiltersProcess: calculate forces and moments
 End:   SolidFiltersProcess: calculate forces and moments; Timer: cpu0=0.000 wall=0.002 
 Start: PrepareDataForNextStep
 End:   PrepareDataForNextStep; Timer: cpu0=0.250 wall=0.051 
 Start: VarValueService
 End:   VarValueService; Timer: cpu0=0.000 wall=0.001 
 Start: UpdateStopperData
 End:   UpdateStopperData; Timer: cpu0=0.000 wall=0.000 
 Start: Saving text status in E:\UniFlight\flow\Land_fv\data\Land.status
 End:   Saving text status in E:\UniFlight\flow\Land_fv\data\Land.status; Timer: cpu0=0.000 wall=0.002 
 End:   ===== Time Step =====, Iter number =  30; Timer: cpu0=26.703 wall=3.573 

21.06.26 03:44:26  ===== Processing Layers =====
21.06.26 03:44:26    *SEND* for CScalarLayer, GUID=0E21CAB5-1866-4124-A2B3-DEC499FA58E6
 Start: ComputeVolumeCharacteristics
 End:   ComputeVolumeCharacteristics; Timer: cpu0=0.062 wall=0.005 
 Start: GetValueOnFacets
 End:   GetValueOnFacets; Timer: cpu0=0.094 wall=0.015 
21.06.26 03:44:26    *SEND* for CScalarLayer, GUID=A3659819-C06E-40A1-8932-64A566FBB4DA
 Start: ComputeVolumeCharacteristics
 End:   ComputeVolumeCharacteristics; Timer: cpu0=0.172 wall=0.004 
 Start: GetValueOnFacets
 End:   GetValueOnFacets; Timer: cpu0=0.047 wall=0.065 
21.06.26 03:44:26    *SEND* for CIntegralCharsLayer, GUID=4E090A0C-544B-E4A2-4242-BEC451D7CD2B
21.06.26 03:44:26    *SEND* for CIntegralCharsLayer, GUID=927DEDC8-AF71-7A31-D608-FB7EA635069E
21.06.26 03:44:26    *SEND* for CIntegralCharsLayer, GUID=7EF96C33-7880-7A39-F672-8DCB17098C5C
 End:   ===== Processing Layers =====; Timer: cpu0=0.375 wall=0.125 

21.06.26 03:44:26  ===== New Time Step =====, Iter number =  31
 Start: TimeServis
 End:   TimeServis; Timer: cpu0=0.312 wall=0.036 
 Start: User modules' functions BeforeTimeStep() are calling
 End:   User modules' functions BeforeTimeStep() are calling; Timer: cpu0=0.000 wall=0.001 
 Start: Adaptation, TotalRealCellsCount= 94936 
 End:   Adaptation; Timer: cpu0=5.938 wall=0.817 
 Start: DistributeGridOnProcessors
 End:   DistributeGridOnProcessors, res= 0; Timer: cpu0=0.828 wall=0.197 
 Start: SetNeiHyperCells
 End:   SetNeiHyperCells, res= 0; Timer: cpu0=0.000 wall=0.007 
 Start: BuildFacetDistribution
 End:   BuildFacetDistribution; Timer: cpu0=0.000 wall=0.003 
 Start: Initialize data arrays on chips
 End:   Initialize data arrays on chips, res= 0; Timer: cpu0=0.000 wall=0.002 
  ***** Maximum Geometrical Gauss = 2.31353e-14, cell= 690:6:6:6:0
  ***** Maximum MovingSurf  Gauss = 7.45948e-14, cell= 795:6:6:7:0
 Start: Remove Small Cells
 End:   Remove Small Cells; Timer: cpu0=0.172 wall=0.017 
 Start: Initialize data arrays on chips
 End:   Initialize data arrays on chips, res= 0; Timer: cpu0=0.000 wall=0.002 
  ***** Maximum Geometrical Gauss = 2.31353e-14, cell= 690:6:6:6:0
  ***** Maximum MovingSurf  Gauss = 7.45948e-14, cell= 795:6:6:7:0
 Start: Initialize data arrays on chips
 End:   Initialize data arrays on chips, res= 0; Timer: cpu0=0.172 wall=0.002 
 Start: Modify Chip Data
 End:   Modify Chip Data; Timer: cpu0=0.344 wall=0.035 
 Start: TimeServis
 End:   TimeServis; Timer: cpu0=0.344 wall=0.044 
 Start: FindEnclaves
 End:   FindEnclaves; Timer: cpu0=0.062 wall=0.090 
 Start: VarValueService
 End:   VarValueService; Timer: cpu0=0.000 wall=0.001 
 Start: SolvePhaseEquation 
 End:   SolvePhaseEquation ; Timer: cpu0=15.266 wall=1.966 
 Start: SolidFiltersProcess: calculate forces and moments
 End:   SolidFiltersProcess: calculate forces and moments; Timer: cpu0=0.000 wall=0.002 
 Start: PrepareDataForNextStep
 End:   PrepareDataForNextStep; Timer: cpu0=0.328 wall=0.053 
 Start: VarValueService
 End:   VarValueService; Timer: cpu0=0.000 wall=0.003 
 Start: UpdateStopperData
 End:   UpdateStopperData; Timer: cpu0=0.000 wall=0.001 
 Start: Saving text status in E:\UniFlight\flow\Land_fv\data\Land.status
 End:   Saving text status in E:\UniFlight\flow\Land_fv\data\Land.status; Timer: cpu0=0.000 wall=0.002 
 End:   ===== Time Step =====, Iter number =  31; Timer: cpu0=24.344 wall=3.369 

21.06.26 03:44:29  ===== Processing Layers =====
21.06.26 03:44:29    *SEND* for CScalarLayer, GUID=0E21CAB5-1866-4124-A2B3-DEC499FA58E6
 Start: ComputeVolumeCharacteristics
 End:   ComputeVolumeCharacteristics; Timer: cpu0=0.000 wall=0.004 
 Start: GetValueOnFacets
 End:   GetValueOnFacets; Timer: cpu0=0.016 wall=0.016 
21.06.26 03:44:29    *SEND* for CScalarLayer, GUID=A3659819-C06E-40A1-8932-64A566FBB4DA
 Start: ComputeVolumeCharacteristics
 End:   ComputeVolumeCharacteristics; Timer: cpu0=0.000 wall=0.005 
 Start: GetValueOnFacets
 End:   GetValueOnFacets; Timer: cpu0=0.188 wall=0.063 
21.06.26 03:44:29    *SEND* for CIntegralCharsLayer, GUID=4E090A0C-544B-E4A2-4242-BEC451D7CD2B
21.06.26 03:44:29    *SEND* for CIntegralCharsLayer, GUID=927DEDC8-AF71-7A31-D608-FB7EA635069E
21.06.26 03:44:29    *SEND* for CIntegralCharsLayer, GUID=7EF96C33-7880-7A39-F672-8DCB17098C5C
 End:   ===== Processing Layers =====; Timer: cpu0=0.203 wall=0.125 

21.06.26 03:44:29  ===== New Time Step =====, Iter number =  32
 Start: TimeServis
 End:   TimeServis; Timer: cpu0=0.344 wall=0.044 
 Start: User modules' functions BeforeTimeStep() are calling
 End:   User modules' functions BeforeTimeStep() are calling; Timer: cpu0=0.000 wall=0.002 
 Start: Adaptation, TotalRealCellsCount= 95398 
 End:   Adaptation; Timer: cpu0=0.000 wall=0.004 
 Start: Initialize data arrays on chips
 End:   Initialize data arrays on chips, res= 0; Timer: cpu0=0.016 wall=0.003 
  ***** Maximum Geometrical Gauss = 2.31353e-14, cell= 690:6:6:6:0
  ***** Maximum MovingSurf  Gauss = 0, cell= 
 Start: Initialize data arrays on chips
 End:   Initialize data arrays on chips, res= 0; Timer: cpu0=0.000 wall=0.001 
 Start: TimeServis
 End:   TimeServis; Timer: cpu0=0.500 wall=0.052 
 Start: FindEnclaves
 End:   FindEnclaves; Timer: cpu0=0.250 wall=0.082 
 Start: VarValueService
 End:   VarValueService; Timer: cpu0=0.000 wall=0.001 
 Start: SolvePhaseEquation 
 End:   SolvePhaseEquation ; Timer: cpu0=17.016 wall=2.061 
 Start: SolidFiltersProcess: calculate forces and moments
 End:   SolidFiltersProcess: calculate forces and moments; Timer: cpu0=0.000 wall=0.002 
 Start: PrepareDataForNextStep
 End:   PrepareDataForNextStep; Timer: cpu0=0.375 wall=0.061 
 Start: VarValueService
 End:   VarValueService; Timer: cpu0=0.000 wall=0.002 
 Start: UpdateStopperData
 End:   UpdateStopperData; Timer: cpu0=0.000 wall=0.001 
 Start: Saving text status in E:\UniFlight\flow\Land_fv\data\Land.status
 End:   Saving text status in E:\UniFlight\flow\Land_fv\data\Land.status; Timer: cpu0=0.000 wall=0.003 
 End:   ===== Time Step =====, Iter number =  32; Timer: cpu0=18.688 wall=2.389 

21.06.26 03:44:32  ===== Processing Layers =====
21.06.26 03:44:32    *SEND* for CScalarLayer, GUID=0E21CAB5-1866-4124-A2B3-DEC499FA58E6
 Start: ComputeVolumeCharacteristics
 End:   ComputeVolumeCharacteristics; Timer: cpu0=0.000 wall=0.004 
 Start: GetValueOnFacets
 End:   GetValueOnFacets; Timer: cpu0=0.016 wall=0.017 
21.06.26 03:44:32    *SEND* for CScalarLayer, GUID=A3659819-C06E-40A1-8932-64A566FBB4DA
 Start: ComputeVolumeCharacteristics
 End:   ComputeVolumeCharacteristics; Timer: cpu0=0.000 wall=0.004 
 Start: GetValueOnFacets
 End:   GetValueOnFacets; Timer: cpu0=0.109 wall=0.059 
21.06.26 03:44:32    *SEND* for CIntegralCharsLayer, GUID=4E090A0C-544B-E4A2-4242-BEC451D7CD2B
21.06.26 03:44:32    *SEND* for CIntegralCharsLayer, GUID=927DEDC8-AF71-7A31-D608-FB7EA635069E
21.06.26 03:44:32    *SEND* for CIntegralCharsLayer, GUID=7EF96C33-7880-7A39-F672-8DCB17098C5C
 End:   ===== Processing Layers =====; Timer: cpu0=0.125 wall=0.115 

21.06.26 03:44:32  ===== New Time Step =====, Iter number =  33
 Start: TimeServis
 End:   TimeServis; Timer: cpu0=0.453 wall=0.037 
 Start: User modules' functions BeforeTimeStep() are calling
 End:   User modules' functions BeforeTimeStep() are calling; Timer: cpu0=0.000 wall=0.001 
 Start: Adaptation, TotalRealCellsCount= 95398 
 End:   Adaptation; Timer: cpu0=0.031 wall=0.007 
 Start: Initialize data arrays on chips
 End:   Initialize data arrays on chips, res= 0; Timer: cpu0=0.000 wall=0.002 
  ***** Maximum Geometrical Gauss = 2.31353e-14, cell= 690:6:6:6:0
  ***** Maximum MovingSurf  Gauss = 0, cell= 
 Start: Initialize data arrays on chips
 End:   Initialize data arrays on chips, res= 0; Timer: cpu0=0.000 wall=0.002 
 Start: TimeServis
 End:   TimeServis; Timer: cpu0=0.469 wall=0.052 
 Start: FindEnclaves
 End:   FindEnclaves; Timer: cpu0=0.234 wall=0.080 
 Start: VarValueService
 End:   VarValueService; Timer: cpu0=0.000 wall=0.003 
 Start: SolvePhaseEquation 
 End:   SolvePhaseEquation ; Timer: cpu0=16.500 wall=2.013 
 Start: SolidFiltersProcess: calculate forces and moments
 End:   SolidFiltersProcess: calculate forces and moments; Timer: cpu0=0.000 wall=0.002 
 Start: PrepareDataForNextStep
 End:   PrepareDataForNextStep; Timer: cpu0=0.469 wall=0.054 
 Start: VarValueService
 End:   VarValueService; Timer: cpu0=0.000 wall=0.001 
 Start: UpdateStopperData
 End:   UpdateStopperData; Timer: cpu0=0.000 wall=0.001 
 Start: Saving text status in E:\UniFlight\flow\Land_fv\data\Land.status
 End:   Saving text status in E:\UniFlight\flow\Land_fv\data\Land.status; Timer: cpu0=0.000 wall=0.002 
 End:   ===== Time Step =====, Iter number =  33; Timer: cpu0=18.625 wall=2.331 

21.06.26 03:44:35  ===== Processing Layers =====
21.06.26 03:44:35    *SEND* for CScalarLayer, GUID=0E21CAB5-1866-4124-A2B3-DEC499FA58E6
 Start: ComputeVolumeCharacteristics
 End:   ComputeVolumeCharacteristics; Timer: cpu0=0.000 wall=0.005 
 Start: GetValueOnFacets
 End:   GetValueOnFacets; Timer: cpu0=0.016 wall=0.014 
21.06.26 03:44:35    *SEND* for CScalarLayer, GUID=A3659819-C06E-40A1-8932-64A566FBB4DA
 Start: ComputeVolumeCharacteristics
 End:   ComputeVolumeCharacteristics; Timer: cpu0=0.000 wall=0.004 
 Start: GetValueOnFacets
 End:   GetValueOnFacets; Timer: cpu0=0.203 wall=0.066 
21.06.26 03:44:35    *SEND* for CIntegralCharsLayer, GUID=4E090A0C-544B-E4A2-4242-BEC451D7CD2B
21.06.26 03:44:35    *SEND* for CIntegralCharsLayer, GUID=927DEDC8-AF71-7A31-D608-FB7EA635069E
21.06.26 03:44:35    *SEND* for CIntegralCharsLayer, GUID=7EF96C33-7880-7A39-F672-8DCB17098C5C
 End:   ===== Processing Layers =====; Timer: cpu0=0.234 wall=0.117 

21.06.26 03:44:35  ===== New Time Step =====, Iter number =  34
 Start: TimeServis
 End:   TimeServis; Timer: cpu0=0.344 wall=0.033 
 Start: User modules' functions BeforeTimeStep() are calling
 End:   User modules' functions BeforeTimeStep() are calling; Timer: cpu0=0.000 wall=0.002 
 Start: Adaptation, TotalRealCellsCount= 95398 
 End:   Adaptation; Timer: cpu0=0.000 wall=0.004 
 Start: Initialize data arrays on chips
 End:   Initialize data arrays on chips, res= 0; Timer: cpu0=0.000 wall=0.002 
  ***** Maximum Geometrical Gauss = 2.31353e-14, cell= 690:6:6:6:0
  ***** Maximum MovingSurf  Gauss = 0, cell= 
 Start: Initialize data arrays on chips
 End:   Initialize data arrays on chips, res= 0; Timer: cpu0=0.172 wall=0.002 
 Start: TimeServis
 End:   TimeServis; Timer: cpu0=0.312 wall=0.044 
 Start: FindEnclaves
 End:   FindEnclaves; Timer: cpu0=0.078 wall=0.079 
 Start: VarValueService
 End:   VarValueService; Timer: cpu0=0.000 wall=0.001 
 Start: SolvePhaseEquation 
 End:   SolvePhaseEquation ; Timer: cpu0=17.281 wall=2.077 
 Start: SolidFiltersProcess: calculate forces and moments
 End:   SolidFiltersProcess: calculate forces and moments; Timer: cpu0=0.016 wall=0.002 
 Start: PrepareDataForNextStep
 End:   PrepareDataForNextStep; Timer: cpu0=0.516 wall=0.056 
 Start: VarValueService
 End:   VarValueService; Timer: cpu0=0.000 wall=0.002 
 Start: UpdateStopperData
 End:   UpdateStopperData; Timer: cpu0=0.000 wall=0.002 
 Start: Saving text status in E:\UniFlight\flow\Land_fv\data\Land.status
 End:   Saving text status in E:\UniFlight\flow\Land_fv\data\Land.status; Timer: cpu0=0.000 wall=0.002 
 End:   ===== Time Step =====, Iter number =  34; Timer: cpu0=18.891 wall=2.370 

21.06.26 03:44:38  ===== Processing Layers =====
21.06.26 03:44:38    *SEND* for CScalarLayer, GUID=0E21CAB5-1866-4124-A2B3-DEC499FA58E6
 Start: ComputeVolumeCharacteristics
 End:   ComputeVolumeCharacteristics; Timer: cpu0=0.156 wall=0.005 
 Start: GetValueOnFacets
 End:   GetValueOnFacets; Timer: cpu0=0.172 wall=0.016 
21.06.26 03:44:38    *SEND* for CScalarLayer, GUID=A3659819-C06E-40A1-8932-64A566FBB4DA
 Start: ComputeVolumeCharacteristics
 End:   ComputeVolumeCharacteristics; Timer: cpu0=0.000 wall=0.005 
 Start: GetValueOnFacets
 End:   GetValueOnFacets; Timer: cpu0=0.094 wall=0.065 
21.06.26 03:44:38    *SEND* for CIntegralCharsLayer, GUID=4E090A0C-544B-E4A2-4242-BEC451D7CD2B
21.06.26 03:44:38    *SEND* for CIntegralCharsLayer, GUID=927DEDC8-AF71-7A31-D608-FB7EA635069E
21.06.26 03:44:38    *SEND* for CIntegralCharsLayer, GUID=7EF96C33-7880-7A39-F672-8DCB17098C5C
 End:   ===== Processing Layers =====; Timer: cpu0=0.422 wall=0.130 

21.06.26 03:44:38  ===== New Time Step =====, Iter number =  35
 Start: TimeServis
 End:   TimeServis; Timer: cpu0=0.344 wall=0.034 
 Start: User modules' functions BeforeTimeStep() are calling
 End:   User modules' functions BeforeTimeStep() are calling; Timer: cpu0=0.000 wall=0.003 
 Start: Adaptation, TotalRealCellsCount= 95398 
 End:   Adaptation; Timer: cpu0=0.062 wall=0.004 
 Start: Initialize data arrays on chips
 End:   Initialize data arrays on chips, res= 0; Timer: cpu0=0.000 wall=0.002 
  ***** Maximum Geometrical Gauss = 2.31353e-14, cell= 690:6:6:6:0
  ***** Maximum MovingSurf  Gauss = 0, cell= 
 Start: Initialize data arrays on chips
 End:   Initialize data arrays on chips, res= 0; Timer: cpu0=0.000 wall=0.002 
 Start: TimeServis
 End:   TimeServis; Timer: cpu0=0.500 wall=0.052 
 Start: FindEnclaves
 End:   FindEnclaves; Timer: cpu0=0.078 wall=0.087 
 Start: VarValueService
 End:   VarValueService; Timer: cpu0=0.000 wall=0.001 
 Start: SolvePhaseEquation 
 End:   SolvePhaseEquation ; Timer: cpu0=16.266 wall=1.966 
 Start: SolidFiltersProcess: calculate forces and moments
 End:   SolidFiltersProcess: calculate forces and moments; Timer: cpu0=0.000 wall=0.001 
 Start: PrepareDataForNextStep
 End:   PrepareDataForNextStep; Timer: cpu0=0.500 wall=0.045 
 Start: VarValueService
 End:   VarValueService; Timer: cpu0=0.000 wall=0.001 
 Start: UpdateStopperData
 End:   UpdateStopperData; Timer: cpu0=0.000 wall=0.001 
 Start: Saving text status in E:\UniFlight\flow\Land_fv\data\Land.status
 End:   Saving text status in E:\UniFlight\flow\Land_fv\data\Land.status; Timer: cpu0=0.000 wall=0.002 
 End:   ===== Time Step =====, Iter number =  35; Timer: cpu0=17.922 wall=2.268 

21.06.26 03:44:40  ===== Processing Layers =====
21.06.26 03:44:40    *SEND* for CScalarLayer, GUID=0E21CAB5-1866-4124-A2B3-DEC499FA58E6
 Start: ComputeVolumeCharacteristics
 End:   ComputeVolumeCharacteristics; Timer: cpu0=0.172 wall=0.003 
 Start: GetValueOnFacets
 End:   GetValueOnFacets; Timer: cpu0=0.141 wall=0.014 
21.06.26 03:44:40    *SEND* for CScalarLayer, GUID=A3659819-C06E-40A1-8932-64A566FBB4DA
 Start: ComputeVolumeCharacteristics
 End:   ComputeVolumeCharacteristics; Timer: cpu0=0.172 wall=0.004 
 Start: GetValueOnFacets
 End:   GetValueOnFacets; Timer: cpu0=0.047 wall=0.049 
21.06.26 03:44:40    *SEND* for CIntegralCharsLayer, GUID=4E090A0C-544B-E4A2-4242-BEC451D7CD2B
21.06.26 03:44:40    *SEND* for CIntegralCharsLayer, GUID=927DEDC8-AF71-7A31-D608-FB7EA635069E
21.06.26 03:44:40    *SEND* for CIntegralCharsLayer, GUID=7EF96C33-7880-7A39-F672-8DCB17098C5C
 End:   ===== Processing Layers =====; Timer: cpu0=0.531 wall=0.100 

21.06.26 03:44:40  ===== New Time Step =====, Iter number =  36
 Start: TimeServis
 End:   TimeServis; Timer: cpu0=0.359 wall=0.040 
 Start: User modules' functions BeforeTimeStep() are calling
 End:   User modules' functions BeforeTimeStep() are calling; Timer: cpu0=0.000 wall=0.001 
 Start: Adaptation, TotalRealCellsCount= 95398 
 End:   Adaptation; Timer: cpu0=0.000 wall=0.005 
 Start: Initialize data arrays on chips
 End:   Initialize data arrays on chips, res= 0; Timer: cpu0=0.125 wall=0.002 
  ***** Maximum Geometrical Gauss = 2.31353e-14, cell= 690:6:6:6:0
  ***** Maximum MovingSurf  Gauss = 0, cell= 
 Start: Initialize data arrays on chips
 End:   Initialize data arrays on chips, res= 0; Timer: cpu0=0.000 wall=0.001 
 Start: TimeServis
 End:   TimeServis; Timer: cpu0=0.344 wall=0.039 
 Start: FindEnclaves
 End:   FindEnclaves; Timer: cpu0=0.234 wall=0.080 
 Start: VarValueService
 End:   VarValueService; Timer: cpu0=0.000 wall=0.001 
 Start: SolvePhaseEquation 
 End:   SolvePhaseEquation ; Timer: cpu0=16.594 wall=1.987 
 Start: SolidFiltersProcess: calculate forces and moments
 End:   SolidFiltersProcess: calculate forces and moments; Timer: cpu0=0.000 wall=0.002 
 Start: PrepareDataForNextStep
 End:   PrepareDataForNextStep; Timer: cpu0=0.375 wall=0.046 
 Start: VarValueService
 End:   VarValueService; Timer: cpu0=0.000 wall=0.001 
 Start: UpdateStopperData
 End:   UpdateStopperData; Timer: cpu0=0.000 wall=0.001 
 Start: Saving text status in E:\UniFlight\flow\Land_fv\data\Land.status
 End:   Saving text status in E:\UniFlight\flow\Land_fv\data\Land.status; Timer: cpu0=0.000 wall=0.002 
 End:   ===== Time Step =====, Iter number =  36; Timer: cpu0=18.203 wall=2.267 

21.06.26 03:44:43  ===== Processing Layers =====
21.06.26 03:44:43    *SEND* for CScalarLayer, GUID=0E21CAB5-1866-4124-A2B3-DEC499FA58E6
 Start: ComputeVolumeCharacteristics
 End:   ComputeVolumeCharacteristics; Timer: cpu0=0.000 wall=0.004 
 Start: GetValueOnFacets
 End:   GetValueOnFacets; Timer: cpu0=0.000 wall=0.013 
21.06.26 03:44:43    *SEND* for CScalarLayer, GUID=A3659819-C06E-40A1-8932-64A566FBB4DA
 Start: ComputeVolumeCharacteristics
 End:   ComputeVolumeCharacteristics; Timer: cpu0=0.000 wall=0.003 
 Start: GetValueOnFacets
 End:   GetValueOnFacets; Timer: cpu0=0.188 wall=0.048 
21.06.26 03:44:43    *SEND* for CIntegralCharsLayer, GUID=4E090A0C-544B-E4A2-4242-BEC451D7CD2B
21.06.26 03:44:43    *SEND* for CIntegralCharsLayer, GUID=927DEDC8-AF71-7A31-D608-FB7EA635069E
21.06.26 03:44:43    *SEND* for CIntegralCharsLayer, GUID=7EF96C33-7880-7A39-F672-8DCB17098C5C
 End:   ===== Processing Layers =====; Timer: cpu0=0.203 wall=0.100 

21.06.26 03:44:43  ===== New Time Step =====, Iter number =  37
 Start: TimeServis
 End:   TimeServis; Timer: cpu0=0.328 wall=0.041 
 Start: User modules' functions BeforeTimeStep() are calling
 End:   User modules' functions BeforeTimeStep() are calling; Timer: cpu0=0.000 wall=0.002 
 Start: Adaptation, TotalRealCellsCount= 95398 
 End:   Adaptation; Timer: cpu0=0.000 wall=0.004 
 Start: Initialize data arrays on chips
 End:   Initialize data arrays on chips, res= 0; Timer: cpu0=0.000 wall=0.002 
  ***** Maximum Geometrical Gauss = 2.31353e-14, cell= 690:6:6:6:0
  ***** Maximum MovingSurf  Gauss = 0, cell= 
 Start: Initialize data arrays on chips
 End:   Initialize data arrays on chips, res= 0; Timer: cpu0=0.000 wall=0.002 
 Start: TimeServis
 End:   TimeServis; Timer: cpu0=0.359 wall=0.042 
 Start: FindEnclaves
 End:   FindEnclaves; Timer: cpu0=0.078 wall=0.078 
 Start: VarValueService
 End:   VarValueService; Timer: cpu0=0.000 wall=0.001 
 Start: SolvePhaseEquation 
 End:   SolvePhaseEquation ; Timer: cpu0=16.156 wall=1.955 
 Start: SolidFiltersProcess: calculate forces and moments
 End:   SolidFiltersProcess: calculate forces and moments; Timer: cpu0=0.000 wall=0.002 
 Start: PrepareDataForNextStep
 End:   PrepareDataForNextStep; Timer: cpu0=0.344 wall=0.058 
 Start: VarValueService
 End:   VarValueService; Timer: cpu0=0.000 wall=0.001 
 Start: UpdateStopperData
 End:   UpdateStopperData; Timer: cpu0=0.000 wall=0.001 
 Start: Saving text status in E:\UniFlight\flow\Land_fv\data\Land.status
 End:   Saving text status in E:\UniFlight\flow\Land_fv\data\Land.status; Timer: cpu0=0.000 wall=0.002 
 End:   ===== Time Step =====, Iter number =  37; Timer: cpu0=17.484 wall=2.253 

21.06.26 03:44:45  ===== Processing Layers =====
21.06.26 03:44:45    *SEND* for CScalarLayer, GUID=0E21CAB5-1866-4124-A2B3-DEC499FA58E6
 Start: ComputeVolumeCharacteristics
 End:   ComputeVolumeCharacteristics; Timer: cpu0=0.000 wall=0.005 
 Start: GetValueOnFacets
 End:   GetValueOnFacets; Timer: cpu0=0.016 wall=0.013 
21.06.26 03:44:46    *SEND* for CScalarLayer, GUID=A3659819-C06E-40A1-8932-64A566FBB4DA
 Start: ComputeVolumeCharacteristics
 End:   ComputeVolumeCharacteristics; Timer: cpu0=0.000 wall=0.003 
 Start: GetValueOnFacets
 End:   GetValueOnFacets; Timer: cpu0=0.203 wall=0.052 
21.06.26 03:44:46    *SEND* for CIntegralCharsLayer, GUID=4E090A0C-544B-E4A2-4242-BEC451D7CD2B
21.06.26 03:44:46    *SEND* for CIntegralCharsLayer, GUID=927DEDC8-AF71-7A31-D608-FB7EA635069E
21.06.26 03:44:46    *SEND* for CIntegralCharsLayer, GUID=7EF96C33-7880-7A39-F672-8DCB17098C5C
 End:   ===== Processing Layers =====; Timer: cpu0=0.359 wall=0.100 

21.06.26 03:44:46  ===== New Time Step =====, Iter number =  38
 Start: TimeServis
 End:   TimeServis; Timer: cpu0=0.344 wall=0.040 
 Start: User modules' functions BeforeTimeStep() are calling
 End:   User modules' functions BeforeTimeStep() are calling; Timer: cpu0=0.000 wall=0.002 
 Start: Adaptation, TotalRealCellsCount= 95398 
 End:   Adaptation; Timer: cpu0=0.000 wall=0.003 
 Start: Initialize data arrays on chips
 End:   Initialize data arrays on chips, res= 0; Timer: cpu0=0.000 wall=0.002 
  ***** Maximum Geometrical Gauss = 2.31353e-14, cell= 690:6:6:6:0
  ***** Maximum MovingSurf  Gauss = 0, cell= 
 Start: Initialize data arrays on chips
 End:   Initialize data arrays on chips, res= 0; Timer: cpu0=0.000 wall=0.002 
 Start: TimeServis
 End:   TimeServis; Timer: cpu0=0.516 wall=0.040 
 Start: FindEnclaves
 End:   FindEnclaves; Timer: cpu0=0.250 wall=0.080 
 Start: VarValueService
 End:   VarValueService; Timer: cpu0=0.000 wall=0.002 
 Start: SolvePhaseEquation 
 End:   SolvePhaseEquation ; Timer: cpu0=16.141 wall=1.925 
 Start: SolidFiltersProcess: calculate forces and moments
 End:   SolidFiltersProcess: calculate forces and moments; Timer: cpu0=0.000 wall=0.002 
 Start: PrepareDataForNextStep
 End:   PrepareDataForNextStep; Timer: cpu0=0.359 wall=0.058 
 Start: VarValueService
 End:   VarValueService; Timer: cpu0=0.172 wall=0.002 
 Start: UpdateStopperData
 End:   UpdateStopperData; Timer: cpu0=0.000 wall=0.001 
 Start: Saving text status in E:\UniFlight\flow\Land_fv\data\Land.status
 End:   Saving text status in E:\UniFlight\flow\Land_fv\data\Land.status; Timer: cpu0=0.000 wall=0.002 
 End:   ===== Time Step =====, Iter number =  38; Timer: cpu0=18.125 wall=2.226 

21.06.26 03:44:48  ===== Processing Layers =====
21.06.26 03:44:48    *SEND* for CScalarLayer, GUID=0E21CAB5-1866-4124-A2B3-DEC499FA58E6
 Start: ComputeVolumeCharacteristics
 End:   ComputeVolumeCharacteristics; Timer: cpu0=0.000 wall=0.005 
 Start: GetValueOnFacets
 End:   GetValueOnFacets; Timer: cpu0=0.000 wall=0.014 
21.06.26 03:44:48    *SEND* for CScalarLayer, GUID=A3659819-C06E-40A1-8932-64A566FBB4DA
 Start: ComputeVolumeCharacteristics
 End:   ComputeVolumeCharacteristics; Timer: cpu0=0.000 wall=0.003 
 Start: GetValueOnFacets
 End:   GetValueOnFacets; Timer: cpu0=0.094 wall=0.042 
21.06.26 03:44:48    *SEND* for CIntegralCharsLayer, GUID=4E090A0C-544B-E4A2-4242-BEC451D7CD2B
21.06.26 03:44:48    *SEND* for CIntegralCharsLayer, GUID=927DEDC8-AF71-7A31-D608-FB7EA635069E
21.06.26 03:44:48    *SEND* for CIntegralCharsLayer, GUID=7EF96C33-7880-7A39-F672-8DCB17098C5C
 End:   ===== Processing Layers =====; Timer: cpu0=0.094 wall=0.093 

21.06.26 03:44:48  ===== New Time Step =====, Iter number =  39
 Start: TimeServis
 End:   TimeServis; Timer: cpu0=0.344 wall=0.037 
 Start: User modules' functions BeforeTimeStep() are calling
 End:   User modules' functions BeforeTimeStep() are calling; Timer: cpu0=0.000 wall=0.002 
 Start: Adaptation, TotalRealCellsCount= 95398 
 End:   Adaptation; Timer: cpu0=0.172 wall=0.004 
 Start: Initialize data arrays on chips
 End:   Initialize data arrays on chips, res= 0; Timer: cpu0=0.000 wall=0.002 
  ***** Maximum Geometrical Gauss = 2.31353e-14, cell= 690:6:6:6:0
  ***** Maximum MovingSurf  Gauss = 0, cell= 
 Start: Initialize data arrays on chips
 End:   Initialize data arrays on chips, res= 0; Timer: cpu0=0.000 wall=0.002 
 Start: TimeServis
 End:   TimeServis; Timer: cpu0=0.344 wall=0.036 
 Start: FindEnclaves
 End:   FindEnclaves; Timer: cpu0=0.062 wall=0.083 
 Start: VarValueService
 End:   VarValueService; Timer: cpu0=0.000 wall=0.001 
 Start: SolvePhaseEquation 
 End:   SolvePhaseEquation ; Timer: cpu0=16.547 wall=1.967 
 Start: SolidFiltersProcess: calculate forces and moments
 End:   SolidFiltersProcess: calculate forces and moments; Timer: cpu0=0.000 wall=0.002 
 Start: PrepareDataForNextStep
 End:   PrepareDataForNextStep; Timer: cpu0=0.344 wall=0.054 
 Start: VarValueService
 End:   VarValueService; Timer: cpu0=0.000 wall=0.001 
 Start: UpdateStopperData
 End:   UpdateStopperData; Timer: cpu0=0.000 wall=0.001 
 Start: Saving text status in E:\UniFlight\flow\Land_fv\data\Land.status
 End:   Saving text status in E:\UniFlight\flow\Land_fv\data\Land.status; Timer: cpu0=0.000 wall=0.002 
 End:   ===== Time Step =====, Iter number =  39; Timer: cpu0=18.016 wall=2.261 

21.06.26 03:44:51  ===== Processing Layers =====
21.06.26 03:44:51    *SEND* for CScalarLayer, GUID=0E21CAB5-1866-4124-A2B3-DEC499FA58E6
 Start: ComputeVolumeCharacteristics
 End:   ComputeVolumeCharacteristics; Timer: cpu0=0.000 wall=0.004 
 Start: GetValueOnFacets
 End:   GetValueOnFacets; Timer: cpu0=0.016 wall=0.013 
21.06.26 03:44:51    *SEND* for CScalarLayer, GUID=A3659819-C06E-40A1-8932-64A566FBB4DA
 Start: ComputeVolumeCharacteristics
 End:   ComputeVolumeCharacteristics; Timer: cpu0=0.000 wall=0.003 
 Start: GetValueOnFacets
 End:   GetValueOnFacets; Timer: cpu0=0.188 wall=0.052 
21.06.26 03:44:51    *SEND* for CIntegralCharsLayer, GUID=4E090A0C-544B-E4A2-4242-BEC451D7CD2B
21.06.26 03:44:51    *SEND* for CIntegralCharsLayer, GUID=927DEDC8-AF71-7A31-D608-FB7EA635069E
21.06.26 03:44:51    *SEND* for CIntegralCharsLayer, GUID=7EF96C33-7880-7A39-F672-8DCB17098C5C
 End:   ===== Processing Layers =====; Timer: cpu0=0.547 wall=0.100 

21.06.26 03:44:51  ===== New Time Step =====, Iter number =  40
 Start: TimeServis
 End:   TimeServis; Timer: cpu0=0.438 wall=0.034 
 Start: User modules' functions BeforeTimeStep() are calling
 End:   User modules' functions BeforeTimeStep() are calling; Timer: cpu0=0.000 wall=0.002 
 Start: Adaptation, TotalRealCellsCount= 95398 
 End:   Adaptation; Timer: cpu0=6.719 wall=0.914 
 Start: DistributeGridOnProcessors
 End:   DistributeGridOnProcessors, res= 0; Timer: cpu0=0.766 wall=0.201 
 Start: SetNeiHyperCells
 End:   SetNeiHyperCells, res= 0; Timer: cpu0=0.000 wall=0.007 
 Start: BuildFacetDistribution
 End:   BuildFacetDistribution; Timer: cpu0=0.000 wall=0.002 
 Start: Initialize data arrays on chips
 End:   Initialize data arrays on chips, res= 0; Timer: cpu0=0.000 wall=0.001 
  ***** Maximum Geometrical Gauss = 2.31353e-14, cell= 690:6:6:6:0
  ***** Maximum MovingSurf  Gauss = 2.09329e-13, cell= 990:6:6:6:0
 Start: Remove Small Cells
 End:   Remove Small Cells; Timer: cpu0=0.297 wall=0.020 
 Start: Initialize data arrays on chips
 End:   Initialize data arrays on chips, res= 0; Timer: cpu0=0.000 wall=0.002 
  ***** Maximum Geometrical Gauss = 2.31353e-14, cell= 690:6:6:6:0
  ***** Maximum MovingSurf  Gauss = 2.09329e-13, cell= 990:6:6:6:0
 Start: Initialize data arrays on chips
 End:   Initialize data arrays on chips, res= 0; Timer: cpu0=0.000 wall=0.002 
 Start: Modify Chip Data
 End:   Modify Chip Data; Timer: cpu0=0.375 wall=0.044 
 Start: TimeServis
 End:   TimeServis; Timer: cpu0=0.500 wall=0.048 
 Start: FindEnclaves
 End:   FindEnclaves; Timer: cpu0=0.094 wall=0.100 
 Start: VarValueService
 End:   VarValueService; Timer: cpu0=0.000 wall=0.001 
 Start: SolvePhaseEquation 
 End:   SolvePhaseEquation ; Timer: cpu0=18.594 wall=2.196 
 Start: SolidFiltersProcess: calculate forces and moments
 End:   SolidFiltersProcess: calculate forces and moments; Timer: cpu0=0.000 wall=0.002 
 Start: PrepareDataForNextStep
 End:   PrepareDataForNextStep; Timer: cpu0=0.406 wall=0.076 
 Start: VarValueService
 End:   VarValueService; Timer: cpu0=0.000 wall=0.001 
 Start: UpdateStopperData
 End:   UpdateStopperData; Timer: cpu0=0.000 wall=0.001 
 Start: Saving text status in E:\UniFlight\flow\Land_fv\data\Land.status
 End:   Saving text status in E:\UniFlight\flow\Land_fv\data\Land.status; Timer: cpu0=0.000 wall=0.002 
 End:   ===== Time Step =====, Iter number =  40; Timer: cpu0=28.516 wall=3.749 

21.06.26 03:44:55  ===== Processing Layers =====
21.06.26 03:44:55    *SEND* for CScalarLayer, GUID=0E21CAB5-1866-4124-A2B3-DEC499FA58E6
 Start: ComputeVolumeCharacteristics
 End:   ComputeVolumeCharacteristics; Timer: cpu0=0.094 wall=0.004 
 Start: GetValueOnFacets
 End:   GetValueOnFacets; Timer: cpu0=0.000 wall=0.011 
21.06.26 03:44:55    *SEND* for CScalarLayer, GUID=A3659819-C06E-40A1-8932-64A566FBB4DA
 Start: ComputeVolumeCharacteristics
 End:   ComputeVolumeCharacteristics; Timer: cpu0=0.000 wall=0.005 
 Start: GetValueOnFacets
 End:   GetValueOnFacets; Timer: cpu0=0.203 wall=0.054 
21.06.26 03:44:55    *SEND* for CIntegralCharsLayer, GUID=4E090A0C-544B-E4A2-4242-BEC451D7CD2B
21.06.26 03:44:55    *SEND* for CIntegralCharsLayer, GUID=927DEDC8-AF71-7A31-D608-FB7EA635069E
21.06.26 03:44:55    *SEND* for CIntegralCharsLayer, GUID=7EF96C33-7880-7A39-F672-8DCB17098C5C
 End:   ===== Processing Layers =====; Timer: cpu0=0.297 wall=0.105 

21.06.26 03:44:55  ===== New Time Step =====, Iter number =  41
 Start: TimeServis
 End:   TimeServis; Timer: cpu0=0.500 wall=0.046 
 Start: User modules' functions BeforeTimeStep() are calling
 End:   User modules' functions BeforeTimeStep() are calling; Timer: cpu0=0.000 wall=0.003 
 Start: Adaptation, TotalRealCellsCount= 104197 
 End:   Adaptation; Timer: cpu0=7.750 wall=0.852 
 Start: DistributeGridOnProcessors
 End:   DistributeGridOnProcessors, res= 0; Timer: cpu0=0.797 wall=0.212 
 Start: SetNeiHyperCells
 End:   SetNeiHyperCells, res= 0; Timer: cpu0=0.000 wall=0.008 
 Start: BuildFacetDistribution
 End:   BuildFacetDistribution; Timer: cpu0=0.125 wall=0.002 
 Start: Initialize data arrays on chips
 End:   Initialize data arrays on chips, res= 0; Timer: cpu0=0.000 wall=0.004 
  ***** Maximum Geometrical Gauss = 2.31353e-14, cell= 690:6:6:6:0
  ***** Maximum MovingSurf  Gauss = 1.10733e-13, cell= 909:5:6:7:0
 Start: Remove Small Cells
 End:   Remove Small Cells; Timer: cpu0=0.156 wall=0.018 
 Start: Initialize data arrays on chips
 End:   Initialize data arrays on chips, res= 0; Timer: cpu0=0.000 wall=0.002 
  ***** Maximum Geometrical Gauss = 2.31353e-14, cell= 690:6:6:6:0
  ***** Maximum MovingSurf  Gauss = 1.10733e-13, cell= 909:5:6:7:0
 Start: Initialize data arrays on chips
 End:   Initialize data arrays on chips, res= 0; Timer: cpu0=0.000 wall=0.002 
 Start: Modify Chip Data
 End:   Modify Chip Data; Timer: cpu0=0.500 wall=0.044 
 Start: TimeServis
 End:   TimeServis; Timer: cpu0=0.516 wall=0.050 
 Start: FindEnclaves
 End:   FindEnclaves; Timer: cpu0=0.281 wall=0.112 
 Start: VarValueService
 End:   VarValueService; Timer: cpu0=0.000 wall=0.002 
 Start: SolvePhaseEquation 
 End:   SolvePhaseEquation ; Timer: cpu0=19.469 wall=2.243 
 Start: SolidFiltersProcess: calculate forces and moments
 End:   SolidFiltersProcess: calculate forces and moments; Timer: cpu0=0.000 wall=0.003 
 Start: PrepareDataForNextStep
 End:   PrepareDataForNextStep; Timer: cpu0=0.438 wall=0.054 
 Start: VarValueService
 End:   VarValueService; Timer: cpu0=0.000 wall=0.001 
 Start: UpdateStopperData
 End:   UpdateStopperData; Timer: cpu0=0.000 wall=0.001 
 Start: Saving text status in E:\UniFlight\flow\Land_fv\data\Land.status
 End:   Saving text status in E:\UniFlight\flow\Land_fv\data\Land.status; Timer: cpu0=0.000 wall=0.002 
 End:   ===== Time Step =====, Iter number =  41; Timer: cpu0=31.203 wall=3.759 

21.06.26 03:44:59  ===== Processing Layers =====
21.06.26 03:44:59    *SEND* for CScalarLayer, GUID=0E21CAB5-1866-4124-A2B3-DEC499FA58E6
 Start: ComputeVolumeCharacteristics
 End:   ComputeVolumeCharacteristics; Timer: cpu0=0.000 wall=0.004 
 Start: GetValueOnFacets
 End:   GetValueOnFacets; Timer: cpu0=0.016 wall=0.013 
21.06.26 03:44:59    *SEND* for CScalarLayer, GUID=A3659819-C06E-40A1-8932-64A566FBB4DA
 Start: ComputeVolumeCharacteristics
 End:   ComputeVolumeCharacteristics; Timer: cpu0=0.000 wall=0.004 
 Start: GetValueOnFacets
 End:   GetValueOnFacets; Timer: cpu0=0.172 wall=0.050 
21.06.26 03:44:59    *SEND* for CIntegralCharsLayer, GUID=4E090A0C-544B-E4A2-4242-BEC451D7CD2B
21.06.26 03:44:59    *SEND* for CIntegralCharsLayer, GUID=927DEDC8-AF71-7A31-D608-FB7EA635069E
21.06.26 03:44:59    *SEND* for CIntegralCharsLayer, GUID=7EF96C33-7880-7A39-F672-8DCB17098C5C
 End:   ===== Processing Layers =====; Timer: cpu0=0.359 wall=0.101 

21.06.26 03:44:59  ===== New Time Step =====, Iter number =  42
 Start: TimeServis
 End:   TimeServis; Timer: cpu0=0.516 wall=0.045 
 Start: User modules' functions BeforeTimeStep() are calling
 End:   User modules' functions BeforeTimeStep() are calling; Timer: cpu0=0.000 wall=0.002 
 Start: Adaptation, TotalRealCellsCount= 107172 
 End:   Adaptation; Timer: cpu0=0.000 wall=0.005 
 Start: Initialize data arrays on chips
 End:   Initialize data arrays on chips, res= 0; Timer: cpu0=0.000 wall=0.003 
  ***** Maximum Geometrical Gauss = 2.31353e-14, cell= 690:6:6:6:0
  ***** Maximum MovingSurf  Gauss = 0, cell= 
 Start: Initialize data arrays on chips
 End:   Initialize data arrays on chips, res= 0; Timer: cpu0=0.000 wall=0.003 
 Start: TimeServis
 End:   TimeServis; Timer: cpu0=0.516 wall=0.051 
 Start: FindEnclaves
 End:   FindEnclaves; Timer: cpu0=0.266 wall=0.107 
 Start: VarValueService
 End:   VarValueService; Timer: cpu0=0.000 wall=0.001 
 Start: SolvePhaseEquation 
 End:   SolvePhaseEquation ; Timer: cpu0=19.141 wall=2.267 
 Start: SolidFiltersProcess: calculate forces and moments
 End:   SolidFiltersProcess: calculate forces and moments; Timer: cpu0=0.000 wall=0.002 
 Start: PrepareDataForNextStep
 End:   PrepareDataForNextStep; Timer: cpu0=0.266 wall=0.057 
 Start: VarValueService
 End:   VarValueService; Timer: cpu0=0.000 wall=0.002 
 Start: UpdateStopperData
 End:   UpdateStopperData; Timer: cpu0=0.000 wall=0.000 
 Start: Saving text status in E:\UniFlight\flow\Land_fv\data\Land.status
 End:   Saving text status in E:\UniFlight\flow\Land_fv\data\Land.status; Timer: cpu0=0.000 wall=0.002 
 End:   ===== Time Step =====, Iter number =  42; Timer: cpu0=21.203 wall=2.615 

21.06.26 03:45:02  ===== Processing Layers =====
21.06.26 03:45:02    *SEND* for CScalarLayer, GUID=0E21CAB5-1866-4124-A2B3-DEC499FA58E6
 Start: ComputeVolumeCharacteristics
 End:   ComputeVolumeCharacteristics; Timer: cpu0=0.141 wall=0.005 
 Start: GetValueOnFacets
 End:   GetValueOnFacets; Timer: cpu0=0.172 wall=0.014 
21.06.26 03:45:02    *SEND* for CScalarLayer, GUID=A3659819-C06E-40A1-8932-64A566FBB4DA
 Start: ComputeVolumeCharacteristics
 End:   ComputeVolumeCharacteristics; Timer: cpu0=0.172 wall=0.004 
 Start: GetValueOnFacets
 End:   GetValueOnFacets; Timer: cpu0=0.188 wall=0.049 
21.06.26 03:45:02    *SEND* for CIntegralCharsLayer, GUID=4E090A0C-544B-E4A2-4242-BEC451D7CD2B
21.06.26 03:45:02    *SEND* for CIntegralCharsLayer, GUID=927DEDC8-AF71-7A31-D608-FB7EA635069E
21.06.26 03:45:02    *SEND* for CIntegralCharsLayer, GUID=7EF96C33-7880-7A39-F672-8DCB17098C5C
 End:   ===== Processing Layers =====; Timer: cpu0=0.672 wall=0.101 

21.06.26 03:45:02  ===== New Time Step =====, Iter number =  43
 Start: TimeServis
 End:   TimeServis; Timer: cpu0=0.516 wall=0.044 
 Start: User modules' functions BeforeTimeStep() are calling
 End:   User modules' functions BeforeTimeStep() are calling; Timer: cpu0=0.000 wall=0.001 
 Start: Adaptation, TotalRealCellsCount= 107172 
 End:   Adaptation; Timer: cpu0=0.141 wall=0.005 
 Start: Initialize data arrays on chips
 End:   Initialize data arrays on chips, res= 0; Timer: cpu0=0.000 wall=0.003 
  ***** Maximum Geometrical Gauss = 2.31353e-14, cell= 690:6:6:6:0
  ***** Maximum MovingSurf  Gauss = 0, cell= 
 Start: Initialize data arrays on chips
 End:   Initialize data arrays on chips, res= 0; Timer: cpu0=0.000 wall=0.002 
 Start: TimeServis
 End:   TimeServis; Timer: cpu0=0.516 wall=0.051 
 Start: FindEnclaves
 End:   FindEnclaves; Timer: cpu0=0.094 wall=0.096 
 Start: VarValueService
 End:   VarValueService; Timer: cpu0=0.000 wall=0.001 
 Start: SolvePhaseEquation 
 End:   SolvePhaseEquation ; Timer: cpu0=18.078 wall=2.206 
 Start: SolidFiltersProcess: calculate forces and moments
 End:   SolidFiltersProcess: calculate forces and moments; Timer: cpu0=0.000 wall=0.002 
 Start: PrepareDataForNextStep
 End:   PrepareDataForNextStep; Timer: cpu0=0.438 wall=0.069 
 Start: VarValueService
 End:   VarValueService; Timer: cpu0=0.172 wall=0.002 
 Start: UpdateStopperData
 End:   UpdateStopperData; Timer: cpu0=0.000 wall=0.001 
 Start: Saving text status in E:\UniFlight\flow\Land_fv\data\Land.status
 End:   Saving text status in E:\UniFlight\flow\Land_fv\data\Land.status; Timer: cpu0=0.000 wall=0.003 
 End:   ===== Time Step =====, Iter number =  43; Timer: cpu0=20.297 wall=2.550 

21.06.26 03:45:05  ===== Processing Layers =====
21.06.26 03:45:05    *SEND* for CScalarLayer, GUID=0E21CAB5-1866-4124-A2B3-DEC499FA58E6
 Start: ComputeVolumeCharacteristics
 End:   ComputeVolumeCharacteristics; Timer: cpu0=0.000 wall=0.004 
 Start: GetValueOnFacets
 End:   GetValueOnFacets; Timer: cpu0=0.016 wall=0.013 
21.06.26 03:45:05    *SEND* for CScalarLayer, GUID=A3659819-C06E-40A1-8932-64A566FBB4DA
 Start: ComputeVolumeCharacteristics
 End:   ComputeVolumeCharacteristics; Timer: cpu0=0.000 wall=0.004 
 Start: GetValueOnFacets
 End:   GetValueOnFacets; Timer: cpu0=0.203 wall=0.054 
21.06.26 03:45:05    *SEND* for CIntegralCharsLayer, GUID=4E090A0C-544B-E4A2-4242-BEC451D7CD2B
21.06.26 03:45:05    *SEND* for CIntegralCharsLayer, GUID=927DEDC8-AF71-7A31-D608-FB7EA635069E
21.06.26 03:45:05    *SEND* for CIntegralCharsLayer, GUID=7EF96C33-7880-7A39-F672-8DCB17098C5C
 End:   ===== Processing Layers =====; Timer: cpu0=0.391 wall=0.104 

21.06.26 03:45:05  ===== New Time Step =====, Iter number =  44
 Start: TimeServis
 End:   TimeServis; Timer: cpu0=0.516 wall=0.040 
 Start: User modules' functions BeforeTimeStep() are calling
 End:   User modules' functions BeforeTimeStep() are calling; Timer: cpu0=0.000 wall=0.001 
 Start: Adaptation, TotalRealCellsCount= 107172 
 End:   Adaptation; Timer: cpu0=0.000 wall=0.005 
 Start: Initialize data arrays on chips
 End:   Initialize data arrays on chips, res= 0; Timer: cpu0=0.000 wall=0.001 
  ***** Maximum Geometrical Gauss = 2.31353e-14, cell= 690:6:6:6:0
  ***** Maximum MovingSurf  Gauss = 0, cell= 
 Start: Initialize data arrays on chips
 End:   Initialize data arrays on chips, res= 0; Timer: cpu0=0.172 wall=0.002 
 Start: TimeServis
 End:   TimeServis; Timer: cpu0=0.516 wall=0.047 
 Start: FindEnclaves
 End:   FindEnclaves; Timer: cpu0=0.094 wall=0.105 
 Start: VarValueService
 End:   VarValueService; Timer: cpu0=0.000 wall=0.001 
 Start: SolvePhaseEquation 
 End:   SolvePhaseEquation ; Timer: cpu0=18.875 wall=2.190 
 Start: SolidFiltersProcess: calculate forces and moments
 End:   SolidFiltersProcess: calculate forces and moments; Timer: cpu0=0.000 wall=0.002 
 Start: PrepareDataForNextStep
 End:   PrepareDataForNextStep; Timer: cpu0=0.594 wall=0.059 
 Start: VarValueService
 End:   VarValueService; Timer: cpu0=0.000 wall=0.001 
 Start: UpdateStopperData
 End:   UpdateStopperData; Timer: cpu0=0.000 wall=0.001 
 Start: Saving text status in E:\UniFlight\flow\Land_fv\data\Land.status
 End:   Saving text status in E:\UniFlight\flow\Land_fv\data\Land.status; Timer: cpu0=0.000 wall=0.003 
 End:   ===== Time Step =====, Iter number =  44; Timer: cpu0=20.938 wall=2.526 

21.06.26 03:45:08  ===== Processing Layers =====
21.06.26 03:45:08    *SEND* for CScalarLayer, GUID=0E21CAB5-1866-4124-A2B3-DEC499FA58E6
 Start: ComputeVolumeCharacteristics
 End:   ComputeVolumeCharacteristics; Timer: cpu0=0.000 wall=0.005 
 Start: GetValueOnFacets
 End:   GetValueOnFacets; Timer: cpu0=0.016 wall=0.014 
21.06.26 03:45:08    *SEND* for CScalarLayer, GUID=A3659819-C06E-40A1-8932-64A566FBB4DA
 Start: ComputeVolumeCharacteristics
 End:   ComputeVolumeCharacteristics; Timer: cpu0=0.000 wall=0.005 
 Start: GetValueOnFacets
 End:   GetValueOnFacets; Timer: cpu0=0.219 wall=0.055 
21.06.26 03:45:08    *SEND* for CIntegralCharsLayer, GUID=4E090A0C-544B-E4A2-4242-BEC451D7CD2B
21.06.26 03:45:08    *SEND* for CIntegralCharsLayer, GUID=927DEDC8-AF71-7A31-D608-FB7EA635069E
21.06.26 03:45:08    *SEND* for CIntegralCharsLayer, GUID=7EF96C33-7880-7A39-F672-8DCB17098C5C
 End:   ===== Processing Layers =====; Timer: cpu0=0.578 wall=0.112 

21.06.26 03:45:08  ===== New Time Step =====, Iter number =  45
 Start: TimeServis
 End:   TimeServis; Timer: cpu0=0.516 wall=0.040 
 Start: User modules' functions BeforeTimeStep() are calling
 End:   User modules' functions BeforeTimeStep() are calling; Timer: cpu0=0.000 wall=0.002 
 Start: Adaptation, TotalRealCellsCount= 107172 
 End:   Adaptation; Timer: cpu0=0.000 wall=0.005 
 Start: Initialize data arrays on chips
 End:   Initialize data arrays on chips, res= 0; Timer: cpu0=0.000 wall=0.003 
  ***** Maximum Geometrical Gauss = 2.31353e-14, cell= 690:6:6:6:0
  ***** Maximum MovingSurf  Gauss = 0, cell= 
 Start: Initialize data arrays on chips
 End:   Initialize data arrays on chips, res= 0; Timer: cpu0=0.000 wall=0.002 
 Start: TimeServis
 End:   TimeServis; Timer: cpu0=0.641 wall=0.055 
 Start: FindEnclaves
 End:   FindEnclaves; Timer: cpu0=0.109 wall=0.104 
 Start: VarValueService
 End:   VarValueService; Timer: cpu0=0.000 wall=0.001 
 Start: SolvePhaseEquation 
 End:   SolvePhaseEquation ; Timer: cpu0=18.266 wall=2.165 
 Start: SolidFiltersProcess: calculate forces and moments
 End:   SolidFiltersProcess: calculate forces and moments; Timer: cpu0=0.000 wall=0.002 
 Start: PrepareDataForNextStep
 End:   PrepareDataForNextStep; Timer: cpu0=0.578 wall=0.063 
 Start: VarValueService
 End:   VarValueService; Timer: cpu0=0.000 wall=0.001 
 Start: UpdateStopperData
 End:   UpdateStopperData; Timer: cpu0=0.000 wall=0.001 
 Start: Saving text status in E:\UniFlight\flow\Land_fv\data\Land.status
 End:   Saving text status in E:\UniFlight\flow\Land_fv\data\Land.status; Timer: cpu0=0.000 wall=0.003 
 End:   ===== Time Step =====, Iter number =  45; Timer: cpu0=20.391 wall=2.515 

21.06.26 03:45:11  ===== Processing Layers =====
21.06.26 03:45:11    *SEND* for CScalarLayer, GUID=0E21CAB5-1866-4124-A2B3-DEC499FA58E6
 Start: ComputeVolumeCharacteristics
 End:   ComputeVolumeCharacteristics; Timer: cpu0=0.156 wall=0.005 
 Start: GetValueOnFacets
 End:   GetValueOnFacets; Timer: cpu0=0.172 wall=0.016 
21.06.26 03:45:11    *SEND* for CScalarLayer, GUID=A3659819-C06E-40A1-8932-64A566FBB4DA
 Start: ComputeVolumeCharacteristics
 End:   ComputeVolumeCharacteristics; Timer: cpu0=0.000 wall=0.004 
 Start: GetValueOnFacets
 End:   GetValueOnFacets; Timer: cpu0=0.062 wall=0.057 
21.06.26 03:45:11    *SEND* for CIntegralCharsLayer, GUID=4E090A0C-544B-E4A2-4242-BEC451D7CD2B
21.06.26 03:45:11    *SEND* for CIntegralCharsLayer, GUID=927DEDC8-AF71-7A31-D608-FB7EA635069E
21.06.26 03:45:11    *SEND* for CIntegralCharsLayer, GUID=7EF96C33-7880-7A39-F672-8DCB17098C5C
 End:   ===== Processing Layers =====; Timer: cpu0=0.391 wall=0.115 

21.06.26 03:45:11  ===== New Time Step =====, Iter number =  46
 Start: TimeServis
 End:   TimeServis; Timer: cpu0=0.344 wall=0.038 
 Start: User modules' functions BeforeTimeStep() are calling
 End:   User modules' functions BeforeTimeStep() are calling; Timer: cpu0=0.000 wall=0.003 
 Start: Adaptation, TotalRealCellsCount= 107172 
 End:   Adaptation; Timer: cpu0=0.000 wall=0.005 
 Start: Initialize data arrays on chips
 End:   Initialize data arrays on chips, res= 0; Timer: cpu0=0.000 wall=0.002 
  ***** Maximum Geometrical Gauss = 2.31353e-14, cell= 690:6:6:6:0
  ***** Maximum MovingSurf  Gauss = 0, cell= 
 Start: Initialize data arrays on chips
 End:   Initialize data arrays on chips, res= 0; Timer: cpu0=0.000 wall=0.002 
 Start: TimeServis
 End:   TimeServis; Timer: cpu0=0.578 wall=0.057 
 Start: FindEnclaves
 End:   FindEnclaves; Timer: cpu0=0.094 wall=0.090 
 Start: VarValueService
 End:   VarValueService; Timer: cpu0=0.000 wall=0.002 
 Start: SolvePhaseEquation 
 End:   SolvePhaseEquation ; Timer: cpu0=18.453 wall=2.167 
 Start: SolidFiltersProcess: calculate forces and moments
 End:   SolidFiltersProcess: calculate forces and moments; Timer: cpu0=0.000 wall=0.002 
 Start: PrepareDataForNextStep
 End:   PrepareDataForNextStep; Timer: cpu0=0.688 wall=0.059 
 Start: VarValueService
 End:   VarValueService; Timer: cpu0=0.000 wall=0.002 
 Start: UpdateStopperData
 End:   UpdateStopperData; Timer: cpu0=0.000 wall=0.001 
 Start: Saving text status in E:\UniFlight\flow\Land_fv\data\Land.status
 End:   Saving text status in E:\UniFlight\flow\Land_fv\data\Land.status; Timer: cpu0=0.000 wall=0.002 
 End:   ===== Time Step =====, Iter number =  46; Timer: cpu0=20.500 wall=2.499 

21.06.26 03:45:14  ===== Processing Layers =====
21.06.26 03:45:14    *SEND* for CScalarLayer, GUID=0E21CAB5-1866-4124-A2B3-DEC499FA58E6
 Start: ComputeVolumeCharacteristics
 End:   ComputeVolumeCharacteristics; Timer: cpu0=0.000 wall=0.005 
 Start: GetValueOnFacets
 End:   GetValueOnFacets; Timer: cpu0=0.016 wall=0.015 
21.06.26 03:45:14    *SEND* for CScalarLayer, GUID=A3659819-C06E-40A1-8932-64A566FBB4DA
 Start: ComputeVolumeCharacteristics
 End:   ComputeVolumeCharacteristics; Timer: cpu0=0.000 wall=0.004 
 Start: GetValueOnFacets
 End:   GetValueOnFacets; Timer: cpu0=0.062 wall=0.055 
21.06.26 03:45:14    *SEND* for CIntegralCharsLayer, GUID=4E090A0C-544B-E4A2-4242-BEC451D7CD2B
21.06.26 03:45:14    *SEND* for CIntegralCharsLayer, GUID=927DEDC8-AF71-7A31-D608-FB7EA635069E
21.06.26 03:45:14    *SEND* for CIntegralCharsLayer, GUID=7EF96C33-7880-7A39-F672-8DCB17098C5C
 End:   ===== Processing Layers =====; Timer: cpu0=0.141 wall=0.110 

21.06.26 03:45:14  ===== New Time Step =====, Iter number =  47
 Start: TimeServis
 End:   TimeServis; Timer: cpu0=0.516 wall=0.042 
 Start: User modules' functions BeforeTimeStep() are calling
 End:   User modules' functions BeforeTimeStep() are calling; Timer: cpu0=0.000 wall=0.001 
 Start: Adaptation, TotalRealCellsCount= 107172 
 End:   Adaptation; Timer: cpu0=0.000 wall=0.005 
 Start: Initialize data arrays on chips
 End:   Initialize data arrays on chips, res= 0; Timer: cpu0=0.000 wall=0.002 
  ***** Maximum Geometrical Gauss = 2.31353e-14, cell= 690:6:6:6:0
  ***** Maximum MovingSurf  Gauss = 0, cell= 
 Start: Initialize data arrays on chips
 End:   Initialize data arrays on chips, res= 0; Timer: cpu0=0.000 wall=0.002 
 Start: TimeServis
 End:   TimeServis; Timer: cpu0=0.516 wall=0.058 
 Start: FindEnclaves
 End:   FindEnclaves; Timer: cpu0=0.062 wall=0.092 
 Start: VarValueService
 End:   VarValueService; Timer: cpu0=0.000 wall=0.001 
 Start: SolvePhaseEquation 
 End:   SolvePhaseEquation ; Timer: cpu0=18.281 wall=2.205 
 Start: SolidFiltersProcess: calculate forces and moments
 End:   SolidFiltersProcess: calculate forces and moments; Timer: cpu0=0.000 wall=0.002 
 Start: PrepareDataForNextStep
 End:   PrepareDataForNextStep; Timer: cpu0=0.578 wall=0.061 
 Start: VarValueService
 End:   VarValueService; Timer: cpu0=0.000 wall=0.001 
 Start: UpdateStopperData
 End:   UpdateStopperData; Timer: cpu0=0.000 wall=0.001 
 Start: Saving text status in E:\UniFlight\flow\Land_fv\data\Land.status
 End:   Saving text status in E:\UniFlight\flow\Land_fv\data\Land.status; Timer: cpu0=0.000 wall=0.002 
 End:   ===== Time Step =====, Iter number =  47; Timer: cpu0=20.359 wall=2.543 

21.06.26 03:45:16  ===== Processing Layers =====
21.06.26 03:45:16    *SEND* for CScalarLayer, GUID=0E21CAB5-1866-4124-A2B3-DEC499FA58E6
 Start: ComputeVolumeCharacteristics
 End:   ComputeVolumeCharacteristics; Timer: cpu0=0.000 wall=0.004 
 Start: GetValueOnFacets
 End:   GetValueOnFacets; Timer: cpu0=0.172 wall=0.013 
21.06.26 03:45:17    *SEND* for CScalarLayer, GUID=A3659819-C06E-40A1-8932-64A566FBB4DA
 Start: ComputeVolumeCharacteristics
 End:   ComputeVolumeCharacteristics; Timer: cpu0=0.172 wall=0.004 
 Start: GetValueOnFacets
 End:   GetValueOnFacets; Timer: cpu0=0.172 wall=0.050 
21.06.26 03:45:17    *SEND* for CIntegralCharsLayer, GUID=4E090A0C-544B-E4A2-4242-BEC451D7CD2B
21.06.26 03:45:17    *SEND* for CIntegralCharsLayer, GUID=927DEDC8-AF71-7A31-D608-FB7EA635069E
21.06.26 03:45:17    *SEND* for CIntegralCharsLayer, GUID=7EF96C33-7880-7A39-F672-8DCB17098C5C
 End:   ===== Processing Layers =====; Timer: cpu0=0.562 wall=0.101 

21.06.26 03:45:17  ===== New Time Step =====, Iter number =  48
 Start: TimeServis
 End:   TimeServis; Timer: cpu0=0.516 wall=0.042 
 Start: User modules' functions BeforeTimeStep() are calling
 End:   User modules' functions BeforeTimeStep() are calling; Timer: cpu0=0.000 wall=0.001 
 Start: Adaptation, TotalRealCellsCount= 107172 
 End:   Adaptation; Timer: cpu0=0.016 wall=0.004 
 Start: Initialize data arrays on chips
 End:   Initialize data arrays on chips, res= 0; Timer: cpu0=0.000 wall=0.002 
  ***** Maximum Geometrical Gauss = 2.31353e-14, cell= 690:6:6:6:0
  ***** Maximum MovingSurf  Gauss = 0, cell= 
 Start: Initialize data arrays on chips
 End:   Initialize data arrays on chips, res= 0; Timer: cpu0=0.000 wall=0.002 
 Start: TimeServis
 End:   TimeServis; Timer: cpu0=0.484 wall=0.047 
 Start: FindEnclaves
 End:   FindEnclaves; Timer: cpu0=0.250 wall=0.091 
 Start: VarValueService
 End:   VarValueService; Timer: cpu0=0.000 wall=0.001 
 Start: SolvePhaseEquation 
 End:   SolvePhaseEquation ; Timer: cpu0=19.016 wall=2.177 
 Start: SolidFiltersProcess: calculate forces and moments
 End:   SolidFiltersProcess: calculate forces and moments; Timer: cpu0=0.000 wall=0.002 
 Start: PrepareDataForNextStep
 End:   PrepareDataForNextStep; Timer: cpu0=0.688 wall=0.060 
 Start: VarValueService
 End:   VarValueService; Timer: cpu0=0.000 wall=0.001 
 Start: UpdateStopperData
 End:   UpdateStopperData; Timer: cpu0=0.000 wall=0.001 
 Start: Saving text status in E:\UniFlight\flow\Land_fv\data\Land.status
 End:   Saving text status in E:\UniFlight\flow\Land_fv\data\Land.status; Timer: cpu0=0.000 wall=0.002 
 End:   ===== Time Step =====, Iter number =  48; Timer: cpu0=21.141 wall=2.498 

21.06.26 03:45:19  ===== Processing Layers =====
21.06.26 03:45:19    *SEND* for CScalarLayer, GUID=0E21CAB5-1866-4124-A2B3-DEC499FA58E6
 Start: ComputeVolumeCharacteristics
 End:   ComputeVolumeCharacteristics; Timer: cpu0=0.172 wall=0.005 
 Start: GetValueOnFacets
 End:   GetValueOnFacets; Timer: cpu0=0.172 wall=0.015 
21.06.26 03:45:19    *SEND* for CScalarLayer, GUID=A3659819-C06E-40A1-8932-64A566FBB4DA
 Start: ComputeVolumeCharacteristics
 End:   ComputeVolumeCharacteristics; Timer: cpu0=0.016 wall=0.005 
 Start: GetValueOnFacets
 End:   GetValueOnFacets; Timer: cpu0=0.062 wall=0.060 
21.06.26 03:45:19    *SEND* for CIntegralCharsLayer, GUID=4E090A0C-544B-E4A2-4242-BEC451D7CD2B
21.06.26 03:45:19    *SEND* for CIntegralCharsLayer, GUID=927DEDC8-AF71-7A31-D608-FB7EA635069E
21.06.26 03:45:19    *SEND* for CIntegralCharsLayer, GUID=7EF96C33-7880-7A39-F672-8DCB17098C5C
 End:   ===== Processing Layers =====; Timer: cpu0=0.422 wall=0.116 

21.06.26 03:45:19  ===== New Time Step =====, Iter number =  49
 Start: TimeServis
 End:   TimeServis; Timer: cpu0=0.281 wall=0.039 
 Start: User modules' functions BeforeTimeStep() are calling
 End:   User modules' functions BeforeTimeStep() are calling; Timer: cpu0=0.000 wall=0.002 
 Start: Adaptation, TotalRealCellsCount= 107172 
 End:   Adaptation; Timer: cpu0=0.000 wall=0.005 
 Start: Initialize data arrays on chips
 End:   Initialize data arrays on chips, res= 0; Timer: cpu0=0.000 wall=0.002 
  ***** Maximum Geometrical Gauss = 2.31353e-14, cell= 690:6:6:6:0
  ***** Maximum MovingSurf  Gauss = 0, cell= 
 Start: Initialize data arrays on chips
 End:   Initialize data arrays on chips, res= 0; Timer: cpu0=0.000 wall=0.002 
 Start: TimeServis
 End:   TimeServis; Timer: cpu0=0.500 wall=0.058 
 Start: FindEnclaves
 End:   FindEnclaves; Timer: cpu0=0.062 wall=0.090 
 Start: VarValueService
 End:   VarValueService; Timer: cpu0=0.000 wall=0.001 
 Start: SolvePhaseEquation 
 End:   SolvePhaseEquation ; Timer: cpu0=18.609 wall=2.226 
 Start: SolidFiltersProcess: calculate forces and moments
 End:   SolidFiltersProcess: calculate forces and moments; Timer: cpu0=0.000 wall=0.002 
 Start: PrepareDataForNextStep
 End:   PrepareDataForNextStep; Timer: cpu0=0.203 wall=0.058 
 Start: VarValueService
 End:   VarValueService; Timer: cpu0=0.000 wall=0.002 
 Start: UpdateStopperData
 End:   UpdateStopperData; Timer: cpu0=0.000 wall=0.001 
 Start: Saving text status in E:\UniFlight\flow\Land_fv\data\Land.status
 End:   Saving text status in E:\UniFlight\flow\Land_fv\data\Land.status; Timer: cpu0=0.000 wall=0.002 
 End:   ===== Time Step =====, Iter number =  49; Timer: cpu0=20.125 wall=2.553 

 Start: Saving values
 End:   Saving values, res= 0; Timer: cpu0=0.953 wall=0.115 
 Start: Saving grid
 End:   Saving grid, res= 0; Timer: cpu0=0.953 wall=0.102 
 Start: Saving grid index
 End:   Saving grid index, res= 0; Timer: cpu0=0.000 wall=0.002 
21.06.26 03:45:23  ===== Processing Layers =====
21.06.26 03:45:23    *SEND* for CScalarLayer, GUID=0E21CAB5-1866-4124-A2B3-DEC499FA58E6
 Start: ComputeVolumeCharacteristics
 End:   ComputeVolumeCharacteristics; Timer: cpu0=0.000 wall=0.005 
 Start: GetValueOnFacets
 End:   GetValueOnFacets; Timer: cpu0=0.172 wall=0.013 
21.06.26 03:45:23    *SEND* for CScalarLayer, GUID=A3659819-C06E-40A1-8932-64A566FBB4DA
 Start: ComputeVolumeCharacteristics
 End:   ComputeVolumeCharacteristics; Timer: cpu0=0.000 wall=0.003 
 Start: GetValueOnFacets
 End:   GetValueOnFacets; Timer: cpu0=0.203 wall=0.046 
21.06.26 03:45:23    *SEND* for CIntegralCharsLayer, GUID=4E090A0C-544B-E4A2-4242-BEC451D7CD2B
21.06.26 03:45:23    *SEND* for CIntegralCharsLayer, GUID=927DEDC8-AF71-7A31-D608-FB7EA635069E
21.06.26 03:45:23    *SEND* for CIntegralCharsLayer, GUID=7EF96C33-7880-7A39-F672-8DCB17098C5C
 End:   ===== Processing Layers =====; Timer: cpu0=0.375 wall=0.095 

21.06.26 03:45:23  ===== New Time Step =====, Iter number =  50
 Start: TimeServis
 End:   TimeServis; Timer: cpu0=0.344 wall=0.044 
 Start: User modules' functions BeforeTimeStep() are calling
 End:   User modules' functions BeforeTimeStep() are calling; Timer: cpu0=0.016 wall=0.001 
 Start: Adaptation, TotalRealCellsCount= 107172 
 End:   Adaptation; Timer: cpu0=7.141 wall=0.947 
 Start: DistributeGridOnProcessors
 End:   DistributeGridOnProcessors, res= 0; Timer: cpu0=0.766 wall=0.212 
 Start: SetNeiHyperCells
 End:   SetNeiHyperCells, res= 0; Timer: cpu0=0.000 wall=0.007 
 Start: BuildFacetDistribution
 End:   BuildFacetDistribution; Timer: cpu0=0.000 wall=0.001 
 Start: Initialize data arrays on chips
 End:   Initialize data arrays on chips, res= 0; Timer: cpu0=0.000 wall=0.002 
  ***** Maximum Geometrical Gauss = 2.31353e-14, cell= 690:6:6:6:0
  ***** Maximum MovingSurf  Gauss = 1.14961e-13, cell= 797:7:2:7:0
 Start: Remove Small Cells
 End:   Remove Small Cells; Timer: cpu0=0.172 wall=0.021 
 Start: Initialize data arrays on chips
 End:   Initialize data arrays on chips, res= 0; Timer: cpu0=0.000 wall=0.002 
  ***** Maximum Geometrical Gauss = 2.31353e-14, cell= 690:6:6:6:0
  ***** Maximum MovingSurf  Gauss = 1.14961e-13, cell= 797:7:2:7:0
 Start: Initialize data arrays on chips
 End:   Initialize data arrays on chips, res= 0; Timer: cpu0=0.000 wall=0.003 
 Start: Modify Chip Data
 End:   Modify Chip Data; Timer: cpu0=0.344 wall=0.043 
 Start: TimeServis
 End:   TimeServis; Timer: cpu0=0.516 wall=0.053 
 Start: FindEnclaves
 End:   FindEnclaves; Timer: cpu0=0.094 wall=0.105 
 Start: VarValueService
 End:   VarValueService; Timer: cpu0=0.000 wall=0.001 
 Start: SolvePhaseEquation 
 End:   SolvePhaseEquation ; Timer: cpu0=19.250 wall=2.245 
 Start: SolidFiltersProcess: calculate forces and moments
 End:   SolidFiltersProcess: calculate forces and moments; Timer: cpu0=0.000 wall=0.002 
 Start: PrepareDataForNextStep
 End:   PrepareDataForNextStep; Timer: cpu0=0.297 wall=0.063 
 Start: VarValueService
 End:   VarValueService; Timer: cpu0=0.000 wall=0.001 
 Start: UpdateStopperData
 End:   UpdateStopperData; Timer: cpu0=0.000 wall=0.001 
 Start: Saving text status in E:\UniFlight\flow\Land_fv\data\Land.status
 End:   Saving text status in E:\UniFlight\flow\Land_fv\data\Land.status; Timer: cpu0=0.000 wall=0.003 
 End:   ===== Time Step =====, Iter number =  50; Timer: cpu0=29.625 wall=3.849 

21.06.26 03:45:27  ===== Processing Layers =====
21.06.26 03:45:27    *SEND* for CScalarLayer, GUID=0E21CAB5-1866-4124-A2B3-DEC499FA58E6
 Start: ComputeVolumeCharacteristics
 End:   ComputeVolumeCharacteristics; Timer: cpu0=0.172 wall=0.005 
 Start: GetValueOnFacets
 End:   GetValueOnFacets; Timer: cpu0=0.172 wall=0.014 
21.06.26 03:45:27    *SEND* for CScalarLayer, GUID=A3659819-C06E-40A1-8932-64A566FBB4DA
 Start: ComputeVolumeCharacteristics
 End:   ComputeVolumeCharacteristics; Timer: cpu0=0.172 wall=0.005 
 Start: GetValueOnFacets
 End:   GetValueOnFacets; Timer: cpu0=0.062 wall=0.060 
21.06.26 03:45:27    *SEND* for CIntegralCharsLayer, GUID=4E090A0C-544B-E4A2-4242-BEC451D7CD2B
21.06.26 03:45:27    *SEND* for CIntegralCharsLayer, GUID=927DEDC8-AF71-7A31-D608-FB7EA635069E
21.06.26 03:45:27    *SEND* for CIntegralCharsLayer, GUID=7EF96C33-7880-7A39-F672-8DCB17098C5C
 End:   ===== Processing Layers =====; Timer: cpu0=0.578 wall=0.116 

21.06.26 03:45:27  ===== New Time Step =====, Iter number =  51
 Start: TimeServis
 End:   TimeServis; Timer: cpu0=0.344 wall=0.041 
 Start: User modules' functions BeforeTimeStep() are calling
 End:   User modules' functions BeforeTimeStep() are calling; Timer: cpu0=0.000 wall=0.003 
 Start: Adaptation, TotalRealCellsCount= 107025 
 End:   Adaptation; Timer: cpu0=6.625 wall=0.833 
 Start: DistributeGridOnProcessors
 End:   DistributeGridOnProcessors, res= 0; Timer: cpu0=0.891 wall=0.198 
 Start: SetNeiHyperCells
 End:   SetNeiHyperCells, res= 0; Timer: cpu0=0.047 wall=0.007 
 Start: BuildFacetDistribution
 End:   BuildFacetDistribution; Timer: cpu0=0.000 wall=0.002 
 Start: Initialize data arrays on chips
 End:   Initialize data arrays on chips, res= 0; Timer: cpu0=0.000 wall=0.002 
  ***** Maximum Geometrical Gauss = 2.31353e-14, cell= 690:6:6:6:0
  ***** Maximum MovingSurf  Gauss = 1.14961e-13, cell= 797:7:2:0
 Start: Remove Small Cells
 End:   Remove Small Cells; Timer: cpu0=0.016 wall=0.022 
 Start: Initialize data arrays on chips
 End:   Initialize data arrays on chips, res= 0; Timer: cpu0=0.000 wall=0.002 
  ***** Maximum Geometrical Gauss = 2.31353e-14, cell= 690:6:6:6:0
  ***** Maximum MovingSurf  Gauss = 1.14961e-13, cell= 797:7:2:0
 Start: Initialize data arrays on chips
 End:   Initialize data arrays on chips, res= 0; Timer: cpu0=0.000 wall=0.002 
 Start: Modify Chip Data
 End:   Modify Chip Data; Timer: cpu0=0.344 wall=0.036 
 Start: TimeServis
 End:   TimeServis; Timer: cpu0=0.391 wall=0.046 
 Start: FindEnclaves
 End:   FindEnclaves; Timer: cpu0=0.094 wall=0.092 
 Start: VarValueService
 End:   VarValueService; Timer: cpu0=0.000 wall=0.002 
 Start: SolvePhaseEquation 
 End:   SolvePhaseEquation ; Timer: cpu0=15.812 wall=1.952 
 Start: SolidFiltersProcess: calculate forces and moments
 End:   SolidFiltersProcess: calculate forces and moments; Timer: cpu0=0.062 wall=0.002 
 Start: PrepareDataForNextStep
 End:   PrepareDataForNextStep; Timer: cpu0=0.234 wall=0.063 
 Start: VarValueService
 End:   VarValueService; Timer: cpu0=0.000 wall=0.002 
 Start: UpdateStopperData
 End:   UpdateStopperData; Timer: cpu0=0.000 wall=0.002 
 Start: Saving text status in E:\UniFlight\flow\Land_fv\data\Land.status
 End:   Saving text status in E:\UniFlight\flow\Land_fv\data\Land.status; Timer: cpu0=0.000 wall=0.002 
 End:   ===== Time Step =====, Iter number =  51; Timer: cpu0=25.391 wall=3.405 

21.06.26 03:45:31  ===== Processing Layers =====
21.06.26 03:45:31    *SEND* for CScalarLayer, GUID=0E21CAB5-1866-4124-A2B3-DEC499FA58E6
 Start: ComputeVolumeCharacteristics
 End:   ComputeVolumeCharacteristics; Timer: cpu0=0.000 wall=0.005 
 Start: GetValueOnFacets
 End:   GetValueOnFacets; Timer: cpu0=0.016 wall=0.015 
21.06.26 03:45:31    *SEND* for CScalarLayer, GUID=A3659819-C06E-40A1-8932-64A566FBB4DA
 Start: ComputeVolumeCharacteristics
 End:   ComputeVolumeCharacteristics; Timer: cpu0=0.000 wall=0.006 
 Start: GetValueOnFacets
 End:   GetValueOnFacets; Timer: cpu0=0.078 wall=0.054 
21.06.26 03:45:31    *SEND* for CIntegralCharsLayer, GUID=4E090A0C-544B-E4A2-4242-BEC451D7CD2B
21.06.26 03:45:31    *SEND* for CIntegralCharsLayer, GUID=927DEDC8-AF71-7A31-D608-FB7EA635069E
21.06.26 03:45:31    *SEND* for CIntegralCharsLayer, GUID=7EF96C33-7880-7A39-F672-8DCB17098C5C
 End:   ===== Processing Layers =====; Timer: cpu0=0.094 wall=0.109 

21.06.26 03:45:31  ===== New Time Step =====, Iter number =  52
 Start: TimeServis
 End:   TimeServis; Timer: cpu0=0.234 wall=0.036 
 Start: User modules' functions BeforeTimeStep() are calling
 End:   User modules' functions BeforeTimeStep() are calling; Timer: cpu0=0.000 wall=0.002 
 Start: Adaptation, TotalRealCellsCount= 96063 
 End:   Adaptation; Timer: cpu0=0.000 wall=0.004 
 Start: Initialize data arrays on chips
 End:   Initialize data arrays on chips, res= 0; Timer: cpu0=0.000 wall=0.002 
  ***** Maximum Geometrical Gauss = 2.31353e-14, cell= 690:6:6:6:0
  ***** Maximum MovingSurf  Gauss = 0, cell= 
 Start: Initialize data arrays on chips
 End:   Initialize data arrays on chips, res= 0; Timer: cpu0=0.000 wall=0.001 
 Start: TimeServis
 End:   TimeServis; Timer: cpu0=0.516 wall=0.046 
 Start: FindEnclaves
 End:   FindEnclaves; Timer: cpu0=0.078 wall=0.079 
 Start: VarValueService
 End:   VarValueService; Timer: cpu0=0.000 wall=0.001 
 Start: SolvePhaseEquation 
 End:   SolvePhaseEquation ; Timer: cpu0=16.438 wall=1.943 
 Start: SolidFiltersProcess: calculate forces and moments
 End:   SolidFiltersProcess: calculate forces and moments; Timer: cpu0=0.000 wall=0.002 
 Start: PrepareDataForNextStep
 End:   PrepareDataForNextStep; Timer: cpu0=0.312 wall=0.061 
 Start: VarValueService
 End:   VarValueService; Timer: cpu0=0.000 wall=0.002 
 Start: UpdateStopperData
 End:   UpdateStopperData; Timer: cpu0=0.000 wall=0.000 
 Start: Saving text status in E:\UniFlight\flow\Land_fv\data\Land.status
 End:   Saving text status in E:\UniFlight\flow\Land_fv\data\Land.status; Timer: cpu0=0.000 wall=0.002 
 End:   ===== Time Step =====, Iter number =  52; Timer: cpu0=17.859 wall=2.247 

21.06.26 03:45:33  ===== Processing Layers =====
21.06.26 03:45:33    *SEND* for CScalarLayer, GUID=0E21CAB5-1866-4124-A2B3-DEC499FA58E6
 Start: ComputeVolumeCharacteristics
 End:   ComputeVolumeCharacteristics; Timer: cpu0=0.172 wall=0.004 
 Start: GetValueOnFacets
 End:   GetValueOnFacets; Timer: cpu0=0.016 wall=0.012 
21.06.26 03:45:33    *SEND* for CScalarLayer, GUID=A3659819-C06E-40A1-8932-64A566FBB4DA
 Start: ComputeVolumeCharacteristics
 End:   ComputeVolumeCharacteristics; Timer: cpu0=0.000 wall=0.004 
 Start: GetValueOnFacets
 End:   GetValueOnFacets; Timer: cpu0=0.062 wall=0.048 
21.06.26 03:45:33    *SEND* for CIntegralCharsLayer, GUID=4E090A0C-544B-E4A2-4242-BEC451D7CD2B
21.06.26 03:45:33    *SEND* for CIntegralCharsLayer, GUID=927DEDC8-AF71-7A31-D608-FB7EA635069E
21.06.26 03:45:33    *SEND* for CIntegralCharsLayer, GUID=7EF96C33-7880-7A39-F672-8DCB17098C5C
 End:   ===== Processing Layers =====; Timer: cpu0=0.250 wall=0.098 

21.06.26 03:45:33  ===== New Time Step =====, Iter number =  53
 Start: TimeServis
 End:   TimeServis; Timer: cpu0=0.422 wall=0.040 
 Start: User modules' functions BeforeTimeStep() are calling
 End:   User modules' functions BeforeTimeStep() are calling; Timer: cpu0=0.000 wall=0.003 
 Start: Adaptation, TotalRealCellsCount= 96063 
 End:   Adaptation; Timer: cpu0=0.000 wall=0.004 
 Start: Initialize data arrays on chips
 End:   Initialize data arrays on chips, res= 0; Timer: cpu0=0.000 wall=0.002 
  ***** Maximum Geometrical Gauss = 2.31353e-14, cell= 690:6:6:6:0
  ***** Maximum MovingSurf  Gauss = 0, cell= 
 Start: Initialize data arrays on chips
 End:   Initialize data arrays on chips, res= 0; Timer: cpu0=0.172 wall=0.002 
 Start: TimeServis
 End:   TimeServis; Timer: cpu0=0.469 wall=0.049 
 Start: FindEnclaves
 End:   FindEnclaves; Timer: cpu0=0.234 wall=0.076 
 Start: VarValueService
 End:   VarValueService; Timer: cpu0=0.000 wall=0.002 
 Start: SolvePhaseEquation 
 End:   SolvePhaseEquation ; Timer: cpu0=16.297 wall=1.984 
 Start: SolidFiltersProcess: calculate forces and moments
 End:   SolidFiltersProcess: calculate forces and moments; Timer: cpu0=0.000 wall=0.002 
 Start: PrepareDataForNextStep
 End:   PrepareDataForNextStep; Timer: cpu0=0.281 wall=0.073 
 Start: VarValueService
 End:   VarValueService; Timer: cpu0=0.000 wall=0.002 
 Start: UpdateStopperData
 End:   UpdateStopperData; Timer: cpu0=0.000 wall=0.002 
 Start: Saving text status in E:\UniFlight\flow\Land_fv\data\Land.status
 End:   Saving text status in E:\UniFlight\flow\Land_fv\data\Land.status; Timer: cpu0=0.000 wall=0.002 
 End:   ===== Time Step =====, Iter number =  53; Timer: cpu0=18.219 wall=2.303 

21.06.26 03:45:36  ===== Processing Layers =====
21.06.26 03:45:36    *SEND* for CScalarLayer, GUID=0E21CAB5-1866-4124-A2B3-DEC499FA58E6
 Start: ComputeVolumeCharacteristics
 End:   ComputeVolumeCharacteristics; Timer: cpu0=0.000 wall=0.004 
 Start: GetValueOnFacets
 End:   GetValueOnFacets; Timer: cpu0=0.172 wall=0.013 
21.06.26 03:45:36    *SEND* for CScalarLayer, GUID=A3659819-C06E-40A1-8932-64A566FBB4DA
 Start: ComputeVolumeCharacteristics
 End:   ComputeVolumeCharacteristics; Timer: cpu0=0.000 wall=0.004 
 Start: GetValueOnFacets
 End:   GetValueOnFacets; Timer: cpu0=0.203 wall=0.052 
21.06.26 03:45:36    *SEND* for CIntegralCharsLayer, GUID=4E090A0C-544B-E4A2-4242-BEC451D7CD2B
21.06.26 03:45:36    *SEND* for CIntegralCharsLayer, GUID=927DEDC8-AF71-7A31-D608-FB7EA635069E
21.06.26 03:45:36    *SEND* for CIntegralCharsLayer, GUID=7EF96C33-7880-7A39-F672-8DCB17098C5C
 End:   ===== Processing Layers =====; Timer: cpu0=0.562 wall=0.099 

21.06.26 03:45:36  ===== New Time Step =====, Iter number =  54
 Start: TimeServis
 End:   TimeServis; Timer: cpu0=0.484 wall=0.040 
 Start: User modules' functions BeforeTimeStep() are calling
 End:   User modules' functions BeforeTimeStep() are calling; Timer: cpu0=0.000 wall=0.002 
 Start: Adaptation, TotalRealCellsCount= 96063 
 End:   Adaptation; Timer: cpu0=0.172 wall=0.005 
 Start: Initialize data arrays on chips
 End:   Initialize data arrays on chips, res= 0; Timer: cpu0=0.000 wall=0.003 
  ***** Maximum Geometrical Gauss = 2.31353e-14, cell= 690:6:6:6:0
  ***** Maximum MovingSurf  Gauss = 0, cell= 
 Start: Initialize data arrays on chips
 End:   Initialize data arrays on chips, res= 0; Timer: cpu0=0.000 wall=0.002 
 Start: TimeServis
 End:   TimeServis; Timer: cpu0=0.516 wall=0.049 
 Start: FindEnclaves
 End:   FindEnclaves; Timer: cpu0=0.078 wall=0.087 
 Start: VarValueService
 End:   VarValueService; Timer: cpu0=0.000 wall=0.001 
 Start: SolvePhaseEquation 
 End:   SolvePhaseEquation ; Timer: cpu0=16.734 wall=2.011 
 Start: SolidFiltersProcess: calculate forces and moments
 End:   SolidFiltersProcess: calculate forces and moments; Timer: cpu0=0.000 wall=0.002 
 Start: PrepareDataForNextStep
 End:   PrepareDataForNextStep; Timer: cpu0=0.359 wall=0.062 
 Start: VarValueService
 End:   VarValueService; Timer: cpu0=0.000 wall=0.002 
 Start: UpdateStopperData
 End:   UpdateStopperData; Timer: cpu0=0.000 wall=0.001 
 Start: Saving text status in E:\UniFlight\flow\Land_fv\data\Land.status
 End:   Saving text status in E:\UniFlight\flow\Land_fv\data\Land.status; Timer: cpu0=0.000 wall=0.002 
 End:   ===== Time Step =====, Iter number =  54; Timer: cpu0=18.578 wall=2.329 

21.06.26 03:45:39  ===== Processing Layers =====
21.06.26 03:45:39    *SEND* for CScalarLayer, GUID=0E21CAB5-1866-4124-A2B3-DEC499FA58E6
 Start: ComputeVolumeCharacteristics
 End:   ComputeVolumeCharacteristics; Timer: cpu0=0.172 wall=0.004 
 Start: GetValueOnFacets
 End:   GetValueOnFacets; Timer: cpu0=0.000 wall=0.012 
21.06.26 03:45:39    *SEND* for CScalarLayer, GUID=A3659819-C06E-40A1-8932-64A566FBB4DA
 Start: ComputeVolumeCharacteristics
 End:   ComputeVolumeCharacteristics; Timer: cpu0=0.000 wall=0.003 
 Start: GetValueOnFacets
 End:   GetValueOnFacets; Timer: cpu0=0.047 wall=0.049 
21.06.26 03:45:39    *SEND* for CIntegralCharsLayer, GUID=4E090A0C-544B-E4A2-4242-BEC451D7CD2B
21.06.26 03:45:39    *SEND* for CIntegralCharsLayer, GUID=927DEDC8-AF71-7A31-D608-FB7EA635069E
21.06.26 03:45:39    *SEND* for CIntegralCharsLayer, GUID=7EF96C33-7880-7A39-F672-8DCB17098C5C
 End:   ===== Processing Layers =====; Timer: cpu0=0.219 wall=0.095 

21.06.26 03:45:39  ===== New Time Step =====, Iter number =  55
 Start: TimeServis
 End:   TimeServis; Timer: cpu0=0.297 wall=0.037 
 Start: User modules' functions BeforeTimeStep() are calling
 End:   User modules' functions BeforeTimeStep() are calling; Timer: cpu0=0.000 wall=0.001 
 Start: Adaptation, TotalRealCellsCount= 96063 
 End:   Adaptation; Timer: cpu0=0.000 wall=0.005 
 Start: Initialize data arrays on chips
 End:   Initialize data arrays on chips, res= 0; Timer: cpu0=0.000 wall=0.002 
  ***** Maximum Geometrical Gauss = 2.31353e-14, cell= 690:6:6:6:0
  ***** Maximum MovingSurf  Gauss = 0, cell= 
 Start: Initialize data arrays on chips
 End:   Initialize data arrays on chips, res= 0; Timer: cpu0=0.000 wall=0.002 
 Start: TimeServis
 End:   TimeServis; Timer: cpu0=0.516 wall=0.050 
 Start: FindEnclaves
 End:   FindEnclaves; Timer: cpu0=0.078 wall=0.079 
 Start: VarValueService
 End:   VarValueService; Timer: cpu0=0.000 wall=0.001 
 Start: SolvePhaseEquation 
 End:   SolvePhaseEquation ; Timer: cpu0=16.750 wall=1.980 
 Start: SolidFiltersProcess: calculate forces and moments
 End:   SolidFiltersProcess: calculate forces and moments; Timer: cpu0=0.000 wall=0.002 
 Start: PrepareDataForNextStep
 End:   PrepareDataForNextStep; Timer: cpu0=0.297 wall=0.055 
 Start: VarValueService
 End:   VarValueService; Timer: cpu0=0.000 wall=0.001 
 Start: UpdateStopperData
 End:   UpdateStopperData; Timer: cpu0=0.000 wall=0.001 
 Start: Saving text status in E:\UniFlight\flow\Land_fv\data\Land.status
 End:   Saving text status in E:\UniFlight\flow\Land_fv\data\Land.status; Timer: cpu0=0.000 wall=0.002 
 End:   ===== Time Step =====, Iter number =  55; Timer: cpu0=18.281 wall=2.275 

21.06.26 03:45:41  ===== Processing Layers =====
21.06.26 03:45:41    *SEND* for CScalarLayer, GUID=0E21CAB5-1866-4124-A2B3-DEC499FA58E6
 Start: ComputeVolumeCharacteristics
 End:   ComputeVolumeCharacteristics; Timer: cpu0=0.000 wall=0.004 
 Start: GetValueOnFacets
 End:   GetValueOnFacets; Timer: cpu0=0.047 wall=0.012 
21.06.26 03:45:41    *SEND* for CScalarLayer, GUID=A3659819-C06E-40A1-8932-64A566FBB4DA
 Start: ComputeVolumeCharacteristics
 End:   ComputeVolumeCharacteristics; Timer: cpu0=0.000 wall=0.004 
 Start: GetValueOnFacets
 End:   GetValueOnFacets; Timer: cpu0=0.047 wall=0.053 
21.06.26 03:45:41    *SEND* for CIntegralCharsLayer, GUID=4E090A0C-544B-E4A2-4242-BEC451D7CD2B
21.06.26 03:45:41    *SEND* for CIntegralCharsLayer, GUID=927DEDC8-AF71-7A31-D608-FB7EA635069E
21.06.26 03:45:41    *SEND* for CIntegralCharsLayer, GUID=7EF96C33-7880-7A39-F672-8DCB17098C5C
 End:   ===== Processing Layers =====; Timer: cpu0=0.094 wall=0.102 

21.06.26 03:45:41  ===== New Time Step =====, Iter number =  56
 Start: TimeServis
 End:   TimeServis; Timer: cpu0=0.484 wall=0.042 
 Start: User modules' functions BeforeTimeStep() are calling
 End:   User modules' functions BeforeTimeStep() are calling; Timer: cpu0=0.000 wall=0.001 
 Start: Adaptation, TotalRealCellsCount= 96063 
 End:   Adaptation; Timer: cpu0=0.000 wall=0.003 
 Start: Initialize data arrays on chips
 End:   Initialize data arrays on chips, res= 0; Timer: cpu0=0.000 wall=0.002 
  ***** Maximum Geometrical Gauss = 2.31353e-14, cell= 690:6:6:6:0
  ***** Maximum MovingSurf  Gauss = 0, cell= 
 Start: Initialize data arrays on chips
 End:   Initialize data arrays on chips, res= 0; Timer: cpu0=0.172 wall=0.002 
 Start: TimeServis
 End:   TimeServis; Timer: cpu0=0.453 wall=0.047 
 Start: FindEnclaves
 End:   FindEnclaves; Timer: cpu0=0.078 wall=0.079 
 Start: VarValueService
 End:   VarValueService; Timer: cpu0=0.000 wall=0.001 
 Start: SolvePhaseEquation 
 End:   SolvePhaseEquation ; Timer: cpu0=17.406 wall=1.984 
 Start: SolidFiltersProcess: calculate forces and moments
 End:   SolidFiltersProcess: calculate forces and moments; Timer: cpu0=0.000 wall=0.002 
 Start: PrepareDataForNextStep
 End:   PrepareDataForNextStep; Timer: cpu0=0.391 wall=0.057 
 Start: VarValueService
 End:   VarValueService; Timer: cpu0=0.000 wall=0.001 
 Start: UpdateStopperData
 End:   UpdateStopperData; Timer: cpu0=0.000 wall=0.001 
 Start: Saving text status in E:\UniFlight\flow\Land_fv\data\Land.status
 End:   Saving text status in E:\UniFlight\flow\Land_fv\data\Land.status; Timer: cpu0=0.000 wall=0.001 
 End:   ===== Time Step =====, Iter number =  56; Timer: cpu0=19.078 wall=2.284 

21.06.26 03:45:44  ===== Processing Layers =====
21.06.26 03:45:44    *SEND* for CScalarLayer, GUID=0E21CAB5-1866-4124-A2B3-DEC499FA58E6
 Start: ComputeVolumeCharacteristics
 End:   ComputeVolumeCharacteristics; Timer: cpu0=0.000 wall=0.004 
 Start: GetValueOnFacets
 End:   GetValueOnFacets; Timer: cpu0=0.000 wall=0.013 
21.06.26 03:45:44    *SEND* for CScalarLayer, GUID=A3659819-C06E-40A1-8932-64A566FBB4DA
 Start: ComputeVolumeCharacteristics
 End:   ComputeVolumeCharacteristics; Timer: cpu0=0.000 wall=0.005 
 Start: GetValueOnFacets
 End:   GetValueOnFacets; Timer: cpu0=0.047 wall=0.054 
21.06.26 03:45:44    *SEND* for CIntegralCharsLayer, GUID=4E090A0C-544B-E4A2-4242-BEC451D7CD2B
21.06.26 03:45:44    *SEND* for CIntegralCharsLayer, GUID=927DEDC8-AF71-7A31-D608-FB7EA635069E
21.06.26 03:45:44    *SEND* for CIntegralCharsLayer, GUID=7EF96C33-7880-7A39-F672-8DCB17098C5C
 End:   ===== Processing Layers =====; Timer: cpu0=0.047 wall=0.107 

21.06.26 03:45:44  ===== New Time Step =====, Iter number =  57
 Start: TimeServis
 End:   TimeServis; Timer: cpu0=0.344 wall=0.035 
 Start: User modules' functions BeforeTimeStep() are calling
 End:   User modules' functions BeforeTimeStep() are calling; Timer: cpu0=0.000 wall=0.001 
 Start: Adaptation, TotalRealCellsCount= 96063 
 End:   Adaptation; Timer: cpu0=0.172 wall=0.005 
 Start: Initialize data arrays on chips
 End:   Initialize data arrays on chips, res= 0; Timer: cpu0=0.000 wall=0.003 
  ***** Maximum Geometrical Gauss = 2.31353e-14, cell= 690:6:6:6:0
  ***** Maximum MovingSurf  Gauss = 0, cell= 
 Start: Initialize data arrays on chips
 End:   Initialize data arrays on chips, res= 0; Timer: cpu0=0.000 wall=0.002 
 Start: TimeServis
 End:   TimeServis; Timer: cpu0=0.484 wall=0.045 
 Start: FindEnclaves
 End:   FindEnclaves; Timer: cpu0=0.234 wall=0.090 
 Start: VarValueService
 End:   VarValueService; Timer: cpu0=0.000 wall=0.001 
 Start: SolvePhaseEquation 
 End:   SolvePhaseEquation ; Timer: cpu0=16.766 wall=1.942 
 Start: SolidFiltersProcess: calculate forces and moments
 End:   SolidFiltersProcess: calculate forces and moments; Timer: cpu0=0.000 wall=0.002 
 Start: PrepareDataForNextStep
 End:   PrepareDataForNextStep; Timer: cpu0=0.531 wall=0.063 
 Start: VarValueService
 End:   VarValueService; Timer: cpu0=0.000 wall=0.001 
 Start: UpdateStopperData
 End:   UpdateStopperData; Timer: cpu0=0.000 wall=0.001 
 Start: Saving text status in E:\UniFlight\flow\Land_fv\data\Land.status
 End:   Saving text status in E:\UniFlight\flow\Land_fv\data\Land.status; Timer: cpu0=0.000 wall=0.002 
 End:   ===== Time Step =====, Iter number =  57; Timer: cpu0=18.703 wall=2.253 

21.06.26 03:45:47  ===== Processing Layers =====
21.06.26 03:45:47    *SEND* for CScalarLayer, GUID=0E21CAB5-1866-4124-A2B3-DEC499FA58E6
 Start: ComputeVolumeCharacteristics
 End:   ComputeVolumeCharacteristics; Timer: cpu0=0.000 wall=0.005 
 Start: GetValueOnFacets
 End:   GetValueOnFacets; Timer: cpu0=0.016 wall=0.013 
21.06.26 03:45:47    *SEND* for CScalarLayer, GUID=A3659819-C06E-40A1-8932-64A566FBB4DA
 Start: ComputeVolumeCharacteristics
 End:   ComputeVolumeCharacteristics; Timer: cpu0=0.000 wall=0.004 
 Start: GetValueOnFacets
 End:   GetValueOnFacets; Timer: cpu0=0.062 wall=0.055 
21.06.26 03:45:47    *SEND* for CIntegralCharsLayer, GUID=4E090A0C-544B-E4A2-4242-BEC451D7CD2B
21.06.26 03:45:47    *SEND* for CIntegralCharsLayer, GUID=927DEDC8-AF71-7A31-D608-FB7EA635069E
21.06.26 03:45:47    *SEND* for CIntegralCharsLayer, GUID=7EF96C33-7880-7A39-F672-8DCB17098C5C
 End:   ===== Processing Layers =====; Timer: cpu0=0.422 wall=0.106 

21.06.26 03:45:47  ===== New Time Step =====, Iter number =  58
 Start: TimeServis
 End:   TimeServis; Timer: cpu0=0.516 wall=0.037 
 Start: User modules' functions BeforeTimeStep() are calling
 End:   User modules' functions BeforeTimeStep() are calling; Timer: cpu0=0.000 wall=0.002 
 Start: Adaptation, TotalRealCellsCount= 96063 
 End:   Adaptation; Timer: cpu0=0.031 wall=0.004 
 Start: Initialize data arrays on chips
 End:   Initialize data arrays on chips, res= 0; Timer: cpu0=0.000 wall=0.001 
  ***** Maximum Geometrical Gauss = 2.31353e-14, cell= 690:6:6:6:0
  ***** Maximum MovingSurf  Gauss = 0, cell= 
 Start: Initialize data arrays on chips
 End:   Initialize data arrays on chips, res= 0; Timer: cpu0=0.000 wall=0.003 
 Start: TimeServis
 End:   TimeServis; Timer: cpu0=0.516 wall=0.051 
 Start: FindEnclaves
 End:   FindEnclaves; Timer: cpu0=0.078 wall=0.080 
 Start: VarValueService
 End:   VarValueService; Timer: cpu0=0.000 wall=0.001 
 Start: SolvePhaseEquation 
 End:   SolvePhaseEquation ; Timer: cpu0=16.750 wall=1.959 
 Start: SolidFiltersProcess: calculate forces and moments
 End:   SolidFiltersProcess: calculate forces and moments; Timer: cpu0=0.000 wall=0.002 
 Start: PrepareDataForNextStep
 End:   PrepareDataForNextStep; Timer: cpu0=0.375 wall=0.059 
 Start: VarValueService
 End:   VarValueService; Timer: cpu0=0.000 wall=0.001 
 Start: UpdateStopperData
 End:   UpdateStopperData; Timer: cpu0=0.000 wall=0.001 
 Start: Saving text status in E:\UniFlight\flow\Land_fv\data\Land.status
 End:   Saving text status in E:\UniFlight\flow\Land_fv\data\Land.status; Timer: cpu0=0.000 wall=0.002 
 End:   ===== Time Step =====, Iter number =  58; Timer: cpu0=18.438 wall=2.263 

21.06.26 03:45:49  ===== Processing Layers =====
21.06.26 03:45:49    *SEND* for CScalarLayer, GUID=0E21CAB5-1866-4124-A2B3-DEC499FA58E6
 Start: ComputeVolumeCharacteristics
 End:   ComputeVolumeCharacteristics; Timer: cpu0=0.000 wall=0.004 
 Start: GetValueOnFacets
 End:   GetValueOnFacets; Timer: cpu0=0.016 wall=0.016 
21.06.26 03:45:49    *SEND* for CScalarLayer, GUID=A3659819-C06E-40A1-8932-64A566FBB4DA
 Start: ComputeVolumeCharacteristics
 End:   ComputeVolumeCharacteristics; Timer: cpu0=0.000 wall=0.004 
 Start: GetValueOnFacets
 End:   GetValueOnFacets; Timer: cpu0=0.203 wall=0.052 
21.06.26 03:45:49    *SEND* for CIntegralCharsLayer, GUID=4E090A0C-544B-E4A2-4242-BEC451D7CD2B
21.06.26 03:45:49    *SEND* for CIntegralCharsLayer, GUID=927DEDC8-AF71-7A31-D608-FB7EA635069E
21.06.26 03:45:49    *SEND* for CIntegralCharsLayer, GUID=7EF96C33-7880-7A39-F672-8DCB17098C5C
 End:   ===== Processing Layers =====; Timer: cpu0=0.562 wall=0.107 

21.06.26 03:45:49  ===== New Time Step =====, Iter number =  59
 Start: TimeServis
 End:   TimeServis; Timer: cpu0=0.516 wall=0.039 
 Start: User modules' functions BeforeTimeStep() are calling
 End:   User modules' functions BeforeTimeStep() are calling; Timer: cpu0=0.000 wall=0.001 
 Start: Adaptation, TotalRealCellsCount= 96063 
 End:   Adaptation; Timer: cpu0=0.000 wall=0.004 
 Start: Initialize data arrays on chips
 End:   Initialize data arrays on chips, res= 0; Timer: cpu0=0.000 wall=0.002 
  ***** Maximum Geometrical Gauss = 2.31353e-14, cell= 690:6:6:6:0
  ***** Maximum MovingSurf  Gauss = 0, cell= 
 Start: Initialize data arrays on chips
 End:   Initialize data arrays on chips, res= 0; Timer: cpu0=0.000 wall=0.002 
 Start: TimeServis
 End:   TimeServis; Timer: cpu0=0.516 wall=0.047 
 Start: FindEnclaves
 End:   FindEnclaves; Timer: cpu0=0.094 wall=0.084 
 Start: VarValueService
 End:   VarValueService; Timer: cpu0=0.000 wall=0.001 
 Start: SolvePhaseEquation 
 End:   SolvePhaseEquation ; Timer: cpu0=16.875 wall=1.958 
 Start: SolidFiltersProcess: calculate forces and moments
 End:   SolidFiltersProcess: calculate forces and moments; Timer: cpu0=0.000 wall=0.002 
 Start: PrepareDataForNextStep
 End:   PrepareDataForNextStep; Timer: cpu0=0.406 wall=0.068 
 Start: VarValueService
 End:   VarValueService; Timer: cpu0=0.000 wall=0.001 
 Start: UpdateStopperData
 End:   UpdateStopperData; Timer: cpu0=0.000 wall=0.001 
 Start: Saving text status in E:\UniFlight\flow\Land_fv\data\Land.status
 End:   Saving text status in E:\UniFlight\flow\Land_fv\data\Land.status; Timer: cpu0=0.000 wall=0.002 
 End:   ===== Time Step =====, Iter number =  59; Timer: cpu0=18.453 wall=2.279 

21.06.26 03:45:52  ===== Processing Layers =====
21.06.26 03:45:52    *SEND* for CScalarLayer, GUID=0E21CAB5-1866-4124-A2B3-DEC499FA58E6
 Start: ComputeVolumeCharacteristics
 End:   ComputeVolumeCharacteristics; Timer: cpu0=0.000 wall=0.005 
 Start: GetValueOnFacets
 End:   GetValueOnFacets; Timer: cpu0=0.000 wall=0.012 
21.06.26 03:45:52    *SEND* for CScalarLayer, GUID=A3659819-C06E-40A1-8932-64A566FBB4DA
 Start: ComputeVolumeCharacteristics
 End:   ComputeVolumeCharacteristics; Timer: cpu0=0.000 wall=0.004 
 Start: GetValueOnFacets
 End:   GetValueOnFacets; Timer: cpu0=0.047 wall=0.046 
21.06.26 03:45:52    *SEND* for CIntegralCharsLayer, GUID=4E090A0C-544B-E4A2-4242-BEC451D7CD2B
21.06.26 03:45:52    *SEND* for CIntegralCharsLayer, GUID=927DEDC8-AF71-7A31-D608-FB7EA635069E
21.06.26 03:45:52    *SEND* for CIntegralCharsLayer, GUID=7EF96C33-7880-7A39-F672-8DCB17098C5C
 End:   ===== Processing Layers =====; Timer: cpu0=0.047 wall=0.099 

21.06.26 03:45:52  ===== New Time Step =====, Iter number =  60
 Start: TimeServis
 End:   TimeServis; Timer: cpu0=0.344 wall=0.039 
 Start: User modules' functions BeforeTimeStep() are calling
 End:   User modules' functions BeforeTimeStep() are calling; Timer: cpu0=0.000 wall=0.001 
 Start: Adaptation, TotalRealCellsCount= 96063 
 End:   Adaptation; Timer: cpu0=6.984 wall=0.873 
 Start: DistributeGridOnProcessors
 End:   DistributeGridOnProcessors, res= 0; Timer: cpu0=0.922 wall=0.211 
 Start: SetNeiHyperCells
 End:   SetNeiHyperCells, res= 0; Timer: cpu0=0.047 wall=0.008 
 Start: BuildFacetDistribution
 End:   BuildFacetDistribution; Timer: cpu0=0.000 wall=0.002 
 Start: Initialize data arrays on chips
 End:   Initialize data arrays on chips, res= 0; Timer: cpu0=0.000 wall=0.002 
  ***** Maximum Geometrical Gauss = 2.31353e-14, cell= 690:6:6:6:0
  ***** Maximum MovingSurf  Gauss = 1.14961e-13, cell= 797:7:2:7:0
 Start: Remove Small Cells
 End:   Remove Small Cells; Timer: cpu0=0.047 wall=0.019 
 Start: Initialize data arrays on chips
 End:   Initialize data arrays on chips, res= 0; Timer: cpu0=0.000 wall=0.003 
  ***** Maximum Geometrical Gauss = 2.31353e-14, cell= 690:6:6:6:0
  ***** Maximum MovingSurf  Gauss = 1.14961e-13, cell= 797:7:2:7:0
 Start: Initialize data arrays on chips
 End:   Initialize data arrays on chips, res= 0; Timer: cpu0=0.000 wall=0.002 
 Start: Modify Chip Data
 End:   Modify Chip Data; Timer: cpu0=0.328 wall=0.040 
 Start: TimeServis
 End:   TimeServis; Timer: cpu0=0.406 wall=0.046 
 Start: FindEnclaves
 End:   FindEnclaves; Timer: cpu0=0.094 wall=0.089 
 Start: VarValueService
 End:   VarValueService; Timer: cpu0=0.000 wall=0.002 
 Start: SolvePhaseEquation 
 End:   SolvePhaseEquation ; Timer: cpu0=17.250 wall=2.060 
 Start: SolidFiltersProcess: calculate forces and moments
 End:   SolidFiltersProcess: calculate forces and moments; Timer: cpu0=0.000 wall=0.002 
 Start: PrepareDataForNextStep
 End:   PrepareDataForNextStep; Timer: cpu0=0.609 wall=0.056 
 Start: VarValueService
 End:   VarValueService; Timer: cpu0=0.000 wall=0.002 
 Start: UpdateStopperData
 End:   UpdateStopperData; Timer: cpu0=0.000 wall=0.002 
 Start: Saving text status in E:\UniFlight\flow\Land_fv\data\Land.status
 End:   Saving text status in E:\UniFlight\flow\Land_fv\data\Land.status; Timer: cpu0=0.000 wall=0.002 
 End:   ===== Time Step =====, Iter number =  60; Timer: cpu0=27.547 wall=3.550 

21.06.26 03:45:56  ===== Processing Layers =====
21.06.26 03:45:56    *SEND* for CScalarLayer, GUID=0E21CAB5-1866-4124-A2B3-DEC499FA58E6
 Start: ComputeVolumeCharacteristics
 End:   ComputeVolumeCharacteristics; Timer: cpu0=0.000 wall=0.005 
 Start: GetValueOnFacets
 End:   GetValueOnFacets; Timer: cpu0=0.016 wall=0.016 
21.06.26 03:45:56    *SEND* for CScalarLayer, GUID=A3659819-C06E-40A1-8932-64A566FBB4DA
 Start: ComputeVolumeCharacteristics
 End:   ComputeVolumeCharacteristics; Timer: cpu0=0.000 wall=0.005 
 Start: GetValueOnFacets
 End:   GetValueOnFacets; Timer: cpu0=0.047 wall=0.047 
21.06.26 03:45:56    *SEND* for CIntegralCharsLayer, GUID=4E090A0C-544B-E4A2-4242-BEC451D7CD2B
21.06.26 03:45:56    *SEND* for CIntegralCharsLayer, GUID=927DEDC8-AF71-7A31-D608-FB7EA635069E
21.06.26 03:45:56    *SEND* for CIntegralCharsLayer, GUID=7EF96C33-7880-7A39-F672-8DCB17098C5C
 End:   ===== Processing Layers =====; Timer: cpu0=0.078 wall=0.102 

21.06.26 03:45:56  ===== New Time Step =====, Iter number =  61
 Start: TimeServis
 End:   TimeServis; Timer: cpu0=0.344 wall=0.040 
 Start: User modules' functions BeforeTimeStep() are calling
 End:   User modules' functions BeforeTimeStep() are calling; Timer: cpu0=0.000 wall=0.002 
 Start: Adaptation, TotalRealCellsCount= 97813 
 End:   Adaptation; Timer: cpu0=6.000 wall=0.775 
 Start: DistributeGridOnProcessors
 End:   DistributeGridOnProcessors, res= 0; Timer: cpu0=0.781 wall=0.197 
 Start: SetNeiHyperCells
 End:   SetNeiHyperCells, res= 0; Timer: cpu0=0.172 wall=0.008 
 Start: BuildFacetDistribution
 End:   BuildFacetDistribution; Timer: cpu0=0.000 wall=0.003 
 Start: Initialize data arrays on chips
 End:   Initialize data arrays on chips, res= 0; Timer: cpu0=0.000 wall=0.002 
  ***** Maximum Geometrical Gauss = 2.31353e-14, cell= 690:6:6:6:0
  ***** Maximum MovingSurf  Gauss = 1.02551e-13, cell= 900:4:6:4:0
 Start: Remove Small Cells
 End:   Remove Small Cells; Timer: cpu0=0.172 wall=0.018 
 Start: Initialize data arrays on chips
 End:   Initialize data arrays on chips, res= 0; Timer: cpu0=0.000 wall=0.001 
  ***** Maximum Geometrical Gauss = 2.31353e-14, cell= 690:6:6:6:0
  ***** Maximum MovingSurf  Gauss = 1.02551e-13, cell= 900:4:6:4:0
 Start: Initialize data arrays on chips
 End:   Initialize data arrays on chips, res= 0; Timer: cpu0=0.000 wall=0.001 
 Start: Modify Chip Data
 End:   Modify Chip Data; Timer: cpu0=0.344 wall=0.033 
 Start: TimeServis
 End:   TimeServis; Timer: cpu0=0.562 wall=0.057 
 Start: FindEnclaves
 End:   FindEnclaves; Timer: cpu0=0.078 wall=0.089 
 Start: VarValueService
 End:   VarValueService; Timer: cpu0=0.000 wall=0.001 
 Start: SolvePhaseEquation 
 End:   SolvePhaseEquation ; Timer: cpu0=17.500 wall=2.088 
 Start: SolidFiltersProcess: calculate forces and moments
 End:   SolidFiltersProcess: calculate forces and moments; Timer: cpu0=0.000 wall=0.002 
 Start: PrepareDataForNextStep
 End:   PrepareDataForNextStep; Timer: cpu0=0.484 wall=0.063 
 Start: VarValueService
 End:   VarValueService; Timer: cpu0=0.000 wall=0.002 
 Start: UpdateStopperData
 End:   UpdateStopperData; Timer: cpu0=0.000 wall=0.001 
 Start: Saving text status in E:\UniFlight\flow\Land_fv\data\Land.status
 End:   Saving text status in E:\UniFlight\flow\Land_fv\data\Land.status; Timer: cpu0=0.000 wall=0.002 
 End:   ===== Time Step =====, Iter number =  61; Timer: cpu0=26.734 wall=3.478 

21.06.26 03:46:00  ===== Processing Layers =====
21.06.26 03:46:00    *SEND* for CScalarLayer, GUID=0E21CAB5-1866-4124-A2B3-DEC499FA58E6
 Start: ComputeVolumeCharacteristics
 End:   ComputeVolumeCharacteristics; Timer: cpu0=0.031 wall=0.004 
 Start: GetValueOnFacets
 End:   GetValueOnFacets; Timer: cpu0=0.016 wall=0.013 
21.06.26 03:46:00    *SEND* for CScalarLayer, GUID=A3659819-C06E-40A1-8932-64A566FBB4DA
 Start: ComputeVolumeCharacteristics
 End:   ComputeVolumeCharacteristics; Timer: cpu0=0.000 wall=0.005 
 Start: GetValueOnFacets
 End:   GetValueOnFacets; Timer: cpu0=0.219 wall=0.062 
21.06.26 03:46:00    *SEND* for CIntegralCharsLayer, GUID=4E090A0C-544B-E4A2-4242-BEC451D7CD2B
21.06.26 03:46:00    *SEND* for CIntegralCharsLayer, GUID=927DEDC8-AF71-7A31-D608-FB7EA635069E
21.06.26 03:46:00    *SEND* for CIntegralCharsLayer, GUID=7EF96C33-7880-7A39-F672-8DCB17098C5C
 End:   ===== Processing Layers =====; Timer: cpu0=0.266 wall=0.115 

21.06.26 03:46:00  ===== New Time Step =====, Iter number =  62
 Start: TimeServis
 End:   TimeServis; Timer: cpu0=0.281 wall=0.040 
 Start: User modules' functions BeforeTimeStep() are calling
 End:   User modules' functions BeforeTimeStep() are calling; Timer: cpu0=0.000 wall=0.001 
 Start: Adaptation, TotalRealCellsCount= 96518 
 End:   Adaptation; Timer: cpu0=0.000 wall=0.004 
 Start: Initialize data arrays on chips
 End:   Initialize data arrays on chips, res= 0; Timer: cpu0=0.000 wall=0.002 
  ***** Maximum Geometrical Gauss = 2.31353e-14, cell= 690:6:6:6:0
  ***** Maximum MovingSurf  Gauss = 0, cell= 
 Start: Initialize data arrays on chips
 End:   Initialize data arrays on chips, res= 0; Timer: cpu0=0.000 wall=0.002 
 Start: TimeServis
 End:   TimeServis; Timer: cpu0=0.406 wall=0.057 
 Start: FindEnclaves
 End:   FindEnclaves; Timer: cpu0=0.078 wall=0.083 
 Start: VarValueService
 End:   VarValueService; Timer: cpu0=0.000 wall=0.001 
 Start: SolvePhaseEquation 
 End:   SolvePhaseEquation ; Timer: cpu0=17.000 wall=2.017 
 Start: SolidFiltersProcess: calculate forces and moments
 End:   SolidFiltersProcess: calculate forces and moments; Timer: cpu0=0.000 wall=0.002 
 Start: PrepareDataForNextStep
 End:   PrepareDataForNextStep; Timer: cpu0=0.297 wall=0.069 
 Start: VarValueService
 End:   VarValueService; Timer: cpu0=0.000 wall=0.002 
 Start: UpdateStopperData
 End:   UpdateStopperData; Timer: cpu0=0.000 wall=0.000 
 Start: Saving text status in E:\UniFlight\flow\Land_fv\data\Land.status
 End:   Saving text status in E:\UniFlight\flow\Land_fv\data\Land.status; Timer: cpu0=0.000 wall=0.002 
 End:   ===== Time Step =====, Iter number =  62; Timer: cpu0=18.406 wall=2.346 

21.06.26 03:46:02  ===== Processing Layers =====
21.06.26 03:46:02    *SEND* for CScalarLayer, GUID=0E21CAB5-1866-4124-A2B3-DEC499FA58E6
 Start: ComputeVolumeCharacteristics
 End:   ComputeVolumeCharacteristics; Timer: cpu0=0.000 wall=0.004 
 Start: GetValueOnFacets
 End:   GetValueOnFacets; Timer: cpu0=0.016 wall=0.015 
21.06.26 03:46:02    *SEND* for CScalarLayer, GUID=A3659819-C06E-40A1-8932-64A566FBB4DA
 Start: ComputeVolumeCharacteristics
 End:   ComputeVolumeCharacteristics; Timer: cpu0=0.000 wall=0.004 
 Start: GetValueOnFacets
 End:   GetValueOnFacets; Timer: cpu0=0.062 wall=0.053 
21.06.26 03:46:03    *SEND* for CIntegralCharsLayer, GUID=4E090A0C-544B-E4A2-4242-BEC451D7CD2B
21.06.26 03:46:03    *SEND* for CIntegralCharsLayer, GUID=927DEDC8-AF71-7A31-D608-FB7EA635069E
21.06.26 03:46:03    *SEND* for CIntegralCharsLayer, GUID=7EF96C33-7880-7A39-F672-8DCB17098C5C
 End:   ===== Processing Layers =====; Timer: cpu0=0.078 wall=0.108 

21.06.26 03:46:03  ===== New Time Step =====, Iter number =  63
 Start: TimeServis
 End:   TimeServis; Timer: cpu0=0.312 wall=0.041 
 Start: User modules' functions BeforeTimeStep() are calling
 End:   User modules' functions BeforeTimeStep() are calling; Timer: cpu0=0.000 wall=0.001 
 Start: Adaptation, TotalRealCellsCount= 96518 
 End:   Adaptation; Timer: cpu0=0.000 wall=0.005 
 Start: Initialize data arrays on chips
 End:   Initialize data arrays on chips, res= 0; Timer: cpu0=0.000 wall=0.002 
  ***** Maximum Geometrical Gauss = 2.31353e-14, cell= 690:6:6:6:0
  ***** Maximum MovingSurf  Gauss = 0, cell= 
 Start: Initialize data arrays on chips
 End:   Initialize data arrays on chips, res= 0; Timer: cpu0=0.000 wall=0.002 
 Start: TimeServis
 End:   TimeServis; Timer: cpu0=0.500 wall=0.049 
 Start: FindEnclaves
 End:   FindEnclaves; Timer: cpu0=0.062 wall=0.077 
 Start: VarValueService
 End:   VarValueService; Timer: cpu0=0.000 wall=0.001 
 Start: SolvePhaseEquation 
 End:   SolvePhaseEquation ; Timer: cpu0=17.234 wall=2.008 
 Start: SolidFiltersProcess: calculate forces and moments
 End:   SolidFiltersProcess: calculate forces and moments; Timer: cpu0=0.000 wall=0.002 
 Start: PrepareDataForNextStep
 End:   PrepareDataForNextStep; Timer: cpu0=0.406 wall=0.058 
 Start: VarValueService
 End:   VarValueService; Timer: cpu0=0.000 wall=0.001 
 Start: UpdateStopperData
 End:   UpdateStopperData; Timer: cpu0=0.000 wall=0.001 
 Start: Saving text status in E:\UniFlight\flow\Land_fv\data\Land.status
 End:   Saving text status in E:\UniFlight\flow\Land_fv\data\Land.status; Timer: cpu0=0.000 wall=0.003 
 End:   ===== Time Step =====, Iter number =  63; Timer: cpu0=18.906 wall=2.320 

21.06.26 03:46:05  ===== Processing Layers =====
21.06.26 03:46:05    *SEND* for CScalarLayer, GUID=0E21CAB5-1866-4124-A2B3-DEC499FA58E6
 Start: ComputeVolumeCharacteristics
 End:   ComputeVolumeCharacteristics; Timer: cpu0=0.000 wall=0.004 
 Start: GetValueOnFacets
 End:   GetValueOnFacets; Timer: cpu0=0.172 wall=0.012 
21.06.26 03:46:05    *SEND* for CScalarLayer, GUID=A3659819-C06E-40A1-8932-64A566FBB4DA
 Start: ComputeVolumeCharacteristics
 End:   ComputeVolumeCharacteristics; Timer: cpu0=0.000 wall=0.003 
 Start: GetValueOnFacets
 End:   GetValueOnFacets; Timer: cpu0=0.203 wall=0.053 
21.06.26 03:46:05    *SEND* for CIntegralCharsLayer, GUID=4E090A0C-544B-E4A2-4242-BEC451D7CD2B
21.06.26 03:46:05    *SEND* for CIntegralCharsLayer, GUID=927DEDC8-AF71-7A31-D608-FB7EA635069E
21.06.26 03:46:05    *SEND* for CIntegralCharsLayer, GUID=7EF96C33-7880-7A39-F672-8DCB17098C5C
 End:   ===== Processing Layers =====; Timer: cpu0=0.578 wall=0.102 

21.06.26 03:46:05  ===== New Time Step =====, Iter number =  64
 Start: TimeServis
 End:   TimeServis; Timer: cpu0=0.344 wall=0.038 
 Start: User modules' functions BeforeTimeStep() are calling
 End:   User modules' functions BeforeTimeStep() are calling; Timer: cpu0=0.000 wall=0.001 
 Start: Adaptation, TotalRealCellsCount= 96518 
 End:   Adaptation; Timer: cpu0=0.000 wall=0.005 
 Start: Initialize data arrays on chips
 End:   Initialize data arrays on chips, res= 0; Timer: cpu0=0.000 wall=0.002 
  ***** Maximum Geometrical Gauss = 2.31353e-14, cell= 690:6:6:6:0
  ***** Maximum MovingSurf  Gauss = 0, cell= 
 Start: Initialize data arrays on chips
 End:   Initialize data arrays on chips, res= 0; Timer: cpu0=0.000 wall=0.002 
 Start: TimeServis
 End:   TimeServis; Timer: cpu0=0.500 wall=0.053 
 Start: FindEnclaves
 End:   FindEnclaves; Timer: cpu0=0.062 wall=0.088 
 Start: VarValueService
 End:   VarValueService; Timer: cpu0=0.000 wall=0.001 
 Start: SolvePhaseEquation 
 End:   SolvePhaseEquation ; Timer: cpu0=16.844 wall=1.992 
 Start: SolidFiltersProcess: calculate forces and moments
 End:   SolidFiltersProcess: calculate forces and moments; Timer: cpu0=0.000 wall=0.002 
 Start: PrepareDataForNextStep
 End:   PrepareDataForNextStep; Timer: cpu0=0.375 wall=0.067 
 Start: VarValueService
 End:   VarValueService; Timer: cpu0=0.000 wall=0.001 
 Start: UpdateStopperData
 End:   UpdateStopperData; Timer: cpu0=0.000 wall=0.001 
 Start: Saving text status in E:\UniFlight\flow\Land_fv\data\Land.status
 End:   Saving text status in E:\UniFlight\flow\Land_fv\data\Land.status; Timer: cpu0=0.000 wall=0.002 
 End:   ===== Time Step =====, Iter number =  64; Timer: cpu0=18.484 wall=2.319 

21.06.26 03:46:08  ===== Processing Layers =====
21.06.26 03:46:08    *SEND* for CScalarLayer, GUID=0E21CAB5-1866-4124-A2B3-DEC499FA58E6
 Start: ComputeVolumeCharacteristics
 End:   ComputeVolumeCharacteristics; Timer: cpu0=0.000 wall=0.004 
 Start: GetValueOnFacets
 End:   GetValueOnFacets; Timer: cpu0=0.156 wall=0.012 
21.06.26 03:46:08    *SEND* for CScalarLayer, GUID=A3659819-C06E-40A1-8932-64A566FBB4DA
 Start: ComputeVolumeCharacteristics
 End:   ComputeVolumeCharacteristics; Timer: cpu0=0.000 wall=0.007 
 Start: GetValueOnFacets
 End:   GetValueOnFacets; Timer: cpu0=0.203 wall=0.053 
21.06.26 03:46:08    *SEND* for CIntegralCharsLayer, GUID=4E090A0C-544B-E4A2-4242-BEC451D7CD2B
21.06.26 03:46:08    *SEND* for CIntegralCharsLayer, GUID=927DEDC8-AF71-7A31-D608-FB7EA635069E
21.06.26 03:46:08    *SEND* for CIntegralCharsLayer, GUID=7EF96C33-7880-7A39-F672-8DCB17098C5C
 End:   ===== Processing Layers =====; Timer: cpu0=0.359 wall=0.108 

21.06.26 03:46:08  ===== New Time Step =====, Iter number =  65
 Start: TimeServis
 End:   TimeServis; Timer: cpu0=0.344 wall=0.038 
 Start: User modules' functions BeforeTimeStep() are calling
 End:   User modules' functions BeforeTimeStep() are calling; Timer: cpu0=0.000 wall=0.002 
 Start: Adaptation, TotalRealCellsCount= 96518 
 End:   Adaptation; Timer: cpu0=0.000 wall=0.004 
 Start: Initialize data arrays on chips
 End:   Initialize data arrays on chips, res= 0; Timer: cpu0=0.172 wall=0.002 
  ***** Maximum Geometrical Gauss = 2.31353e-14, cell= 690:6:6:6:0
  ***** Maximum MovingSurf  Gauss = 0, cell= 
 Start: Initialize data arrays on chips
 End:   Initialize data arrays on chips, res= 0; Timer: cpu0=0.000 wall=0.002 
 Start: TimeServis
 End:   TimeServis; Timer: cpu0=0.438 wall=0.055 
 Start: FindEnclaves
 End:   FindEnclaves; Timer: cpu0=0.078 wall=0.090 
 Start: VarValueService
 End:   VarValueService; Timer: cpu0=0.172 wall=0.001 
 Start: SolvePhaseEquation 
 End:   SolvePhaseEquation ; Timer: cpu0=15.938 wall=1.984 
 Start: SolidFiltersProcess: calculate forces and moments
 End:   SolidFiltersProcess: calculate forces and moments; Timer: cpu0=0.000 wall=0.002 
 Start: PrepareDataForNextStep
 End:   PrepareDataForNextStep; Timer: cpu0=0.531 wall=0.065 
 Start: VarValueService
 End:   VarValueService; Timer: cpu0=0.000 wall=0.002 
 Start: UpdateStopperData
 End:   UpdateStopperData; Timer: cpu0=0.000 wall=0.002 
 Start: Saving text status in E:\UniFlight\flow\Land_fv\data\Land.status
 End:   Saving text status in E:\UniFlight\flow\Land_fv\data\Land.status; Timer: cpu0=0.000 wall=0.003 
 End:   ===== Time Step =====, Iter number =  65; Timer: cpu0=17.938 wall=2.313 

21.06.26 03:46:11  ===== Processing Layers =====
21.06.26 03:46:11    *SEND* for CScalarLayer, GUID=0E21CAB5-1866-4124-A2B3-DEC499FA58E6
 Start: ComputeVolumeCharacteristics
 End:   ComputeVolumeCharacteristics; Timer: cpu0=0.000 wall=0.004 
 Start: GetValueOnFacets
 End:   GetValueOnFacets; Timer: cpu0=0.016 wall=0.014 
21.06.26 03:46:11    *SEND* for CScalarLayer, GUID=A3659819-C06E-40A1-8932-64A566FBB4DA
 Start: ComputeVolumeCharacteristics
 End:   ComputeVolumeCharacteristics; Timer: cpu0=0.156 wall=0.004 
 Start: GetValueOnFacets
 End:   GetValueOnFacets; Timer: cpu0=0.203 wall=0.056 
21.06.26 03:46:11    *SEND* for CIntegralCharsLayer, GUID=4E090A0C-544B-E4A2-4242-BEC451D7CD2B
21.06.26 03:46:11    *SEND* for CIntegralCharsLayer, GUID=927DEDC8-AF71-7A31-D608-FB7EA635069E
21.06.26 03:46:11    *SEND* for CIntegralCharsLayer, GUID=7EF96C33-7880-7A39-F672-8DCB17098C5C
 End:   ===== Processing Layers =====; Timer: cpu0=0.375 wall=0.111 

21.06.26 03:46:11  ===== New Time Step =====, Iter number =  66
 Start: TimeServis
 End:   TimeServis; Timer: cpu0=0.344 wall=0.040 
 Start: User modules' functions BeforeTimeStep() are calling
 End:   User modules' functions BeforeTimeStep() are calling; Timer: cpu0=0.000 wall=0.001 
 Start: Adaptation, TotalRealCellsCount= 96518 
 End:   Adaptation; Timer: cpu0=0.000 wall=0.004 
 Start: Initialize data arrays on chips
 End:   Initialize data arrays on chips, res= 0; Timer: cpu0=0.000 wall=0.003 
  ***** Maximum Geometrical Gauss = 2.31353e-14, cell= 690:6:6:6:0
  ***** Maximum MovingSurf  Gauss = 0, cell= 
 Start: Initialize data arrays on chips
 End:   Initialize data arrays on chips, res= 0; Timer: cpu0=0.000 wall=0.002 
 Start: TimeServis
 End:   TimeServis; Timer: cpu0=0.391 wall=0.046 
 Start: FindEnclaves
 End:   FindEnclaves; Timer: cpu0=0.062 wall=0.082 
 Start: VarValueService
 End:   VarValueService; Timer: cpu0=0.000 wall=0.002 
 Start: SolvePhaseEquation 
 End:   SolvePhaseEquation ; Timer: cpu0=15.906 wall=1.983 
 Start: SolidFiltersProcess: calculate forces and moments
 End:   SolidFiltersProcess: calculate forces and moments; Timer: cpu0=0.000 wall=0.001 
 Start: PrepareDataForNextStep
 End:   PrepareDataForNextStep; Timer: cpu0=0.391 wall=0.063 
 Start: VarValueService
 End:   VarValueService; Timer: cpu0=0.000 wall=0.002 
 Start: UpdateStopperData
 End:   UpdateStopperData; Timer: cpu0=0.000 wall=0.001 
 Start: Saving text status in E:\UniFlight\flow\Land_fv\data\Land.status
 End:   Saving text status in E:\UniFlight\flow\Land_fv\data\Land.status; Timer: cpu0=0.000 wall=0.003 
 End:   ===== Time Step =====, Iter number =  66; Timer: cpu0=17.438 wall=2.301 

21.06.26 03:46:13  ===== Processing Layers =====
21.06.26 03:46:13    *SEND* for CScalarLayer, GUID=0E21CAB5-1866-4124-A2B3-DEC499FA58E6
 Start: ComputeVolumeCharacteristics
 End:   ComputeVolumeCharacteristics; Timer: cpu0=0.000 wall=0.004 
 Start: GetValueOnFacets
 End:   GetValueOnFacets; Timer: cpu0=0.016 wall=0.014 
21.06.26 03:46:13    *SEND* for CScalarLayer, GUID=A3659819-C06E-40A1-8932-64A566FBB4DA
 Start: ComputeVolumeCharacteristics
 End:   ComputeVolumeCharacteristics; Timer: cpu0=0.000 wall=0.004 
 Start: GetValueOnFacets
 End:   GetValueOnFacets; Timer: cpu0=0.203 wall=0.051 
21.06.26 03:46:13    *SEND* for CIntegralCharsLayer, GUID=4E090A0C-544B-E4A2-4242-BEC451D7CD2B
21.06.26 03:46:13    *SEND* for CIntegralCharsLayer, GUID=927DEDC8-AF71-7A31-D608-FB7EA635069E
21.06.26 03:46:13    *SEND* for CIntegralCharsLayer, GUID=7EF96C33-7880-7A39-F672-8DCB17098C5C
 End:   ===== Processing Layers =====; Timer: cpu0=0.406 wall=0.101 

21.06.26 03:46:13  ===== New Time Step =====, Iter number =  67
 Start: TimeServis
 End:   TimeServis; Timer: cpu0=0.328 wall=0.042 
 Start: User modules' functions BeforeTimeStep() are calling
 End:   User modules' functions BeforeTimeStep() are calling; Timer: cpu0=0.000 wall=0.002 
 Start: Adaptation, TotalRealCellsCount= 96518 
 End:   Adaptation; Timer: cpu0=0.000 wall=0.004 
 Start: Initialize data arrays on chips
 End:   Initialize data arrays on chips, res= 0; Timer: cpu0=0.000 wall=0.002 
  ***** Maximum Geometrical Gauss = 2.31353e-14, cell= 690:6:6:6:0
  ***** Maximum MovingSurf  Gauss = 0, cell= 
 Start: Initialize data arrays on chips
 End:   Initialize data arrays on chips, res= 0; Timer: cpu0=0.000 wall=0.002 
 Start: TimeServis
 End:   TimeServis; Timer: cpu0=0.391 wall=0.055 
 Start: FindEnclaves
 End:   FindEnclaves; Timer: cpu0=0.250 wall=0.082 
 Start: VarValueService
 End:   VarValueService; Timer: cpu0=0.000 wall=0.001 
 Start: SolvePhaseEquation 
 End:   SolvePhaseEquation ; Timer: cpu0=16.203 wall=2.006 
 Start: SolidFiltersProcess: calculate forces and moments
 End:   SolidFiltersProcess: calculate forces and moments; Timer: cpu0=0.000 wall=0.002 
 Start: PrepareDataForNextStep
 End:   PrepareDataForNextStep; Timer: cpu0=0.516 wall=0.055 
 Start: VarValueService
 End:   VarValueService; Timer: cpu0=0.000 wall=0.001 
 Start: UpdateStopperData
 End:   UpdateStopperData; Timer: cpu0=0.000 wall=0.001 
 Start: Saving text status in E:\UniFlight\flow\Land_fv\data\Land.status
 End:   Saving text status in E:\UniFlight\flow\Land_fv\data\Land.status; Timer: cpu0=0.000 wall=0.002 
 End:   ===== Time Step =====, Iter number =  67; Timer: cpu0=18.031 wall=2.324 

21.06.26 03:46:16  ===== Processing Layers =====
21.06.26 03:46:16    *SEND* for CScalarLayer, GUID=0E21CAB5-1866-4124-A2B3-DEC499FA58E6
 Start: ComputeVolumeCharacteristics
 End:   ComputeVolumeCharacteristics; Timer: cpu0=0.000 wall=0.005 
 Start: GetValueOnFacets
 End:   GetValueOnFacets; Timer: cpu0=0.016 wall=0.016 
21.06.26 03:46:16    *SEND* for CScalarLayer, GUID=A3659819-C06E-40A1-8932-64A566FBB4DA
 Start: ComputeVolumeCharacteristics
 End:   ComputeVolumeCharacteristics; Timer: cpu0=0.000 wall=0.005 
 Start: GetValueOnFacets
 End:   GetValueOnFacets; Timer: cpu0=0.062 wall=0.052 
21.06.26 03:46:16    *SEND* for CIntegralCharsLayer, GUID=4E090A0C-544B-E4A2-4242-BEC451D7CD2B
21.06.26 03:46:16    *SEND* for CIntegralCharsLayer, GUID=927DEDC8-AF71-7A31-D608-FB7EA635069E
21.06.26 03:46:16    *SEND* for CIntegralCharsLayer, GUID=7EF96C33-7880-7A39-F672-8DCB17098C5C
 End:   ===== Processing Layers =====; Timer: cpu0=0.094 wall=0.104 

21.06.26 03:46:16  ===== New Time Step =====, Iter number =  68
 Start: TimeServis
 End:   TimeServis; Timer: cpu0=0.516 wall=0.041 
 Start: User modules' functions BeforeTimeStep() are calling
 End:   User modules' functions BeforeTimeStep() are calling; Timer: cpu0=0.000 wall=0.002 
 Start: Adaptation, TotalRealCellsCount= 96518 
 End:   Adaptation; Timer: cpu0=0.000 wall=0.004 
 Start: Initialize data arrays on chips
 End:   Initialize data arrays on chips, res= 0; Timer: cpu0=0.000 wall=0.001 
  ***** Maximum Geometrical Gauss = 2.31353e-14, cell= 690:6:6:6:0
  ***** Maximum MovingSurf  Gauss = 0, cell= 
 Start: Initialize data arrays on chips
 End:   Initialize data arrays on chips, res= 0; Timer: cpu0=0.000 wall=0.002 
 Start: TimeServis
 End:   TimeServis; Timer: cpu0=0.531 wall=0.051 
 Start: FindEnclaves
 End:   FindEnclaves; Timer: cpu0=0.078 wall=0.082 
 Start: VarValueService
 End:   VarValueService; Timer: cpu0=0.109 wall=0.001 
 Start: SolvePhaseEquation 
 End:   SolvePhaseEquation ; Timer: cpu0=16.469 wall=1.979 
 Start: SolidFiltersProcess: calculate forces and moments
 End:   SolidFiltersProcess: calculate forces and moments; Timer: cpu0=0.000 wall=0.002 
 Start: PrepareDataForNextStep
 End:   PrepareDataForNextStep; Timer: cpu0=0.422 wall=0.061 
 Start: VarValueService
 End:   VarValueService; Timer: cpu0=0.000 wall=0.002 
 Start: UpdateStopperData
 End:   UpdateStopperData; Timer: cpu0=0.000 wall=0.001 
 Start: Saving text status in E:\UniFlight\flow\Land_fv\data\Land.status
 End:   Saving text status in E:\UniFlight\flow\Land_fv\data\Land.status; Timer: cpu0=0.000 wall=0.002 
 End:   ===== Time Step =====, Iter number =  68; Timer: cpu0=18.203 wall=2.299 

21.06.26 03:46:19  ===== Processing Layers =====
21.06.26 03:46:19    *SEND* for CScalarLayer, GUID=0E21CAB5-1866-4124-A2B3-DEC499FA58E6
 Start: ComputeVolumeCharacteristics
 End:   ComputeVolumeCharacteristics; Timer: cpu0=0.172 wall=0.004 
 Start: GetValueOnFacets
 End:   GetValueOnFacets; Timer: cpu0=0.016 wall=0.014 
21.06.26 03:46:19    *SEND* for CScalarLayer, GUID=A3659819-C06E-40A1-8932-64A566FBB4DA
 Start: ComputeVolumeCharacteristics
 End:   ComputeVolumeCharacteristics; Timer: cpu0=0.172 wall=0.004 
 Start: GetValueOnFacets
 End:   GetValueOnFacets; Timer: cpu0=0.078 wall=0.050 
21.06.26 03:46:19    *SEND* for CIntegralCharsLayer, GUID=4E090A0C-544B-E4A2-4242-BEC451D7CD2B
21.06.26 03:46:19    *SEND* for CIntegralCharsLayer, GUID=927DEDC8-AF71-7A31-D608-FB7EA635069E
21.06.26 03:46:19    *SEND* for CIntegralCharsLayer, GUID=7EF96C33-7880-7A39-F672-8DCB17098C5C
 End:   ===== Processing Layers =====; Timer: cpu0=0.438 wall=0.107 

21.06.26 03:46:19  ===== New Time Step =====, Iter number =  69
 Start: TimeServis
 End:   TimeServis; Timer: cpu0=0.344 wall=0.040 
 Start: User modules' functions BeforeTimeStep() are calling
 End:   User modules' functions BeforeTimeStep() are calling; Timer: cpu0=0.000 wall=0.001 
 Start: Adaptation, TotalRealCellsCount= 96518 
 End:   Adaptation; Timer: cpu0=0.000 wall=0.005 
 Start: Initialize data arrays on chips
 End:   Initialize data arrays on chips, res= 0; Timer: cpu0=0.000 wall=0.002 
  ***** Maximum Geometrical Gauss = 2.31353e-14, cell= 690:6:6:6:0
  ***** Maximum MovingSurf  Gauss = 0, cell= 
 Start: Initialize data arrays on chips
 End:   Initialize data arrays on chips, res= 0; Timer: cpu0=0.000 wall=0.002 
 Start: TimeServis
 End:   TimeServis; Timer: cpu0=0.500 wall=0.051 
 Start: FindEnclaves
 End:   FindEnclaves; Timer: cpu0=0.078 wall=0.081 
 Start: VarValueService
 End:   VarValueService; Timer: cpu0=0.000 wall=0.002 
 Start: SolvePhaseEquation 
 End:   SolvePhaseEquation ; Timer: cpu0=17.094 wall=2.182 
 Start: SolidFiltersProcess: calculate forces and moments
 End:   SolidFiltersProcess: calculate forces and moments; Timer: cpu0=0.000 wall=0.001 
 Start: PrepareDataForNextStep
 End:   PrepareDataForNextStep; Timer: cpu0=0.375 wall=0.060 
 Start: VarValueService
 End:   VarValueService; Timer: cpu0=0.000 wall=0.002 
 Start: UpdateStopperData
 End:   UpdateStopperData; Timer: cpu0=0.000 wall=0.001 
 Start: Saving text status in E:\UniFlight\flow\Land_fv\data\Land.status
 End:   Saving text status in E:\UniFlight\flow\Land_fv\data\Land.status; Timer: cpu0=0.000 wall=0.003 
 End:   ===== Time Step =====, Iter number =  69; Timer: cpu0=18.594 wall=2.493 

21.06.26 03:46:21  ===== Processing Layers =====
21.06.26 03:46:21    *SEND* for CScalarLayer, GUID=0E21CAB5-1866-4124-A2B3-DEC499FA58E6
 Start: ComputeVolumeCharacteristics
 End:   ComputeVolumeCharacteristics; Timer: cpu0=0.000 wall=0.005 
 Start: GetValueOnFacets
 End:   GetValueOnFacets; Timer: cpu0=0.000 wall=0.013 
21.06.26 03:46:21    *SEND* for CScalarLayer, GUID=A3659819-C06E-40A1-8932-64A566FBB4DA
 Start: ComputeVolumeCharacteristics
 End:   ComputeVolumeCharacteristics; Timer: cpu0=0.000 wall=0.004 
 Start: GetValueOnFacets
 End:   GetValueOnFacets; Timer: cpu0=0.047 wall=0.054 
21.06.26 03:46:22    *SEND* for CIntegralCharsLayer, GUID=4E090A0C-544B-E4A2-4242-BEC451D7CD2B
21.06.26 03:46:22    *SEND* for CIntegralCharsLayer, GUID=927DEDC8-AF71-7A31-D608-FB7EA635069E
21.06.26 03:46:22    *SEND* for CIntegralCharsLayer, GUID=7EF96C33-7880-7A39-F672-8DCB17098C5C
 End:   ===== Processing Layers =====; Timer: cpu0=0.391 wall=0.107 

21.06.26 03:46:22  ===== New Time Step =====, Iter number =  70
 Start: TimeServis
 End:   TimeServis; Timer: cpu0=0.516 wall=0.038 
 Start: User modules' functions BeforeTimeStep() are calling
 End:   User modules' functions BeforeTimeStep() are calling; Timer: cpu0=0.000 wall=0.001 
 Start: Adaptation, TotalRealCellsCount= 96518 
 End:   Adaptation; Timer: cpu0=6.922 wall=0.888 
 Start: DistributeGridOnProcessors
 End:   DistributeGridOnProcessors, res= 0; Timer: cpu0=0.797 wall=0.197 
 Start: SetNeiHyperCells
 End:   SetNeiHyperCells, res= 0; Timer: cpu0=0.000 wall=0.007 
 Start: BuildFacetDistribution
 End:   BuildFacetDistribution; Timer: cpu0=0.000 wall=0.003 
 Start: Initialize data arrays on chips
 End:   Initialize data arrays on chips, res= 0; Timer: cpu0=0.000 wall=0.001 
  ***** Maximum Geometrical Gauss = 2.31353e-14, cell= 690:6:6:6:0
  ***** Maximum MovingSurf  Gauss = 1.02687e-13, cell= 900:4:6:0
 Start: Remove Small Cells
 End:   Remove Small Cells; Timer: cpu0=0.172 wall=0.019 
 Start: Initialize data arrays on chips
 End:   Initialize data arrays on chips, res= 0; Timer: cpu0=0.000 wall=0.003 
  ***** Maximum Geometrical Gauss = 2.31353e-14, cell= 690:6:6:6:0
  ***** Maximum MovingSurf  Gauss = 1.02687e-13, cell= 900:4:6:0
 Start: Initialize data arrays on chips
 End:   Initialize data arrays on chips, res= 0; Timer: cpu0=0.000 wall=0.002 
 Start: Modify Chip Data
 End:   Modify Chip Data; Timer: cpu0=0.500 wall=0.041 
 Start: TimeServis
 End:   TimeServis; Timer: cpu0=0.516 wall=0.053 
 Start: FindEnclaves
 End:   FindEnclaves; Timer: cpu0=0.094 wall=0.092 
 Start: VarValueService
 End:   VarValueService; Timer: cpu0=0.000 wall=0.003 
 Start: SolvePhaseEquation 
 End:   SolvePhaseEquation ; Timer: cpu0=17.359 wall=2.142 
 Start: SolidFiltersProcess: calculate forces and moments
 End:   SolidFiltersProcess: calculate forces and moments; Timer: cpu0=0.000 wall=0.002 
 Start: PrepareDataForNextStep
 End:   PrepareDataForNextStep; Timer: cpu0=0.234 wall=0.050 
 Start: VarValueService
 End:   VarValueService; Timer: cpu0=0.000 wall=0.002 
 Start: UpdateStopperData
 End:   UpdateStopperData; Timer: cpu0=0.000 wall=0.001 
 Start: Saving text status in E:\UniFlight\flow\Land_fv\data\Land.status
 End:   Saving text status in E:\UniFlight\flow\Land_fv\data\Land.status; Timer: cpu0=0.000 wall=0.002 
 End:   ===== Time Step =====, Iter number =  70; Timer: cpu0=27.812 wall=3.638 

21.06.26 03:46:25  ===== Processing Layers =====
21.06.26 03:46:25    *SEND* for CScalarLayer, GUID=0E21CAB5-1866-4124-A2B3-DEC499FA58E6
 Start: ComputeVolumeCharacteristics
 End:   ComputeVolumeCharacteristics; Timer: cpu0=0.000 wall=0.003 
 Start: GetValueOnFacets
 End:   GetValueOnFacets; Timer: cpu0=0.016 wall=0.012 
21.06.26 03:46:25    *SEND* for CScalarLayer, GUID=A3659819-C06E-40A1-8932-64A566FBB4DA
 Start: ComputeVolumeCharacteristics
 End:   ComputeVolumeCharacteristics; Timer: cpu0=0.000 wall=0.004 
 Start: GetValueOnFacets
 End:   GetValueOnFacets; Timer: cpu0=0.219 wall=0.055 
21.06.26 03:46:26    *SEND* for CIntegralCharsLayer, GUID=4E090A0C-544B-E4A2-4242-BEC451D7CD2B
21.06.26 03:46:26    *SEND* for CIntegralCharsLayer, GUID=927DEDC8-AF71-7A31-D608-FB7EA635069E
21.06.26 03:46:26    *SEND* for CIntegralCharsLayer, GUID=7EF96C33-7880-7A39-F672-8DCB17098C5C
 End:   ===== Processing Layers =====; Timer: cpu0=0.578 wall=0.109 

21.06.26 03:46:26  ===== New Time Step =====, Iter number =  71
 Start: TimeServis
 End:   TimeServis; Timer: cpu0=0.516 wall=0.040 
 Start: User modules' functions BeforeTimeStep() are calling
 End:   User modules' functions BeforeTimeStep() are calling; Timer: cpu0=0.000 wall=0.002 
 Start: Adaptation, TotalRealCellsCount= 98317 
 End:   Adaptation; Timer: cpu0=6.172 wall=0.776 
 Start: DistributeGridOnProcessors
 End:   DistributeGridOnProcessors, res= 0; Timer: cpu0=0.688 wall=0.196 
 Start: SetNeiHyperCells
 End:   SetNeiHyperCells, res= 0; Timer: cpu0=0.000 wall=0.008 
 Start: BuildFacetDistribution
 End:   BuildFacetDistribution; Timer: cpu0=0.000 wall=0.002 
 Start: Initialize data arrays on chips
 End:   Initialize data arrays on chips, res= 0; Timer: cpu0=0.000 wall=0.002 
  ***** Maximum Geometrical Gauss = 2.31353e-14, cell= 690:6:6:6:0
  ***** Maximum MovingSurf  Gauss = 8.33225e-14, cell= 895:2:6:0
 Start: Remove Small Cells
 End:   Remove Small Cells; Timer: cpu0=0.172 wall=0.019 
 Start: Initialize data arrays on chips
 End:   Initialize data arrays on chips, res= 0; Timer: cpu0=0.000 wall=0.002 
  ***** Maximum Geometrical Gauss = 2.31353e-14, cell= 690:6:6:6:0
  ***** Maximum MovingSurf  Gauss = 8.33225e-14, cell= 895:2:6:0
 Start: Initialize data arrays on chips
 End:   Initialize data arrays on chips, res= 0; Timer: cpu0=0.000 wall=0.002 
 Start: Modify Chip Data
 End:   Modify Chip Data; Timer: cpu0=0.344 wall=0.035 
 Start: TimeServis
 End:   TimeServis; Timer: cpu0=0.391 wall=0.048 
 Start: FindEnclaves
 End:   FindEnclaves; Timer: cpu0=0.094 wall=0.088 
 Start: VarValueService
 End:   VarValueService; Timer: cpu0=0.000 wall=0.001 
 Start: SolvePhaseEquation 
 End:   SolvePhaseEquation ; Timer: cpu0=16.406 wall=2.030 
 Start: SolidFiltersProcess: calculate forces and moments
 End:   SolidFiltersProcess: calculate forces and moments; Timer: cpu0=0.000 wall=0.002 
 Start: PrepareDataForNextStep
 End:   PrepareDataForNextStep; Timer: cpu0=0.516 wall=0.049 
 Start: VarValueService
 End:   VarValueService; Timer: cpu0=0.000 wall=0.002 
 Start: UpdateStopperData
 End:   UpdateStopperData; Timer: cpu0=0.000 wall=0.001 
 Start: Saving text status in E:\UniFlight\flow\Land_fv\data\Land.status
 End:   Saving text status in E:\UniFlight\flow\Land_fv\data\Land.status; Timer: cpu0=0.000 wall=0.002 
 End:   ===== Time Step =====, Iter number =  71; Timer: cpu0=25.656 wall=3.386 

21.06.26 03:46:29  ===== Processing Layers =====
21.06.26 03:46:29    *SEND* for CScalarLayer, GUID=0E21CAB5-1866-4124-A2B3-DEC499FA58E6
 Start: ComputeVolumeCharacteristics
 End:   ComputeVolumeCharacteristics; Timer: cpu0=0.000 wall=0.005 
 Start: GetValueOnFacets
 End:   GetValueOnFacets; Timer: cpu0=0.016 wall=0.013 
21.06.26 03:46:29    *SEND* for CScalarLayer, GUID=A3659819-C06E-40A1-8932-64A566FBB4DA
 Start: ComputeVolumeCharacteristics
 End:   ComputeVolumeCharacteristics; Timer: cpu0=0.000 wall=0.003 
 Start: GetValueOnFacets
 End:   GetValueOnFacets; Timer: cpu0=0.203 wall=0.051 
21.06.26 03:46:29    *SEND* for CIntegralCharsLayer, GUID=4E090A0C-544B-E4A2-4242-BEC451D7CD2B
21.06.26 03:46:29    *SEND* for CIntegralCharsLayer, GUID=927DEDC8-AF71-7A31-D608-FB7EA635069E
21.06.26 03:46:29    *SEND* for CIntegralCharsLayer, GUID=7EF96C33-7880-7A39-F672-8DCB17098C5C
 End:   ===== Processing Layers =====; Timer: cpu0=0.391 wall=0.103 

21.06.26 03:46:29  ===== New Time Step =====, Iter number =  72
 Start: TimeServis
 End:   TimeServis; Timer: cpu0=0.328 wall=0.046 
 Start: User modules' functions BeforeTimeStep() are calling
 End:   User modules' functions BeforeTimeStep() are calling; Timer: cpu0=0.000 wall=0.002 
 Start: Adaptation, TotalRealCellsCount= 96742 
 End:   Adaptation; Timer: cpu0=0.000 wall=0.004 
 Start: Initialize data arrays on chips
 End:   Initialize data arrays on chips, res= 0; Timer: cpu0=0.000 wall=0.002 
  ***** Maximum Geometrical Gauss = 2.31353e-14, cell= 690:6:6:6:0
  ***** Maximum MovingSurf  Gauss = 0, cell= 
 Start: Initialize data arrays on chips
 End:   Initialize data arrays on chips, res= 0; Timer: cpu0=0.000 wall=0.002 
 Start: TimeServis
 End:   TimeServis; Timer: cpu0=0.422 wall=0.055 
 Start: FindEnclaves
 End:   FindEnclaves; Timer: cpu0=0.078 wall=0.083 
 Start: VarValueService
 End:   VarValueService; Timer: cpu0=0.000 wall=0.001 
 Start: SolvePhaseEquation 
 End:   SolvePhaseEquation ; Timer: cpu0=16.391 wall=2.024 
 Start: SolidFiltersProcess: calculate forces and moments
 End:   SolidFiltersProcess: calculate forces and moments; Timer: cpu0=0.000 wall=0.002 
 Start: PrepareDataForNextStep
 End:   PrepareDataForNextStep; Timer: cpu0=0.500 wall=0.049 
 Start: VarValueService
 End:   VarValueService; Timer: cpu0=0.000 wall=0.002 
 Start: UpdateStopperData
 End:   UpdateStopperData; Timer: cpu0=0.000 wall=0.000 
 Start: Saving text status in E:\UniFlight\flow\Land_fv\data\Land.status
 End:   Saving text status in E:\UniFlight\flow\Land_fv\data\Land.status; Timer: cpu0=0.000 wall=0.002 
 End:   ===== Time Step =====, Iter number =  72; Timer: cpu0=18.047 wall=2.335 

21.06.26 03:46:32  ===== Processing Layers =====
21.06.26 03:46:32    *SEND* for CScalarLayer, GUID=0E21CAB5-1866-4124-A2B3-DEC499FA58E6
 Start: ComputeVolumeCharacteristics
 End:   ComputeVolumeCharacteristics; Timer: cpu0=0.000 wall=0.004 
 Start: GetValueOnFacets
 End:   GetValueOnFacets; Timer: cpu0=0.141 wall=0.013 
21.06.26 03:46:32    *SEND* for CScalarLayer, GUID=A3659819-C06E-40A1-8932-64A566FBB4DA
 Start: ComputeVolumeCharacteristics
 End:   ComputeVolumeCharacteristics; Timer: cpu0=0.000 wall=0.004 
 Start: GetValueOnFacets
 End:   GetValueOnFacets; Timer: cpu0=0.219 wall=0.052 
21.06.26 03:46:32    *SEND* for CIntegralCharsLayer, GUID=4E090A0C-544B-E4A2-4242-BEC451D7CD2B
21.06.26 03:46:32    *SEND* for CIntegralCharsLayer, GUID=927DEDC8-AF71-7A31-D608-FB7EA635069E
21.06.26 03:46:32    *SEND* for CIntegralCharsLayer, GUID=7EF96C33-7880-7A39-F672-8DCB17098C5C
 End:   ===== Processing Layers =====; Timer: cpu0=0.531 wall=0.103 

21.06.26 03:46:32  ===== New Time Step =====, Iter number =  73
 Start: TimeServis
 End:   TimeServis; Timer: cpu0=0.312 wall=0.039 
 Start: User modules' functions BeforeTimeStep() are calling
 End:   User modules' functions BeforeTimeStep() are calling; Timer: cpu0=0.000 wall=0.001 
 Start: Adaptation, TotalRealCellsCount= 96742 
 End:   Adaptation; Timer: cpu0=0.172 wall=0.005 
 Start: Initialize data arrays on chips
 End:   Initialize data arrays on chips, res= 0; Timer: cpu0=0.000 wall=0.002 
  ***** Maximum Geometrical Gauss = 2.31353e-14, cell= 690:6:6:6:0
  ***** Maximum MovingSurf  Gauss = 0, cell= 
 Start: Initialize data arrays on chips
 End:   Initialize data arrays on chips, res= 0; Timer: cpu0=0.000 wall=0.002 
 Start: TimeServis
 End:   TimeServis; Timer: cpu0=0.500 wall=0.051 
 Start: FindEnclaves
 End:   FindEnclaves; Timer: cpu0=0.078 wall=0.086 
 Start: VarValueService
 End:   VarValueService; Timer: cpu0=0.000 wall=0.002 
 Start: SolvePhaseEquation 
 End:   SolvePhaseEquation ; Timer: cpu0=15.734 wall=2.000 
 Start: SolidFiltersProcess: calculate forces and moments
 End:   SolidFiltersProcess: calculate forces and moments; Timer: cpu0=0.000 wall=0.002 
 Start: PrepareDataForNextStep
 End:   PrepareDataForNextStep; Timer: cpu0=0.250 wall=0.053 
 Start: VarValueService
 End:   VarValueService; Timer: cpu0=0.000 wall=0.002 
 Start: UpdateStopperData
 End:   UpdateStopperData; Timer: cpu0=0.000 wall=0.001 
 Start: Saving text status in E:\UniFlight\flow\Land_fv\data\Land.status
 End:   Saving text status in E:\UniFlight\flow\Land_fv\data\Land.status; Timer: cpu0=0.000 wall=0.002 
 End:   ===== Time Step =====, Iter number =  73; Timer: cpu0=17.203 wall=2.311 

21.06.26 03:46:35  ===== Processing Layers =====
21.06.26 03:46:35    *SEND* for CScalarLayer, GUID=0E21CAB5-1866-4124-A2B3-DEC499FA58E6
 Start: ComputeVolumeCharacteristics
 End:   ComputeVolumeCharacteristics; Timer: cpu0=0.000 wall=0.004 
 Start: GetValueOnFacets
 End:   GetValueOnFacets; Timer: cpu0=0.172 wall=0.011 
21.06.26 03:46:35    *SEND* for CScalarLayer, GUID=A3659819-C06E-40A1-8932-64A566FBB4DA
 Start: ComputeVolumeCharacteristics
 End:   ComputeVolumeCharacteristics; Timer: cpu0=0.000 wall=0.003 
 Start: GetValueOnFacets
 End:   GetValueOnFacets; Timer: cpu0=0.219 wall=0.059 
21.06.26 03:46:35    *SEND* for CIntegralCharsLayer, GUID=4E090A0C-544B-E4A2-4242-BEC451D7CD2B
21.06.26 03:46:35    *SEND* for CIntegralCharsLayer, GUID=927DEDC8-AF71-7A31-D608-FB7EA635069E
21.06.26 03:46:35    *SEND* for CIntegralCharsLayer, GUID=7EF96C33-7880-7A39-F672-8DCB17098C5C
 End:   ===== Processing Layers =====; Timer: cpu0=0.562 wall=0.107 

21.06.26 03:46:35  ===== New Time Step =====, Iter number =  74
 Start: TimeServis
 End:   TimeServis; Timer: cpu0=0.516 wall=0.039 
 Start: User modules' functions BeforeTimeStep() are calling
 End:   User modules' functions BeforeTimeStep() are calling; Timer: cpu0=0.000 wall=0.001 
 Start: Adaptation, TotalRealCellsCount= 96742 
 End:   Adaptation; Timer: cpu0=0.172 wall=0.005 
 Start: Initialize data arrays on chips
 End:   Initialize data arrays on chips, res= 0; Timer: cpu0=0.000 wall=0.002 
  ***** Maximum Geometrical Gauss = 2.31353e-14, cell= 690:6:6:6:0
  ***** Maximum MovingSurf  Gauss = 0, cell= 
 Start: Initialize data arrays on chips
 End:   Initialize data arrays on chips, res= 0; Timer: cpu0=0.000 wall=0.002 
 Start: TimeServis
 End:   TimeServis; Timer: cpu0=0.516 wall=0.050 
 Start: FindEnclaves
 End:   FindEnclaves; Timer: cpu0=0.078 wall=0.086 
 Start: VarValueService
 End:   VarValueService; Timer: cpu0=0.000 wall=0.001 
 Start: SolvePhaseEquation 
 End:   SolvePhaseEquation ; Timer: cpu0=15.562 wall=2.026 
 Start: SolidFiltersProcess: calculate forces and moments
 End:   SolidFiltersProcess: calculate forces and moments; Timer: cpu0=0.000 wall=0.003 
 Start: PrepareDataForNextStep
 End:   PrepareDataForNextStep; Timer: cpu0=0.484 wall=0.051 
 Start: VarValueService
 End:   VarValueService; Timer: cpu0=0.000 wall=0.001 
 Start: UpdateStopperData
 End:   UpdateStopperData; Timer: cpu0=0.000 wall=0.001 
 Start: Saving text status in E:\UniFlight\flow\Land_fv\data\Land.status
 End:   Saving text status in E:\UniFlight\flow\Land_fv\data\Land.status; Timer: cpu0=0.000 wall=0.002 
 End:   ===== Time Step =====, Iter number =  74; Timer: cpu0=17.531 wall=2.336 

21.06.26 03:46:37  ===== Processing Layers =====
21.06.26 03:46:37    *SEND* for CScalarLayer, GUID=0E21CAB5-1866-4124-A2B3-DEC499FA58E6
 Start: ComputeVolumeCharacteristics
 End:   ComputeVolumeCharacteristics; Timer: cpu0=0.141 wall=0.005 
 Start: GetValueOnFacets
 End:   GetValueOnFacets; Timer: cpu0=0.156 wall=0.014 
21.06.26 03:46:37    *SEND* for CScalarLayer, GUID=A3659819-C06E-40A1-8932-64A566FBB4DA
 Start: ComputeVolumeCharacteristics
 End:   ComputeVolumeCharacteristics; Timer: cpu0=0.172 wall=0.004 
 Start: GetValueOnFacets
 End:   GetValueOnFacets; Timer: cpu0=0.062 wall=0.059 
21.06.26 03:46:38    *SEND* for CIntegralCharsLayer, GUID=4E090A0C-544B-E4A2-4242-BEC451D7CD2B
21.06.26 03:46:38    *SEND* for CIntegralCharsLayer, GUID=927DEDC8-AF71-7A31-D608-FB7EA635069E
21.06.26 03:46:38    *SEND* for CIntegralCharsLayer, GUID=7EF96C33-7880-7A39-F672-8DCB17098C5C
 End:   ===== Processing Layers =====; Timer: cpu0=0.531 wall=0.116 

21.06.26 03:46:38  ===== New Time Step =====, Iter number =  75
 Start: TimeServis
 End:   TimeServis; Timer: cpu0=0.219 wall=0.038 
 Start: User modules' functions BeforeTimeStep() are calling
 End:   User modules' functions BeforeTimeStep() are calling; Timer: cpu0=0.016 wall=0.001 
 Start: Adaptation, TotalRealCellsCount= 96742 
 End:   Adaptation; Timer: cpu0=0.000 wall=0.004 
 Start: Initialize data arrays on chips
 End:   Initialize data arrays on chips, res= 0; Timer: cpu0=0.000 wall=0.002 
  ***** Maximum Geometrical Gauss = 2.31353e-14, cell= 690:6:6:6:0
  ***** Maximum MovingSurf  Gauss = 0, cell= 
 Start: Initialize data arrays on chips
 End:   Initialize data arrays on chips, res= 0; Timer: cpu0=0.000 wall=0.002 
 Start: TimeServis
 End:   TimeServis; Timer: cpu0=0.328 wall=0.045 
 Start: FindEnclaves
 End:   FindEnclaves; Timer: cpu0=0.078 wall=0.093 
 Start: VarValueService
 End:   VarValueService; Timer: cpu0=0.000 wall=0.001 
 Start: SolvePhaseEquation 
 End:   SolvePhaseEquation ; Timer: cpu0=16.875 wall=2.039 
 Start: SolidFiltersProcess: calculate forces and moments
 End:   SolidFiltersProcess: calculate forces and moments; Timer: cpu0=0.000 wall=0.002 
 Start: PrepareDataForNextStep
 End:   PrepareDataForNextStep; Timer: cpu0=0.281 wall=0.053 
 Start: VarValueService
 End:   VarValueService; Timer: cpu0=0.000 wall=0.001 
 Start: UpdateStopperData
 End:   UpdateStopperData; Timer: cpu0=0.000 wall=0.002 
 Start: Saving text status in E:\UniFlight\flow\Land_fv\data\Land.status
 End:   Saving text status in E:\UniFlight\flow\Land_fv\data\Land.status; Timer: cpu0=0.000 wall=0.002 
 End:   ===== Time Step =====, Iter number =  75; Timer: cpu0=18.312 wall=2.352 

21.06.26 03:46:40  ===== Processing Layers =====
21.06.26 03:46:40    *SEND* for CScalarLayer, GUID=0E21CAB5-1866-4124-A2B3-DEC499FA58E6
 Start: ComputeVolumeCharacteristics
 End:   ComputeVolumeCharacteristics; Timer: cpu0=0.172 wall=0.005 
 Start: GetValueOnFacets
 End:   GetValueOnFacets; Timer: cpu0=0.016 wall=0.014 
21.06.26 03:46:40    *SEND* for CScalarLayer, GUID=A3659819-C06E-40A1-8932-64A566FBB4DA
 Start: ComputeVolumeCharacteristics
 End:   ComputeVolumeCharacteristics; Timer: cpu0=0.172 wall=0.004 
 Start: GetValueOnFacets
 End:   GetValueOnFacets; Timer: cpu0=0.203 wall=0.050 
21.06.26 03:46:40    *SEND* for CIntegralCharsLayer, GUID=4E090A0C-544B-E4A2-4242-BEC451D7CD2B
21.06.26 03:46:40    *SEND* for CIntegralCharsLayer, GUID=927DEDC8-AF71-7A31-D608-FB7EA635069E
21.06.26 03:46:40    *SEND* for CIntegralCharsLayer, GUID=7EF96C33-7880-7A39-F672-8DCB17098C5C
 End:   ===== Processing Layers =====; Timer: cpu0=0.562 wall=0.104 

21.06.26 03:46:40  ===== New Time Step =====, Iter number =  76
 Start: TimeServis
 End:   TimeServis; Timer: cpu0=0.297 wall=0.040 
 Start: User modules' functions BeforeTimeStep() are calling
 End:   User modules' functions BeforeTimeStep() are calling; Timer: cpu0=0.000 wall=0.001 
 Start: Adaptation, TotalRealCellsCount= 96742 
 End:   Adaptation; Timer: cpu0=0.000 wall=0.004 
 Start: Initialize data arrays on chips
 End:   Initialize data arrays on chips, res= 0; Timer: cpu0=0.000 wall=0.001 
  ***** Maximum Geometrical Gauss = 2.31353e-14, cell= 690:6:6:6:0
  ***** Maximum MovingSurf  Gauss = 0, cell= 
 Start: Initialize data arrays on chips
 End:   Initialize data arrays on chips, res= 0; Timer: cpu0=0.000 wall=0.002 
 Start: TimeServis
 End:   TimeServis; Timer: cpu0=0.547 wall=0.055 
 Start: FindEnclaves
 End:   FindEnclaves; Timer: cpu0=0.094 wall=0.091 
 Start: VarValueService
 End:   VarValueService; Timer: cpu0=0.000 wall=0.001 
 Start: SolvePhaseEquation 
 End:   SolvePhaseEquation ; Timer: cpu0=16.453 wall=1.998 
 Start: SolidFiltersProcess: calculate forces and moments
 End:   SolidFiltersProcess: calculate forces and moments; Timer: cpu0=0.000 wall=0.002 
 Start: PrepareDataForNextStep
 End:   PrepareDataForNextStep; Timer: cpu0=0.328 wall=0.057 
 Start: VarValueService
 End:   VarValueService; Timer: cpu0=0.000 wall=0.001 
 Start: UpdateStopperData
 End:   UpdateStopperData; Timer: cpu0=0.000 wall=0.001 
 Start: Saving text status in E:\UniFlight\flow\Land_fv\data\Land.status
 End:   Saving text status in E:\UniFlight\flow\Land_fv\data\Land.status; Timer: cpu0=0.000 wall=0.002 
 End:   ===== Time Step =====, Iter number =  76; Timer: cpu0=17.984 wall=2.320 

21.06.26 03:46:43  ===== Processing Layers =====
21.06.26 03:46:43    *SEND* for CScalarLayer, GUID=0E21CAB5-1866-4124-A2B3-DEC499FA58E6
 Start: ComputeVolumeCharacteristics
 End:   ComputeVolumeCharacteristics; Timer: cpu0=0.000 wall=0.004 
 Start: GetValueOnFacets
 End:   GetValueOnFacets; Timer: cpu0=0.016 wall=0.013 
21.06.26 03:46:43    *SEND* for CScalarLayer, GUID=A3659819-C06E-40A1-8932-64A566FBB4DA
 Start: ComputeVolumeCharacteristics
 End:   ComputeVolumeCharacteristics; Timer: cpu0=0.000 wall=0.004 
 Start: GetValueOnFacets
 End:   GetValueOnFacets; Timer: cpu0=0.203 wall=0.053 
21.06.26 03:46:43    *SEND* for CIntegralCharsLayer, GUID=4E090A0C-544B-E4A2-4242-BEC451D7CD2B
21.06.26 03:46:43    *SEND* for CIntegralCharsLayer, GUID=927DEDC8-AF71-7A31-D608-FB7EA635069E
21.06.26 03:46:43    *SEND* for CIntegralCharsLayer, GUID=7EF96C33-7880-7A39-F672-8DCB17098C5C
 End:   ===== Processing Layers =====; Timer: cpu0=0.391 wall=0.106 

21.06.26 03:46:43  ===== New Time Step =====, Iter number =  77
 Start: TimeServis
 End:   TimeServis; Timer: cpu0=0.344 wall=0.041 
 Start: User modules' functions BeforeTimeStep() are calling
 End:   User modules' functions BeforeTimeStep() are calling; Timer: cpu0=0.000 wall=0.002 
 Start: Adaptation, TotalRealCellsCount= 96742 
 End:   Adaptation; Timer: cpu0=0.000 wall=0.004 
 Start: Initialize data arrays on chips
 End:   Initialize data arrays on chips, res= 0; Timer: cpu0=0.000 wall=0.002 
  ***** Maximum Geometrical Gauss = 2.31353e-14, cell= 690:6:6:6:0
  ***** Maximum MovingSurf  Gauss = 0, cell= 
 Start: Initialize data arrays on chips
 End:   Initialize data arrays on chips, res= 0; Timer: cpu0=0.000 wall=0.002 
 Start: TimeServis
 End:   TimeServis; Timer: cpu0=0.516 wall=0.053 
 Start: FindEnclaves
 End:   FindEnclaves; Timer: cpu0=0.078 wall=0.084 
 Start: VarValueService
 End:   VarValueService; Timer: cpu0=0.000 wall=0.002 
 Start: SolvePhaseEquation 
 End:   SolvePhaseEquation ; Timer: cpu0=16.906 wall=2.007 
 Start: SolidFiltersProcess: calculate forces and moments
 End:   SolidFiltersProcess: calculate forces and moments; Timer: cpu0=0.000 wall=0.002 
 Start: PrepareDataForNextStep
 End:   PrepareDataForNextStep; Timer: cpu0=0.359 wall=0.068 
 Start: VarValueService
 End:   VarValueService; Timer: cpu0=0.000 wall=0.002 
 Start: UpdateStopperData
 End:   UpdateStopperData; Timer: cpu0=0.000 wall=0.001 
 Start: Saving text status in E:\UniFlight\flow\Land_fv\data\Land.status
 End:   Saving text status in E:\UniFlight\flow\Land_fv\data\Land.status; Timer: cpu0=0.000 wall=0.002 
 End:   ===== Time Step =====, Iter number =  77; Timer: cpu0=18.547 wall=2.329 

21.06.26 03:46:46  ===== Processing Layers =====
21.06.26 03:46:46    *SEND* for CScalarLayer, GUID=0E21CAB5-1866-4124-A2B3-DEC499FA58E6
 Start: ComputeVolumeCharacteristics
 End:   ComputeVolumeCharacteristics; Timer: cpu0=0.000 wall=0.004 
 Start: GetValueOnFacets
 End:   GetValueOnFacets; Timer: cpu0=0.016 wall=0.014 
21.06.26 03:46:46    *SEND* for CScalarLayer, GUID=A3659819-C06E-40A1-8932-64A566FBB4DA
 Start: ComputeVolumeCharacteristics
 End:   ComputeVolumeCharacteristics; Timer: cpu0=0.000 wall=0.004 
 Start: GetValueOnFacets
 End:   GetValueOnFacets; Timer: cpu0=0.062 wall=0.053 
21.06.26 03:46:46    *SEND* for CIntegralCharsLayer, GUID=4E090A0C-544B-E4A2-4242-BEC451D7CD2B
21.06.26 03:46:46    *SEND* for CIntegralCharsLayer, GUID=927DEDC8-AF71-7A31-D608-FB7EA635069E
21.06.26 03:46:46    *SEND* for CIntegralCharsLayer, GUID=7EF96C33-7880-7A39-F672-8DCB17098C5C
 End:   ===== Processing Layers =====; Timer: cpu0=0.266 wall=0.105 

21.06.26 03:46:46  ===== New Time Step =====, Iter number =  78
 Start: TimeServis
 End:   TimeServis; Timer: cpu0=0.516 wall=0.041 
 Start: User modules' functions BeforeTimeStep() are calling
 End:   User modules' functions BeforeTimeStep() are calling; Timer: cpu0=0.000 wall=0.001 
 Start: Adaptation, TotalRealCellsCount= 96742 
 End:   Adaptation; Timer: cpu0=0.000 wall=0.005 
 Start: Initialize data arrays on chips
 End:   Initialize data arrays on chips, res= 0; Timer: cpu0=0.000 wall=0.002 
  ***** Maximum Geometrical Gauss = 2.31353e-14, cell= 690:6:6:6:0
  ***** Maximum MovingSurf  Gauss = 0, cell= 
 Start: Initialize data arrays on chips
 End:   Initialize data arrays on chips, res= 0; Timer: cpu0=0.000 wall=0.002 
 Start: TimeServis
 End:   TimeServis; Timer: cpu0=0.531 wall=0.053 
 Start: FindEnclaves
 End:   FindEnclaves; Timer: cpu0=0.078 wall=0.084 
 Start: VarValueService
 End:   VarValueService; Timer: cpu0=0.000 wall=0.001 
 Start: SolvePhaseEquation 
 End:   SolvePhaseEquation ; Timer: cpu0=16.812 wall=2.016 
 Start: SolidFiltersProcess: calculate forces and moments
 End:   SolidFiltersProcess: calculate forces and moments; Timer: cpu0=0.000 wall=0.002 
 Start: PrepareDataForNextStep
 End:   PrepareDataForNextStep; Timer: cpu0=0.438 wall=0.052 
 Start: VarValueService
 End:   VarValueService; Timer: cpu0=0.172 wall=0.001 
 Start: UpdateStopperData
 End:   UpdateStopperData; Timer: cpu0=0.000 wall=0.001 
 Start: Saving text status in E:\UniFlight\flow\Land_fv\data\Land.status
 End:   Saving text status in E:\UniFlight\flow\Land_fv\data\Land.status; Timer: cpu0=0.000 wall=0.003 
 End:   ===== Time Step =====, Iter number =  78; Timer: cpu0=18.891 wall=2.322 

21.06.26 03:46:48  ===== Processing Layers =====
21.06.26 03:46:48    *SEND* for CScalarLayer, GUID=0E21CAB5-1866-4124-A2B3-DEC499FA58E6
 Start: ComputeVolumeCharacteristics
 End:   ComputeVolumeCharacteristics; Timer: cpu0=0.000 wall=0.005 
 Start: GetValueOnFacets
 End:   GetValueOnFacets; Timer: cpu0=0.016 wall=0.013 
21.06.26 03:46:48    *SEND* for CScalarLayer, GUID=A3659819-C06E-40A1-8932-64A566FBB4DA
 Start: ComputeVolumeCharacteristics
 End:   ComputeVolumeCharacteristics; Timer: cpu0=0.000 wall=0.004 
 Start: GetValueOnFacets
 End:   GetValueOnFacets; Timer: cpu0=0.203 wall=0.053 
21.06.26 03:46:48    *SEND* for CIntegralCharsLayer, GUID=4E090A0C-544B-E4A2-4242-BEC451D7CD2B
21.06.26 03:46:48    *SEND* for CIntegralCharsLayer, GUID=927DEDC8-AF71-7A31-D608-FB7EA635069E
21.06.26 03:46:48    *SEND* for CIntegralCharsLayer, GUID=7EF96C33-7880-7A39-F672-8DCB17098C5C
 End:   ===== Processing Layers =====; Timer: cpu0=0.422 wall=0.105 

21.06.26 03:46:48  ===== New Time Step =====, Iter number =  79
 Start: TimeServis
 End:   TimeServis; Timer: cpu0=0.422 wall=0.038 
 Start: User modules' functions BeforeTimeStep() are calling
 End:   User modules' functions BeforeTimeStep() are calling; Timer: cpu0=0.000 wall=0.002 
 Start: Adaptation, TotalRealCellsCount= 96742 
 End:   Adaptation; Timer: cpu0=0.000 wall=0.004 
 Start: Initialize data arrays on chips
 End:   Initialize data arrays on chips, res= 0; Timer: cpu0=0.000 wall=0.002 
  ***** Maximum Geometrical Gauss = 2.31353e-14, cell= 690:6:6:6:0
  ***** Maximum MovingSurf  Gauss = 0, cell= 
 Start: Initialize data arrays on chips
 End:   Initialize data arrays on chips, res= 0; Timer: cpu0=0.172 wall=0.002 
 Start: TimeServis
 End:   TimeServis; Timer: cpu0=0.516 wall=0.056 
 Start: FindEnclaves
 End:   FindEnclaves; Timer: cpu0=0.062 wall=0.084 
 Start: VarValueService
 End:   VarValueService; Timer: cpu0=0.000 wall=0.002 
 Start: SolvePhaseEquation 
 End:   SolvePhaseEquation ; Timer: cpu0=16.375 wall=2.020 
 Start: SolidFiltersProcess: calculate forces and moments
 End:   SolidFiltersProcess: calculate forces and moments; Timer: cpu0=0.000 wall=0.002 
 Start: PrepareDataForNextStep
 End:   PrepareDataForNextStep; Timer: cpu0=0.516 wall=0.053 
 Start: VarValueService
 End:   VarValueService; Timer: cpu0=0.000 wall=0.001 
 Start: UpdateStopperData
 End:   UpdateStopperData; Timer: cpu0=0.000 wall=0.001 
 Start: Saving text status in E:\UniFlight\flow\Land_fv\data\Land.status
 End:   Saving text status in E:\UniFlight\flow\Land_fv\data\Land.status; Timer: cpu0=0.000 wall=0.002 
 End:   ===== Time Step =====, Iter number =  79; Timer: cpu0=18.219 wall=2.334 

21.06.26 03:46:51  ===== Processing Layers =====
21.06.26 03:46:51    *SEND* for CScalarLayer, GUID=0E21CAB5-1866-4124-A2B3-DEC499FA58E6
 Start: ComputeVolumeCharacteristics
 End:   ComputeVolumeCharacteristics; Timer: cpu0=0.000 wall=0.004 
 Start: GetValueOnFacets
 End:   GetValueOnFacets; Timer: cpu0=0.000 wall=0.013 
21.06.26 03:46:51    *SEND* for CScalarLayer, GUID=A3659819-C06E-40A1-8932-64A566FBB4DA
 Start: ComputeVolumeCharacteristics
 End:   ComputeVolumeCharacteristics; Timer: cpu0=0.000 wall=0.004 
 Start: GetValueOnFacets
 End:   GetValueOnFacets; Timer: cpu0=0.031 wall=0.049 
21.06.26 03:46:51    *SEND* for CIntegralCharsLayer, GUID=4E090A0C-544B-E4A2-4242-BEC451D7CD2B
21.06.26 03:46:51    *SEND* for CIntegralCharsLayer, GUID=927DEDC8-AF71-7A31-D608-FB7EA635069E
21.06.26 03:46:51    *SEND* for CIntegralCharsLayer, GUID=7EF96C33-7880-7A39-F672-8DCB17098C5C
 End:   ===== Processing Layers =====; Timer: cpu0=0.031 wall=0.103 

21.06.26 03:46:51  ===== New Time Step =====, Iter number =  80
 Start: TimeServis
 End:   TimeServis; Timer: cpu0=0.344 wall=0.043 
 Start: User modules' functions BeforeTimeStep() are calling
 End:   User modules' functions BeforeTimeStep() are calling; Timer: cpu0=0.000 wall=0.001 
 Start: Adaptation, TotalRealCellsCount= 96742 
 End:   Adaptation; Timer: cpu0=6.781 wall=0.855 
 Start: DistributeGridOnProcessors
 End:   DistributeGridOnProcessors, res= 0; Timer: cpu0=0.766 wall=0.197 
 Start: SetNeiHyperCells
 End:   SetNeiHyperCells, res= 0; Timer: cpu0=0.000 wall=0.008 
 Start: BuildFacetDistribution
 End:   BuildFacetDistribution; Timer: cpu0=0.000 wall=0.002 
 Start: Initialize data arrays on chips
 End:   Initialize data arrays on chips, res= 0; Timer: cpu0=0.000 wall=0.002 
  ***** Maximum Geometrical Gauss = 2.31353e-14, cell= 690:6:6:6:0
  ***** Maximum MovingSurf  Gauss = 8.05951e-14, cell= 895:2:2:0
 Start: Remove Small Cells
 End:   Remove Small Cells; Timer: cpu0=0.172 wall=0.019 
 Start: Initialize data arrays on chips
 End:   Initialize data arrays on chips, res= 0; Timer: cpu0=0.000 wall=0.002 
  ***** Maximum Geometrical Gauss = 2.31353e-14, cell= 690:6:6:6:0
  ***** Maximum MovingSurf  Gauss = 8.05951e-14, cell= 895:2:2:0
 Start: Initialize data arrays on chips
 End:   Initialize data arrays on chips, res= 0; Timer: cpu0=0.000 wall=0.002 
 Start: Modify Chip Data
 End:   Modify Chip Data; Timer: cpu0=0.359 wall=0.037 
 Start: TimeServis
 End:   TimeServis; Timer: cpu0=0.516 wall=0.050 
 Start: FindEnclaves
 End:   FindEnclaves; Timer: cpu0=0.094 wall=0.097 
 Start: VarValueService
 End:   VarValueService; Timer: cpu0=0.000 wall=0.002 
 Start: SolvePhaseEquation 
 End:   SolvePhaseEquation ; Timer: cpu0=16.922 wall=2.106 
 Start: SolidFiltersProcess: calculate forces and moments
 End:   SolidFiltersProcess: calculate forces and moments; Timer: cpu0=0.000 wall=0.003 
 Start: PrepareDataForNextStep
 End:   PrepareDataForNextStep; Timer: cpu0=0.266 wall=0.062 
 Start: VarValueService
 End:   VarValueService; Timer: cpu0=0.000 wall=0.001 
 Start: UpdateStopperData
 End:   UpdateStopperData; Timer: cpu0=0.000 wall=0.000 
 Start: Saving text status in E:\UniFlight\flow\Land_fv\data\Land.status
 End:   Saving text status in E:\UniFlight\flow\Land_fv\data\Land.status; Timer: cpu0=0.000 wall=0.002 
 End:   ===== Time Step =====, Iter number =  80; Timer: cpu0=26.875 wall=3.588 

21.06.26 03:46:55  ===== Processing Layers =====
21.06.26 03:46:55    *SEND* for CScalarLayer, GUID=0E21CAB5-1866-4124-A2B3-DEC499FA58E6
 Start: ComputeVolumeCharacteristics
 End:   ComputeVolumeCharacteristics; Timer: cpu0=0.000 wall=0.005 
 Start: GetValueOnFacets
 End:   GetValueOnFacets; Timer: cpu0=0.000 wall=0.013 
21.06.26 03:46:55    *SEND* for CScalarLayer, GUID=A3659819-C06E-40A1-8932-64A566FBB4DA
 Start: ComputeVolumeCharacteristics
 End:   ComputeVolumeCharacteristics; Timer: cpu0=0.000 wall=0.004 
 Start: GetValueOnFacets
 End:   GetValueOnFacets; Timer: cpu0=0.062 wall=0.050 
21.06.26 03:46:55    *SEND* for CIntegralCharsLayer, GUID=4E090A0C-544B-E4A2-4242-BEC451D7CD2B
21.06.26 03:46:55    *SEND* for CIntegralCharsLayer, GUID=927DEDC8-AF71-7A31-D608-FB7EA635069E
21.06.26 03:46:55    *SEND* for CIntegralCharsLayer, GUID=7EF96C33-7880-7A39-F672-8DCB17098C5C
 End:   ===== Processing Layers =====; Timer: cpu0=0.062 wall=0.101 

21.06.26 03:46:55  ===== New Time Step =====, Iter number =  81
 Start: TimeServis
 End:   TimeServis; Timer: cpu0=0.344 wall=0.043 
 Start: User modules' functions BeforeTimeStep() are calling
 End:   User modules' functions BeforeTimeStep() are calling; Timer: cpu0=0.000 wall=0.002 
 Start: Adaptation, TotalRealCellsCount= 98471 
 End:   Adaptation; Timer: cpu0=6.266 wall=0.762 
 Start: DistributeGridOnProcessors
 End:   DistributeGridOnProcessors, res= 0; Timer: cpu0=0.516 wall=0.193 
 Start: SetNeiHyperCells
 End:   SetNeiHyperCells, res= 0; Timer: cpu0=0.000 wall=0.007 
 Start: BuildFacetDistribution
 End:   BuildFacetDistribution; Timer: cpu0=0.000 wall=0.002 
 Start: Initialize data arrays on chips
 End:   Initialize data arrays on chips, res= 0; Timer: cpu0=0.000 wall=0.002 
  ***** Maximum Geometrical Gauss = 2.31353e-14, cell= 690:6:6:6:0
  ***** Maximum MovingSurf  Gauss = 8.05951e-14, cell= 895:2:2:7:0
 Start: Remove Small Cells
 End:   Remove Small Cells; Timer: cpu0=0.172 wall=0.018 
 Start: Initialize data arrays on chips
 End:   Initialize data arrays on chips, res= 0; Timer: cpu0=0.000 wall=0.003 
  ***** Maximum Geometrical Gauss = 2.31353e-14, cell= 690:6:6:6:0
  ***** Maximum MovingSurf  Gauss = 8.05951e-14, cell= 895:2:2:7:0
 Start: Initialize data arrays on chips
 End:   Initialize data arrays on chips, res= 0; Timer: cpu0=0.000 wall=0.002 
 Start: Modify Chip Data
 End:   Modify Chip Data; Timer: cpu0=0.344 wall=0.035 
 Start: TimeServis
 End:   TimeServis; Timer: cpu0=0.562 wall=0.059 
 Start: FindEnclaves
 End:   FindEnclaves; Timer: cpu0=0.062 wall=0.086 
 Start: VarValueService
 End:   VarValueService; Timer: cpu0=0.000 wall=0.001 
 Start: SolvePhaseEquation 
 End:   SolvePhaseEquation ; Timer: cpu0=16.906 wall=1.978 
 Start: SolidFiltersProcess: calculate forces and moments
 End:   SolidFiltersProcess: calculate forces and moments; Timer: cpu0=0.000 wall=0.002 
 Start: PrepareDataForNextStep
 End:   PrepareDataForNextStep; Timer: cpu0=0.281 wall=0.058 
 Start: VarValueService
 End:   VarValueService; Timer: cpu0=0.000 wall=0.002 
 Start: UpdateStopperData
 End:   UpdateStopperData; Timer: cpu0=0.000 wall=0.001 
 Start: Saving text status in E:\UniFlight\flow\Land_fv\data\Land.status
 End:   Saving text status in E:\UniFlight\flow\Land_fv\data\Land.status; Timer: cpu0=0.000 wall=0.002 
 End:   ===== Time Step =====, Iter number =  81; Timer: cpu0=25.766 wall=3.352 

21.06.26 03:46:59  ===== Processing Layers =====
21.06.26 03:46:59    *SEND* for CScalarLayer, GUID=0E21CAB5-1866-4124-A2B3-DEC499FA58E6
 Start: ComputeVolumeCharacteristics
 End:   ComputeVolumeCharacteristics; Timer: cpu0=0.000 wall=0.005 
 Start: GetValueOnFacets
 End:   GetValueOnFacets; Timer: cpu0=0.016 wall=0.015 
21.06.26 03:46:59    *SEND* for CScalarLayer, GUID=A3659819-C06E-40A1-8932-64A566FBB4DA
 Start: ComputeVolumeCharacteristics
 End:   ComputeVolumeCharacteristics; Timer: cpu0=0.000 wall=0.004 
 Start: GetValueOnFacets
 End:   GetValueOnFacets; Timer: cpu0=0.203 wall=0.051 
21.06.26 03:46:59    *SEND* for CIntegralCharsLayer, GUID=4E090A0C-544B-E4A2-4242-BEC451D7CD2B
21.06.26 03:46:59    *SEND* for CIntegralCharsLayer, GUID=927DEDC8-AF71-7A31-D608-FB7EA635069E
21.06.26 03:46:59    *SEND* for CIntegralCharsLayer, GUID=7EF96C33-7880-7A39-F672-8DCB17098C5C
 End:   ===== Processing Layers =====; Timer: cpu0=0.562 wall=0.109 

21.06.26 03:46:59  ===== New Time Step =====, Iter number =  82
 Start: TimeServis
 End:   TimeServis; Timer: cpu0=0.375 wall=0.040 
 Start: User modules' functions BeforeTimeStep() are calling
 End:   User modules' functions BeforeTimeStep() are calling; Timer: cpu0=0.000 wall=0.002 
 Start: Adaptation, TotalRealCellsCount= 96539 
 End:   Adaptation; Timer: cpu0=0.000 wall=0.005 
 Start: Initialize data arrays on chips
 End:   Initialize data arrays on chips, res= 0; Timer: cpu0=0.000 wall=0.001 
  ***** Maximum Geometrical Gauss = 2.31353e-14, cell= 690:6:6:6:0
  ***** Maximum MovingSurf  Gauss = 0, cell= 
 Start: Initialize data arrays on chips
 End:   Initialize data arrays on chips, res= 0; Timer: cpu0=0.000 wall=0.002 
 Start: TimeServis
 End:   TimeServis; Timer: cpu0=0.516 wall=0.049 
 Start: FindEnclaves
 End:   FindEnclaves; Timer: cpu0=0.094 wall=0.085 
 Start: VarValueService
 End:   VarValueService; Timer: cpu0=0.000 wall=0.002 
 Start: SolvePhaseEquation 
 End:   SolvePhaseEquation ; Timer: cpu0=18.438 wall=2.162 
 Start: SolidFiltersProcess: calculate forces and moments
 End:   SolidFiltersProcess: calculate forces and moments; Timer: cpu0=0.000 wall=0.003 
 Start: PrepareDataForNextStep
 End:   PrepareDataForNextStep; Timer: cpu0=0.438 wall=0.065 
 Start: VarValueService
 End:   VarValueService; Timer: cpu0=0.000 wall=0.002 
 Start: UpdateStopperData
 End:   UpdateStopperData; Timer: cpu0=0.016 wall=0.002 
 Start: Saving text status in E:\UniFlight\flow\Land_fv\data\Land.status
 End:   Saving text status in E:\UniFlight\flow\Land_fv\data\Land.status; Timer: cpu0=0.000 wall=0.002 
 End:   ===== Time Step =====, Iter number =  82; Timer: cpu0=20.172 wall=2.486 

21.06.26 03:47:02  ===== Processing Layers =====
21.06.26 03:47:02    *SEND* for CScalarLayer, GUID=0E21CAB5-1866-4124-A2B3-DEC499FA58E6
 Start: ComputeVolumeCharacteristics
 End:   ComputeVolumeCharacteristics; Timer: cpu0=0.000 wall=0.004 
 Start: GetValueOnFacets
 End:   GetValueOnFacets; Timer: cpu0=0.016 wall=0.015 
21.06.26 03:47:02    *SEND* for CScalarLayer, GUID=A3659819-C06E-40A1-8932-64A566FBB4DA
 Start: ComputeVolumeCharacteristics
 End:   ComputeVolumeCharacteristics; Timer: cpu0=0.000 wall=0.003 
 Start: GetValueOnFacets
 End:   GetValueOnFacets; Timer: cpu0=0.203 wall=0.054 
21.06.26 03:47:02    *SEND* for CIntegralCharsLayer, GUID=4E090A0C-544B-E4A2-4242-BEC451D7CD2B
21.06.26 03:47:02    *SEND* for CIntegralCharsLayer, GUID=927DEDC8-AF71-7A31-D608-FB7EA635069E
21.06.26 03:47:02    *SEND* for CIntegralCharsLayer, GUID=7EF96C33-7880-7A39-F672-8DCB17098C5C
 End:   ===== Processing Layers =====; Timer: cpu0=0.562 wall=0.106 

21.06.26 03:47:02  ===== New Time Step =====, Iter number =  83
 Start: TimeServis
 End:   TimeServis; Timer: cpu0=0.469 wall=0.040 
 Start: User modules' functions BeforeTimeStep() are calling
 End:   User modules' functions BeforeTimeStep() are calling; Timer: cpu0=0.000 wall=0.002 
 Start: Adaptation, TotalRealCellsCount= 96539 
 End:   Adaptation; Timer: cpu0=0.000 wall=0.004 
 Start: Initialize data arrays on chips
 End:   Initialize data arrays on chips, res= 0; Timer: cpu0=0.000 wall=0.002 
  ***** Maximum Geometrical Gauss = 2.31353e-14, cell= 690:6:6:6:0
  ***** Maximum MovingSurf  Gauss = 0, cell= 
 Start: Initialize data arrays on chips
 End:   Initialize data arrays on chips, res= 0; Timer: cpu0=0.000 wall=0.002 
 Start: TimeServis
 End:   TimeServis; Timer: cpu0=0.406 wall=0.049 
 Start: FindEnclaves
 End:   FindEnclaves; Timer: cpu0=0.078 wall=0.083 
 Start: VarValueService
 End:   VarValueService; Timer: cpu0=0.000 wall=0.001 
 Start: SolvePhaseEquation 
 End:   SolvePhaseEquation ; Timer: cpu0=17.031 wall=2.020 
 Start: SolidFiltersProcess: calculate forces and moments
 End:   SolidFiltersProcess: calculate forces and moments; Timer: cpu0=0.000 wall=0.002 
 Start: PrepareDataForNextStep
 End:   PrepareDataForNextStep; Timer: cpu0=0.453 wall=0.068 
 Start: VarValueService
 End:   VarValueService; Timer: cpu0=0.000 wall=0.001 
 Start: UpdateStopperData
 End:   UpdateStopperData; Timer: cpu0=0.000 wall=0.001 
 Start: Saving text status in E:\UniFlight\flow\Land_fv\data\Land.status
 End:   Saving text status in E:\UniFlight\flow\Land_fv\data\Land.status; Timer: cpu0=0.000 wall=0.002 
 End:   ===== Time Step =====, Iter number =  83; Timer: cpu0=18.578 wall=2.337 

21.06.26 03:47:04  ===== Processing Layers =====
21.06.26 03:47:04    *SEND* for CScalarLayer, GUID=0E21CAB5-1866-4124-A2B3-DEC499FA58E6
 Start: ComputeVolumeCharacteristics
 End:   ComputeVolumeCharacteristics; Timer: cpu0=0.000 wall=0.004 
 Start: GetValueOnFacets
 End:   GetValueOnFacets; Timer: cpu0=0.016 wall=0.013 
21.06.26 03:47:04    *SEND* for CScalarLayer, GUID=A3659819-C06E-40A1-8932-64A566FBB4DA
 Start: ComputeVolumeCharacteristics
 End:   ComputeVolumeCharacteristics; Timer: cpu0=0.000 wall=0.004 
 Start: GetValueOnFacets
 End:   GetValueOnFacets; Timer: cpu0=0.047 wall=0.050 
21.06.26 03:47:04    *SEND* for CIntegralCharsLayer, GUID=4E090A0C-544B-E4A2-4242-BEC451D7CD2B
21.06.26 03:47:04    *SEND* for CIntegralCharsLayer, GUID=927DEDC8-AF71-7A31-D608-FB7EA635069E
21.06.26 03:47:04    *SEND* for CIntegralCharsLayer, GUID=7EF96C33-7880-7A39-F672-8DCB17098C5C
 End:   ===== Processing Layers =====; Timer: cpu0=0.234 wall=0.099 

21.06.26 03:47:04  ===== New Time Step =====, Iter number =  84
 Start: TimeServis
 End:   TimeServis; Timer: cpu0=0.344 wall=0.039 
 Start: User modules' functions BeforeTimeStep() are calling
 End:   User modules' functions BeforeTimeStep() are calling; Timer: cpu0=0.000 wall=0.001 
 Start: Adaptation, TotalRealCellsCount= 96539 
 End:   Adaptation; Timer: cpu0=0.172 wall=0.004 
 Start: Initialize data arrays on chips
 End:   Initialize data arrays on chips, res= 0; Timer: cpu0=0.000 wall=0.001 
  ***** Maximum Geometrical Gauss = 2.31353e-14, cell= 690:6:6:6:0
  ***** Maximum MovingSurf  Gauss = 0, cell= 
 Start: Initialize data arrays on chips
 End:   Initialize data arrays on chips, res= 0; Timer: cpu0=0.000 wall=0.002 
 Start: TimeServis
 End:   TimeServis; Timer: cpu0=0.469 wall=0.055 
 Start: FindEnclaves
 End:   FindEnclaves; Timer: cpu0=0.078 wall=0.093 
 Start: VarValueService
 End:   VarValueService; Timer: cpu0=0.000 wall=0.001 
 Start: SolvePhaseEquation 
 End:   SolvePhaseEquation ; Timer: cpu0=16.531 wall=2.021 
 Start: SolidFiltersProcess: calculate forces and moments
 End:   SolidFiltersProcess: calculate forces and moments; Timer: cpu0=0.000 wall=0.002 
 Start: PrepareDataForNextStep
 End:   PrepareDataForNextStep; Timer: cpu0=0.516 wall=0.055 
 Start: VarValueService
 End:   VarValueService; Timer: cpu0=0.000 wall=0.002 
 Start: UpdateStopperData
 End:   UpdateStopperData; Timer: cpu0=0.000 wall=0.001 
 Start: Saving text status in E:\UniFlight\flow\Land_fv\data\Land.status
 End:   Saving text status in E:\UniFlight\flow\Land_fv\data\Land.status; Timer: cpu0=0.000 wall=0.002 
 End:   ===== Time Step =====, Iter number =  84; Timer: cpu0=18.484 wall=2.350 

21.06.26 03:47:07  ===== Processing Layers =====
21.06.26 03:47:07    *SEND* for CScalarLayer, GUID=0E21CAB5-1866-4124-A2B3-DEC499FA58E6
 Start: ComputeVolumeCharacteristics
 End:   ComputeVolumeCharacteristics; Timer: cpu0=0.000 wall=0.004 
 Start: GetValueOnFacets
 End:   GetValueOnFacets; Timer: cpu0=0.016 wall=0.012 
21.06.26 03:47:07    *SEND* for CScalarLayer, GUID=A3659819-C06E-40A1-8932-64A566FBB4DA
 Start: ComputeVolumeCharacteristics
 End:   ComputeVolumeCharacteristics; Timer: cpu0=0.000 wall=0.004 
 Start: GetValueOnFacets
 End:   GetValueOnFacets; Timer: cpu0=0.203 wall=0.052 
21.06.26 03:47:07    *SEND* for CIntegralCharsLayer, GUID=4E090A0C-544B-E4A2-4242-BEC451D7CD2B
21.06.26 03:47:07    *SEND* for CIntegralCharsLayer, GUID=927DEDC8-AF71-7A31-D608-FB7EA635069E
21.06.26 03:47:07    *SEND* for CIntegralCharsLayer, GUID=7EF96C33-7880-7A39-F672-8DCB17098C5C
 End:   ===== Processing Layers =====; Timer: cpu0=0.391 wall=0.103 

21.06.26 03:47:07  ===== New Time Step =====, Iter number =  85
 Start: TimeServis
 End:   TimeServis; Timer: cpu0=0.516 wall=0.040 
 Start: User modules' functions BeforeTimeStep() are calling
 End:   User modules' functions BeforeTimeStep() are calling; Timer: cpu0=0.000 wall=0.002 
 Start: Adaptation, TotalRealCellsCount= 96539 
 End:   Adaptation; Timer: cpu0=0.172 wall=0.005 
 Start: Initialize data arrays on chips
 End:   Initialize data arrays on chips, res= 0; Timer: cpu0=0.000 wall=0.002 
  ***** Maximum Geometrical Gauss = 2.31353e-14, cell= 690:6:6:6:0
  ***** Maximum MovingSurf  Gauss = 0, cell= 
 Start: Initialize data arrays on chips
 End:   Initialize data arrays on chips, res= 0; Timer: cpu0=0.000 wall=0.001 
 Start: TimeServis
 End:   TimeServis; Timer: cpu0=0.516 wall=0.052 
 Start: FindEnclaves
 End:   FindEnclaves; Timer: cpu0=0.078 wall=0.087 
 Start: VarValueService
 End:   VarValueService; Timer: cpu0=0.000 wall=0.001 
 Start: SolvePhaseEquation 
 End:   SolvePhaseEquation ; Timer: cpu0=16.297 wall=1.985 
 Start: SolidFiltersProcess: calculate forces and moments
 End:   SolidFiltersProcess: calculate forces and moments; Timer: cpu0=0.000 wall=0.002 
 Start: PrepareDataForNextStep
 End:   PrepareDataForNextStep; Timer: cpu0=0.266 wall=0.055 
 Start: VarValueService
 End:   VarValueService; Timer: cpu0=0.000 wall=0.001 
 Start: UpdateStopperData
 End:   UpdateStopperData; Timer: cpu0=0.000 wall=0.001 
 Start: Saving text status in E:\UniFlight\flow\Land_fv\data\Land.status
 End:   Saving text status in E:\UniFlight\flow\Land_fv\data\Land.status; Timer: cpu0=0.000 wall=0.002 
 End:   ===== Time Step =====, Iter number =  85; Timer: cpu0=18.188 wall=2.294 

21.06.26 03:47:10  ===== Processing Layers =====
21.06.26 03:47:10    *SEND* for CScalarLayer, GUID=0E21CAB5-1866-4124-A2B3-DEC499FA58E6
 Start: ComputeVolumeCharacteristics
 End:   ComputeVolumeCharacteristics; Timer: cpu0=0.000 wall=0.004 
 Start: GetValueOnFacets
 End:   GetValueOnFacets; Timer: cpu0=0.000 wall=0.013 
21.06.26 03:47:10    *SEND* for CScalarLayer, GUID=A3659819-C06E-40A1-8932-64A566FBB4DA
 Start: ComputeVolumeCharacteristics
 End:   ComputeVolumeCharacteristics; Timer: cpu0=0.000 wall=0.004 
 Start: GetValueOnFacets
 End:   GetValueOnFacets; Timer: cpu0=0.203 wall=0.047 
21.06.26 03:47:10    *SEND* for CIntegralCharsLayer, GUID=4E090A0C-544B-E4A2-4242-BEC451D7CD2B
21.06.26 03:47:10    *SEND* for CIntegralCharsLayer, GUID=927DEDC8-AF71-7A31-D608-FB7EA635069E
21.06.26 03:47:10    *SEND* for CIntegralCharsLayer, GUID=7EF96C33-7880-7A39-F672-8DCB17098C5C
 End:   ===== Processing Layers =====; Timer: cpu0=0.219 wall=0.098 

21.06.26 03:47:10  ===== New Time Step =====, Iter number =  86
 Start: TimeServis
 End:   TimeServis; Timer: cpu0=0.344 wall=0.039 
 Start: User modules' functions BeforeTimeStep() are calling
 End:   User modules' functions BeforeTimeStep() are calling; Timer: cpu0=0.000 wall=0.002 
 Start: Adaptation, TotalRealCellsCount= 96539 
 End:   Adaptation; Timer: cpu0=0.000 wall=0.005 
 Start: Initialize data arrays on chips
 End:   Initialize data arrays on chips, res= 0; Timer: cpu0=0.000 wall=0.002 
  ***** Maximum Geometrical Gauss = 2.31353e-14, cell= 690:6:6:6:0
  ***** Maximum MovingSurf  Gauss = 0, cell= 
 Start: Initialize data arrays on chips
 End:   Initialize data arrays on chips, res= 0; Timer: cpu0=0.000 wall=0.002 
 Start: TimeServis
 End:   TimeServis; Timer: cpu0=0.312 wall=0.052 
 Start: FindEnclaves
 End:   FindEnclaves; Timer: cpu0=0.078 wall=0.081 
 Start: VarValueService
 End:   VarValueService; Timer: cpu0=0.000 wall=0.001 
 Start: SolvePhaseEquation 
 End:   SolvePhaseEquation ; Timer: cpu0=16.625 wall=1.991 
 Start: SolidFiltersProcess: calculate forces and moments
 End:   SolidFiltersProcess: calculate forces and moments; Timer: cpu0=0.000 wall=0.001 
 Start: PrepareDataForNextStep
 End:   PrepareDataForNextStep; Timer: cpu0=0.359 wall=0.054 
 Start: VarValueService
 End:   VarValueService; Timer: cpu0=0.000 wall=0.001 
 Start: UpdateStopperData
 End:   UpdateStopperData; Timer: cpu0=0.000 wall=0.001 
 Start: Saving text status in E:\UniFlight\flow\Land_fv\data\Land.status
 End:   Saving text status in E:\UniFlight\flow\Land_fv\data\Land.status; Timer: cpu0=0.000 wall=0.002 
 End:   ===== Time Step =====, Iter number =  86; Timer: cpu0=17.891 wall=2.303 

21.06.26 03:47:12  ===== Processing Layers =====
21.06.26 03:47:12    *SEND* for CScalarLayer, GUID=0E21CAB5-1866-4124-A2B3-DEC499FA58E6
 Start: ComputeVolumeCharacteristics
 End:   ComputeVolumeCharacteristics; Timer: cpu0=0.000 wall=0.005 
 Start: GetValueOnFacets
 End:   GetValueOnFacets; Timer: cpu0=0.156 wall=0.011 
21.06.26 03:47:12    *SEND* for CScalarLayer, GUID=A3659819-C06E-40A1-8932-64A566FBB4DA
 Start: ComputeVolumeCharacteristics
 End:   ComputeVolumeCharacteristics; Timer: cpu0=0.000 wall=0.003 
 Start: GetValueOnFacets
 End:   GetValueOnFacets; Timer: cpu0=0.203 wall=0.052 
21.06.26 03:47:12    *SEND* for CIntegralCharsLayer, GUID=4E090A0C-544B-E4A2-4242-BEC451D7CD2B
21.06.26 03:47:12    *SEND* for CIntegralCharsLayer, GUID=927DEDC8-AF71-7A31-D608-FB7EA635069E
21.06.26 03:47:12    *SEND* for CIntegralCharsLayer, GUID=7EF96C33-7880-7A39-F672-8DCB17098C5C
 End:   ===== Processing Layers =====; Timer: cpu0=0.609 wall=0.103 

21.06.26 03:47:12  ===== New Time Step =====, Iter number =  87
 Start: TimeServis
 End:   TimeServis; Timer: cpu0=0.391 wall=0.035 
 Start: User modules' functions BeforeTimeStep() are calling
 End:   User modules' functions BeforeTimeStep() are calling; Timer: cpu0=0.000 wall=0.002 
 Start: Adaptation, TotalRealCellsCount= 96539 
 End:   Adaptation; Timer: cpu0=0.000 wall=0.004 
 Start: Initialize data arrays on chips
 End:   Initialize data arrays on chips, res= 0; Timer: cpu0=0.000 wall=0.003 
  ***** Maximum Geometrical Gauss = 2.31353e-14, cell= 690:6:6:6:0
  ***** Maximum MovingSurf  Gauss = 0, cell= 
 Start: Initialize data arrays on chips
 End:   Initialize data arrays on chips, res= 0; Timer: cpu0=0.156 wall=0.001 
 Start: TimeServis
 End:   TimeServis; Timer: cpu0=0.438 wall=0.056 
 Start: FindEnclaves
 End:   FindEnclaves; Timer: cpu0=0.078 wall=0.086 
 Start: VarValueService
 End:   VarValueService; Timer: cpu0=0.000 wall=0.002 
 Start: SolvePhaseEquation 
 End:   SolvePhaseEquation ; Timer: cpu0=17.328 wall=1.982 
 Start: SolidFiltersProcess: calculate forces and moments
 End:   SolidFiltersProcess: calculate forces and moments; Timer: cpu0=0.000 wall=0.001 
 Start: PrepareDataForNextStep
 End:   PrepareDataForNextStep; Timer: cpu0=0.469 wall=0.058 
 Start: VarValueService
 End:   VarValueService; Timer: cpu0=0.000 wall=0.001 
 Start: UpdateStopperData
 End:   UpdateStopperData; Timer: cpu0=0.000 wall=0.001 
 Start: Saving text status in E:\UniFlight\flow\Land_fv\data\Land.status
 End:   Saving text status in E:\UniFlight\flow\Land_fv\data\Land.status; Timer: cpu0=0.000 wall=0.002 
 End:   ===== Time Step =====, Iter number =  87; Timer: cpu0=19.375 wall=2.298 

21.06.26 03:47:15  ===== Processing Layers =====
21.06.26 03:47:15    *SEND* for CScalarLayer, GUID=0E21CAB5-1866-4124-A2B3-DEC499FA58E6
 Start: ComputeVolumeCharacteristics
 End:   ComputeVolumeCharacteristics; Timer: cpu0=0.172 wall=0.005 
 Start: GetValueOnFacets
 End:   GetValueOnFacets; Timer: cpu0=0.000 wall=0.012 
21.06.26 03:47:15    *SEND* for CScalarLayer, GUID=A3659819-C06E-40A1-8932-64A566FBB4DA
 Start: ComputeVolumeCharacteristics
 End:   ComputeVolumeCharacteristics; Timer: cpu0=0.000 wall=0.005 
 Start: GetValueOnFacets
 End:   GetValueOnFacets; Timer: cpu0=0.188 wall=0.057 
21.06.26 03:47:15    *SEND* for CIntegralCharsLayer, GUID=4E090A0C-544B-E4A2-4242-BEC451D7CD2B
21.06.26 03:47:15    *SEND* for CIntegralCharsLayer, GUID=927DEDC8-AF71-7A31-D608-FB7EA635069E
21.06.26 03:47:15    *SEND* for CIntegralCharsLayer, GUID=7EF96C33-7880-7A39-F672-8DCB17098C5C
 End:   ===== Processing Layers =====; Timer: cpu0=0.359 wall=0.108 

21.06.26 03:47:15  ===== New Time Step =====, Iter number =  88
 Start: TimeServis
 End:   TimeServis; Timer: cpu0=0.344 wall=0.039 
 Start: User modules' functions BeforeTimeStep() are calling
 End:   User modules' functions BeforeTimeStep() are calling; Timer: cpu0=0.000 wall=0.001 
 Start: Adaptation, TotalRealCellsCount= 96539 
 End:   Adaptation; Timer: cpu0=0.000 wall=0.004 
 Start: Initialize data arrays on chips
 End:   Initialize data arrays on chips, res= 0; Timer: cpu0=0.000 wall=0.002 
  ***** Maximum Geometrical Gauss = 2.31353e-14, cell= 690:6:6:6:0
  ***** Maximum MovingSurf  Gauss = 0, cell= 
 Start: Initialize data arrays on chips
 End:   Initialize data arrays on chips, res= 0; Timer: cpu0=0.000 wall=0.002 
 Start: TimeServis
 End:   TimeServis; Timer: cpu0=0.500 wall=0.047 
 Start: FindEnclaves
 End:   FindEnclaves; Timer: cpu0=0.078 wall=0.078 
 Start: VarValueService
 End:   VarValueService; Timer: cpu0=0.000 wall=0.001 
 Start: SolvePhaseEquation 
 End:   SolvePhaseEquation ; Timer: cpu0=17.625 wall=1.984 
 Start: SolidFiltersProcess: calculate forces and moments
 End:   SolidFiltersProcess: calculate forces and moments; Timer: cpu0=0.000 wall=0.002 
 Start: PrepareDataForNextStep
 End:   PrepareDataForNextStep; Timer: cpu0=0.375 wall=0.053 
 Start: VarValueService
 End:   VarValueService; Timer: cpu0=0.000 wall=0.001 
 Start: UpdateStopperData
 End:   UpdateStopperData; Timer: cpu0=0.000 wall=0.001 
 Start: Saving text status in E:\UniFlight\flow\Land_fv\data\Land.status
 End:   Saving text status in E:\UniFlight\flow\Land_fv\data\Land.status; Timer: cpu0=0.000 wall=0.002 
 End:   ===== Time Step =====, Iter number =  88; Timer: cpu0=19.094 wall=2.277 

21.06.26 03:47:18  ===== Processing Layers =====
21.06.26 03:47:18    *SEND* for CScalarLayer, GUID=0E21CAB5-1866-4124-A2B3-DEC499FA58E6
 Start: ComputeVolumeCharacteristics
 End:   ComputeVolumeCharacteristics; Timer: cpu0=0.000 wall=0.005 
 Start: GetValueOnFacets
 End:   GetValueOnFacets; Timer: cpu0=0.016 wall=0.013 
21.06.26 03:47:18    *SEND* for CScalarLayer, GUID=A3659819-C06E-40A1-8932-64A566FBB4DA
 Start: ComputeVolumeCharacteristics
 End:   ComputeVolumeCharacteristics; Timer: cpu0=0.000 wall=0.004 
 Start: GetValueOnFacets
 End:   GetValueOnFacets; Timer: cpu0=0.203 wall=0.050 
21.06.26 03:47:18    *SEND* for CIntegralCharsLayer, GUID=4E090A0C-544B-E4A2-4242-BEC451D7CD2B
21.06.26 03:47:18    *SEND* for CIntegralCharsLayer, GUID=927DEDC8-AF71-7A31-D608-FB7EA635069E
21.06.26 03:47:18    *SEND* for CIntegralCharsLayer, GUID=7EF96C33-7880-7A39-F672-8DCB17098C5C
 End:   ===== Processing Layers =====; Timer: cpu0=0.453 wall=0.106 

21.06.26 03:47:18  ===== New Time Step =====, Iter number =  89
 Start: TimeServis
 End:   TimeServis; Timer: cpu0=0.516 wall=0.045 
 Start: User modules' functions BeforeTimeStep() are calling
 End:   User modules' functions BeforeTimeStep() are calling; Timer: cpu0=0.000 wall=0.001 
 Start: Adaptation, TotalRealCellsCount= 96539 
 End:   Adaptation; Timer: cpu0=0.000 wall=0.005 
 Start: Initialize data arrays on chips
 End:   Initialize data arrays on chips, res= 0; Timer: cpu0=0.000 wall=0.002 
  ***** Maximum Geometrical Gauss = 2.31353e-14, cell= 690:6:6:6:0
  ***** Maximum MovingSurf  Gauss = 0, cell= 
 Start: Initialize data arrays on chips
 End:   Initialize data arrays on chips, res= 0; Timer: cpu0=0.000 wall=0.002 
 Start: TimeServis
 End:   TimeServis; Timer: cpu0=0.562 wall=0.053 
 Start: FindEnclaves
 End:   FindEnclaves; Timer: cpu0=0.078 wall=0.081 
 Start: VarValueService
 End:   VarValueService; Timer: cpu0=0.000 wall=0.001 
 Start: SolvePhaseEquation 
 End:   SolvePhaseEquation ; Timer: cpu0=16.469 wall=1.970 
 Start: SolidFiltersProcess: calculate forces and moments
 End:   SolidFiltersProcess: calculate forces and moments; Timer: cpu0=0.000 wall=0.002 
 Start: PrepareDataForNextStep
 End:   PrepareDataForNextStep; Timer: cpu0=0.375 wall=0.051 
 Start: VarValueService
 End:   VarValueService; Timer: cpu0=0.000 wall=0.002 
 Start: UpdateStopperData
 End:   UpdateStopperData; Timer: cpu0=0.016 wall=0.001 
 Start: Saving text status in E:\UniFlight\flow\Land_fv\data\Land.status
 End:   Saving text status in E:\UniFlight\flow\Land_fv\data\Land.status; Timer: cpu0=0.000 wall=0.001 
 End:   ===== Time Step =====, Iter number =  89; Timer: cpu0=18.219 wall=2.275 

21.06.26 03:47:20  ===== Processing Layers =====
21.06.26 03:47:20    *SEND* for CScalarLayer, GUID=0E21CAB5-1866-4124-A2B3-DEC499FA58E6
 Start: ComputeVolumeCharacteristics
 End:   ComputeVolumeCharacteristics; Timer: cpu0=0.172 wall=0.004 
 Start: GetValueOnFacets
 End:   GetValueOnFacets; Timer: cpu0=0.016 wall=0.015 
21.06.26 03:47:20    *SEND* for CScalarLayer, GUID=A3659819-C06E-40A1-8932-64A566FBB4DA
 Start: ComputeVolumeCharacteristics
 End:   ComputeVolumeCharacteristics; Timer: cpu0=0.000 wall=0.003 
 Start: GetValueOnFacets
 End:   GetValueOnFacets; Timer: cpu0=0.047 wall=0.052 
21.06.26 03:47:20    *SEND* for CIntegralCharsLayer, GUID=4E090A0C-544B-E4A2-4242-BEC451D7CD2B
21.06.26 03:47:20    *SEND* for CIntegralCharsLayer, GUID=927DEDC8-AF71-7A31-D608-FB7EA635069E
21.06.26 03:47:20    *SEND* for CIntegralCharsLayer, GUID=7EF96C33-7880-7A39-F672-8DCB17098C5C
 End:   ===== Processing Layers =====; Timer: cpu0=0.250 wall=0.106 

21.06.26 03:47:20  ===== New Time Step =====, Iter number =  90
 Start: TimeServis
 End:   TimeServis; Timer: cpu0=0.344 wall=0.038 
 Start: User modules' functions BeforeTimeStep() are calling
 End:   User modules' functions BeforeTimeStep() are calling; Timer: cpu0=0.000 wall=0.002 
 Start: Adaptation, TotalRealCellsCount= 96539 
 End:   Adaptation; Timer: cpu0=6.422 wall=0.846 
 Start: DistributeGridOnProcessors
 End:   DistributeGridOnProcessors, res= 0; Timer: cpu0=0.828 wall=0.205 
 Start: SetNeiHyperCells
 End:   SetNeiHyperCells, res= 0; Timer: cpu0=0.156 wall=0.008 
 Start: BuildFacetDistribution
 End:   BuildFacetDistribution; Timer: cpu0=0.000 wall=0.002 
 Start: Initialize data arrays on chips
 End:   Initialize data arrays on chips, res= 0; Timer: cpu0=0.000 wall=0.002 
  ***** Maximum Geometrical Gauss = 2.31353e-14, cell= 690:6:6:6:0
  ***** Maximum MovingSurf  Gauss = 8.05951e-14, cell= 895:2:2:0
 Start: Remove Small Cells
 End:   Remove Small Cells; Timer: cpu0=0.172 wall=0.017 
 Start: Initialize data arrays on chips
 End:   Initialize data arrays on chips, res= 0; Timer: cpu0=0.000 wall=0.002 
  ***** Maximum Geometrical Gauss = 2.31353e-14, cell= 690:6:6:6:0
  ***** Maximum MovingSurf  Gauss = 8.05951e-14, cell= 895:2:2:0
 Start: Initialize data arrays on chips
 End:   Initialize data arrays on chips, res= 0; Timer: cpu0=0.000 wall=0.002 
 Start: Modify Chip Data
 End:   Modify Chip Data; Timer: cpu0=0.344 wall=0.041 
 Start: TimeServis
 End:   TimeServis; Timer: cpu0=0.516 wall=0.052 
 Start: FindEnclaves
 End:   FindEnclaves; Timer: cpu0=0.078 wall=0.090 
 Start: VarValueService
 End:   VarValueService; Timer: cpu0=0.000 wall=0.001 
 Start: SolvePhaseEquation 
 End:   SolvePhaseEquation ; Timer: cpu0=17.125 wall=2.062 
 Start: SolidFiltersProcess: calculate forces and moments
 End:   SolidFiltersProcess: calculate forces and moments; Timer: cpu0=0.000 wall=0.001 
 Start: PrepareDataForNextStep
 End:   PrepareDataForNextStep; Timer: cpu0=0.391 wall=0.052 
 Start: VarValueService
 End:   VarValueService; Timer: cpu0=0.000 wall=0.002 
 Start: UpdateStopperData
 End:   UpdateStopperData; Timer: cpu0=0.000 wall=0.001 
 Start: Saving text status in E:\UniFlight\flow\Land_fv\data\Land.status
 End:   Saving text status in E:\UniFlight\flow\Land_fv\data\Land.status; Timer: cpu0=0.000 wall=0.002 
 End:   ===== Time Step =====, Iter number =  90; Timer: cpu0=26.656 wall=3.517 

21.06.26 03:47:24  ===== Processing Layers =====
21.06.26 03:47:24    *SEND* for CScalarLayer, GUID=0E21CAB5-1866-4124-A2B3-DEC499FA58E6
 Start: ComputeVolumeCharacteristics
 End:   ComputeVolumeCharacteristics; Timer: cpu0=0.000 wall=0.005 
 Start: GetValueOnFacets
 End:   GetValueOnFacets; Timer: cpu0=0.000 wall=0.015 
21.06.26 03:47:24    *SEND* for CScalarLayer, GUID=A3659819-C06E-40A1-8932-64A566FBB4DA
 Start: ComputeVolumeCharacteristics
 End:   ComputeVolumeCharacteristics; Timer: cpu0=0.000 wall=0.004 
 Start: GetValueOnFacets
 End:   GetValueOnFacets; Timer: cpu0=0.062 wall=0.053 
21.06.26 03:47:24    *SEND* for CIntegralCharsLayer, GUID=4E090A0C-544B-E4A2-4242-BEC451D7CD2B
21.06.26 03:47:24    *SEND* for CIntegralCharsLayer, GUID=927DEDC8-AF71-7A31-D608-FB7EA635069E
21.06.26 03:47:24    *SEND* for CIntegralCharsLayer, GUID=7EF96C33-7880-7A39-F672-8DCB17098C5C
 End:   ===== Processing Layers =====; Timer: cpu0=0.078 wall=0.109 

21.06.26 03:47:24  ===== New Time Step =====, Iter number =  91
 Start: TimeServis
 End:   TimeServis; Timer: cpu0=0.500 wall=0.042 
 Start: User modules' functions BeforeTimeStep() are calling
 End:   User modules' functions BeforeTimeStep() are calling; Timer: cpu0=0.000 wall=0.003 
 Start: Adaptation, TotalRealCellsCount= 98842 
 End:   Adaptation; Timer: cpu0=6.234 wall=0.775 
 Start: DistributeGridOnProcessors
 End:   DistributeGridOnProcessors, res= 0; Timer: cpu0=1.031 wall=0.196 
 Start: SetNeiHyperCells
 End:   SetNeiHyperCells, res= 0; Timer: cpu0=0.000 wall=0.007 
 Start: BuildFacetDistribution
 End:   BuildFacetDistribution; Timer: cpu0=0.000 wall=0.002 
 Start: Initialize data arrays on chips
 End:   Initialize data arrays on chips, res= 0; Timer: cpu0=0.000 wall=0.003 
  ***** Maximum Geometrical Gauss = 2.31353e-14, cell= 690:6:6:6:0
  ***** Maximum MovingSurf  Gauss = 1.02551e-13, cell= 900:4:6:4:0
 Start: Remove Small Cells
 End:   Remove Small Cells; Timer: cpu0=0.172 wall=0.018 
 Start: Initialize data arrays on chips
 End:   Initialize data arrays on chips, res= 0; Timer: cpu0=0.000 wall=0.002 
  ***** Maximum Geometrical Gauss = 2.31353e-14, cell= 690:6:6:6:0
  ***** Maximum MovingSurf  Gauss = 1.02551e-13, cell= 900:4:6:4:0
 Start: Initialize data arrays on chips
 End:   Initialize data arrays on chips, res= 0; Timer: cpu0=0.000 wall=0.002 
 Start: Modify Chip Data
 End:   Modify Chip Data; Timer: cpu0=0.469 wall=0.039 
 Start: TimeServis
 End:   TimeServis; Timer: cpu0=0.406 wall=0.051 
 Start: FindEnclaves
 End:   FindEnclaves; Timer: cpu0=0.078 wall=0.091 
 Start: VarValueService
 End:   VarValueService; Timer: cpu0=0.000 wall=0.001 
 Start: SolvePhaseEquation 
 End:   SolvePhaseEquation ; Timer: cpu0=16.750 wall=2.025 
 Start: SolidFiltersProcess: calculate forces and moments
 End:   SolidFiltersProcess: calculate forces and moments; Timer: cpu0=0.000 wall=0.002 
 Start: PrepareDataForNextStep
 End:   PrepareDataForNextStep; Timer: cpu0=0.344 wall=0.049 
 Start: VarValueService
 End:   VarValueService; Timer: cpu0=0.000 wall=0.001 
 Start: UpdateStopperData
 End:   UpdateStopperData; Timer: cpu0=0.000 wall=0.001 
 Start: Saving text status in E:\UniFlight\flow\Land_fv\data\Land.status
 End:   Saving text status in E:\UniFlight\flow\Land_fv\data\Land.status; Timer: cpu0=0.000 wall=0.002 
 End:   ===== Time Step =====, Iter number =  91; Timer: cpu0=26.484 wall=3.402 

21.06.26 03:47:28  ===== Processing Layers =====
21.06.26 03:47:28    *SEND* for CScalarLayer, GUID=0E21CAB5-1866-4124-A2B3-DEC499FA58E6
 Start: ComputeVolumeCharacteristics
 End:   ComputeVolumeCharacteristics; Timer: cpu0=0.000 wall=0.005 
 Start: GetValueOnFacets
 End:   GetValueOnFacets; Timer: cpu0=0.016 wall=0.014 
21.06.26 03:47:28    *SEND* for CScalarLayer, GUID=A3659819-C06E-40A1-8932-64A566FBB4DA
 Start: ComputeVolumeCharacteristics
 End:   ComputeVolumeCharacteristics; Timer: cpu0=0.000 wall=0.004 
 Start: GetValueOnFacets
 End:   GetValueOnFacets; Timer: cpu0=0.047 wall=0.050 
21.06.26 03:47:28    *SEND* for CIntegralCharsLayer, GUID=4E090A0C-544B-E4A2-4242-BEC451D7CD2B
21.06.26 03:47:28    *SEND* for CIntegralCharsLayer, GUID=927DEDC8-AF71-7A31-D608-FB7EA635069E
21.06.26 03:47:28    *SEND* for CIntegralCharsLayer, GUID=7EF96C33-7880-7A39-F672-8DCB17098C5C
 End:   ===== Processing Layers =====; Timer: cpu0=0.062 wall=0.104 

21.06.26 03:47:28  ===== New Time Step =====, Iter number =  92
 Start: TimeServis
 End:   TimeServis; Timer: cpu0=0.219 wall=0.044 
 Start: User modules' functions BeforeTimeStep() are calling
 End:   User modules' functions BeforeTimeStep() are calling; Timer: cpu0=0.000 wall=0.001 
 Start: Adaptation, TotalRealCellsCount= 96497 
 End:   Adaptation; Timer: cpu0=0.000 wall=0.004 
 Start: Initialize data arrays on chips
 End:   Initialize data arrays on chips, res= 0; Timer: cpu0=0.156 wall=0.002 
  ***** Maximum Geometrical Gauss = 2.31353e-14, cell= 690:6:6:6:0
  ***** Maximum MovingSurf  Gauss = 0, cell= 
 Start: Initialize data arrays on chips
 End:   Initialize data arrays on chips, res= 0; Timer: cpu0=0.000 wall=0.002 
 Start: TimeServis
 End:   TimeServis; Timer: cpu0=0.516 wall=0.050 
 Start: FindEnclaves
 End:   FindEnclaves; Timer: cpu0=0.094 wall=0.085 
 Start: VarValueService
 End:   VarValueService; Timer: cpu0=0.000 wall=0.001 
 Start: SolvePhaseEquation 
 End:   SolvePhaseEquation ; Timer: cpu0=16.547 wall=2.037 
 Start: SolidFiltersProcess: calculate forces and moments
 End:   SolidFiltersProcess: calculate forces and moments; Timer: cpu0=0.000 wall=0.002 
 Start: PrepareDataForNextStep
 End:   PrepareDataForNextStep; Timer: cpu0=0.484 wall=0.059 
 Start: VarValueService
 End:   VarValueService; Timer: cpu0=0.000 wall=0.002 
 Start: UpdateStopperData
 End:   UpdateStopperData; Timer: cpu0=0.000 wall=0.001 
 Start: Saving text status in E:\UniFlight\flow\Land_fv\data\Land.status
 End:   Saving text status in E:\UniFlight\flow\Land_fv\data\Land.status; Timer: cpu0=0.000 wall=0.003 
 End:   ===== Time Step =====, Iter number =  92; Timer: cpu0=18.219 wall=2.412 

21.06.26 03:47:31  ===== Processing Layers =====
21.06.26 03:47:31    *SEND* for CScalarLayer, GUID=0E21CAB5-1866-4124-A2B3-DEC499FA58E6
 Start: ComputeVolumeCharacteristics
 End:   ComputeVolumeCharacteristics; Timer: cpu0=0.000 wall=0.004 
 Start: GetValueOnFacets
 End:   GetValueOnFacets; Timer: cpu0=0.016 wall=0.011 
21.06.26 03:47:31    *SEND* for CScalarLayer, GUID=A3659819-C06E-40A1-8932-64A566FBB4DA
 Start: ComputeVolumeCharacteristics
 End:   ComputeVolumeCharacteristics; Timer: cpu0=0.000 wall=0.004 
 Start: GetValueOnFacets
 End:   GetValueOnFacets; Timer: cpu0=0.062 wall=0.056 
21.06.26 03:47:31    *SEND* for CIntegralCharsLayer, GUID=4E090A0C-544B-E4A2-4242-BEC451D7CD2B
21.06.26 03:47:31    *SEND* for CIntegralCharsLayer, GUID=927DEDC8-AF71-7A31-D608-FB7EA635069E
21.06.26 03:47:31    *SEND* for CIntegralCharsLayer, GUID=7EF96C33-7880-7A39-F672-8DCB17098C5C
 End:   ===== Processing Layers =====; Timer: cpu0=0.422 wall=0.108 

21.06.26 03:47:31  ===== New Time Step =====, Iter number =  93
 Start: TimeServis
 End:   TimeServis; Timer: cpu0=0.344 wall=0.036 
 Start: User modules' functions BeforeTimeStep() are calling
 End:   User modules' functions BeforeTimeStep() are calling; Timer: cpu0=0.000 wall=0.002 
 Start: Adaptation, TotalRealCellsCount= 96497 
 End:   Adaptation; Timer: cpu0=0.172 wall=0.004 
 Start: Initialize data arrays on chips
 End:   Initialize data arrays on chips, res= 0; Timer: cpu0=0.000 wall=0.002 
  ***** Maximum Geometrical Gauss = 2.31353e-14, cell= 690:6:6:6:0
  ***** Maximum MovingSurf  Gauss = 0, cell= 
 Start: Initialize data arrays on chips
 End:   Initialize data arrays on chips, res= 0; Timer: cpu0=0.000 wall=0.002 
 Start: TimeServis
 End:   TimeServis; Timer: cpu0=0.500 wall=0.047 
 Start: FindEnclaves
 End:   FindEnclaves; Timer: cpu0=0.234 wall=0.085 
 Start: VarValueService
 End:   VarValueService; Timer: cpu0=0.000 wall=0.001 
 Start: SolvePhaseEquation 
 End:   SolvePhaseEquation ; Timer: cpu0=16.625 wall=2.013 
 Start: SolidFiltersProcess: calculate forces and moments
 End:   SolidFiltersProcess: calculate forces and moments; Timer: cpu0=0.000 wall=0.002 
 Start: PrepareDataForNextStep
 End:   PrepareDataForNextStep; Timer: cpu0=0.594 wall=0.058 
 Start: VarValueService
 End:   VarValueService; Timer: cpu0=0.000 wall=0.001 
 Start: UpdateStopperData
 End:   UpdateStopperData; Timer: cpu0=0.000 wall=0.002 
 Start: Saving text status in E:\UniFlight\flow\Land_fv\data\Land.status
 End:   Saving text status in E:\UniFlight\flow\Land_fv\data\Land.status; Timer: cpu0=0.000 wall=0.002 
 End:   ===== Time Step =====, Iter number =  93; Timer: cpu0=18.641 wall=2.318 

21.06.26 03:47:33  ===== Processing Layers =====
21.06.26 03:47:33    *SEND* for CScalarLayer, GUID=0E21CAB5-1866-4124-A2B3-DEC499FA58E6
 Start: ComputeVolumeCharacteristics
 End:   ComputeVolumeCharacteristics; Timer: cpu0=0.172 wall=0.004 
 Start: GetValueOnFacets
 End:   GetValueOnFacets; Timer: cpu0=0.156 wall=0.014 
21.06.26 03:47:33    *SEND* for CScalarLayer, GUID=A3659819-C06E-40A1-8932-64A566FBB4DA
 Start: ComputeVolumeCharacteristics
 End:   ComputeVolumeCharacteristics; Timer: cpu0=0.172 wall=0.004 
 Start: GetValueOnFacets
 End:   GetValueOnFacets; Timer: cpu0=0.203 wall=0.050 
21.06.26 03:47:34    *SEND* for CIntegralCharsLayer, GUID=4E090A0C-544B-E4A2-4242-BEC451D7CD2B
21.06.26 03:47:34    *SEND* for CIntegralCharsLayer, GUID=927DEDC8-AF71-7A31-D608-FB7EA635069E
21.06.26 03:47:34    *SEND* for CIntegralCharsLayer, GUID=7EF96C33-7880-7A39-F672-8DCB17098C5C
 End:   ===== Processing Layers =====; Timer: cpu0=0.703 wall=0.102 

21.06.26 03:47:34  ===== New Time Step =====, Iter number =  94
 Start: TimeServis
 End:   TimeServis; Timer: cpu0=0.391 wall=0.041 
 Start: User modules' functions BeforeTimeStep() are calling
 End:   User modules' functions BeforeTimeStep() are calling; Timer: cpu0=0.000 wall=0.003 
 Start: Adaptation, TotalRealCellsCount= 96497 
 End:   Adaptation; Timer: cpu0=0.000 wall=0.004 
 Start: Initialize data arrays on chips
 End:   Initialize data arrays on chips, res= 0; Timer: cpu0=0.000 wall=0.001 
  ***** Maximum Geometrical Gauss = 2.31353e-14, cell= 690:6:6:6:0
  ***** Maximum MovingSurf  Gauss = 0, cell= 
 Start: Initialize data arrays on chips
 End:   Initialize data arrays on chips, res= 0; Timer: cpu0=0.000 wall=0.002 
 Start: TimeServis
 End:   TimeServis; Timer: cpu0=0.453 wall=0.060 
 Start: FindEnclaves
 End:   FindEnclaves; Timer: cpu0=0.062 wall=0.074 
 Start: VarValueService
 End:   VarValueService; Timer: cpu0=0.000 wall=0.001 
 Start: SolvePhaseEquation 
 End:   SolvePhaseEquation ; Timer: cpu0=17.109 wall=2.026 
 Start: SolidFiltersProcess: calculate forces and moments
 End:   SolidFiltersProcess: calculate forces and moments; Timer: cpu0=0.000 wall=0.002 
 Start: PrepareDataForNextStep
 End:   PrepareDataForNextStep; Timer: cpu0=0.422 wall=0.055 
 Start: VarValueService
 End:   VarValueService; Timer: cpu0=0.000 wall=0.001 
 Start: UpdateStopperData
 End:   UpdateStopperData; Timer: cpu0=0.000 wall=0.001 
 Start: Saving text status in E:\UniFlight\flow\Land_fv\data\Land.status
 End:   Saving text status in E:\UniFlight\flow\Land_fv\data\Land.status; Timer: cpu0=0.000 wall=0.002 
 End:   ===== Time Step =====, Iter number =  94; Timer: cpu0=19.125 wall=2.331 

21.06.26 03:47:36  ===== Processing Layers =====
21.06.26 03:47:36    *SEND* for CScalarLayer, GUID=0E21CAB5-1866-4124-A2B3-DEC499FA58E6
 Start: ComputeVolumeCharacteristics
 End:   ComputeVolumeCharacteristics; Timer: cpu0=0.000 wall=0.004 
 Start: GetValueOnFacets
 End:   GetValueOnFacets; Timer: cpu0=0.000 wall=0.015 
21.06.26 03:47:36    *SEND* for CScalarLayer, GUID=A3659819-C06E-40A1-8932-64A566FBB4DA
 Start: ComputeVolumeCharacteristics
 End:   ComputeVolumeCharacteristics; Timer: cpu0=0.000 wall=0.005 
 Start: GetValueOnFacets
 End:   GetValueOnFacets; Timer: cpu0=0.172 wall=0.055 
21.06.26 03:47:36    *SEND* for CIntegralCharsLayer, GUID=4E090A0C-544B-E4A2-4242-BEC451D7CD2B
21.06.26 03:47:36    *SEND* for CIntegralCharsLayer, GUID=927DEDC8-AF71-7A31-D608-FB7EA635069E
21.06.26 03:47:36    *SEND* for CIntegralCharsLayer, GUID=7EF96C33-7880-7A39-F672-8DCB17098C5C
 End:   ===== Processing Layers =====; Timer: cpu0=0.172 wall=0.112 

21.06.26 03:47:36  ===== New Time Step =====, Iter number =  95
 Start: TimeServis
 End:   TimeServis; Timer: cpu0=0.344 wall=0.039 
 Start: User modules' functions BeforeTimeStep() are calling
 End:   User modules' functions BeforeTimeStep() are calling; Timer: cpu0=0.000 wall=0.002 
 Start: Adaptation, TotalRealCellsCount= 96497 
 End:   Adaptation; Timer: cpu0=0.000 wall=0.004 
 Start: Initialize data arrays on chips
 End:   Initialize data arrays on chips, res= 0; Timer: cpu0=0.000 wall=0.002 
  ***** Maximum Geometrical Gauss = 2.31353e-14, cell= 690:6:6:6:0
  ***** Maximum MovingSurf  Gauss = 0, cell= 
 Start: Initialize data arrays on chips
 End:   Initialize data arrays on chips, res= 0; Timer: cpu0=0.000 wall=0.002 
 Start: TimeServis
 End:   TimeServis; Timer: cpu0=0.469 wall=0.049 
 Start: FindEnclaves
 End:   FindEnclaves; Timer: cpu0=0.094 wall=0.088 
 Start: VarValueService
 End:   VarValueService; Timer: cpu0=0.000 wall=0.002 
 Start: SolvePhaseEquation 
 End:   SolvePhaseEquation ; Timer: cpu0=16.281 wall=2.004 
 Start: SolidFiltersProcess: calculate forces and moments
 End:   SolidFiltersProcess: calculate forces and moments; Timer: cpu0=0.000 wall=0.002 
 Start: PrepareDataForNextStep
 End:   PrepareDataForNextStep; Timer: cpu0=0.266 wall=0.061 
 Start: VarValueService
 End:   VarValueService; Timer: cpu0=0.000 wall=0.002 
 Start: UpdateStopperData
 End:   UpdateStopperData; Timer: cpu0=0.000 wall=0.001 
 Start: Saving text status in E:\UniFlight\flow\Land_fv\data\Land.status
 End:   Saving text status in E:\UniFlight\flow\Land_fv\data\Land.status; Timer: cpu0=0.000 wall=0.002 
 End:   ===== Time Step =====, Iter number =  95; Timer: cpu0=17.859 wall=2.329 

21.06.26 03:47:39  ===== Processing Layers =====
21.06.26 03:47:39    *SEND* for CScalarLayer, GUID=0E21CAB5-1866-4124-A2B3-DEC499FA58E6
 Start: ComputeVolumeCharacteristics
 End:   ComputeVolumeCharacteristics; Timer: cpu0=0.000 wall=0.004 
 Start: GetValueOnFacets
 End:   GetValueOnFacets; Timer: cpu0=0.172 wall=0.016 
21.06.26 03:47:39    *SEND* for CScalarLayer, GUID=A3659819-C06E-40A1-8932-64A566FBB4DA
 Start: ComputeVolumeCharacteristics
 End:   ComputeVolumeCharacteristics; Timer: cpu0=0.000 wall=0.004 
 Start: GetValueOnFacets
 End:   GetValueOnFacets; Timer: cpu0=0.062 wall=0.054 
21.06.26 03:47:39    *SEND* for CIntegralCharsLayer, GUID=4E090A0C-544B-E4A2-4242-BEC451D7CD2B
21.06.26 03:47:39    *SEND* for CIntegralCharsLayer, GUID=927DEDC8-AF71-7A31-D608-FB7EA635069E
21.06.26 03:47:39    *SEND* for CIntegralCharsLayer, GUID=7EF96C33-7880-7A39-F672-8DCB17098C5C
 End:   ===== Processing Layers =====; Timer: cpu0=0.250 wall=0.108 

21.06.26 03:47:39  ===== New Time Step =====, Iter number =  96
 Start: TimeServis
 End:   TimeServis; Timer: cpu0=0.344 wall=0.040 
 Start: User modules' functions BeforeTimeStep() are calling
 End:   User modules' functions BeforeTimeStep() are calling; Timer: cpu0=0.000 wall=0.002 
 Start: Adaptation, TotalRealCellsCount= 96497 
 End:   Adaptation; Timer: cpu0=0.000 wall=0.004 
 Start: Initialize data arrays on chips
 End:   Initialize data arrays on chips, res= 0; Timer: cpu0=0.000 wall=0.002 
  ***** Maximum Geometrical Gauss = 2.31353e-14, cell= 690:6:6:6:0
  ***** Maximum MovingSurf  Gauss = 0, cell= 
 Start: Initialize data arrays on chips
 End:   Initialize data arrays on chips, res= 0; Timer: cpu0=0.000 wall=0.001 
 Start: TimeServis
 End:   TimeServis; Timer: cpu0=0.516 wall=0.044 
 Start: FindEnclaves
 End:   FindEnclaves; Timer: cpu0=0.078 wall=0.086 
 Start: VarValueService
 End:   VarValueService; Timer: cpu0=0.000 wall=0.001 
 Start: SolvePhaseEquation 
 End:   SolvePhaseEquation ; Timer: cpu0=16.672 wall=2.004 
 Start: SolidFiltersProcess: calculate forces and moments
 End:   SolidFiltersProcess: calculate forces and moments; Timer: cpu0=0.000 wall=0.002 
 Start: PrepareDataForNextStep
 End:   PrepareDataForNextStep; Timer: cpu0=0.375 wall=0.052 
 Start: VarValueService
 End:   VarValueService; Timer: cpu0=0.000 wall=0.002 
 Start: UpdateStopperData
 End:   UpdateStopperData; Timer: cpu0=0.000 wall=0.001 
 Start: Saving text status in E:\UniFlight\flow\Land_fv\data\Land.status
 End:   Saving text status in E:\UniFlight\flow\Land_fv\data\Land.status; Timer: cpu0=0.000 wall=0.002 
 End:   ===== Time Step =====, Iter number =  96; Timer: cpu0=18.328 wall=2.305 

21.06.26 03:47:42  ===== Processing Layers =====
21.06.26 03:47:42    *SEND* for CScalarLayer, GUID=0E21CAB5-1866-4124-A2B3-DEC499FA58E6
 Start: ComputeVolumeCharacteristics
 End:   ComputeVolumeCharacteristics; Timer: cpu0=0.000 wall=0.004 
 Start: GetValueOnFacets
 End:   GetValueOnFacets; Timer: cpu0=0.109 wall=0.018 
21.06.26 03:47:42    *SEND* for CScalarLayer, GUID=A3659819-C06E-40A1-8932-64A566FBB4DA
 Start: ComputeVolumeCharacteristics
 End:   ComputeVolumeCharacteristics; Timer: cpu0=0.031 wall=0.004 
 Start: GetValueOnFacets
 End:   GetValueOnFacets; Timer: cpu0=0.047 wall=0.060 
21.06.26 03:47:42    *SEND* for CIntegralCharsLayer, GUID=4E090A0C-544B-E4A2-4242-BEC451D7CD2B
21.06.26 03:47:42    *SEND* for CIntegralCharsLayer, GUID=927DEDC8-AF71-7A31-D608-FB7EA635069E
21.06.26 03:47:42    *SEND* for CIntegralCharsLayer, GUID=7EF96C33-7880-7A39-F672-8DCB17098C5C
 End:   ===== Processing Layers =====; Timer: cpu0=0.203 wall=0.120 

21.06.26 03:47:42  ===== New Time Step =====, Iter number =  97
 Start: TimeServis
 End:   TimeServis; Timer: cpu0=0.344 wall=0.040 
 Start: User modules' functions BeforeTimeStep() are calling
 End:   User modules' functions BeforeTimeStep() are calling; Timer: cpu0=0.000 wall=0.002 
 Start: Adaptation, TotalRealCellsCount= 96497 
 End:   Adaptation; Timer: cpu0=0.000 wall=0.004 
 Start: Initialize data arrays on chips
 End:   Initialize data arrays on chips, res= 0; Timer: cpu0=0.000 wall=0.002 
  ***** Maximum Geometrical Gauss = 2.31353e-14, cell= 690:6:6:6:0
  ***** Maximum MovingSurf  Gauss = 0, cell= 
 Start: Initialize data arrays on chips
 End:   Initialize data arrays on chips, res= 0; Timer: cpu0=0.000 wall=0.002 
 Start: TimeServis
 End:   TimeServis; Timer: cpu0=0.469 wall=0.047 
 Start: FindEnclaves
 End:   FindEnclaves; Timer: cpu0=0.094 wall=0.094 
 Start: VarValueService
 End:   VarValueService; Timer: cpu0=0.000 wall=0.001 
 Start: SolvePhaseEquation 
 End:   SolvePhaseEquation ; Timer: cpu0=16.641 wall=2.008 
 Start: SolidFiltersProcess: calculate forces and moments
 End:   SolidFiltersProcess: calculate forces and moments; Timer: cpu0=0.000 wall=0.001 
 Start: PrepareDataForNextStep
 End:   PrepareDataForNextStep; Timer: cpu0=0.422 wall=0.054 
 Start: VarValueService
 End:   VarValueService; Timer: cpu0=0.000 wall=0.002 
 Start: UpdateStopperData
 End:   UpdateStopperData; Timer: cpu0=0.000 wall=0.001 
 Start: Saving text status in E:\UniFlight\flow\Land_fv\data\Land.status
 End:   Saving text status in E:\UniFlight\flow\Land_fv\data\Land.status; Timer: cpu0=0.000 wall=0.003 
 End:   ===== Time Step =====, Iter number =  97; Timer: cpu0=18.344 wall=2.340 

21.06.26 03:47:44  ===== Processing Layers =====
21.06.26 03:47:44    *SEND* for CScalarLayer, GUID=0E21CAB5-1866-4124-A2B3-DEC499FA58E6
 Start: ComputeVolumeCharacteristics
 End:   ComputeVolumeCharacteristics; Timer: cpu0=0.172 wall=0.005 
 Start: GetValueOnFacets
 End:   GetValueOnFacets; Timer: cpu0=0.016 wall=0.013 
21.06.26 03:47:44    *SEND* for CScalarLayer, GUID=A3659819-C06E-40A1-8932-64A566FBB4DA
 Start: ComputeVolumeCharacteristics
 End:   ComputeVolumeCharacteristics; Timer: cpu0=0.000 wall=0.003 
 Start: GetValueOnFacets
 End:   GetValueOnFacets; Timer: cpu0=0.031 wall=0.044 
21.06.26 03:47:44    *SEND* for CIntegralCharsLayer, GUID=4E090A0C-544B-E4A2-4242-BEC451D7CD2B
21.06.26 03:47:44    *SEND* for CIntegralCharsLayer, GUID=927DEDC8-AF71-7A31-D608-FB7EA635069E
21.06.26 03:47:44    *SEND* for CIntegralCharsLayer, GUID=7EF96C33-7880-7A39-F672-8DCB17098C5C
 End:   ===== Processing Layers =====; Timer: cpu0=0.219 wall=0.098 

21.06.26 03:47:44  ===== New Time Step =====, Iter number =  98
 Start: TimeServis
 End:   TimeServis; Timer: cpu0=0.344 wall=0.040 
 Start: User modules' functions BeforeTimeStep() are calling
 End:   User modules' functions BeforeTimeStep() are calling; Timer: cpu0=0.000 wall=0.002 
 Start: Adaptation, TotalRealCellsCount= 96497 
 End:   Adaptation; Timer: cpu0=0.000 wall=0.004 
 Start: Initialize data arrays on chips
 End:   Initialize data arrays on chips, res= 0; Timer: cpu0=0.172 wall=0.002 
  ***** Maximum Geometrical Gauss = 2.31353e-14, cell= 690:6:6:6:0
  ***** Maximum MovingSurf  Gauss = 0, cell= 
 Start: Initialize data arrays on chips
 End:   Initialize data arrays on chips, res= 0; Timer: cpu0=0.000 wall=0.001 
 Start: TimeServis
 End:   TimeServis; Timer: cpu0=0.594 wall=0.051 
 Start: FindEnclaves
 End:   FindEnclaves; Timer: cpu0=0.078 wall=0.086 
 Start: VarValueService
 End:   VarValueService; Timer: cpu0=0.000 wall=0.002 
 Start: SolvePhaseEquation 
 End:   SolvePhaseEquation ; Timer: cpu0=16.594 wall=2.015 
 Start: SolidFiltersProcess: calculate forces and moments
 End:   SolidFiltersProcess: calculate forces and moments; Timer: cpu0=0.000 wall=0.002 
 Start: PrepareDataForNextStep
 End:   PrepareDataForNextStep; Timer: cpu0=0.359 wall=0.048 
 Start: VarValueService
 End:   VarValueService; Timer: cpu0=0.000 wall=0.001 
 Start: UpdateStopperData
 End:   UpdateStopperData; Timer: cpu0=0.000 wall=0.001 
 Start: Saving text status in E:\UniFlight\flow\Land_fv\data\Land.status
 End:   Saving text status in E:\UniFlight\flow\Land_fv\data\Land.status; Timer: cpu0=0.000 wall=0.002 
 End:   ===== Time Step =====, Iter number =  98; Timer: cpu0=18.312 wall=2.317 

21.06.26 03:47:47  ===== Processing Layers =====
21.06.26 03:47:47    *SEND* for CScalarLayer, GUID=0E21CAB5-1866-4124-A2B3-DEC499FA58E6
 Start: ComputeVolumeCharacteristics
 End:   ComputeVolumeCharacteristics; Timer: cpu0=0.172 wall=0.005 
 Start: GetValueOnFacets
 End:   GetValueOnFacets; Timer: cpu0=0.000 wall=0.012 
21.06.26 03:47:47    *SEND* for CScalarLayer, GUID=A3659819-C06E-40A1-8932-64A566FBB4DA
 Start: ComputeVolumeCharacteristics
 End:   ComputeVolumeCharacteristics; Timer: cpu0=0.047 wall=0.006 
 Start: GetValueOnFacets
 End:   GetValueOnFacets; Timer: cpu0=0.047 wall=0.050 
21.06.26 03:47:47    *SEND* for CIntegralCharsLayer, GUID=4E090A0C-544B-E4A2-4242-BEC451D7CD2B
21.06.26 03:47:47    *SEND* for CIntegralCharsLayer, GUID=927DEDC8-AF71-7A31-D608-FB7EA635069E
21.06.26 03:47:47    *SEND* for CIntegralCharsLayer, GUID=7EF96C33-7880-7A39-F672-8DCB17098C5C
 End:   ===== Processing Layers =====; Timer: cpu0=0.266 wall=0.100 

21.06.26 03:47:47  ===== New Time Step =====, Iter number =  99
 Start: TimeServis
 End:   TimeServis; Timer: cpu0=0.391 wall=0.041 
 Start: User modules' functions BeforeTimeStep() are calling
 End:   User modules' functions BeforeTimeStep() are calling; Timer: cpu0=0.000 wall=0.001 
 Start: Adaptation, TotalRealCellsCount= 96497 
 End:   Adaptation; Timer: cpu0=0.000 wall=0.005 
 Start: Initialize data arrays on chips
 End:   Initialize data arrays on chips, res= 0; Timer: cpu0=0.000 wall=0.002 
  ***** Maximum Geometrical Gauss = 2.31353e-14, cell= 690:6:6:6:0
  ***** Maximum MovingSurf  Gauss = 0, cell= 
 Start: Initialize data arrays on chips
 End:   Initialize data arrays on chips, res= 0; Timer: cpu0=0.000 wall=0.001 
 Start: TimeServis
 End:   TimeServis; Timer: cpu0=0.438 wall=0.049 
 Start: FindEnclaves
 End:   FindEnclaves; Timer: cpu0=0.078 wall=0.084 
 Start: VarValueService
 End:   VarValueService; Timer: cpu0=0.000 wall=0.002 
 Start: SolvePhaseEquation 
 End:   SolvePhaseEquation ; Timer: cpu0=17.000 wall=1.995 
 Start: SolidFiltersProcess: calculate forces and moments
 End:   SolidFiltersProcess: calculate forces and moments; Timer: cpu0=0.000 wall=0.002 
 Start: PrepareDataForNextStep
 End:   PrepareDataForNextStep; Timer: cpu0=0.406 wall=0.054 
 Start: VarValueService
 End:   VarValueService; Timer: cpu0=0.156 wall=0.002 
 Start: UpdateStopperData
 End:   UpdateStopperData; Timer: cpu0=0.000 wall=0.001 
 Start: Saving text status in E:\UniFlight\flow\Land_fv\data\Land.status
 End:   Saving text status in E:\UniFlight\flow\Land_fv\data\Land.status; Timer: cpu0=0.000 wall=0.002 
 End:   ===== Time Step =====, Iter number =  99; Timer: cpu0=18.984 wall=2.300 

 Start: Saving values
 End:   Saving values, res= 0; Timer: cpu0=0.859 wall=0.110 
 Start: Saving grid
 End:   Saving grid, res= 0; Timer: cpu0=0.828 wall=0.099 
 Start: Saving grid index
 End:   Saving grid index, res= 0; Timer: cpu0=0.000 wall=0.002 
21.06.26 03:47:50  ===== Processing Layers =====
21.06.26 03:47:50    *SEND* for CScalarLayer, GUID=0E21CAB5-1866-4124-A2B3-DEC499FA58E6
 Start: ComputeVolumeCharacteristics
 End:   ComputeVolumeCharacteristics; Timer: cpu0=0.172 wall=0.005 
 Start: GetValueOnFacets
 End:   GetValueOnFacets; Timer: cpu0=0.000 wall=0.011 
21.06.26 03:47:50    *SEND* for CScalarLayer, GUID=A3659819-C06E-40A1-8932-64A566FBB4DA
 Start: ComputeVolumeCharacteristics
 End:   ComputeVolumeCharacteristics; Timer: cpu0=0.000 wall=0.005 
 Start: GetValueOnFacets
 End:   GetValueOnFacets; Timer: cpu0=0.203 wall=0.046 
21.06.26 03:47:50    *SEND* for CIntegralCharsLayer, GUID=4E090A0C-544B-E4A2-4242-BEC451D7CD2B
21.06.26 03:47:50    *SEND* for CIntegralCharsLayer, GUID=927DEDC8-AF71-7A31-D608-FB7EA635069E
21.06.26 03:47:50    *SEND* for CIntegralCharsLayer, GUID=7EF96C33-7880-7A39-F672-8DCB17098C5C
 End:   ===== Processing Layers =====; Timer: cpu0=0.391 wall=0.096 

21.06.26 03:47:50  ===== New Time Step =====, Iter number =  100
 Start: TimeServis
 End:   TimeServis; Timer: cpu0=0.438 wall=0.042 
 Start: User modules' functions BeforeTimeStep() are calling
 End:   User modules' functions BeforeTimeStep() are calling; Timer: cpu0=0.000 wall=0.002 
 Start: Adaptation, TotalRealCellsCount= 96497 
 End:   Adaptation; Timer: cpu0=6.938 wall=0.852 
 Start: DistributeGridOnProcessors
 End:   DistributeGridOnProcessors, res= 0; Timer: cpu0=0.828 wall=0.197 
 Start: SetNeiHyperCells
 End:   SetNeiHyperCells, res= 0; Timer: cpu0=0.172 wall=0.007 
 Start: BuildFacetDistribution
 End:   BuildFacetDistribution; Timer: cpu0=0.000 wall=0.003 
 Start: Initialize data arrays on chips
 End:   Initialize data arrays on chips, res= 0; Timer: cpu0=0.000 wall=0.002 
  ***** Maximum Geometrical Gauss = 2.31353e-14, cell= 690:6:6:6:0
  ***** Maximum MovingSurf  Gauss = 1.02687e-13, cell= 900:4:6:0
 Start: Remove Small Cells
 End:   Remove Small Cells; Timer: cpu0=0.312 wall=0.022 
 Start: Initialize data arrays on chips
 End:   Initialize data arrays on chips, res= 0; Timer: cpu0=0.000 wall=0.002 
  ***** Maximum Geometrical Gauss = 2.31353e-14, cell= 690:6:6:6:0
  ***** Maximum MovingSurf  Gauss = 1.02687e-13, cell= 900:4:6:0
 Start: Initialize data arrays on chips
 End:   Initialize data arrays on chips, res= 0; Timer: cpu0=0.000 wall=0.002 
 Start: Modify Chip Data
 End:   Modify Chip Data; Timer: cpu0=0.375 wall=0.041 
 Start: TimeServis
 End:   TimeServis; Timer: cpu0=0.438 wall=0.052 
 Start: FindEnclaves
 End:   FindEnclaves; Timer: cpu0=0.094 wall=0.094 
 Start: VarValueService
 End:   VarValueService; Timer: cpu0=0.000 wall=0.002 
 Start: SolvePhaseEquation 
 End:   SolvePhaseEquation ; Timer: cpu0=17.656 wall=2.074 
 Start: SolidFiltersProcess: calculate forces and moments
 End:   SolidFiltersProcess: calculate forces and moments; Timer: cpu0=0.000 wall=0.002 
 Start: PrepareDataForNextStep
 End:   PrepareDataForNextStep; Timer: cpu0=0.375 wall=0.058 
 Start: VarValueService
 End:   VarValueService; Timer: cpu0=0.000 wall=0.001 
 Start: UpdateStopperData
 End:   UpdateStopperData; Timer: cpu0=0.000 wall=0.001 
 Start: Saving text status in E:\UniFlight\flow\Land_fv\data\Land.status
 End:   Saving text status in E:\UniFlight\flow\Land_fv\data\Land.status; Timer: cpu0=0.000 wall=0.002 
 End:   ===== Time Step =====, Iter number =  100; Timer: cpu0=28.094 wall=3.551 

21.06.26 03:47:54  ===== Processing Layers =====
21.06.26 03:47:54    *SEND* for CScalarLayer, GUID=0E21CAB5-1866-4124-A2B3-DEC499FA58E6
 Start: ComputeVolumeCharacteristics
 End:   ComputeVolumeCharacteristics; Timer: cpu0=0.000 wall=0.004 
 Start: GetValueOnFacets
 End:   GetValueOnFacets; Timer: cpu0=0.000 wall=0.013 
21.06.26 03:47:54    *SEND* for CScalarLayer, GUID=A3659819-C06E-40A1-8932-64A566FBB4DA
 Start: ComputeVolumeCharacteristics
 End:   ComputeVolumeCharacteristics; Timer: cpu0=0.000 wall=0.005 
 Start: GetValueOnFacets
 End:   GetValueOnFacets; Timer: cpu0=0.203 wall=0.048 
21.06.26 03:47:54    *SEND* for CIntegralCharsLayer, GUID=4E090A0C-544B-E4A2-4242-BEC451D7CD2B
21.06.26 03:47:54    *SEND* for CIntegralCharsLayer, GUID=927DEDC8-AF71-7A31-D608-FB7EA635069E
21.06.26 03:47:54    *SEND* for CIntegralCharsLayer, GUID=7EF96C33-7880-7A39-F672-8DCB17098C5C
 End:   ===== Processing Layers =====; Timer: cpu0=0.391 wall=0.101 

21.06.26 03:47:54  ===== New Time Step =====, Iter number =  101
 Start: TimeServis
 End:   TimeServis; Timer: cpu0=0.344 wall=0.041 
 Start: User modules' functions BeforeTimeStep() are calling
 End:   User modules' functions BeforeTimeStep() are calling; Timer: cpu0=0.000 wall=0.001 
 Start: Adaptation, TotalRealCellsCount= 98555 
 End:   Adaptation; Timer: cpu0=5.500 wall=0.753 
 Start: DistributeGridOnProcessors
 End:   DistributeGridOnProcessors, res= 0; Timer: cpu0=0.641 wall=0.201 
 Start: SetNeiHyperCells
 End:   SetNeiHyperCells, res= 0; Timer: cpu0=0.000 wall=0.006 
 Start: BuildFacetDistribution
 End:   BuildFacetDistribution; Timer: cpu0=0.000 wall=0.001 
 Start: Initialize data arrays on chips
 End:   Initialize data arrays on chips, res= 0; Timer: cpu0=0.000 wall=0.002 
  ***** Maximum Geometrical Gauss = 2.31353e-14, cell= 690:6:6:6:0
  ***** Maximum MovingSurf  Gauss = 1.14961e-13, cell= 797:7:2:0
 Start: Remove Small Cells
 End:   Remove Small Cells; Timer: cpu0=0.172 wall=0.018 
 Start: Initialize data arrays on chips
 End:   Initialize data arrays on chips, res= 0; Timer: cpu0=0.000 wall=0.003 
  ***** Maximum Geometrical Gauss = 2.31353e-14, cell= 690:6:6:6:0
  ***** Maximum MovingSurf  Gauss = 1.14961e-13, cell= 797:7:2:0
 Start: Initialize data arrays on chips
 End:   Initialize data arrays on chips, res= 0; Timer: cpu0=0.000 wall=0.002 
 Start: Modify Chip Data
 End:   Modify Chip Data; Timer: cpu0=0.344 wall=0.038 
 Start: TimeServis
 End:   TimeServis; Timer: cpu0=0.516 wall=0.046 
 Start: FindEnclaves
 End:   FindEnclaves; Timer: cpu0=0.266 wall=0.097 
 Start: VarValueService
 End:   VarValueService; Timer: cpu0=0.000 wall=0.003 
 Start: SolvePhaseEquation 
 End:   SolvePhaseEquation ; Timer: cpu0=15.703 wall=2.018 
 Start: SolidFiltersProcess: calculate forces and moments
 End:   SolidFiltersProcess: calculate forces and moments; Timer: cpu0=0.000 wall=0.002 
 Start: PrepareDataForNextStep
 End:   PrepareDataForNextStep; Timer: cpu0=0.375 wall=0.056 
 Start: VarValueService
 End:   VarValueService; Timer: cpu0=0.000 wall=0.001 
 Start: UpdateStopperData
 End:   UpdateStopperData; Timer: cpu0=0.000 wall=0.001 
 Start: Saving text status in E:\UniFlight\flow\Land_fv\data\Land.status
 End:   Saving text status in E:\UniFlight\flow\Land_fv\data\Land.status; Timer: cpu0=0.000 wall=0.002 
 End:   ===== Time Step =====, Iter number =  101; Timer: cpu0=24.188 wall=3.386 

21.06.26 03:47:58  ===== Processing Layers =====
21.06.26 03:47:58    *SEND* for CScalarLayer, GUID=0E21CAB5-1866-4124-A2B3-DEC499FA58E6
 Start: ComputeVolumeCharacteristics
 End:   ComputeVolumeCharacteristics; Timer: cpu0=0.000 wall=0.005 
 Start: GetValueOnFacets
 End:   GetValueOnFacets; Timer: cpu0=0.000 wall=0.012 
21.06.26 03:47:58    *SEND* for CScalarLayer, GUID=A3659819-C06E-40A1-8932-64A566FBB4DA
 Start: ComputeVolumeCharacteristics
 End:   ComputeVolumeCharacteristics; Timer: cpu0=0.000 wall=0.004 
 Start: GetValueOnFacets
 End:   GetValueOnFacets; Timer: cpu0=0.219 wall=0.051 
21.06.26 03:47:58    *SEND* for CIntegralCharsLayer, GUID=4E090A0C-544B-E4A2-4242-BEC451D7CD2B
21.06.26 03:47:58    *SEND* for CIntegralCharsLayer, GUID=927DEDC8-AF71-7A31-D608-FB7EA635069E
21.06.26 03:47:58    *SEND* for CIntegralCharsLayer, GUID=7EF96C33-7880-7A39-F672-8DCB17098C5C
 End:   ===== Processing Layers =====; Timer: cpu0=0.219 wall=0.100 

21.06.26 03:47:58  ===== New Time Step =====, Iter number =  102
 Start: TimeServis
 End:   TimeServis; Timer: cpu0=0.281 wall=0.042 
 Start: User modules' functions BeforeTimeStep() are calling
 End:   User modules' functions BeforeTimeStep() are calling; Timer: cpu0=0.000 wall=0.002 
 Start: Adaptation, TotalRealCellsCount= 96350 
 End:   Adaptation; Timer: cpu0=0.000 wall=0.004 
 Start: Initialize data arrays on chips
 End:   Initialize data arrays on chips, res= 0; Timer: cpu0=0.000 wall=0.002 
  ***** Maximum Geometrical Gauss = 2.31353e-14, cell= 690:6:6:6:0
  ***** Maximum MovingSurf  Gauss = 0, cell= 
 Start: Initialize data arrays on chips
 End:   Initialize data arrays on chips, res= 0; Timer: cpu0=0.000 wall=0.002 
 Start: TimeServis
 End:   TimeServis; Timer: cpu0=0.344 wall=0.044 
 Start: FindEnclaves
 End:   FindEnclaves; Timer: cpu0=0.078 wall=0.082 
 Start: VarValueService
 End:   VarValueService; Timer: cpu0=0.000 wall=0.001 
 Start: SolvePhaseEquation 
 End:   SolvePhaseEquation ; Timer: cpu0=17.062 wall=2.034 
 Start: SolidFiltersProcess: calculate forces and moments
 End:   SolidFiltersProcess: calculate forces and moments; Timer: cpu0=0.000 wall=0.002 
 Start: PrepareDataForNextStep
 End:   PrepareDataForNextStep; Timer: cpu0=0.531 wall=0.063 
 Start: VarValueService
 End:   VarValueService; Timer: cpu0=0.000 wall=0.001 
 Start: UpdateStopperData
 End:   UpdateStopperData; Timer: cpu0=0.000 wall=0.002 
 Start: Saving text status in E:\UniFlight\flow\Land_fv\data\Land.status
 End:   Saving text status in E:\UniFlight\flow\Land_fv\data\Land.status; Timer: cpu0=0.000 wall=0.002 
 End:   ===== Time Step =====, Iter number =  102; Timer: cpu0=18.641 wall=2.346 

21.06.26 03:48:01  ===== Processing Layers =====
21.06.26 03:48:01    *SEND* for CScalarLayer, GUID=0E21CAB5-1866-4124-A2B3-DEC499FA58E6
 Start: ComputeVolumeCharacteristics
 End:   ComputeVolumeCharacteristics; Timer: cpu0=0.000 wall=0.005 
 Start: GetValueOnFacets
 End:   GetValueOnFacets; Timer: cpu0=0.016 wall=0.016 
21.06.26 03:48:01    *SEND* for CScalarLayer, GUID=A3659819-C06E-40A1-8932-64A566FBB4DA
 Start: ComputeVolumeCharacteristics
 End:   ComputeVolumeCharacteristics; Timer: cpu0=0.000 wall=0.006 
 Start: GetValueOnFacets
 End:   GetValueOnFacets; Timer: cpu0=0.234 wall=0.068 
21.06.26 03:48:01    *SEND* for CIntegralCharsLayer, GUID=4E090A0C-544B-E4A2-4242-BEC451D7CD2B
21.06.26 03:48:01    *SEND* for CIntegralCharsLayer, GUID=927DEDC8-AF71-7A31-D608-FB7EA635069E
21.06.26 03:48:01    *SEND* for CIntegralCharsLayer, GUID=7EF96C33-7880-7A39-F672-8DCB17098C5C
 End:   ===== Processing Layers =====; Timer: cpu0=0.281 wall=0.127 

21.06.26 03:48:01  ===== New Time Step =====, Iter number =  103
 Start: TimeServis
 End:   TimeServis; Timer: cpu0=0.422 wall=0.035 
 Start: User modules' functions BeforeTimeStep() are calling
 End:   User modules' functions BeforeTimeStep() are calling; Timer: cpu0=0.000 wall=0.004 
 Start: Adaptation, TotalRealCellsCount= 96350 
 End:   Adaptation; Timer: cpu0=0.000 wall=0.005 
 Start: Initialize data arrays on chips
 End:   Initialize data arrays on chips, res= 0; Timer: cpu0=0.000 wall=0.002 
  ***** Maximum Geometrical Gauss = 2.31353e-14, cell= 690:6:6:6:0
  ***** Maximum MovingSurf  Gauss = 0, cell= 
 Start: Initialize data arrays on chips
 End:   Initialize data arrays on chips, res= 0; Timer: cpu0=0.000 wall=0.002 
 Start: TimeServis
 End:   TimeServis; Timer: cpu0=0.500 wall=0.054 
 Start: FindEnclaves
 End:   FindEnclaves; Timer: cpu0=0.062 wall=0.090 
 Start: VarValueService
 End:   VarValueService; Timer: cpu0=0.000 wall=0.001 
 Start: SolvePhaseEquation 
 End:   SolvePhaseEquation ; Timer: cpu0=16.219 wall=2.015 
 Start: SolidFiltersProcess: calculate forces and moments
 End:   SolidFiltersProcess: calculate forces and moments; Timer: cpu0=0.000 wall=0.002 
 Start: PrepareDataForNextStep
 End:   PrepareDataForNextStep; Timer: cpu0=0.359 wall=0.052 
 Start: VarValueService
 End:   VarValueService; Timer: cpu0=0.000 wall=0.001 
 Start: UpdateStopperData
 End:   UpdateStopperData; Timer: cpu0=0.000 wall=0.001 
 Start: Saving text status in E:\UniFlight\flow\Land_fv\data\Land.status
 End:   Saving text status in E:\UniFlight\flow\Land_fv\data\Land.status; Timer: cpu0=0.000 wall=0.003 
 End:   ===== Time Step =====, Iter number =  103; Timer: cpu0=17.906 wall=2.330 

21.06.26 03:48:03  ===== Processing Layers =====
21.06.26 03:48:03    *SEND* for CScalarLayer, GUID=0E21CAB5-1866-4124-A2B3-DEC499FA58E6
 Start: ComputeVolumeCharacteristics
 End:   ComputeVolumeCharacteristics; Timer: cpu0=0.000 wall=0.003 
 Start: GetValueOnFacets
 End:   GetValueOnFacets; Timer: cpu0=0.172 wall=0.014 
21.06.26 03:48:03    *SEND* for CScalarLayer, GUID=A3659819-C06E-40A1-8932-64A566FBB4DA
 Start: ComputeVolumeCharacteristics
 End:   ComputeVolumeCharacteristics; Timer: cpu0=0.000 wall=0.004 
 Start: GetValueOnFacets
 End:   GetValueOnFacets; Timer: cpu0=0.328 wall=0.051 
21.06.26 03:48:03    *SEND* for CIntegralCharsLayer, GUID=4E090A0C-544B-E4A2-4242-BEC451D7CD2B
21.06.26 03:48:03    *SEND* for CIntegralCharsLayer, GUID=927DEDC8-AF71-7A31-D608-FB7EA635069E
21.06.26 03:48:03    *SEND* for CIntegralCharsLayer, GUID=7EF96C33-7880-7A39-F672-8DCB17098C5C
 End:   ===== Processing Layers =====; Timer: cpu0=0.500 wall=0.104 

21.06.26 03:48:03  ===== New Time Step =====, Iter number =  104
 Start: TimeServis
 End:   TimeServis; Timer: cpu0=0.516 wall=0.041 
 Start: User modules' functions BeforeTimeStep() are calling
 End:   User modules' functions BeforeTimeStep() are calling; Timer: cpu0=0.000 wall=0.002 
 Start: Adaptation, TotalRealCellsCount= 96350 
 End:   Adaptation; Timer: cpu0=0.016 wall=0.005 
 Start: Initialize data arrays on chips
 End:   Initialize data arrays on chips, res= 0; Timer: cpu0=0.000 wall=0.002 
  ***** Maximum Geometrical Gauss = 2.31353e-14, cell= 690:6:6:6:0
  ***** Maximum MovingSurf  Gauss = 0, cell= 
 Start: Initialize data arrays on chips
 End:   Initialize data arrays on chips, res= 0; Timer: cpu0=0.000 wall=0.001 
 Start: TimeServis
 End:   TimeServis; Timer: cpu0=0.344 wall=0.042 
 Start: FindEnclaves
 End:   FindEnclaves; Timer: cpu0=0.078 wall=0.081 
 Start: VarValueService
 End:   VarValueService; Timer: cpu0=0.000 wall=0.001 
 Start: SolvePhaseEquation 
 End:   SolvePhaseEquation ; Timer: cpu0=17.125 wall=2.017 
 Start: SolidFiltersProcess: calculate forces and moments
 End:   SolidFiltersProcess: calculate forces and moments; Timer: cpu0=0.000 wall=0.002 
 Start: PrepareDataForNextStep
 End:   PrepareDataForNextStep; Timer: cpu0=0.328 wall=0.056 
 Start: VarValueService
 End:   VarValueService; Timer: cpu0=0.000 wall=0.001 
 Start: UpdateStopperData
 End:   UpdateStopperData; Timer: cpu0=0.000 wall=0.001 
 Start: Saving text status in E:\UniFlight\flow\Land_fv\data\Land.status
 End:   Saving text status in E:\UniFlight\flow\Land_fv\data\Land.status; Timer: cpu0=0.000 wall=0.002 
 End:   ===== Time Step =====, Iter number =  104; Timer: cpu0=18.578 wall=2.313 

21.06.26 03:48:06  ===== Processing Layers =====
21.06.26 03:48:06    *SEND* for CScalarLayer, GUID=0E21CAB5-1866-4124-A2B3-DEC499FA58E6
 Start: ComputeVolumeCharacteristics
 End:   ComputeVolumeCharacteristics; Timer: cpu0=0.000 wall=0.005 
 Start: GetValueOnFacets
 End:   GetValueOnFacets; Timer: cpu0=0.016 wall=0.012 
21.06.26 03:48:06    *SEND* for CScalarLayer, GUID=A3659819-C06E-40A1-8932-64A566FBB4DA
 Start: ComputeVolumeCharacteristics
 End:   ComputeVolumeCharacteristics; Timer: cpu0=0.000 wall=0.004 
 Start: GetValueOnFacets
 End:   GetValueOnFacets; Timer: cpu0=0.203 wall=0.051 
21.06.26 03:48:06    *SEND* for CIntegralCharsLayer, GUID=4E090A0C-544B-E4A2-4242-BEC451D7CD2B
21.06.26 03:48:06    *SEND* for CIntegralCharsLayer, GUID=927DEDC8-AF71-7A31-D608-FB7EA635069E
21.06.26 03:48:06    *SEND* for CIntegralCharsLayer, GUID=7EF96C33-7880-7A39-F672-8DCB17098C5C
 End:   ===== Processing Layers =====; Timer: cpu0=0.562 wall=0.102 

21.06.26 03:48:06  ===== New Time Step =====, Iter number =  105
 Start: TimeServis
 End:   TimeServis; Timer: cpu0=0.516 wall=0.038 
 Start: User modules' functions BeforeTimeStep() are calling
 End:   User modules' functions BeforeTimeStep() are calling; Timer: cpu0=0.000 wall=0.001 
 Start: Adaptation, TotalRealCellsCount= 96350 
 End:   Adaptation; Timer: cpu0=0.000 wall=0.005 
 Start: Initialize data arrays on chips
 End:   Initialize data arrays on chips, res= 0; Timer: cpu0=0.000 wall=0.002 
  ***** Maximum Geometrical Gauss = 2.31353e-14, cell= 690:6:6:6:0
  ***** Maximum MovingSurf  Gauss = 0, cell= 
 Start: Initialize data arrays on chips
 End:   Initialize data arrays on chips, res= 0; Timer: cpu0=0.000 wall=0.002 
 Start: TimeServis
 End:   TimeServis; Timer: cpu0=0.469 wall=0.042 
 Start: FindEnclaves
 End:   FindEnclaves; Timer: cpu0=0.094 wall=0.088 
 Start: VarValueService
 End:   VarValueService; Timer: cpu0=0.000 wall=0.001 
 Start: SolvePhaseEquation 
 End:   SolvePhaseEquation ; Timer: cpu0=17.422 wall=1.998 
 Start: SolidFiltersProcess: calculate forces and moments
 End:   SolidFiltersProcess: calculate forces and moments; Timer: cpu0=0.000 wall=0.001 
 Start: PrepareDataForNextStep
 End:   PrepareDataForNextStep; Timer: cpu0=0.406 wall=0.054 
 Start: VarValueService
 End:   VarValueService; Timer: cpu0=0.000 wall=0.001 
 Start: UpdateStopperData
 End:   UpdateStopperData; Timer: cpu0=0.000 wall=0.001 
 Start: Saving text status in E:\UniFlight\flow\Land_fv\data\Land.status
 End:   Saving text status in E:\UniFlight\flow\Land_fv\data\Land.status; Timer: cpu0=0.000 wall=0.001 
 End:   ===== Time Step =====, Iter number =  105; Timer: cpu0=19.078 wall=2.304 

21.06.26 03:48:09  ===== Processing Layers =====
21.06.26 03:48:09    *SEND* for CScalarLayer, GUID=0E21CAB5-1866-4124-A2B3-DEC499FA58E6
 Start: ComputeVolumeCharacteristics
 End:   ComputeVolumeCharacteristics; Timer: cpu0=0.000 wall=0.004 
 Start: GetValueOnFacets
 End:   GetValueOnFacets; Timer: cpu0=0.172 wall=0.012 
21.06.26 03:48:09    *SEND* for CScalarLayer, GUID=A3659819-C06E-40A1-8932-64A566FBB4DA
 Start: ComputeVolumeCharacteristics
 End:   ComputeVolumeCharacteristics; Timer: cpu0=0.172 wall=0.003 
 Start: GetValueOnFacets
 End:   GetValueOnFacets; Timer: cpu0=0.047 wall=0.048 
21.06.26 03:48:09    *SEND* for CIntegralCharsLayer, GUID=4E090A0C-544B-E4A2-4242-BEC451D7CD2B
21.06.26 03:48:09    *SEND* for CIntegralCharsLayer, GUID=927DEDC8-AF71-7A31-D608-FB7EA635069E
21.06.26 03:48:09    *SEND* for CIntegralCharsLayer, GUID=7EF96C33-7880-7A39-F672-8DCB17098C5C
 End:   ===== Processing Layers =====; Timer: cpu0=0.391 wall=0.101 

21.06.26 03:48:09  ===== New Time Step =====, Iter number =  106
 Start: TimeServis
 End:   TimeServis; Timer: cpu0=0.438 wall=0.037 
 Start: User modules' functions BeforeTimeStep() are calling
 End:   User modules' functions BeforeTimeStep() are calling; Timer: cpu0=0.000 wall=0.003 
 Start: Adaptation, TotalRealCellsCount= 96350 
 End:   Adaptation; Timer: cpu0=0.000 wall=0.004 
 Start: Initialize data arrays on chips
 End:   Initialize data arrays on chips, res= 0; Timer: cpu0=0.000 wall=0.002 
  ***** Maximum Geometrical Gauss = 2.31353e-14, cell= 690:6:6:6:0
  ***** Maximum MovingSurf  Gauss = 0, cell= 
 Start: Initialize data arrays on chips
 End:   Initialize data arrays on chips, res= 0; Timer: cpu0=0.172 wall=0.002 
 Start: TimeServis
 End:   TimeServis; Timer: cpu0=0.234 wall=0.042 
 Start: FindEnclaves
 End:   FindEnclaves; Timer: cpu0=0.078 wall=0.082 
 Start: VarValueService
 End:   VarValueService; Timer: cpu0=0.000 wall=0.002 
 Start: SolvePhaseEquation 
 End:   SolvePhaseEquation ; Timer: cpu0=16.000 wall=2.050 
 Start: SolidFiltersProcess: calculate forces and moments
 End:   SolidFiltersProcess: calculate forces and moments; Timer: cpu0=0.000 wall=0.001 
 Start: PrepareDataForNextStep
 End:   PrepareDataForNextStep; Timer: cpu0=0.438 wall=0.057 
 Start: VarValueService
 End:   VarValueService; Timer: cpu0=0.000 wall=0.001 
 Start: UpdateStopperData
 End:   UpdateStopperData; Timer: cpu0=0.000 wall=0.001 
 Start: Saving text status in E:\UniFlight\flow\Land_fv\data\Land.status
 End:   Saving text status in E:\UniFlight\flow\Land_fv\data\Land.status; Timer: cpu0=0.000 wall=0.002 
 End:   ===== Time Step =====, Iter number =  106; Timer: cpu0=17.531 wall=2.352 

21.06.26 03:48:11  ===== Processing Layers =====
21.06.26 03:48:11    *SEND* for CScalarLayer, GUID=0E21CAB5-1866-4124-A2B3-DEC499FA58E6
 Start: ComputeVolumeCharacteristics
 End:   ComputeVolumeCharacteristics; Timer: cpu0=0.156 wall=0.004 
 Start: GetValueOnFacets
 End:   GetValueOnFacets; Timer: cpu0=0.156 wall=0.015 
21.06.26 03:48:11    *SEND* for CScalarLayer, GUID=A3659819-C06E-40A1-8932-64A566FBB4DA
 Start: ComputeVolumeCharacteristics
 End:   ComputeVolumeCharacteristics; Timer: cpu0=0.000 wall=0.004 
 Start: GetValueOnFacets
 End:   GetValueOnFacets; Timer: cpu0=0.359 wall=0.052 
21.06.26 03:48:11    *SEND* for CIntegralCharsLayer, GUID=4E090A0C-544B-E4A2-4242-BEC451D7CD2B
21.06.26 03:48:11    *SEND* for CIntegralCharsLayer, GUID=927DEDC8-AF71-7A31-D608-FB7EA635069E
21.06.26 03:48:11    *SEND* for CIntegralCharsLayer, GUID=7EF96C33-7880-7A39-F672-8DCB17098C5C
 End:   ===== Processing Layers =====; Timer: cpu0=0.672 wall=0.109 

21.06.26 03:48:12  ===== New Time Step =====, Iter number =  107
 Start: TimeServis
 End:   TimeServis; Timer: cpu0=0.203 wall=0.038 
 Start: User modules' functions BeforeTimeStep() are calling
 End:   User modules' functions BeforeTimeStep() are calling; Timer: cpu0=0.000 wall=0.002 
 Start: Adaptation, TotalRealCellsCount= 96350 
 End:   Adaptation; Timer: cpu0=0.000 wall=0.004 
 Start: Initialize data arrays on chips
 End:   Initialize data arrays on chips, res= 0; Timer: cpu0=0.000 wall=0.001 
  ***** Maximum Geometrical Gauss = 2.31353e-14, cell= 690:6:6:6:0
  ***** Maximum MovingSurf  Gauss = 0, cell= 
 Start: Initialize data arrays on chips
 End:   Initialize data arrays on chips, res= 0; Timer: cpu0=0.000 wall=0.002 
 Start: TimeServis
 End:   TimeServis; Timer: cpu0=0.516 wall=0.045 
 Start: FindEnclaves
 End:   FindEnclaves; Timer: cpu0=0.078 wall=0.087 
 Start: VarValueService
 End:   VarValueService; Timer: cpu0=0.000 wall=0.001 
 Start: SolvePhaseEquation 
 End:   SolvePhaseEquation ; Timer: cpu0=15.906 wall=2.047 
 Start: SolidFiltersProcess: calculate forces and moments
 End:   SolidFiltersProcess: calculate forces and moments; Timer: cpu0=0.000 wall=0.002 
 Start: PrepareDataForNextStep
 End:   PrepareDataForNextStep; Timer: cpu0=0.406 wall=0.055 
 Start: VarValueService
 End:   VarValueService; Timer: cpu0=0.000 wall=0.001 
 Start: UpdateStopperData
 End:   UpdateStopperData; Timer: cpu0=0.000 wall=0.001 
 Start: Saving text status in E:\UniFlight\flow\Land_fv\data\Land.status
 End:   Saving text status in E:\UniFlight\flow\Land_fv\data\Land.status; Timer: cpu0=0.000 wall=0.002 
 End:   ===== Time Step =====, Iter number =  107; Timer: cpu0=17.625 wall=2.355 

21.06.26 03:48:14  ===== Processing Layers =====
21.06.26 03:48:14    *SEND* for CScalarLayer, GUID=0E21CAB5-1866-4124-A2B3-DEC499FA58E6
 Start: ComputeVolumeCharacteristics
 End:   ComputeVolumeCharacteristics; Timer: cpu0=0.172 wall=0.004 
 Start: GetValueOnFacets
 End:   GetValueOnFacets; Timer: cpu0=0.141 wall=0.013 
21.06.26 03:48:14    *SEND* for CScalarLayer, GUID=A3659819-C06E-40A1-8932-64A566FBB4DA
 Start: ComputeVolumeCharacteristics
 End:   ComputeVolumeCharacteristics; Timer: cpu0=0.000 wall=0.004 
 Start: GetValueOnFacets
 End:   GetValueOnFacets; Timer: cpu0=0.047 wall=0.048 
21.06.26 03:48:14    *SEND* for CIntegralCharsLayer, GUID=4E090A0C-544B-E4A2-4242-BEC451D7CD2B
21.06.26 03:48:14    *SEND* for CIntegralCharsLayer, GUID=927DEDC8-AF71-7A31-D608-FB7EA635069E
21.06.26 03:48:14    *SEND* for CIntegralCharsLayer, GUID=7EF96C33-7880-7A39-F672-8DCB17098C5C
 End:   ===== Processing Layers =====; Timer: cpu0=0.359 wall=0.100 

21.06.26 03:48:14  ===== New Time Step =====, Iter number =  108
 Start: TimeServis
 End:   TimeServis; Timer: cpu0=0.406 wall=0.040 
 Start: User modules' functions BeforeTimeStep() are calling
 End:   User modules' functions BeforeTimeStep() are calling; Timer: cpu0=0.000 wall=0.003 
 Start: Adaptation, TotalRealCellsCount= 96350 
 End:   Adaptation; Timer: cpu0=0.000 wall=0.004 
 Start: Initialize data arrays on chips
 End:   Initialize data arrays on chips, res= 0; Timer: cpu0=0.000 wall=0.002 
  ***** Maximum Geometrical Gauss = 2.31353e-14, cell= 690:6:6:6:0
  ***** Maximum MovingSurf  Gauss = 0, cell= 
 Start: Initialize data arrays on chips
 End:   Initialize data arrays on chips, res= 0; Timer: cpu0=0.000 wall=0.002 
 Start: TimeServis
 End:   TimeServis; Timer: cpu0=0.406 wall=0.051 
 Start: FindEnclaves
 End:   FindEnclaves; Timer: cpu0=0.250 wall=0.084 
 Start: VarValueService
 End:   VarValueService; Timer: cpu0=0.000 wall=0.001 
 Start: SolvePhaseEquation 
 End:   SolvePhaseEquation ; Timer: cpu0=17.047 wall=2.006 
 Start: SolidFiltersProcess: calculate forces and moments
 End:   SolidFiltersProcess: calculate forces and moments; Timer: cpu0=0.016 wall=0.002 
 Start: PrepareDataForNextStep
 End:   PrepareDataForNextStep; Timer: cpu0=0.312 wall=0.059 
 Start: VarValueService
 End:   VarValueService; Timer: cpu0=0.000 wall=0.002 
 Start: UpdateStopperData
 End:   UpdateStopperData; Timer: cpu0=0.000 wall=0.001 
 Start: Saving text status in E:\UniFlight\flow\Land_fv\data\Land.status
 End:   Saving text status in E:\UniFlight\flow\Land_fv\data\Land.status; Timer: cpu0=0.000 wall=0.002 
 End:   ===== Time Step =====, Iter number =  108; Timer: cpu0=18.953 wall=2.319 

21.06.26 03:48:17  ===== Processing Layers =====
21.06.26 03:48:17    *SEND* for CScalarLayer, GUID=0E21CAB5-1866-4124-A2B3-DEC499FA58E6
 Start: ComputeVolumeCharacteristics
 End:   ComputeVolumeCharacteristics; Timer: cpu0=0.172 wall=0.004 
 Start: GetValueOnFacets
 End:   GetValueOnFacets; Timer: cpu0=0.000 wall=0.011 
21.06.26 03:48:17    *SEND* for CScalarLayer, GUID=A3659819-C06E-40A1-8932-64A566FBB4DA
 Start: ComputeVolumeCharacteristics
 End:   ComputeVolumeCharacteristics; Timer: cpu0=0.000 wall=0.005 
 Start: GetValueOnFacets
 End:   GetValueOnFacets; Timer: cpu0=0.219 wall=0.050 
21.06.26 03:48:17    *SEND* for CIntegralCharsLayer, GUID=4E090A0C-544B-E4A2-4242-BEC451D7CD2B
21.06.26 03:48:17    *SEND* for CIntegralCharsLayer, GUID=927DEDC8-AF71-7A31-D608-FB7EA635069E
21.06.26 03:48:17    *SEND* for CIntegralCharsLayer, GUID=7EF96C33-7880-7A39-F672-8DCB17098C5C
 End:   ===== Processing Layers =====; Timer: cpu0=0.391 wall=0.100 

21.06.26 03:48:17  ===== New Time Step =====, Iter number =  109
 Start: TimeServis
 End:   TimeServis; Timer: cpu0=0.344 wall=0.040 
 Start: User modules' functions BeforeTimeStep() are calling
 End:   User modules' functions BeforeTimeStep() are calling; Timer: cpu0=0.000 wall=0.003 
 Start: Adaptation, TotalRealCellsCount= 96350 
 End:   Adaptation; Timer: cpu0=0.000 wall=0.004 
 Start: Initialize data arrays on chips
 End:   Initialize data arrays on chips, res= 0; Timer: cpu0=0.000 wall=0.002 
  ***** Maximum Geometrical Gauss = 2.31353e-14, cell= 690:6:6:6:0
  ***** Maximum MovingSurf  Gauss = 0, cell= 
 Start: Initialize data arrays on chips
 End:   Initialize data arrays on chips, res= 0; Timer: cpu0=0.000 wall=0.002 
 Start: TimeServis
 End:   TimeServis; Timer: cpu0=0.344 wall=0.043 
 Start: FindEnclaves
 End:   FindEnclaves; Timer: cpu0=0.078 wall=0.085 
 Start: VarValueService
 End:   VarValueService; Timer: cpu0=0.000 wall=0.001 
 Start: SolvePhaseEquation 
 End:   SolvePhaseEquation ; Timer: cpu0=17.422 wall=2.060 
 Start: SolidFiltersProcess: calculate forces and moments
 End:   SolidFiltersProcess: calculate forces and moments; Timer: cpu0=0.000 wall=0.002 
 Start: PrepareDataForNextStep
 End:   PrepareDataForNextStep; Timer: cpu0=0.344 wall=0.054 
 Start: VarValueService
 End:   VarValueService; Timer: cpu0=0.000 wall=0.001 
 Start: UpdateStopperData
 End:   UpdateStopperData; Timer: cpu0=0.000 wall=0.001 
 Start: Saving text status in E:\UniFlight\flow\Land_fv\data\Land.status
 End:   Saving text status in E:\UniFlight\flow\Land_fv\data\Land.status; Timer: cpu0=0.000 wall=0.002 
 End:   ===== Time Step =====, Iter number =  109; Timer: cpu0=18.875 wall=2.363 

21.06.26 03:48:20  ===== Processing Layers =====
21.06.26 03:48:20    *SEND* for CScalarLayer, GUID=0E21CAB5-1866-4124-A2B3-DEC499FA58E6
 Start: ComputeVolumeCharacteristics
 End:   ComputeVolumeCharacteristics; Timer: cpu0=0.000 wall=0.005 
 Start: GetValueOnFacets
 End:   GetValueOnFacets; Timer: cpu0=0.016 wall=0.016 
21.06.26 03:48:20    *SEND* for CScalarLayer, GUID=A3659819-C06E-40A1-8932-64A566FBB4DA
 Start: ComputeVolumeCharacteristics
 End:   ComputeVolumeCharacteristics; Timer: cpu0=0.000 wall=0.005 
 Start: GetValueOnFacets
 End:   GetValueOnFacets; Timer: cpu0=0.219 wall=0.063 
21.06.26 03:48:20    *SEND* for CIntegralCharsLayer, GUID=4E090A0C-544B-E4A2-4242-BEC451D7CD2B
21.06.26 03:48:20    *SEND* for CIntegralCharsLayer, GUID=927DEDC8-AF71-7A31-D608-FB7EA635069E
21.06.26 03:48:20    *SEND* for CIntegralCharsLayer, GUID=7EF96C33-7880-7A39-F672-8DCB17098C5C
 End:   ===== Processing Layers =====; Timer: cpu0=0.406 wall=0.120 

21.06.26 03:48:20  ===== New Time Step =====, Iter number =  110
 Start: TimeServis
 End:   TimeServis; Timer: cpu0=0.328 wall=0.040 
 Start: User modules' functions BeforeTimeStep() are calling
 End:   User modules' functions BeforeTimeStep() are calling; Timer: cpu0=0.000 wall=0.002 
 Start: Adaptation, TotalRealCellsCount= 96350 
 End:   Adaptation; Timer: cpu0=6.312 wall=0.818 
 Start: DistributeGridOnProcessors
 End:   DistributeGridOnProcessors, res= 0; Timer: cpu0=0.891 wall=0.206 
 Start: SetNeiHyperCells
 End:   SetNeiHyperCells, res= 0; Timer: cpu0=0.172 wall=0.008 
 Start: BuildFacetDistribution
 End:   BuildFacetDistribution; Timer: cpu0=0.000 wall=0.002 
 Start: Initialize data arrays on chips
 End:   Initialize data arrays on chips, res= 0; Timer: cpu0=0.172 wall=0.002 
  ***** Maximum Geometrical Gauss = 2.31353e-14, cell= 690:6:6:6:0
  ***** Maximum MovingSurf  Gauss = 8.44135e-14, cell= 999:7:5:5:0
 Start: Remove Small Cells
 End:   Remove Small Cells; Timer: cpu0=0.234 wall=0.022 
 Start: Initialize data arrays on chips
 End:   Initialize data arrays on chips, res= 0; Timer: cpu0=0.000 wall=0.003 
  ***** Maximum Geometrical Gauss = 2.31353e-14, cell= 690:6:6:6:0
  ***** Maximum MovingSurf  Gauss = 8.44135e-14, cell= 999:7:5:5:0
 Start: Initialize data arrays on chips
 End:   Initialize data arrays on chips, res= 0; Timer: cpu0=0.000 wall=0.002 
 Start: Modify Chip Data
 End:   Modify Chip Data; Timer: cpu0=0.344 wall=0.038 
 Start: TimeServis
 End:   TimeServis; Timer: cpu0=0.516 wall=0.051 
 Start: FindEnclaves
 End:   FindEnclaves; Timer: cpu0=0.062 wall=0.094 
 Start: VarValueService
 End:   VarValueService; Timer: cpu0=0.000 wall=0.000 
 Start: SolvePhaseEquation 
 End:   SolvePhaseEquation ; Timer: cpu0=18.797 wall=2.258 
 Start: SolidFiltersProcess: calculate forces and moments
 End:   SolidFiltersProcess: calculate forces and moments; Timer: cpu0=0.000 wall=0.002 
 Start: PrepareDataForNextStep
 End:   PrepareDataForNextStep; Timer: cpu0=0.516 wall=0.054 
 Start: VarValueService
 End:   VarValueService; Timer: cpu0=0.000 wall=0.002 
 Start: UpdateStopperData
 End:   UpdateStopperData; Timer: cpu0=0.000 wall=0.002 
 Start: Saving text status in E:\UniFlight\flow\Land_fv\data\Land.status
 End:   Saving text status in E:\UniFlight\flow\Land_fv\data\Land.status; Timer: cpu0=0.000 wall=0.002 
 End:   ===== Time Step =====, Iter number =  110; Timer: cpu0=28.516 wall=3.696 

21.06.26 03:48:24  ===== Processing Layers =====
21.06.26 03:48:24    *SEND* for CScalarLayer, GUID=0E21CAB5-1866-4124-A2B3-DEC499FA58E6
 Start: ComputeVolumeCharacteristics
 End:   ComputeVolumeCharacteristics; Timer: cpu0=0.000 wall=0.004 
 Start: GetValueOnFacets
 End:   GetValueOnFacets; Timer: cpu0=0.016 wall=0.016 
21.06.26 03:48:24    *SEND* for CScalarLayer, GUID=A3659819-C06E-40A1-8932-64A566FBB4DA
 Start: ComputeVolumeCharacteristics
 End:   ComputeVolumeCharacteristics; Timer: cpu0=0.000 wall=0.003 
 Start: GetValueOnFacets
 End:   GetValueOnFacets; Timer: cpu0=0.219 wall=0.062 
21.06.26 03:48:24    *SEND* for CIntegralCharsLayer, GUID=4E090A0C-544B-E4A2-4242-BEC451D7CD2B
21.06.26 03:48:24    *SEND* for CIntegralCharsLayer, GUID=927DEDC8-AF71-7A31-D608-FB7EA635069E
21.06.26 03:48:24    *SEND* for CIntegralCharsLayer, GUID=7EF96C33-7880-7A39-F672-8DCB17098C5C
 End:   ===== Processing Layers =====; Timer: cpu0=0.578 wall=0.116 

21.06.26 03:48:24  ===== New Time Step =====, Iter number =  111
 Start: TimeServis
 End:   TimeServis; Timer: cpu0=0.516 wall=0.045 
 Start: User modules' functions BeforeTimeStep() are calling
 End:   User modules' functions BeforeTimeStep() are calling; Timer: cpu0=0.000 wall=0.002 
 Start: Adaptation, TotalRealCellsCount= 98464 
 End:   Adaptation; Timer: cpu0=5.953 wall=0.721 
 Start: DistributeGridOnProcessors
 End:   DistributeGridOnProcessors, res= 0; Timer: cpu0=0.703 wall=0.199 
 Start: SetNeiHyperCells
 End:   SetNeiHyperCells, res= 0; Timer: cpu0=0.000 wall=0.006 
 Start: BuildFacetDistribution
 End:   BuildFacetDistribution; Timer: cpu0=0.078 wall=0.002 
 Start: Initialize data arrays on chips
 End:   Initialize data arrays on chips, res= 0; Timer: cpu0=0.000 wall=0.002 
  ***** Maximum Geometrical Gauss = 2.31353e-14, cell= 690:6:6:6:0
  ***** Maximum MovingSurf  Gauss = 9.57323e-14, cell= 909:5:4:5:0
 Start: Remove Small Cells
 End:   Remove Small Cells; Timer: cpu0=0.172 wall=0.017 
 Start: Initialize data arrays on chips
 End:   Initialize data arrays on chips, res= 0; Timer: cpu0=0.000 wall=0.002 
  ***** Maximum Geometrical Gauss = 2.31353e-14, cell= 690:6:6:6:0
  ***** Maximum MovingSurf  Gauss = 9.57323e-14, cell= 909:5:4:5:0
 Start: Initialize data arrays on chips
 End:   Initialize data arrays on chips, res= 0; Timer: cpu0=0.000 wall=0.002 
 Start: Modify Chip Data
 End:   Modify Chip Data; Timer: cpu0=0.344 wall=0.036 
 Start: TimeServis
 End:   TimeServis; Timer: cpu0=0.484 wall=0.066 
 Start: FindEnclaves
 End:   FindEnclaves; Timer: cpu0=0.250 wall=0.093 
 Start: VarValueService
 End:   VarValueService; Timer: cpu0=0.000 wall=0.001 
 Start: SolvePhaseEquation 
 End:   SolvePhaseEquation ; Timer: cpu0=16.344 wall=1.986 
 Start: SolidFiltersProcess: calculate forces and moments
 End:   SolidFiltersProcess: calculate forces and moments; Timer: cpu0=0.000 wall=0.002 
 Start: PrepareDataForNextStep
 End:   PrepareDataForNextStep; Timer: cpu0=0.406 wall=0.055 
 Start: VarValueService
 End:   VarValueService; Timer: cpu0=0.000 wall=0.002 
 Start: UpdateStopperData
 End:   UpdateStopperData; Timer: cpu0=0.000 wall=0.001 
 Start: Saving text status in E:\UniFlight\flow\Land_fv\data\Land.status
 End:   Saving text status in E:\UniFlight\flow\Land_fv\data\Land.status; Timer: cpu0=0.000 wall=0.001 
 End:   ===== Time Step =====, Iter number =  111; Timer: cpu0=25.453 wall=3.331 

21.06.26 03:48:27  ===== Processing Layers =====
21.06.26 03:48:27    *SEND* for CScalarLayer, GUID=0E21CAB5-1866-4124-A2B3-DEC499FA58E6
 Start: ComputeVolumeCharacteristics
 End:   ComputeVolumeCharacteristics; Timer: cpu0=0.000 wall=0.003 
 Start: GetValueOnFacets
 End:   GetValueOnFacets; Timer: cpu0=0.000 wall=0.013 
21.06.26 03:48:27    *SEND* for CScalarLayer, GUID=A3659819-C06E-40A1-8932-64A566FBB4DA
 Start: ComputeVolumeCharacteristics
 End:   ComputeVolumeCharacteristics; Timer: cpu0=0.000 wall=0.004 
 Start: GetValueOnFacets
 End:   GetValueOnFacets; Timer: cpu0=0.141 wall=0.055 
21.06.26 03:48:27    *SEND* for CIntegralCharsLayer, GUID=4E090A0C-544B-E4A2-4242-BEC451D7CD2B
21.06.26 03:48:27    *SEND* for CIntegralCharsLayer, GUID=927DEDC8-AF71-7A31-D608-FB7EA635069E
21.06.26 03:48:27    *SEND* for CIntegralCharsLayer, GUID=7EF96C33-7880-7A39-F672-8DCB17098C5C
 End:   ===== Processing Layers =====; Timer: cpu0=0.156 wall=0.106 

21.06.26 03:48:27  ===== New Time Step =====, Iter number =  112
 Start: TimeServis
 End:   TimeServis; Timer: cpu0=0.328 wall=0.041 
 Start: User modules' functions BeforeTimeStep() are calling
 End:   User modules' functions BeforeTimeStep() are calling; Timer: cpu0=0.000 wall=0.003 
 Start: Adaptation, TotalRealCellsCount= 96448 
 End:   Adaptation; Timer: cpu0=0.000 wall=0.004 
 Start: Initialize data arrays on chips
 End:   Initialize data arrays on chips, res= 0; Timer: cpu0=0.000 wall=0.002 
  ***** Maximum Geometrical Gauss = 2.31353e-14, cell= 690:6:6:6:0
  ***** Maximum MovingSurf  Gauss = 0, cell= 
 Start: Initialize data arrays on chips
 End:   Initialize data arrays on chips, res= 0; Timer: cpu0=0.000 wall=0.001 
 Start: TimeServis
 End:   TimeServis; Timer: cpu0=0.500 wall=0.049 
 Start: FindEnclaves
 End:   FindEnclaves; Timer: cpu0=0.078 wall=0.085 
 Start: VarValueService
 End:   VarValueService; Timer: cpu0=0.016 wall=0.001 
 Start: SolvePhaseEquation 
 End:   SolvePhaseEquation ; Timer: cpu0=17.219 wall=2.029 
 Start: SolidFiltersProcess: calculate forces and moments
 End:   SolidFiltersProcess: calculate forces and moments; Timer: cpu0=0.000 wall=0.002 
 Start: PrepareDataForNextStep
 End:   PrepareDataForNextStep; Timer: cpu0=0.359 wall=0.055 
 Start: VarValueService
 End:   VarValueService; Timer: cpu0=0.000 wall=0.002 
 Start: UpdateStopperData
 End:   UpdateStopperData; Timer: cpu0=0.000 wall=0.001 
 Start: Saving text status in E:\UniFlight\flow\Land_fv\data\Land.status
 End:   Saving text status in E:\UniFlight\flow\Land_fv\data\Land.status; Timer: cpu0=0.000 wall=0.003 
 End:   ===== Time Step =====, Iter number =  112; Timer: cpu0=18.859 wall=2.339 

21.06.26 03:48:30  ===== Processing Layers =====
21.06.26 03:48:30    *SEND* for CScalarLayer, GUID=0E21CAB5-1866-4124-A2B3-DEC499FA58E6
 Start: ComputeVolumeCharacteristics
 End:   ComputeVolumeCharacteristics; Timer: cpu0=0.000 wall=0.006 
 Start: GetValueOnFacets
 End:   GetValueOnFacets; Timer: cpu0=0.000 wall=0.016 
21.06.26 03:48:30    *SEND* for CScalarLayer, GUID=A3659819-C06E-40A1-8932-64A566FBB4DA
 Start: ComputeVolumeCharacteristics
 End:   ComputeVolumeCharacteristics; Timer: cpu0=0.172 wall=0.005 
 Start: GetValueOnFacets
 End:   GetValueOnFacets; Timer: cpu0=0.203 wall=0.059 
21.06.26 03:48:30    *SEND* for CIntegralCharsLayer, GUID=4E090A0C-544B-E4A2-4242-BEC451D7CD2B
21.06.26 03:48:30    *SEND* for CIntegralCharsLayer, GUID=927DEDC8-AF71-7A31-D608-FB7EA635069E
21.06.26 03:48:30    *SEND* for CIntegralCharsLayer, GUID=7EF96C33-7880-7A39-F672-8DCB17098C5C
 End:   ===== Processing Layers =====; Timer: cpu0=0.547 wall=0.120 

21.06.26 03:48:30  ===== New Time Step =====, Iter number =  113
 Start: TimeServis
 End:   TimeServis; Timer: cpu0=0.500 wall=0.041 
 Start: User modules' functions BeforeTimeStep() are calling
 End:   User modules' functions BeforeTimeStep() are calling; Timer: cpu0=0.000 wall=0.002 
 Start: Adaptation, TotalRealCellsCount= 96448 
 End:   Adaptation; Timer: cpu0=0.000 wall=0.004 
 Start: Initialize data arrays on chips
 End:   Initialize data arrays on chips, res= 0; Timer: cpu0=0.000 wall=0.002 
  ***** Maximum Geometrical Gauss = 2.31353e-14, cell= 690:6:6:6:0
  ***** Maximum MovingSurf  Gauss = 0, cell= 
 Start: Initialize data arrays on chips
 End:   Initialize data arrays on chips, res= 0; Timer: cpu0=0.000 wall=0.002 
 Start: TimeServis
 End:   TimeServis; Timer: cpu0=0.578 wall=0.056 
 Start: FindEnclaves
 End:   FindEnclaves; Timer: cpu0=0.062 wall=0.084 
 Start: VarValueService
 End:   VarValueService; Timer: cpu0=0.000 wall=0.002 
 Start: SolvePhaseEquation 
 End:   SolvePhaseEquation ; Timer: cpu0=16.875 wall=2.015 
 Start: SolidFiltersProcess: calculate forces and moments
 End:   SolidFiltersProcess: calculate forces and moments; Timer: cpu0=0.000 wall=0.002 
 Start: PrepareDataForNextStep
 End:   PrepareDataForNextStep; Timer: cpu0=0.688 wall=0.060 
 Start: VarValueService
 End:   VarValueService; Timer: cpu0=0.000 wall=0.002 
 Start: UpdateStopperData
 End:   UpdateStopperData; Timer: cpu0=0.000 wall=0.001 
 Start: Saving text status in E:\UniFlight\flow\Land_fv\data\Land.status
 End:   Saving text status in E:\UniFlight\flow\Land_fv\data\Land.status; Timer: cpu0=0.000 wall=0.003 
 End:   ===== Time Step =====, Iter number =  113; Timer: cpu0=19.047 wall=2.340 

21.06.26 03:48:33  ===== Processing Layers =====
21.06.26 03:48:33    *SEND* for CScalarLayer, GUID=0E21CAB5-1866-4124-A2B3-DEC499FA58E6
 Start: ComputeVolumeCharacteristics
 End:   ComputeVolumeCharacteristics; Timer: cpu0=0.000 wall=0.003 
 Start: GetValueOnFacets
 End:   GetValueOnFacets; Timer: cpu0=0.000 wall=0.014 
21.06.26 03:48:33    *SEND* for CScalarLayer, GUID=A3659819-C06E-40A1-8932-64A566FBB4DA
 Start: ComputeVolumeCharacteristics
 End:   ComputeVolumeCharacteristics; Timer: cpu0=0.000 wall=0.004 
 Start: GetValueOnFacets
 End:   GetValueOnFacets; Timer: cpu0=0.188 wall=0.045 
21.06.26 03:48:33    *SEND* for CIntegralCharsLayer, GUID=4E090A0C-544B-E4A2-4242-BEC451D7CD2B
21.06.26 03:48:33    *SEND* for CIntegralCharsLayer, GUID=927DEDC8-AF71-7A31-D608-FB7EA635069E
21.06.26 03:48:33    *SEND* for CIntegralCharsLayer, GUID=7EF96C33-7880-7A39-F672-8DCB17098C5C
 End:   ===== Processing Layers =====; Timer: cpu0=0.203 wall=0.098 

21.06.26 03:48:33  ===== New Time Step =====, Iter number =  114
 Start: TimeServis
 End:   TimeServis; Timer: cpu0=0.219 wall=0.041 
 Start: User modules' functions BeforeTimeStep() are calling
 End:   User modules' functions BeforeTimeStep() are calling; Timer: cpu0=0.000 wall=0.003 
 Start: Adaptation, TotalRealCellsCount= 96448 
 End:   Adaptation; Timer: cpu0=0.000 wall=0.004 
 Start: Initialize data arrays on chips
 End:   Initialize data arrays on chips, res= 0; Timer: cpu0=0.000 wall=0.001 
  ***** Maximum Geometrical Gauss = 2.31353e-14, cell= 690:6:6:6:0
  ***** Maximum MovingSurf  Gauss = 0, cell= 
 Start: Initialize data arrays on chips
 End:   Initialize data arrays on chips, res= 0; Timer: cpu0=0.000 wall=0.001 
 Start: TimeServis
 End:   TimeServis; Timer: cpu0=0.516 wall=0.042 
 Start: FindEnclaves
 End:   FindEnclaves; Timer: cpu0=0.078 wall=0.082 
 Start: VarValueService
 End:   VarValueService; Timer: cpu0=0.000 wall=0.002 
 Start: SolvePhaseEquation 
 End:   SolvePhaseEquation ; Timer: cpu0=15.984 wall=2.001 
 Start: SolidFiltersProcess: calculate forces and moments
 End:   SolidFiltersProcess: calculate forces and moments; Timer: cpu0=0.000 wall=0.002 
 Start: PrepareDataForNextStep
 End:   PrepareDataForNextStep; Timer: cpu0=0.359 wall=0.055 
 Start: VarValueService
 End:   VarValueService; Timer: cpu0=0.000 wall=0.002 
 Start: UpdateStopperData
 End:   UpdateStopperData; Timer: cpu0=0.000 wall=0.001 
 Start: Saving text status in E:\UniFlight\flow\Land_fv\data\Land.status
 End:   Saving text status in E:\UniFlight\flow\Land_fv\data\Land.status; Timer: cpu0=0.000 wall=0.002 
 End:   ===== Time Step =====, Iter number =  114; Timer: cpu0=17.391 wall=2.301 

21.06.26 03:48:36  ===== Processing Layers =====
21.06.26 03:48:36    *SEND* for CScalarLayer, GUID=0E21CAB5-1866-4124-A2B3-DEC499FA58E6
 Start: ComputeVolumeCharacteristics
 End:   ComputeVolumeCharacteristics; Timer: cpu0=0.000 wall=0.004 
 Start: GetValueOnFacets
 End:   GetValueOnFacets; Timer: cpu0=0.016 wall=0.013 
21.06.26 03:48:36    *SEND* for CScalarLayer, GUID=A3659819-C06E-40A1-8932-64A566FBB4DA
 Start: ComputeVolumeCharacteristics
 End:   ComputeVolumeCharacteristics; Timer: cpu0=0.000 wall=0.004 
 Start: GetValueOnFacets
 End:   GetValueOnFacets; Timer: cpu0=0.203 wall=0.053 
21.06.26 03:48:36    *SEND* for CIntegralCharsLayer, GUID=4E090A0C-544B-E4A2-4242-BEC451D7CD2B
21.06.26 03:48:36    *SEND* for CIntegralCharsLayer, GUID=927DEDC8-AF71-7A31-D608-FB7EA635069E
21.06.26 03:48:36    *SEND* for CIntegralCharsLayer, GUID=7EF96C33-7880-7A39-F672-8DCB17098C5C
 End:   ===== Processing Layers =====; Timer: cpu0=0.562 wall=0.103 

21.06.26 03:48:36  ===== New Time Step =====, Iter number =  115
 Start: TimeServis
 End:   TimeServis; Timer: cpu0=0.344 wall=0.039 
 Start: User modules' functions BeforeTimeStep() are calling
 End:   User modules' functions BeforeTimeStep() are calling; Timer: cpu0=0.000 wall=0.002 
 Start: Adaptation, TotalRealCellsCount= 96448 
 End:   Adaptation; Timer: cpu0=0.000 wall=0.004 
 Start: Initialize data arrays on chips
 End:   Initialize data arrays on chips, res= 0; Timer: cpu0=0.000 wall=0.002 
  ***** Maximum Geometrical Gauss = 2.31353e-14, cell= 690:6:6:6:0
  ***** Maximum MovingSurf  Gauss = 0, cell= 
 Start: Initialize data arrays on chips
 End:   Initialize data arrays on chips, res= 0; Timer: cpu0=0.000 wall=0.002 
 Start: TimeServis
 End:   TimeServis; Timer: cpu0=0.516 wall=0.044 
 Start: FindEnclaves
 End:   FindEnclaves; Timer: cpu0=0.078 wall=0.084 
 Start: VarValueService
 End:   VarValueService; Timer: cpu0=0.000 wall=0.001 
 Start: SolvePhaseEquation 
 End:   SolvePhaseEquation ; Timer: cpu0=17.109 wall=2.009 
 Start: SolidFiltersProcess: calculate forces and moments
 End:   SolidFiltersProcess: calculate forces and moments; Timer: cpu0=0.000 wall=0.001 
 Start: PrepareDataForNextStep
 End:   PrepareDataForNextStep; Timer: cpu0=0.516 wall=0.051 
 Start: VarValueService
 End:   VarValueService; Timer: cpu0=0.000 wall=0.001 
 Start: UpdateStopperData
 End:   UpdateStopperData; Timer: cpu0=0.000 wall=0.001 
 Start: Saving text status in E:\UniFlight\flow\Land_fv\data\Land.status
 End:   Saving text status in E:\UniFlight\flow\Land_fv\data\Land.status; Timer: cpu0=0.000 wall=0.002 
 End:   ===== Time Step =====, Iter number =  115; Timer: cpu0=18.828 wall=2.308 

21.06.26 03:48:38  ===== Processing Layers =====
21.06.26 03:48:38    *SEND* for CScalarLayer, GUID=0E21CAB5-1866-4124-A2B3-DEC499FA58E6
 Start: ComputeVolumeCharacteristics
 End:   ComputeVolumeCharacteristics; Timer: cpu0=0.000 wall=0.003 
 Start: GetValueOnFacets
 End:   GetValueOnFacets; Timer: cpu0=0.172 wall=0.013 
21.06.26 03:48:38    *SEND* for CScalarLayer, GUID=A3659819-C06E-40A1-8932-64A566FBB4DA
 Start: ComputeVolumeCharacteristics
 End:   ComputeVolumeCharacteristics; Timer: cpu0=0.141 wall=0.004 
 Start: GetValueOnFacets
 End:   GetValueOnFacets; Timer: cpu0=0.047 wall=0.049 
21.06.26 03:48:38    *SEND* for CIntegralCharsLayer, GUID=4E090A0C-544B-E4A2-4242-BEC451D7CD2B
21.06.26 03:48:38    *SEND* for CIntegralCharsLayer, GUID=927DEDC8-AF71-7A31-D608-FB7EA635069E
21.06.26 03:48:38    *SEND* for CIntegralCharsLayer, GUID=7EF96C33-7880-7A39-F672-8DCB17098C5C
 End:   ===== Processing Layers =====; Timer: cpu0=0.516 wall=0.101 

21.06.26 03:48:38  ===== New Time Step =====, Iter number =  116
 Start: TimeServis
 End:   TimeServis; Timer: cpu0=0.328 wall=0.037 
 Start: User modules' functions BeforeTimeStep() are calling
 End:   User modules' functions BeforeTimeStep() are calling; Timer: cpu0=0.000 wall=0.002 
 Start: Adaptation, TotalRealCellsCount= 96448 
 End:   Adaptation; Timer: cpu0=0.000 wall=0.005 
 Start: Initialize data arrays on chips
 End:   Initialize data arrays on chips, res= 0; Timer: cpu0=0.172 wall=0.001 
  ***** Maximum Geometrical Gauss = 2.31353e-14, cell= 690:6:6:6:0
  ***** Maximum MovingSurf  Gauss = 0, cell= 
 Start: Initialize data arrays on chips
 End:   Initialize data arrays on chips, res= 0; Timer: cpu0=0.000 wall=0.002 
 Start: TimeServis
 End:   TimeServis; Timer: cpu0=0.469 wall=0.051 
 Start: FindEnclaves
 End:   FindEnclaves; Timer: cpu0=0.172 wall=0.087 
 Start: VarValueService
 End:   VarValueService; Timer: cpu0=0.000 wall=0.001 
 Start: SolvePhaseEquation 
 End:   SolvePhaseEquation ; Timer: cpu0=17.922 wall=2.240 
 Start: SolidFiltersProcess: calculate forces and moments
 End:   SolidFiltersProcess: calculate forces and moments; Timer: cpu0=0.000 wall=0.002 
 Start: PrepareDataForNextStep
 End:   PrepareDataForNextStep; Timer: cpu0=0.516 wall=0.052 
 Start: VarValueService
 End:   VarValueService; Timer: cpu0=0.000 wall=0.002 
 Start: UpdateStopperData
 End:   UpdateStopperData; Timer: cpu0=0.000 wall=0.001 
 Start: Saving text status in E:\UniFlight\flow\Land_fv\data\Land.status
 End:   Saving text status in E:\UniFlight\flow\Land_fv\data\Land.status; Timer: cpu0=0.000 wall=0.002 
 End:   ===== Time Step =====, Iter number =  116; Timer: cpu0=19.922 wall=2.549 

21.06.26 03:48:41  ===== Processing Layers =====
21.06.26 03:48:41    *SEND* for CScalarLayer, GUID=0E21CAB5-1866-4124-A2B3-DEC499FA58E6
 Start: ComputeVolumeCharacteristics
 End:   ComputeVolumeCharacteristics; Timer: cpu0=0.016 wall=0.005 
 Start: GetValueOnFacets
 End:   GetValueOnFacets; Timer: cpu0=0.078 wall=0.016 
21.06.26 03:48:41    *SEND* for CScalarLayer, GUID=A3659819-C06E-40A1-8932-64A566FBB4DA
 Start: ComputeVolumeCharacteristics
 End:   ComputeVolumeCharacteristics; Timer: cpu0=0.000 wall=0.004 
 Start: GetValueOnFacets
 End:   GetValueOnFacets; Timer: cpu0=0.062 wall=0.061 
21.06.26 03:48:41    *SEND* for CIntegralCharsLayer, GUID=4E090A0C-544B-E4A2-4242-BEC451D7CD2B
21.06.26 03:48:41    *SEND* for CIntegralCharsLayer, GUID=927DEDC8-AF71-7A31-D608-FB7EA635069E
21.06.26 03:48:41    *SEND* for CIntegralCharsLayer, GUID=7EF96C33-7880-7A39-F672-8DCB17098C5C
 End:   ===== Processing Layers =====; Timer: cpu0=0.328 wall=0.118 

21.06.26 03:48:41  ===== New Time Step =====, Iter number =  117
 Start: TimeServis
 End:   TimeServis; Timer: cpu0=0.344 wall=0.037 
 Start: User modules' functions BeforeTimeStep() are calling
 End:   User modules' functions BeforeTimeStep() are calling; Timer: cpu0=0.000 wall=0.002 
 Start: Adaptation, TotalRealCellsCount= 96448 
 End:   Adaptation; Timer: cpu0=0.000 wall=0.005 
 Start: Initialize data arrays on chips
 End:   Initialize data arrays on chips, res= 0; Timer: cpu0=0.000 wall=0.001 
  ***** Maximum Geometrical Gauss = 2.31353e-14, cell= 690:6:6:6:0
  ***** Maximum MovingSurf  Gauss = 0, cell= 
 Start: Initialize data arrays on chips
 End:   Initialize data arrays on chips, res= 0; Timer: cpu0=0.000 wall=0.001 
 Start: TimeServis
 End:   TimeServis; Timer: cpu0=0.516 wall=0.054 
 Start: FindEnclaves
 End:   FindEnclaves; Timer: cpu0=0.203 wall=0.084 
 Start: VarValueService
 End:   VarValueService; Timer: cpu0=0.000 wall=0.002 
 Start: SolvePhaseEquation 
 End:   SolvePhaseEquation ; Timer: cpu0=17.516 wall=2.099 
 Start: SolidFiltersProcess: calculate forces and moments
 End:   SolidFiltersProcess: calculate forces and moments; Timer: cpu0=0.000 wall=0.002 
 Start: PrepareDataForNextStep
 End:   PrepareDataForNextStep; Timer: cpu0=0.203 wall=0.049 
 Start: VarValueService
 End:   VarValueService; Timer: cpu0=0.000 wall=0.001 
 Start: UpdateStopperData
 End:   UpdateStopperData; Timer: cpu0=0.000 wall=0.001 
 Start: Saving text status in E:\UniFlight\flow\Land_fv\data\Land.status
 End:   Saving text status in E:\UniFlight\flow\Land_fv\data\Land.status; Timer: cpu0=0.000 wall=0.002 
 End:   ===== Time Step =====, Iter number =  117; Timer: cpu0=19.125 wall=2.405 

21.06.26 03:48:44  ===== Processing Layers =====
21.06.26 03:48:44    *SEND* for CScalarLayer, GUID=0E21CAB5-1866-4124-A2B3-DEC499FA58E6
 Start: ComputeVolumeCharacteristics
 End:   ComputeVolumeCharacteristics; Timer: cpu0=0.172 wall=0.004 
 Start: GetValueOnFacets
 End:   GetValueOnFacets; Timer: cpu0=0.016 wall=0.013 
21.06.26 03:48:44    *SEND* for CScalarLayer, GUID=A3659819-C06E-40A1-8932-64A566FBB4DA
 Start: ComputeVolumeCharacteristics
 End:   ComputeVolumeCharacteristics; Timer: cpu0=0.000 wall=0.005 
 Start: GetValueOnFacets
 End:   GetValueOnFacets; Timer: cpu0=0.047 wall=0.052 
21.06.26 03:48:44    *SEND* for CIntegralCharsLayer, GUID=4E090A0C-544B-E4A2-4242-BEC451D7CD2B
21.06.26 03:48:44    *SEND* for CIntegralCharsLayer, GUID=927DEDC8-AF71-7A31-D608-FB7EA635069E
21.06.26 03:48:44    *SEND* for CIntegralCharsLayer, GUID=7EF96C33-7880-7A39-F672-8DCB17098C5C
 End:   ===== Processing Layers =====; Timer: cpu0=0.234 wall=0.106 

21.06.26 03:48:44  ===== New Time Step =====, Iter number =  118
 Start: TimeServis
 End:   TimeServis; Timer: cpu0=0.281 wall=0.035 
 Start: User modules' functions BeforeTimeStep() are calling
 End:   User modules' functions BeforeTimeStep() are calling; Timer: cpu0=0.000 wall=0.002 
 Start: Adaptation, TotalRealCellsCount= 96448 
 End:   Adaptation; Timer: cpu0=0.000 wall=0.004 
 Start: Initialize data arrays on chips
 End:   Initialize data arrays on chips, res= 0; Timer: cpu0=0.000 wall=0.002 
  ***** Maximum Geometrical Gauss = 2.31353e-14, cell= 690:6:6:6:0
  ***** Maximum MovingSurf  Gauss = 0, cell= 
 Start: Initialize data arrays on chips
 End:   Initialize data arrays on chips, res= 0; Timer: cpu0=0.000 wall=0.002 
 Start: TimeServis
 End:   TimeServis; Timer: cpu0=0.516 wall=0.045 
 Start: FindEnclaves
 End:   FindEnclaves; Timer: cpu0=0.078 wall=0.088 
 Start: VarValueService
 End:   VarValueService; Timer: cpu0=0.000 wall=0.001 
 Start: SolvePhaseEquation 
 End:   SolvePhaseEquation ; Timer: cpu0=15.703 wall=1.999 
 Start: SolidFiltersProcess: calculate forces and moments
 End:   SolidFiltersProcess: calculate forces and moments; Timer: cpu0=0.000 wall=0.001 
 Start: PrepareDataForNextStep
 End:   PrepareDataForNextStep; Timer: cpu0=0.375 wall=0.049 
 Start: VarValueService
 End:   VarValueService; Timer: cpu0=0.000 wall=0.001 
 Start: UpdateStopperData
 End:   UpdateStopperData; Timer: cpu0=0.000 wall=0.001 
 Start: Saving text status in E:\UniFlight\flow\Land_fv\data\Land.status
 End:   Saving text status in E:\UniFlight\flow\Land_fv\data\Land.status; Timer: cpu0=0.000 wall=0.002 
 End:   ===== Time Step =====, Iter number =  118; Timer: cpu0=17.469 wall=2.296 

21.06.26 03:48:47  ===== Processing Layers =====
21.06.26 03:48:47    *SEND* for CScalarLayer, GUID=0E21CAB5-1866-4124-A2B3-DEC499FA58E6
 Start: ComputeVolumeCharacteristics
 End:   ComputeVolumeCharacteristics; Timer: cpu0=0.172 wall=0.004 
 Start: GetValueOnFacets
 End:   GetValueOnFacets; Timer: cpu0=0.016 wall=0.012 
21.06.26 03:48:47    *SEND* for CScalarLayer, GUID=A3659819-C06E-40A1-8932-64A566FBB4DA
 Start: ComputeVolumeCharacteristics
 End:   ComputeVolumeCharacteristics; Timer: cpu0=0.000 wall=0.004 
 Start: GetValueOnFacets
 End:   GetValueOnFacets; Timer: cpu0=0.062 wall=0.054 
21.06.26 03:48:47    *SEND* for CIntegralCharsLayer, GUID=4E090A0C-544B-E4A2-4242-BEC451D7CD2B
21.06.26 03:48:47    *SEND* for CIntegralCharsLayer, GUID=927DEDC8-AF71-7A31-D608-FB7EA635069E
21.06.26 03:48:47    *SEND* for CIntegralCharsLayer, GUID=7EF96C33-7880-7A39-F672-8DCB17098C5C
 End:   ===== Processing Layers =====; Timer: cpu0=0.250 wall=0.103 

21.06.26 03:48:47  ===== New Time Step =====, Iter number =  119
 Start: TimeServis
 End:   TimeServis; Timer: cpu0=0.219 wall=0.040 
 Start: User modules' functions BeforeTimeStep() are calling
 End:   User modules' functions BeforeTimeStep() are calling; Timer: cpu0=0.000 wall=0.002 
 Start: Adaptation, TotalRealCellsCount= 96448 
 End:   Adaptation; Timer: cpu0=0.000 wall=0.004 
 Start: Initialize data arrays on chips
 End:   Initialize data arrays on chips, res= 0; Timer: cpu0=0.000 wall=0.003 
  ***** Maximum Geometrical Gauss = 2.31353e-14, cell= 690:6:6:6:0
  ***** Maximum MovingSurf  Gauss = 0, cell= 
 Start: Initialize data arrays on chips
 End:   Initialize data arrays on chips, res= 0; Timer: cpu0=0.000 wall=0.002 
 Start: TimeServis
 End:   TimeServis; Timer: cpu0=0.344 wall=0.044 
 Start: FindEnclaves
 End:   FindEnclaves; Timer: cpu0=0.078 wall=0.085 
 Start: VarValueService
 End:   VarValueService; Timer: cpu0=0.000 wall=0.001 
 Start: SolvePhaseEquation 
 End:   SolvePhaseEquation ; Timer: cpu0=16.688 wall=1.982 
 Start: SolidFiltersProcess: calculate forces and moments
 End:   SolidFiltersProcess: calculate forces and moments; Timer: cpu0=0.000 wall=0.002 
 Start: PrepareDataForNextStep
 End:   PrepareDataForNextStep; Timer: cpu0=0.453 wall=0.049 
 Start: VarValueService
 End:   VarValueService; Timer: cpu0=0.000 wall=0.001 
 Start: UpdateStopperData
 End:   UpdateStopperData; Timer: cpu0=0.000 wall=0.001 
 Start: Saving text status in E:\UniFlight\flow\Land_fv\data\Land.status
 End:   Saving text status in E:\UniFlight\flow\Land_fv\data\Land.status; Timer: cpu0=0.000 wall=0.002 
 End:   ===== Time Step =====, Iter number =  119; Timer: cpu0=18.125 wall=2.277 

21.06.26 03:48:49  ===== Processing Layers =====
21.06.26 03:48:49    *SEND* for CScalarLayer, GUID=0E21CAB5-1866-4124-A2B3-DEC499FA58E6
 Start: ComputeVolumeCharacteristics
 End:   ComputeVolumeCharacteristics; Timer: cpu0=0.000 wall=0.005 
 Start: GetValueOnFacets
 End:   GetValueOnFacets; Timer: cpu0=0.000 wall=0.012 
21.06.26 03:48:49    *SEND* for CScalarLayer, GUID=A3659819-C06E-40A1-8932-64A566FBB4DA
 Start: ComputeVolumeCharacteristics
 End:   ComputeVolumeCharacteristics; Timer: cpu0=0.000 wall=0.004 
 Start: GetValueOnFacets
 End:   GetValueOnFacets; Timer: cpu0=0.203 wall=0.049 
21.06.26 03:48:49    *SEND* for CIntegralCharsLayer, GUID=4E090A0C-544B-E4A2-4242-BEC451D7CD2B
21.06.26 03:48:49    *SEND* for CIntegralCharsLayer, GUID=927DEDC8-AF71-7A31-D608-FB7EA635069E
21.06.26 03:48:49    *SEND* for CIntegralCharsLayer, GUID=7EF96C33-7880-7A39-F672-8DCB17098C5C
 End:   ===== Processing Layers =====; Timer: cpu0=0.375 wall=0.102 

21.06.26 03:48:49  ===== New Time Step =====, Iter number =  120
 Start: TimeServis
 End:   TimeServis; Timer: cpu0=0.344 wall=0.040 
 Start: User modules' functions BeforeTimeStep() are calling
 End:   User modules' functions BeforeTimeStep() are calling; Timer: cpu0=0.000 wall=0.002 
 Start: Adaptation, TotalRealCellsCount= 96448 
 End:   Adaptation; Timer: cpu0=6.641 wall=0.818 
 Start: DistributeGridOnProcessors
 End:   DistributeGridOnProcessors, res= 0; Timer: cpu0=0.984 wall=0.208 
 Start: SetNeiHyperCells
 End:   SetNeiHyperCells, res= 0; Timer: cpu0=0.156 wall=0.007 
 Start: BuildFacetDistribution
 End:   BuildFacetDistribution; Timer: cpu0=0.000 wall=0.002 
 Start: Initialize data arrays on chips
 End:   Initialize data arrays on chips, res= 0; Timer: cpu0=0.000 wall=0.001 
  ***** Maximum Geometrical Gauss = 2.31353e-14, cell= 690:6:6:6:0
  ***** Maximum MovingSurf  Gauss = 8.48226e-14, cell= 999:5:7:0
 Start: Remove Small Cells
 End:   Remove Small Cells; Timer: cpu0=0.141 wall=0.022 
 Start: Initialize data arrays on chips
 End:   Initialize data arrays on chips, res= 0; Timer: cpu0=0.000 wall=0.002 
  ***** Maximum Geometrical Gauss = 2.31353e-14, cell= 690:6:6:6:0
  ***** Maximum MovingSurf  Gauss = 8.48226e-14, cell= 999:5:7:0
 Start: Initialize data arrays on chips
 End:   Initialize data arrays on chips, res= 0; Timer: cpu0=0.000 wall=0.003 
 Start: Modify Chip Data
 End:   Modify Chip Data; Timer: cpu0=0.344 wall=0.037 
 Start: TimeServis
 End:   TimeServis; Timer: cpu0=0.516 wall=0.049 
 Start: FindEnclaves
 End:   FindEnclaves; Timer: cpu0=0.250 wall=0.092 
 Start: VarValueService
 End:   VarValueService; Timer: cpu0=0.000 wall=0.001 
 Start: SolvePhaseEquation 
 End:   SolvePhaseEquation ; Timer: cpu0=15.547 wall=2.132 
 Start: SolidFiltersProcess: calculate forces and moments
 End:   SolidFiltersProcess: calculate forces and moments; Timer: cpu0=0.000 wall=0.001 
 Start: PrepareDataForNextStep
 End:   PrepareDataForNextStep; Timer: cpu0=0.391 wall=0.062 
 Start: VarValueService
 End:   VarValueService; Timer: cpu0=0.000 wall=0.002 
 Start: UpdateStopperData
 End:   UpdateStopperData; Timer: cpu0=0.000 wall=0.001 
 Start: Saving text status in E:\UniFlight\flow\Land_fv\data\Land.status
 End:   Saving text status in E:\UniFlight\flow\Land_fv\data\Land.status; Timer: cpu0=0.000 wall=0.002 
 End:   ===== Time Step =====, Iter number =  120; Timer: cpu0=25.656 wall=3.575 

21.06.26 03:48:53  ===== Processing Layers =====
21.06.26 03:48:53    *SEND* for CScalarLayer, GUID=0E21CAB5-1866-4124-A2B3-DEC499FA58E6
 Start: ComputeVolumeCharacteristics
 End:   ComputeVolumeCharacteristics; Timer: cpu0=0.000 wall=0.004 
 Start: GetValueOnFacets
 End:   GetValueOnFacets; Timer: cpu0=0.016 wall=0.012 
21.06.26 03:48:53    *SEND* for CScalarLayer, GUID=A3659819-C06E-40A1-8932-64A566FBB4DA
 Start: ComputeVolumeCharacteristics
 End:   ComputeVolumeCharacteristics; Timer: cpu0=0.000 wall=0.004 
 Start: GetValueOnFacets
 End:   GetValueOnFacets; Timer: cpu0=0.219 wall=0.056 
21.06.26 03:48:53    *SEND* for CIntegralCharsLayer, GUID=4E090A0C-544B-E4A2-4242-BEC451D7CD2B
21.06.26 03:48:53    *SEND* for CIntegralCharsLayer, GUID=927DEDC8-AF71-7A31-D608-FB7EA635069E
21.06.26 03:48:53    *SEND* for CIntegralCharsLayer, GUID=7EF96C33-7880-7A39-F672-8DCB17098C5C
 End:   ===== Processing Layers =====; Timer: cpu0=0.422 wall=0.112 

21.06.26 03:48:53  ===== New Time Step =====, Iter number =  121
 Start: TimeServis
 End:   TimeServis; Timer: cpu0=0.516 wall=0.042 
 Start: User modules' functions BeforeTimeStep() are calling
 End:   User modules' functions BeforeTimeStep() are calling; Timer: cpu0=0.000 wall=0.002 
 Start: Adaptation, TotalRealCellsCount= 98422 
 End:   Adaptation; Timer: cpu0=5.844 wall=0.776 
 Start: DistributeGridOnProcessors
 End:   DistributeGridOnProcessors, res= 0; Timer: cpu0=0.734 wall=0.205 
 Start: SetNeiHyperCells
 End:   SetNeiHyperCells, res= 0; Timer: cpu0=0.000 wall=0.007 
 Start: BuildFacetDistribution
 End:   BuildFacetDistribution; Timer: cpu0=0.000 wall=0.002 
 Start: Initialize data arrays on chips
 End:   Initialize data arrays on chips, res= 0; Timer: cpu0=0.000 wall=0.002 
  ***** Maximum Geometrical Gauss = 2.31353e-14, cell= 690:6:6:6:0
  ***** Maximum MovingSurf  Gauss = 1.14961e-13, cell= 797:7:2:7:0
 Start: Remove Small Cells
 End:   Remove Small Cells; Timer: cpu0=0.172 wall=0.018 
 Start: Initialize data arrays on chips
 End:   Initialize data arrays on chips, res= 0; Timer: cpu0=0.000 wall=0.002 
  ***** Maximum Geometrical Gauss = 2.31353e-14, cell= 690:6:6:6:0
  ***** Maximum MovingSurf  Gauss = 1.14961e-13, cell= 797:7:2:7:0
 Start: Initialize data arrays on chips
 End:   Initialize data arrays on chips, res= 0; Timer: cpu0=0.000 wall=0.002 
 Start: Modify Chip Data
 End:   Modify Chip Data; Timer: cpu0=0.406 wall=0.042 
 Start: TimeServis
 End:   TimeServis; Timer: cpu0=0.516 wall=0.052 
 Start: FindEnclaves
 End:   FindEnclaves; Timer: cpu0=0.266 wall=0.098 
 Start: VarValueService
 End:   VarValueService; Timer: cpu0=0.000 wall=0.000 
 Start: SolvePhaseEquation 
 End:   SolvePhaseEquation ; Timer: cpu0=17.141 wall=2.172 
 Start: SolidFiltersProcess: calculate forces and moments
 End:   SolidFiltersProcess: calculate forces and moments; Timer: cpu0=0.000 wall=0.001 
 Start: PrepareDataForNextStep
 End:   PrepareDataForNextStep; Timer: cpu0=0.312 wall=0.050 
 Start: VarValueService
 End:   VarValueService; Timer: cpu0=0.000 wall=0.001 
 Start: UpdateStopperData
 End:   UpdateStopperData; Timer: cpu0=0.000 wall=0.001 
 Start: Saving text status in E:\UniFlight\flow\Land_fv\data\Land.status
 End:   Saving text status in E:\UniFlight\flow\Land_fv\data\Land.status; Timer: cpu0=0.000 wall=0.002 
 End:   ===== Time Step =====, Iter number =  121; Timer: cpu0=26.500 wall=3.622 

21.06.26 03:48:57  ===== Processing Layers =====
21.06.26 03:48:57    *SEND* for CScalarLayer, GUID=0E21CAB5-1866-4124-A2B3-DEC499FA58E6
 Start: ComputeVolumeCharacteristics
 End:   ComputeVolumeCharacteristics; Timer: cpu0=0.000 wall=0.004 
 Start: GetValueOnFacets
 End:   GetValueOnFacets; Timer: cpu0=0.172 wall=0.014 
21.06.26 03:48:57    *SEND* for CScalarLayer, GUID=A3659819-C06E-40A1-8932-64A566FBB4DA
 Start: ComputeVolumeCharacteristics
 End:   ComputeVolumeCharacteristics; Timer: cpu0=0.172 wall=0.004 
 Start: GetValueOnFacets
 End:   GetValueOnFacets; Timer: cpu0=0.203 wall=0.053 
21.06.26 03:48:57    *SEND* for CIntegralCharsLayer, GUID=4E090A0C-544B-E4A2-4242-BEC451D7CD2B
21.06.26 03:48:57    *SEND* for CIntegralCharsLayer, GUID=927DEDC8-AF71-7A31-D608-FB7EA635069E
21.06.26 03:48:57    *SEND* for CIntegralCharsLayer, GUID=7EF96C33-7880-7A39-F672-8DCB17098C5C
 End:   ===== Processing Layers =====; Timer: cpu0=0.547 wall=0.106 

21.06.26 03:48:57  ===== New Time Step =====, Iter number =  122
 Start: TimeServis
 End:   TimeServis; Timer: cpu0=0.484 wall=0.040 
 Start: User modules' functions BeforeTimeStep() are calling
 End:   User modules' functions BeforeTimeStep() are calling; Timer: cpu0=0.000 wall=0.002 
 Start: Adaptation, TotalRealCellsCount= 95727 
 End:   Adaptation; Timer: cpu0=0.000 wall=0.004 
 Start: Initialize data arrays on chips
 End:   Initialize data arrays on chips, res= 0; Timer: cpu0=0.000 wall=0.002 
  ***** Maximum Geometrical Gauss = 2.31353e-14, cell= 690:6:6:6:0
  ***** Maximum MovingSurf  Gauss = 0, cell= 
 Start: Initialize data arrays on chips
 End:   Initialize data arrays on chips, res= 0; Timer: cpu0=0.000 wall=0.002 
 Start: TimeServis
 End:   TimeServis; Timer: cpu0=0.344 wall=0.042 
 Start: FindEnclaves
 End:   FindEnclaves; Timer: cpu0=0.078 wall=0.083 
 Start: VarValueService
 End:   VarValueService; Timer: cpu0=0.000 wall=0.001 
 Start: SolvePhaseEquation 
 End:   SolvePhaseEquation ; Timer: cpu0=15.906 wall=2.093 
 Start: SolidFiltersProcess: calculate forces and moments
 End:   SolidFiltersProcess: calculate forces and moments; Timer: cpu0=0.000 wall=0.002 
 Start: PrepareDataForNextStep
 End:   PrepareDataForNextStep; Timer: cpu0=0.422 wall=0.060 
 Start: VarValueService
 End:   VarValueService; Timer: cpu0=0.000 wall=0.002 
 Start: UpdateStopperData
 End:   UpdateStopperData; Timer: cpu0=0.000 wall=0.001 
 Start: Saving text status in E:\UniFlight\flow\Land_fv\data\Land.status
 End:   Saving text status in E:\UniFlight\flow\Land_fv\data\Land.status; Timer: cpu0=0.000 wall=0.002 
 End:   ===== Time Step =====, Iter number =  122; Timer: cpu0=17.359 wall=2.398 

21.06.26 03:49:00  ===== Processing Layers =====
21.06.26 03:49:00    *SEND* for CScalarLayer, GUID=0E21CAB5-1866-4124-A2B3-DEC499FA58E6
 Start: ComputeVolumeCharacteristics
 End:   ComputeVolumeCharacteristics; Timer: cpu0=0.000 wall=0.005 
 Start: GetValueOnFacets
 End:   GetValueOnFacets; Timer: cpu0=0.156 wall=0.021 
21.06.26 03:49:00    *SEND* for CScalarLayer, GUID=A3659819-C06E-40A1-8932-64A566FBB4DA
 Start: ComputeVolumeCharacteristics
 End:   ComputeVolumeCharacteristics; Timer: cpu0=0.000 wall=0.006 
 Start: GetValueOnFacets
 End:   GetValueOnFacets; Timer: cpu0=0.375 wall=0.074 
21.06.26 03:49:00    *SEND* for CIntegralCharsLayer, GUID=4E090A0C-544B-E4A2-4242-BEC451D7CD2B
21.06.26 03:49:00    *SEND* for CIntegralCharsLayer, GUID=927DEDC8-AF71-7A31-D608-FB7EA635069E
21.06.26 03:49:00    *SEND* for CIntegralCharsLayer, GUID=7EF96C33-7880-7A39-F672-8DCB17098C5C
 End:   ===== Processing Layers =====; Timer: cpu0=0.703 wall=0.145 

21.06.26 03:49:00  ===== New Time Step =====, Iter number =  123
 Start: TimeServis
 End:   TimeServis; Timer: cpu0=0.406 wall=0.049 
 Start: User modules' functions BeforeTimeStep() are calling
 End:   User modules' functions BeforeTimeStep() are calling; Timer: cpu0=0.000 wall=0.002 
 Start: Adaptation, TotalRealCellsCount= 95727 
 End:   Adaptation; Timer: cpu0=0.000 wall=0.005 
 Start: Initialize data arrays on chips
 End:   Initialize data arrays on chips, res= 0; Timer: cpu0=0.000 wall=0.002 
  ***** Maximum Geometrical Gauss = 2.31353e-14, cell= 690:6:6:6:0
  ***** Maximum MovingSurf  Gauss = 0, cell= 
 Start: Initialize data arrays on chips
 End:   Initialize data arrays on chips, res= 0; Timer: cpu0=0.000 wall=0.002 
 Start: TimeServis
 End:   TimeServis; Timer: cpu0=0.516 wall=0.051 
 Start: FindEnclaves
 End:   FindEnclaves; Timer: cpu0=0.078 wall=0.093 
 Start: VarValueService
 End:   VarValueService; Timer: cpu0=0.000 wall=0.002 
 Start: SolvePhaseEquation 
 End:   SolvePhaseEquation ; Timer: cpu0=17.641 wall=2.166 
 Start: SolidFiltersProcess: calculate forces and moments
 End:   SolidFiltersProcess: calculate forces and moments; Timer: cpu0=0.000 wall=0.002 
 Start: PrepareDataForNextStep
 End:   PrepareDataForNextStep; Timer: cpu0=0.500 wall=0.055 
 Start: VarValueService
 End:   VarValueService; Timer: cpu0=0.000 wall=0.001 
 Start: UpdateStopperData
 End:   UpdateStopperData; Timer: cpu0=0.000 wall=0.001 
 Start: Saving text status in E:\UniFlight\flow\Land_fv\data\Land.status
 End:   Saving text status in E:\UniFlight\flow\Land_fv\data\Land.status; Timer: cpu0=0.000 wall=0.002 
 End:   ===== Time Step =====, Iter number =  123; Timer: cpu0=19.422 wall=2.503 

21.06.26 03:49:03  ===== Processing Layers =====
21.06.26 03:49:03    *SEND* for CScalarLayer, GUID=0E21CAB5-1866-4124-A2B3-DEC499FA58E6
 Start: ComputeVolumeCharacteristics
 End:   ComputeVolumeCharacteristics; Timer: cpu0=0.172 wall=0.005 
 Start: GetValueOnFacets
 End:   GetValueOnFacets; Timer: cpu0=0.016 wall=0.013 
21.06.26 03:49:03    *SEND* for CScalarLayer, GUID=A3659819-C06E-40A1-8932-64A566FBB4DA
 Start: ComputeVolumeCharacteristics
 End:   ComputeVolumeCharacteristics; Timer: cpu0=0.000 wall=0.003 
 Start: GetValueOnFacets
 End:   GetValueOnFacets; Timer: cpu0=0.047 wall=0.054 
21.06.26 03:49:03    *SEND* for CIntegralCharsLayer, GUID=4E090A0C-544B-E4A2-4242-BEC451D7CD2B
21.06.26 03:49:03    *SEND* for CIntegralCharsLayer, GUID=927DEDC8-AF71-7A31-D608-FB7EA635069E
21.06.26 03:49:03    *SEND* for CIntegralCharsLayer, GUID=7EF96C33-7880-7A39-F672-8DCB17098C5C
 End:   ===== Processing Layers =====; Timer: cpu0=0.234 wall=0.107 

21.06.26 03:49:03  ===== New Time Step =====, Iter number =  124
 Start: TimeServis
 End:   TimeServis; Timer: cpu0=0.469 wall=0.040 
 Start: User modules' functions BeforeTimeStep() are calling
 End:   User modules' functions BeforeTimeStep() are calling; Timer: cpu0=0.000 wall=0.002 
 Start: Adaptation, TotalRealCellsCount= 95727 
 End:   Adaptation; Timer: cpu0=0.000 wall=0.004 
 Start: Initialize data arrays on chips
 End:   Initialize data arrays on chips, res= 0; Timer: cpu0=0.000 wall=0.002 
  ***** Maximum Geometrical Gauss = 2.31353e-14, cell= 690:6:6:6:0
  ***** Maximum MovingSurf  Gauss = 0, cell= 
 Start: Initialize data arrays on chips
 End:   Initialize data arrays on chips, res= 0; Timer: cpu0=0.000 wall=0.002 
 Start: TimeServis
 End:   TimeServis; Timer: cpu0=0.219 wall=0.044 
 Start: FindEnclaves
 End:   FindEnclaves; Timer: cpu0=0.078 wall=0.092 
 Start: VarValueService
 End:   VarValueService; Timer: cpu0=0.000 wall=0.002 
 Start: SolvePhaseEquation 
 End:   SolvePhaseEquation ; Timer: cpu0=15.234 wall=2.145 
 Start: SolidFiltersProcess: calculate forces and moments
 End:   SolidFiltersProcess: calculate forces and moments; Timer: cpu0=0.016 wall=0.001 
 Start: PrepareDataForNextStep
 End:   PrepareDataForNextStep; Timer: cpu0=0.219 wall=0.054 
 Start: VarValueService
 End:   VarValueService; Timer: cpu0=0.000 wall=0.002 
 Start: UpdateStopperData
 End:   UpdateStopperData; Timer: cpu0=0.000 wall=0.001 
 Start: Saving text status in E:\UniFlight\flow\Land_fv\data\Land.status
 End:   Saving text status in E:\UniFlight\flow\Land_fv\data\Land.status; Timer: cpu0=0.000 wall=0.002 
 End:   ===== Time Step =====, Iter number =  124; Timer: cpu0=16.578 wall=2.452 

21.06.26 03:49:06  ===== Processing Layers =====
21.06.26 03:49:06    *SEND* for CScalarLayer, GUID=0E21CAB5-1866-4124-A2B3-DEC499FA58E6
 Start: ComputeVolumeCharacteristics
 End:   ComputeVolumeCharacteristics; Timer: cpu0=0.000 wall=0.005 
 Start: GetValueOnFacets
 End:   GetValueOnFacets; Timer: cpu0=0.172 wall=0.020 
21.06.26 03:49:06    *SEND* for CScalarLayer, GUID=A3659819-C06E-40A1-8932-64A566FBB4DA
 Start: ComputeVolumeCharacteristics
 End:   ComputeVolumeCharacteristics; Timer: cpu0=0.000 wall=0.004 
 Start: GetValueOnFacets
 End:   GetValueOnFacets; Timer: cpu0=0.234 wall=0.072 
21.06.26 03:49:06    *SEND* for CIntegralCharsLayer, GUID=4E090A0C-544B-E4A2-4242-BEC451D7CD2B
21.06.26 03:49:06    *SEND* for CIntegralCharsLayer, GUID=927DEDC8-AF71-7A31-D608-FB7EA635069E
21.06.26 03:49:06    *SEND* for CIntegralCharsLayer, GUID=7EF96C33-7880-7A39-F672-8DCB17098C5C
 End:   ===== Processing Layers =====; Timer: cpu0=0.594 wall=0.140 

21.06.26 03:49:06  ===== New Time Step =====, Iter number =  125
 Start: TimeServis
 End:   TimeServis; Timer: cpu0=0.438 wall=0.036 
 Start: User modules' functions BeforeTimeStep() are calling
 End:   User modules' functions BeforeTimeStep() are calling; Timer: cpu0=0.000 wall=0.002 
 Start: Adaptation, TotalRealCellsCount= 95727 
 End:   Adaptation; Timer: cpu0=0.000 wall=0.005 
 Start: Initialize data arrays on chips
 End:   Initialize data arrays on chips, res= 0; Timer: cpu0=0.000 wall=0.002 
  ***** Maximum Geometrical Gauss = 2.31353e-14, cell= 690:6:6:6:0
  ***** Maximum MovingSurf  Gauss = 0, cell= 
 Start: Initialize data arrays on chips
 End:   Initialize data arrays on chips, res= 0; Timer: cpu0=0.000 wall=0.002 
 Start: TimeServis
 End:   TimeServis; Timer: cpu0=0.594 wall=0.062 
 Start: FindEnclaves
 End:   FindEnclaves; Timer: cpu0=0.094 wall=0.083 
 Start: VarValueService
 End:   VarValueService; Timer: cpu0=0.000 wall=0.002 
 Start: SolvePhaseEquation 
 End:   SolvePhaseEquation ; Timer: cpu0=17.781 wall=2.265 
 Start: SolidFiltersProcess: calculate forces and moments
 End:   SolidFiltersProcess: calculate forces and moments; Timer: cpu0=0.000 wall=0.004 
 Start: PrepareDataForNextStep
 End:   PrepareDataForNextStep; Timer: cpu0=0.453 wall=0.051 
 Start: VarValueService
 End:   VarValueService; Timer: cpu0=0.000 wall=0.001 
 Start: UpdateStopperData
 End:   UpdateStopperData; Timer: cpu0=0.000 wall=0.001 
 Start: Saving text status in E:\UniFlight\flow\Land_fv\data\Land.status
 End:   Saving text status in E:\UniFlight\flow\Land_fv\data\Land.status; Timer: cpu0=0.000 wall=0.002 
 End:   ===== Time Step =====, Iter number =  125; Timer: cpu0=19.688 wall=2.600 

21.06.26 03:49:09  ===== Processing Layers =====
21.06.26 03:49:09    *SEND* for CScalarLayer, GUID=0E21CAB5-1866-4124-A2B3-DEC499FA58E6
 Start: ComputeVolumeCharacteristics
 End:   ComputeVolumeCharacteristics; Timer: cpu0=0.000 wall=0.004 
 Start: GetValueOnFacets
 End:   GetValueOnFacets; Timer: cpu0=0.016 wall=0.013 
21.06.26 03:49:09    *SEND* for CScalarLayer, GUID=A3659819-C06E-40A1-8932-64A566FBB4DA
 Start: ComputeVolumeCharacteristics
 End:   ComputeVolumeCharacteristics; Timer: cpu0=0.000 wall=0.004 
 Start: GetValueOnFacets
 End:   GetValueOnFacets; Timer: cpu0=0.203 wall=0.050 
21.06.26 03:49:09    *SEND* for CIntegralCharsLayer, GUID=4E090A0C-544B-E4A2-4242-BEC451D7CD2B
21.06.26 03:49:09    *SEND* for CIntegralCharsLayer, GUID=927DEDC8-AF71-7A31-D608-FB7EA635069E
21.06.26 03:49:09    *SEND* for CIntegralCharsLayer, GUID=7EF96C33-7880-7A39-F672-8DCB17098C5C
 End:   ===== Processing Layers =====; Timer: cpu0=0.406 wall=0.103 

21.06.26 03:49:09  ===== New Time Step =====, Iter number =  126
 Start: TimeServis
 End:   TimeServis; Timer: cpu0=0.516 wall=0.041 
 Start: User modules' functions BeforeTimeStep() are calling
 End:   User modules' functions BeforeTimeStep() are calling; Timer: cpu0=0.000 wall=0.001 
 Start: Adaptation, TotalRealCellsCount= 95727 
 End:   Adaptation; Timer: cpu0=0.000 wall=0.004 
 Start: Initialize data arrays on chips
 End:   Initialize data arrays on chips, res= 0; Timer: cpu0=0.000 wall=0.001 
  ***** Maximum Geometrical Gauss = 2.31353e-14, cell= 690:6:6:6:0
  ***** Maximum MovingSurf  Gauss = 0, cell= 
 Start: Initialize data arrays on chips
 End:   Initialize data arrays on chips, res= 0; Timer: cpu0=0.172 wall=0.002 
 Start: TimeServis
 End:   TimeServis; Timer: cpu0=0.500 wall=0.061 
 Start: FindEnclaves
 End:   FindEnclaves; Timer: cpu0=0.250 wall=0.087 
 Start: VarValueService
 End:   VarValueService; Timer: cpu0=0.000 wall=0.002 
 Start: SolvePhaseEquation 
 End:   SolvePhaseEquation ; Timer: cpu0=17.734 wall=2.169 
 Start: SolidFiltersProcess: calculate forces and moments
 End:   SolidFiltersProcess: calculate forces and moments; Timer: cpu0=0.000 wall=0.002 
 Start: PrepareDataForNextStep
 End:   PrepareDataForNextStep; Timer: cpu0=0.375 wall=0.066 
 Start: VarValueService
 End:   VarValueService; Timer: cpu0=0.000 wall=0.002 
 Start: UpdateStopperData
 End:   UpdateStopperData; Timer: cpu0=0.000 wall=0.001 
 Start: Saving text status in E:\UniFlight\flow\Land_fv\data\Land.status
 End:   Saving text status in E:\UniFlight\flow\Land_fv\data\Land.status; Timer: cpu0=0.000 wall=0.002 
 End:   ===== Time Step =====, Iter number =  126; Timer: cpu0=19.688 wall=2.509 

21.06.26 03:49:12  ===== Processing Layers =====
21.06.26 03:49:12    *SEND* for CScalarLayer, GUID=0E21CAB5-1866-4124-A2B3-DEC499FA58E6
 Start: ComputeVolumeCharacteristics
 End:   ComputeVolumeCharacteristics; Timer: cpu0=0.000 wall=0.006 
 Start: GetValueOnFacets
 End:   GetValueOnFacets; Timer: cpu0=0.016 wall=0.016 
21.06.26 03:49:12    *SEND* for CScalarLayer, GUID=A3659819-C06E-40A1-8932-64A566FBB4DA
 Start: ComputeVolumeCharacteristics
 End:   ComputeVolumeCharacteristics; Timer: cpu0=0.000 wall=0.005 
 Start: GetValueOnFacets
 End:   GetValueOnFacets; Timer: cpu0=0.219 wall=0.062 
21.06.26 03:49:12    *SEND* for CIntegralCharsLayer, GUID=4E090A0C-544B-E4A2-4242-BEC451D7CD2B
21.06.26 03:49:12    *SEND* for CIntegralCharsLayer, GUID=927DEDC8-AF71-7A31-D608-FB7EA635069E
21.06.26 03:49:12    *SEND* for CIntegralCharsLayer, GUID=7EF96C33-7880-7A39-F672-8DCB17098C5C
 End:   ===== Processing Layers =====; Timer: cpu0=0.406 wall=0.125 

21.06.26 03:49:12  ===== New Time Step =====, Iter number =  127
 Start: TimeServis
 End:   TimeServis; Timer: cpu0=0.484 wall=0.040 
 Start: User modules' functions BeforeTimeStep() are calling
 End:   User modules' functions BeforeTimeStep() are calling; Timer: cpu0=0.000 wall=0.002 
 Start: Adaptation, TotalRealCellsCount= 95727 
 End:   Adaptation; Timer: cpu0=0.000 wall=0.004 
 Start: Initialize data arrays on chips
 End:   Initialize data arrays on chips, res= 0; Timer: cpu0=0.000 wall=0.001 
  ***** Maximum Geometrical Gauss = 2.31353e-14, cell= 690:6:6:6:0
  ***** Maximum MovingSurf  Gauss = 0, cell= 
 Start: Initialize data arrays on chips
 End:   Initialize data arrays on chips, res= 0; Timer: cpu0=0.031 wall=0.002 
 Start: TimeServis
 End:   TimeServis; Timer: cpu0=0.422 wall=0.043 
 Start: FindEnclaves
 End:   FindEnclaves; Timer: cpu0=0.094 wall=0.088 
 Start: VarValueService
 End:   VarValueService; Timer: cpu0=0.000 wall=0.001 
 Start: SolvePhaseEquation 
 End:   SolvePhaseEquation ; Timer: cpu0=15.812 wall=1.978 
 Start: SolidFiltersProcess: calculate forces and moments
 End:   SolidFiltersProcess: calculate forces and moments; Timer: cpu0=0.000 wall=0.001 
 Start: PrepareDataForNextStep
 End:   PrepareDataForNextStep; Timer: cpu0=0.250 wall=0.050 
 Start: VarValueService
 End:   VarValueService; Timer: cpu0=0.000 wall=0.002 
 Start: UpdateStopperData
 End:   UpdateStopperData; Timer: cpu0=0.000 wall=0.001 
 Start: Saving text status in E:\UniFlight\flow\Land_fv\data\Land.status
 End:   Saving text status in E:\UniFlight\flow\Land_fv\data\Land.status; Timer: cpu0=0.000 wall=0.002 
 End:   ===== Time Step =====, Iter number =  127; Timer: cpu0=17.422 wall=2.282 

21.06.26 03:49:14  ===== Processing Layers =====
21.06.26 03:49:14    *SEND* for CScalarLayer, GUID=0E21CAB5-1866-4124-A2B3-DEC499FA58E6
 Start: ComputeVolumeCharacteristics
 End:   ComputeVolumeCharacteristics; Timer: cpu0=0.000 wall=0.004 
 Start: GetValueOnFacets
 End:   GetValueOnFacets; Timer: cpu0=0.000 wall=0.013 
21.06.26 03:49:14    *SEND* for CScalarLayer, GUID=A3659819-C06E-40A1-8932-64A566FBB4DA
 Start: ComputeVolumeCharacteristics
 End:   ComputeVolumeCharacteristics; Timer: cpu0=0.000 wall=0.003 
 Start: GetValueOnFacets
 End:   GetValueOnFacets; Timer: cpu0=0.062 wall=0.055 
21.06.26 03:49:15    *SEND* for CIntegralCharsLayer, GUID=4E090A0C-544B-E4A2-4242-BEC451D7CD2B
21.06.26 03:49:15    *SEND* for CIntegralCharsLayer, GUID=927DEDC8-AF71-7A31-D608-FB7EA635069E
21.06.26 03:49:15    *SEND* for CIntegralCharsLayer, GUID=7EF96C33-7880-7A39-F672-8DCB17098C5C
 End:   ===== Processing Layers =====; Timer: cpu0=0.250 wall=0.104 

21.06.26 03:49:15  ===== New Time Step =====, Iter number =  128
 Start: TimeServis
 End:   TimeServis; Timer: cpu0=0.344 wall=0.042 
 Start: User modules' functions BeforeTimeStep() are calling
 End:   User modules' functions BeforeTimeStep() are calling; Timer: cpu0=0.000 wall=0.002 
 Start: Adaptation, TotalRealCellsCount= 95727 
 End:   Adaptation; Timer: cpu0=0.000 wall=0.004 
 Start: Initialize data arrays on chips
 End:   Initialize data arrays on chips, res= 0; Timer: cpu0=0.000 wall=0.002 
  ***** Maximum Geometrical Gauss = 2.31353e-14, cell= 690:6:6:6:0
  ***** Maximum MovingSurf  Gauss = 0, cell= 
 Start: Initialize data arrays on chips
 End:   Initialize data arrays on chips, res= 0; Timer: cpu0=0.000 wall=0.002 
 Start: TimeServis
 End:   TimeServis; Timer: cpu0=0.438 wall=0.048 
 Start: FindEnclaves
 End:   FindEnclaves; Timer: cpu0=0.094 wall=0.092 
 Start: VarValueService
 End:   VarValueService; Timer: cpu0=0.000 wall=0.002 
 Start: SolvePhaseEquation 
 End:   SolvePhaseEquation ; Timer: cpu0=16.859 wall=1.980 
 Start: SolidFiltersProcess: calculate forces and moments
 End:   SolidFiltersProcess: calculate forces and moments; Timer: cpu0=0.000 wall=0.001 
 Start: PrepareDataForNextStep
 End:   PrepareDataForNextStep; Timer: cpu0=0.281 wall=0.051 
 Start: VarValueService
 End:   VarValueService; Timer: cpu0=0.000 wall=0.001 
 Start: UpdateStopperData
 End:   UpdateStopperData; Timer: cpu0=0.000 wall=0.001 
 Start: Saving text status in E:\UniFlight\flow\Land_fv\data\Land.status
 End:   Saving text status in E:\UniFlight\flow\Land_fv\data\Land.status; Timer: cpu0=0.000 wall=0.002 
 End:   ===== Time Step =====, Iter number =  128; Timer: cpu0=18.188 wall=2.290 

21.06.26 03:49:17  ===== Processing Layers =====
21.06.26 03:49:17    *SEND* for CScalarLayer, GUID=0E21CAB5-1866-4124-A2B3-DEC499FA58E6
 Start: ComputeVolumeCharacteristics
 End:   ComputeVolumeCharacteristics; Timer: cpu0=0.172 wall=0.005 
 Start: GetValueOnFacets
 End:   GetValueOnFacets; Timer: cpu0=0.156 wall=0.013 
21.06.26 03:49:17    *SEND* for CScalarLayer, GUID=A3659819-C06E-40A1-8932-64A566FBB4DA
 Start: ComputeVolumeCharacteristics
 End:   ComputeVolumeCharacteristics; Timer: cpu0=0.125 wall=0.003 
 Start: GetValueOnFacets
 End:   GetValueOnFacets; Timer: cpu0=0.047 wall=0.046 
21.06.26 03:49:17    *SEND* for CIntegralCharsLayer, GUID=4E090A0C-544B-E4A2-4242-BEC451D7CD2B
21.06.26 03:49:17    *SEND* for CIntegralCharsLayer, GUID=927DEDC8-AF71-7A31-D608-FB7EA635069E
21.06.26 03:49:17    *SEND* for CIntegralCharsLayer, GUID=7EF96C33-7880-7A39-F672-8DCB17098C5C
 End:   ===== Processing Layers =====; Timer: cpu0=0.500 wall=0.096 

21.06.26 03:49:17  ===== New Time Step =====, Iter number =  129
 Start: TimeServis
 End:   TimeServis; Timer: cpu0=0.500 wall=0.042 
 Start: User modules' functions BeforeTimeStep() are calling
 End:   User modules' functions BeforeTimeStep() are calling; Timer: cpu0=0.000 wall=0.002 
 Start: Adaptation, TotalRealCellsCount= 95727 
 End:   Adaptation; Timer: cpu0=0.000 wall=0.004 
 Start: Initialize data arrays on chips
 End:   Initialize data arrays on chips, res= 0; Timer: cpu0=0.000 wall=0.001 
  ***** Maximum Geometrical Gauss = 2.31353e-14, cell= 690:6:6:6:0
  ***** Maximum MovingSurf  Gauss = 0, cell= 
 Start: Initialize data arrays on chips
 End:   Initialize data arrays on chips, res= 0; Timer: cpu0=0.000 wall=0.002 
 Start: TimeServis
 End:   TimeServis; Timer: cpu0=0.328 wall=0.043 
 Start: FindEnclaves
 End:   FindEnclaves; Timer: cpu0=0.094 wall=0.089 
 Start: VarValueService
 End:   VarValueService; Timer: cpu0=0.000 wall=0.001 
 Start: SolvePhaseEquation 
 End:   SolvePhaseEquation ; Timer: cpu0=16.516 wall=1.959 
 Start: SolidFiltersProcess: calculate forces and moments
 End:   SolidFiltersProcess: calculate forces and moments; Timer: cpu0=0.000 wall=0.002 
 Start: PrepareDataForNextStep
 End:   PrepareDataForNextStep; Timer: cpu0=0.375 wall=0.061 
 Start: VarValueService
 End:   VarValueService; Timer: cpu0=0.000 wall=0.002 
 Start: UpdateStopperData
 End:   UpdateStopperData; Timer: cpu0=0.000 wall=0.001 
 Start: Saving text status in E:\UniFlight\flow\Land_fv\data\Land.status
 End:   Saving text status in E:\UniFlight\flow\Land_fv\data\Land.status; Timer: cpu0=0.000 wall=0.003 
 End:   ===== Time Step =====, Iter number =  129; Timer: cpu0=18.156 wall=2.277 

21.06.26 03:49:20  ===== Processing Layers =====
21.06.26 03:49:20    *SEND* for CScalarLayer, GUID=0E21CAB5-1866-4124-A2B3-DEC499FA58E6
 Start: ComputeVolumeCharacteristics
 End:   ComputeVolumeCharacteristics; Timer: cpu0=0.000 wall=0.004 
 Start: GetValueOnFacets
 End:   GetValueOnFacets; Timer: cpu0=0.000 wall=0.011 
21.06.26 03:49:20    *SEND* for CScalarLayer, GUID=A3659819-C06E-40A1-8932-64A566FBB4DA
 Start: ComputeVolumeCharacteristics
 End:   ComputeVolumeCharacteristics; Timer: cpu0=0.000 wall=0.003 
 Start: GetValueOnFacets
 End:   GetValueOnFacets; Timer: cpu0=0.203 wall=0.045 
21.06.26 03:49:20    *SEND* for CIntegralCharsLayer, GUID=4E090A0C-544B-E4A2-4242-BEC451D7CD2B
21.06.26 03:49:20    *SEND* for CIntegralCharsLayer, GUID=927DEDC8-AF71-7A31-D608-FB7EA635069E
21.06.26 03:49:20    *SEND* for CIntegralCharsLayer, GUID=7EF96C33-7880-7A39-F672-8DCB17098C5C
 End:   ===== Processing Layers =====; Timer: cpu0=0.219 wall=0.099 

21.06.26 03:49:20  ===== New Time Step =====, Iter number =  130
 Start: TimeServis
 End:   TimeServis; Timer: cpu0=0.516 wall=0.048 
 Start: User modules' functions BeforeTimeStep() are calling
 End:   User modules' functions BeforeTimeStep() are calling; Timer: cpu0=0.000 wall=0.002 
 Start: Adaptation, TotalRealCellsCount= 95727 
 End:   Adaptation; Timer: cpu0=6.516 wall=0.810 
 Start: DistributeGridOnProcessors
 End:   DistributeGridOnProcessors, res= 0; Timer: cpu0=0.922 wall=0.206 
 Start: SetNeiHyperCells
 End:   SetNeiHyperCells, res= 0; Timer: cpu0=0.000 wall=0.007 
 Start: BuildFacetDistribution
 End:   BuildFacetDistribution; Timer: cpu0=0.000 wall=0.002 
 Start: Initialize data arrays on chips
 End:   Initialize data arrays on chips, res= 0; Timer: cpu0=0.000 wall=0.002 
  ***** Maximum Geometrical Gauss = 2.31353e-14, cell= 690:6:6:6:0
  ***** Maximum MovingSurf  Gauss = 1.65281e-13, cell= 990:4:7:4:0
 Start: Remove Small Cells
 End:   Remove Small Cells; Timer: cpu0=0.344 wall=0.019 
 Start: Initialize data arrays on chips
 End:   Initialize data arrays on chips, res= 0; Timer: cpu0=0.000 wall=0.002 
  ***** Maximum Geometrical Gauss = 2.31353e-14, cell= 690:6:6:6:0
  ***** Maximum MovingSurf  Gauss = 1.65281e-13, cell= 990:4:7:4:0
 Start: Initialize data arrays on chips
 End:   Initialize data arrays on chips, res= 0; Timer: cpu0=0.000 wall=0.002 
 Start: Modify Chip Data
 End:   Modify Chip Data; Timer: cpu0=0.344 wall=0.040 
 Start: TimeServis
 End:   TimeServis; Timer: cpu0=0.516 wall=0.055 
 Start: FindEnclaves
 End:   FindEnclaves; Timer: cpu0=0.078 wall=0.094 
 Start: VarValueService
 End:   VarValueService; Timer: cpu0=0.000 wall=0.002 
 Start: SolvePhaseEquation 
 End:   SolvePhaseEquation ; Timer: cpu0=16.891 wall=2.050 
 Start: SolidFiltersProcess: calculate forces and moments
 End:   SolidFiltersProcess: calculate forces and moments; Timer: cpu0=0.000 wall=0.002 
 Start: PrepareDataForNextStep
 End:   PrepareDataForNextStep; Timer: cpu0=0.344 wall=0.079 
 Start: VarValueService
 End:   VarValueService; Timer: cpu0=0.000 wall=0.002 
 Start: UpdateStopperData
 End:   UpdateStopperData; Timer: cpu0=0.000 wall=0.001 
 Start: Saving text status in E:\UniFlight\flow\Land_fv\data\Land.status
 End:   Saving text status in E:\UniFlight\flow\Land_fv\data\Land.status; Timer: cpu0=0.000 wall=0.002 
 End:   ===== Time Step =====, Iter number =  130; Timer: cpu0=26.781 wall=3.516 

21.06.26 03:49:24  ===== Processing Layers =====
21.06.26 03:49:24    *SEND* for CScalarLayer, GUID=0E21CAB5-1866-4124-A2B3-DEC499FA58E6
 Start: ComputeVolumeCharacteristics
 End:   ComputeVolumeCharacteristics; Timer: cpu0=0.000 wall=0.003 
 Start: GetValueOnFacets
 End:   GetValueOnFacets; Timer: cpu0=0.000 wall=0.013 
21.06.26 03:49:24    *SEND* for CScalarLayer, GUID=A3659819-C06E-40A1-8932-64A566FBB4DA
 Start: ComputeVolumeCharacteristics
 End:   ComputeVolumeCharacteristics; Timer: cpu0=0.000 wall=0.005 
 Start: GetValueOnFacets
 End:   GetValueOnFacets; Timer: cpu0=0.203 wall=0.048 
21.06.26 03:49:24    *SEND* for CIntegralCharsLayer, GUID=4E090A0C-544B-E4A2-4242-BEC451D7CD2B
21.06.26 03:49:24    *SEND* for CIntegralCharsLayer, GUID=927DEDC8-AF71-7A31-D608-FB7EA635069E
21.06.26 03:49:24    *SEND* for CIntegralCharsLayer, GUID=7EF96C33-7880-7A39-F672-8DCB17098C5C
 End:   ===== Processing Layers =====; Timer: cpu0=0.219 wall=0.100 

21.06.26 03:49:24  ===== New Time Step =====, Iter number =  131
 Start: TimeServis
 End:   TimeServis; Timer: cpu0=0.344 wall=0.044 
 Start: User modules' functions BeforeTimeStep() are calling
 End:   User modules' functions BeforeTimeStep() are calling; Timer: cpu0=0.000 wall=0.002 
 Start: Adaptation, TotalRealCellsCount= 98758 
 End:   Adaptation; Timer: cpu0=4.906 wall=0.731 
 Start: DistributeGridOnProcessors
 End:   DistributeGridOnProcessors, res= 0; Timer: cpu0=0.953 wall=0.213 
 Start: SetNeiHyperCells
 End:   SetNeiHyperCells, res= 0; Timer: cpu0=0.000 wall=0.007 
 Start: BuildFacetDistribution
 End:   BuildFacetDistribution; Timer: cpu0=0.000 wall=0.003 
 Start: Initialize data arrays on chips
 End:   Initialize data arrays on chips, res= 0; Timer: cpu0=0.000 wall=0.002 
  ***** Maximum Geometrical Gauss = 2.31353e-14, cell= 690:6:6:6:0
  ***** Maximum MovingSurf  Gauss = 1.14961e-13, cell= 797:7:2:0
 Start: Remove Small Cells
 End:   Remove Small Cells; Timer: cpu0=0.172 wall=0.019 
 Start: Initialize data arrays on chips
 End:   Initialize data arrays on chips, res= 0; Timer: cpu0=0.000 wall=0.002 
  ***** Maximum Geometrical Gauss = 2.31353e-14, cell= 690:6:6:6:0
  ***** Maximum MovingSurf  Gauss = 1.14961e-13, cell= 797:7:2:0
 Start: Initialize data arrays on chips
 End:   Initialize data arrays on chips, res= 0; Timer: cpu0=0.000 wall=0.002 
 Start: Modify Chip Data
 End:   Modify Chip Data; Timer: cpu0=0.344 wall=0.037 
 Start: TimeServis
 End:   TimeServis; Timer: cpu0=0.453 wall=0.047 
 Start: FindEnclaves
 End:   FindEnclaves; Timer: cpu0=0.062 wall=0.086 
 Start: VarValueService
 End:   VarValueService; Timer: cpu0=0.000 wall=0.002 
 Start: SolvePhaseEquation 
 End:   SolvePhaseEquation ; Timer: cpu0=16.078 wall=2.008 
 Start: SolidFiltersProcess: calculate forces and moments
 End:   SolidFiltersProcess: calculate forces and moments; Timer: cpu0=0.000 wall=0.002 
 Start: PrepareDataForNextStep
 End:   PrepareDataForNextStep; Timer: cpu0=0.500 wall=0.048 
 Start: VarValueService
 End:   VarValueService; Timer: cpu0=0.000 wall=0.001 
 Start: UpdateStopperData
 End:   UpdateStopperData; Timer: cpu0=0.000 wall=0.001 
 Start: Saving text status in E:\UniFlight\flow\Land_fv\data\Land.status
 End:   Saving text status in E:\UniFlight\flow\Land_fv\data\Land.status; Timer: cpu0=0.000 wall=0.002 
 End:   ===== Time Step =====, Iter number =  131; Timer: cpu0=24.094 wall=3.344 

21.06.26 03:49:27  ===== Processing Layers =====
21.06.26 03:49:27    *SEND* for CScalarLayer, GUID=0E21CAB5-1866-4124-A2B3-DEC499FA58E6
 Start: ComputeVolumeCharacteristics
 End:   ComputeVolumeCharacteristics; Timer: cpu0=0.000 wall=0.004 
 Start: GetValueOnFacets
 End:   GetValueOnFacets; Timer: cpu0=0.000 wall=0.012 
21.06.26 03:49:27    *SEND* for CScalarLayer, GUID=A3659819-C06E-40A1-8932-64A566FBB4DA
 Start: ComputeVolumeCharacteristics
 End:   ComputeVolumeCharacteristics; Timer: cpu0=0.000 wall=0.004 
 Start: GetValueOnFacets
 End:   GetValueOnFacets; Timer: cpu0=0.047 wall=0.049 
21.06.26 03:49:28    *SEND* for CIntegralCharsLayer, GUID=4E090A0C-544B-E4A2-4242-BEC451D7CD2B
21.06.26 03:49:28    *SEND* for CIntegralCharsLayer, GUID=927DEDC8-AF71-7A31-D608-FB7EA635069E
21.06.26 03:49:28    *SEND* for CIntegralCharsLayer, GUID=7EF96C33-7880-7A39-F672-8DCB17098C5C
 End:   ===== Processing Layers =====; Timer: cpu0=0.062 wall=0.103 

21.06.26 03:49:28  ===== New Time Step =====, Iter number =  132
 Start: TimeServis
 End:   TimeServis; Timer: cpu0=0.516 wall=0.037 
 Start: User modules' functions BeforeTimeStep() are calling
 End:   User modules' functions BeforeTimeStep() are calling; Timer: cpu0=0.000 wall=0.001 
 Start: Adaptation, TotalRealCellsCount= 96196 
 End:   Adaptation; Timer: cpu0=0.000 wall=0.004 
 Start: Initialize data arrays on chips
 End:   Initialize data arrays on chips, res= 0; Timer: cpu0=0.000 wall=0.002 
  ***** Maximum Geometrical Gauss = 2.31353e-14, cell= 690:6:6:6:0
  ***** Maximum MovingSurf  Gauss = 0, cell= 
 Start: Initialize data arrays on chips
 End:   Initialize data arrays on chips, res= 0; Timer: cpu0=0.000 wall=0.002 
 Start: TimeServis
 End:   TimeServis; Timer: cpu0=0.344 wall=0.044 
 Start: FindEnclaves
 End:   FindEnclaves; Timer: cpu0=0.094 wall=0.091 
 Start: VarValueService
 End:   VarValueService; Timer: cpu0=0.000 wall=0.001 
 Start: SolvePhaseEquation 
 End:   SolvePhaseEquation ; Timer: cpu0=16.438 wall=1.993 
 Start: SolidFiltersProcess: calculate forces and moments
 End:   SolidFiltersProcess: calculate forces and moments; Timer: cpu0=0.000 wall=0.002 
 Start: PrepareDataForNextStep
 End:   PrepareDataForNextStep; Timer: cpu0=0.219 wall=0.051 
 Start: VarValueService
 End:   VarValueService; Timer: cpu0=0.000 wall=0.001 
 Start: UpdateStopperData
 End:   UpdateStopperData; Timer: cpu0=0.000 wall=0.001 
 Start: Saving text status in E:\UniFlight\flow\Land_fv\data\Land.status
 End:   Saving text status in E:\UniFlight\flow\Land_fv\data\Land.status; Timer: cpu0=0.000 wall=0.002 
 End:   ===== Time Step =====, Iter number =  132; Timer: cpu0=17.781 wall=2.291 

21.06.26 03:49:30  ===== Processing Layers =====
21.06.26 03:49:30    *SEND* for CScalarLayer, GUID=0E21CAB5-1866-4124-A2B3-DEC499FA58E6
 Start: ComputeVolumeCharacteristics
 End:   ComputeVolumeCharacteristics; Timer: cpu0=0.000 wall=0.004 
 Start: GetValueOnFacets
 End:   GetValueOnFacets; Timer: cpu0=0.000 wall=0.013 
21.06.26 03:49:30    *SEND* for CScalarLayer, GUID=A3659819-C06E-40A1-8932-64A566FBB4DA
 Start: ComputeVolumeCharacteristics
 End:   ComputeVolumeCharacteristics; Timer: cpu0=0.000 wall=0.004 
 Start: GetValueOnFacets
 End:   GetValueOnFacets; Timer: cpu0=0.188 wall=0.047 
21.06.26 03:49:30    *SEND* for CIntegralCharsLayer, GUID=4E090A0C-544B-E4A2-4242-BEC451D7CD2B
21.06.26 03:49:30    *SEND* for CIntegralCharsLayer, GUID=927DEDC8-AF71-7A31-D608-FB7EA635069E
21.06.26 03:49:30    *SEND* for CIntegralCharsLayer, GUID=7EF96C33-7880-7A39-F672-8DCB17098C5C
 End:   ===== Processing Layers =====; Timer: cpu0=0.203 wall=0.097 

21.06.26 03:49:30  ===== New Time Step =====, Iter number =  133
 Start: TimeServis
 End:   TimeServis; Timer: cpu0=0.500 wall=0.043 
 Start: User modules' functions BeforeTimeStep() are calling
 End:   User modules' functions BeforeTimeStep() are calling; Timer: cpu0=0.000 wall=0.001 
 Start: Adaptation, TotalRealCellsCount= 96196 
 End:   Adaptation; Timer: cpu0=0.000 wall=0.004 
 Start: Initialize data arrays on chips
 End:   Initialize data arrays on chips, res= 0; Timer: cpu0=0.000 wall=0.002 
  ***** Maximum Geometrical Gauss = 2.31353e-14, cell= 690:6:6:6:0
  ***** Maximum MovingSurf  Gauss = 0, cell= 
 Start: Initialize data arrays on chips
 End:   Initialize data arrays on chips, res= 0; Timer: cpu0=0.000 wall=0.002 
 Start: TimeServis
 End:   TimeServis; Timer: cpu0=0.344 wall=0.044 
 Start: FindEnclaves
 End:   FindEnclaves; Timer: cpu0=0.062 wall=0.088 
 Start: VarValueService
 End:   VarValueService; Timer: cpu0=0.000 wall=0.001 
 Start: SolvePhaseEquation 
 End:   SolvePhaseEquation ; Timer: cpu0=15.688 wall=1.985 
 Start: SolidFiltersProcess: calculate forces and moments
 End:   SolidFiltersProcess: calculate forces and moments; Timer: cpu0=0.000 wall=0.002 
 Start: PrepareDataForNextStep
 End:   PrepareDataForNextStep; Timer: cpu0=0.531 wall=0.058 
 Start: VarValueService
 End:   VarValueService; Timer: cpu0=0.000 wall=0.001 
 Start: UpdateStopperData
 End:   UpdateStopperData; Timer: cpu0=0.000 wall=0.001 
 Start: Saving text status in E:\UniFlight\flow\Land_fv\data\Land.status
 End:   Saving text status in E:\UniFlight\flow\Land_fv\data\Land.status; Timer: cpu0=0.000 wall=0.002 
 End:   ===== Time Step =====, Iter number =  133; Timer: cpu0=17.594 wall=2.298 

21.06.26 03:49:33  ===== Processing Layers =====
21.06.26 03:49:33    *SEND* for CScalarLayer, GUID=0E21CAB5-1866-4124-A2B3-DEC499FA58E6
 Start: ComputeVolumeCharacteristics
 End:   ComputeVolumeCharacteristics; Timer: cpu0=0.172 wall=0.004 
 Start: GetValueOnFacets
 End:   GetValueOnFacets; Timer: cpu0=0.016 wall=0.012 
21.06.26 03:49:33    *SEND* for CScalarLayer, GUID=A3659819-C06E-40A1-8932-64A566FBB4DA
 Start: ComputeVolumeCharacteristics
 End:   ComputeVolumeCharacteristics; Timer: cpu0=0.000 wall=0.003 
 Start: GetValueOnFacets
 End:   GetValueOnFacets; Timer: cpu0=0.188 wall=0.044 
21.06.26 03:49:33    *SEND* for CIntegralCharsLayer, GUID=4E090A0C-544B-E4A2-4242-BEC451D7CD2B
21.06.26 03:49:33    *SEND* for CIntegralCharsLayer, GUID=927DEDC8-AF71-7A31-D608-FB7EA635069E
21.06.26 03:49:33    *SEND* for CIntegralCharsLayer, GUID=7EF96C33-7880-7A39-F672-8DCB17098C5C
 End:   ===== Processing Layers =====; Timer: cpu0=0.375 wall=0.091 

21.06.26 03:49:33  ===== New Time Step =====, Iter number =  134
 Start: TimeServis
 End:   TimeServis; Timer: cpu0=0.516 wall=0.044 
 Start: User modules' functions BeforeTimeStep() are calling
 End:   User modules' functions BeforeTimeStep() are calling; Timer: cpu0=0.000 wall=0.002 
 Start: Adaptation, TotalRealCellsCount= 96196 
 End:   Adaptation; Timer: cpu0=0.000 wall=0.004 
 Start: Initialize data arrays on chips
 End:   Initialize data arrays on chips, res= 0; Timer: cpu0=0.000 wall=0.002 
  ***** Maximum Geometrical Gauss = 2.31353e-14, cell= 690:6:6:6:0
  ***** Maximum MovingSurf  Gauss = 0, cell= 
 Start: Initialize data arrays on chips
 End:   Initialize data arrays on chips, res= 0; Timer: cpu0=0.000 wall=0.003 
 Start: TimeServis
 End:   TimeServis; Timer: cpu0=0.391 wall=0.041 
 Start: FindEnclaves
 End:   FindEnclaves; Timer: cpu0=0.078 wall=0.087 
 Start: VarValueService
 End:   VarValueService; Timer: cpu0=0.000 wall=0.001 
 Start: SolvePhaseEquation 
 End:   SolvePhaseEquation ; Timer: cpu0=16.281 wall=1.962 
 Start: SolidFiltersProcess: calculate forces and moments
 End:   SolidFiltersProcess: calculate forces and moments; Timer: cpu0=0.000 wall=0.001 
 Start: PrepareDataForNextStep
 End:   PrepareDataForNextStep; Timer: cpu0=0.438 wall=0.057 
 Start: VarValueService
 End:   VarValueService; Timer: cpu0=0.000 wall=0.002 
 Start: UpdateStopperData
 End:   UpdateStopperData; Timer: cpu0=0.000 wall=0.001 
 Start: Saving text status in E:\UniFlight\flow\Land_fv\data\Land.status
 End:   Saving text status in E:\UniFlight\flow\Land_fv\data\Land.status; Timer: cpu0=0.000 wall=0.003 
 End:   ===== Time Step =====, Iter number =  134; Timer: cpu0=17.906 wall=2.273 

21.06.26 03:49:36  ===== Processing Layers =====
21.06.26 03:49:36    *SEND* for CScalarLayer, GUID=0E21CAB5-1866-4124-A2B3-DEC499FA58E6
 Start: ComputeVolumeCharacteristics
 End:   ComputeVolumeCharacteristics; Timer: cpu0=0.000 wall=0.004 
 Start: GetValueOnFacets
 End:   GetValueOnFacets; Timer: cpu0=0.016 wall=0.016 
21.06.26 03:49:36    *SEND* for CScalarLayer, GUID=A3659819-C06E-40A1-8932-64A566FBB4DA
 Start: ComputeVolumeCharacteristics
 End:   ComputeVolumeCharacteristics; Timer: cpu0=0.000 wall=0.005 
 Start: GetValueOnFacets
 End:   GetValueOnFacets; Timer: cpu0=0.062 wall=0.070 
21.06.26 03:49:36    *SEND* for CIntegralCharsLayer, GUID=4E090A0C-544B-E4A2-4242-BEC451D7CD2B
21.06.26 03:49:36    *SEND* for CIntegralCharsLayer, GUID=927DEDC8-AF71-7A31-D608-FB7EA635069E
21.06.26 03:49:36    *SEND* for CIntegralCharsLayer, GUID=7EF96C33-7880-7A39-F672-8DCB17098C5C
 End:   ===== Processing Layers =====; Timer: cpu0=0.422 wall=0.131 

21.06.26 03:49:36  ===== New Time Step =====, Iter number =  135
 Start: TimeServis
 End:   TimeServis; Timer: cpu0=0.469 wall=0.038 
 Start: User modules' functions BeforeTimeStep() are calling
 End:   User modules' functions BeforeTimeStep() are calling; Timer: cpu0=0.000 wall=0.003 
 Start: Adaptation, TotalRealCellsCount= 96196 
 End:   Adaptation; Timer: cpu0=0.172 wall=0.005 
 Start: Initialize data arrays on chips
 End:   Initialize data arrays on chips, res= 0; Timer: cpu0=0.000 wall=0.002 
  ***** Maximum Geometrical Gauss = 2.31353e-14, cell= 690:6:6:6:0
  ***** Maximum MovingSurf  Gauss = 0, cell= 
 Start: Initialize data arrays on chips
 End:   Initialize data arrays on chips, res= 0; Timer: cpu0=0.000 wall=0.003 
 Start: TimeServis
 End:   TimeServis; Timer: cpu0=0.500 wall=0.048 
 Start: FindEnclaves
 End:   FindEnclaves; Timer: cpu0=0.078 wall=0.090 
 Start: VarValueService
 End:   VarValueService; Timer: cpu0=0.000 wall=0.002 
 Start: SolvePhaseEquation 
 End:   SolvePhaseEquation ; Timer: cpu0=16.703 wall=1.975 
 Start: SolidFiltersProcess: calculate forces and moments
 End:   SolidFiltersProcess: calculate forces and moments; Timer: cpu0=0.000 wall=0.002 
 Start: PrepareDataForNextStep
 End:   PrepareDataForNextStep; Timer: cpu0=0.375 wall=0.054 
 Start: VarValueService
 End:   VarValueService; Timer: cpu0=0.000 wall=0.002 
 Start: UpdateStopperData
 End:   UpdateStopperData; Timer: cpu0=0.000 wall=0.001 
 Start: Saving text status in E:\UniFlight\flow\Land_fv\data\Land.status
 End:   Saving text status in E:\UniFlight\flow\Land_fv\data\Land.status; Timer: cpu0=0.000 wall=0.002 
 End:   ===== Time Step =====, Iter number =  135; Timer: cpu0=18.547 wall=2.299 

21.06.26 03:49:38  ===== Processing Layers =====
21.06.26 03:49:38    *SEND* for CScalarLayer, GUID=0E21CAB5-1866-4124-A2B3-DEC499FA58E6
 Start: ComputeVolumeCharacteristics
 End:   ComputeVolumeCharacteristics; Timer: cpu0=0.000 wall=0.004 
 Start: GetValueOnFacets
 End:   GetValueOnFacets; Timer: cpu0=0.094 wall=0.014 
21.06.26 03:49:38    *SEND* for CScalarLayer, GUID=A3659819-C06E-40A1-8932-64A566FBB4DA
 Start: ComputeVolumeCharacteristics
 End:   ComputeVolumeCharacteristics; Timer: cpu0=0.000 wall=0.003 
 Start: GetValueOnFacets
 End:   GetValueOnFacets; Timer: cpu0=0.203 wall=0.053 
21.06.26 03:49:38    *SEND* for CIntegralCharsLayer, GUID=4E090A0C-544B-E4A2-4242-BEC451D7CD2B
21.06.26 03:49:38    *SEND* for CIntegralCharsLayer, GUID=927DEDC8-AF71-7A31-D608-FB7EA635069E
21.06.26 03:49:38    *SEND* for CIntegralCharsLayer, GUID=7EF96C33-7880-7A39-F672-8DCB17098C5C
 End:   ===== Processing Layers =====; Timer: cpu0=0.547 wall=0.104 

21.06.26 03:49:38  ===== New Time Step =====, Iter number =  136
 Start: TimeServis
 End:   TimeServis; Timer: cpu0=0.516 wall=0.041 
 Start: User modules' functions BeforeTimeStep() are calling
 End:   User modules' functions BeforeTimeStep() are calling; Timer: cpu0=0.000 wall=0.002 
 Start: Adaptation, TotalRealCellsCount= 96196 
 End:   Adaptation; Timer: cpu0=0.172 wall=0.004 
 Start: Initialize data arrays on chips
 End:   Initialize data arrays on chips, res= 0; Timer: cpu0=0.000 wall=0.003 
  ***** Maximum Geometrical Gauss = 2.31353e-14, cell= 690:6:6:6:0
  ***** Maximum MovingSurf  Gauss = 0, cell= 
 Start: Initialize data arrays on chips
 End:   Initialize data arrays on chips, res= 0; Timer: cpu0=0.000 wall=0.003 
 Start: TimeServis
 End:   TimeServis; Timer: cpu0=0.516 wall=0.048 
 Start: FindEnclaves
 End:   FindEnclaves; Timer: cpu0=0.062 wall=0.090 
 Start: VarValueService
 End:   VarValueService; Timer: cpu0=0.000 wall=0.001 
 Start: SolvePhaseEquation 
 End:   SolvePhaseEquation ; Timer: cpu0=16.297 wall=1.974 
 Start: SolidFiltersProcess: calculate forces and moments
 End:   SolidFiltersProcess: calculate forces and moments; Timer: cpu0=0.000 wall=0.002 
 Start: PrepareDataForNextStep
 End:   PrepareDataForNextStep; Timer: cpu0=0.328 wall=0.062 
 Start: VarValueService
 End:   VarValueService; Timer: cpu0=0.000 wall=0.002 
 Start: UpdateStopperData
 End:   UpdateStopperData; Timer: cpu0=0.000 wall=0.001 
 Start: Saving text status in E:\UniFlight\flow\Land_fv\data\Land.status
 End:   Saving text status in E:\UniFlight\flow\Land_fv\data\Land.status; Timer: cpu0=0.000 wall=0.002 
 End:   ===== Time Step =====, Iter number =  136; Timer: cpu0=18.234 wall=2.297 

21.06.26 03:49:41  ===== Processing Layers =====
21.06.26 03:49:41    *SEND* for CScalarLayer, GUID=0E21CAB5-1866-4124-A2B3-DEC499FA58E6
 Start: ComputeVolumeCharacteristics
 End:   ComputeVolumeCharacteristics; Timer: cpu0=0.000 wall=0.004 
 Start: GetValueOnFacets
 End:   GetValueOnFacets; Timer: cpu0=0.172 wall=0.012 
21.06.26 03:49:41    *SEND* for CScalarLayer, GUID=A3659819-C06E-40A1-8932-64A566FBB4DA
 Start: ComputeVolumeCharacteristics
 End:   ComputeVolumeCharacteristics; Timer: cpu0=0.000 wall=0.004 
 Start: GetValueOnFacets
 End:   GetValueOnFacets; Timer: cpu0=0.188 wall=0.049 
21.06.26 03:49:41    *SEND* for CIntegralCharsLayer, GUID=4E090A0C-544B-E4A2-4242-BEC451D7CD2B
21.06.26 03:49:41    *SEND* for CIntegralCharsLayer, GUID=927DEDC8-AF71-7A31-D608-FB7EA635069E
21.06.26 03:49:41    *SEND* for CIntegralCharsLayer, GUID=7EF96C33-7880-7A39-F672-8DCB17098C5C
 End:   ===== Processing Layers =====; Timer: cpu0=0.375 wall=0.102 

21.06.26 03:49:41  ===== New Time Step =====, Iter number =  137
 Start: TimeServis
 End:   TimeServis; Timer: cpu0=0.344 wall=0.045 
 Start: User modules' functions BeforeTimeStep() are calling
 End:   User modules' functions BeforeTimeStep() are calling; Timer: cpu0=0.000 wall=0.001 
 Start: Adaptation, TotalRealCellsCount= 96196 
 End:   Adaptation; Timer: cpu0=0.000 wall=0.006 
 Start: Initialize data arrays on chips
 End:   Initialize data arrays on chips, res= 0; Timer: cpu0=0.000 wall=0.003 
  ***** Maximum Geometrical Gauss = 2.31353e-14, cell= 690:6:6:6:0
  ***** Maximum MovingSurf  Gauss = 0, cell= 
 Start: Initialize data arrays on chips
 End:   Initialize data arrays on chips, res= 0; Timer: cpu0=0.000 wall=0.003 
 Start: TimeServis
 End:   TimeServis; Timer: cpu0=0.266 wall=0.043 
 Start: FindEnclaves
 End:   FindEnclaves; Timer: cpu0=0.094 wall=0.092 
 Start: VarValueService
 End:   VarValueService; Timer: cpu0=0.000 wall=0.001 
 Start: SolvePhaseEquation 
 End:   SolvePhaseEquation ; Timer: cpu0=16.781 wall=2.005 
 Start: SolidFiltersProcess: calculate forces and moments
 End:   SolidFiltersProcess: calculate forces and moments; Timer: cpu0=0.000 wall=0.002 
 Start: PrepareDataForNextStep
 End:   PrepareDataForNextStep; Timer: cpu0=0.359 wall=0.050 
 Start: VarValueService
 End:   VarValueService; Timer: cpu0=0.000 wall=0.002 
 Start: UpdateStopperData
 End:   UpdateStopperData; Timer: cpu0=0.000 wall=0.001 
 Start: Saving text status in E:\UniFlight\flow\Land_fv\data\Land.status
 End:   Saving text status in E:\UniFlight\flow\Land_fv\data\Land.status; Timer: cpu0=0.000 wall=0.002 
 End:   ===== Time Step =====, Iter number =  137; Timer: cpu0=18.188 wall=2.322 

21.06.26 03:49:44  ===== Processing Layers =====
21.06.26 03:49:44    *SEND* for CScalarLayer, GUID=0E21CAB5-1866-4124-A2B3-DEC499FA58E6
 Start: ComputeVolumeCharacteristics
 End:   ComputeVolumeCharacteristics; Timer: cpu0=0.000 wall=0.005 
 Start: GetValueOnFacets
 End:   GetValueOnFacets; Timer: cpu0=0.000 wall=0.014 
21.06.26 03:49:44    *SEND* for CScalarLayer, GUID=A3659819-C06E-40A1-8932-64A566FBB4DA
 Start: ComputeVolumeCharacteristics
 End:   ComputeVolumeCharacteristics; Timer: cpu0=0.000 wall=0.004 
 Start: GetValueOnFacets
 End:   GetValueOnFacets; Timer: cpu0=0.031 wall=0.050 
21.06.26 03:49:44    *SEND* for CIntegralCharsLayer, GUID=4E090A0C-544B-E4A2-4242-BEC451D7CD2B
21.06.26 03:49:44    *SEND* for CIntegralCharsLayer, GUID=927DEDC8-AF71-7A31-D608-FB7EA635069E
21.06.26 03:49:44    *SEND* for CIntegralCharsLayer, GUID=7EF96C33-7880-7A39-F672-8DCB17098C5C
 End:   ===== Processing Layers =====; Timer: cpu0=0.031 wall=0.103 

21.06.26 03:49:44  ===== New Time Step =====, Iter number =  138
 Start: TimeServis
 End:   TimeServis; Timer: cpu0=0.344 wall=0.041 
 Start: User modules' functions BeforeTimeStep() are calling
 End:   User modules' functions BeforeTimeStep() are calling; Timer: cpu0=0.000 wall=0.002 
 Start: Adaptation, TotalRealCellsCount= 96196 
 End:   Adaptation; Timer: cpu0=0.000 wall=0.004 
 Start: Initialize data arrays on chips
 End:   Initialize data arrays on chips, res= 0; Timer: cpu0=0.000 wall=0.002 
  ***** Maximum Geometrical Gauss = 2.31353e-14, cell= 690:6:6:6:0
  ***** Maximum MovingSurf  Gauss = 0, cell= 
 Start: Initialize data arrays on chips
 End:   Initialize data arrays on chips, res= 0; Timer: cpu0=0.000 wall=0.002 
 Start: TimeServis
 End:   TimeServis; Timer: cpu0=0.469 wall=0.039 
 Start: FindEnclaves
 End:   FindEnclaves; Timer: cpu0=0.094 wall=0.087 
 Start: VarValueService
 End:   VarValueService; Timer: cpu0=0.000 wall=0.001 
 Start: SolvePhaseEquation 
 End:   SolvePhaseEquation ; Timer: cpu0=15.266 wall=1.965 
 Start: SolidFiltersProcess: calculate forces and moments
 End:   SolidFiltersProcess: calculate forces and moments; Timer: cpu0=0.000 wall=0.002 
 Start: PrepareDataForNextStep
 End:   PrepareDataForNextStep; Timer: cpu0=0.609 wall=0.054 
 Start: VarValueService
 End:   VarValueService; Timer: cpu0=0.000 wall=0.002 
 Start: UpdateStopperData
 End:   UpdateStopperData; Timer: cpu0=0.000 wall=0.001 
 Start: Saving text status in E:\UniFlight\flow\Land_fv\data\Land.status
 End:   Saving text status in E:\UniFlight\flow\Land_fv\data\Land.status; Timer: cpu0=0.000 wall=0.002 
 End:   ===== Time Step =====, Iter number =  138; Timer: cpu0=17.141 wall=2.271 

21.06.26 03:49:46  ===== Processing Layers =====
21.06.26 03:49:46    *SEND* for CScalarLayer, GUID=0E21CAB5-1866-4124-A2B3-DEC499FA58E6
 Start: ComputeVolumeCharacteristics
 End:   ComputeVolumeCharacteristics; Timer: cpu0=0.172 wall=0.004 
 Start: GetValueOnFacets
 End:   GetValueOnFacets; Timer: cpu0=0.016 wall=0.012 
21.06.26 03:49:46    *SEND* for CScalarLayer, GUID=A3659819-C06E-40A1-8932-64A566FBB4DA
 Start: ComputeVolumeCharacteristics
 End:   ComputeVolumeCharacteristics; Timer: cpu0=0.000 wall=0.004 
 Start: GetValueOnFacets
 End:   GetValueOnFacets; Timer: cpu0=0.219 wall=0.056 
21.06.26 03:49:46    *SEND* for CIntegralCharsLayer, GUID=4E090A0C-544B-E4A2-4242-BEC451D7CD2B
21.06.26 03:49:46    *SEND* for CIntegralCharsLayer, GUID=927DEDC8-AF71-7A31-D608-FB7EA635069E
21.06.26 03:49:46    *SEND* for CIntegralCharsLayer, GUID=7EF96C33-7880-7A39-F672-8DCB17098C5C
 End:   ===== Processing Layers =====; Timer: cpu0=0.406 wall=0.105 

21.06.26 03:49:46  ===== New Time Step =====, Iter number =  139
 Start: TimeServis
 End:   TimeServis; Timer: cpu0=0.375 wall=0.040 
 Start: User modules' functions BeforeTimeStep() are calling
 End:   User modules' functions BeforeTimeStep() are calling; Timer: cpu0=0.000 wall=0.001 
 Start: Adaptation, TotalRealCellsCount= 96196 
 End:   Adaptation; Timer: cpu0=0.000 wall=0.004 
 Start: Initialize data arrays on chips
 End:   Initialize data arrays on chips, res= 0; Timer: cpu0=0.000 wall=0.002 
  ***** Maximum Geometrical Gauss = 2.31353e-14, cell= 690:6:6:6:0
  ***** Maximum MovingSurf  Gauss = 0, cell= 
 Start: Initialize data arrays on chips
 End:   Initialize data arrays on chips, res= 0; Timer: cpu0=0.000 wall=0.002 
 Start: TimeServis
 End:   TimeServis; Timer: cpu0=0.297 wall=0.045 
 Start: FindEnclaves
 End:   FindEnclaves; Timer: cpu0=0.094 wall=0.089 
 Start: VarValueService
 End:   VarValueService; Timer: cpu0=0.000 wall=0.001 
 Start: SolvePhaseEquation 
 End:   SolvePhaseEquation ; Timer: cpu0=16.625 wall=1.951 
 Start: SolidFiltersProcess: calculate forces and moments
 End:   SolidFiltersProcess: calculate forces and moments; Timer: cpu0=0.000 wall=0.003 
 Start: PrepareDataForNextStep
 End:   PrepareDataForNextStep; Timer: cpu0=0.547 wall=0.055 
 Start: VarValueService
 End:   VarValueService; Timer: cpu0=0.000 wall=0.002 
 Start: UpdateStopperData
 End:   UpdateStopperData; Timer: cpu0=0.000 wall=0.001 
 Start: Saving text status in E:\UniFlight\flow\Land_fv\data\Land.status
 End:   Saving text status in E:\UniFlight\flow\Land_fv\data\Land.status; Timer: cpu0=0.000 wall=0.003 
 End:   ===== Time Step =====, Iter number =  139; Timer: cpu0=18.141 wall=2.262 

21.06.26 03:49:49  ===== Processing Layers =====
21.06.26 03:49:49    *SEND* for CScalarLayer, GUID=0E21CAB5-1866-4124-A2B3-DEC499FA58E6
 Start: ComputeVolumeCharacteristics
 End:   ComputeVolumeCharacteristics; Timer: cpu0=0.000 wall=0.004 
 Start: GetValueOnFacets
 End:   GetValueOnFacets; Timer: cpu0=0.016 wall=0.012 
21.06.26 03:49:49    *SEND* for CScalarLayer, GUID=A3659819-C06E-40A1-8932-64A566FBB4DA
 Start: ComputeVolumeCharacteristics
 End:   ComputeVolumeCharacteristics; Timer: cpu0=0.000 wall=0.004 
 Start: GetValueOnFacets
 End:   GetValueOnFacets; Timer: cpu0=0.062 wall=0.054 
21.06.26 03:49:49    *SEND* for CIntegralCharsLayer, GUID=4E090A0C-544B-E4A2-4242-BEC451D7CD2B
21.06.26 03:49:49    *SEND* for CIntegralCharsLayer, GUID=927DEDC8-AF71-7A31-D608-FB7EA635069E
21.06.26 03:49:49    *SEND* for CIntegralCharsLayer, GUID=7EF96C33-7880-7A39-F672-8DCB17098C5C
 End:   ===== Processing Layers =====; Timer: cpu0=0.250 wall=0.105 

21.06.26 03:49:49  ===== New Time Step =====, Iter number =  140
 Start: TimeServis
 End:   TimeServis; Timer: cpu0=0.516 wall=0.041 
 Start: User modules' functions BeforeTimeStep() are calling
 End:   User modules' functions BeforeTimeStep() are calling; Timer: cpu0=0.000 wall=0.001 
 Start: Adaptation, TotalRealCellsCount= 96196 
 End:   Adaptation; Timer: cpu0=5.797 wall=0.780 
 Start: DistributeGridOnProcessors
 End:   DistributeGridOnProcessors, res= 0; Timer: cpu0=0.828 wall=0.199 
 Start: SetNeiHyperCells
 End:   SetNeiHyperCells, res= 0; Timer: cpu0=0.094 wall=0.007 
 Start: BuildFacetDistribution
 End:   BuildFacetDistribution; Timer: cpu0=0.000 wall=0.002 
 Start: Initialize data arrays on chips
 End:   Initialize data arrays on chips, res= 0; Timer: cpu0=0.000 wall=0.001 
  ***** Maximum Geometrical Gauss = 2.31353e-14, cell= 690:6:6:6:0
  ***** Maximum MovingSurf  Gauss = 2.09465e-13, cell= 990:6:6:0
 Start: Remove Small Cells
 End:   Remove Small Cells; Timer: cpu0=0.172 wall=0.018 
 Start: Initialize data arrays on chips
 End:   Initialize data arrays on chips, res= 0; Timer: cpu0=0.000 wall=0.002 
  ***** Maximum Geometrical Gauss = 2.31353e-14, cell= 690:6:6:6:0
  ***** Maximum MovingSurf  Gauss = 2.09465e-13, cell= 990:6:6:0
 Start: Initialize data arrays on chips
 End:   Initialize data arrays on chips, res= 0; Timer: cpu0=0.000 wall=0.002 
 Start: Modify Chip Data
 End:   Modify Chip Data; Timer: cpu0=0.438 wall=0.040 
 Start: TimeServis
 End:   TimeServis; Timer: cpu0=0.359 wall=0.059 
 Start: FindEnclaves
 End:   FindEnclaves; Timer: cpu0=0.078 wall=0.095 
 Start: VarValueService
 End:   VarValueService; Timer: cpu0=0.000 wall=0.001 
 Start: SolvePhaseEquation 
 End:   SolvePhaseEquation ; Timer: cpu0=16.797 wall=2.071 
 Start: SolidFiltersProcess: calculate forces and moments
 End:   SolidFiltersProcess: calculate forces and moments; Timer: cpu0=0.000 wall=0.002 
 Start: PrepareDataForNextStep
 End:   PrepareDataForNextStep; Timer: cpu0=0.406 wall=0.064 
 Start: VarValueService
 End:   VarValueService; Timer: cpu0=0.000 wall=0.002 
 Start: UpdateStopperData
 End:   UpdateStopperData; Timer: cpu0=0.000 wall=0.001 
 Start: Saving text status in E:\UniFlight\flow\Land_fv\data\Land.status
 End:   Saving text status in E:\UniFlight\flow\Land_fv\data\Land.status; Timer: cpu0=0.000 wall=0.002 
 End:   ===== Time Step =====, Iter number =  140; Timer: cpu0=25.828 wall=3.479 

21.06.26 03:49:53  ===== Processing Layers =====
21.06.26 03:49:53    *SEND* for CScalarLayer, GUID=0E21CAB5-1866-4124-A2B3-DEC499FA58E6
 Start: ComputeVolumeCharacteristics
 End:   ComputeVolumeCharacteristics; Timer: cpu0=0.000 wall=0.004 
 Start: GetValueOnFacets
 End:   GetValueOnFacets; Timer: cpu0=0.016 wall=0.013 
21.06.26 03:49:53    *SEND* for CScalarLayer, GUID=A3659819-C06E-40A1-8932-64A566FBB4DA
 Start: ComputeVolumeCharacteristics
 End:   ComputeVolumeCharacteristics; Timer: cpu0=0.000 wall=0.003 
 Start: GetValueOnFacets
 End:   GetValueOnFacets; Timer: cpu0=0.203 wall=0.052 
21.06.26 03:49:53    *SEND* for CIntegralCharsLayer, GUID=4E090A0C-544B-E4A2-4242-BEC451D7CD2B
21.06.26 03:49:53    *SEND* for CIntegralCharsLayer, GUID=927DEDC8-AF71-7A31-D608-FB7EA635069E
21.06.26 03:49:53    *SEND* for CIntegralCharsLayer, GUID=7EF96C33-7880-7A39-F672-8DCB17098C5C
 End:   ===== Processing Layers =====; Timer: cpu0=0.406 wall=0.103 

21.06.26 03:49:53  ===== New Time Step =====, Iter number =  141
 Start: TimeServis
 End:   TimeServis; Timer: cpu0=0.516 wall=0.044 
 Start: User modules' functions BeforeTimeStep() are calling
 End:   User modules' functions BeforeTimeStep() are calling; Timer: cpu0=0.000 wall=0.001 
 Start: Adaptation, TotalRealCellsCount= 98569 
 End:   Adaptation; Timer: cpu0=5.750 wall=0.697 
 Start: DistributeGridOnProcessors
 End:   DistributeGridOnProcessors, res= 0; Timer: cpu0=0.922 wall=0.208 
 Start: SetNeiHyperCells
 End:   SetNeiHyperCells, res= 0; Timer: cpu0=0.000 wall=0.008 
 Start: BuildFacetDistribution
 End:   BuildFacetDistribution; Timer: cpu0=0.000 wall=0.002 
 Start: Initialize data arrays on chips
 End:   Initialize data arrays on chips, res= 0; Timer: cpu0=0.000 wall=0.002 
  ***** Maximum Geometrical Gauss = 2.31353e-14, cell= 690:6:6:6:0
  ***** Maximum MovingSurf  Gauss = 8.05951e-14, cell= 895:2:2:0
 Start: Remove Small Cells
 End:   Remove Small Cells; Timer: cpu0=0.312 wall=0.018 
 Start: Initialize data arrays on chips
 End:   Initialize data arrays on chips, res= 0; Timer: cpu0=0.000 wall=0.002 
  ***** Maximum Geometrical Gauss = 2.31353e-14, cell= 690:6:6:6:0
  ***** Maximum MovingSurf  Gauss = 8.05951e-14, cell= 895:2:2:0
 Start: Initialize data arrays on chips
 End:   Initialize data arrays on chips, res= 0; Timer: cpu0=0.000 wall=0.002 
 Start: Modify Chip Data
 End:   Modify Chip Data; Timer: cpu0=0.344 wall=0.036 
 Start: TimeServis
 End:   TimeServis; Timer: cpu0=0.516 wall=0.046 
 Start: FindEnclaves
 End:   FindEnclaves; Timer: cpu0=0.062 wall=0.089 
 Start: VarValueService
 End:   VarValueService; Timer: cpu0=0.000 wall=0.001 
 Start: SolvePhaseEquation 
 End:   SolvePhaseEquation ; Timer: cpu0=15.859 wall=1.955 
 Start: SolidFiltersProcess: calculate forces and moments
 End:   SolidFiltersProcess: calculate forces and moments; Timer: cpu0=0.000 wall=0.002 
 Start: PrepareDataForNextStep
 End:   PrepareDataForNextStep; Timer: cpu0=0.484 wall=0.049 
 Start: VarValueService
 End:   VarValueService; Timer: cpu0=0.000 wall=0.002 
 Start: UpdateStopperData
 End:   UpdateStopperData; Timer: cpu0=0.000 wall=0.001 
 Start: Saving text status in E:\UniFlight\flow\Land_fv\data\Land.status
 End:   Saving text status in E:\UniFlight\flow\Land_fv\data\Land.status; Timer: cpu0=0.000 wall=0.002 
 End:   ===== Time Step =====, Iter number =  141; Timer: cpu0=25.156 wall=3.250 

21.06.26 03:49:56  ===== Processing Layers =====
21.06.26 03:49:56    *SEND* for CScalarLayer, GUID=0E21CAB5-1866-4124-A2B3-DEC499FA58E6
 Start: ComputeVolumeCharacteristics
 End:   ComputeVolumeCharacteristics; Timer: cpu0=0.172 wall=0.005 
 Start: GetValueOnFacets
 End:   GetValueOnFacets; Timer: cpu0=0.016 wall=0.013 
21.06.26 03:49:56    *SEND* for CScalarLayer, GUID=A3659819-C06E-40A1-8932-64A566FBB4DA
 Start: ComputeVolumeCharacteristics
 End:   ComputeVolumeCharacteristics; Timer: cpu0=0.078 wall=0.004 
 Start: GetValueOnFacets
 End:   GetValueOnFacets; Timer: cpu0=0.203 wall=0.050 
21.06.26 03:49:56    *SEND* for CIntegralCharsLayer, GUID=4E090A0C-544B-E4A2-4242-BEC451D7CD2B
21.06.26 03:49:56    *SEND* for CIntegralCharsLayer, GUID=927DEDC8-AF71-7A31-D608-FB7EA635069E
21.06.26 03:49:56    *SEND* for CIntegralCharsLayer, GUID=7EF96C33-7880-7A39-F672-8DCB17098C5C
 End:   ===== Processing Layers =====; Timer: cpu0=0.484 wall=0.104 

21.06.26 03:49:56  ===== New Time Step =====, Iter number =  142
 Start: TimeServis
 End:   TimeServis; Timer: cpu0=0.375 wall=0.039 
 Start: User modules' functions BeforeTimeStep() are calling
 End:   User modules' functions BeforeTimeStep() are calling; Timer: cpu0=0.000 wall=0.002 
 Start: Adaptation, TotalRealCellsCount= 95622 
 End:   Adaptation; Timer: cpu0=0.000 wall=0.004 
 Start: Initialize data arrays on chips
 End:   Initialize data arrays on chips, res= 0; Timer: cpu0=0.172 wall=0.002 
  ***** Maximum Geometrical Gauss = 2.31353e-14, cell= 690:6:6:6:0
  ***** Maximum MovingSurf  Gauss = 0, cell= 
 Start: Initialize data arrays on chips
 End:   Initialize data arrays on chips, res= 0; Timer: cpu0=0.000 wall=0.002 
 Start: TimeServis
 End:   TimeServis; Timer: cpu0=0.344 wall=0.047 
 Start: FindEnclaves
 End:   FindEnclaves; Timer: cpu0=0.078 wall=0.084 
 Start: VarValueService
 End:   VarValueService; Timer: cpu0=0.000 wall=0.001 
 Start: SolvePhaseEquation 
 End:   SolvePhaseEquation ; Timer: cpu0=16.781 wall=1.984 
 Start: SolidFiltersProcess: calculate forces and moments
 End:   SolidFiltersProcess: calculate forces and moments; Timer: cpu0=0.000 wall=0.003 
 Start: PrepareDataForNextStep
 End:   PrepareDataForNextStep; Timer: cpu0=0.406 wall=0.054 
 Start: VarValueService
 End:   VarValueService; Timer: cpu0=0.000 wall=0.002 
 Start: UpdateStopperData
 End:   UpdateStopperData; Timer: cpu0=0.000 wall=0.001 
 Start: Saving text status in E:\UniFlight\flow\Land_fv\data\Land.status
 End:   Saving text status in E:\UniFlight\flow\Land_fv\data\Land.status; Timer: cpu0=0.000 wall=0.002 
 End:   ===== Time Step =====, Iter number =  142; Timer: cpu0=18.328 wall=2.286 

21.06.26 03:49:59  ===== Processing Layers =====
21.06.26 03:49:59    *SEND* for CScalarLayer, GUID=0E21CAB5-1866-4124-A2B3-DEC499FA58E6
 Start: ComputeVolumeCharacteristics
 End:   ComputeVolumeCharacteristics; Timer: cpu0=0.000 wall=0.004 
 Start: GetValueOnFacets
 End:   GetValueOnFacets; Timer: cpu0=0.172 wall=0.013 
21.06.26 03:49:59    *SEND* for CScalarLayer, GUID=A3659819-C06E-40A1-8932-64A566FBB4DA
 Start: ComputeVolumeCharacteristics
 End:   ComputeVolumeCharacteristics; Timer: cpu0=0.172 wall=0.004 
 Start: GetValueOnFacets
 End:   GetValueOnFacets; Timer: cpu0=0.047 wall=0.049 
21.06.26 03:49:59    *SEND* for CIntegralCharsLayer, GUID=4E090A0C-544B-E4A2-4242-BEC451D7CD2B
21.06.26 03:49:59    *SEND* for CIntegralCharsLayer, GUID=927DEDC8-AF71-7A31-D608-FB7EA635069E
21.06.26 03:49:59    *SEND* for CIntegralCharsLayer, GUID=7EF96C33-7880-7A39-F672-8DCB17098C5C
 End:   ===== Processing Layers =====; Timer: cpu0=0.453 wall=0.100 

21.06.26 03:49:59  ===== New Time Step =====, Iter number =  143
 Start: TimeServis
 End:   TimeServis; Timer: cpu0=0.500 wall=0.041 
 Start: User modules' functions BeforeTimeStep() are calling
 End:   User modules' functions BeforeTimeStep() are calling; Timer: cpu0=0.000 wall=0.001 
 Start: Adaptation, TotalRealCellsCount= 95622 
 End:   Adaptation; Timer: cpu0=0.016 wall=0.004 
 Start: Initialize data arrays on chips
 End:   Initialize data arrays on chips, res= 0; Timer: cpu0=0.000 wall=0.002 
  ***** Maximum Geometrical Gauss = 2.31353e-14, cell= 690:6:6:6:0
  ***** Maximum MovingSurf  Gauss = 0, cell= 
 Start: Initialize data arrays on chips
 End:   Initialize data arrays on chips, res= 0; Timer: cpu0=0.000 wall=0.002 
 Start: TimeServis
 End:   TimeServis; Timer: cpu0=0.484 wall=0.043 
 Start: FindEnclaves
 End:   FindEnclaves; Timer: cpu0=0.094 wall=0.103 
 Start: VarValueService
 End:   VarValueService; Timer: cpu0=0.000 wall=0.001 
 Start: SolvePhaseEquation 
 End:   SolvePhaseEquation ; Timer: cpu0=16.172 wall=2.002 
 Start: SolidFiltersProcess: calculate forces and moments
 End:   SolidFiltersProcess: calculate forces and moments; Timer: cpu0=0.000 wall=0.002 
 Start: PrepareDataForNextStep
 End:   PrepareDataForNextStep; Timer: cpu0=0.453 wall=0.060 
 Start: VarValueService
 End:   VarValueService; Timer: cpu0=0.000 wall=0.002 
 Start: UpdateStopperData
 End:   UpdateStopperData; Timer: cpu0=0.000 wall=0.001 
 Start: Saving text status in E:\UniFlight\flow\Land_fv\data\Land.status
 End:   Saving text status in E:\UniFlight\flow\Land_fv\data\Land.status; Timer: cpu0=0.000 wall=0.003 
 End:   ===== Time Step =====, Iter number =  143; Timer: cpu0=17.891 wall=2.333 

21.06.26 03:50:02  ===== Processing Layers =====
21.06.26 03:50:02    *SEND* for CScalarLayer, GUID=0E21CAB5-1866-4124-A2B3-DEC499FA58E6
 Start: ComputeVolumeCharacteristics
 End:   ComputeVolumeCharacteristics; Timer: cpu0=0.000 wall=0.003 
 Start: GetValueOnFacets
 End:   GetValueOnFacets; Timer: cpu0=0.016 wall=0.013 
21.06.26 03:50:02    *SEND* for CScalarLayer, GUID=A3659819-C06E-40A1-8932-64A566FBB4DA
 Start: ComputeVolumeCharacteristics
 End:   ComputeVolumeCharacteristics; Timer: cpu0=0.000 wall=0.004 
 Start: GetValueOnFacets
 End:   GetValueOnFacets; Timer: cpu0=0.203 wall=0.056 
21.06.26 03:50:02    *SEND* for CIntegralCharsLayer, GUID=4E090A0C-544B-E4A2-4242-BEC451D7CD2B
21.06.26 03:50:02    *SEND* for CIntegralCharsLayer, GUID=927DEDC8-AF71-7A31-D608-FB7EA635069E
21.06.26 03:50:02    *SEND* for CIntegralCharsLayer, GUID=7EF96C33-7880-7A39-F672-8DCB17098C5C
 End:   ===== Processing Layers =====; Timer: cpu0=0.438 wall=0.108 

21.06.26 03:50:02  ===== New Time Step =====, Iter number =  144
 Start: TimeServis
 End:   TimeServis; Timer: cpu0=0.516 wall=0.039 
 Start: User modules' functions BeforeTimeStep() are calling
 End:   User modules' functions BeforeTimeStep() are calling; Timer: cpu0=0.000 wall=0.002 
 Start: Adaptation, TotalRealCellsCount= 95622 
 End:   Adaptation; Timer: cpu0=0.047 wall=0.004 
 Start: Initialize data arrays on chips
 End:   Initialize data arrays on chips, res= 0; Timer: cpu0=0.000 wall=0.003 
  ***** Maximum Geometrical Gauss = 2.31353e-14, cell= 690:6:6:6:0
  ***** Maximum MovingSurf  Gauss = 0, cell= 
 Start: Initialize data arrays on chips
 End:   Initialize data arrays on chips, res= 0; Timer: cpu0=0.000 wall=0.002 
 Start: TimeServis
 End:   TimeServis; Timer: cpu0=0.500 wall=0.046 
 Start: FindEnclaves
 End:   FindEnclaves; Timer: cpu0=0.250 wall=0.080 
 Start: VarValueService
 End:   VarValueService; Timer: cpu0=0.000 wall=0.001 
 Start: SolvePhaseEquation 
 End:   SolvePhaseEquation ; Timer: cpu0=16.391 wall=1.944 
 Start: SolidFiltersProcess: calculate forces and moments
 End:   SolidFiltersProcess: calculate forces and moments; Timer: cpu0=0.000 wall=0.002 
 Start: PrepareDataForNextStep
 End:   PrepareDataForNextStep; Timer: cpu0=0.516 wall=0.053 
 Start: VarValueService
 End:   VarValueService; Timer: cpu0=0.000 wall=0.002 
 Start: UpdateStopperData
 End:   UpdateStopperData; Timer: cpu0=0.000 wall=0.001 
 Start: Saving text status in E:\UniFlight\flow\Land_fv\data\Land.status
 End:   Saving text status in E:\UniFlight\flow\Land_fv\data\Land.status; Timer: cpu0=0.000 wall=0.002 
 End:   ===== Time Step =====, Iter number =  144; Timer: cpu0=18.391 wall=2.245 

21.06.26 03:50:04  ===== Processing Layers =====
21.06.26 03:50:04    *SEND* for CScalarLayer, GUID=0E21CAB5-1866-4124-A2B3-DEC499FA58E6
 Start: ComputeVolumeCharacteristics
 End:   ComputeVolumeCharacteristics; Timer: cpu0=0.000 wall=0.004 
 Start: GetValueOnFacets
 End:   GetValueOnFacets; Timer: cpu0=0.000 wall=0.012 
21.06.26 03:50:04    *SEND* for CScalarLayer, GUID=A3659819-C06E-40A1-8932-64A566FBB4DA
 Start: ComputeVolumeCharacteristics
 End:   ComputeVolumeCharacteristics; Timer: cpu0=0.000 wall=0.004 
 Start: GetValueOnFacets
 End:   GetValueOnFacets; Timer: cpu0=0.203 wall=0.049 
21.06.26 03:50:04    *SEND* for CIntegralCharsLayer, GUID=4E090A0C-544B-E4A2-4242-BEC451D7CD2B
21.06.26 03:50:04    *SEND* for CIntegralCharsLayer, GUID=927DEDC8-AF71-7A31-D608-FB7EA635069E
21.06.26 03:50:04    *SEND* for CIntegralCharsLayer, GUID=7EF96C33-7880-7A39-F672-8DCB17098C5C
 End:   ===== Processing Layers =====; Timer: cpu0=0.391 wall=0.101 

21.06.26 03:50:04  ===== New Time Step =====, Iter number =  145
 Start: TimeServis
 End:   TimeServis; Timer: cpu0=0.344 wall=0.043 
 Start: User modules' functions BeforeTimeStep() are calling
 End:   User modules' functions BeforeTimeStep() are calling; Timer: cpu0=0.000 wall=0.003 
 Start: Adaptation, TotalRealCellsCount= 95622 
 End:   Adaptation; Timer: cpu0=0.000 wall=0.004 
 Start: Initialize data arrays on chips
 End:   Initialize data arrays on chips, res= 0; Timer: cpu0=0.000 wall=0.002 
  ***** Maximum Geometrical Gauss = 2.31353e-14, cell= 690:6:6:6:0
  ***** Maximum MovingSurf  Gauss = 0, cell= 
 Start: Initialize data arrays on chips
 End:   Initialize data arrays on chips, res= 0; Timer: cpu0=0.000 wall=0.002 
 Start: TimeServis
 End:   TimeServis; Timer: cpu0=0.516 wall=0.046 
 Start: FindEnclaves
 End:   FindEnclaves; Timer: cpu0=0.078 wall=0.086 
 Start: VarValueService
 End:   VarValueService; Timer: cpu0=0.000 wall=0.001 
 Start: SolvePhaseEquation 
 End:   SolvePhaseEquation ; Timer: cpu0=14.578 wall=1.968 
 Start: SolidFiltersProcess: calculate forces and moments
 End:   SolidFiltersProcess: calculate forces and moments; Timer: cpu0=0.000 wall=0.002 
 Start: PrepareDataForNextStep
 End:   PrepareDataForNextStep; Timer: cpu0=0.516 wall=0.055 
 Start: VarValueService
 End:   VarValueService; Timer: cpu0=0.000 wall=0.003 
 Start: UpdateStopperData
 End:   UpdateStopperData; Timer: cpu0=0.000 wall=0.003 
 Start: Saving text status in E:\UniFlight\flow\Land_fv\data\Land.status
 End:   Saving text status in E:\UniFlight\flow\Land_fv\data\Land.status; Timer: cpu0=0.000 wall=0.002 
 End:   ===== Time Step =====, Iter number =  145; Timer: cpu0=16.547 wall=2.278 

21.06.26 03:50:07  ===== Processing Layers =====
21.06.26 03:50:07    *SEND* for CScalarLayer, GUID=0E21CAB5-1866-4124-A2B3-DEC499FA58E6
 Start: ComputeVolumeCharacteristics
 End:   ComputeVolumeCharacteristics; Timer: cpu0=0.172 wall=0.004 
 Start: GetValueOnFacets
 End:   GetValueOnFacets; Timer: cpu0=0.172 wall=0.013 
21.06.26 03:50:07    *SEND* for CScalarLayer, GUID=A3659819-C06E-40A1-8932-64A566FBB4DA
 Start: ComputeVolumeCharacteristics
 End:   ComputeVolumeCharacteristics; Timer: cpu0=0.172 wall=0.004 
 Start: GetValueOnFacets
 End:   GetValueOnFacets; Timer: cpu0=0.031 wall=0.045 
21.06.26 03:50:07    *SEND* for CIntegralCharsLayer, GUID=4E090A0C-544B-E4A2-4242-BEC451D7CD2B
21.06.26 03:50:07    *SEND* for CIntegralCharsLayer, GUID=927DEDC8-AF71-7A31-D608-FB7EA635069E
21.06.26 03:50:07    *SEND* for CIntegralCharsLayer, GUID=7EF96C33-7880-7A39-F672-8DCB17098C5C
 End:   ===== Processing Layers =====; Timer: cpu0=0.547 wall=0.099 

21.06.26 03:50:07  ===== New Time Step =====, Iter number =  146
 Start: TimeServis
 End:   TimeServis; Timer: cpu0=0.516 wall=0.043 
 Start: User modules' functions BeforeTimeStep() are calling
 End:   User modules' functions BeforeTimeStep() are calling; Timer: cpu0=0.000 wall=0.002 
 Start: Adaptation, TotalRealCellsCount= 95622 
 End:   Adaptation; Timer: cpu0=0.031 wall=0.004 
 Start: Initialize data arrays on chips
 End:   Initialize data arrays on chips, res= 0; Timer: cpu0=0.000 wall=0.002 
  ***** Maximum Geometrical Gauss = 2.31353e-14, cell= 690:6:6:6:0
  ***** Maximum MovingSurf  Gauss = 0, cell= 
 Start: Initialize data arrays on chips
 End:   Initialize data arrays on chips, res= 0; Timer: cpu0=0.000 wall=0.002 
 Start: TimeServis
 End:   TimeServis; Timer: cpu0=0.469 wall=0.042 
 Start: FindEnclaves
 End:   FindEnclaves; Timer: cpu0=0.094 wall=0.087 
 Start: VarValueService
 End:   VarValueService; Timer: cpu0=0.000 wall=0.001 
 Start: SolvePhaseEquation 
 End:   SolvePhaseEquation ; Timer: cpu0=16.438 wall=1.939 
 Start: SolidFiltersProcess: calculate forces and moments
 End:   SolidFiltersProcess: calculate forces and moments; Timer: cpu0=0.000 wall=0.002 
 Start: PrepareDataForNextStep
 End:   PrepareDataForNextStep; Timer: cpu0=0.266 wall=0.053 
 Start: VarValueService
 End:   VarValueService; Timer: cpu0=0.000 wall=0.001 
 Start: UpdateStopperData
 End:   UpdateStopperData; Timer: cpu0=0.000 wall=0.001 
 Start: Saving text status in E:\UniFlight\flow\Land_fv\data\Land.status
 End:   Saving text status in E:\UniFlight\flow\Land_fv\data\Land.status; Timer: cpu0=0.000 wall=0.002 
 End:   ===== Time Step =====, Iter number =  146; Timer: cpu0=17.984 wall=2.247 

21.06.26 03:50:10  ===== Processing Layers =====
21.06.26 03:50:10    *SEND* for CScalarLayer, GUID=0E21CAB5-1866-4124-A2B3-DEC499FA58E6
 Start: ComputeVolumeCharacteristics
 End:   ComputeVolumeCharacteristics; Timer: cpu0=0.000 wall=0.004 
 Start: GetValueOnFacets
 End:   GetValueOnFacets; Timer: cpu0=0.109 wall=0.011 
21.06.26 03:50:10    *SEND* for CScalarLayer, GUID=A3659819-C06E-40A1-8932-64A566FBB4DA
 Start: ComputeVolumeCharacteristics
 End:   ComputeVolumeCharacteristics; Timer: cpu0=0.000 wall=0.003 
 Start: GetValueOnFacets
 End:   GetValueOnFacets; Timer: cpu0=0.047 wall=0.051 
21.06.26 03:50:10    *SEND* for CIntegralCharsLayer, GUID=4E090A0C-544B-E4A2-4242-BEC451D7CD2B
21.06.26 03:50:10    *SEND* for CIntegralCharsLayer, GUID=927DEDC8-AF71-7A31-D608-FB7EA635069E
21.06.26 03:50:10    *SEND* for CIntegralCharsLayer, GUID=7EF96C33-7880-7A39-F672-8DCB17098C5C
 End:   ===== Processing Layers =====; Timer: cpu0=0.172 wall=0.100 

21.06.26 03:50:10  ===== New Time Step =====, Iter number =  147
 Start: TimeServis
 End:   TimeServis; Timer: cpu0=0.516 wall=0.043 
 Start: User modules' functions BeforeTimeStep() are calling
 End:   User modules' functions BeforeTimeStep() are calling; Timer: cpu0=0.000 wall=0.001 
 Start: Adaptation, TotalRealCellsCount= 95622 
 End:   Adaptation; Timer: cpu0=0.172 wall=0.004 
 Start: Initialize data arrays on chips
 End:   Initialize data arrays on chips, res= 0; Timer: cpu0=0.000 wall=0.002 
  ***** Maximum Geometrical Gauss = 2.31353e-14, cell= 690:6:6:6:0
  ***** Maximum MovingSurf  Gauss = 0, cell= 
 Start: Initialize data arrays on chips
 End:   Initialize data arrays on chips, res= 0; Timer: cpu0=0.000 wall=0.003 
 Start: TimeServis
 End:   TimeServis; Timer: cpu0=0.500 wall=0.048 
 Start: FindEnclaves
 End:   FindEnclaves; Timer: cpu0=0.219 wall=0.088 
 Start: VarValueService
 End:   VarValueService; Timer: cpu0=0.000 wall=0.001 
 Start: SolvePhaseEquation 
 End:   SolvePhaseEquation ; Timer: cpu0=16.547 wall=1.968 
 Start: SolidFiltersProcess: calculate forces and moments
 End:   SolidFiltersProcess: calculate forces and moments; Timer: cpu0=0.000 wall=0.002 
 Start: PrepareDataForNextStep
 End:   PrepareDataForNextStep; Timer: cpu0=0.438 wall=0.056 
 Start: VarValueService
 End:   VarValueService; Timer: cpu0=0.000 wall=0.002 
 Start: UpdateStopperData
 End:   UpdateStopperData; Timer: cpu0=0.000 wall=0.002 
 Start: Saving text status in E:\UniFlight\flow\Land_fv\data\Land.status
 End:   Saving text status in E:\UniFlight\flow\Land_fv\data\Land.status; Timer: cpu0=0.000 wall=0.002 
 End:   ===== Time Step =====, Iter number =  147; Timer: cpu0=18.453 wall=2.285 

21.06.26 03:50:12  ===== Processing Layers =====
21.06.26 03:50:12    *SEND* for CScalarLayer, GUID=0E21CAB5-1866-4124-A2B3-DEC499FA58E6
 Start: ComputeVolumeCharacteristics
 End:   ComputeVolumeCharacteristics; Timer: cpu0=0.000 wall=0.004 
 Start: GetValueOnFacets
 End:   GetValueOnFacets; Timer: cpu0=0.016 wall=0.011 
21.06.26 03:50:12    *SEND* for CScalarLayer, GUID=A3659819-C06E-40A1-8932-64A566FBB4DA
 Start: ComputeVolumeCharacteristics
 End:   ComputeVolumeCharacteristics; Timer: cpu0=0.000 wall=0.003 
 Start: GetValueOnFacets
 End:   GetValueOnFacets; Timer: cpu0=0.344 wall=0.044 
21.06.26 03:50:12    *SEND* for CIntegralCharsLayer, GUID=4E090A0C-544B-E4A2-4242-BEC451D7CD2B
21.06.26 03:50:12    *SEND* for CIntegralCharsLayer, GUID=927DEDC8-AF71-7A31-D608-FB7EA635069E
21.06.26 03:50:12    *SEND* for CIntegralCharsLayer, GUID=7EF96C33-7880-7A39-F672-8DCB17098C5C
 End:   ===== Processing Layers =====; Timer: cpu0=0.531 wall=0.096 

21.06.26 03:50:12  ===== New Time Step =====, Iter number =  148
 Start: TimeServis
 End:   TimeServis; Timer: cpu0=0.344 wall=0.041 
 Start: User modules' functions BeforeTimeStep() are calling
 End:   User modules' functions BeforeTimeStep() are calling; Timer: cpu0=0.000 wall=0.001 
 Start: Adaptation, TotalRealCellsCount= 95622 
 End:   Adaptation; Timer: cpu0=0.000 wall=0.004 
 Start: Initialize data arrays on chips
 End:   Initialize data arrays on chips, res= 0; Timer: cpu0=0.000 wall=0.002 
  ***** Maximum Geometrical Gauss = 2.31353e-14, cell= 690:6:6:6:0
  ***** Maximum MovingSurf  Gauss = 0, cell= 
 Start: Initialize data arrays on chips
 End:   Initialize data arrays on chips, res= 0; Timer: cpu0=0.000 wall=0.002 
 Start: TimeServis
 End:   TimeServis; Timer: cpu0=0.484 wall=0.049 
 Start: FindEnclaves
 End:   FindEnclaves; Timer: cpu0=0.094 wall=0.092 
 Start: VarValueService
 End:   VarValueService; Timer: cpu0=0.000 wall=0.002 
 Start: SolvePhaseEquation 
 End:   SolvePhaseEquation ; Timer: cpu0=15.953 wall=1.935 
 Start: SolidFiltersProcess: calculate forces and moments
 End:   SolidFiltersProcess: calculate forces and moments; Timer: cpu0=0.000 wall=0.001 
 Start: PrepareDataForNextStep
 End:   PrepareDataForNextStep; Timer: cpu0=0.688 wall=0.061 
 Start: VarValueService
 End:   VarValueService; Timer: cpu0=0.172 wall=0.002 
 Start: UpdateStopperData
 End:   UpdateStopperData; Timer: cpu0=0.000 wall=0.001 
 Start: Saving text status in E:\UniFlight\flow\Land_fv\data\Land.status
 End:   Saving text status in E:\UniFlight\flow\Land_fv\data\Land.status; Timer: cpu0=0.000 wall=0.002 
 End:   ===== Time Step =====, Iter number =  148; Timer: cpu0=18.047 wall=2.263 

21.06.26 03:50:15  ===== Processing Layers =====
21.06.26 03:50:15    *SEND* for CScalarLayer, GUID=0E21CAB5-1866-4124-A2B3-DEC499FA58E6
 Start: ComputeVolumeCharacteristics
 End:   ComputeVolumeCharacteristics; Timer: cpu0=0.000 wall=0.004 
 Start: GetValueOnFacets
 End:   GetValueOnFacets; Timer: cpu0=0.031 wall=0.013 
21.06.26 03:50:15    *SEND* for CScalarLayer, GUID=A3659819-C06E-40A1-8932-64A566FBB4DA
 Start: ComputeVolumeCharacteristics
 End:   ComputeVolumeCharacteristics; Timer: cpu0=0.000 wall=0.004 
 Start: GetValueOnFacets
 End:   GetValueOnFacets; Timer: cpu0=0.203 wall=0.055 
21.06.26 03:50:15    *SEND* for CIntegralCharsLayer, GUID=4E090A0C-544B-E4A2-4242-BEC451D7CD2B
21.06.26 03:50:15    *SEND* for CIntegralCharsLayer, GUID=927DEDC8-AF71-7A31-D608-FB7EA635069E
21.06.26 03:50:15    *SEND* for CIntegralCharsLayer, GUID=7EF96C33-7880-7A39-F672-8DCB17098C5C
 End:   ===== Processing Layers =====; Timer: cpu0=0.375 wall=0.107 

21.06.26 03:50:15  ===== New Time Step =====, Iter number =  149
 Start: TimeServis
 End:   TimeServis; Timer: cpu0=0.500 wall=0.039 
 Start: User modules' functions BeforeTimeStep() are calling
 End:   User modules' functions BeforeTimeStep() are calling; Timer: cpu0=0.000 wall=0.002 
 Start: Adaptation, TotalRealCellsCount= 95622 
 End:   Adaptation; Timer: cpu0=0.000 wall=0.004 
 Start: Initialize data arrays on chips
 End:   Initialize data arrays on chips, res= 0; Timer: cpu0=0.000 wall=0.002 
  ***** Maximum Geometrical Gauss = 2.31353e-14, cell= 690:6:6:6:0
  ***** Maximum MovingSurf  Gauss = 0, cell= 
 Start: Initialize data arrays on chips
 End:   Initialize data arrays on chips, res= 0; Timer: cpu0=0.016 wall=0.002 
 Start: TimeServis
 End:   TimeServis; Timer: cpu0=0.312 wall=0.047 
 Start: FindEnclaves
 End:   FindEnclaves; Timer: cpu0=0.094 wall=0.092 
 Start: VarValueService
 End:   VarValueService; Timer: cpu0=0.000 wall=0.002 
 Start: SolvePhaseEquation 
 End:   SolvePhaseEquation ; Timer: cpu0=15.844 wall=1.932 
 Start: SolidFiltersProcess: calculate forces and moments
 End:   SolidFiltersProcess: calculate forces and moments; Timer: cpu0=0.000 wall=0.001 
 Start: PrepareDataForNextStep
 End:   PrepareDataForNextStep; Timer: cpu0=0.312 wall=0.053 
 Start: VarValueService
 End:   VarValueService; Timer: cpu0=0.000 wall=0.001 
 Start: UpdateStopperData
 End:   UpdateStopperData; Timer: cpu0=0.000 wall=0.001 
 Start: Saving text status in E:\UniFlight\flow\Land_fv\data\Land.status
 End:   Saving text status in E:\UniFlight\flow\Land_fv\data\Land.status; Timer: cpu0=0.000 wall=0.002 
 End:   ===== Time Step =====, Iter number =  149; Timer: cpu0=17.391 wall=2.244 

 Start: Saving values
 End:   Saving values, res= 0; Timer: cpu0=0.922 wall=0.104 
 Start: Saving grid
 End:   Saving grid, res= 0; Timer: cpu0=0.891 wall=0.097 
 Start: Saving grid index
 End:   Saving grid index, res= 0; Timer: cpu0=0.000 wall=0.002 
21.06.26 03:50:18  ===== Processing Layers =====
21.06.26 03:50:18    *SEND* for CScalarLayer, GUID=0E21CAB5-1866-4124-A2B3-DEC499FA58E6
 Start: ComputeVolumeCharacteristics
 End:   ComputeVolumeCharacteristics; Timer: cpu0=0.000 wall=0.004 
 Start: GetValueOnFacets
 End:   GetValueOnFacets; Timer: cpu0=0.016 wall=0.011 
21.06.26 03:50:18    *SEND* for CScalarLayer, GUID=A3659819-C06E-40A1-8932-64A566FBB4DA
 Start: ComputeVolumeCharacteristics
 End:   ComputeVolumeCharacteristics; Timer: cpu0=0.000 wall=0.003 
 Start: GetValueOnFacets
 End:   GetValueOnFacets; Timer: cpu0=0.188 wall=0.052 
21.06.26 03:50:18    *SEND* for CIntegralCharsLayer, GUID=4E090A0C-544B-E4A2-4242-BEC451D7CD2B
21.06.26 03:50:18    *SEND* for CIntegralCharsLayer, GUID=927DEDC8-AF71-7A31-D608-FB7EA635069E
21.06.26 03:50:18    *SEND* for CIntegralCharsLayer, GUID=7EF96C33-7880-7A39-F672-8DCB17098C5C
 End:   ===== Processing Layers =====; Timer: cpu0=0.375 wall=0.103 

21.06.26 03:50:18  ===== New Time Step =====, Iter number =  150
 Start: TimeServis
 End:   TimeServis; Timer: cpu0=0.344 wall=0.037 
 Start: User modules' functions BeforeTimeStep() are calling
 End:   User modules' functions BeforeTimeStep() are calling; Timer: cpu0=0.000 wall=0.002 
 Start: Adaptation, TotalRealCellsCount= 95622 
 End:   Adaptation; Timer: cpu0=6.484 wall=0.797 
 Start: DistributeGridOnProcessors
 End:   DistributeGridOnProcessors, res= 0; Timer: cpu0=0.766 wall=0.206 
 Start: SetNeiHyperCells
 End:   SetNeiHyperCells, res= 0; Timer: cpu0=0.000 wall=0.007 
 Start: BuildFacetDistribution
 End:   BuildFacetDistribution; Timer: cpu0=0.156 wall=0.002 
 Start: Initialize data arrays on chips
 End:   Initialize data arrays on chips, res= 0; Timer: cpu0=0.000 wall=0.002 
  ***** Maximum Geometrical Gauss = 2.18006e-14, cell= 510:2:0:0:0
  ***** Maximum MovingSurf  Gauss = 1.14961e-13, cell= 797:7:2:7:0
 Start: Remove Small Cells
 End:   Remove Small Cells; Timer: cpu0=0.172 wall=0.018 
 Start: Initialize data arrays on chips
 End:   Initialize data arrays on chips, res= 0; Timer: cpu0=0.000 wall=0.002 
  ***** Maximum Geometrical Gauss = 2.18006e-14, cell= 510:2:0:0:0
  ***** Maximum MovingSurf  Gauss = 1.14961e-13, cell= 797:7:2:7:0
 Start: Initialize data arrays on chips
 End:   Initialize data arrays on chips, res= 0; Timer: cpu0=0.000 wall=0.002 
 Start: Modify Chip Data
 End:   Modify Chip Data; Timer: cpu0=0.422 wall=0.038 
 Start: TimeServis
 End:   TimeServis; Timer: cpu0=0.594 wall=0.056 
 Start: FindEnclaves
 End:   FindEnclaves; Timer: cpu0=0.141 wall=0.112 
 Start: VarValueService
 End:   VarValueService; Timer: cpu0=0.000 wall=0.002 
 Start: SolvePhaseEquation 
 End:   SolvePhaseEquation ; Timer: cpu0=16.984 wall=2.046 
 Start: SolidFiltersProcess: calculate forces and moments
 End:   SolidFiltersProcess: calculate forces and moments; Timer: cpu0=0.000 wall=0.002 
 Start: PrepareDataForNextStep
 End:   PrepareDataForNextStep; Timer: cpu0=0.641 wall=0.057 
 Start: VarValueService
 End:   VarValueService; Timer: cpu0=0.000 wall=0.001 
 Start: UpdateStopperData
 End:   UpdateStopperData; Timer: cpu0=0.000 wall=0.002 
 Start: Saving text status in E:\UniFlight\flow\Land_fv\data\Land.status
 End:   Saving text status in E:\UniFlight\flow\Land_fv\data\Land.status; Timer: cpu0=0.000 wall=0.002 
 End:   ===== Time Step =====, Iter number =  150; Timer: cpu0=27.016 wall=3.489 

21.06.26 03:50:22  ===== Processing Layers =====
21.06.26 03:50:22    *SEND* for CScalarLayer, GUID=0E21CAB5-1866-4124-A2B3-DEC499FA58E6
 Start: ComputeVolumeCharacteristics
 End:   ComputeVolumeCharacteristics; Timer: cpu0=0.172 wall=0.004 
 Start: GetValueOnFacets
 End:   GetValueOnFacets; Timer: cpu0=0.172 wall=0.019 
21.06.26 03:50:22    *SEND* for CScalarLayer, GUID=A3659819-C06E-40A1-8932-64A566FBB4DA
 Start: ComputeVolumeCharacteristics
 End:   ComputeVolumeCharacteristics; Timer: cpu0=0.000 wall=0.004 
 Start: GetValueOnFacets
 End:   GetValueOnFacets; Timer: cpu0=0.203 wall=0.046 
21.06.26 03:50:22    *SEND* for CIntegralCharsLayer, GUID=4E090A0C-544B-E4A2-4242-BEC451D7CD2B
21.06.26 03:50:22    *SEND* for CIntegralCharsLayer, GUID=927DEDC8-AF71-7A31-D608-FB7EA635069E
21.06.26 03:50:22    *SEND* for CIntegralCharsLayer, GUID=7EF96C33-7880-7A39-F672-8DCB17098C5C
 End:   ===== Processing Layers =====; Timer: cpu0=0.719 wall=0.104 

21.06.26 03:50:22  ===== New Time Step =====, Iter number =  151
 Start: TimeServis
 End:   TimeServis; Timer: cpu0=0.516 wall=0.047 
 Start: User modules' functions BeforeTimeStep() are calling
 End:   User modules' functions BeforeTimeStep() are calling; Timer: cpu0=0.000 wall=0.002 
 Start: Adaptation, TotalRealCellsCount= 98989 
 End:   Adaptation; Timer: cpu0=5.375 wall=0.703 
 Start: DistributeGridOnProcessors
 End:   DistributeGridOnProcessors, res= 0; Timer: cpu0=0.656 wall=0.209 
 Start: SetNeiHyperCells
 End:   SetNeiHyperCells, res= 0; Timer: cpu0=0.000 wall=0.008 
 Start: BuildFacetDistribution
 End:   BuildFacetDistribution; Timer: cpu0=0.000 wall=0.002 
 Start: Initialize data arrays on chips
 End:   Initialize data arrays on chips, res= 0; Timer: cpu0=0.000 wall=0.002 
  ***** Maximum Geometrical Gauss = 2.18006e-14, cell= 510:2:0:0:0
  ***** Maximum MovingSurf  Gauss = 1.14961e-13, cell= 797:7:2:0
 Start: Remove Small Cells
 End:   Remove Small Cells; Timer: cpu0=0.031 wall=0.018 
 Start: Initialize data arrays on chips
 End:   Initialize data arrays on chips, res= 0; Timer: cpu0=0.000 wall=0.002 
  ***** Maximum Geometrical Gauss = 2.18006e-14, cell= 510:2:0:0:0
  ***** Maximum MovingSurf  Gauss = 1.14961e-13, cell= 797:7:2:0
 Start: Initialize data arrays on chips
 End:   Initialize data arrays on chips, res= 0; Timer: cpu0=0.000 wall=0.002 
 Start: Modify Chip Data
 End:   Modify Chip Data; Timer: cpu0=0.469 wall=0.040 
 Start: TimeServis
 End:   TimeServis; Timer: cpu0=0.516 wall=0.051 
 Start: FindEnclaves
 End:   FindEnclaves; Timer: cpu0=0.094 wall=0.096 
 Start: VarValueService
 End:   VarValueService; Timer: cpu0=0.000 wall=0.001 
 Start: SolvePhaseEquation 
 End:   SolvePhaseEquation ; Timer: cpu0=16.594 wall=2.009 
 Start: SolidFiltersProcess: calculate forces and moments
 End:   SolidFiltersProcess: calculate forces and moments; Timer: cpu0=0.000 wall=0.002 
 Start: PrepareDataForNextStep
 End:   PrepareDataForNextStep; Timer: cpu0=0.250 wall=0.049 
 Start: VarValueService
 End:   VarValueService; Timer: cpu0=0.000 wall=0.002 
 Start: UpdateStopperData
 End:   UpdateStopperData; Timer: cpu0=0.000 wall=0.001 
 Start: Saving text status in E:\UniFlight\flow\Land_fv\data\Land.status
 End:   Saving text status in E:\UniFlight\flow\Land_fv\data\Land.status; Timer: cpu0=0.000 wall=0.002 
 End:   ===== Time Step =====, Iter number =  151; Timer: cpu0=25.016 wall=3.334 

21.06.26 03:50:26  ===== Processing Layers =====
21.06.26 03:50:26    *SEND* for CScalarLayer, GUID=0E21CAB5-1866-4124-A2B3-DEC499FA58E6
 Start: ComputeVolumeCharacteristics
 End:   ComputeVolumeCharacteristics; Timer: cpu0=0.000 wall=0.005 
 Start: GetValueOnFacets
 End:   GetValueOnFacets; Timer: cpu0=0.000 wall=0.013 
21.06.26 03:50:26    *SEND* for CScalarLayer, GUID=A3659819-C06E-40A1-8932-64A566FBB4DA
 Start: ComputeVolumeCharacteristics
 End:   ComputeVolumeCharacteristics; Timer: cpu0=0.000 wall=0.004 
 Start: GetValueOnFacets
 End:   GetValueOnFacets; Timer: cpu0=0.203 wall=0.047 
21.06.26 03:50:26    *SEND* for CIntegralCharsLayer, GUID=4E090A0C-544B-E4A2-4242-BEC451D7CD2B
21.06.26 03:50:26    *SEND* for CIntegralCharsLayer, GUID=927DEDC8-AF71-7A31-D608-FB7EA635069E
21.06.26 03:50:26    *SEND* for CIntegralCharsLayer, GUID=7EF96C33-7880-7A39-F672-8DCB17098C5C
 End:   ===== Processing Layers =====; Timer: cpu0=0.219 wall=0.100 

21.06.26 03:50:26  ===== New Time Step =====, Iter number =  152
 Start: TimeServis
 End:   TimeServis; Timer: cpu0=0.188 wall=0.042 
 Start: User modules' functions BeforeTimeStep() are calling
 End:   User modules' functions BeforeTimeStep() are calling; Timer: cpu0=0.000 wall=0.002 
 Start: Adaptation, TotalRealCellsCount= 96154 
 End:   Adaptation; Timer: cpu0=0.000 wall=0.004 
 Start: Initialize data arrays on chips
 End:   Initialize data arrays on chips, res= 0; Timer: cpu0=0.172 wall=0.001 
  ***** Maximum Geometrical Gauss = 2.18006e-14, cell= 510:2:0:0:0
  ***** Maximum MovingSurf  Gauss = 0, cell= 
 Start: Initialize data arrays on chips
 End:   Initialize data arrays on chips, res= 0; Timer: cpu0=0.000 wall=0.002 
 Start: TimeServis
 End:   TimeServis; Timer: cpu0=0.344 wall=0.043 
 Start: FindEnclaves
 End:   FindEnclaves; Timer: cpu0=0.062 wall=0.089 
 Start: VarValueService
 End:   VarValueService; Timer: cpu0=0.000 wall=0.001 
 Start: SolvePhaseEquation 
 End:   SolvePhaseEquation ; Timer: cpu0=15.656 wall=1.994 
 Start: SolidFiltersProcess: calculate forces and moments
 End:   SolidFiltersProcess: calculate forces and moments; Timer: cpu0=0.000 wall=0.002 
 Start: PrepareDataForNextStep
 End:   PrepareDataForNextStep; Timer: cpu0=0.375 wall=0.058 
 Start: VarValueService
 End:   VarValueService; Timer: cpu0=0.000 wall=0.001 
 Start: UpdateStopperData
 End:   UpdateStopperData; Timer: cpu0=0.000 wall=0.001 
 Start: Saving text status in E:\UniFlight\flow\Land_fv\data\Land.status
 End:   Saving text status in E:\UniFlight\flow\Land_fv\data\Land.status; Timer: cpu0=0.000 wall=0.002 
 End:   ===== Time Step =====, Iter number =  152; Timer: cpu0=17.156 wall=2.303 

21.06.26 03:50:28  ===== Processing Layers =====
21.06.26 03:50:28    *SEND* for CScalarLayer, GUID=0E21CAB5-1866-4124-A2B3-DEC499FA58E6
 Start: ComputeVolumeCharacteristics
 End:   ComputeVolumeCharacteristics; Timer: cpu0=0.016 wall=0.004 
 Start: GetValueOnFacets
 End:   GetValueOnFacets; Timer: cpu0=0.172 wall=0.014 
21.06.26 03:50:28    *SEND* for CScalarLayer, GUID=A3659819-C06E-40A1-8932-64A566FBB4DA
 Start: ComputeVolumeCharacteristics
 End:   ComputeVolumeCharacteristics; Timer: cpu0=0.172 wall=0.004 
 Start: GetValueOnFacets
 End:   GetValueOnFacets; Timer: cpu0=0.203 wall=0.049 
21.06.26 03:50:28    *SEND* for CIntegralCharsLayer, GUID=4E090A0C-544B-E4A2-4242-BEC451D7CD2B
21.06.26 03:50:28    *SEND* for CIntegralCharsLayer, GUID=927DEDC8-AF71-7A31-D608-FB7EA635069E
21.06.26 03:50:28    *SEND* for CIntegralCharsLayer, GUID=7EF96C33-7880-7A39-F672-8DCB17098C5C
 End:   ===== Processing Layers =====; Timer: cpu0=0.562 wall=0.108 

21.06.26 03:50:28  ===== New Time Step =====, Iter number =  153
 Start: TimeServis
 End:   TimeServis; Timer: cpu0=0.516 wall=0.045 
 Start: User modules' functions BeforeTimeStep() are calling
 End:   User modules' functions BeforeTimeStep() are calling; Timer: cpu0=0.000 wall=0.001 
 Start: Adaptation, TotalRealCellsCount= 96154 
 End:   Adaptation; Timer: cpu0=0.000 wall=0.005 
 Start: Initialize data arrays on chips
 End:   Initialize data arrays on chips, res= 0; Timer: cpu0=0.000 wall=0.003 
  ***** Maximum Geometrical Gauss = 2.18006e-14, cell= 510:2:0:0:0
  ***** Maximum MovingSurf  Gauss = 0, cell= 
 Start: Initialize data arrays on chips
 End:   Initialize data arrays on chips, res= 0; Timer: cpu0=0.000 wall=0.002 
 Start: TimeServis
 End:   TimeServis; Timer: cpu0=0.375 wall=0.042 
 Start: FindEnclaves
 End:   FindEnclaves; Timer: cpu0=0.078 wall=0.083 
 Start: VarValueService
 End:   VarValueService; Timer: cpu0=0.000 wall=0.001 
 Start: SolvePhaseEquation 
 End:   SolvePhaseEquation ; Timer: cpu0=15.766 wall=2.001 
 Start: SolidFiltersProcess: calculate forces and moments
 End:   SolidFiltersProcess: calculate forces and moments; Timer: cpu0=0.000 wall=0.002 
 Start: PrepareDataForNextStep
 End:   PrepareDataForNextStep; Timer: cpu0=0.375 wall=0.053 
 Start: VarValueService
 End:   VarValueService; Timer: cpu0=0.000 wall=0.001 
 Start: UpdateStopperData
 End:   UpdateStopperData; Timer: cpu0=0.000 wall=0.001 
 Start: Saving text status in E:\UniFlight\flow\Land_fv\data\Land.status
 End:   Saving text status in E:\UniFlight\flow\Land_fv\data\Land.status; Timer: cpu0=0.000 wall=0.002 
 End:   ===== Time Step =====, Iter number =  153; Timer: cpu0=17.281 wall=2.302 

21.06.26 03:50:31  ===== Processing Layers =====
21.06.26 03:50:31    *SEND* for CScalarLayer, GUID=0E21CAB5-1866-4124-A2B3-DEC499FA58E6
 Start: ComputeVolumeCharacteristics
 End:   ComputeVolumeCharacteristics; Timer: cpu0=0.000 wall=0.004 
 Start: GetValueOnFacets
 End:   GetValueOnFacets; Timer: cpu0=0.031 wall=0.017 
21.06.26 03:50:31    *SEND* for CScalarLayer, GUID=A3659819-C06E-40A1-8932-64A566FBB4DA
 Start: ComputeVolumeCharacteristics
 End:   ComputeVolumeCharacteristics; Timer: cpu0=0.172 wall=0.005 
 Start: GetValueOnFacets
 End:   GetValueOnFacets; Timer: cpu0=0.047 wall=0.046 
21.06.26 03:50:31    *SEND* for CIntegralCharsLayer, GUID=4E090A0C-544B-E4A2-4242-BEC451D7CD2B
21.06.26 03:50:31    *SEND* for CIntegralCharsLayer, GUID=927DEDC8-AF71-7A31-D608-FB7EA635069E
21.06.26 03:50:31    *SEND* for CIntegralCharsLayer, GUID=7EF96C33-7880-7A39-F672-8DCB17098C5C
 End:   ===== Processing Layers =====; Timer: cpu0=0.250 wall=0.104 

21.06.26 03:50:31  ===== New Time Step =====, Iter number =  154
 Start: TimeServis
 End:   TimeServis; Timer: cpu0=0.422 wall=0.042 
 Start: User modules' functions BeforeTimeStep() are calling
 End:   User modules' functions BeforeTimeStep() are calling; Timer: cpu0=0.000 wall=0.002 
 Start: Adaptation, TotalRealCellsCount= 96154 
 End:   Adaptation; Timer: cpu0=0.000 wall=0.004 
 Start: Initialize data arrays on chips
 End:   Initialize data arrays on chips, res= 0; Timer: cpu0=0.000 wall=0.004 
  ***** Maximum Geometrical Gauss = 2.18006e-14, cell= 510:2:0:0:0
  ***** Maximum MovingSurf  Gauss = 0, cell= 
 Start: Initialize data arrays on chips
 End:   Initialize data arrays on chips, res= 0; Timer: cpu0=0.016 wall=0.002 
 Start: TimeServis
 End:   TimeServis; Timer: cpu0=0.516 wall=0.052 
 Start: FindEnclaves
 End:   FindEnclaves; Timer: cpu0=0.078 wall=0.081 
 Start: VarValueService
 End:   VarValueService; Timer: cpu0=0.000 wall=0.001 
 Start: SolvePhaseEquation 
 End:   SolvePhaseEquation ; Timer: cpu0=16.375 wall=1.972 
 Start: SolidFiltersProcess: calculate forces and moments
 End:   SolidFiltersProcess: calculate forces and moments; Timer: cpu0=0.000 wall=0.001 
 Start: PrepareDataForNextStep
 End:   PrepareDataForNextStep; Timer: cpu0=0.297 wall=0.054 
 Start: VarValueService
 End:   VarValueService; Timer: cpu0=0.000 wall=0.001 
 Start: UpdateStopperData
 End:   UpdateStopperData; Timer: cpu0=0.000 wall=0.001 
 Start: Saving text status in E:\UniFlight\flow\Land_fv\data\Land.status
 End:   Saving text status in E:\UniFlight\flow\Land_fv\data\Land.status; Timer: cpu0=0.000 wall=0.002 
 End:   ===== Time Step =====, Iter number =  154; Timer: cpu0=18.188 wall=2.284 

21.06.26 03:50:34  ===== Processing Layers =====
21.06.26 03:50:34    *SEND* for CScalarLayer, GUID=0E21CAB5-1866-4124-A2B3-DEC499FA58E6
 Start: ComputeVolumeCharacteristics
 End:   ComputeVolumeCharacteristics; Timer: cpu0=0.000 wall=0.004 
 Start: GetValueOnFacets
 End:   GetValueOnFacets; Timer: cpu0=0.172 wall=0.013 
21.06.26 03:50:34    *SEND* for CScalarLayer, GUID=A3659819-C06E-40A1-8932-64A566FBB4DA
 Start: ComputeVolumeCharacteristics
 End:   ComputeVolumeCharacteristics; Timer: cpu0=0.000 wall=0.004 
 Start: GetValueOnFacets
 End:   GetValueOnFacets; Timer: cpu0=0.203 wall=0.049 
21.06.26 03:50:34    *SEND* for CIntegralCharsLayer, GUID=4E090A0C-544B-E4A2-4242-BEC451D7CD2B
21.06.26 03:50:34    *SEND* for CIntegralCharsLayer, GUID=927DEDC8-AF71-7A31-D608-FB7EA635069E
21.06.26 03:50:34    *SEND* for CIntegralCharsLayer, GUID=7EF96C33-7880-7A39-F672-8DCB17098C5C
 End:   ===== Processing Layers =====; Timer: cpu0=0.578 wall=0.105 

21.06.26 03:50:34  ===== New Time Step =====, Iter number =  155
 Start: TimeServis
 End:   TimeServis; Timer: cpu0=0.516 wall=0.042 
 Start: User modules' functions BeforeTimeStep() are calling
 End:   User modules' functions BeforeTimeStep() are calling; Timer: cpu0=0.000 wall=0.003 
 Start: Adaptation, TotalRealCellsCount= 96154 
 End:   Adaptation; Timer: cpu0=0.172 wall=0.004 
 Start: Initialize data arrays on chips
 End:   Initialize data arrays on chips, res= 0; Timer: cpu0=0.000 wall=0.001 
  ***** Maximum Geometrical Gauss = 2.18006e-14, cell= 510:2:0:0:0
  ***** Maximum MovingSurf  Gauss = 0, cell= 
 Start: Initialize data arrays on chips
 End:   Initialize data arrays on chips, res= 0; Timer: cpu0=0.172 wall=0.002 
 Start: TimeServis
 End:   TimeServis; Timer: cpu0=0.438 wall=0.044 
 Start: FindEnclaves
 End:   FindEnclaves; Timer: cpu0=0.078 wall=0.086 
 Start: VarValueService
 End:   VarValueService; Timer: cpu0=0.000 wall=0.001 
 Start: SolvePhaseEquation 
 End:   SolvePhaseEquation ; Timer: cpu0=16.656 wall=1.975 
 Start: SolidFiltersProcess: calculate forces and moments
 End:   SolidFiltersProcess: calculate forces and moments; Timer: cpu0=0.000 wall=0.002 
 Start: PrepareDataForNextStep
 End:   PrepareDataForNextStep; Timer: cpu0=0.453 wall=0.053 
 Start: VarValueService
 End:   VarValueService; Timer: cpu0=0.000 wall=0.002 
 Start: UpdateStopperData
 End:   UpdateStopperData; Timer: cpu0=0.000 wall=0.001 
 Start: Saving text status in E:\UniFlight\flow\Land_fv\data\Land.status
 End:   Saving text status in E:\UniFlight\flow\Land_fv\data\Land.status; Timer: cpu0=0.000 wall=0.003 
 End:   ===== Time Step =====, Iter number =  155; Timer: cpu0=18.656 wall=2.278 

21.06.26 03:50:36  ===== Processing Layers =====
21.06.26 03:50:36    *SEND* for CScalarLayer, GUID=0E21CAB5-1866-4124-A2B3-DEC499FA58E6
 Start: ComputeVolumeCharacteristics
 End:   ComputeVolumeCharacteristics; Timer: cpu0=0.000 wall=0.004 
 Start: GetValueOnFacets
 End:   GetValueOnFacets; Timer: cpu0=0.016 wall=0.013 
21.06.26 03:50:36    *SEND* for CScalarLayer, GUID=A3659819-C06E-40A1-8932-64A566FBB4DA
 Start: ComputeVolumeCharacteristics
 End:   ComputeVolumeCharacteristics; Timer: cpu0=0.000 wall=0.005 
 Start: GetValueOnFacets
 End:   GetValueOnFacets; Timer: cpu0=0.203 wall=0.050 
21.06.26 03:50:36    *SEND* for CIntegralCharsLayer, GUID=4E090A0C-544B-E4A2-4242-BEC451D7CD2B
21.06.26 03:50:36    *SEND* for CIntegralCharsLayer, GUID=927DEDC8-AF71-7A31-D608-FB7EA635069E
21.06.26 03:50:36    *SEND* for CIntegralCharsLayer, GUID=7EF96C33-7880-7A39-F672-8DCB17098C5C
 End:   ===== Processing Layers =====; Timer: cpu0=0.578 wall=0.104 

21.06.26 03:50:36  ===== New Time Step =====, Iter number =  156
 Start: TimeServis
 End:   TimeServis; Timer: cpu0=0.516 wall=0.045 
 Start: User modules' functions BeforeTimeStep() are calling
 End:   User modules' functions BeforeTimeStep() are calling; Timer: cpu0=0.000 wall=0.001 
 Start: Adaptation, TotalRealCellsCount= 96154 
 End:   Adaptation; Timer: cpu0=0.000 wall=0.004 
 Start: Initialize data arrays on chips
 End:   Initialize data arrays on chips, res= 0; Timer: cpu0=0.000 wall=0.001 
  ***** Maximum Geometrical Gauss = 2.18006e-14, cell= 510:2:0:0:0
  ***** Maximum MovingSurf  Gauss = 0, cell= 
 Start: Initialize data arrays on chips
 End:   Initialize data arrays on chips, res= 0; Timer: cpu0=0.000 wall=0.002 
 Start: TimeServis
 End:   TimeServis; Timer: cpu0=0.562 wall=0.051 
 Start: FindEnclaves
 End:   FindEnclaves; Timer: cpu0=0.094 wall=0.089 
 Start: VarValueService
 End:   VarValueService; Timer: cpu0=0.000 wall=0.001 
 Start: SolvePhaseEquation 
 End:   SolvePhaseEquation ; Timer: cpu0=16.125 wall=1.970 
 Start: SolidFiltersProcess: calculate forces and moments
 End:   SolidFiltersProcess: calculate forces and moments; Timer: cpu0=0.000 wall=0.002 
 Start: PrepareDataForNextStep
 End:   PrepareDataForNextStep; Timer: cpu0=0.516 wall=0.053 
 Start: VarValueService
 End:   VarValueService; Timer: cpu0=0.000 wall=0.001 
 Start: UpdateStopperData
 End:   UpdateStopperData; Timer: cpu0=0.000 wall=0.001 
 Start: Saving text status in E:\UniFlight\flow\Land_fv\data\Land.status
 End:   Saving text status in E:\UniFlight\flow\Land_fv\data\Land.status; Timer: cpu0=0.000 wall=0.002 
 End:   ===== Time Step =====, Iter number =  156; Timer: cpu0=17.984 wall=2.284 

21.06.26 03:50:39  ===== Processing Layers =====
21.06.26 03:50:39    *SEND* for CScalarLayer, GUID=0E21CAB5-1866-4124-A2B3-DEC499FA58E6
 Start: ComputeVolumeCharacteristics
 End:   ComputeVolumeCharacteristics; Timer: cpu0=0.000 wall=0.004 
 Start: GetValueOnFacets
 End:   GetValueOnFacets; Timer: cpu0=0.016 wall=0.012 
21.06.26 03:50:39    *SEND* for CScalarLayer, GUID=A3659819-C06E-40A1-8932-64A566FBB4DA
 Start: ComputeVolumeCharacteristics
 End:   ComputeVolumeCharacteristics; Timer: cpu0=0.000 wall=0.004 
 Start: GetValueOnFacets
 End:   GetValueOnFacets; Timer: cpu0=0.203 wall=0.050 
21.06.26 03:50:39    *SEND* for CIntegralCharsLayer, GUID=4E090A0C-544B-E4A2-4242-BEC451D7CD2B
21.06.26 03:50:39    *SEND* for CIntegralCharsLayer, GUID=927DEDC8-AF71-7A31-D608-FB7EA635069E
21.06.26 03:50:39    *SEND* for CIntegralCharsLayer, GUID=7EF96C33-7880-7A39-F672-8DCB17098C5C
 End:   ===== Processing Layers =====; Timer: cpu0=0.562 wall=0.101 

21.06.26 03:50:39  ===== New Time Step =====, Iter number =  157
 Start: TimeServis
 End:   TimeServis; Timer: cpu0=0.344 wall=0.042 
 Start: User modules' functions BeforeTimeStep() are calling
 End:   User modules' functions BeforeTimeStep() are calling; Timer: cpu0=0.000 wall=0.002 
 Start: Adaptation, TotalRealCellsCount= 96154 
 End:   Adaptation; Timer: cpu0=0.000 wall=0.004 
 Start: Initialize data arrays on chips
 End:   Initialize data arrays on chips, res= 0; Timer: cpu0=0.000 wall=0.002 
  ***** Maximum Geometrical Gauss = 2.18006e-14, cell= 510:2:0:0:0
  ***** Maximum MovingSurf  Gauss = 0, cell= 
 Start: Initialize data arrays on chips
 End:   Initialize data arrays on chips, res= 0; Timer: cpu0=0.000 wall=0.002 
 Start: TimeServis
 End:   TimeServis; Timer: cpu0=0.516 wall=0.045 
 Start: FindEnclaves
 End:   FindEnclaves; Timer: cpu0=0.078 wall=0.089 
 Start: VarValueService
 End:   VarValueService; Timer: cpu0=0.000 wall=0.001 
 Start: SolvePhaseEquation 
 End:   SolvePhaseEquation ; Timer: cpu0=16.359 wall=2.044 
 Start: SolidFiltersProcess: calculate forces and moments
 End:   SolidFiltersProcess: calculate forces and moments; Timer: cpu0=0.000 wall=0.002 
 Start: PrepareDataForNextStep
 End:   PrepareDataForNextStep; Timer: cpu0=0.375 wall=0.056 
 Start: VarValueService
 End:   VarValueService; Timer: cpu0=0.000 wall=0.002 
 Start: UpdateStopperData
 End:   UpdateStopperData; Timer: cpu0=0.000 wall=0.001 
 Start: Saving text status in E:\UniFlight\flow\Land_fv\data\Land.status
 End:   Saving text status in E:\UniFlight\flow\Land_fv\data\Land.status; Timer: cpu0=0.000 wall=0.003 
 End:   ===== Time Step =====, Iter number =  157; Timer: cpu0=18.188 wall=2.358 

21.06.26 03:50:42  ===== Processing Layers =====
21.06.26 03:50:42    *SEND* for CScalarLayer, GUID=0E21CAB5-1866-4124-A2B3-DEC499FA58E6
 Start: ComputeVolumeCharacteristics
 End:   ComputeVolumeCharacteristics; Timer: cpu0=0.000 wall=0.005 
 Start: GetValueOnFacets
 End:   GetValueOnFacets; Timer: cpu0=0.172 wall=0.012 
21.06.26 03:50:42    *SEND* for CScalarLayer, GUID=A3659819-C06E-40A1-8932-64A566FBB4DA
 Start: ComputeVolumeCharacteristics
 End:   ComputeVolumeCharacteristics; Timer: cpu0=0.000 wall=0.004 
 Start: GetValueOnFacets
 End:   GetValueOnFacets; Timer: cpu0=0.203 wall=0.049 
21.06.26 03:50:42    *SEND* for CIntegralCharsLayer, GUID=4E090A0C-544B-E4A2-4242-BEC451D7CD2B
21.06.26 03:50:42    *SEND* for CIntegralCharsLayer, GUID=927DEDC8-AF71-7A31-D608-FB7EA635069E
21.06.26 03:50:42    *SEND* for CIntegralCharsLayer, GUID=7EF96C33-7880-7A39-F672-8DCB17098C5C
 End:   ===== Processing Layers =====; Timer: cpu0=0.609 wall=0.100 

21.06.26 03:50:42  ===== New Time Step =====, Iter number =  158
 Start: TimeServis
 End:   TimeServis; Timer: cpu0=0.516 wall=0.040 
 Start: User modules' functions BeforeTimeStep() are calling
 End:   User modules' functions BeforeTimeStep() are calling; Timer: cpu0=0.000 wall=0.001 
 Start: Adaptation, TotalRealCellsCount= 96154 
 End:   Adaptation; Timer: cpu0=0.000 wall=0.005 
 Start: Initialize data arrays on chips
 End:   Initialize data arrays on chips, res= 0; Timer: cpu0=0.000 wall=0.001 
  ***** Maximum Geometrical Gauss = 2.18006e-14, cell= 510:2:0:0:0
  ***** Maximum MovingSurf  Gauss = 0, cell= 
 Start: Initialize data arrays on chips
 End:   Initialize data arrays on chips, res= 0; Timer: cpu0=0.000 wall=0.002 
 Start: TimeServis
 End:   TimeServis; Timer: cpu0=0.344 wall=0.043 
 Start: FindEnclaves
 End:   FindEnclaves; Timer: cpu0=0.078 wall=0.086 
 Start: VarValueService
 End:   VarValueService; Timer: cpu0=0.000 wall=0.000 
 Start: SolvePhaseEquation 
 End:   SolvePhaseEquation ; Timer: cpu0=16.359 wall=1.963 
 Start: SolidFiltersProcess: calculate forces and moments
 End:   SolidFiltersProcess: calculate forces and moments; Timer: cpu0=0.000 wall=0.002 
 Start: PrepareDataForNextStep
 End:   PrepareDataForNextStep; Timer: cpu0=0.359 wall=0.052 
 Start: VarValueService
 End:   VarValueService; Timer: cpu0=0.000 wall=0.001 
 Start: UpdateStopperData
 End:   UpdateStopperData; Timer: cpu0=0.000 wall=0.001 
 Start: Saving text status in E:\UniFlight\flow\Land_fv\data\Land.status
 End:   Saving text status in E:\UniFlight\flow\Land_fv\data\Land.status; Timer: cpu0=0.000 wall=0.002 
 End:   ===== Time Step =====, Iter number =  158; Timer: cpu0=17.953 wall=2.260 

21.06.26 03:50:44  ===== Processing Layers =====
21.06.26 03:50:44    *SEND* for CScalarLayer, GUID=0E21CAB5-1866-4124-A2B3-DEC499FA58E6
 Start: ComputeVolumeCharacteristics
 End:   ComputeVolumeCharacteristics; Timer: cpu0=0.000 wall=0.005 
 Start: GetValueOnFacets
 End:   GetValueOnFacets; Timer: cpu0=0.172 wall=0.012 
21.06.26 03:50:44    *SEND* for CScalarLayer, GUID=A3659819-C06E-40A1-8932-64A566FBB4DA
 Start: ComputeVolumeCharacteristics
 End:   ComputeVolumeCharacteristics; Timer: cpu0=0.000 wall=0.005 
 Start: GetValueOnFacets
 End:   GetValueOnFacets; Timer: cpu0=0.203 wall=0.047 
21.06.26 03:50:44    *SEND* for CIntegralCharsLayer, GUID=4E090A0C-544B-E4A2-4242-BEC451D7CD2B
21.06.26 03:50:44    *SEND* for CIntegralCharsLayer, GUID=927DEDC8-AF71-7A31-D608-FB7EA635069E
21.06.26 03:50:44    *SEND* for CIntegralCharsLayer, GUID=7EF96C33-7880-7A39-F672-8DCB17098C5C
 End:   ===== Processing Layers =====; Timer: cpu0=0.719 wall=0.100 

21.06.26 03:50:44  ===== New Time Step =====, Iter number =  159
 Start: TimeServis
 End:   TimeServis; Timer: cpu0=0.516 wall=0.041 
 Start: User modules' functions BeforeTimeStep() are calling
 End:   User modules' functions BeforeTimeStep() are calling; Timer: cpu0=0.000 wall=0.001 
 Start: Adaptation, TotalRealCellsCount= 96154 
 End:   Adaptation; Timer: cpu0=0.172 wall=0.005 
 Start: Initialize data arrays on chips
 End:   Initialize data arrays on chips, res= 0; Timer: cpu0=0.000 wall=0.002 
  ***** Maximum Geometrical Gauss = 2.18006e-14, cell= 510:2:0:0:0
  ***** Maximum MovingSurf  Gauss = 0, cell= 
 Start: Initialize data arrays on chips
 End:   Initialize data arrays on chips, res= 0; Timer: cpu0=0.016 wall=0.002 
 Start: TimeServis
 End:   TimeServis; Timer: cpu0=0.469 wall=0.046 
 Start: FindEnclaves
 End:   FindEnclaves; Timer: cpu0=0.078 wall=0.097 
 Start: VarValueService
 End:   VarValueService; Timer: cpu0=0.000 wall=0.001 
 Start: SolvePhaseEquation 
 End:   SolvePhaseEquation ; Timer: cpu0=16.297 wall=1.971 
 Start: SolidFiltersProcess: calculate forces and moments
 End:   SolidFiltersProcess: calculate forces and moments; Timer: cpu0=0.000 wall=0.002 
 Start: PrepareDataForNextStep
 End:   PrepareDataForNextStep; Timer: cpu0=0.500 wall=0.054 
 Start: VarValueService
 End:   VarValueService; Timer: cpu0=0.000 wall=0.001 
 Start: UpdateStopperData
 End:   UpdateStopperData; Timer: cpu0=0.000 wall=0.001 
 Start: Saving text status in E:\UniFlight\flow\Land_fv\data\Land.status
 End:   Saving text status in E:\UniFlight\flow\Land_fv\data\Land.status; Timer: cpu0=0.000 wall=0.002 
 End:   ===== Time Step =====, Iter number =  159; Timer: cpu0=18.219 wall=2.291 

21.06.26 03:50:47  ===== Processing Layers =====
21.06.26 03:50:47    *SEND* for CScalarLayer, GUID=0E21CAB5-1866-4124-A2B3-DEC499FA58E6
 Start: ComputeVolumeCharacteristics
 End:   ComputeVolumeCharacteristics; Timer: cpu0=0.000 wall=0.005 
 Start: GetValueOnFacets
 End:   GetValueOnFacets; Timer: cpu0=0.016 wall=0.012 
21.06.26 03:50:47    *SEND* for CScalarLayer, GUID=A3659819-C06E-40A1-8932-64A566FBB4DA
 Start: ComputeVolumeCharacteristics
 End:   ComputeVolumeCharacteristics; Timer: cpu0=0.000 wall=0.003 
 Start: GetValueOnFacets
 End:   GetValueOnFacets; Timer: cpu0=0.203 wall=0.050 
21.06.26 03:50:47    *SEND* for CIntegralCharsLayer, GUID=4E090A0C-544B-E4A2-4242-BEC451D7CD2B
21.06.26 03:50:47    *SEND* for CIntegralCharsLayer, GUID=927DEDC8-AF71-7A31-D608-FB7EA635069E
21.06.26 03:50:47    *SEND* for CIntegralCharsLayer, GUID=7EF96C33-7880-7A39-F672-8DCB17098C5C
 End:   ===== Processing Layers =====; Timer: cpu0=0.562 wall=0.100 

21.06.26 03:50:47  ===== New Time Step =====, Iter number =  160
 Start: TimeServis
 End:   TimeServis; Timer: cpu0=0.516 wall=0.040 
 Start: User modules' functions BeforeTimeStep() are calling
 End:   User modules' functions BeforeTimeStep() are calling; Timer: cpu0=0.000 wall=0.001 
 Start: Adaptation, TotalRealCellsCount= 96154 
 End:   Adaptation; Timer: cpu0=7.109 wall=0.806 
 Start: DistributeGridOnProcessors
 End:   DistributeGridOnProcessors, res= 0; Timer: cpu0=1.000 wall=0.207 
 Start: SetNeiHyperCells
 End:   SetNeiHyperCells, res= 0; Timer: cpu0=0.172 wall=0.008 
 Start: BuildFacetDistribution
 End:   BuildFacetDistribution; Timer: cpu0=0.000 wall=0.002 
 Start: Initialize data arrays on chips
 End:   Initialize data arrays on chips, res= 0; Timer: cpu0=0.000 wall=0.002 
  ***** Maximum Geometrical Gauss = 2.31353e-14, cell= 690:6:6:6:0
  ***** Maximum MovingSurf  Gauss = 1.14961e-13, cell= 797:7:2:7:0
 Start: Remove Small Cells
 End:   Remove Small Cells; Timer: cpu0=0.016 wall=0.020 
 Start: Initialize data arrays on chips
 End:   Initialize data arrays on chips, res= 0; Timer: cpu0=0.000 wall=0.002 
  ***** Maximum Geometrical Gauss = 2.31353e-14, cell= 690:6:6:6:0
  ***** Maximum MovingSurf  Gauss = 1.14961e-13, cell= 797:7:2:7:0
 Start: Initialize data arrays on chips
 End:   Initialize data arrays on chips, res= 0; Timer: cpu0=0.000 wall=0.003 
 Start: Modify Chip Data
 End:   Modify Chip Data; Timer: cpu0=0.344 wall=0.039 
 Start: TimeServis
 End:   TimeServis; Timer: cpu0=0.516 wall=0.056 
 Start: FindEnclaves
 End:   FindEnclaves; Timer: cpu0=0.078 wall=0.093 
 Start: VarValueService
 End:   VarValueService; Timer: cpu0=0.000 wall=0.001 
 Start: SolvePhaseEquation 
 End:   SolvePhaseEquation ; Timer: cpu0=16.219 wall=2.077 
 Start: SolidFiltersProcess: calculate forces and moments
 End:   SolidFiltersProcess: calculate forces and moments; Timer: cpu0=0.000 wall=0.001 
 Start: PrepareDataForNextStep
 End:   PrepareDataForNextStep; Timer: cpu0=0.453 wall=0.050 
 Start: VarValueService
 End:   VarValueService; Timer: cpu0=0.000 wall=0.002 
 Start: UpdateStopperData
 End:   UpdateStopperData; Timer: cpu0=0.000 wall=0.001 
 Start: Saving text status in E:\UniFlight\flow\Land_fv\data\Land.status
 End:   Saving text status in E:\UniFlight\flow\Land_fv\data\Land.status; Timer: cpu0=0.000 wall=0.002 
 End:   ===== Time Step =====, Iter number =  160; Timer: cpu0=26.750 wall=3.501 

21.06.26 03:50:51  ===== Processing Layers =====
21.06.26 03:50:51    *SEND* for CScalarLayer, GUID=0E21CAB5-1866-4124-A2B3-DEC499FA58E6
 Start: ComputeVolumeCharacteristics
 End:   ComputeVolumeCharacteristics; Timer: cpu0=0.000 wall=0.004 
 Start: GetValueOnFacets
 End:   GetValueOnFacets; Timer: cpu0=0.016 wall=0.014 
21.06.26 03:50:51    *SEND* for CScalarLayer, GUID=A3659819-C06E-40A1-8932-64A566FBB4DA
 Start: ComputeVolumeCharacteristics
 End:   ComputeVolumeCharacteristics; Timer: cpu0=0.000 wall=0.005 
 Start: GetValueOnFacets
 End:   GetValueOnFacets; Timer: cpu0=0.203 wall=0.047 
21.06.26 03:50:51    *SEND* for CIntegralCharsLayer, GUID=4E090A0C-544B-E4A2-4242-BEC451D7CD2B
21.06.26 03:50:51    *SEND* for CIntegralCharsLayer, GUID=927DEDC8-AF71-7A31-D608-FB7EA635069E
21.06.26 03:50:51    *SEND* for CIntegralCharsLayer, GUID=7EF96C33-7880-7A39-F672-8DCB17098C5C
 End:   ===== Processing Layers =====; Timer: cpu0=0.562 wall=0.100 

21.06.26 03:50:51  ===== New Time Step =====, Iter number =  161
 Start: TimeServis
 End:   TimeServis; Timer: cpu0=0.516 wall=0.044 
 Start: User modules' functions BeforeTimeStep() are calling
 End:   User modules' functions BeforeTimeStep() are calling; Timer: cpu0=0.000 wall=0.001 
 Start: Adaptation, TotalRealCellsCount= 98786 
 End:   Adaptation; Timer: cpu0=5.109 wall=0.715 
 Start: DistributeGridOnProcessors
 End:   DistributeGridOnProcessors, res= 0; Timer: cpu0=0.562 wall=0.212 
 Start: SetNeiHyperCells
 End:   SetNeiHyperCells, res= 0; Timer: cpu0=0.172 wall=0.006 
 Start: BuildFacetDistribution
 End:   BuildFacetDistribution; Timer: cpu0=0.000 wall=0.002 
 Start: Initialize data arrays on chips
 End:   Initialize data arrays on chips, res= 0; Timer: cpu0=0.000 wall=0.002 
  ***** Maximum Geometrical Gauss = 2.31353e-14, cell= 690:6:6:6:0
  ***** Maximum MovingSurf  Gauss = 7.52766e-14, cell= 707:0:0:0
 Start: Remove Small Cells
 End:   Remove Small Cells; Timer: cpu0=0.172 wall=0.018 
 Start: Initialize data arrays on chips
 End:   Initialize data arrays on chips, res= 0; Timer: cpu0=0.000 wall=0.001 
  ***** Maximum Geometrical Gauss = 2.31353e-14, cell= 690:6:6:6:0
  ***** Maximum MovingSurf  Gauss = 7.52766e-14, cell= 707:0:0:0
 Start: Initialize data arrays on chips
 End:   Initialize data arrays on chips, res= 0; Timer: cpu0=0.000 wall=0.001 
 Start: Modify Chip Data
 End:   Modify Chip Data; Timer: cpu0=0.375 wall=0.038 
 Start: TimeServis
 End:   TimeServis; Timer: cpu0=0.516 wall=0.049 
 Start: FindEnclaves
 End:   FindEnclaves; Timer: cpu0=0.078 wall=0.087 
 Start: VarValueService
 End:   VarValueService; Timer: cpu0=0.000 wall=0.001 
 Start: SolvePhaseEquation 
 End:   SolvePhaseEquation ; Timer: cpu0=16.109 wall=1.952 
 Start: SolidFiltersProcess: calculate forces and moments
 End:   SolidFiltersProcess: calculate forces and moments; Timer: cpu0=0.000 wall=0.002 
 Start: PrepareDataForNextStep
 End:   PrepareDataForNextStep; Timer: cpu0=0.328 wall=0.048 
 Start: VarValueService
 End:   VarValueService; Timer: cpu0=0.031 wall=0.001 
 Start: UpdateStopperData
 End:   UpdateStopperData; Timer: cpu0=0.000 wall=0.001 
 Start: Saving text status in E:\UniFlight\flow\Land_fv\data\Land.status
 End:   Saving text status in E:\UniFlight\flow\Land_fv\data\Land.status; Timer: cpu0=0.000 wall=0.002 
 End:   ===== Time Step =====, Iter number =  161; Timer: cpu0=24.484 wall=3.278 

21.06.26 03:50:55  ===== Processing Layers =====
21.06.26 03:50:55    *SEND* for CScalarLayer, GUID=0E21CAB5-1866-4124-A2B3-DEC499FA58E6
 Start: ComputeVolumeCharacteristics
 End:   ComputeVolumeCharacteristics; Timer: cpu0=0.000 wall=0.004 
 Start: GetValueOnFacets
 End:   GetValueOnFacets; Timer: cpu0=0.125 wall=0.019 
21.06.26 03:50:55    *SEND* for CScalarLayer, GUID=A3659819-C06E-40A1-8932-64A566FBB4DA
 Start: ComputeVolumeCharacteristics
 End:   ComputeVolumeCharacteristics; Timer: cpu0=0.172 wall=0.004 
 Start: GetValueOnFacets
 End:   GetValueOnFacets; Timer: cpu0=0.047 wall=0.051 
21.06.26 03:50:55    *SEND* for CIntegralCharsLayer, GUID=4E090A0C-544B-E4A2-4242-BEC451D7CD2B
21.06.26 03:50:55    *SEND* for CIntegralCharsLayer, GUID=927DEDC8-AF71-7A31-D608-FB7EA635069E
21.06.26 03:50:55    *SEND* for CIntegralCharsLayer, GUID=7EF96C33-7880-7A39-F672-8DCB17098C5C
 End:   ===== Processing Layers =====; Timer: cpu0=0.359 wall=0.106 

21.06.26 03:50:55  ===== New Time Step =====, Iter number =  162
 Start: TimeServis
 End:   TimeServis; Timer: cpu0=0.297 wall=0.037 
 Start: User modules' functions BeforeTimeStep() are calling
 End:   User modules' functions BeforeTimeStep() are calling; Timer: cpu0=0.000 wall=0.001 
 Start: Adaptation, TotalRealCellsCount= 96161 
 End:   Adaptation; Timer: cpu0=0.000 wall=0.004 
 Start: Initialize data arrays on chips
 End:   Initialize data arrays on chips, res= 0; Timer: cpu0=0.000 wall=0.002 
  ***** Maximum Geometrical Gauss = 2.31353e-14, cell= 690:6:6:6:0
  ***** Maximum MovingSurf  Gauss = 0, cell= 
 Start: Initialize data arrays on chips
 End:   Initialize data arrays on chips, res= 0; Timer: cpu0=0.000 wall=0.002 
 Start: TimeServis
 End:   TimeServis; Timer: cpu0=0.438 wall=0.039 
 Start: FindEnclaves
 End:   FindEnclaves; Timer: cpu0=0.109 wall=0.101 
 Start: VarValueService
 End:   VarValueService; Timer: cpu0=0.000 wall=0.001 
 Start: SolvePhaseEquation 
 End:   SolvePhaseEquation ; Timer: cpu0=16.062 wall=1.943 
 Start: SolidFiltersProcess: calculate forces and moments
 End:   SolidFiltersProcess: calculate forces and moments; Timer: cpu0=0.000 wall=0.002 
 Start: PrepareDataForNextStep
 End:   PrepareDataForNextStep; Timer: cpu0=0.406 wall=0.055 
 Start: VarValueService
 End:   VarValueService; Timer: cpu0=0.172 wall=0.002 
 Start: UpdateStopperData
 End:   UpdateStopperData; Timer: cpu0=0.000 wall=0.001 
 Start: Saving text status in E:\UniFlight\flow\Land_fv\data\Land.status
 End:   Saving text status in E:\UniFlight\flow\Land_fv\data\Land.status; Timer: cpu0=0.000 wall=0.002 
 End:   ===== Time Step =====, Iter number =  162; Timer: cpu0=17.828 wall=2.256 

21.06.26 03:50:57  ===== Processing Layers =====
21.06.26 03:50:57    *SEND* for CScalarLayer, GUID=0E21CAB5-1866-4124-A2B3-DEC499FA58E6
 Start: ComputeVolumeCharacteristics
 End:   ComputeVolumeCharacteristics; Timer: cpu0=0.000 wall=0.004 
 Start: GetValueOnFacets
 End:   GetValueOnFacets; Timer: cpu0=0.172 wall=0.013 
21.06.26 03:50:57    *SEND* for CScalarLayer, GUID=A3659819-C06E-40A1-8932-64A566FBB4DA
 Start: ComputeVolumeCharacteristics
 End:   ComputeVolumeCharacteristics; Timer: cpu0=0.172 wall=0.004 
 Start: GetValueOnFacets
 End:   GetValueOnFacets; Timer: cpu0=0.047 wall=0.046 
21.06.26 03:50:57    *SEND* for CIntegralCharsLayer, GUID=4E090A0C-544B-E4A2-4242-BEC451D7CD2B
21.06.26 03:50:57    *SEND* for CIntegralCharsLayer, GUID=927DEDC8-AF71-7A31-D608-FB7EA635069E
21.06.26 03:50:57    *SEND* for CIntegralCharsLayer, GUID=7EF96C33-7880-7A39-F672-8DCB17098C5C
 End:   ===== Processing Layers =====; Timer: cpu0=0.391 wall=0.096 

21.06.26 03:50:57  ===== New Time Step =====, Iter number =  163
 Start: TimeServis
 End:   TimeServis; Timer: cpu0=0.500 wall=0.039 
 Start: User modules' functions BeforeTimeStep() are calling
 End:   User modules' functions BeforeTimeStep() are calling; Timer: cpu0=0.000 wall=0.001 
 Start: Adaptation, TotalRealCellsCount= 96161 
 End:   Adaptation; Timer: cpu0=0.000 wall=0.004 
 Start: Initialize data arrays on chips
 End:   Initialize data arrays on chips, res= 0; Timer: cpu0=0.000 wall=0.002 
  ***** Maximum Geometrical Gauss = 2.31353e-14, cell= 690:6:6:6:0
  ***** Maximum MovingSurf  Gauss = 0, cell= 
 Start: Initialize data arrays on chips
 End:   Initialize data arrays on chips, res= 0; Timer: cpu0=0.000 wall=0.002 
 Start: TimeServis
 End:   TimeServis; Timer: cpu0=0.422 wall=0.049 
 Start: FindEnclaves
 End:   FindEnclaves; Timer: cpu0=0.219 wall=0.095 
 Start: VarValueService
 End:   VarValueService; Timer: cpu0=0.000 wall=0.002 
 Start: SolvePhaseEquation 
 End:   SolvePhaseEquation ; Timer: cpu0=17.000 wall=2.066 
 Start: SolidFiltersProcess: calculate forces and moments
 End:   SolidFiltersProcess: calculate forces and moments; Timer: cpu0=0.000 wall=0.002 
 Start: PrepareDataForNextStep
 End:   PrepareDataForNextStep; Timer: cpu0=0.641 wall=0.053 
 Start: VarValueService
 End:   VarValueService; Timer: cpu0=0.000 wall=0.001 
 Start: UpdateStopperData
 End:   UpdateStopperData; Timer: cpu0=0.000 wall=0.001 
 Start: Saving text status in E:\UniFlight\flow\Land_fv\data\Land.status
 End:   Saving text status in E:\UniFlight\flow\Land_fv\data\Land.status; Timer: cpu0=0.000 wall=0.002 
 End:   ===== Time Step =====, Iter number =  163; Timer: cpu0=18.969 wall=2.381 

21.06.26 03:51:00  ===== Processing Layers =====
21.06.26 03:51:00    *SEND* for CScalarLayer, GUID=0E21CAB5-1866-4124-A2B3-DEC499FA58E6
 Start: ComputeVolumeCharacteristics
 End:   ComputeVolumeCharacteristics; Timer: cpu0=0.000 wall=0.005 
 Start: GetValueOnFacets
 End:   GetValueOnFacets; Timer: cpu0=0.016 wall=0.013 
21.06.26 03:51:00    *SEND* for CScalarLayer, GUID=A3659819-C06E-40A1-8932-64A566FBB4DA
 Start: ComputeVolumeCharacteristics
 End:   ComputeVolumeCharacteristics; Timer: cpu0=0.000 wall=0.006 
 Start: GetValueOnFacets
 End:   GetValueOnFacets; Timer: cpu0=0.203 wall=0.051 
21.06.26 03:51:00    *SEND* for CIntegralCharsLayer, GUID=4E090A0C-544B-E4A2-4242-BEC451D7CD2B
21.06.26 03:51:00    *SEND* for CIntegralCharsLayer, GUID=927DEDC8-AF71-7A31-D608-FB7EA635069E
21.06.26 03:51:00    *SEND* for CIntegralCharsLayer, GUID=7EF96C33-7880-7A39-F672-8DCB17098C5C
 End:   ===== Processing Layers =====; Timer: cpu0=0.391 wall=0.104 

21.06.26 03:51:00  ===== New Time Step =====, Iter number =  164
 Start: TimeServis
 End:   TimeServis; Timer: cpu0=0.516 wall=0.038 
 Start: User modules' functions BeforeTimeStep() are calling
 End:   User modules' functions BeforeTimeStep() are calling; Timer: cpu0=0.000 wall=0.002 
 Start: Adaptation, TotalRealCellsCount= 96161 
 End:   Adaptation; Timer: cpu0=0.047 wall=0.004 
 Start: Initialize data arrays on chips
 End:   Initialize data arrays on chips, res= 0; Timer: cpu0=0.000 wall=0.003 
  ***** Maximum Geometrical Gauss = 2.31353e-14, cell= 690:6:6:6:0
  ***** Maximum MovingSurf  Gauss = 0, cell= 
 Start: Initialize data arrays on chips
 End:   Initialize data arrays on chips, res= 0; Timer: cpu0=0.000 wall=0.002 
 Start: TimeServis
 End:   TimeServis; Timer: cpu0=0.344 wall=0.045 
 Start: FindEnclaves
 End:   FindEnclaves; Timer: cpu0=0.234 wall=0.088 
 Start: VarValueService
 End:   VarValueService; Timer: cpu0=0.000 wall=0.000 
 Start: SolvePhaseEquation 
 End:   SolvePhaseEquation ; Timer: cpu0=16.484 wall=1.971 
 Start: SolidFiltersProcess: calculate forces and moments
 End:   SolidFiltersProcess: calculate forces and moments; Timer: cpu0=0.000 wall=0.002 
 Start: PrepareDataForNextStep
 End:   PrepareDataForNextStep; Timer: cpu0=0.500 wall=0.052 
 Start: VarValueService
 End:   VarValueService; Timer: cpu0=0.000 wall=0.001 
 Start: UpdateStopperData
 End:   UpdateStopperData; Timer: cpu0=0.000 wall=0.001 
 Start: Saving text status in E:\UniFlight\flow\Land_fv\data\Land.status
 End:   Saving text status in E:\UniFlight\flow\Land_fv\data\Land.status; Timer: cpu0=0.000 wall=0.001 
 End:   ===== Time Step =====, Iter number =  164; Timer: cpu0=18.297 wall=2.274 

21.06.26 03:51:03  ===== Processing Layers =====
21.06.26 03:51:03    *SEND* for CScalarLayer, GUID=0E21CAB5-1866-4124-A2B3-DEC499FA58E6
 Start: ComputeVolumeCharacteristics
 End:   ComputeVolumeCharacteristics; Timer: cpu0=0.000 wall=0.004 
 Start: GetValueOnFacets
 End:   GetValueOnFacets; Timer: cpu0=0.016 wall=0.016 
21.06.26 03:51:03    *SEND* for CScalarLayer, GUID=A3659819-C06E-40A1-8932-64A566FBB4DA
 Start: ComputeVolumeCharacteristics
 End:   ComputeVolumeCharacteristics; Timer: cpu0=0.000 wall=0.004 
 Start: GetValueOnFacets
 End:   GetValueOnFacets; Timer: cpu0=0.203 wall=0.056 
21.06.26 03:51:03    *SEND* for CIntegralCharsLayer, GUID=4E090A0C-544B-E4A2-4242-BEC451D7CD2B
21.06.26 03:51:03    *SEND* for CIntegralCharsLayer, GUID=927DEDC8-AF71-7A31-D608-FB7EA635069E
21.06.26 03:51:03    *SEND* for CIntegralCharsLayer, GUID=7EF96C33-7880-7A39-F672-8DCB17098C5C
 End:   ===== Processing Layers =====; Timer: cpu0=0.219 wall=0.110 

21.06.26 03:51:03  ===== New Time Step =====, Iter number =  165
 Start: TimeServis
 End:   TimeServis; Timer: cpu0=0.266 wall=0.040 
 Start: User modules' functions BeforeTimeStep() are calling
 End:   User modules' functions BeforeTimeStep() are calling; Timer: cpu0=0.000 wall=0.004 
 Start: Adaptation, TotalRealCellsCount= 96161 
 End:   Adaptation; Timer: cpu0=0.000 wall=0.004 
 Start: Initialize data arrays on chips
 End:   Initialize data arrays on chips, res= 0; Timer: cpu0=0.000 wall=0.002 
  ***** Maximum Geometrical Gauss = 2.31353e-14, cell= 690:6:6:6:0
  ***** Maximum MovingSurf  Gauss = 0, cell= 
 Start: Initialize data arrays on chips
 End:   Initialize data arrays on chips, res= 0; Timer: cpu0=0.000 wall=0.002 
 Start: TimeServis
 End:   TimeServis; Timer: cpu0=0.469 wall=0.047 
 Start: FindEnclaves
 End:   FindEnclaves; Timer: cpu0=0.094 wall=0.088 
 Start: VarValueService
 End:   VarValueService; Timer: cpu0=0.000 wall=0.001 
 Start: SolvePhaseEquation 
 End:   SolvePhaseEquation ; Timer: cpu0=16.234 wall=1.953 
 Start: SolidFiltersProcess: calculate forces and moments
 End:   SolidFiltersProcess: calculate forces and moments; Timer: cpu0=0.000 wall=0.002 
 Start: PrepareDataForNextStep
 End:   PrepareDataForNextStep; Timer: cpu0=0.531 wall=0.056 
 Start: VarValueService
 End:   VarValueService; Timer: cpu0=0.000 wall=0.002 
 Start: UpdateStopperData
 End:   UpdateStopperData; Timer: cpu0=0.000 wall=0.001 
 Start: Saving text status in E:\UniFlight\flow\Land_fv\data\Land.status
 End:   Saving text status in E:\UniFlight\flow\Land_fv\data\Land.status; Timer: cpu0=0.000 wall=0.002 
 End:   ===== Time Step =====, Iter number =  165; Timer: cpu0=17.812 wall=2.264 

21.06.26 03:51:05  ===== Processing Layers =====
21.06.26 03:51:05    *SEND* for CScalarLayer, GUID=0E21CAB5-1866-4124-A2B3-DEC499FA58E6
 Start: ComputeVolumeCharacteristics
 End:   ComputeVolumeCharacteristics; Timer: cpu0=0.031 wall=0.005 
 Start: GetValueOnFacets
 End:   GetValueOnFacets; Timer: cpu0=0.172 wall=0.013 
21.06.26 03:51:05    *SEND* for CScalarLayer, GUID=A3659819-C06E-40A1-8932-64A566FBB4DA
 Start: ComputeVolumeCharacteristics
 End:   ComputeVolumeCharacteristics; Timer: cpu0=0.172 wall=0.004 
 Start: GetValueOnFacets
 End:   GetValueOnFacets; Timer: cpu0=0.203 wall=0.051 
21.06.26 03:51:05    *SEND* for CIntegralCharsLayer, GUID=4E090A0C-544B-E4A2-4242-BEC451D7CD2B
21.06.26 03:51:05    *SEND* for CIntegralCharsLayer, GUID=927DEDC8-AF71-7A31-D608-FB7EA635069E
21.06.26 03:51:05    *SEND* for CIntegralCharsLayer, GUID=7EF96C33-7880-7A39-F672-8DCB17098C5C
 End:   ===== Processing Layers =====; Timer: cpu0=0.578 wall=0.108 

21.06.26 03:51:05  ===== New Time Step =====, Iter number =  166
 Start: TimeServis
 End:   TimeServis; Timer: cpu0=0.344 wall=0.042 
 Start: User modules' functions BeforeTimeStep() are calling
 End:   User modules' functions BeforeTimeStep() are calling; Timer: cpu0=0.000 wall=0.002 
 Start: Adaptation, TotalRealCellsCount= 96161 
 End:   Adaptation; Timer: cpu0=0.000 wall=0.004 
 Start: Initialize data arrays on chips
 End:   Initialize data arrays on chips, res= 0; Timer: cpu0=0.000 wall=0.002 
  ***** Maximum Geometrical Gauss = 2.31353e-14, cell= 690:6:6:6:0
  ***** Maximum MovingSurf  Gauss = 0, cell= 
 Start: Initialize data arrays on chips
 End:   Initialize data arrays on chips, res= 0; Timer: cpu0=0.000 wall=0.002 
 Start: TimeServis
 End:   TimeServis; Timer: cpu0=0.453 wall=0.054 
 Start: FindEnclaves
 End:   FindEnclaves; Timer: cpu0=0.219 wall=0.086 
 Start: VarValueService
 End:   VarValueService; Timer: cpu0=0.000 wall=0.001 
 Start: SolvePhaseEquation 
 End:   SolvePhaseEquation ; Timer: cpu0=16.453 wall=1.973 
 Start: SolidFiltersProcess: calculate forces and moments
 End:   SolidFiltersProcess: calculate forces and moments; Timer: cpu0=0.000 wall=0.001 
 Start: PrepareDataForNextStep
 End:   PrepareDataForNextStep; Timer: cpu0=0.328 wall=0.055 
 Start: VarValueService
 End:   VarValueService; Timer: cpu0=0.000 wall=0.001 
 Start: UpdateStopperData
 End:   UpdateStopperData; Timer: cpu0=0.000 wall=0.001 
 Start: Saving text status in E:\UniFlight\flow\Land_fv\data\Land.status
 End:   Saving text status in E:\UniFlight\flow\Land_fv\data\Land.status; Timer: cpu0=0.000 wall=0.002 
 End:   ===== Time Step =====, Iter number =  166; Timer: cpu0=18.125 wall=2.291 

21.06.26 03:51:08  ===== Processing Layers =====
21.06.26 03:51:08    *SEND* for CScalarLayer, GUID=0E21CAB5-1866-4124-A2B3-DEC499FA58E6
 Start: ComputeVolumeCharacteristics
 End:   ComputeVolumeCharacteristics; Timer: cpu0=0.000 wall=0.004 
 Start: GetValueOnFacets
 End:   GetValueOnFacets; Timer: cpu0=0.000 wall=0.013 
21.06.26 03:51:08    *SEND* for CScalarLayer, GUID=A3659819-C06E-40A1-8932-64A566FBB4DA
 Start: ComputeVolumeCharacteristics
 End:   ComputeVolumeCharacteristics; Timer: cpu0=0.000 wall=0.004 
 Start: GetValueOnFacets
 End:   GetValueOnFacets; Timer: cpu0=0.047 wall=0.053 
21.06.26 03:51:08    *SEND* for CIntegralCharsLayer, GUID=4E090A0C-544B-E4A2-4242-BEC451D7CD2B
21.06.26 03:51:08    *SEND* for CIntegralCharsLayer, GUID=927DEDC8-AF71-7A31-D608-FB7EA635069E
21.06.26 03:51:08    *SEND* for CIntegralCharsLayer, GUID=7EF96C33-7880-7A39-F672-8DCB17098C5C
 End:   ===== Processing Layers =====; Timer: cpu0=0.047 wall=0.106 

21.06.26 03:51:08  ===== New Time Step =====, Iter number =  167
 Start: TimeServis
 End:   TimeServis; Timer: cpu0=0.344 wall=0.042 
 Start: User modules' functions BeforeTimeStep() are calling
 End:   User modules' functions BeforeTimeStep() are calling; Timer: cpu0=0.000 wall=0.001 
 Start: Adaptation, TotalRealCellsCount= 96161 
 End:   Adaptation; Timer: cpu0=0.000 wall=0.004 
 Start: Initialize data arrays on chips
 End:   Initialize data arrays on chips, res= 0; Timer: cpu0=0.000 wall=0.001 
  ***** Maximum Geometrical Gauss = 2.31353e-14, cell= 690:6:6:6:0
  ***** Maximum MovingSurf  Gauss = 0, cell= 
 Start: Initialize data arrays on chips
 End:   Initialize data arrays on chips, res= 0; Timer: cpu0=0.000 wall=0.002 
 Start: TimeServis
 End:   TimeServis; Timer: cpu0=0.547 wall=0.051 
 Start: FindEnclaves
 End:   FindEnclaves; Timer: cpu0=0.078 wall=0.087 
 Start: VarValueService
 End:   VarValueService; Timer: cpu0=0.000 wall=0.002 
 Start: SolvePhaseEquation 
 End:   SolvePhaseEquation ; Timer: cpu0=15.219 wall=1.937 
 Start: SolidFiltersProcess: calculate forces and moments
 End:   SolidFiltersProcess: calculate forces and moments; Timer: cpu0=0.000 wall=0.002 
 Start: PrepareDataForNextStep
 End:   PrepareDataForNextStep; Timer: cpu0=0.531 wall=0.055 
 Start: VarValueService
 End:   VarValueService; Timer: cpu0=0.000 wall=0.002 
 Start: UpdateStopperData
 End:   UpdateStopperData; Timer: cpu0=0.000 wall=0.001 
 Start: Saving text status in E:\UniFlight\flow\Land_fv\data\Land.status
 End:   Saving text status in E:\UniFlight\flow\Land_fv\data\Land.status; Timer: cpu0=0.000 wall=0.001 
 End:   ===== Time Step =====, Iter number =  167; Timer: cpu0=17.062 wall=2.250 

21.06.26 03:51:10  ===== Processing Layers =====
21.06.26 03:51:10    *SEND* for CScalarLayer, GUID=0E21CAB5-1866-4124-A2B3-DEC499FA58E6
 Start: ComputeVolumeCharacteristics
 End:   ComputeVolumeCharacteristics; Timer: cpu0=0.000 wall=0.004 
 Start: GetValueOnFacets
 End:   GetValueOnFacets; Timer: cpu0=0.172 wall=0.013 
21.06.26 03:51:11    *SEND* for CScalarLayer, GUID=A3659819-C06E-40A1-8932-64A566FBB4DA
 Start: ComputeVolumeCharacteristics
 End:   ComputeVolumeCharacteristics; Timer: cpu0=0.172 wall=0.003 
 Start: GetValueOnFacets
 End:   GetValueOnFacets; Timer: cpu0=0.203 wall=0.055 
21.06.26 03:51:11    *SEND* for CIntegralCharsLayer, GUID=4E090A0C-544B-E4A2-4242-BEC451D7CD2B
21.06.26 03:51:11    *SEND* for CIntegralCharsLayer, GUID=927DEDC8-AF71-7A31-D608-FB7EA635069E
21.06.26 03:51:11    *SEND* for CIntegralCharsLayer, GUID=7EF96C33-7880-7A39-F672-8DCB17098C5C
 End:   ===== Processing Layers =====; Timer: cpu0=0.719 wall=0.103 

21.06.26 03:51:11  ===== New Time Step =====, Iter number =  168
 Start: TimeServis
 End:   TimeServis; Timer: cpu0=0.484 wall=0.043 
 Start: User modules' functions BeforeTimeStep() are calling
 End:   User modules' functions BeforeTimeStep() are calling; Timer: cpu0=0.000 wall=0.001 
 Start: Adaptation, TotalRealCellsCount= 96161 
 End:   Adaptation; Timer: cpu0=0.000 wall=0.004 
 Start: Initialize data arrays on chips
 End:   Initialize data arrays on chips, res= 0; Timer: cpu0=0.000 wall=0.002 
  ***** Maximum Geometrical Gauss = 2.31353e-14, cell= 690:6:6:6:0
  ***** Maximum MovingSurf  Gauss = 0, cell= 
 Start: Initialize data arrays on chips
 End:   Initialize data arrays on chips, res= 0; Timer: cpu0=0.000 wall=0.002 
 Start: TimeServis
 End:   TimeServis; Timer: cpu0=0.344 wall=0.048 
 Start: FindEnclaves
 End:   FindEnclaves; Timer: cpu0=0.094 wall=0.094 
 Start: VarValueService
 End:   VarValueService; Timer: cpu0=0.000 wall=0.000 
 Start: SolvePhaseEquation 
 End:   SolvePhaseEquation ; Timer: cpu0=16.172 wall=1.941 
 Start: SolidFiltersProcess: calculate forces and moments
 End:   SolidFiltersProcess: calculate forces and moments; Timer: cpu0=0.000 wall=0.002 
 Start: PrepareDataForNextStep
 End:   PrepareDataForNextStep; Timer: cpu0=0.297 wall=0.050 
 Start: VarValueService
 End:   VarValueService; Timer: cpu0=0.000 wall=0.001 
 Start: UpdateStopperData
 End:   UpdateStopperData; Timer: cpu0=0.000 wall=0.000 
 Start: Saving text status in E:\UniFlight\flow\Land_fv\data\Land.status
 End:   Saving text status in E:\UniFlight\flow\Land_fv\data\Land.status; Timer: cpu0=0.000 wall=0.002 
 End:   ===== Time Step =====, Iter number =  168; Timer: cpu0=17.750 wall=2.259 

21.06.26 03:51:13  ===== Processing Layers =====
21.06.26 03:51:13    *SEND* for CScalarLayer, GUID=0E21CAB5-1866-4124-A2B3-DEC499FA58E6
 Start: ComputeVolumeCharacteristics
 End:   ComputeVolumeCharacteristics; Timer: cpu0=0.000 wall=0.003 
 Start: GetValueOnFacets
 End:   GetValueOnFacets; Timer: cpu0=0.016 wall=0.015 
21.06.26 03:51:13    *SEND* for CScalarLayer, GUID=A3659819-C06E-40A1-8932-64A566FBB4DA
 Start: ComputeVolumeCharacteristics
 End:   ComputeVolumeCharacteristics; Timer: cpu0=0.000 wall=0.004 
 Start: GetValueOnFacets
 End:   GetValueOnFacets; Timer: cpu0=0.047 wall=0.050 
21.06.26 03:51:13    *SEND* for CIntegralCharsLayer, GUID=4E090A0C-544B-E4A2-4242-BEC451D7CD2B
21.06.26 03:51:13    *SEND* for CIntegralCharsLayer, GUID=927DEDC8-AF71-7A31-D608-FB7EA635069E
21.06.26 03:51:13    *SEND* for CIntegralCharsLayer, GUID=7EF96C33-7880-7A39-F672-8DCB17098C5C
 End:   ===== Processing Layers =====; Timer: cpu0=0.062 wall=0.100 

21.06.26 03:51:13  ===== New Time Step =====, Iter number =  169
 Start: TimeServis
 End:   TimeServis; Timer: cpu0=0.219 wall=0.042 
 Start: User modules' functions BeforeTimeStep() are calling
 End:   User modules' functions BeforeTimeStep() are calling; Timer: cpu0=0.000 wall=0.002 
 Start: Adaptation, TotalRealCellsCount= 96161 
 End:   Adaptation; Timer: cpu0=0.000 wall=0.004 
 Start: Initialize data arrays on chips
 End:   Initialize data arrays on chips, res= 0; Timer: cpu0=0.016 wall=0.002 
  ***** Maximum Geometrical Gauss = 2.31353e-14, cell= 690:6:6:6:0
  ***** Maximum MovingSurf  Gauss = 0, cell= 
 Start: Initialize data arrays on chips
 End:   Initialize data arrays on chips, res= 0; Timer: cpu0=0.000 wall=0.002 
 Start: TimeServis
 End:   TimeServis; Timer: cpu0=0.453 wall=0.054 
 Start: FindEnclaves
 End:   FindEnclaves; Timer: cpu0=0.094 wall=0.094 
 Start: VarValueService
 End:   VarValueService; Timer: cpu0=0.000 wall=0.001 
 Start: SolvePhaseEquation 
 End:   SolvePhaseEquation ; Timer: cpu0=15.797 wall=1.944 
 Start: SolidFiltersProcess: calculate forces and moments
 End:   SolidFiltersProcess: calculate forces and moments; Timer: cpu0=0.031 wall=0.002 
 Start: PrepareDataForNextStep
 End:   PrepareDataForNextStep; Timer: cpu0=0.328 wall=0.056 
 Start: VarValueService
 End:   VarValueService; Timer: cpu0=0.000 wall=0.001 
 Start: UpdateStopperData
 End:   UpdateStopperData; Timer: cpu0=0.000 wall=0.001 
 Start: Saving text status in E:\UniFlight\flow\Land_fv\data\Land.status
 End:   Saving text status in E:\UniFlight\flow\Land_fv\data\Land.status; Timer: cpu0=0.000 wall=0.002 
 End:   ===== Time Step =====, Iter number =  169; Timer: cpu0=17.156 wall=2.275 

21.06.26 03:51:16  ===== Processing Layers =====
21.06.26 03:51:16    *SEND* for CScalarLayer, GUID=0E21CAB5-1866-4124-A2B3-DEC499FA58E6
 Start: ComputeVolumeCharacteristics
 End:   ComputeVolumeCharacteristics; Timer: cpu0=0.000 wall=0.004 
 Start: GetValueOnFacets
 End:   GetValueOnFacets; Timer: cpu0=0.156 wall=0.011 
21.06.26 03:51:16    *SEND* for CScalarLayer, GUID=A3659819-C06E-40A1-8932-64A566FBB4DA
 Start: ComputeVolumeCharacteristics
 End:   ComputeVolumeCharacteristics; Timer: cpu0=0.172 wall=0.003 
 Start: GetValueOnFacets
 End:   GetValueOnFacets; Timer: cpu0=0.047 wall=0.046 
21.06.26 03:51:16    *SEND* for CIntegralCharsLayer, GUID=4E090A0C-544B-E4A2-4242-BEC451D7CD2B
21.06.26 03:51:16    *SEND* for CIntegralCharsLayer, GUID=927DEDC8-AF71-7A31-D608-FB7EA635069E
21.06.26 03:51:16    *SEND* for CIntegralCharsLayer, GUID=7EF96C33-7880-7A39-F672-8DCB17098C5C
 End:   ===== Processing Layers =====; Timer: cpu0=0.547 wall=0.094 

21.06.26 03:51:16  ===== New Time Step =====, Iter number =  170
 Start: TimeServis
 End:   TimeServis; Timer: cpu0=0.516 wall=0.045 
 Start: User modules' functions BeforeTimeStep() are calling
 End:   User modules' functions BeforeTimeStep() are calling; Timer: cpu0=0.000 wall=0.002 
 Start: Adaptation, TotalRealCellsCount= 96161 
 End:   Adaptation; Timer: cpu0=6.250 wall=0.802 
 Start: DistributeGridOnProcessors
 End:   DistributeGridOnProcessors, res= 0; Timer: cpu0=0.750 wall=0.204 
 Start: SetNeiHyperCells
 End:   SetNeiHyperCells, res= 0; Timer: cpu0=0.141 wall=0.007 
 Start: BuildFacetDistribution
 End:   BuildFacetDistribution; Timer: cpu0=0.000 wall=0.002 
 Start: Initialize data arrays on chips
 End:   Initialize data arrays on chips, res= 0; Timer: cpu0=0.000 wall=0.002 
  ***** Maximum Geometrical Gauss = 2.18006e-14, cell= 510:2:0:0:0
  ***** Maximum MovingSurf  Gauss = 7.45948e-14, cell= 795:6:6:0
 Start: Remove Small Cells
 End:   Remove Small Cells; Timer: cpu0=0.172 wall=0.019 
 Start: Initialize data arrays on chips
 End:   Initialize data arrays on chips, res= 0; Timer: cpu0=0.000 wall=0.002 
  ***** Maximum Geometrical Gauss = 2.18006e-14, cell= 510:2:0:0:0
  ***** Maximum MovingSurf  Gauss = 7.45948e-14, cell= 795:6:6:0
 Start: Initialize data arrays on chips
 End:   Initialize data arrays on chips, res= 0; Timer: cpu0=0.000 wall=0.002 
 Start: Modify Chip Data
 End:   Modify Chip Data; Timer: cpu0=0.391 wall=0.036 
 Start: TimeServis
 End:   TimeServis; Timer: cpu0=0.672 wall=0.064 
 Start: FindEnclaves
 End:   FindEnclaves; Timer: cpu0=0.078 wall=0.094 
 Start: VarValueService
 End:   VarValueService; Timer: cpu0=0.000 wall=0.001 
 Start: SolvePhaseEquation 
 End:   SolvePhaseEquation ; Timer: cpu0=16.812 wall=2.064 
 Start: SolidFiltersProcess: calculate forces and moments
 End:   SolidFiltersProcess: calculate forces and moments; Timer: cpu0=0.000 wall=0.002 
 Start: PrepareDataForNextStep
 End:   PrepareDataForNextStep; Timer: cpu0=0.391 wall=0.054 
 Start: VarValueService
 End:   VarValueService; Timer: cpu0=0.000 wall=0.003 
 Start: UpdateStopperData
 End:   UpdateStopperData; Timer: cpu0=0.016 wall=0.001 
 Start: Saving text status in E:\UniFlight\flow\Land_fv\data\Land.status
 End:   Saving text status in E:\UniFlight\flow\Land_fv\data\Land.status; Timer: cpu0=0.000 wall=0.002 
 End:   ===== Time Step =====, Iter number =  170; Timer: cpu0=26.875 wall=3.495 

21.06.26 03:51:20  ===== Processing Layers =====
21.06.26 03:51:20    *SEND* for CScalarLayer, GUID=0E21CAB5-1866-4124-A2B3-DEC499FA58E6
 Start: ComputeVolumeCharacteristics
 End:   ComputeVolumeCharacteristics; Timer: cpu0=0.000 wall=0.004 
 Start: GetValueOnFacets
 End:   GetValueOnFacets; Timer: cpu0=0.016 wall=0.015 
21.06.26 03:51:20    *SEND* for CScalarLayer, GUID=A3659819-C06E-40A1-8932-64A566FBB4DA
 Start: ComputeVolumeCharacteristics
 End:   ComputeVolumeCharacteristics; Timer: cpu0=0.172 wall=0.005 
 Start: GetValueOnFacets
 End:   GetValueOnFacets; Timer: cpu0=0.203 wall=0.055 
21.06.26 03:51:20    *SEND* for CIntegralCharsLayer, GUID=4E090A0C-544B-E4A2-4242-BEC451D7CD2B
21.06.26 03:51:20    *SEND* for CIntegralCharsLayer, GUID=927DEDC8-AF71-7A31-D608-FB7EA635069E
21.06.26 03:51:20    *SEND* for CIntegralCharsLayer, GUID=7EF96C33-7880-7A39-F672-8DCB17098C5C
 End:   ===== Processing Layers =====; Timer: cpu0=0.391 wall=0.109 

21.06.26 03:51:20  ===== New Time Step =====, Iter number =  171
 Start: TimeServis
 End:   TimeServis; Timer: cpu0=0.328 wall=0.044 
 Start: User modules' functions BeforeTimeStep() are calling
 End:   User modules' functions BeforeTimeStep() are calling; Timer: cpu0=0.000 wall=0.001 
 Start: Adaptation, TotalRealCellsCount= 98877 
 End:   Adaptation; Timer: cpu0=5.641 wall=0.691 
 Start: DistributeGridOnProcessors
 End:   DistributeGridOnProcessors, res= 0; Timer: cpu0=0.766 wall=0.203 
 Start: SetNeiHyperCells
 End:   SetNeiHyperCells, res= 0; Timer: cpu0=0.172 wall=0.007 
 Start: BuildFacetDistribution
 End:   BuildFacetDistribution; Timer: cpu0=0.000 wall=0.002 
 Start: Initialize data arrays on chips
 End:   Initialize data arrays on chips, res= 0; Timer: cpu0=0.000 wall=0.002 
  ***** Maximum Geometrical Gauss = 2.31353e-14, cell= 690:6:6:6:0
  ***** Maximum MovingSurf  Gauss = 7.24129e-14, cell= 795:6:2:0
 Start: Remove Small Cells
 End:   Remove Small Cells; Timer: cpu0=0.172 wall=0.018 
 Start: Initialize data arrays on chips
 End:   Initialize data arrays on chips, res= 0; Timer: cpu0=0.000 wall=0.002 
  ***** Maximum Geometrical Gauss = 2.31353e-14, cell= 690:6:6:6:0
  ***** Maximum MovingSurf  Gauss = 7.24129e-14, cell= 795:6:2:0
 Start: Initialize data arrays on chips
 End:   Initialize data arrays on chips, res= 0; Timer: cpu0=0.000 wall=0.002 
 Start: Modify Chip Data
 End:   Modify Chip Data; Timer: cpu0=0.344 wall=0.036 
 Start: TimeServis
 End:   TimeServis; Timer: cpu0=0.391 wall=0.049 
 Start: FindEnclaves
 End:   FindEnclaves; Timer: cpu0=0.078 wall=0.093 
 Start: VarValueService
 End:   VarValueService; Timer: cpu0=0.000 wall=0.002 
 Start: SolvePhaseEquation 
 End:   SolvePhaseEquation ; Timer: cpu0=17.422 wall=2.235 
 Start: SolidFiltersProcess: calculate forces and moments
 End:   SolidFiltersProcess: calculate forces and moments; Timer: cpu0=0.000 wall=0.002 
 Start: PrepareDataForNextStep
 End:   PrepareDataForNextStep; Timer: cpu0=0.484 wall=0.050 
 Start: VarValueService
 End:   VarValueService; Timer: cpu0=0.000 wall=0.001 
 Start: UpdateStopperData
 End:   UpdateStopperData; Timer: cpu0=0.000 wall=0.000 
 Start: Saving text status in E:\UniFlight\flow\Land_fv\data\Land.status
 End:   Saving text status in E:\UniFlight\flow\Land_fv\data\Land.status; Timer: cpu0=0.000 wall=0.002 
 End:   ===== Time Step =====, Iter number =  171; Timer: cpu0=26.141 wall=3.527 

21.06.26 03:51:24  ===== Processing Layers =====
21.06.26 03:51:24    *SEND* for CScalarLayer, GUID=0E21CAB5-1866-4124-A2B3-DEC499FA58E6
 Start: ComputeVolumeCharacteristics
 End:   ComputeVolumeCharacteristics; Timer: cpu0=0.000 wall=0.004 
 Start: GetValueOnFacets
 End:   GetValueOnFacets; Timer: cpu0=0.016 wall=0.013 
21.06.26 03:51:24    *SEND* for CScalarLayer, GUID=A3659819-C06E-40A1-8932-64A566FBB4DA
 Start: ComputeVolumeCharacteristics
 End:   ComputeVolumeCharacteristics; Timer: cpu0=0.000 wall=0.006 
 Start: GetValueOnFacets
 End:   GetValueOnFacets; Timer: cpu0=0.203 wall=0.047 
21.06.26 03:51:24    *SEND* for CIntegralCharsLayer, GUID=4E090A0C-544B-E4A2-4242-BEC451D7CD2B
21.06.26 03:51:24    *SEND* for CIntegralCharsLayer, GUID=927DEDC8-AF71-7A31-D608-FB7EA635069E
21.06.26 03:51:24    *SEND* for CIntegralCharsLayer, GUID=7EF96C33-7880-7A39-F672-8DCB17098C5C
 End:   ===== Processing Layers =====; Timer: cpu0=0.562 wall=0.103 

21.06.26 03:51:24  ===== New Time Step =====, Iter number =  172
 Start: TimeServis
 End:   TimeServis; Timer: cpu0=0.516 wall=0.043 
 Start: User modules' functions BeforeTimeStep() are calling
 End:   User modules' functions BeforeTimeStep() are calling; Timer: cpu0=0.000 wall=0.002 
 Start: Adaptation, TotalRealCellsCount= 96105 
 End:   Adaptation; Timer: cpu0=0.000 wall=0.004 
 Start: Initialize data arrays on chips
 End:   Initialize data arrays on chips, res= 0; Timer: cpu0=0.000 wall=0.002 
  ***** Maximum Geometrical Gauss = 2.31353e-14, cell= 690:6:6:6:0
  ***** Maximum MovingSurf  Gauss = 0, cell= 
 Start: Initialize data arrays on chips
 End:   Initialize data arrays on chips, res= 0; Timer: cpu0=0.000 wall=0.002 
 Start: TimeServis
 End:   TimeServis; Timer: cpu0=0.516 wall=0.043 
 Start: FindEnclaves
 End:   FindEnclaves; Timer: cpu0=0.078 wall=0.092 
 Start: VarValueService
 End:   VarValueService; Timer: cpu0=0.000 wall=0.001 
 Start: SolvePhaseEquation 
 End:   SolvePhaseEquation ; Timer: cpu0=16.672 wall=2.034 
 Start: SolidFiltersProcess: calculate forces and moments
 End:   SolidFiltersProcess: calculate forces and moments; Timer: cpu0=0.000 wall=0.001 
 Start: PrepareDataForNextStep
 End:   PrepareDataForNextStep; Timer: cpu0=0.484 wall=0.056 
 Start: VarValueService
 End:   VarValueService; Timer: cpu0=0.000 wall=0.001 
 Start: UpdateStopperData
 End:   UpdateStopperData; Timer: cpu0=0.000 wall=0.001 
 Start: Saving text status in E:\UniFlight\flow\Land_fv\data\Land.status
 End:   Saving text status in E:\UniFlight\flow\Land_fv\data\Land.status; Timer: cpu0=0.000 wall=0.002 
 End:   ===== Time Step =====, Iter number =  172; Timer: cpu0=18.609 wall=2.343 

21.06.26 03:51:26  ===== Processing Layers =====
21.06.26 03:51:26    *SEND* for CScalarLayer, GUID=0E21CAB5-1866-4124-A2B3-DEC499FA58E6
 Start: ComputeVolumeCharacteristics
 End:   ComputeVolumeCharacteristics; Timer: cpu0=0.000 wall=0.005 
 Start: GetValueOnFacets
 End:   GetValueOnFacets; Timer: cpu0=0.000 wall=0.013 
21.06.26 03:51:26    *SEND* for CScalarLayer, GUID=A3659819-C06E-40A1-8932-64A566FBB4DA
 Start: ComputeVolumeCharacteristics
 End:   ComputeVolumeCharacteristics; Timer: cpu0=0.000 wall=0.003 
 Start: GetValueOnFacets
 End:   GetValueOnFacets; Timer: cpu0=0.188 wall=0.052 
21.06.26 03:51:26    *SEND* for CIntegralCharsLayer, GUID=4E090A0C-544B-E4A2-4242-BEC451D7CD2B
21.06.26 03:51:26    *SEND* for CIntegralCharsLayer, GUID=927DEDC8-AF71-7A31-D608-FB7EA635069E
21.06.26 03:51:26    *SEND* for CIntegralCharsLayer, GUID=7EF96C33-7880-7A39-F672-8DCB17098C5C
 End:   ===== Processing Layers =====; Timer: cpu0=0.188 wall=0.107 

21.06.26 03:51:26  ===== New Time Step =====, Iter number =  173
 Start: TimeServis
 End:   TimeServis; Timer: cpu0=0.250 wall=0.040 
 Start: User modules' functions BeforeTimeStep() are calling
 End:   User modules' functions BeforeTimeStep() are calling; Timer: cpu0=0.000 wall=0.002 
 Start: Adaptation, TotalRealCellsCount= 96105 
 End:   Adaptation; Timer: cpu0=0.000 wall=0.005 
 Start: Initialize data arrays on chips
 End:   Initialize data arrays on chips, res= 0; Timer: cpu0=0.000 wall=0.001 
  ***** Maximum Geometrical Gauss = 2.31353e-14, cell= 690:6:6:6:0
  ***** Maximum MovingSurf  Gauss = 0, cell= 
 Start: Initialize data arrays on chips
 End:   Initialize data arrays on chips, res= 0; Timer: cpu0=0.000 wall=0.001 
 Start: TimeServis
 End:   TimeServis; Timer: cpu0=0.500 wall=0.044 
 Start: FindEnclaves
 End:   FindEnclaves; Timer: cpu0=0.078 wall=0.086 
 Start: VarValueService
 End:   VarValueService; Timer: cpu0=0.000 wall=0.001 
 Start: SolvePhaseEquation 
 End:   SolvePhaseEquation ; Timer: cpu0=16.984 wall=2.081 
 Start: SolidFiltersProcess: calculate forces and moments
 End:   SolidFiltersProcess: calculate forces and moments; Timer: cpu0=0.000 wall=0.002 
 Start: PrepareDataForNextStep
 End:   PrepareDataForNextStep; Timer: cpu0=0.359 wall=0.050 
 Start: VarValueService
 End:   VarValueService; Timer: cpu0=0.000 wall=0.001 
 Start: UpdateStopperData
 End:   UpdateStopperData; Timer: cpu0=0.000 wall=0.000 
 Start: Saving text status in E:\UniFlight\flow\Land_fv\data\Land.status
 End:   Saving text status in E:\UniFlight\flow\Land_fv\data\Land.status; Timer: cpu0=0.000 wall=0.002 
 End:   ===== Time Step =====, Iter number =  173; Timer: cpu0=18.422 wall=2.375 

21.06.26 03:51:29  ===== Processing Layers =====
21.06.26 03:51:29    *SEND* for CScalarLayer, GUID=0E21CAB5-1866-4124-A2B3-DEC499FA58E6
 Start: ComputeVolumeCharacteristics
 End:   ComputeVolumeCharacteristics; Timer: cpu0=0.172 wall=0.005 
 Start: GetValueOnFacets
 End:   GetValueOnFacets; Timer: cpu0=0.141 wall=0.014 
21.06.26 03:51:29    *SEND* for CScalarLayer, GUID=A3659819-C06E-40A1-8932-64A566FBB4DA
 Start: ComputeVolumeCharacteristics
 End:   ComputeVolumeCharacteristics; Timer: cpu0=0.172 wall=0.004 
 Start: GetValueOnFacets
 End:   GetValueOnFacets; Timer: cpu0=0.203 wall=0.052 
21.06.26 03:51:29    *SEND* for CIntegralCharsLayer, GUID=4E090A0C-544B-E4A2-4242-BEC451D7CD2B
21.06.26 03:51:29    *SEND* for CIntegralCharsLayer, GUID=927DEDC8-AF71-7A31-D608-FB7EA635069E
21.06.26 03:51:29    *SEND* for CIntegralCharsLayer, GUID=7EF96C33-7880-7A39-F672-8DCB17098C5C
 End:   ===== Processing Layers =====; Timer: cpu0=0.688 wall=0.106 

21.06.26 03:51:29  ===== New Time Step =====, Iter number =  174
 Start: TimeServis
 End:   TimeServis; Timer: cpu0=0.391 wall=0.041 
 Start: User modules' functions BeforeTimeStep() are calling
 End:   User modules' functions BeforeTimeStep() are calling; Timer: cpu0=0.000 wall=0.004 
 Start: Adaptation, TotalRealCellsCount= 96105 
 End:   Adaptation; Timer: cpu0=0.000 wall=0.004 
 Start: Initialize data arrays on chips
 End:   Initialize data arrays on chips, res= 0; Timer: cpu0=0.000 wall=0.003 
  ***** Maximum Geometrical Gauss = 2.31353e-14, cell= 690:6:6:6:0
  ***** Maximum MovingSurf  Gauss = 0, cell= 
 Start: Initialize data arrays on chips
 End:   Initialize data arrays on chips, res= 0; Timer: cpu0=0.000 wall=0.002 
 Start: TimeServis
 End:   TimeServis; Timer: cpu0=0.438 wall=0.049 
 Start: FindEnclaves
 End:   FindEnclaves; Timer: cpu0=0.094 wall=0.091 
 Start: VarValueService
 End:   VarValueService; Timer: cpu0=0.000 wall=0.001 
 Start: SolvePhaseEquation 
 End:   SolvePhaseEquation ; Timer: cpu0=16.859 wall=2.036 
 Start: SolidFiltersProcess: calculate forces and moments
 End:   SolidFiltersProcess: calculate forces and moments; Timer: cpu0=0.000 wall=0.002 
 Start: PrepareDataForNextStep
 End:   PrepareDataForNextStep; Timer: cpu0=0.266 wall=0.053 
 Start: VarValueService
 End:   VarValueService; Timer: cpu0=0.000 wall=0.001 
 Start: UpdateStopperData
 End:   UpdateStopperData; Timer: cpu0=0.000 wall=0.001 
 Start: Saving text status in E:\UniFlight\flow\Land_fv\data\Land.status
 End:   Saving text status in E:\UniFlight\flow\Land_fv\data\Land.status; Timer: cpu0=0.000 wall=0.003 
 End:   ===== Time Step =====, Iter number =  174; Timer: cpu0=18.375 wall=2.352 

21.06.26 03:51:32  ===== Processing Layers =====
21.06.26 03:51:32    *SEND* for CScalarLayer, GUID=0E21CAB5-1866-4124-A2B3-DEC499FA58E6
 Start: ComputeVolumeCharacteristics
 End:   ComputeVolumeCharacteristics; Timer: cpu0=0.000 wall=0.006 
 Start: GetValueOnFacets
 End:   GetValueOnFacets; Timer: cpu0=0.016 wall=0.013 
21.06.26 03:51:32    *SEND* for CScalarLayer, GUID=A3659819-C06E-40A1-8932-64A566FBB4DA
 Start: ComputeVolumeCharacteristics
 End:   ComputeVolumeCharacteristics; Timer: cpu0=0.000 wall=0.005 
 Start: GetValueOnFacets
 End:   GetValueOnFacets; Timer: cpu0=0.188 wall=0.047 
21.06.26 03:51:32    *SEND* for CIntegralCharsLayer, GUID=4E090A0C-544B-E4A2-4242-BEC451D7CD2B
21.06.26 03:51:32    *SEND* for CIntegralCharsLayer, GUID=927DEDC8-AF71-7A31-D608-FB7EA635069E
21.06.26 03:51:32    *SEND* for CIntegralCharsLayer, GUID=7EF96C33-7880-7A39-F672-8DCB17098C5C
 End:   ===== Processing Layers =====; Timer: cpu0=0.547 wall=0.103 

21.06.26 03:51:32  ===== New Time Step =====, Iter number =  175
 Start: TimeServis
 End:   TimeServis; Timer: cpu0=0.516 wall=0.040 
 Start: User modules' functions BeforeTimeStep() are calling
 End:   User modules' functions BeforeTimeStep() are calling; Timer: cpu0=0.000 wall=0.002 
 Start: Adaptation, TotalRealCellsCount= 96105 
 End:   Adaptation; Timer: cpu0=0.000 wall=0.004 
 Start: Initialize data arrays on chips
 End:   Initialize data arrays on chips, res= 0; Timer: cpu0=0.000 wall=0.002 
  ***** Maximum Geometrical Gauss = 2.31353e-14, cell= 690:6:6:6:0
  ***** Maximum MovingSurf  Gauss = 0, cell= 
 Start: Initialize data arrays on chips
 End:   Initialize data arrays on chips, res= 0; Timer: cpu0=0.000 wall=0.001 
 Start: TimeServis
 End:   TimeServis; Timer: cpu0=0.328 wall=0.044 
 Start: FindEnclaves
 End:   FindEnclaves; Timer: cpu0=0.078 wall=0.082 
 Start: VarValueService
 End:   VarValueService; Timer: cpu0=0.000 wall=0.001 
 Start: SolvePhaseEquation 
 End:   SolvePhaseEquation ; Timer: cpu0=16.406 wall=1.994 
 Start: SolidFiltersProcess: calculate forces and moments
 End:   SolidFiltersProcess: calculate forces and moments; Timer: cpu0=0.000 wall=0.002 
 Start: PrepareDataForNextStep
 End:   PrepareDataForNextStep; Timer: cpu0=0.344 wall=0.050 
 Start: VarValueService
 End:   VarValueService; Timer: cpu0=0.000 wall=0.001 
 Start: UpdateStopperData
 End:   UpdateStopperData; Timer: cpu0=0.000 wall=0.001 
 Start: Saving text status in E:\UniFlight\flow\Land_fv\data\Land.status
 End:   Saving text status in E:\UniFlight\flow\Land_fv\data\Land.status; Timer: cpu0=0.000 wall=0.002 
 End:   ===== Time Step =====, Iter number =  175; Timer: cpu0=18.250 wall=2.283 

21.06.26 03:51:34  ===== Processing Layers =====
21.06.26 03:51:34    *SEND* for CScalarLayer, GUID=0E21CAB5-1866-4124-A2B3-DEC499FA58E6
 Start: ComputeVolumeCharacteristics
 End:   ComputeVolumeCharacteristics; Timer: cpu0=0.000 wall=0.004 
 Start: GetValueOnFacets
 End:   GetValueOnFacets; Timer: cpu0=0.016 wall=0.013 
21.06.26 03:51:35    *SEND* for CScalarLayer, GUID=A3659819-C06E-40A1-8932-64A566FBB4DA
 Start: ComputeVolumeCharacteristics
 End:   ComputeVolumeCharacteristics; Timer: cpu0=0.000 wall=0.004 
 Start: GetValueOnFacets
 End:   GetValueOnFacets; Timer: cpu0=0.203 wall=0.046 
21.06.26 03:51:35    *SEND* for CIntegralCharsLayer, GUID=4E090A0C-544B-E4A2-4242-BEC451D7CD2B
21.06.26 03:51:35    *SEND* for CIntegralCharsLayer, GUID=927DEDC8-AF71-7A31-D608-FB7EA635069E
21.06.26 03:51:35    *SEND* for CIntegralCharsLayer, GUID=7EF96C33-7880-7A39-F672-8DCB17098C5C
 End:   ===== Processing Layers =====; Timer: cpu0=0.391 wall=0.097 

21.06.26 03:51:35  ===== New Time Step =====, Iter number =  176
 Start: TimeServis
 End:   TimeServis; Timer: cpu0=0.344 wall=0.041 
 Start: User modules' functions BeforeTimeStep() are calling
 End:   User modules' functions BeforeTimeStep() are calling; Timer: cpu0=0.000 wall=0.001 
 Start: Adaptation, TotalRealCellsCount= 96105 
 End:   Adaptation; Timer: cpu0=0.000 wall=0.004 
 Start: Initialize data arrays on chips
 End:   Initialize data arrays on chips, res= 0; Timer: cpu0=0.000 wall=0.002 
  ***** Maximum Geometrical Gauss = 2.31353e-14, cell= 690:6:6:6:0
  ***** Maximum MovingSurf  Gauss = 0, cell= 
 Start: Initialize data arrays on chips
 End:   Initialize data arrays on chips, res= 0; Timer: cpu0=0.000 wall=0.002 
 Start: TimeServis
 End:   TimeServis; Timer: cpu0=0.391 wall=0.043 
 Start: FindEnclaves
 End:   FindEnclaves; Timer: cpu0=0.094 wall=0.089 
 Start: VarValueService
 End:   VarValueService; Timer: cpu0=0.000 wall=0.001 
 Start: SolvePhaseEquation 
 End:   SolvePhaseEquation ; Timer: cpu0=17.219 wall=2.016 
 Start: SolidFiltersProcess: calculate forces and moments
 End:   SolidFiltersProcess: calculate forces and moments; Timer: cpu0=0.000 wall=0.002 
 Start: PrepareDataForNextStep
 End:   PrepareDataForNextStep; Timer: cpu0=0.453 wall=0.053 
 Start: VarValueService
 End:   VarValueService; Timer: cpu0=0.000 wall=0.001 
 Start: UpdateStopperData
 End:   UpdateStopperData; Timer: cpu0=0.000 wall=0.001 
 Start: Saving text status in E:\UniFlight\flow\Land_fv\data\Land.status
 End:   Saving text status in E:\UniFlight\flow\Land_fv\data\Land.status; Timer: cpu0=0.000 wall=0.002 
 End:   ===== Time Step =====, Iter number =  176; Timer: cpu0=18.672 wall=2.317 

21.06.26 03:51:37  ===== Processing Layers =====
21.06.26 03:51:37    *SEND* for CScalarLayer, GUID=0E21CAB5-1866-4124-A2B3-DEC499FA58E6
 Start: ComputeVolumeCharacteristics
 End:   ComputeVolumeCharacteristics; Timer: cpu0=0.000 wall=0.004 
 Start: GetValueOnFacets
 End:   GetValueOnFacets; Timer: cpu0=0.016 wall=0.011 
21.06.26 03:51:37    *SEND* for CScalarLayer, GUID=A3659819-C06E-40A1-8932-64A566FBB4DA
 Start: ComputeVolumeCharacteristics
 End:   ComputeVolumeCharacteristics; Timer: cpu0=0.000 wall=0.003 
 Start: GetValueOnFacets
 End:   GetValueOnFacets; Timer: cpu0=0.047 wall=0.045 
21.06.26 03:51:37    *SEND* for CIntegralCharsLayer, GUID=4E090A0C-544B-E4A2-4242-BEC451D7CD2B
21.06.26 03:51:37    *SEND* for CIntegralCharsLayer, GUID=927DEDC8-AF71-7A31-D608-FB7EA635069E
21.06.26 03:51:37    *SEND* for CIntegralCharsLayer, GUID=7EF96C33-7880-7A39-F672-8DCB17098C5C
 End:   ===== Processing Layers =====; Timer: cpu0=0.312 wall=0.095 

21.06.26 03:51:37  ===== New Time Step =====, Iter number =  177
 Start: TimeServis
 End:   TimeServis; Timer: cpu0=0.516 wall=0.045 
 Start: User modules' functions BeforeTimeStep() are calling
 End:   User modules' functions BeforeTimeStep() are calling; Timer: cpu0=0.000 wall=0.001 
 Start: Adaptation, TotalRealCellsCount= 96105 
 End:   Adaptation; Timer: cpu0=0.000 wall=0.005 
 Start: Initialize data arrays on chips
 End:   Initialize data arrays on chips, res= 0; Timer: cpu0=0.000 wall=0.001 
  ***** Maximum Geometrical Gauss = 2.31353e-14, cell= 690:6:6:6:0
  ***** Maximum MovingSurf  Gauss = 0, cell= 
 Start: Initialize data arrays on chips
 End:   Initialize data arrays on chips, res= 0; Timer: cpu0=0.000 wall=0.002 
 Start: TimeServis
 End:   TimeServis; Timer: cpu0=0.453 wall=0.050 
 Start: FindEnclaves
 End:   FindEnclaves; Timer: cpu0=0.078 wall=0.087 
 Start: VarValueService
 End:   VarValueService; Timer: cpu0=0.000 wall=0.001 
 Start: SolvePhaseEquation 
 End:   SolvePhaseEquation ; Timer: cpu0=16.141 wall=2.044 
 Start: SolidFiltersProcess: calculate forces and moments
 End:   SolidFiltersProcess: calculate forces and moments; Timer: cpu0=0.000 wall=0.001 
 Start: PrepareDataForNextStep
 End:   PrepareDataForNextStep; Timer: cpu0=0.438 wall=0.046 
 Start: VarValueService
 End:   VarValueService; Timer: cpu0=0.000 wall=0.001 
 Start: UpdateStopperData
 End:   UpdateStopperData; Timer: cpu0=0.000 wall=0.001 
 Start: Saving text status in E:\UniFlight\flow\Land_fv\data\Land.status
 End:   Saving text status in E:\UniFlight\flow\Land_fv\data\Land.status; Timer: cpu0=0.000 wall=0.002 
 End:   ===== Time Step =====, Iter number =  177; Timer: cpu0=17.969 wall=2.348 

21.06.26 03:51:40  ===== Processing Layers =====
21.06.26 03:51:40    *SEND* for CScalarLayer, GUID=0E21CAB5-1866-4124-A2B3-DEC499FA58E6
 Start: ComputeVolumeCharacteristics
 End:   ComputeVolumeCharacteristics; Timer: cpu0=0.000 wall=0.005 
 Start: GetValueOnFacets
 End:   GetValueOnFacets; Timer: cpu0=0.000 wall=0.012 
21.06.26 03:51:40    *SEND* for CScalarLayer, GUID=A3659819-C06E-40A1-8932-64A566FBB4DA
 Start: ComputeVolumeCharacteristics
 End:   ComputeVolumeCharacteristics; Timer: cpu0=0.000 wall=0.004 
 Start: GetValueOnFacets
 End:   GetValueOnFacets; Timer: cpu0=0.203 wall=0.045 
21.06.26 03:51:40    *SEND* for CIntegralCharsLayer, GUID=4E090A0C-544B-E4A2-4242-BEC451D7CD2B
21.06.26 03:51:40    *SEND* for CIntegralCharsLayer, GUID=927DEDC8-AF71-7A31-D608-FB7EA635069E
21.06.26 03:51:40    *SEND* for CIntegralCharsLayer, GUID=7EF96C33-7880-7A39-F672-8DCB17098C5C
 End:   ===== Processing Layers =====; Timer: cpu0=0.203 wall=0.099 

21.06.26 03:51:40  ===== New Time Step =====, Iter number =  178
 Start: TimeServis
 End:   TimeServis; Timer: cpu0=0.344 wall=0.041 
 Start: User modules' functions BeforeTimeStep() are calling
 End:   User modules' functions BeforeTimeStep() are calling; Timer: cpu0=0.000 wall=0.001 
 Start: Adaptation, TotalRealCellsCount= 96105 
 End:   Adaptation; Timer: cpu0=0.000 wall=0.004 
 Start: Initialize data arrays on chips
 End:   Initialize data arrays on chips, res= 0; Timer: cpu0=0.000 wall=0.001 
  ***** Maximum Geometrical Gauss = 2.31353e-14, cell= 690:6:6:6:0
  ***** Maximum MovingSurf  Gauss = 0, cell= 
 Start: Initialize data arrays on chips
 End:   Initialize data arrays on chips, res= 0; Timer: cpu0=0.000 wall=0.002 
 Start: TimeServis
 End:   TimeServis; Timer: cpu0=0.453 wall=0.042 
 Start: FindEnclaves
 End:   FindEnclaves; Timer: cpu0=0.094 wall=0.086 
 Start: VarValueService
 End:   VarValueService; Timer: cpu0=0.000 wall=0.001 
 Start: SolvePhaseEquation 
 End:   SolvePhaseEquation ; Timer: cpu0=16.078 wall=2.068 
 Start: SolidFiltersProcess: calculate forces and moments
 End:   SolidFiltersProcess: calculate forces and moments; Timer: cpu0=0.000 wall=0.002 
 Start: PrepareDataForNextStep
 End:   PrepareDataForNextStep; Timer: cpu0=0.375 wall=0.052 
 Start: VarValueService
 End:   VarValueService; Timer: cpu0=0.000 wall=0.001 
 Start: UpdateStopperData
 End:   UpdateStopperData; Timer: cpu0=0.000 wall=0.001 
 Start: Saving text status in E:\UniFlight\flow\Land_fv\data\Land.status
 End:   Saving text status in E:\UniFlight\flow\Land_fv\data\Land.status; Timer: cpu0=0.000 wall=0.002 
 End:   ===== Time Step =====, Iter number =  178; Timer: cpu0=17.547 wall=2.363 

21.06.26 03:51:43  ===== Processing Layers =====
21.06.26 03:51:43    *SEND* for CScalarLayer, GUID=0E21CAB5-1866-4124-A2B3-DEC499FA58E6
 Start: ComputeVolumeCharacteristics
 End:   ComputeVolumeCharacteristics; Timer: cpu0=0.000 wall=0.004 
 Start: GetValueOnFacets
 End:   GetValueOnFacets; Timer: cpu0=0.172 wall=0.014 
21.06.26 03:51:43    *SEND* for CScalarLayer, GUID=A3659819-C06E-40A1-8932-64A566FBB4DA
 Start: ComputeVolumeCharacteristics
 End:   ComputeVolumeCharacteristics; Timer: cpu0=0.000 wall=0.004 
 Start: GetValueOnFacets
 End:   GetValueOnFacets; Timer: cpu0=0.062 wall=0.053 
21.06.26 03:51:43    *SEND* for CIntegralCharsLayer, GUID=4E090A0C-544B-E4A2-4242-BEC451D7CD2B
21.06.26 03:51:43    *SEND* for CIntegralCharsLayer, GUID=927DEDC8-AF71-7A31-D608-FB7EA635069E
21.06.26 03:51:43    *SEND* for CIntegralCharsLayer, GUID=7EF96C33-7880-7A39-F672-8DCB17098C5C
 End:   ===== Processing Layers =====; Timer: cpu0=0.234 wall=0.103 

21.06.26 03:51:43  ===== New Time Step =====, Iter number =  179
 Start: TimeServis
 End:   TimeServis; Timer: cpu0=0.203 wall=0.038 
 Start: User modules' functions BeforeTimeStep() are calling
 End:   User modules' functions BeforeTimeStep() are calling; Timer: cpu0=0.000 wall=0.001 
 Start: Adaptation, TotalRealCellsCount= 96105 
 End:   Adaptation; Timer: cpu0=0.000 wall=0.004 
 Start: Initialize data arrays on chips
 End:   Initialize data arrays on chips, res= 0; Timer: cpu0=0.000 wall=0.002 
  ***** Maximum Geometrical Gauss = 2.31353e-14, cell= 690:6:6:6:0
  ***** Maximum MovingSurf  Gauss = 0, cell= 
 Start: Initialize data arrays on chips
 End:   Initialize data arrays on chips, res= 0; Timer: cpu0=0.000 wall=0.002 
 Start: TimeServis
 End:   TimeServis; Timer: cpu0=0.406 wall=0.040 
 Start: FindEnclaves
 End:   FindEnclaves; Timer: cpu0=0.078 wall=0.081 
 Start: VarValueService
 End:   VarValueService; Timer: cpu0=0.062 wall=0.001 
 Start: SolvePhaseEquation 
 End:   SolvePhaseEquation ; Timer: cpu0=16.906 wall=1.984 
 Start: SolidFiltersProcess: calculate forces and moments
 End:   SolidFiltersProcess: calculate forces and moments; Timer: cpu0=0.000 wall=0.002 
 Start: PrepareDataForNextStep
 End:   PrepareDataForNextStep; Timer: cpu0=0.531 wall=0.057 
 Start: VarValueService
 End:   VarValueService; Timer: cpu0=0.000 wall=0.001 
 Start: UpdateStopperData
 End:   UpdateStopperData; Timer: cpu0=0.000 wall=0.001 
 Start: Saving text status in E:\UniFlight\flow\Land_fv\data\Land.status
 End:   Saving text status in E:\UniFlight\flow\Land_fv\data\Land.status; Timer: cpu0=0.000 wall=0.002 
 End:   ===== Time Step =====, Iter number =  179; Timer: cpu0=18.406 wall=2.275 

21.06.26 03:51:45  ===== Processing Layers =====
21.06.26 03:51:45    *SEND* for CScalarLayer, GUID=0E21CAB5-1866-4124-A2B3-DEC499FA58E6
 Start: ComputeVolumeCharacteristics
 End:   ComputeVolumeCharacteristics; Timer: cpu0=0.172 wall=0.004 
 Start: GetValueOnFacets
 End:   GetValueOnFacets; Timer: cpu0=0.000 wall=0.011 
21.06.26 03:51:45    *SEND* for CScalarLayer, GUID=A3659819-C06E-40A1-8932-64A566FBB4DA
 Start: ComputeVolumeCharacteristics
 End:   ComputeVolumeCharacteristics; Timer: cpu0=0.000 wall=0.005 
 Start: GetValueOnFacets
 End:   GetValueOnFacets; Timer: cpu0=0.047 wall=0.047 
21.06.26 03:51:45    *SEND* for CIntegralCharsLayer, GUID=4E090A0C-544B-E4A2-4242-BEC451D7CD2B
21.06.26 03:51:45    *SEND* for CIntegralCharsLayer, GUID=927DEDC8-AF71-7A31-D608-FB7EA635069E
21.06.26 03:51:45    *SEND* for CIntegralCharsLayer, GUID=7EF96C33-7880-7A39-F672-8DCB17098C5C
 End:   ===== Processing Layers =====; Timer: cpu0=0.219 wall=0.098 

21.06.26 03:51:45  ===== New Time Step =====, Iter number =  180
 Start: TimeServis
 End:   TimeServis; Timer: cpu0=0.453 wall=0.047 
 Start: User modules' functions BeforeTimeStep() are calling
 End:   User modules' functions BeforeTimeStep() are calling; Timer: cpu0=0.000 wall=0.001 
 Start: Adaptation, TotalRealCellsCount= 96105 
 End:   Adaptation; Timer: cpu0=6.406 wall=0.770 
 Start: DistributeGridOnProcessors
 End:   DistributeGridOnProcessors, res= 0; Timer: cpu0=0.891 wall=0.204 
 Start: SetNeiHyperCells
 End:   SetNeiHyperCells, res= 0; Timer: cpu0=0.000 wall=0.008 
 Start: BuildFacetDistribution
 End:   BuildFacetDistribution; Timer: cpu0=0.156 wall=0.002 
 Start: Initialize data arrays on chips
 End:   Initialize data arrays on chips, res= 0; Timer: cpu0=0.000 wall=0.001 
  ***** Maximum Geometrical Gauss = 2.31353e-14, cell= 690:6:6:6:0
  ***** Maximum MovingSurf  Gauss = 7.24129e-14, cell= 795:6:2:7:0
 Start: Remove Small Cells
 End:   Remove Small Cells; Timer: cpu0=0.172 wall=0.019 
 Start: Initialize data arrays on chips
 End:   Initialize data arrays on chips, res= 0; Timer: cpu0=0.000 wall=0.002 
  ***** Maximum Geometrical Gauss = 2.31353e-14, cell= 690:6:6:6:0
  ***** Maximum MovingSurf  Gauss = 7.24129e-14, cell= 795:6:2:7:0
 Start: Initialize data arrays on chips
 End:   Initialize data arrays on chips, res= 0; Timer: cpu0=0.000 wall=0.002 
 Start: Modify Chip Data
 End:   Modify Chip Data; Timer: cpu0=0.344 wall=0.039 
 Start: TimeServis
 End:   TimeServis; Timer: cpu0=0.656 wall=0.057 
 Start: FindEnclaves
 End:   FindEnclaves; Timer: cpu0=0.266 wall=0.098 
 Start: VarValueService
 End:   VarValueService; Timer: cpu0=0.000 wall=0.002 
 Start: SolvePhaseEquation 
 End:   SolvePhaseEquation ; Timer: cpu0=16.438 wall=2.075 
 Start: SolidFiltersProcess: calculate forces and moments
 End:   SolidFiltersProcess: calculate forces and moments; Timer: cpu0=0.000 wall=0.002 
 Start: PrepareDataForNextStep
 End:   PrepareDataForNextStep; Timer: cpu0=0.578 wall=0.053 
 Start: VarValueService
 End:   VarValueService; Timer: cpu0=0.000 wall=0.001 
 Start: UpdateStopperData
 End:   UpdateStopperData; Timer: cpu0=0.000 wall=0.001 
 Start: Saving text status in E:\UniFlight\flow\Land_fv\data\Land.status
 End:   Saving text status in E:\UniFlight\flow\Land_fv\data\Land.status; Timer: cpu0=0.000 wall=0.002 
 End:   ===== Time Step =====, Iter number =  180; Timer: cpu0=26.578 wall=3.478 

21.06.26 03:51:49  ===== Processing Layers =====
21.06.26 03:51:49    *SEND* for CScalarLayer, GUID=0E21CAB5-1866-4124-A2B3-DEC499FA58E6
 Start: ComputeVolumeCharacteristics
 End:   ComputeVolumeCharacteristics; Timer: cpu0=0.000 wall=0.005 
 Start: GetValueOnFacets
 End:   GetValueOnFacets; Timer: cpu0=0.016 wall=0.012 
21.06.26 03:51:49    *SEND* for CScalarLayer, GUID=A3659819-C06E-40A1-8932-64A566FBB4DA
 Start: ComputeVolumeCharacteristics
 End:   ComputeVolumeCharacteristics; Timer: cpu0=0.000 wall=0.004 
 Start: GetValueOnFacets
 End:   GetValueOnFacets; Timer: cpu0=0.203 wall=0.045 
21.06.26 03:51:49    *SEND* for CIntegralCharsLayer, GUID=4E090A0C-544B-E4A2-4242-BEC451D7CD2B
21.06.26 03:51:49    *SEND* for CIntegralCharsLayer, GUID=927DEDC8-AF71-7A31-D608-FB7EA635069E
21.06.26 03:51:49    *SEND* for CIntegralCharsLayer, GUID=7EF96C33-7880-7A39-F672-8DCB17098C5C
 End:   ===== Processing Layers =====; Timer: cpu0=0.391 wall=0.097 

21.06.26 03:51:49  ===== New Time Step =====, Iter number =  181
 Start: TimeServis
 End:   TimeServis; Timer: cpu0=0.422 wall=0.045 
 Start: User modules' functions BeforeTimeStep() are calling
 End:   User modules' functions BeforeTimeStep() are calling; Timer: cpu0=0.000 wall=0.001 
 Start: Adaptation, TotalRealCellsCount= 99031 
 End:   Adaptation; Timer: cpu0=5.016 wall=0.677 
 Start: DistributeGridOnProcessors
 End:   DistributeGridOnProcessors, res= 0; Timer: cpu0=1.078 wall=0.216 
 Start: SetNeiHyperCells
 End:   SetNeiHyperCells, res= 0; Timer: cpu0=0.172 wall=0.007 
 Start: BuildFacetDistribution
 End:   BuildFacetDistribution; Timer: cpu0=0.000 wall=0.002 
 Start: Initialize data arrays on chips
 End:   Initialize data arrays on chips, res= 0; Timer: cpu0=0.000 wall=0.002 
  ***** Maximum Geometrical Gauss = 2.31353e-14, cell= 690:6:6:6:0
  ***** Maximum MovingSurf  Gauss = 7.52766e-14, cell= 707:0:0:5:0
 Start: Remove Small Cells
 End:   Remove Small Cells; Timer: cpu0=0.172 wall=0.018 
 Start: Initialize data arrays on chips
 End:   Initialize data arrays on chips, res= 0; Timer: cpu0=0.000 wall=0.002 
  ***** Maximum Geometrical Gauss = 2.31353e-14, cell= 690:6:6:6:0
  ***** Maximum MovingSurf  Gauss = 7.52766e-14, cell= 707:0:0:5:0
 Start: Initialize data arrays on chips
 End:   Initialize data arrays on chips, res= 0; Timer: cpu0=0.000 wall=0.002 
 Start: Modify Chip Data
 End:   Modify Chip Data; Timer: cpu0=0.469 wall=0.039 
 Start: TimeServis
 End:   TimeServis; Timer: cpu0=0.359 wall=0.051 
 Start: FindEnclaves
 End:   FindEnclaves; Timer: cpu0=0.234 wall=0.094 
 Start: VarValueService
 End:   VarValueService; Timer: cpu0=0.000 wall=0.002 
 Start: SolvePhaseEquation 
 End:   SolvePhaseEquation ; Timer: cpu0=16.188 wall=1.983 
 Start: SolidFiltersProcess: calculate forces and moments
 End:   SolidFiltersProcess: calculate forces and moments; Timer: cpu0=0.000 wall=0.002 
 Start: PrepareDataForNextStep
 End:   PrepareDataForNextStep; Timer: cpu0=0.250 wall=0.057 
 Start: VarValueService
 End:   VarValueService; Timer: cpu0=0.000 wall=0.002 
 Start: UpdateStopperData
 End:   UpdateStopperData; Timer: cpu0=0.000 wall=0.001 
 Start: Saving text status in E:\UniFlight\flow\Land_fv\data\Land.status
 End:   Saving text status in E:\UniFlight\flow\Land_fv\data\Land.status; Timer: cpu0=0.000 wall=0.002 
 End:   ===== Time Step =====, Iter number =  181; Timer: cpu0=24.688 wall=3.295 

21.06.26 03:51:53  ===== Processing Layers =====
21.06.26 03:51:53    *SEND* for CScalarLayer, GUID=0E21CAB5-1866-4124-A2B3-DEC499FA58E6
 Start: ComputeVolumeCharacteristics
 End:   ComputeVolumeCharacteristics; Timer: cpu0=0.000 wall=0.004 
 Start: GetValueOnFacets
 End:   GetValueOnFacets; Timer: cpu0=0.016 wall=0.011 
21.06.26 03:51:53    *SEND* for CScalarLayer, GUID=A3659819-C06E-40A1-8932-64A566FBB4DA
 Start: ComputeVolumeCharacteristics
 End:   ComputeVolumeCharacteristics; Timer: cpu0=0.000 wall=0.004 
 Start: GetValueOnFacets
 End:   GetValueOnFacets; Timer: cpu0=0.047 wall=0.048 
21.06.26 03:51:53    *SEND* for CIntegralCharsLayer, GUID=4E090A0C-544B-E4A2-4242-BEC451D7CD2B
21.06.26 03:51:53    *SEND* for CIntegralCharsLayer, GUID=927DEDC8-AF71-7A31-D608-FB7EA635069E
21.06.26 03:51:53    *SEND* for CIntegralCharsLayer, GUID=7EF96C33-7880-7A39-F672-8DCB17098C5C
 End:   ===== Processing Layers =====; Timer: cpu0=0.234 wall=0.097 

21.06.26 03:51:53  ===== New Time Step =====, Iter number =  182
 Start: TimeServis
 End:   TimeServis; Timer: cpu0=0.516 wall=0.043 
 Start: User modules' functions BeforeTimeStep() are calling
 End:   User modules' functions BeforeTimeStep() are calling; Timer: cpu0=0.000 wall=0.001 
 Start: Adaptation, TotalRealCellsCount= 96056 
 End:   Adaptation; Timer: cpu0=0.000 wall=0.004 
 Start: Initialize data arrays on chips
 End:   Initialize data arrays on chips, res= 0; Timer: cpu0=0.000 wall=0.003 
  ***** Maximum Geometrical Gauss = 2.31353e-14, cell= 690:6:6:6:0
  ***** Maximum MovingSurf  Gauss = 0, cell= 
 Start: Initialize data arrays on chips
 End:   Initialize data arrays on chips, res= 0; Timer: cpu0=0.000 wall=0.002 
 Start: TimeServis
 End:   TimeServis; Timer: cpu0=0.516 wall=0.048 
 Start: FindEnclaves
 End:   FindEnclaves; Timer: cpu0=0.094 wall=0.096 
 Start: VarValueService
 End:   VarValueService; Timer: cpu0=0.000 wall=0.000 
 Start: SolvePhaseEquation 
 End:   SolvePhaseEquation ; Timer: cpu0=16.656 wall=1.973 
 Start: SolidFiltersProcess: calculate forces and moments
 End:   SolidFiltersProcess: calculate forces and moments; Timer: cpu0=0.000 wall=0.002 
 Start: PrepareDataForNextStep
 End:   PrepareDataForNextStep; Timer: cpu0=0.375 wall=0.054 
 Start: VarValueService
 End:   VarValueService; Timer: cpu0=0.000 wall=0.001 
 Start: UpdateStopperData
 End:   UpdateStopperData; Timer: cpu0=0.000 wall=0.001 
 Start: Saving text status in E:\UniFlight\flow\Land_fv\data\Land.status
 End:   Saving text status in E:\UniFlight\flow\Land_fv\data\Land.status; Timer: cpu0=0.000 wall=0.002 
 End:   ===== Time Step =====, Iter number =  182; Timer: cpu0=18.656 wall=2.294 

21.06.26 03:51:56  ===== Processing Layers =====
21.06.26 03:51:56    *SEND* for CScalarLayer, GUID=0E21CAB5-1866-4124-A2B3-DEC499FA58E6
 Start: ComputeVolumeCharacteristics
 End:   ComputeVolumeCharacteristics; Timer: cpu0=0.000 wall=0.004 
 Start: GetValueOnFacets
 End:   GetValueOnFacets; Timer: cpu0=0.172 wall=0.013 
21.06.26 03:51:56    *SEND* for CScalarLayer, GUID=A3659819-C06E-40A1-8932-64A566FBB4DA
 Start: ComputeVolumeCharacteristics
 End:   ComputeVolumeCharacteristics; Timer: cpu0=0.000 wall=0.004 
 Start: GetValueOnFacets
 End:   GetValueOnFacets; Timer: cpu0=0.203 wall=0.053 
21.06.26 03:51:56    *SEND* for CIntegralCharsLayer, GUID=4E090A0C-544B-E4A2-4242-BEC451D7CD2B
21.06.26 03:51:56    *SEND* for CIntegralCharsLayer, GUID=927DEDC8-AF71-7A31-D608-FB7EA635069E
21.06.26 03:51:56    *SEND* for CIntegralCharsLayer, GUID=7EF96C33-7880-7A39-F672-8DCB17098C5C
 End:   ===== Processing Layers =====; Timer: cpu0=0.719 wall=0.103 

21.06.26 03:51:56  ===== New Time Step =====, Iter number =  183
 Start: TimeServis
 End:   TimeServis; Timer: cpu0=0.516 wall=0.043 
 Start: User modules' functions BeforeTimeStep() are calling
 End:   User modules' functions BeforeTimeStep() are calling; Timer: cpu0=0.000 wall=0.001 
 Start: Adaptation, TotalRealCellsCount= 96056 
 End:   Adaptation; Timer: cpu0=0.109 wall=0.004 
 Start: Initialize data arrays on chips
 End:   Initialize data arrays on chips, res= 0; Timer: cpu0=0.000 wall=0.002 
  ***** Maximum Geometrical Gauss = 2.31353e-14, cell= 690:6:6:6:0
  ***** Maximum MovingSurf  Gauss = 0, cell= 
 Start: Initialize data arrays on chips
 End:   Initialize data arrays on chips, res= 0; Timer: cpu0=0.000 wall=0.002 
 Start: TimeServis
 End:   TimeServis; Timer: cpu0=0.484 wall=0.050 
 Start: FindEnclaves
 End:   FindEnclaves; Timer: cpu0=0.078 wall=0.093 
 Start: VarValueService
 End:   VarValueService; Timer: cpu0=0.000 wall=0.001 
 Start: SolvePhaseEquation 
 End:   SolvePhaseEquation ; Timer: cpu0=16.109 wall=1.984 
 Start: SolidFiltersProcess: calculate forces and moments
 End:   SolidFiltersProcess: calculate forces and moments; Timer: cpu0=0.000 wall=0.002 
 Start: PrepareDataForNextStep
 End:   PrepareDataForNextStep; Timer: cpu0=0.688 wall=0.060 
 Start: VarValueService
 End:   VarValueService; Timer: cpu0=0.000 wall=0.001 
 Start: UpdateStopperData
 End:   UpdateStopperData; Timer: cpu0=0.000 wall=0.001 
 Start: Saving text status in E:\UniFlight\flow\Land_fv\data\Land.status
 End:   Saving text status in E:\UniFlight\flow\Land_fv\data\Land.status; Timer: cpu0=0.000 wall=0.002 
 End:   ===== Time Step =====, Iter number =  183; Timer: cpu0=18.391 wall=2.307 

21.06.26 03:51:58  ===== Processing Layers =====
21.06.26 03:51:58    *SEND* for CScalarLayer, GUID=0E21CAB5-1866-4124-A2B3-DEC499FA58E6
 Start: ComputeVolumeCharacteristics
 End:   ComputeVolumeCharacteristics; Timer: cpu0=0.000 wall=0.005 
 Start: GetValueOnFacets
 End:   GetValueOnFacets; Timer: cpu0=0.016 wall=0.012 
21.06.26 03:51:58    *SEND* for CScalarLayer, GUID=A3659819-C06E-40A1-8932-64A566FBB4DA
 Start: ComputeVolumeCharacteristics
 End:   ComputeVolumeCharacteristics; Timer: cpu0=0.125 wall=0.007 
 Start: GetValueOnFacets
 End:   GetValueOnFacets; Timer: cpu0=0.203 wall=0.055 
21.06.26 03:51:58    *SEND* for CIntegralCharsLayer, GUID=4E090A0C-544B-E4A2-4242-BEC451D7CD2B
21.06.26 03:51:58    *SEND* for CIntegralCharsLayer, GUID=927DEDC8-AF71-7A31-D608-FB7EA635069E
21.06.26 03:51:58    *SEND* for CIntegralCharsLayer, GUID=7EF96C33-7880-7A39-F672-8DCB17098C5C
 End:   ===== Processing Layers =====; Timer: cpu0=0.344 wall=0.109 

21.06.26 03:51:58  ===== New Time Step =====, Iter number =  184
 Start: TimeServis
 End:   TimeServis; Timer: cpu0=0.516 wall=0.044 
 Start: User modules' functions BeforeTimeStep() are calling
 End:   User modules' functions BeforeTimeStep() are calling; Timer: cpu0=0.000 wall=0.002 
 Start: Adaptation, TotalRealCellsCount= 96056 
 End:   Adaptation; Timer: cpu0=0.047 wall=0.004 
 Start: Initialize data arrays on chips
 End:   Initialize data arrays on chips, res= 0; Timer: cpu0=0.000 wall=0.002 
  ***** Maximum Geometrical Gauss = 2.31353e-14, cell= 690:6:6:6:0
  ***** Maximum MovingSurf  Gauss = 0, cell= 
 Start: Initialize data arrays on chips
 End:   Initialize data arrays on chips, res= 0; Timer: cpu0=0.000 wall=0.002 
 Start: TimeServis
 End:   TimeServis; Timer: cpu0=0.469 wall=0.051 
 Start: FindEnclaves
 End:   FindEnclaves; Timer: cpu0=0.078 wall=0.082 
 Start: VarValueService
 End:   VarValueService; Timer: cpu0=0.000 wall=0.001 
 Start: SolvePhaseEquation 
 End:   SolvePhaseEquation ; Timer: cpu0=17.016 wall=2.046 
 Start: SolidFiltersProcess: calculate forces and moments
 End:   SolidFiltersProcess: calculate forces and moments; Timer: cpu0=0.000 wall=0.003 
 Start: PrepareDataForNextStep
 End:   PrepareDataForNextStep; Timer: cpu0=0.469 wall=0.063 
 Start: VarValueService
 End:   VarValueService; Timer: cpu0=0.000 wall=0.001 
 Start: UpdateStopperData
 End:   UpdateStopperData; Timer: cpu0=0.000 wall=0.001 
 Start: Saving text status in E:\UniFlight\flow\Land_fv\data\Land.status
 End:   Saving text status in E:\UniFlight\flow\Land_fv\data\Land.status; Timer: cpu0=0.000 wall=0.002 
 End:   ===== Time Step =====, Iter number =  184; Timer: cpu0=18.766 wall=2.367 

21.06.26 03:52:01  ===== Processing Layers =====
21.06.26 03:52:01    *SEND* for CScalarLayer, GUID=0E21CAB5-1866-4124-A2B3-DEC499FA58E6
 Start: ComputeVolumeCharacteristics
 End:   ComputeVolumeCharacteristics; Timer: cpu0=0.000 wall=0.007 
 Start: GetValueOnFacets
 End:   GetValueOnFacets; Timer: cpu0=0.156 wall=0.019 
21.06.26 03:52:01    *SEND* for CScalarLayer, GUID=A3659819-C06E-40A1-8932-64A566FBB4DA
 Start: ComputeVolumeCharacteristics
 End:   ComputeVolumeCharacteristics; Timer: cpu0=0.000 wall=0.004 
 Start: GetValueOnFacets
 End:   GetValueOnFacets; Timer: cpu0=0.219 wall=0.067 
21.06.26 03:52:01    *SEND* for CIntegralCharsLayer, GUID=4E090A0C-544B-E4A2-4242-BEC451D7CD2B
21.06.26 03:52:01    *SEND* for CIntegralCharsLayer, GUID=927DEDC8-AF71-7A31-D608-FB7EA635069E
21.06.26 03:52:01    *SEND* for CIntegralCharsLayer, GUID=7EF96C33-7880-7A39-F672-8DCB17098C5C
 End:   ===== Processing Layers =====; Timer: cpu0=0.516 wall=0.131 

21.06.26 03:52:01  ===== New Time Step =====, Iter number =  185
 Start: TimeServis
 End:   TimeServis; Timer: cpu0=0.344 wall=0.037 
 Start: User modules' functions BeforeTimeStep() are calling
 End:   User modules' functions BeforeTimeStep() are calling; Timer: cpu0=0.000 wall=0.001 
 Start: Adaptation, TotalRealCellsCount= 96056 
 End:   Adaptation; Timer: cpu0=0.047 wall=0.005 
 Start: Initialize data arrays on chips
 End:   Initialize data arrays on chips, res= 0; Timer: cpu0=0.000 wall=0.002 
  ***** Maximum Geometrical Gauss = 2.31353e-14, cell= 690:6:6:6:0
  ***** Maximum MovingSurf  Gauss = 0, cell= 
 Start: Initialize data arrays on chips
 End:   Initialize data arrays on chips, res= 0; Timer: cpu0=0.000 wall=0.003 
 Start: TimeServis
 End:   TimeServis; Timer: cpu0=0.516 wall=0.046 
 Start: FindEnclaves
 End:   FindEnclaves; Timer: cpu0=0.078 wall=0.086 
 Start: VarValueService
 End:   VarValueService; Timer: cpu0=0.000 wall=0.001 
 Start: SolvePhaseEquation 
 End:   SolvePhaseEquation ; Timer: cpu0=16.375 wall=1.969 
 Start: SolidFiltersProcess: calculate forces and moments
 End:   SolidFiltersProcess: calculate forces and moments; Timer: cpu0=0.000 wall=0.002 
 Start: PrepareDataForNextStep
 End:   PrepareDataForNextStep; Timer: cpu0=0.266 wall=0.056 
 Start: VarValueService
 End:   VarValueService; Timer: cpu0=0.000 wall=0.002 
 Start: UpdateStopperData
 End:   UpdateStopperData; Timer: cpu0=0.000 wall=0.001 
 Start: Saving text status in E:\UniFlight\flow\Land_fv\data\Land.status
 End:   Saving text status in E:\UniFlight\flow\Land_fv\data\Land.status; Timer: cpu0=0.000 wall=0.002 
 End:   ===== Time Step =====, Iter number =  185; Timer: cpu0=17.844 wall=2.276 

21.06.26 03:52:04  ===== Processing Layers =====
21.06.26 03:52:04    *SEND* for CScalarLayer, GUID=0E21CAB5-1866-4124-A2B3-DEC499FA58E6
 Start: ComputeVolumeCharacteristics
 End:   ComputeVolumeCharacteristics; Timer: cpu0=0.000 wall=0.004 
 Start: GetValueOnFacets
 End:   GetValueOnFacets; Timer: cpu0=0.016 wall=0.013 
21.06.26 03:52:04    *SEND* for CScalarLayer, GUID=A3659819-C06E-40A1-8932-64A566FBB4DA
 Start: ComputeVolumeCharacteristics
 End:   ComputeVolumeCharacteristics; Timer: cpu0=0.000 wall=0.004 
 Start: GetValueOnFacets
 End:   GetValueOnFacets; Timer: cpu0=0.203 wall=0.049 
21.06.26 03:52:04    *SEND* for CIntegralCharsLayer, GUID=4E090A0C-544B-E4A2-4242-BEC451D7CD2B
21.06.26 03:52:04    *SEND* for CIntegralCharsLayer, GUID=927DEDC8-AF71-7A31-D608-FB7EA635069E
21.06.26 03:52:04    *SEND* for CIntegralCharsLayer, GUID=7EF96C33-7880-7A39-F672-8DCB17098C5C
 End:   ===== Processing Layers =====; Timer: cpu0=0.562 wall=0.102 

21.06.26 03:52:04  ===== New Time Step =====, Iter number =  186
 Start: TimeServis
 End:   TimeServis; Timer: cpu0=0.312 wall=0.039 
 Start: User modules' functions BeforeTimeStep() are calling
 End:   User modules' functions BeforeTimeStep() are calling; Timer: cpu0=0.000 wall=0.001 
 Start: Adaptation, TotalRealCellsCount= 96056 
 End:   Adaptation; Timer: cpu0=0.000 wall=0.004 
 Start: Initialize data arrays on chips
 End:   Initialize data arrays on chips, res= 0; Timer: cpu0=0.000 wall=0.002 
  ***** Maximum Geometrical Gauss = 2.31353e-14, cell= 690:6:6:6:0
  ***** Maximum MovingSurf  Gauss = 0, cell= 
 Start: Initialize data arrays on chips
 End:   Initialize data arrays on chips, res= 0; Timer: cpu0=0.000 wall=0.001 
 Start: TimeServis
 End:   TimeServis; Timer: cpu0=0.516 wall=0.047 
 Start: FindEnclaves
 End:   FindEnclaves; Timer: cpu0=0.234 wall=0.083 
 Start: VarValueService
 End:   VarValueService; Timer: cpu0=0.000 wall=0.001 
 Start: SolvePhaseEquation 
 End:   SolvePhaseEquation ; Timer: cpu0=16.703 wall=1.944 
 Start: SolidFiltersProcess: calculate forces and moments
 End:   SolidFiltersProcess: calculate forces and moments; Timer: cpu0=0.000 wall=0.002 
 Start: PrepareDataForNextStep
 End:   PrepareDataForNextStep; Timer: cpu0=0.391 wall=0.060 
 Start: VarValueService
 End:   VarValueService; Timer: cpu0=0.000 wall=0.001 
 Start: UpdateStopperData
 End:   UpdateStopperData; Timer: cpu0=0.000 wall=0.001 
 Start: Saving text status in E:\UniFlight\flow\Land_fv\data\Land.status
 End:   Saving text status in E:\UniFlight\flow\Land_fv\data\Land.status; Timer: cpu0=0.000 wall=0.003 
 End:   ===== Time Step =====, Iter number =  186; Timer: cpu0=18.422 wall=2.249 

21.06.26 03:52:06  ===== Processing Layers =====
21.06.26 03:52:06    *SEND* for CScalarLayer, GUID=0E21CAB5-1866-4124-A2B3-DEC499FA58E6
 Start: ComputeVolumeCharacteristics
 End:   ComputeVolumeCharacteristics; Timer: cpu0=0.000 wall=0.005 
 Start: GetValueOnFacets
 End:   GetValueOnFacets; Timer: cpu0=0.016 wall=0.013 
21.06.26 03:52:06    *SEND* for CScalarLayer, GUID=A3659819-C06E-40A1-8932-64A566FBB4DA
 Start: ComputeVolumeCharacteristics
 End:   ComputeVolumeCharacteristics; Timer: cpu0=0.000 wall=0.005 
 Start: GetValueOnFacets
 End:   GetValueOnFacets; Timer: cpu0=0.188 wall=0.050 
21.06.26 03:52:06    *SEND* for CIntegralCharsLayer, GUID=4E090A0C-544B-E4A2-4242-BEC451D7CD2B
21.06.26 03:52:06    *SEND* for CIntegralCharsLayer, GUID=927DEDC8-AF71-7A31-D608-FB7EA635069E
21.06.26 03:52:06    *SEND* for CIntegralCharsLayer, GUID=7EF96C33-7880-7A39-F672-8DCB17098C5C
 End:   ===== Processing Layers =====; Timer: cpu0=0.219 wall=0.106 

21.06.26 03:52:06  ===== New Time Step =====, Iter number =  187
 Start: TimeServis
 End:   TimeServis; Timer: cpu0=0.344 wall=0.040 
 Start: User modules' functions BeforeTimeStep() are calling
 End:   User modules' functions BeforeTimeStep() are calling; Timer: cpu0=0.000 wall=0.001 
 Start: Adaptation, TotalRealCellsCount= 96056 
 End:   Adaptation; Timer: cpu0=0.000 wall=0.005 
 Start: Initialize data arrays on chips
 End:   Initialize data arrays on chips, res= 0; Timer: cpu0=0.172 wall=0.002 
  ***** Maximum Geometrical Gauss = 2.31353e-14, cell= 690:6:6:6:0
  ***** Maximum MovingSurf  Gauss = 0, cell= 
 Start: Initialize data arrays on chips
 End:   Initialize data arrays on chips, res= 0; Timer: cpu0=0.000 wall=0.002 
 Start: TimeServis
 End:   TimeServis; Timer: cpu0=0.438 wall=0.051 
 Start: FindEnclaves
 End:   FindEnclaves; Timer: cpu0=0.094 wall=0.096 
 Start: VarValueService
 End:   VarValueService; Timer: cpu0=0.000 wall=0.002 
 Start: SolvePhaseEquation 
 End:   SolvePhaseEquation ; Timer: cpu0=15.672 wall=1.965 
 Start: SolidFiltersProcess: calculate forces and moments
 End:   SolidFiltersProcess: calculate forces and moments; Timer: cpu0=0.000 wall=0.002 
 Start: PrepareDataForNextStep
 End:   PrepareDataForNextStep; Timer: cpu0=0.484 wall=0.063 
 Start: VarValueService
 End:   VarValueService; Timer: cpu0=0.000 wall=0.001 
 Start: UpdateStopperData
 End:   UpdateStopperData; Timer: cpu0=0.000 wall=0.001 
 Start: Saving text status in E:\UniFlight\flow\Land_fv\data\Land.status
 End:   Saving text status in E:\UniFlight\flow\Land_fv\data\Land.status; Timer: cpu0=0.000 wall=0.003 
 End:   ===== Time Step =====, Iter number =  187; Timer: cpu0=17.391 wall=2.301 

21.06.26 03:52:09  ===== Processing Layers =====
21.06.26 03:52:09    *SEND* for CScalarLayer, GUID=0E21CAB5-1866-4124-A2B3-DEC499FA58E6
 Start: ComputeVolumeCharacteristics
 End:   ComputeVolumeCharacteristics; Timer: cpu0=0.000 wall=0.003 
 Start: GetValueOnFacets
 End:   GetValueOnFacets; Timer: cpu0=0.016 wall=0.016 
21.06.26 03:52:09    *SEND* for CScalarLayer, GUID=A3659819-C06E-40A1-8932-64A566FBB4DA
 Start: ComputeVolumeCharacteristics
 End:   ComputeVolumeCharacteristics; Timer: cpu0=0.000 wall=0.004 
 Start: GetValueOnFacets
 End:   GetValueOnFacets; Timer: cpu0=0.203 wall=0.048 
21.06.26 03:52:09    *SEND* for CIntegralCharsLayer, GUID=4E090A0C-544B-E4A2-4242-BEC451D7CD2B
21.06.26 03:52:09    *SEND* for CIntegralCharsLayer, GUID=927DEDC8-AF71-7A31-D608-FB7EA635069E
21.06.26 03:52:09    *SEND* for CIntegralCharsLayer, GUID=7EF96C33-7880-7A39-F672-8DCB17098C5C
 End:   ===== Processing Layers =====; Timer: cpu0=0.578 wall=0.101 

21.06.26 03:52:09  ===== New Time Step =====, Iter number =  188
 Start: TimeServis
 End:   TimeServis; Timer: cpu0=0.516 wall=0.043 
 Start: User modules' functions BeforeTimeStep() are calling
 End:   User modules' functions BeforeTimeStep() are calling; Timer: cpu0=0.000 wall=0.003 
 Start: Adaptation, TotalRealCellsCount= 96056 
 End:   Adaptation; Timer: cpu0=0.000 wall=0.004 
 Start: Initialize data arrays on chips
 End:   Initialize data arrays on chips, res= 0; Timer: cpu0=0.000 wall=0.002 
  ***** Maximum Geometrical Gauss = 2.31353e-14, cell= 690:6:6:6:0
  ***** Maximum MovingSurf  Gauss = 0, cell= 
 Start: Initialize data arrays on chips
 End:   Initialize data arrays on chips, res= 0; Timer: cpu0=0.000 wall=0.002 
 Start: TimeServis
 End:   TimeServis; Timer: cpu0=0.500 wall=0.050 
 Start: FindEnclaves
 End:   FindEnclaves; Timer: cpu0=0.062 wall=0.090 
 Start: VarValueService
 End:   VarValueService; Timer: cpu0=0.000 wall=0.002 
 Start: SolvePhaseEquation 
 End:   SolvePhaseEquation ; Timer: cpu0=16.578 wall=1.964 
 Start: SolidFiltersProcess: calculate forces and moments
 End:   SolidFiltersProcess: calculate forces and moments; Timer: cpu0=0.000 wall=0.002 
 Start: PrepareDataForNextStep
 End:   PrepareDataForNextStep; Timer: cpu0=0.641 wall=0.061 
 Start: VarValueService
 End:   VarValueService; Timer: cpu0=0.000 wall=0.001 
 Start: UpdateStopperData
 End:   UpdateStopperData; Timer: cpu0=0.000 wall=0.001 
 Start: Saving text status in E:\UniFlight\flow\Land_fv\data\Land.status
 End:   Saving text status in E:\UniFlight\flow\Land_fv\data\Land.status; Timer: cpu0=0.000 wall=0.003 
 End:   ===== Time Step =====, Iter number =  188; Timer: cpu0=18.828 wall=2.292 

21.06.26 03:52:12  ===== Processing Layers =====
21.06.26 03:52:12    *SEND* for CScalarLayer, GUID=0E21CAB5-1866-4124-A2B3-DEC499FA58E6
 Start: ComputeVolumeCharacteristics
 End:   ComputeVolumeCharacteristics; Timer: cpu0=0.000 wall=0.004 
 Start: GetValueOnFacets
 End:   GetValueOnFacets; Timer: cpu0=0.000 wall=0.011 
21.06.26 03:52:12    *SEND* for CScalarLayer, GUID=A3659819-C06E-40A1-8932-64A566FBB4DA
 Start: ComputeVolumeCharacteristics
 End:   ComputeVolumeCharacteristics; Timer: cpu0=0.000 wall=0.004 
 Start: GetValueOnFacets
 End:   GetValueOnFacets; Timer: cpu0=0.203 wall=0.048 
21.06.26 03:52:12    *SEND* for CIntegralCharsLayer, GUID=4E090A0C-544B-E4A2-4242-BEC451D7CD2B
21.06.26 03:52:12    *SEND* for CIntegralCharsLayer, GUID=927DEDC8-AF71-7A31-D608-FB7EA635069E
21.06.26 03:52:12    *SEND* for CIntegralCharsLayer, GUID=7EF96C33-7880-7A39-F672-8DCB17098C5C
 End:   ===== Processing Layers =====; Timer: cpu0=0.328 wall=0.098 

21.06.26 03:52:12  ===== New Time Step =====, Iter number =  189
 Start: TimeServis
 End:   TimeServis; Timer: cpu0=0.391 wall=0.042 
 Start: User modules' functions BeforeTimeStep() are calling
 End:   User modules' functions BeforeTimeStep() are calling; Timer: cpu0=0.000 wall=0.002 
 Start: Adaptation, TotalRealCellsCount= 96056 
 End:   Adaptation; Timer: cpu0=0.000 wall=0.005 
 Start: Initialize data arrays on chips
 End:   Initialize data arrays on chips, res= 0; Timer: cpu0=0.000 wall=0.001 
  ***** Maximum Geometrical Gauss = 2.31353e-14, cell= 690:6:6:6:0
  ***** Maximum MovingSurf  Gauss = 0, cell= 
 Start: Initialize data arrays on chips
 End:   Initialize data arrays on chips, res= 0; Timer: cpu0=0.000 wall=0.001 
 Start: TimeServis
 End:   TimeServis; Timer: cpu0=0.344 wall=0.046 
 Start: FindEnclaves
 End:   FindEnclaves; Timer: cpu0=0.047 wall=0.089 
 Start: VarValueService
 End:   VarValueService; Timer: cpu0=0.000 wall=0.001 
 Start: SolvePhaseEquation 
 End:   SolvePhaseEquation ; Timer: cpu0=16.000 wall=1.975 
 Start: SolidFiltersProcess: calculate forces and moments
 End:   SolidFiltersProcess: calculate forces and moments; Timer: cpu0=0.000 wall=0.002 
 Start: PrepareDataForNextStep
 End:   PrepareDataForNextStep; Timer: cpu0=0.516 wall=0.055 
 Start: VarValueService
 End:   VarValueService; Timer: cpu0=0.000 wall=0.002 
 Start: UpdateStopperData
 End:   UpdateStopperData; Timer: cpu0=0.000 wall=0.001 
 Start: Saving text status in E:\UniFlight\flow\Land_fv\data\Land.status
 End:   Saving text status in E:\UniFlight\flow\Land_fv\data\Land.status; Timer: cpu0=0.000 wall=0.002 
 End:   ===== Time Step =====, Iter number =  189; Timer: cpu0=17.500 wall=2.283 

21.06.26 03:52:14  ===== Processing Layers =====
21.06.26 03:52:14    *SEND* for CScalarLayer, GUID=0E21CAB5-1866-4124-A2B3-DEC499FA58E6
 Start: ComputeVolumeCharacteristics
 End:   ComputeVolumeCharacteristics; Timer: cpu0=0.000 wall=0.004 
 Start: GetValueOnFacets
 End:   GetValueOnFacets; Timer: cpu0=0.016 wall=0.013 
21.06.26 03:52:14    *SEND* for CScalarLayer, GUID=A3659819-C06E-40A1-8932-64A566FBB4DA
 Start: ComputeVolumeCharacteristics
 End:   ComputeVolumeCharacteristics; Timer: cpu0=0.000 wall=0.004 
 Start: GetValueOnFacets
 End:   GetValueOnFacets; Timer: cpu0=0.203 wall=0.047 
21.06.26 03:52:15    *SEND* for CIntegralCharsLayer, GUID=4E090A0C-544B-E4A2-4242-BEC451D7CD2B
21.06.26 03:52:15    *SEND* for CIntegralCharsLayer, GUID=927DEDC8-AF71-7A31-D608-FB7EA635069E
21.06.26 03:52:15    *SEND* for CIntegralCharsLayer, GUID=7EF96C33-7880-7A39-F672-8DCB17098C5C
 End:   ===== Processing Layers =====; Timer: cpu0=0.406 wall=0.101 

21.06.26 03:52:15  ===== New Time Step =====, Iter number =  190
 Start: TimeServis
 End:   TimeServis; Timer: cpu0=0.234 wall=0.041 
 Start: User modules' functions BeforeTimeStep() are calling
 End:   User modules' functions BeforeTimeStep() are calling; Timer: cpu0=0.000 wall=0.001 
 Start: Adaptation, TotalRealCellsCount= 96056 
 End:   Adaptation; Timer: cpu0=6.469 wall=0.779 
 Start: DistributeGridOnProcessors
 End:   DistributeGridOnProcessors, res= 0; Timer: cpu0=0.688 wall=0.205 
 Start: SetNeiHyperCells
 End:   SetNeiHyperCells, res= 0; Timer: cpu0=0.000 wall=0.007 
 Start: BuildFacetDistribution
 End:   BuildFacetDistribution; Timer: cpu0=0.000 wall=0.002 
 Start: Initialize data arrays on chips
 End:   Initialize data arrays on chips, res= 0; Timer: cpu0=0.000 wall=0.002 
  ***** Maximum Geometrical Gauss = 2.31353e-14, cell= 690:6:6:6:0
  ***** Maximum MovingSurf  Gauss = 7.45948e-14, cell= 795:6:6:0
 Start: Remove Small Cells
 End:   Remove Small Cells; Timer: cpu0=0.172 wall=0.019 
 Start: Initialize data arrays on chips
 End:   Initialize data arrays on chips, res= 0; Timer: cpu0=0.000 wall=0.002 
  ***** Maximum Geometrical Gauss = 2.31353e-14, cell= 690:6:6:6:0
  ***** Maximum MovingSurf  Gauss = 7.45948e-14, cell= 795:6:6:0
 Start: Initialize data arrays on chips
 End:   Initialize data arrays on chips, res= 0; Timer: cpu0=0.000 wall=0.002 
 Start: Modify Chip Data
 End:   Modify Chip Data; Timer: cpu0=0.328 wall=0.039 
 Start: TimeServis
 End:   TimeServis; Timer: cpu0=0.609 wall=0.054 
 Start: FindEnclaves
 End:   FindEnclaves; Timer: cpu0=0.094 wall=0.089 
 Start: VarValueService
 End:   VarValueService; Timer: cpu0=0.000 wall=0.001 
 Start: SolvePhaseEquation 
 End:   SolvePhaseEquation ; Timer: cpu0=17.297 wall=2.086 
 Start: SolidFiltersProcess: calculate forces and moments
 End:   SolidFiltersProcess: calculate forces and moments; Timer: cpu0=0.000 wall=0.001 
 Start: PrepareDataForNextStep
 End:   PrepareDataForNextStep; Timer: cpu0=0.375 wall=0.049 
 Start: VarValueService
 End:   VarValueService; Timer: cpu0=0.000 wall=0.001 
 Start: UpdateStopperData
 End:   UpdateStopperData; Timer: cpu0=0.000 wall=0.001 
 Start: Saving text status in E:\UniFlight\flow\Land_fv\data\Land.status
 End:   Saving text status in E:\UniFlight\flow\Land_fv\data\Land.status; Timer: cpu0=0.000 wall=0.002 
 End:   ===== Time Step =====, Iter number =  190; Timer: cpu0=26.594 wall=3.473 

21.06.26 03:52:18  ===== Processing Layers =====
21.06.26 03:52:18    *SEND* for CScalarLayer, GUID=0E21CAB5-1866-4124-A2B3-DEC499FA58E6
 Start: ComputeVolumeCharacteristics
 End:   ComputeVolumeCharacteristics; Timer: cpu0=0.000 wall=0.003 
 Start: GetValueOnFacets
 End:   GetValueOnFacets; Timer: cpu0=0.016 wall=0.015 
21.06.26 03:52:18    *SEND* for CScalarLayer, GUID=A3659819-C06E-40A1-8932-64A566FBB4DA
 Start: ComputeVolumeCharacteristics
 End:   ComputeVolumeCharacteristics; Timer: cpu0=0.000 wall=0.004 
 Start: GetValueOnFacets
 End:   GetValueOnFacets; Timer: cpu0=0.531 wall=0.091 
21.06.26 03:52:18    *SEND* for CIntegralCharsLayer, GUID=4E090A0C-544B-E4A2-4242-BEC451D7CD2B
21.06.26 03:52:18    *SEND* for CIntegralCharsLayer, GUID=927DEDC8-AF71-7A31-D608-FB7EA635069E
21.06.26 03:52:18    *SEND* for CIntegralCharsLayer, GUID=7EF96C33-7880-7A39-F672-8DCB17098C5C
 End:   ===== Processing Layers =====; Timer: cpu0=0.547 wall=0.147 

21.06.26 03:52:18  ===== New Time Step =====, Iter number =  191
 Start: TimeServis
 End:   TimeServis; Timer: cpu0=0.219 wall=0.040 
 Start: User modules' functions BeforeTimeStep() are calling
 End:   User modules' functions BeforeTimeStep() are calling; Timer: cpu0=0.000 wall=0.002 
 Start: Adaptation, TotalRealCellsCount= 98751 
 End:   Adaptation; Timer: cpu0=5.141 wall=0.710 
 Start: DistributeGridOnProcessors
 End:   DistributeGridOnProcessors, res= 0; Timer: cpu0=0.828 wall=0.218 
 Start: SetNeiHyperCells
 End:   SetNeiHyperCells, res= 0; Timer: cpu0=0.172 wall=0.007 
 Start: BuildFacetDistribution
 End:   BuildFacetDistribution; Timer: cpu0=0.000 wall=0.001 
 Start: Initialize data arrays on chips
 End:   Initialize data arrays on chips, res= 0; Timer: cpu0=0.000 wall=0.002 
  ***** Maximum Geometrical Gauss = 2.31353e-14, cell= 690:6:6:6:0
  ***** Maximum MovingSurf  Gauss = 7.52766e-14, cell= 707:0:0:0
 Start: Remove Small Cells
 End:   Remove Small Cells; Timer: cpu0=0.078 wall=0.018 
 Start: Initialize data arrays on chips
 End:   Initialize data arrays on chips, res= 0; Timer: cpu0=0.000 wall=0.002 
  ***** Maximum Geometrical Gauss = 2.31353e-14, cell= 690:6:6:6:0
  ***** Maximum MovingSurf  Gauss = 7.52766e-14, cell= 707:0:0:0
 Start: Initialize data arrays on chips
 End:   Initialize data arrays on chips, res= 0; Timer: cpu0=0.000 wall=0.002 
 Start: Modify Chip Data
 End:   Modify Chip Data; Timer: cpu0=0.344 wall=0.035 
 Start: TimeServis
 End:   TimeServis; Timer: cpu0=0.516 wall=0.051 
 Start: FindEnclaves
 End:   FindEnclaves; Timer: cpu0=0.094 wall=0.092 
 Start: VarValueService
 End:   VarValueService; Timer: cpu0=0.000 wall=0.001 
 Start: SolvePhaseEquation 
 End:   SolvePhaseEquation ; Timer: cpu0=16.312 wall=2.017 
 Start: SolidFiltersProcess: calculate forces and moments
 End:   SolidFiltersProcess: calculate forces and moments; Timer: cpu0=0.000 wall=0.002 
 Start: PrepareDataForNextStep
 End:   PrepareDataForNextStep; Timer: cpu0=0.484 wall=0.053 
 Start: VarValueService
 End:   VarValueService; Timer: cpu0=0.000 wall=0.001 
 Start: UpdateStopperData
 End:   UpdateStopperData; Timer: cpu0=0.000 wall=0.001 
 Start: Saving text status in E:\UniFlight\flow\Land_fv\data\Land.status
 End:   Saving text status in E:\UniFlight\flow\Land_fv\data\Land.status; Timer: cpu0=0.000 wall=0.002 
 End:   ===== Time Step =====, Iter number =  191; Timer: cpu0=24.531 wall=3.338 

21.06.26 03:52:22  ===== Processing Layers =====
21.06.26 03:52:22    *SEND* for CScalarLayer, GUID=0E21CAB5-1866-4124-A2B3-DEC499FA58E6
 Start: ComputeVolumeCharacteristics
 End:   ComputeVolumeCharacteristics; Timer: cpu0=0.000 wall=0.005 
 Start: GetValueOnFacets
 End:   GetValueOnFacets; Timer: cpu0=0.016 wall=0.013 
21.06.26 03:52:22    *SEND* for CScalarLayer, GUID=A3659819-C06E-40A1-8932-64A566FBB4DA
 Start: ComputeVolumeCharacteristics
 End:   ComputeVolumeCharacteristics; Timer: cpu0=0.000 wall=0.003 
 Start: GetValueOnFacets
 End:   GetValueOnFacets; Timer: cpu0=0.203 wall=0.047 
21.06.26 03:52:22    *SEND* for CIntegralCharsLayer, GUID=4E090A0C-544B-E4A2-4242-BEC451D7CD2B
21.06.26 03:52:22    *SEND* for CIntegralCharsLayer, GUID=927DEDC8-AF71-7A31-D608-FB7EA635069E
21.06.26 03:52:22    *SEND* for CIntegralCharsLayer, GUID=7EF96C33-7880-7A39-F672-8DCB17098C5C
 End:   ===== Processing Layers =====; Timer: cpu0=0.562 wall=0.097 

21.06.26 03:52:22  ===== New Time Step =====, Iter number =  192
 Start: TimeServis
 End:   TimeServis; Timer: cpu0=0.562 wall=0.048 
 Start: User modules' functions BeforeTimeStep() are calling
 End:   User modules' functions BeforeTimeStep() are calling; Timer: cpu0=0.000 wall=0.001 
 Start: Adaptation, TotalRealCellsCount= 96126 
 End:   Adaptation; Timer: cpu0=0.000 wall=0.004 
 Start: Initialize data arrays on chips
 End:   Initialize data arrays on chips, res= 0; Timer: cpu0=0.016 wall=0.003 
  ***** Maximum Geometrical Gauss = 2.31353e-14, cell= 690:6:6:6:0
  ***** Maximum MovingSurf  Gauss = 0, cell= 
 Start: Initialize data arrays on chips
 End:   Initialize data arrays on chips, res= 0; Timer: cpu0=0.000 wall=0.002 
 Start: TimeServis
 End:   TimeServis; Timer: cpu0=0.375 wall=0.047 
 Start: FindEnclaves
 End:   FindEnclaves; Timer: cpu0=0.094 wall=0.096 
 Start: VarValueService
 End:   VarValueService; Timer: cpu0=0.000 wall=0.001 
 Start: SolvePhaseEquation 
 End:   SolvePhaseEquation ; Timer: cpu0=16.281 wall=2.032 
 Start: SolidFiltersProcess: calculate forces and moments
 End:   SolidFiltersProcess: calculate forces and moments; Timer: cpu0=0.000 wall=0.002 
 Start: PrepareDataForNextStep
 End:   PrepareDataForNextStep; Timer: cpu0=0.250 wall=0.057 
 Start: VarValueService
 End:   VarValueService; Timer: cpu0=0.000 wall=0.001 
 Start: UpdateStopperData
 End:   UpdateStopperData; Timer: cpu0=0.000 wall=0.001 
 Start: Saving text status in E:\UniFlight\flow\Land_fv\data\Land.status
 End:   Saving text status in E:\UniFlight\flow\Land_fv\data\Land.status; Timer: cpu0=0.000 wall=0.002 
 End:   ===== Time Step =====, Iter number =  192; Timer: cpu0=17.672 wall=2.361 

21.06.26 03:52:25  ===== Processing Layers =====
21.06.26 03:52:25    *SEND* for CScalarLayer, GUID=0E21CAB5-1866-4124-A2B3-DEC499FA58E6
 Start: ComputeVolumeCharacteristics
 End:   ComputeVolumeCharacteristics; Timer: cpu0=0.000 wall=0.005 
 Start: GetValueOnFacets
 End:   GetValueOnFacets; Timer: cpu0=0.016 wall=0.015 
21.06.26 03:52:25    *SEND* for CScalarLayer, GUID=A3659819-C06E-40A1-8932-64A566FBB4DA
 Start: ComputeVolumeCharacteristics
 End:   ComputeVolumeCharacteristics; Timer: cpu0=0.172 wall=0.005 
 Start: GetValueOnFacets
 End:   GetValueOnFacets; Timer: cpu0=0.141 wall=0.047 
21.06.26 03:52:25    *SEND* for CIntegralCharsLayer, GUID=4E090A0C-544B-E4A2-4242-BEC451D7CD2B
21.06.26 03:52:25    *SEND* for CIntegralCharsLayer, GUID=927DEDC8-AF71-7A31-D608-FB7EA635069E
21.06.26 03:52:25    *SEND* for CIntegralCharsLayer, GUID=7EF96C33-7880-7A39-F672-8DCB17098C5C
 End:   ===== Processing Layers =====; Timer: cpu0=0.328 wall=0.107 

21.06.26 03:52:25  ===== New Time Step =====, Iter number =  193
 Start: TimeServis
 End:   TimeServis; Timer: cpu0=0.344 wall=0.041 
 Start: User modules' functions BeforeTimeStep() are calling
 End:   User modules' functions BeforeTimeStep() are calling; Timer: cpu0=0.000 wall=0.002 
 Start: Adaptation, TotalRealCellsCount= 96126 
 End:   Adaptation; Timer: cpu0=0.000 wall=0.004 
 Start: Initialize data arrays on chips
 End:   Initialize data arrays on chips, res= 0; Timer: cpu0=0.000 wall=0.001 
  ***** Maximum Geometrical Gauss = 2.31353e-14, cell= 690:6:6:6:0
  ***** Maximum MovingSurf  Gauss = 0, cell= 
 Start: Initialize data arrays on chips
 End:   Initialize data arrays on chips, res= 0; Timer: cpu0=0.000 wall=0.002 
 Start: TimeServis
 End:   TimeServis; Timer: cpu0=0.500 wall=0.046 
 Start: FindEnclaves
 End:   FindEnclaves; Timer: cpu0=0.234 wall=0.078 
 Start: VarValueService
 End:   VarValueService; Timer: cpu0=0.000 wall=0.001 
 Start: SolvePhaseEquation 
 End:   SolvePhaseEquation ; Timer: cpu0=16.281 wall=2.006 
 Start: SolidFiltersProcess: calculate forces and moments
 End:   SolidFiltersProcess: calculate forces and moments; Timer: cpu0=0.000 wall=0.002 
 Start: PrepareDataForNextStep
 End:   PrepareDataForNextStep; Timer: cpu0=0.406 wall=0.052 
 Start: VarValueService
 End:   VarValueService; Timer: cpu0=0.000 wall=0.001 
 Start: UpdateStopperData
 End:   UpdateStopperData; Timer: cpu0=0.000 wall=0.001 
 Start: Saving text status in E:\UniFlight\flow\Land_fv\data\Land.status
 End:   Saving text status in E:\UniFlight\flow\Land_fv\data\Land.status; Timer: cpu0=0.000 wall=0.002 
 End:   ===== Time Step =====, Iter number =  193; Timer: cpu0=18.109 wall=2.301 

21.06.26 03:52:27  ===== Processing Layers =====
21.06.26 03:52:27    *SEND* for CScalarLayer, GUID=0E21CAB5-1866-4124-A2B3-DEC499FA58E6
 Start: ComputeVolumeCharacteristics
 End:   ComputeVolumeCharacteristics; Timer: cpu0=0.000 wall=0.004 
 Start: GetValueOnFacets
 End:   GetValueOnFacets; Timer: cpu0=0.156 wall=0.012 
21.06.26 03:52:28    *SEND* for CScalarLayer, GUID=A3659819-C06E-40A1-8932-64A566FBB4DA
 Start: ComputeVolumeCharacteristics
 End:   ComputeVolumeCharacteristics; Timer: cpu0=0.000 wall=0.004 
 Start: GetValueOnFacets
 End:   GetValueOnFacets; Timer: cpu0=0.203 wall=0.054 
21.06.26 03:52:28    *SEND* for CIntegralCharsLayer, GUID=4E090A0C-544B-E4A2-4242-BEC451D7CD2B
21.06.26 03:52:28    *SEND* for CIntegralCharsLayer, GUID=927DEDC8-AF71-7A31-D608-FB7EA635069E
21.06.26 03:52:28    *SEND* for CIntegralCharsLayer, GUID=7EF96C33-7880-7A39-F672-8DCB17098C5C
 End:   ===== Processing Layers =====; Timer: cpu0=0.359 wall=0.104 

21.06.26 03:52:28  ===== New Time Step =====, Iter number =  194
 Start: TimeServis
 End:   TimeServis; Timer: cpu0=0.516 wall=0.041 
 Start: User modules' functions BeforeTimeStep() are calling
 End:   User modules' functions BeforeTimeStep() are calling; Timer: cpu0=0.000 wall=0.001 
 Start: Adaptation, TotalRealCellsCount= 96126 
 End:   Adaptation; Timer: cpu0=0.000 wall=0.004 
 Start: Initialize data arrays on chips
 End:   Initialize data arrays on chips, res= 0; Timer: cpu0=0.000 wall=0.003 
  ***** Maximum Geometrical Gauss = 2.31353e-14, cell= 690:6:6:6:0
  ***** Maximum MovingSurf  Gauss = 0, cell= 
 Start: Initialize data arrays on chips
 End:   Initialize data arrays on chips, res= 0; Timer: cpu0=0.000 wall=0.002 
 Start: TimeServis
 End:   TimeServis; Timer: cpu0=0.500 wall=0.048 
 Start: FindEnclaves
 End:   FindEnclaves; Timer: cpu0=0.250 wall=0.083 
 Start: VarValueService
 End:   VarValueService; Timer: cpu0=0.000 wall=0.002 
 Start: SolvePhaseEquation 
 End:   SolvePhaseEquation ; Timer: cpu0=16.422 wall=2.018 
 Start: SolidFiltersProcess: calculate forces and moments
 End:   SolidFiltersProcess: calculate forces and moments; Timer: cpu0=0.000 wall=0.002 
 Start: PrepareDataForNextStep
 End:   PrepareDataForNextStep; Timer: cpu0=0.359 wall=0.055 
 Start: VarValueService
 End:   VarValueService; Timer: cpu0=0.000 wall=0.001 
 Start: UpdateStopperData
 End:   UpdateStopperData; Timer: cpu0=0.000 wall=0.000 
 Start: Saving text status in E:\UniFlight\flow\Land_fv\data\Land.status
 End:   Saving text status in E:\UniFlight\flow\Land_fv\data\Land.status; Timer: cpu0=0.000 wall=0.002 
 End:   ===== Time Step =====, Iter number =  194; Timer: cpu0=18.219 wall=2.329 

21.06.26 03:52:30  ===== Processing Layers =====
21.06.26 03:52:30    *SEND* for CScalarLayer, GUID=0E21CAB5-1866-4124-A2B3-DEC499FA58E6
 Start: ComputeVolumeCharacteristics
 End:   ComputeVolumeCharacteristics; Timer: cpu0=0.000 wall=0.004 
 Start: GetValueOnFacets
 End:   GetValueOnFacets; Timer: cpu0=0.172 wall=0.012 
21.06.26 03:52:30    *SEND* for CScalarLayer, GUID=A3659819-C06E-40A1-8932-64A566FBB4DA
 Start: ComputeVolumeCharacteristics
 End:   ComputeVolumeCharacteristics; Timer: cpu0=0.172 wall=0.005 
 Start: GetValueOnFacets
 End:   GetValueOnFacets; Timer: cpu0=0.078 wall=0.051 
21.06.26 03:52:30    *SEND* for CIntegralCharsLayer, GUID=4E090A0C-544B-E4A2-4242-BEC451D7CD2B
21.06.26 03:52:30    *SEND* for CIntegralCharsLayer, GUID=927DEDC8-AF71-7A31-D608-FB7EA635069E
21.06.26 03:52:30    *SEND* for CIntegralCharsLayer, GUID=7EF96C33-7880-7A39-F672-8DCB17098C5C
 End:   ===== Processing Layers =====; Timer: cpu0=0.594 wall=0.102 

21.06.26 03:52:30  ===== New Time Step =====, Iter number =  195
 Start: TimeServis
 End:   TimeServis; Timer: cpu0=0.516 wall=0.045 
 Start: User modules' functions BeforeTimeStep() are calling
 End:   User modules' functions BeforeTimeStep() are calling; Timer: cpu0=0.000 wall=0.002 
 Start: Adaptation, TotalRealCellsCount= 96126 
 End:   Adaptation; Timer: cpu0=0.172 wall=0.005 
 Start: Initialize data arrays on chips
 End:   Initialize data arrays on chips, res= 0; Timer: cpu0=0.000 wall=0.002 
  ***** Maximum Geometrical Gauss = 2.31353e-14, cell= 690:6:6:6:0
  ***** Maximum MovingSurf  Gauss = 0, cell= 
 Start: Initialize data arrays on chips
 End:   Initialize data arrays on chips, res= 0; Timer: cpu0=0.000 wall=0.003 
 Start: TimeServis
 End:   TimeServis; Timer: cpu0=0.484 wall=0.054 
 Start: FindEnclaves
 End:   FindEnclaves; Timer: cpu0=0.078 wall=0.085 
 Start: VarValueService
 End:   VarValueService; Timer: cpu0=0.031 wall=0.001 
 Start: SolvePhaseEquation 
 End:   SolvePhaseEquation ; Timer: cpu0=16.328 wall=2.014 
 Start: SolidFiltersProcess: calculate forces and moments
 End:   SolidFiltersProcess: calculate forces and moments; Timer: cpu0=0.000 wall=0.001 
 Start: PrepareDataForNextStep
 End:   PrepareDataForNextStep; Timer: cpu0=0.500 wall=0.054 
 Start: VarValueService
 End:   VarValueService; Timer: cpu0=0.000 wall=0.002 
 Start: UpdateStopperData
 End:   UpdateStopperData; Timer: cpu0=0.000 wall=0.001 
 Start: Saving text status in E:\UniFlight\flow\Land_fv\data\Land.status
 End:   Saving text status in E:\UniFlight\flow\Land_fv\data\Land.status; Timer: cpu0=0.000 wall=0.002 
 End:   ===== Time Step =====, Iter number =  195; Timer: cpu0=18.281 wall=2.328 

21.06.26 03:52:33  ===== Processing Layers =====
21.06.26 03:52:33    *SEND* for CScalarLayer, GUID=0E21CAB5-1866-4124-A2B3-DEC499FA58E6
 Start: ComputeVolumeCharacteristics
 End:   ComputeVolumeCharacteristics; Timer: cpu0=0.172 wall=0.003 
 Start: GetValueOnFacets
 End:   GetValueOnFacets; Timer: cpu0=0.016 wall=0.012 
21.06.26 03:52:33    *SEND* for CScalarLayer, GUID=A3659819-C06E-40A1-8932-64A566FBB4DA
 Start: ComputeVolumeCharacteristics
 End:   ComputeVolumeCharacteristics; Timer: cpu0=0.000 wall=0.005 
 Start: GetValueOnFacets
 End:   GetValueOnFacets; Timer: cpu0=0.203 wall=0.056 
21.06.26 03:52:33    *SEND* for CIntegralCharsLayer, GUID=4E090A0C-544B-E4A2-4242-BEC451D7CD2B
21.06.26 03:52:33    *SEND* for CIntegralCharsLayer, GUID=927DEDC8-AF71-7A31-D608-FB7EA635069E
21.06.26 03:52:33    *SEND* for CIntegralCharsLayer, GUID=7EF96C33-7880-7A39-F672-8DCB17098C5C
 End:   ===== Processing Layers =====; Timer: cpu0=0.391 wall=0.106 

21.06.26 03:52:33  ===== New Time Step =====, Iter number =  196
 Start: TimeServis
 End:   TimeServis; Timer: cpu0=0.453 wall=0.043 
 Start: User modules' functions BeforeTimeStep() are calling
 End:   User modules' functions BeforeTimeStep() are calling; Timer: cpu0=0.000 wall=0.002 
 Start: Adaptation, TotalRealCellsCount= 96126 
 End:   Adaptation; Timer: cpu0=0.000 wall=0.004 
 Start: Initialize data arrays on chips
 End:   Initialize data arrays on chips, res= 0; Timer: cpu0=0.000 wall=0.002 
  ***** Maximum Geometrical Gauss = 2.31353e-14, cell= 690:6:6:6:0
  ***** Maximum MovingSurf  Gauss = 0, cell= 
 Start: Initialize data arrays on chips
 End:   Initialize data arrays on chips, res= 0; Timer: cpu0=0.000 wall=0.002 
 Start: TimeServis
 End:   TimeServis; Timer: cpu0=0.344 wall=0.045 
 Start: FindEnclaves
 End:   FindEnclaves; Timer: cpu0=0.078 wall=0.085 
 Start: VarValueService
 End:   VarValueService; Timer: cpu0=0.000 wall=0.001 
 Start: SolvePhaseEquation 
 End:   SolvePhaseEquation ; Timer: cpu0=16.516 wall=2.000 
 Start: SolidFiltersProcess: calculate forces and moments
 End:   SolidFiltersProcess: calculate forces and moments; Timer: cpu0=0.000 wall=0.002 
 Start: PrepareDataForNextStep
 End:   PrepareDataForNextStep; Timer: cpu0=0.328 wall=0.059 
 Start: VarValueService
 End:   VarValueService; Timer: cpu0=0.000 wall=0.001 
 Start: UpdateStopperData
 End:   UpdateStopperData; Timer: cpu0=0.000 wall=0.001 
 Start: Saving text status in E:\UniFlight\flow\Land_fv\data\Land.status
 End:   Saving text status in E:\UniFlight\flow\Land_fv\data\Land.status; Timer: cpu0=0.000 wall=0.002 
 End:   ===== Time Step =====, Iter number =  196; Timer: cpu0=18.406 wall=2.307 

21.06.26 03:52:36  ===== Processing Layers =====
21.06.26 03:52:36    *SEND* for CScalarLayer, GUID=0E21CAB5-1866-4124-A2B3-DEC499FA58E6
 Start: ComputeVolumeCharacteristics
 End:   ComputeVolumeCharacteristics; Timer: cpu0=0.000 wall=0.004 
 Start: GetValueOnFacets
 End:   GetValueOnFacets; Timer: cpu0=0.000 wall=0.013 
21.06.26 03:52:36    *SEND* for CScalarLayer, GUID=A3659819-C06E-40A1-8932-64A566FBB4DA
 Start: ComputeVolumeCharacteristics
 End:   ComputeVolumeCharacteristics; Timer: cpu0=0.000 wall=0.004 
 Start: GetValueOnFacets
 End:   GetValueOnFacets; Timer: cpu0=0.062 wall=0.051 
21.06.26 03:52:36    *SEND* for CIntegralCharsLayer, GUID=4E090A0C-544B-E4A2-4242-BEC451D7CD2B
21.06.26 03:52:36    *SEND* for CIntegralCharsLayer, GUID=927DEDC8-AF71-7A31-D608-FB7EA635069E
21.06.26 03:52:36    *SEND* for CIntegralCharsLayer, GUID=7EF96C33-7880-7A39-F672-8DCB17098C5C
 End:   ===== Processing Layers =====; Timer: cpu0=0.094 wall=0.103 

21.06.26 03:52:36  ===== New Time Step =====, Iter number =  197
 Start: TimeServis
 End:   TimeServis; Timer: cpu0=0.422 wall=0.043 
 Start: User modules' functions BeforeTimeStep() are calling
 End:   User modules' functions BeforeTimeStep() are calling; Timer: cpu0=0.000 wall=0.002 
 Start: Adaptation, TotalRealCellsCount= 96126 
 End:   Adaptation; Timer: cpu0=0.000 wall=0.005 
 Start: Initialize data arrays on chips
 End:   Initialize data arrays on chips, res= 0; Timer: cpu0=0.000 wall=0.002 
  ***** Maximum Geometrical Gauss = 2.31353e-14, cell= 690:6:6:6:0
  ***** Maximum MovingSurf  Gauss = 0, cell= 
 Start: Initialize data arrays on chips
 End:   Initialize data arrays on chips, res= 0; Timer: cpu0=0.000 wall=0.002 
 Start: TimeServis
 End:   TimeServis; Timer: cpu0=0.516 wall=0.051 
 Start: FindEnclaves
 End:   FindEnclaves; Timer: cpu0=0.250 wall=0.085 
 Start: VarValueService
 End:   VarValueService; Timer: cpu0=0.000 wall=0.001 
 Start: SolvePhaseEquation 
 End:   SolvePhaseEquation ; Timer: cpu0=15.969 wall=1.979 
 Start: SolidFiltersProcess: calculate forces and moments
 End:   SolidFiltersProcess: calculate forces and moments; Timer: cpu0=0.000 wall=0.002 
 Start: PrepareDataForNextStep
 End:   PrepareDataForNextStep; Timer: cpu0=0.484 wall=0.057 
 Start: VarValueService
 End:   VarValueService; Timer: cpu0=0.000 wall=0.002 
 Start: UpdateStopperData
 End:   UpdateStopperData; Timer: cpu0=0.000 wall=0.001 
 Start: Saving text status in E:\UniFlight\flow\Land_fv\data\Land.status
 End:   Saving text status in E:\UniFlight\flow\Land_fv\data\Land.status; Timer: cpu0=0.000 wall=0.002 
 End:   ===== Time Step =====, Iter number =  197; Timer: cpu0=17.969 wall=2.293 

21.06.26 03:52:38  ===== Processing Layers =====
21.06.26 03:52:38    *SEND* for CScalarLayer, GUID=0E21CAB5-1866-4124-A2B3-DEC499FA58E6
 Start: ComputeVolumeCharacteristics
 End:   ComputeVolumeCharacteristics; Timer: cpu0=0.172 wall=0.005 
 Start: GetValueOnFacets
 End:   GetValueOnFacets; Timer: cpu0=0.172 wall=0.013 
21.06.26 03:52:38    *SEND* for CScalarLayer, GUID=A3659819-C06E-40A1-8932-64A566FBB4DA
 Start: ComputeVolumeCharacteristics
 End:   ComputeVolumeCharacteristics; Timer: cpu0=0.172 wall=0.004 
 Start: GetValueOnFacets
 End:   GetValueOnFacets; Timer: cpu0=0.047 wall=0.044 
21.06.26 03:52:38    *SEND* for CIntegralCharsLayer, GUID=4E090A0C-544B-E4A2-4242-BEC451D7CD2B
21.06.26 03:52:38    *SEND* for CIntegralCharsLayer, GUID=927DEDC8-AF71-7A31-D608-FB7EA635069E
21.06.26 03:52:38    *SEND* for CIntegralCharsLayer, GUID=7EF96C33-7880-7A39-F672-8DCB17098C5C
 End:   ===== Processing Layers =====; Timer: cpu0=0.562 wall=0.098 

21.06.26 03:52:38  ===== New Time Step =====, Iter number =  198
 Start: TimeServis
 End:   TimeServis; Timer: cpu0=0.516 wall=0.043 
 Start: User modules' functions BeforeTimeStep() are calling
 End:   User modules' functions BeforeTimeStep() are calling; Timer: cpu0=0.000 wall=0.002 
 Start: Adaptation, TotalRealCellsCount= 96126 
 End:   Adaptation; Timer: cpu0=0.000 wall=0.005 
 Start: Initialize data arrays on chips
 End:   Initialize data arrays on chips, res= 0; Timer: cpu0=0.000 wall=0.002 
  ***** Maximum Geometrical Gauss = 2.31353e-14, cell= 690:6:6:6:0
  ***** Maximum MovingSurf  Gauss = 0, cell= 
 Start: Initialize data arrays on chips
 End:   Initialize data arrays on chips, res= 0; Timer: cpu0=0.000 wall=0.002 
 Start: TimeServis
 End:   TimeServis; Timer: cpu0=0.469 wall=0.045 
 Start: FindEnclaves
 End:   FindEnclaves; Timer: cpu0=0.078 wall=0.081 
 Start: VarValueService
 End:   VarValueService; Timer: cpu0=0.000 wall=0.002 
 Start: SolvePhaseEquation 
 End:   SolvePhaseEquation ; Timer: cpu0=15.953 wall=1.974 
 Start: SolidFiltersProcess: calculate forces and moments
 End:   SolidFiltersProcess: calculate forces and moments; Timer: cpu0=0.000 wall=0.002 
 Start: PrepareDataForNextStep
 End:   PrepareDataForNextStep; Timer: cpu0=0.672 wall=0.056 
 Start: VarValueService
 End:   VarValueService; Timer: cpu0=0.000 wall=0.001 
 Start: UpdateStopperData
 End:   UpdateStopperData; Timer: cpu0=0.000 wall=0.001 
 Start: Saving text status in E:\UniFlight\flow\Land_fv\data\Land.status
 End:   Saving text status in E:\UniFlight\flow\Land_fv\data\Land.status; Timer: cpu0=0.016 wall=0.002 
 End:   ===== Time Step =====, Iter number =  198; Timer: cpu0=17.984 wall=2.279 

21.06.26 03:52:41  ===== Processing Layers =====
21.06.26 03:52:41    *SEND* for CScalarLayer, GUID=0E21CAB5-1866-4124-A2B3-DEC499FA58E6
 Start: ComputeVolumeCharacteristics
 End:   ComputeVolumeCharacteristics; Timer: cpu0=0.000 wall=0.004 
 Start: GetValueOnFacets
 End:   GetValueOnFacets; Timer: cpu0=0.172 wall=0.012 
21.06.26 03:52:41    *SEND* for CScalarLayer, GUID=A3659819-C06E-40A1-8932-64A566FBB4DA
 Start: ComputeVolumeCharacteristics
 End:   ComputeVolumeCharacteristics; Timer: cpu0=0.000 wall=0.004 
 Start: GetValueOnFacets
 End:   GetValueOnFacets; Timer: cpu0=0.203 wall=0.055 
21.06.26 03:52:41    *SEND* for CIntegralCharsLayer, GUID=4E090A0C-544B-E4A2-4242-BEC451D7CD2B
21.06.26 03:52:41    *SEND* for CIntegralCharsLayer, GUID=927DEDC8-AF71-7A31-D608-FB7EA635069E
21.06.26 03:52:41    *SEND* for CIntegralCharsLayer, GUID=7EF96C33-7880-7A39-F672-8DCB17098C5C
 End:   ===== Processing Layers =====; Timer: cpu0=0.453 wall=0.107 

21.06.26 03:52:41  ===== New Time Step =====, Iter number =  199
 Start: TimeServis
 End:   TimeServis; Timer: cpu0=0.516 wall=0.041 
 Start: User modules' functions BeforeTimeStep() are calling
 End:   User modules' functions BeforeTimeStep() are calling; Timer: cpu0=0.000 wall=0.002 
 Start: Adaptation, TotalRealCellsCount= 96126 
 End:   Adaptation; Timer: cpu0=0.172 wall=0.005 
 Start: Initialize data arrays on chips
 End:   Initialize data arrays on chips, res= 0; Timer: cpu0=0.000 wall=0.003 
  ***** Maximum Geometrical Gauss = 2.31353e-14, cell= 690:6:6:6:0
  ***** Maximum MovingSurf  Gauss = 0, cell= 
 Start: Initialize data arrays on chips
 End:   Initialize data arrays on chips, res= 0; Timer: cpu0=0.000 wall=0.001 
 Start: TimeServis
 End:   TimeServis; Timer: cpu0=0.516 wall=0.046 
 Start: FindEnclaves
 End:   FindEnclaves; Timer: cpu0=0.234 wall=0.089 
 Start: VarValueService
 End:   VarValueService; Timer: cpu0=0.000 wall=0.001 
 Start: SolvePhaseEquation 
 End:   SolvePhaseEquation ; Timer: cpu0=16.609 wall=1.985 
 Start: SolidFiltersProcess: calculate forces and moments
 End:   SolidFiltersProcess: calculate forces and moments; Timer: cpu0=0.000 wall=0.002 
 Start: PrepareDataForNextStep
 End:   PrepareDataForNextStep; Timer: cpu0=0.391 wall=0.049 
 Start: VarValueService
 End:   VarValueService; Timer: cpu0=0.000 wall=0.002 
 Start: UpdateStopperData
 End:   UpdateStopperData; Timer: cpu0=0.000 wall=0.001 
 Start: Saving text status in E:\UniFlight\flow\Land_fv\data\Land.status
 End:   Saving text status in E:\UniFlight\flow\Land_fv\data\Land.status; Timer: cpu0=0.000 wall=0.003 
 End:   ===== Time Step =====, Iter number =  199; Timer: cpu0=18.781 wall=2.291 

 Start: Saving values
 End:   Saving values, res= 0; Timer: cpu0=0.953 wall=0.105 
 Start: Saving grid
 End:   Saving grid, res= 0; Timer: cpu0=0.859 wall=0.098 
 Start: Saving grid index
 End:   Saving grid index, res= 0; Timer: cpu0=0.016 wall=0.002 
21.06.26 03:52:44  ===== Processing Layers =====
21.06.26 03:52:44    *SEND* for CScalarLayer, GUID=0E21CAB5-1866-4124-A2B3-DEC499FA58E6
 Start: ComputeVolumeCharacteristics
 End:   ComputeVolumeCharacteristics; Timer: cpu0=0.000 wall=0.005 
 Start: GetValueOnFacets
 End:   GetValueOnFacets; Timer: cpu0=0.000 wall=0.012 
21.06.26 03:52:44    *SEND* for CScalarLayer, GUID=A3659819-C06E-40A1-8932-64A566FBB4DA
 Start: ComputeVolumeCharacteristics
 End:   ComputeVolumeCharacteristics; Timer: cpu0=0.000 wall=0.003 
 Start: GetValueOnFacets
 End:   GetValueOnFacets; Timer: cpu0=0.156 wall=0.046 
21.06.26 03:52:44    *SEND* for CIntegralCharsLayer, GUID=4E090A0C-544B-E4A2-4242-BEC451D7CD2B
21.06.26 03:52:44    *SEND* for CIntegralCharsLayer, GUID=927DEDC8-AF71-7A31-D608-FB7EA635069E
21.06.26 03:52:44    *SEND* for CIntegralCharsLayer, GUID=7EF96C33-7880-7A39-F672-8DCB17098C5C
 End:   ===== Processing Layers =====; Timer: cpu0=0.328 wall=0.092 

21.06.26 03:52:44  ===== New Time Step =====, Iter number =  200
 Start: TimeServis
 End:   TimeServis; Timer: cpu0=0.344 wall=0.041 
 Start: User modules' functions BeforeTimeStep() are calling
 End:   User modules' functions BeforeTimeStep() are calling; Timer: cpu0=0.000 wall=0.001 
 Start: Adaptation, TotalRealCellsCount= 96126 
 End:   Adaptation; Timer: cpu0=6.344 wall=0.796 
 Start: DistributeGridOnProcessors
 End:   DistributeGridOnProcessors, res= 0; Timer: cpu0=0.734 wall=0.208 
 Start: SetNeiHyperCells
 End:   SetNeiHyperCells, res= 0; Timer: cpu0=0.000 wall=0.006 
 Start: BuildFacetDistribution
 End:   BuildFacetDistribution; Timer: cpu0=0.000 wall=0.001 
 Start: Initialize data arrays on chips
 End:   Initialize data arrays on chips, res= 0; Timer: cpu0=0.000 wall=0.002 
  ***** Maximum Geometrical Gauss = 2.35342e-14, cell= 320:0:6:0:0
  ***** Maximum MovingSurf  Gauss = 7.66404e-14, cell= 909:4:5:4:0
 Start: Remove Small Cells
 End:   Remove Small Cells; Timer: cpu0=0.156 wall=0.017 
 Start: Initialize data arrays on chips
 End:   Initialize data arrays on chips, res= 0; Timer: cpu0=0.000 wall=0.002 
  ***** Maximum Geometrical Gauss = 2.35342e-14, cell= 320:0:6:0:0
  ***** Maximum MovingSurf  Gauss = 7.66404e-14, cell= 909:4:5:4:0
 Start: Initialize data arrays on chips
 End:   Initialize data arrays on chips, res= 0; Timer: cpu0=0.000 wall=0.002 
 Start: Modify Chip Data
 End:   Modify Chip Data; Timer: cpu0=0.391 wall=0.041 
 Start: TimeServis
 End:   TimeServis; Timer: cpu0=0.688 wall=0.058 
 Start: FindEnclaves
 End:   FindEnclaves; Timer: cpu0=0.109 wall=0.100 
 Start: VarValueService
 End:   VarValueService; Timer: cpu0=0.000 wall=0.001 
 Start: SolvePhaseEquation 
 End:   SolvePhaseEquation ; Timer: cpu0=16.688 wall=2.058 
 Start: SolidFiltersProcess: calculate forces and moments
 End:   SolidFiltersProcess: calculate forces and moments; Timer: cpu0=0.000 wall=0.002 
 Start: PrepareDataForNextStep
 End:   PrepareDataForNextStep; Timer: cpu0=0.516 wall=0.048 
 Start: VarValueService
 End:   VarValueService; Timer: cpu0=0.000 wall=0.001 
 Start: UpdateStopperData
 End:   UpdateStopperData; Timer: cpu0=0.000 wall=0.001 
 Start: Saving text status in E:\UniFlight\flow\Land_fv\data\Land.status
 End:   Saving text status in E:\UniFlight\flow\Land_fv\data\Land.status; Timer: cpu0=0.000 wall=0.002 
 End:   ===== Time Step =====, Iter number =  200; Timer: cpu0=26.438 wall=3.479 

21.06.26 03:52:48  ===== Processing Layers =====
21.06.26 03:52:48    *SEND* for CScalarLayer, GUID=0E21CAB5-1866-4124-A2B3-DEC499FA58E6
 Start: ComputeVolumeCharacteristics
 End:   ComputeVolumeCharacteristics; Timer: cpu0=0.000 wall=0.004 
 Start: GetValueOnFacets
 End:   GetValueOnFacets; Timer: cpu0=0.016 wall=0.013 
21.06.26 03:52:48    *SEND* for CScalarLayer, GUID=A3659819-C06E-40A1-8932-64A566FBB4DA
 Start: ComputeVolumeCharacteristics
 End:   ComputeVolumeCharacteristics; Timer: cpu0=0.000 wall=0.005 
 Start: GetValueOnFacets
 End:   GetValueOnFacets; Timer: cpu0=0.219 wall=0.055 
21.06.26 03:52:48    *SEND* for CIntegralCharsLayer, GUID=4E090A0C-544B-E4A2-4242-BEC451D7CD2B
21.06.26 03:52:48    *SEND* for CIntegralCharsLayer, GUID=927DEDC8-AF71-7A31-D608-FB7EA635069E
21.06.26 03:52:48    *SEND* for CIntegralCharsLayer, GUID=7EF96C33-7880-7A39-F672-8DCB17098C5C
 End:   ===== Processing Layers =====; Timer: cpu0=0.500 wall=0.108 

21.06.26 03:52:48  ===== New Time Step =====, Iter number =  201
 Start: TimeServis
 End:   TimeServis; Timer: cpu0=0.516 wall=0.043 
 Start: User modules' functions BeforeTimeStep() are calling
 End:   User modules' functions BeforeTimeStep() are calling; Timer: cpu0=0.000 wall=0.001 
 Start: Adaptation, TotalRealCellsCount= 98877 
 End:   Adaptation; Timer: cpu0=5.703 wall=0.695 
 Start: DistributeGridOnProcessors
 End:   DistributeGridOnProcessors, res= 0; Timer: cpu0=0.734 wall=0.219 
 Start: SetNeiHyperCells
 End:   SetNeiHyperCells, res= 0; Timer: cpu0=0.172 wall=0.007 
 Start: BuildFacetDistribution
 End:   BuildFacetDistribution; Timer: cpu0=0.000 wall=0.002 
 Start: Initialize data arrays on chips
 End:   Initialize data arrays on chips, res= 0; Timer: cpu0=0.000 wall=0.002 
  ***** Maximum Geometrical Gauss = 2.31353e-14, cell= 690:6:6:6:0
  ***** Maximum MovingSurf  Gauss = 9.57323e-14, cell= 909:5:4:5:0
 Start: Remove Small Cells
 End:   Remove Small Cells; Timer: cpu0=0.172 wall=0.018 
 Start: Initialize data arrays on chips
 End:   Initialize data arrays on chips, res= 0; Timer: cpu0=0.000 wall=0.002 
  ***** Maximum Geometrical Gauss = 2.31353e-14, cell= 690:6:6:6:0
  ***** Maximum MovingSurf  Gauss = 9.57323e-14, cell= 909:5:4:5:0
 Start: Initialize data arrays on chips
 End:   Initialize data arrays on chips, res= 0; Timer: cpu0=0.000 wall=0.002 
 Start: Modify Chip Data
 End:   Modify Chip Data; Timer: cpu0=0.375 wall=0.037 
 Start: TimeServis
 End:   TimeServis; Timer: cpu0=0.516 wall=0.052 
 Start: FindEnclaves
 End:   FindEnclaves; Timer: cpu0=0.094 wall=0.092 
 Start: VarValueService
 End:   VarValueService; Timer: cpu0=0.000 wall=0.001 
 Start: SolvePhaseEquation 
 End:   SolvePhaseEquation ; Timer: cpu0=15.938 wall=1.979 
 Start: SolidFiltersProcess: calculate forces and moments
 End:   SolidFiltersProcess: calculate forces and moments; Timer: cpu0=0.000 wall=0.001 
 Start: PrepareDataForNextStep
 End:   PrepareDataForNextStep; Timer: cpu0=0.234 wall=0.056 
 Start: VarValueService
 End:   VarValueService; Timer: cpu0=0.000 wall=0.001 
 Start: UpdateStopperData
 End:   UpdateStopperData; Timer: cpu0=0.000 wall=0.001 
 Start: Saving text status in E:\UniFlight\flow\Land_fv\data\Land.status
 End:   Saving text status in E:\UniFlight\flow\Land_fv\data\Land.status; Timer: cpu0=0.000 wall=0.002 
 End:   ===== Time Step =====, Iter number =  201; Timer: cpu0=24.953 wall=3.303 

21.06.26 03:52:52  ===== Processing Layers =====
21.06.26 03:52:52    *SEND* for CScalarLayer, GUID=0E21CAB5-1866-4124-A2B3-DEC499FA58E6
 Start: ComputeVolumeCharacteristics
 End:   ComputeVolumeCharacteristics; Timer: cpu0=0.125 wall=0.003 
 Start: GetValueOnFacets
 End:   GetValueOnFacets; Timer: cpu0=0.016 wall=0.011 
21.06.26 03:52:52    *SEND* for CScalarLayer, GUID=A3659819-C06E-40A1-8932-64A566FBB4DA
 Start: ComputeVolumeCharacteristics
 End:   ComputeVolumeCharacteristics; Timer: cpu0=0.172 wall=0.004 
 Start: GetValueOnFacets
 End:   GetValueOnFacets; Timer: cpu0=0.047 wall=0.050 
21.06.26 03:52:52    *SEND* for CIntegralCharsLayer, GUID=4E090A0C-544B-E4A2-4242-BEC451D7CD2B
21.06.26 03:52:52    *SEND* for CIntegralCharsLayer, GUID=927DEDC8-AF71-7A31-D608-FB7EA635069E
21.06.26 03:52:52    *SEND* for CIntegralCharsLayer, GUID=7EF96C33-7880-7A39-F672-8DCB17098C5C
 End:   ===== Processing Layers =====; Timer: cpu0=0.359 wall=0.101 

21.06.26 03:52:52  ===== New Time Step =====, Iter number =  202
 Start: TimeServis
 End:   TimeServis; Timer: cpu0=0.453 wall=0.040 
 Start: User modules' functions BeforeTimeStep() are calling
 End:   User modules' functions BeforeTimeStep() are calling; Timer: cpu0=0.000 wall=0.002 
 Start: Adaptation, TotalRealCellsCount= 96154 
 End:   Adaptation; Timer: cpu0=0.000 wall=0.005 
 Start: Initialize data arrays on chips
 End:   Initialize data arrays on chips, res= 0; Timer: cpu0=0.000 wall=0.002 
  ***** Maximum Geometrical Gauss = 2.31353e-14, cell= 690:6:6:6:0
  ***** Maximum MovingSurf  Gauss = 0, cell= 
 Start: Initialize data arrays on chips
 End:   Initialize data arrays on chips, res= 0; Timer: cpu0=0.000 wall=0.002 
 Start: TimeServis
 End:   TimeServis; Timer: cpu0=0.344 wall=0.041 
 Start: FindEnclaves
 End:   FindEnclaves; Timer: cpu0=0.094 wall=0.097 
 Start: VarValueService
 End:   VarValueService; Timer: cpu0=0.000 wall=0.001 
 Start: SolvePhaseEquation 
 End:   SolvePhaseEquation ; Timer: cpu0=16.328 wall=2.072 
 Start: SolidFiltersProcess: calculate forces and moments
 End:   SolidFiltersProcess: calculate forces and moments; Timer: cpu0=0.000 wall=0.002 
 Start: PrepareDataForNextStep
 End:   PrepareDataForNextStep; Timer: cpu0=0.344 wall=0.058 
 Start: VarValueService
 End:   VarValueService; Timer: cpu0=0.000 wall=0.001 
 Start: UpdateStopperData
 End:   UpdateStopperData; Timer: cpu0=0.000 wall=0.001 
 Start: Saving text status in E:\UniFlight\flow\Land_fv\data\Land.status
 End:   Saving text status in E:\UniFlight\flow\Land_fv\data\Land.status; Timer: cpu0=0.000 wall=0.002 
 End:   ===== Time Step =====, Iter number =  202; Timer: cpu0=18.078 wall=2.383 

21.06.26 03:52:54  ===== Processing Layers =====
21.06.26 03:52:54    *SEND* for CScalarLayer, GUID=0E21CAB5-1866-4124-A2B3-DEC499FA58E6
 Start: ComputeVolumeCharacteristics
 End:   ComputeVolumeCharacteristics; Timer: cpu0=0.156 wall=0.004 
 Start: GetValueOnFacets
 End:   GetValueOnFacets; Timer: cpu0=0.172 wall=0.016 
21.06.26 03:52:54    *SEND* for CScalarLayer, GUID=A3659819-C06E-40A1-8932-64A566FBB4DA
 Start: ComputeVolumeCharacteristics
 End:   ComputeVolumeCharacteristics; Timer: cpu0=0.000 wall=0.004 
 Start: GetValueOnFacets
 End:   GetValueOnFacets; Timer: cpu0=0.062 wall=0.064 
21.06.26 03:52:54    *SEND* for CIntegralCharsLayer, GUID=4E090A0C-544B-E4A2-4242-BEC451D7CD2B
21.06.26 03:52:54    *SEND* for CIntegralCharsLayer, GUID=927DEDC8-AF71-7A31-D608-FB7EA635069E
21.06.26 03:52:54    *SEND* for CIntegralCharsLayer, GUID=7EF96C33-7880-7A39-F672-8DCB17098C5C
 End:   ===== Processing Layers =====; Timer: cpu0=0.391 wall=0.122 

21.06.26 03:52:54  ===== New Time Step =====, Iter number =  203
 Start: TimeServis
 End:   TimeServis; Timer: cpu0=0.500 wall=0.047 
 Start: User modules' functions BeforeTimeStep() are calling
 End:   User modules' functions BeforeTimeStep() are calling; Timer: cpu0=0.000 wall=0.002 
 Start: Adaptation, TotalRealCellsCount= 96154 
 End:   Adaptation; Timer: cpu0=0.000 wall=0.004 
 Start: Initialize data arrays on chips
 End:   Initialize data arrays on chips, res= 0; Timer: cpu0=0.000 wall=0.002 
  ***** Maximum Geometrical Gauss = 2.31353e-14, cell= 690:6:6:6:0
  ***** Maximum MovingSurf  Gauss = 0, cell= 
 Start: Initialize data arrays on chips
 End:   Initialize data arrays on chips, res= 0; Timer: cpu0=0.000 wall=0.002 
 Start: TimeServis
 End:   TimeServis; Timer: cpu0=0.516 wall=0.059 
 Start: FindEnclaves
 End:   FindEnclaves; Timer: cpu0=0.094 wall=0.089 
 Start: VarValueService
 End:   VarValueService; Timer: cpu0=0.000 wall=0.001 
 Start: SolvePhaseEquation 
 End:   SolvePhaseEquation ; Timer: cpu0=15.719 wall=2.011 
 Start: SolidFiltersProcess: calculate forces and moments
 End:   SolidFiltersProcess: calculate forces and moments; Timer: cpu0=0.000 wall=0.002 
 Start: PrepareDataForNextStep
 End:   PrepareDataForNextStep; Timer: cpu0=0.250 wall=0.055 
 Start: VarValueService
 End:   VarValueService; Timer: cpu0=0.000 wall=0.001 
 Start: UpdateStopperData
 End:   UpdateStopperData; Timer: cpu0=0.000 wall=0.001 
 Start: Saving text status in E:\UniFlight\flow\Land_fv\data\Land.status
 End:   Saving text status in E:\UniFlight\flow\Land_fv\data\Land.status; Timer: cpu0=0.000 wall=0.002 
 End:   ===== Time Step =====, Iter number =  203; Timer: cpu0=17.516 wall=2.350 

21.06.26 03:52:57  ===== Processing Layers =====
21.06.26 03:52:57    *SEND* for CScalarLayer, GUID=0E21CAB5-1866-4124-A2B3-DEC499FA58E6
 Start: ComputeVolumeCharacteristics
 End:   ComputeVolumeCharacteristics; Timer: cpu0=0.000 wall=0.005 
 Start: GetValueOnFacets
 End:   GetValueOnFacets; Timer: cpu0=0.016 wall=0.015 
21.06.26 03:52:57    *SEND* for CScalarLayer, GUID=A3659819-C06E-40A1-8932-64A566FBB4DA
 Start: ComputeVolumeCharacteristics
 End:   ComputeVolumeCharacteristics; Timer: cpu0=0.000 wall=0.004 
 Start: GetValueOnFacets
 End:   GetValueOnFacets; Timer: cpu0=0.062 wall=0.061 
21.06.26 03:52:57    *SEND* for CIntegralCharsLayer, GUID=4E090A0C-544B-E4A2-4242-BEC451D7CD2B
21.06.26 03:52:57    *SEND* for CIntegralCharsLayer, GUID=927DEDC8-AF71-7A31-D608-FB7EA635069E
21.06.26 03:52:57    *SEND* for CIntegralCharsLayer, GUID=7EF96C33-7880-7A39-F672-8DCB17098C5C
 End:   ===== Processing Layers =====; Timer: cpu0=0.422 wall=0.118 

21.06.26 03:52:57  ===== New Time Step =====, Iter number =  204
 Start: TimeServis
 End:   TimeServis; Timer: cpu0=0.516 wall=0.041 
 Start: User modules' functions BeforeTimeStep() are calling
 End:   User modules' functions BeforeTimeStep() are calling; Timer: cpu0=0.000 wall=0.001 
 Start: Adaptation, TotalRealCellsCount= 96154 
 End:   Adaptation; Timer: cpu0=0.000 wall=0.004 
 Start: Initialize data arrays on chips
 End:   Initialize data arrays on chips, res= 0; Timer: cpu0=0.000 wall=0.001 
  ***** Maximum Geometrical Gauss = 2.31353e-14, cell= 690:6:6:6:0
  ***** Maximum MovingSurf  Gauss = 0, cell= 
 Start: Initialize data arrays on chips
 End:   Initialize data arrays on chips, res= 0; Timer: cpu0=0.000 wall=0.001 
 Start: TimeServis
 End:   TimeServis; Timer: cpu0=0.203 wall=0.042 
 Start: FindEnclaves
 End:   FindEnclaves; Timer: cpu0=0.094 wall=0.091 
 Start: VarValueService
 End:   VarValueService; Timer: cpu0=0.000 wall=0.001 
 Start: SolvePhaseEquation 
 End:   SolvePhaseEquation ; Timer: cpu0=16.859 wall=1.982 
 Start: SolidFiltersProcess: calculate forces and moments
 End:   SolidFiltersProcess: calculate forces and moments; Timer: cpu0=0.000 wall=0.002 
 Start: PrepareDataForNextStep
 End:   PrepareDataForNextStep; Timer: cpu0=0.547 wall=0.053 
 Start: VarValueService
 End:   VarValueService; Timer: cpu0=0.000 wall=0.001 
 Start: UpdateStopperData
 End:   UpdateStopperData; Timer: cpu0=0.000 wall=0.001 
 Start: Saving text status in E:\UniFlight\flow\Land_fv\data\Land.status
 End:   Saving text status in E:\UniFlight\flow\Land_fv\data\Land.status; Timer: cpu0=0.000 wall=0.003 
 End:   ===== Time Step =====, Iter number =  204; Timer: cpu0=18.406 wall=2.287 

21.06.26 03:53:00  ===== Processing Layers =====
21.06.26 03:53:00    *SEND* for CScalarLayer, GUID=0E21CAB5-1866-4124-A2B3-DEC499FA58E6
 Start: ComputeVolumeCharacteristics
 End:   ComputeVolumeCharacteristics; Timer: cpu0=0.000 wall=0.004 
 Start: GetValueOnFacets
 End:   GetValueOnFacets; Timer: cpu0=0.172 wall=0.012 
21.06.26 03:53:00    *SEND* for CScalarLayer, GUID=A3659819-C06E-40A1-8932-64A566FBB4DA
 Start: ComputeVolumeCharacteristics
 End:   ComputeVolumeCharacteristics; Timer: cpu0=0.172 wall=0.005 
 Start: GetValueOnFacets
 End:   GetValueOnFacets; Timer: cpu0=0.031 wall=0.048 
21.06.26 03:53:00    *SEND* for CIntegralCharsLayer, GUID=4E090A0C-544B-E4A2-4242-BEC451D7CD2B
21.06.26 03:53:00    *SEND* for CIntegralCharsLayer, GUID=927DEDC8-AF71-7A31-D608-FB7EA635069E
21.06.26 03:53:00    *SEND* for CIntegralCharsLayer, GUID=7EF96C33-7880-7A39-F672-8DCB17098C5C
 End:   ===== Processing Layers =====; Timer: cpu0=0.375 wall=0.100 

21.06.26 03:53:00  ===== New Time Step =====, Iter number =  205
 Start: TimeServis
 End:   TimeServis; Timer: cpu0=0.516 wall=0.043 
 Start: User modules' functions BeforeTimeStep() are calling
 End:   User modules' functions BeforeTimeStep() are calling; Timer: cpu0=0.000 wall=0.001 
 Start: Adaptation, TotalRealCellsCount= 96154 
 End:   Adaptation; Timer: cpu0=0.000 wall=0.004 
 Start: Initialize data arrays on chips
 End:   Initialize data arrays on chips, res= 0; Timer: cpu0=0.000 wall=0.003 
  ***** Maximum Geometrical Gauss = 2.31353e-14, cell= 690:6:6:6:0
  ***** Maximum MovingSurf  Gauss = 0, cell= 
 Start: Initialize data arrays on chips
 End:   Initialize data arrays on chips, res= 0; Timer: cpu0=0.172 wall=0.002 
 Start: TimeServis
 End:   TimeServis; Timer: cpu0=0.234 wall=0.041 
 Start: FindEnclaves
 End:   FindEnclaves; Timer: cpu0=0.094 wall=0.090 
 Start: VarValueService
 End:   VarValueService; Timer: cpu0=0.000 wall=0.001 
 Start: SolvePhaseEquation 
 End:   SolvePhaseEquation ; Timer: cpu0=16.125 wall=1.978 
 Start: SolidFiltersProcess: calculate forces and moments
 End:   SolidFiltersProcess: calculate forces and moments; Timer: cpu0=0.000 wall=0.002 
 Start: PrepareDataForNextStep
 End:   PrepareDataForNextStep; Timer: cpu0=0.422 wall=0.048 
 Start: VarValueService
 End:   VarValueService; Timer: cpu0=0.000 wall=0.002 
 Start: UpdateStopperData
 End:   UpdateStopperData; Timer: cpu0=0.000 wall=0.001 
 Start: Saving text status in E:\UniFlight\flow\Land_fv\data\Land.status
 End:   Saving text status in E:\UniFlight\flow\Land_fv\data\Land.status; Timer: cpu0=0.000 wall=0.003 
 End:   ===== Time Step =====, Iter number =  205; Timer: cpu0=17.734 wall=2.282 

21.06.26 03:53:02  ===== Processing Layers =====
21.06.26 03:53:02    *SEND* for CScalarLayer, GUID=0E21CAB5-1866-4124-A2B3-DEC499FA58E6
 Start: ComputeVolumeCharacteristics
 End:   ComputeVolumeCharacteristics; Timer: cpu0=0.000 wall=0.005 
 Start: GetValueOnFacets
 End:   GetValueOnFacets; Timer: cpu0=0.016 wall=0.019 
21.06.26 03:53:02    *SEND* for CScalarLayer, GUID=A3659819-C06E-40A1-8932-64A566FBB4DA
 Start: ComputeVolumeCharacteristics
 End:   ComputeVolumeCharacteristics; Timer: cpu0=0.000 wall=0.005 
 Start: GetValueOnFacets
 End:   GetValueOnFacets; Timer: cpu0=0.219 wall=0.062 
21.06.26 03:53:02    *SEND* for CIntegralCharsLayer, GUID=4E090A0C-544B-E4A2-4242-BEC451D7CD2B
21.06.26 03:53:02    *SEND* for CIntegralCharsLayer, GUID=927DEDC8-AF71-7A31-D608-FB7EA635069E
21.06.26 03:53:02    *SEND* for CIntegralCharsLayer, GUID=7EF96C33-7880-7A39-F672-8DCB17098C5C
 End:   ===== Processing Layers =====; Timer: cpu0=0.406 wall=0.124 

21.06.26 03:53:03  ===== New Time Step =====, Iter number =  206
 Start: TimeServis
 End:   TimeServis; Timer: cpu0=0.344 wall=0.036 
 Start: User modules' functions BeforeTimeStep() are calling
 End:   User modules' functions BeforeTimeStep() are calling; Timer: cpu0=0.000 wall=0.003 
 Start: Adaptation, TotalRealCellsCount= 96154 
 End:   Adaptation; Timer: cpu0=0.000 wall=0.005 
 Start: Initialize data arrays on chips
 End:   Initialize data arrays on chips, res= 0; Timer: cpu0=0.094 wall=0.001 
  ***** Maximum Geometrical Gauss = 2.31353e-14, cell= 690:6:6:6:0
  ***** Maximum MovingSurf  Gauss = 0, cell= 
 Start: Initialize data arrays on chips
 End:   Initialize data arrays on chips, res= 0; Timer: cpu0=0.000 wall=0.002 
 Start: TimeServis
 End:   TimeServis; Timer: cpu0=0.500 wall=0.051 
 Start: FindEnclaves
 End:   FindEnclaves; Timer: cpu0=0.250 wall=0.100 
 Start: VarValueService
 End:   VarValueService; Timer: cpu0=0.000 wall=0.001 
 Start: SolvePhaseEquation 
 End:   SolvePhaseEquation ; Timer: cpu0=16.688 wall=1.973 
 Start: SolidFiltersProcess: calculate forces and moments
 End:   SolidFiltersProcess: calculate forces and moments; Timer: cpu0=0.000 wall=0.002 
 Start: PrepareDataForNextStep
 End:   PrepareDataForNextStep; Timer: cpu0=0.406 wall=0.048 
 Start: VarValueService
 End:   VarValueService; Timer: cpu0=0.000 wall=0.001 
 Start: UpdateStopperData
 End:   UpdateStopperData; Timer: cpu0=0.000 wall=0.001 
 Start: Saving text status in E:\UniFlight\flow\Land_fv\data\Land.status
 End:   Saving text status in E:\UniFlight\flow\Land_fv\data\Land.status; Timer: cpu0=0.000 wall=0.002 
 End:   ===== Time Step =====, Iter number =  206; Timer: cpu0=18.469 wall=2.288 

21.06.26 03:53:05  ===== Processing Layers =====
21.06.26 03:53:05    *SEND* for CScalarLayer, GUID=0E21CAB5-1866-4124-A2B3-DEC499FA58E6
 Start: ComputeVolumeCharacteristics
 End:   ComputeVolumeCharacteristics; Timer: cpu0=0.000 wall=0.004 
 Start: GetValueOnFacets
 End:   GetValueOnFacets; Timer: cpu0=0.016 wall=0.014 
21.06.26 03:53:05    *SEND* for CScalarLayer, GUID=A3659819-C06E-40A1-8932-64A566FBB4DA
 Start: ComputeVolumeCharacteristics
 End:   ComputeVolumeCharacteristics; Timer: cpu0=0.000 wall=0.003 
 Start: GetValueOnFacets
 End:   GetValueOnFacets; Timer: cpu0=0.203 wall=0.050 
21.06.26 03:53:05    *SEND* for CIntegralCharsLayer, GUID=4E090A0C-544B-E4A2-4242-BEC451D7CD2B
21.06.26 03:53:05    *SEND* for CIntegralCharsLayer, GUID=927DEDC8-AF71-7A31-D608-FB7EA635069E
21.06.26 03:53:05    *SEND* for CIntegralCharsLayer, GUID=7EF96C33-7880-7A39-F672-8DCB17098C5C
 End:   ===== Processing Layers =====; Timer: cpu0=0.234 wall=0.100 

21.06.26 03:53:05  ===== New Time Step =====, Iter number =  207
 Start: TimeServis
 End:   TimeServis; Timer: cpu0=0.391 wall=0.045 
 Start: User modules' functions BeforeTimeStep() are calling
 End:   User modules' functions BeforeTimeStep() are calling; Timer: cpu0=0.000 wall=0.001 
 Start: Adaptation, TotalRealCellsCount= 96154 
 End:   Adaptation; Timer: cpu0=0.000 wall=0.004 
 Start: Initialize data arrays on chips
 End:   Initialize data arrays on chips, res= 0; Timer: cpu0=0.000 wall=0.002 
  ***** Maximum Geometrical Gauss = 2.31353e-14, cell= 690:6:6:6:0
  ***** Maximum MovingSurf  Gauss = 0, cell= 
 Start: Initialize data arrays on chips
 End:   Initialize data arrays on chips, res= 0; Timer: cpu0=0.000 wall=0.002 
 Start: TimeServis
 End:   TimeServis; Timer: cpu0=0.375 wall=0.042 
 Start: FindEnclaves
 End:   FindEnclaves; Timer: cpu0=0.094 wall=0.090 
 Start: VarValueService
 End:   VarValueService; Timer: cpu0=0.000 wall=0.001 
 Start: SolvePhaseEquation 
 End:   SolvePhaseEquation ; Timer: cpu0=15.703 wall=1.971 
 Start: SolidFiltersProcess: calculate forces and moments
 End:   SolidFiltersProcess: calculate forces and moments; Timer: cpu0=0.000 wall=0.002 
 Start: PrepareDataForNextStep
 End:   PrepareDataForNextStep; Timer: cpu0=0.578 wall=0.067 
 Start: VarValueService
 End:   VarValueService; Timer: cpu0=0.000 wall=0.002 
 Start: UpdateStopperData
 End:   UpdateStopperData; Timer: cpu0=0.000 wall=0.002 
 Start: Saving text status in E:\UniFlight\flow\Land_fv\data\Land.status
 End:   Saving text status in E:\UniFlight\flow\Land_fv\data\Land.status; Timer: cpu0=0.000 wall=0.003 
 End:   ===== Time Step =====, Iter number =  207; Timer: cpu0=17.312 wall=2.296 

21.06.26 03:53:08  ===== Processing Layers =====
21.06.26 03:53:08    *SEND* for CScalarLayer, GUID=0E21CAB5-1866-4124-A2B3-DEC499FA58E6
 Start: ComputeVolumeCharacteristics
 End:   ComputeVolumeCharacteristics; Timer: cpu0=0.000 wall=0.007 
 Start: GetValueOnFacets
 End:   GetValueOnFacets; Timer: cpu0=0.016 wall=0.016 
21.06.26 03:53:08    *SEND* for CScalarLayer, GUID=A3659819-C06E-40A1-8932-64A566FBB4DA
 Start: ComputeVolumeCharacteristics
 End:   ComputeVolumeCharacteristics; Timer: cpu0=0.000 wall=0.004 
 Start: GetValueOnFacets
 End:   GetValueOnFacets; Timer: cpu0=0.219 wall=0.054 
21.06.26 03:53:08    *SEND* for CIntegralCharsLayer, GUID=4E090A0C-544B-E4A2-4242-BEC451D7CD2B
21.06.26 03:53:08    *SEND* for CIntegralCharsLayer, GUID=927DEDC8-AF71-7A31-D608-FB7EA635069E
21.06.26 03:53:08    *SEND* for CIntegralCharsLayer, GUID=7EF96C33-7880-7A39-F672-8DCB17098C5C
 End:   ===== Processing Layers =====; Timer: cpu0=0.484 wall=0.113 

21.06.26 03:53:08  ===== New Time Step =====, Iter number =  208
 Start: TimeServis
 End:   TimeServis; Timer: cpu0=0.516 wall=0.044 
 Start: User modules' functions BeforeTimeStep() are calling
 End:   User modules' functions BeforeTimeStep() are calling; Timer: cpu0=0.000 wall=0.001 
 Start: Adaptation, TotalRealCellsCount= 96154 
 End:   Adaptation; Timer: cpu0=0.172 wall=0.005 
 Start: Initialize data arrays on chips
 End:   Initialize data arrays on chips, res= 0; Timer: cpu0=0.000 wall=0.004 
  ***** Maximum Geometrical Gauss = 2.31353e-14, cell= 690:6:6:6:0
  ***** Maximum MovingSurf  Gauss = 0, cell= 
 Start: Initialize data arrays on chips
 End:   Initialize data arrays on chips, res= 0; Timer: cpu0=0.000 wall=0.002 
 Start: TimeServis
 End:   TimeServis; Timer: cpu0=0.516 wall=0.047 
 Start: FindEnclaves
 End:   FindEnclaves; Timer: cpu0=0.062 wall=0.089 
 Start: VarValueService
 End:   VarValueService; Timer: cpu0=0.000 wall=0.001 
 Start: SolvePhaseEquation 
 End:   SolvePhaseEquation ; Timer: cpu0=16.359 wall=1.993 
 Start: SolidFiltersProcess: calculate forces and moments
 End:   SolidFiltersProcess: calculate forces and moments; Timer: cpu0=0.000 wall=0.002 
 Start: PrepareDataForNextStep
 End:   PrepareDataForNextStep; Timer: cpu0=0.516 wall=0.053 
 Start: VarValueService
 End:   VarValueService; Timer: cpu0=0.000 wall=0.001 
 Start: UpdateStopperData
 End:   UpdateStopperData; Timer: cpu0=0.000 wall=0.001 
 Start: Saving text status in E:\UniFlight\flow\Land_fv\data\Land.status
 End:   Saving text status in E:\UniFlight\flow\Land_fv\data\Land.status; Timer: cpu0=0.000 wall=0.002 
 End:   ===== Time Step =====, Iter number =  208; Timer: cpu0=18.484 wall=2.313 

21.06.26 03:53:10  ===== Processing Layers =====
21.06.26 03:53:10    *SEND* for CScalarLayer, GUID=0E21CAB5-1866-4124-A2B3-DEC499FA58E6
 Start: ComputeVolumeCharacteristics
 End:   ComputeVolumeCharacteristics; Timer: cpu0=0.000 wall=0.004 
 Start: GetValueOnFacets
 End:   GetValueOnFacets; Timer: cpu0=0.172 wall=0.014 
21.06.26 03:53:10    *SEND* for CScalarLayer, GUID=A3659819-C06E-40A1-8932-64A566FBB4DA
 Start: ComputeVolumeCharacteristics
 End:   ComputeVolumeCharacteristics; Timer: cpu0=0.000 wall=0.004 
 Start: GetValueOnFacets
 End:   GetValueOnFacets; Timer: cpu0=0.188 wall=0.049 
21.06.26 03:53:11    *SEND* for CIntegralCharsLayer, GUID=4E090A0C-544B-E4A2-4242-BEC451D7CD2B
21.06.26 03:53:11    *SEND* for CIntegralCharsLayer, GUID=927DEDC8-AF71-7A31-D608-FB7EA635069E
21.06.26 03:53:11    *SEND* for CIntegralCharsLayer, GUID=7EF96C33-7880-7A39-F672-8DCB17098C5C
 End:   ===== Processing Layers =====; Timer: cpu0=0.516 wall=0.099 

21.06.26 03:53:11  ===== New Time Step =====, Iter number =  209
 Start: TimeServis
 End:   TimeServis; Timer: cpu0=0.516 wall=0.045 
 Start: User modules' functions BeforeTimeStep() are calling
 End:   User modules' functions BeforeTimeStep() are calling; Timer: cpu0=0.000 wall=0.002 
 Start: Adaptation, TotalRealCellsCount= 96154 
 End:   Adaptation; Timer: cpu0=0.000 wall=0.005 
 Start: Initialize data arrays on chips
 End:   Initialize data arrays on chips, res= 0; Timer: cpu0=0.000 wall=0.002 
  ***** Maximum Geometrical Gauss = 2.31353e-14, cell= 690:6:6:6:0
  ***** Maximum MovingSurf  Gauss = 0, cell= 
 Start: Initialize data arrays on chips
 End:   Initialize data arrays on chips, res= 0; Timer: cpu0=0.000 wall=0.002 
 Start: TimeServis
 End:   TimeServis; Timer: cpu0=0.375 wall=0.044 
 Start: FindEnclaves
 End:   FindEnclaves; Timer: cpu0=0.094 wall=0.099 
 Start: VarValueService
 End:   VarValueService; Timer: cpu0=0.000 wall=0.001 
 Start: SolvePhaseEquation 
 End:   SolvePhaseEquation ; Timer: cpu0=15.891 wall=2.033 
 Start: SolidFiltersProcess: calculate forces and moments
 End:   SolidFiltersProcess: calculate forces and moments; Timer: cpu0=0.000 wall=0.001 
 Start: PrepareDataForNextStep
 End:   PrepareDataForNextStep; Timer: cpu0=0.484 wall=0.049 
 Start: VarValueService
 End:   VarValueService; Timer: cpu0=0.000 wall=0.002 
 Start: UpdateStopperData
 End:   UpdateStopperData; Timer: cpu0=0.000 wall=0.001 
 Start: Saving text status in E:\UniFlight\flow\Land_fv\data\Land.status
 End:   Saving text status in E:\UniFlight\flow\Land_fv\data\Land.status; Timer: cpu0=0.000 wall=0.003 
 End:   ===== Time Step =====, Iter number =  209; Timer: cpu0=17.703 wall=2.351 

21.06.26 03:53:13  ===== Processing Layers =====
21.06.26 03:53:13    *SEND* for CScalarLayer, GUID=0E21CAB5-1866-4124-A2B3-DEC499FA58E6
 Start: ComputeVolumeCharacteristics
 End:   ComputeVolumeCharacteristics; Timer: cpu0=0.172 wall=0.004 
 Start: GetValueOnFacets
 End:   GetValueOnFacets; Timer: cpu0=0.016 wall=0.012 
21.06.26 03:53:13    *SEND* for CScalarLayer, GUID=A3659819-C06E-40A1-8932-64A566FBB4DA
 Start: ComputeVolumeCharacteristics
 End:   ComputeVolumeCharacteristics; Timer: cpu0=0.000 wall=0.004 
 Start: GetValueOnFacets
 End:   GetValueOnFacets; Timer: cpu0=0.062 wall=0.052 
21.06.26 03:53:13    *SEND* for CIntegralCharsLayer, GUID=4E090A0C-544B-E4A2-4242-BEC451D7CD2B
21.06.26 03:53:13    *SEND* for CIntegralCharsLayer, GUID=927DEDC8-AF71-7A31-D608-FB7EA635069E
21.06.26 03:53:13    *SEND* for CIntegralCharsLayer, GUID=7EF96C33-7880-7A39-F672-8DCB17098C5C
 End:   ===== Processing Layers =====; Timer: cpu0=0.250 wall=0.106 

21.06.26 03:53:13  ===== New Time Step =====, Iter number =  210
 Start: TimeServis
 End:   TimeServis; Timer: cpu0=0.516 wall=0.045 
 Start: User modules' functions BeforeTimeStep() are calling
 End:   User modules' functions BeforeTimeStep() are calling; Timer: cpu0=0.000 wall=0.001 
 Start: Adaptation, TotalRealCellsCount= 96154 
 End:   Adaptation; Timer: cpu0=6.172 wall=0.776 
 Start: DistributeGridOnProcessors
 End:   DistributeGridOnProcessors, res= 0; Timer: cpu0=0.969 wall=0.201 
 Start: SetNeiHyperCells
 End:   SetNeiHyperCells, res= 0; Timer: cpu0=0.000 wall=0.007 
 Start: BuildFacetDistribution
 End:   BuildFacetDistribution; Timer: cpu0=0.000 wall=0.002 
 Start: Initialize data arrays on chips
 End:   Initialize data arrays on chips, res= 0; Timer: cpu0=0.000 wall=0.002 
  ***** Maximum Geometrical Gauss = 2.31353e-14, cell= 690:6:6:6:0
  ***** Maximum MovingSurf  Gauss = 1.14961e-13, cell= 797:7:2:0
 Start: Remove Small Cells
 End:   Remove Small Cells; Timer: cpu0=0.172 wall=0.020 
 Start: Initialize data arrays on chips
 End:   Initialize data arrays on chips, res= 0; Timer: cpu0=0.000 wall=0.003 
  ***** Maximum Geometrical Gauss = 2.31353e-14, cell= 690:6:6:6:0
  ***** Maximum MovingSurf  Gauss = 1.14961e-13, cell= 797:7:2:0
 Start: Initialize data arrays on chips
 End:   Initialize data arrays on chips, res= 0; Timer: cpu0=0.000 wall=0.002 
 Start: Modify Chip Data
 End:   Modify Chip Data; Timer: cpu0=0.359 wall=0.044 
 Start: TimeServis
 End:   TimeServis; Timer: cpu0=0.594 wall=0.057 
 Start: FindEnclaves
 End:   FindEnclaves; Timer: cpu0=0.094 wall=0.097 
 Start: VarValueService
 End:   VarValueService; Timer: cpu0=0.031 wall=0.001 
 Start: SolvePhaseEquation 
 End:   SolvePhaseEquation ; Timer: cpu0=16.812 wall=2.085 
 Start: SolidFiltersProcess: calculate forces and moments
 End:   SolidFiltersProcess: calculate forces and moments; Timer: cpu0=0.000 wall=0.001 
 Start: PrepareDataForNextStep
 End:   PrepareDataForNextStep; Timer: cpu0=0.375 wall=0.059 
 Start: VarValueService
 End:   VarValueService; Timer: cpu0=0.000 wall=0.001 
 Start: UpdateStopperData
 End:   UpdateStopperData; Timer: cpu0=0.000 wall=0.001 
 Start: Saving text status in E:\UniFlight\flow\Land_fv\data\Land.status
 End:   Saving text status in E:\UniFlight\flow\Land_fv\data\Land.status; Timer: cpu0=0.000 wall=0.002 
 End:   ===== Time Step =====, Iter number =  210; Timer: cpu0=26.750 wall=3.499 

21.06.26 03:53:17  ===== Processing Layers =====
21.06.26 03:53:17    *SEND* for CScalarLayer, GUID=0E21CAB5-1866-4124-A2B3-DEC499FA58E6
 Start: ComputeVolumeCharacteristics
 End:   ComputeVolumeCharacteristics; Timer: cpu0=0.000 wall=0.005 
 Start: GetValueOnFacets
 End:   GetValueOnFacets; Timer: cpu0=0.156 wall=0.012 
21.06.26 03:53:17    *SEND* for CScalarLayer, GUID=A3659819-C06E-40A1-8932-64A566FBB4DA
 Start: ComputeVolumeCharacteristics
 End:   ComputeVolumeCharacteristics; Timer: cpu0=0.125 wall=0.004 
 Start: GetValueOnFacets
 End:   GetValueOnFacets; Timer: cpu0=0.031 wall=0.047 
21.06.26 03:53:17    *SEND* for CIntegralCharsLayer, GUID=4E090A0C-544B-E4A2-4242-BEC451D7CD2B
21.06.26 03:53:17    *SEND* for CIntegralCharsLayer, GUID=927DEDC8-AF71-7A31-D608-FB7EA635069E
21.06.26 03:53:17    *SEND* for CIntegralCharsLayer, GUID=7EF96C33-7880-7A39-F672-8DCB17098C5C
 End:   ===== Processing Layers =====; Timer: cpu0=0.422 wall=0.099 

21.06.26 03:53:17  ===== New Time Step =====, Iter number =  211
 Start: TimeServis
 End:   TimeServis; Timer: cpu0=0.516 wall=0.044 
 Start: User modules' functions BeforeTimeStep() are calling
 End:   User modules' functions BeforeTimeStep() are calling; Timer: cpu0=0.000 wall=0.002 
 Start: Adaptation, TotalRealCellsCount= 98653 
 End:   Adaptation; Timer: cpu0=5.391 wall=0.698 
 Start: DistributeGridOnProcessors
 End:   DistributeGridOnProcessors, res= 0; Timer: cpu0=0.703 wall=0.209 
 Start: SetNeiHyperCells
 End:   SetNeiHyperCells, res= 0; Timer: cpu0=0.000 wall=0.006 
 Start: BuildFacetDistribution
 End:   BuildFacetDistribution; Timer: cpu0=0.000 wall=0.002 
 Start: Initialize data arrays on chips
 End:   Initialize data arrays on chips, res= 0; Timer: cpu0=0.000 wall=0.002 
  ***** Maximum Geometrical Gauss = 2.31353e-14, cell= 690:6:6:6:0
  ***** Maximum MovingSurf  Gauss = 8.05951e-14, cell= 895:2:2:7:0
 Start: Remove Small Cells
 End:   Remove Small Cells; Timer: cpu0=0.125 wall=0.017 
 Start: Initialize data arrays on chips
 End:   Initialize data arrays on chips, res= 0; Timer: cpu0=0.000 wall=0.002 
  ***** Maximum Geometrical Gauss = 2.31353e-14, cell= 690:6:6:6:0
  ***** Maximum MovingSurf  Gauss = 8.05951e-14, cell= 895:2:2:7:0
 Start: Initialize data arrays on chips
 End:   Initialize data arrays on chips, res= 0; Timer: cpu0=0.000 wall=0.002 
 Start: Modify Chip Data
 End:   Modify Chip Data; Timer: cpu0=0.344 wall=0.039 
 Start: TimeServis
 End:   TimeServis; Timer: cpu0=0.422 wall=0.052 
 Start: FindEnclaves
 End:   FindEnclaves; Timer: cpu0=0.234 wall=0.095 
 Start: VarValueService
 End:   VarValueService; Timer: cpu0=0.000 wall=0.001 
 Start: SolvePhaseEquation 
 End:   SolvePhaseEquation ; Timer: cpu0=16.578 wall=1.995 
 Start: SolidFiltersProcess: calculate forces and moments
 End:   SolidFiltersProcess: calculate forces and moments; Timer: cpu0=0.000 wall=0.002 
 Start: PrepareDataForNextStep
 End:   PrepareDataForNextStep; Timer: cpu0=0.516 wall=0.054 
 Start: VarValueService
 End:   VarValueService; Timer: cpu0=0.000 wall=0.002 
 Start: UpdateStopperData
 End:   UpdateStopperData; Timer: cpu0=0.000 wall=0.001 
 Start: Saving text status in E:\UniFlight\flow\Land_fv\data\Land.status
 End:   Saving text status in E:\UniFlight\flow\Land_fv\data\Land.status; Timer: cpu0=0.000 wall=0.002 
 End:   ===== Time Step =====, Iter number =  211; Timer: cpu0=25.344 wall=3.317 

21.06.26 03:53:21  ===== Processing Layers =====
21.06.26 03:53:21    *SEND* for CScalarLayer, GUID=0E21CAB5-1866-4124-A2B3-DEC499FA58E6
 Start: ComputeVolumeCharacteristics
 End:   ComputeVolumeCharacteristics; Timer: cpu0=0.172 wall=0.004 
 Start: GetValueOnFacets
 End:   GetValueOnFacets; Timer: cpu0=0.141 wall=0.012 
21.06.26 03:53:21    *SEND* for CScalarLayer, GUID=A3659819-C06E-40A1-8932-64A566FBB4DA
 Start: ComputeVolumeCharacteristics
 End:   ComputeVolumeCharacteristics; Timer: cpu0=0.172 wall=0.003 
 Start: GetValueOnFacets
 End:   GetValueOnFacets; Timer: cpu0=0.047 wall=0.047 
21.06.26 03:53:21    *SEND* for CIntegralCharsLayer, GUID=4E090A0C-544B-E4A2-4242-BEC451D7CD2B
21.06.26 03:53:21    *SEND* for CIntegralCharsLayer, GUID=927DEDC8-AF71-7A31-D608-FB7EA635069E
21.06.26 03:53:21    *SEND* for CIntegralCharsLayer, GUID=7EF96C33-7880-7A39-F672-8DCB17098C5C
 End:   ===== Processing Layers =====; Timer: cpu0=0.531 wall=0.099 

21.06.26 03:53:21  ===== New Time Step =====, Iter number =  212
 Start: TimeServis
 End:   TimeServis; Timer: cpu0=0.469 wall=0.043 
 Start: User modules' functions BeforeTimeStep() are calling
 End:   User modules' functions BeforeTimeStep() are calling; Timer: cpu0=0.000 wall=0.001 
 Start: Adaptation, TotalRealCellsCount= 96105 
 End:   Adaptation; Timer: cpu0=0.000 wall=0.004 
 Start: Initialize data arrays on chips
 End:   Initialize data arrays on chips, res= 0; Timer: cpu0=0.000 wall=0.002 
  ***** Maximum Geometrical Gauss = 2.31353e-14, cell= 690:6:6:6:0
  ***** Maximum MovingSurf  Gauss = 0, cell= 
 Start: Initialize data arrays on chips
 End:   Initialize data arrays on chips, res= 0; Timer: cpu0=0.000 wall=0.002 
 Start: TimeServis
 End:   TimeServis; Timer: cpu0=0.406 wall=0.048 
 Start: FindEnclaves
 End:   FindEnclaves; Timer: cpu0=0.094 wall=0.088 
 Start: VarValueService
 End:   VarValueService; Timer: cpu0=0.000 wall=0.001 
 Start: SolvePhaseEquation 
 End:   SolvePhaseEquation ; Timer: cpu0=15.906 wall=1.998 
 Start: SolidFiltersProcess: calculate forces and moments
 End:   SolidFiltersProcess: calculate forces and moments; Timer: cpu0=0.000 wall=0.002 
 Start: PrepareDataForNextStep
 End:   PrepareDataForNextStep; Timer: cpu0=0.391 wall=0.054 
 Start: VarValueService
 End:   VarValueService; Timer: cpu0=0.000 wall=0.001 
 Start: UpdateStopperData
 End:   UpdateStopperData; Timer: cpu0=0.000 wall=0.000 
 Start: Saving text status in E:\UniFlight\flow\Land_fv\data\Land.status
 End:   Saving text status in E:\UniFlight\flow\Land_fv\data\Land.status; Timer: cpu0=0.000 wall=0.002 
 End:   ===== Time Step =====, Iter number =  212; Timer: cpu0=17.609 wall=2.311 

21.06.26 03:53:23  ===== Processing Layers =====
21.06.26 03:53:23    *SEND* for CScalarLayer, GUID=0E21CAB5-1866-4124-A2B3-DEC499FA58E6
 Start: ComputeVolumeCharacteristics
 End:   ComputeVolumeCharacteristics; Timer: cpu0=0.000 wall=0.004 
 Start: GetValueOnFacets
 End:   GetValueOnFacets; Timer: cpu0=0.016 wall=0.015 
21.06.26 03:53:23    *SEND* for CScalarLayer, GUID=A3659819-C06E-40A1-8932-64A566FBB4DA
 Start: ComputeVolumeCharacteristics
 End:   ComputeVolumeCharacteristics; Timer: cpu0=0.000 wall=0.004 
 Start: GetValueOnFacets
 End:   GetValueOnFacets; Timer: cpu0=0.203 wall=0.068 
21.06.26 03:53:24    *SEND* for CIntegralCharsLayer, GUID=4E090A0C-544B-E4A2-4242-BEC451D7CD2B
21.06.26 03:53:24    *SEND* for CIntegralCharsLayer, GUID=927DEDC8-AF71-7A31-D608-FB7EA635069E
21.06.26 03:53:24    *SEND* for CIntegralCharsLayer, GUID=7EF96C33-7880-7A39-F672-8DCB17098C5C
 End:   ===== Processing Layers =====; Timer: cpu0=0.562 wall=0.127 

21.06.26 03:53:24  ===== New Time Step =====, Iter number =  213
 Start: TimeServis
 End:   TimeServis; Timer: cpu0=0.500 wall=0.044 
 Start: User modules' functions BeforeTimeStep() are calling
 End:   User modules' functions BeforeTimeStep() are calling; Timer: cpu0=0.000 wall=0.002 
 Start: Adaptation, TotalRealCellsCount= 96105 
 End:   Adaptation; Timer: cpu0=0.000 wall=0.005 
 Start: Initialize data arrays on chips
 End:   Initialize data arrays on chips, res= 0; Timer: cpu0=0.000 wall=0.002 
  ***** Maximum Geometrical Gauss = 2.31353e-14, cell= 690:6:6:6:0
  ***** Maximum MovingSurf  Gauss = 0, cell= 
 Start: Initialize data arrays on chips
 End:   Initialize data arrays on chips, res= 0; Timer: cpu0=0.000 wall=0.003 
 Start: TimeServis
 End:   TimeServis; Timer: cpu0=0.516 wall=0.054 
 Start: FindEnclaves
 End:   FindEnclaves; Timer: cpu0=0.078 wall=0.086 
 Start: VarValueService
 End:   VarValueService; Timer: cpu0=0.000 wall=0.001 
 Start: SolvePhaseEquation 
 End:   SolvePhaseEquation ; Timer: cpu0=15.766 wall=1.988 
 Start: SolidFiltersProcess: calculate forces and moments
 End:   SolidFiltersProcess: calculate forces and moments; Timer: cpu0=0.000 wall=0.002 
 Start: PrepareDataForNextStep
 End:   PrepareDataForNextStep; Timer: cpu0=0.359 wall=0.053 
 Start: VarValueService
 End:   VarValueService; Timer: cpu0=0.000 wall=0.001 
 Start: UpdateStopperData
 End:   UpdateStopperData; Timer: cpu0=0.000 wall=0.001 
 Start: Saving text status in E:\UniFlight\flow\Land_fv\data\Land.status
 End:   Saving text status in E:\UniFlight\flow\Land_fv\data\Land.status; Timer: cpu0=0.000 wall=0.002 
 End:   ===== Time Step =====, Iter number =  213; Timer: cpu0=17.734 wall=2.314 

21.06.26 03:53:26  ===== Processing Layers =====
21.06.26 03:53:26    *SEND* for CScalarLayer, GUID=0E21CAB5-1866-4124-A2B3-DEC499FA58E6
 Start: ComputeVolumeCharacteristics
 End:   ComputeVolumeCharacteristics; Timer: cpu0=0.000 wall=0.004 
 Start: GetValueOnFacets
 End:   GetValueOnFacets; Timer: cpu0=0.156 wall=0.013 
21.06.26 03:53:26    *SEND* for CScalarLayer, GUID=A3659819-C06E-40A1-8932-64A566FBB4DA
 Start: ComputeVolumeCharacteristics
 End:   ComputeVolumeCharacteristics; Timer: cpu0=0.000 wall=0.003 
 Start: GetValueOnFacets
 End:   GetValueOnFacets; Timer: cpu0=0.203 wall=0.048 
21.06.26 03:53:26    *SEND* for CIntegralCharsLayer, GUID=4E090A0C-544B-E4A2-4242-BEC451D7CD2B
21.06.26 03:53:26    *SEND* for CIntegralCharsLayer, GUID=927DEDC8-AF71-7A31-D608-FB7EA635069E
21.06.26 03:53:26    *SEND* for CIntegralCharsLayer, GUID=7EF96C33-7880-7A39-F672-8DCB17098C5C
 End:   ===== Processing Layers =====; Timer: cpu0=0.516 wall=0.097 

21.06.26 03:53:26  ===== New Time Step =====, Iter number =  214
 Start: TimeServis
 End:   TimeServis; Timer: cpu0=0.344 wall=0.043 
 Start: User modules' functions BeforeTimeStep() are calling
 End:   User modules' functions BeforeTimeStep() are calling; Timer: cpu0=0.000 wall=0.001 
 Start: Adaptation, TotalRealCellsCount= 96105 
 End:   Adaptation; Timer: cpu0=0.000 wall=0.004 
 Start: Initialize data arrays on chips
 End:   Initialize data arrays on chips, res= 0; Timer: cpu0=0.000 wall=0.002 
  ***** Maximum Geometrical Gauss = 2.31353e-14, cell= 690:6:6:6:0
  ***** Maximum MovingSurf  Gauss = 0, cell= 
 Start: Initialize data arrays on chips
 End:   Initialize data arrays on chips, res= 0; Timer: cpu0=0.000 wall=0.002 
 Start: TimeServis
 End:   TimeServis; Timer: cpu0=0.516 wall=0.041 
 Start: FindEnclaves
 End:   FindEnclaves; Timer: cpu0=0.250 wall=0.088 
 Start: VarValueService
 End:   VarValueService; Timer: cpu0=0.000 wall=0.001 
 Start: SolvePhaseEquation 
 End:   SolvePhaseEquation ; Timer: cpu0=16.609 wall=2.000 
 Start: SolidFiltersProcess: calculate forces and moments
 End:   SolidFiltersProcess: calculate forces and moments; Timer: cpu0=0.000 wall=0.003 
 Start: PrepareDataForNextStep
 End:   PrepareDataForNextStep; Timer: cpu0=0.344 wall=0.061 
 Start: VarValueService
 End:   VarValueService; Timer: cpu0=0.000 wall=0.001 
 Start: UpdateStopperData
 End:   UpdateStopperData; Timer: cpu0=0.000 wall=0.001 
 Start: Saving text status in E:\UniFlight\flow\Land_fv\data\Land.status
 End:   Saving text status in E:\UniFlight\flow\Land_fv\data\Land.status; Timer: cpu0=0.000 wall=0.001 
 End:   ===== Time Step =====, Iter number =  214; Timer: cpu0=18.234 wall=2.308 

21.06.26 03:53:29  ===== Processing Layers =====
21.06.26 03:53:29    *SEND* for CScalarLayer, GUID=0E21CAB5-1866-4124-A2B3-DEC499FA58E6
 Start: ComputeVolumeCharacteristics
 End:   ComputeVolumeCharacteristics; Timer: cpu0=0.000 wall=0.005 
 Start: GetValueOnFacets
 End:   GetValueOnFacets; Timer: cpu0=0.172 wall=0.012 
21.06.26 03:53:29    *SEND* for CScalarLayer, GUID=A3659819-C06E-40A1-8932-64A566FBB4DA
 Start: ComputeVolumeCharacteristics
 End:   ComputeVolumeCharacteristics; Timer: cpu0=0.000 wall=0.004 
 Start: GetValueOnFacets
 End:   GetValueOnFacets; Timer: cpu0=0.203 wall=0.049 
21.06.26 03:53:29    *SEND* for CIntegralCharsLayer, GUID=4E090A0C-544B-E4A2-4242-BEC451D7CD2B
21.06.26 03:53:29    *SEND* for CIntegralCharsLayer, GUID=927DEDC8-AF71-7A31-D608-FB7EA635069E
21.06.26 03:53:29    *SEND* for CIntegralCharsLayer, GUID=7EF96C33-7880-7A39-F672-8DCB17098C5C
 End:   ===== Processing Layers =====; Timer: cpu0=0.547 wall=0.097 

21.06.26 03:53:29  ===== New Time Step =====, Iter number =  215
 Start: TimeServis
 End:   TimeServis; Timer: cpu0=0.328 wall=0.049 
 Start: User modules' functions BeforeTimeStep() are calling
 End:   User modules' functions BeforeTimeStep() are calling; Timer: cpu0=0.000 wall=0.002 
 Start: Adaptation, TotalRealCellsCount= 96105 
 End:   Adaptation; Timer: cpu0=0.000 wall=0.004 
 Start: Initialize data arrays on chips
 End:   Initialize data arrays on chips, res= 0; Timer: cpu0=0.000 wall=0.002 
  ***** Maximum Geometrical Gauss = 2.31353e-14, cell= 690:6:6:6:0
  ***** Maximum MovingSurf  Gauss = 0, cell= 
 Start: Initialize data arrays on chips
 End:   Initialize data arrays on chips, res= 0; Timer: cpu0=0.000 wall=0.002 
 Start: TimeServis
 End:   TimeServis; Timer: cpu0=0.359 wall=0.048 
 Start: FindEnclaves
 End:   FindEnclaves; Timer: cpu0=0.250 wall=0.088 
 Start: VarValueService
 End:   VarValueService; Timer: cpu0=0.000 wall=0.000 
 Start: SolvePhaseEquation 
 End:   SolvePhaseEquation ; Timer: cpu0=16.562 wall=1.991 
 Start: SolidFiltersProcess: calculate forces and moments
 End:   SolidFiltersProcess: calculate forces and moments; Timer: cpu0=0.000 wall=0.002 
 Start: PrepareDataForNextStep
 End:   PrepareDataForNextStep; Timer: cpu0=0.469 wall=0.061 
 Start: VarValueService
 End:   VarValueService; Timer: cpu0=0.000 wall=0.001 
 Start: UpdateStopperData
 End:   UpdateStopperData; Timer: cpu0=0.000 wall=0.001 
 Start: Saving text status in E:\UniFlight\flow\Land_fv\data\Land.status
 End:   Saving text status in E:\UniFlight\flow\Land_fv\data\Land.status; Timer: cpu0=0.000 wall=0.002 
 End:   ===== Time Step =====, Iter number =  215; Timer: cpu0=18.141 wall=2.313 

21.06.26 03:53:32  ===== Processing Layers =====
21.06.26 03:53:32    *SEND* for CScalarLayer, GUID=0E21CAB5-1866-4124-A2B3-DEC499FA58E6
 Start: ComputeVolumeCharacteristics
 End:   ComputeVolumeCharacteristics; Timer: cpu0=0.000 wall=0.005 
 Start: GetValueOnFacets
 End:   GetValueOnFacets; Timer: cpu0=0.000 wall=0.012 
21.06.26 03:53:32    *SEND* for CScalarLayer, GUID=A3659819-C06E-40A1-8932-64A566FBB4DA
 Start: ComputeVolumeCharacteristics
 End:   ComputeVolumeCharacteristics; Timer: cpu0=0.000 wall=0.004 
 Start: GetValueOnFacets
 End:   GetValueOnFacets; Timer: cpu0=0.062 wall=0.053 
21.06.26 03:53:32    *SEND* for CIntegralCharsLayer, GUID=4E090A0C-544B-E4A2-4242-BEC451D7CD2B
21.06.26 03:53:32    *SEND* for CIntegralCharsLayer, GUID=927DEDC8-AF71-7A31-D608-FB7EA635069E
21.06.26 03:53:32    *SEND* for CIntegralCharsLayer, GUID=7EF96C33-7880-7A39-F672-8DCB17098C5C
 End:   ===== Processing Layers =====; Timer: cpu0=0.062 wall=0.103 

21.06.26 03:53:32  ===== New Time Step =====, Iter number =  216
 Start: TimeServis
 End:   TimeServis; Timer: cpu0=0.391 wall=0.041 
 Start: User modules' functions BeforeTimeStep() are calling
 End:   User modules' functions BeforeTimeStep() are calling; Timer: cpu0=0.000 wall=0.001 
 Start: Adaptation, TotalRealCellsCount= 96105 
 End:   Adaptation; Timer: cpu0=0.000 wall=0.004 
 Start: Initialize data arrays on chips
 End:   Initialize data arrays on chips, res= 0; Timer: cpu0=0.000 wall=0.002 
  ***** Maximum Geometrical Gauss = 2.31353e-14, cell= 690:6:6:6:0
  ***** Maximum MovingSurf  Gauss = 0, cell= 
 Start: Initialize data arrays on chips
 End:   Initialize data arrays on chips, res= 0; Timer: cpu0=0.000 wall=0.001 
 Start: TimeServis
 End:   TimeServis; Timer: cpu0=0.281 wall=0.049 
 Start: FindEnclaves
 End:   FindEnclaves; Timer: cpu0=0.078 wall=0.083 
 Start: VarValueService
 End:   VarValueService; Timer: cpu0=0.000 wall=0.000 
 Start: SolvePhaseEquation 
 End:   SolvePhaseEquation ; Timer: cpu0=15.781 wall=1.951 
 Start: SolidFiltersProcess: calculate forces and moments
 End:   SolidFiltersProcess: calculate forces and moments; Timer: cpu0=0.000 wall=0.002 
 Start: PrepareDataForNextStep
 End:   PrepareDataForNextStep; Timer: cpu0=0.547 wall=0.061 
 Start: VarValueService
 End:   VarValueService; Timer: cpu0=0.000 wall=0.002 
 Start: UpdateStopperData
 End:   UpdateStopperData; Timer: cpu0=0.000 wall=0.001 
 Start: Saving text status in E:\UniFlight\flow\Land_fv\data\Land.status
 End:   Saving text status in E:\UniFlight\flow\Land_fv\data\Land.status; Timer: cpu0=0.000 wall=0.002 
 End:   ===== Time Step =====, Iter number =  216; Timer: cpu0=17.406 wall=2.267 

21.06.26 03:53:34  ===== Processing Layers =====
21.06.26 03:53:34    *SEND* for CScalarLayer, GUID=0E21CAB5-1866-4124-A2B3-DEC499FA58E6
 Start: ComputeVolumeCharacteristics
 End:   ComputeVolumeCharacteristics; Timer: cpu0=0.000 wall=0.004 
 Start: GetValueOnFacets
 End:   GetValueOnFacets; Timer: cpu0=0.016 wall=0.013 
21.06.26 03:53:34    *SEND* for CScalarLayer, GUID=A3659819-C06E-40A1-8932-64A566FBB4DA
 Start: ComputeVolumeCharacteristics
 End:   ComputeVolumeCharacteristics; Timer: cpu0=0.000 wall=0.003 
 Start: GetValueOnFacets
 End:   GetValueOnFacets; Timer: cpu0=0.188 wall=0.053 
21.06.26 03:53:34    *SEND* for CIntegralCharsLayer, GUID=4E090A0C-544B-E4A2-4242-BEC451D7CD2B
21.06.26 03:53:34    *SEND* for CIntegralCharsLayer, GUID=927DEDC8-AF71-7A31-D608-FB7EA635069E
21.06.26 03:53:34    *SEND* for CIntegralCharsLayer, GUID=7EF96C33-7880-7A39-F672-8DCB17098C5C
 End:   ===== Processing Layers =====; Timer: cpu0=0.375 wall=0.103 

21.06.26 03:53:34  ===== New Time Step =====, Iter number =  217
 Start: TimeServis
 End:   TimeServis; Timer: cpu0=0.484 wall=0.040 
 Start: User modules' functions BeforeTimeStep() are calling
 End:   User modules' functions BeforeTimeStep() are calling; Timer: cpu0=0.000 wall=0.002 
 Start: Adaptation, TotalRealCellsCount= 96105 
 End:   Adaptation; Timer: cpu0=0.000 wall=0.005 
 Start: Initialize data arrays on chips
 End:   Initialize data arrays on chips, res= 0; Timer: cpu0=0.000 wall=0.001 
  ***** Maximum Geometrical Gauss = 2.31353e-14, cell= 690:6:6:6:0
  ***** Maximum MovingSurf  Gauss = 0, cell= 
 Start: Initialize data arrays on chips
 End:   Initialize data arrays on chips, res= 0; Timer: cpu0=0.000 wall=0.002 
 Start: TimeServis
 End:   TimeServis; Timer: cpu0=0.484 wall=0.053 
 Start: FindEnclaves
 End:   FindEnclaves; Timer: cpu0=0.094 wall=0.098 
 Start: VarValueService
 End:   VarValueService; Timer: cpu0=0.000 wall=0.001 
 Start: SolvePhaseEquation 
 End:   SolvePhaseEquation ; Timer: cpu0=15.359 wall=1.935 
 Start: SolidFiltersProcess: calculate forces and moments
 End:   SolidFiltersProcess: calculate forces and moments; Timer: cpu0=0.000 wall=0.002 
 Start: PrepareDataForNextStep
 End:   PrepareDataForNextStep; Timer: cpu0=0.203 wall=0.059 
 Start: VarValueService
 End:   VarValueService; Timer: cpu0=0.000 wall=0.002 
 Start: UpdateStopperData
 End:   UpdateStopperData; Timer: cpu0=0.000 wall=0.001 
 Start: Saving text status in E:\UniFlight\flow\Land_fv\data\Land.status
 End:   Saving text status in E:\UniFlight\flow\Land_fv\data\Land.status; Timer: cpu0=0.000 wall=0.002 
 End:   ===== Time Step =====, Iter number =  217; Timer: cpu0=16.969 wall=2.268 

21.06.26 03:53:37  ===== Processing Layers =====
21.06.26 03:53:37    *SEND* for CScalarLayer, GUID=0E21CAB5-1866-4124-A2B3-DEC499FA58E6
 Start: ComputeVolumeCharacteristics
 End:   ComputeVolumeCharacteristics; Timer: cpu0=0.000 wall=0.004 
 Start: GetValueOnFacets
 End:   GetValueOnFacets; Timer: cpu0=0.016 wall=0.018 
21.06.26 03:53:37    *SEND* for CScalarLayer, GUID=A3659819-C06E-40A1-8932-64A566FBB4DA
 Start: ComputeVolumeCharacteristics
 End:   ComputeVolumeCharacteristics; Timer: cpu0=0.172 wall=0.005 
 Start: GetValueOnFacets
 End:   GetValueOnFacets; Timer: cpu0=0.047 wall=0.062 
21.06.26 03:53:37    *SEND* for CIntegralCharsLayer, GUID=4E090A0C-544B-E4A2-4242-BEC451D7CD2B
21.06.26 03:53:37    *SEND* for CIntegralCharsLayer, GUID=927DEDC8-AF71-7A31-D608-FB7EA635069E
21.06.26 03:53:37    *SEND* for CIntegralCharsLayer, GUID=7EF96C33-7880-7A39-F672-8DCB17098C5C
 End:   ===== Processing Layers =====; Timer: cpu0=0.234 wall=0.128 

21.06.26 03:53:37  ===== New Time Step =====, Iter number =  218
 Start: TimeServis
 End:   TimeServis; Timer: cpu0=0.516 wall=0.044 
 Start: User modules' functions BeforeTimeStep() are calling
 End:   User modules' functions BeforeTimeStep() are calling; Timer: cpu0=0.000 wall=0.002 
 Start: Adaptation, TotalRealCellsCount= 96105 
 End:   Adaptation; Timer: cpu0=0.000 wall=0.005 
 Start: Initialize data arrays on chips
 End:   Initialize data arrays on chips, res= 0; Timer: cpu0=0.000 wall=0.002 
  ***** Maximum Geometrical Gauss = 2.31353e-14, cell= 690:6:6:6:0
  ***** Maximum MovingSurf  Gauss = 0, cell= 
 Start: Initialize data arrays on chips
 End:   Initialize data arrays on chips, res= 0; Timer: cpu0=0.000 wall=0.003 
 Start: TimeServis
 End:   TimeServis; Timer: cpu0=0.625 wall=0.055 
 Start: FindEnclaves
 End:   FindEnclaves; Timer: cpu0=0.250 wall=0.101 
 Start: VarValueService
 End:   VarValueService; Timer: cpu0=0.000 wall=0.001 
 Start: SolvePhaseEquation 
 End:   SolvePhaseEquation ; Timer: cpu0=16.781 wall=2.109 
 Start: SolidFiltersProcess: calculate forces and moments
 End:   SolidFiltersProcess: calculate forces and moments; Timer: cpu0=0.000 wall=0.002 
 Start: PrepareDataForNextStep
 End:   PrepareDataForNextStep; Timer: cpu0=0.375 wall=0.062 
 Start: VarValueService
 End:   VarValueService; Timer: cpu0=0.000 wall=0.002 
 Start: UpdateStopperData
 End:   UpdateStopperData; Timer: cpu0=0.000 wall=0.001 
 Start: Saving text status in E:\UniFlight\flow\Land_fv\data\Land.status
 End:   Saving text status in E:\UniFlight\flow\Land_fv\data\Land.status; Timer: cpu0=0.000 wall=0.002 
 End:   ===== Time Step =====, Iter number =  218; Timer: cpu0=18.891 wall=2.454 

21.06.26 03:53:40  ===== Processing Layers =====
21.06.26 03:53:40    *SEND* for CScalarLayer, GUID=0E21CAB5-1866-4124-A2B3-DEC499FA58E6
 Start: ComputeVolumeCharacteristics
 End:   ComputeVolumeCharacteristics; Timer: cpu0=0.172 wall=0.005 
 Start: GetValueOnFacets
 End:   GetValueOnFacets; Timer: cpu0=0.031 wall=0.015 
21.06.26 03:53:40    *SEND* for CScalarLayer, GUID=A3659819-C06E-40A1-8932-64A566FBB4DA
 Start: ComputeVolumeCharacteristics
 End:   ComputeVolumeCharacteristics; Timer: cpu0=0.109 wall=0.004 
 Start: GetValueOnFacets
 End:   GetValueOnFacets; Timer: cpu0=0.219 wall=0.060 
21.06.26 03:53:40    *SEND* for CIntegralCharsLayer, GUID=4E090A0C-544B-E4A2-4242-BEC451D7CD2B
21.06.26 03:53:40    *SEND* for CIntegralCharsLayer, GUID=927DEDC8-AF71-7A31-D608-FB7EA635069E
21.06.26 03:53:40    *SEND* for CIntegralCharsLayer, GUID=7EF96C33-7880-7A39-F672-8DCB17098C5C
 End:   ===== Processing Layers =====; Timer: cpu0=0.531 wall=0.120 

21.06.26 03:53:40  ===== New Time Step =====, Iter number =  219
 Start: TimeServis
 End:   TimeServis; Timer: cpu0=0.266 wall=0.041 
 Start: User modules' functions BeforeTimeStep() are calling
 End:   User modules' functions BeforeTimeStep() are calling; Timer: cpu0=0.000 wall=0.001 
 Start: Adaptation, TotalRealCellsCount= 96105 
 End:   Adaptation; Timer: cpu0=0.000 wall=0.005 
 Start: Initialize data arrays on chips
 End:   Initialize data arrays on chips, res= 0; Timer: cpu0=0.172 wall=0.002 
  ***** Maximum Geometrical Gauss = 2.31353e-14, cell= 690:6:6:6:0
  ***** Maximum MovingSurf  Gauss = 0, cell= 
 Start: Initialize data arrays on chips
 End:   Initialize data arrays on chips, res= 0; Timer: cpu0=0.000 wall=0.002 
 Start: TimeServis
 End:   TimeServis; Timer: cpu0=0.500 wall=0.056 
 Start: FindEnclaves
 End:   FindEnclaves; Timer: cpu0=0.094 wall=0.108 
 Start: VarValueService
 End:   VarValueService; Timer: cpu0=0.000 wall=0.001 
 Start: SolvePhaseEquation 
 End:   SolvePhaseEquation ; Timer: cpu0=16.703 wall=2.084 
 Start: SolidFiltersProcess: calculate forces and moments
 End:   SolidFiltersProcess: calculate forces and moments; Timer: cpu0=0.000 wall=0.002 
 Start: PrepareDataForNextStep
 End:   PrepareDataForNextStep; Timer: cpu0=0.375 wall=0.061 
 Start: VarValueService
 End:   VarValueService; Timer: cpu0=0.000 wall=0.001 
 Start: UpdateStopperData
 End:   UpdateStopperData; Timer: cpu0=0.000 wall=0.001 
 Start: Saving text status in E:\UniFlight\flow\Land_fv\data\Land.status
 End:   Saving text status in E:\UniFlight\flow\Land_fv\data\Land.status; Timer: cpu0=0.000 wall=0.003 
 End:   ===== Time Step =====, Iter number =  219; Timer: cpu0=18.406 wall=2.435 

21.06.26 03:53:42  ===== Processing Layers =====
21.06.26 03:53:42    *SEND* for CScalarLayer, GUID=0E21CAB5-1866-4124-A2B3-DEC499FA58E6
 Start: ComputeVolumeCharacteristics
 End:   ComputeVolumeCharacteristics; Timer: cpu0=0.000 wall=0.005 
 Start: GetValueOnFacets
 End:   GetValueOnFacets; Timer: cpu0=0.031 wall=0.013 
21.06.26 03:53:42    *SEND* for CScalarLayer, GUID=A3659819-C06E-40A1-8932-64A566FBB4DA
 Start: ComputeVolumeCharacteristics
 End:   ComputeVolumeCharacteristics; Timer: cpu0=0.000 wall=0.004 
 Start: GetValueOnFacets
 End:   GetValueOnFacets; Timer: cpu0=0.047 wall=0.058 
21.06.26 03:53:43    *SEND* for CIntegralCharsLayer, GUID=4E090A0C-544B-E4A2-4242-BEC451D7CD2B
21.06.26 03:53:43    *SEND* for CIntegralCharsLayer, GUID=927DEDC8-AF71-7A31-D608-FB7EA635069E
21.06.26 03:53:43    *SEND* for CIntegralCharsLayer, GUID=7EF96C33-7880-7A39-F672-8DCB17098C5C
 End:   ===== Processing Layers =====; Timer: cpu0=0.250 wall=0.110 

21.06.26 03:53:43  ===== New Time Step =====, Iter number =  220
 Start: TimeServis
 End:   TimeServis; Timer: cpu0=0.516 wall=0.044 
 Start: User modules' functions BeforeTimeStep() are calling
 End:   User modules' functions BeforeTimeStep() are calling; Timer: cpu0=0.000 wall=0.001 
 Start: Adaptation, TotalRealCellsCount= 96105 
 End:   Adaptation; Timer: cpu0=6.297 wall=0.809 
 Start: DistributeGridOnProcessors
 End:   DistributeGridOnProcessors, res= 0; Timer: cpu0=0.609 wall=0.217 
 Start: SetNeiHyperCells
 End:   SetNeiHyperCells, res= 0; Timer: cpu0=0.000 wall=0.008 
 Start: BuildFacetDistribution
 End:   BuildFacetDistribution; Timer: cpu0=0.000 wall=0.002 
 Start: Initialize data arrays on chips
 End:   Initialize data arrays on chips, res= 0; Timer: cpu0=0.000 wall=0.002 
  ***** Maximum Geometrical Gauss = 2.31353e-14, cell= 690:6:6:6:0
  ***** Maximum MovingSurf  Gauss = 1.14961e-13, cell= 797:7:2:7:0
 Start: Remove Small Cells
 End:   Remove Small Cells; Timer: cpu0=0.172 wall=0.017 
 Start: Initialize data arrays on chips
 End:   Initialize data arrays on chips, res= 0; Timer: cpu0=0.000 wall=0.002 
  ***** Maximum Geometrical Gauss = 2.31353e-14, cell= 690:6:6:6:0
  ***** Maximum MovingSurf  Gauss = 1.14961e-13, cell= 797:7:2:7:0
 Start: Initialize data arrays on chips
 End:   Initialize data arrays on chips, res= 0; Timer: cpu0=0.000 wall=0.001 
 Start: Modify Chip Data
 End:   Modify Chip Data; Timer: cpu0=0.344 wall=0.039 
 Start: TimeServis
 End:   TimeServis; Timer: cpu0=0.516 wall=0.054 
 Start: FindEnclaves
 End:   FindEnclaves; Timer: cpu0=0.078 wall=0.100 
 Start: VarValueService
 End:   VarValueService; Timer: cpu0=0.000 wall=0.001 
 Start: SolvePhaseEquation 
 End:   SolvePhaseEquation ; Timer: cpu0=16.016 wall=2.079 
 Start: SolidFiltersProcess: calculate forces and moments
 End:   SolidFiltersProcess: calculate forces and moments; Timer: cpu0=0.000 wall=0.001 
 Start: PrepareDataForNextStep
 End:   PrepareDataForNextStep; Timer: cpu0=0.453 wall=0.063 
 Start: VarValueService
 End:   VarValueService; Timer: cpu0=0.000 wall=0.001 
 Start: UpdateStopperData
 End:   UpdateStopperData; Timer: cpu0=0.000 wall=0.000 
 Start: Saving text status in E:\UniFlight\flow\Land_fv\data\Land.status
 End:   Saving text status in E:\UniFlight\flow\Land_fv\data\Land.status; Timer: cpu0=0.000 wall=0.002 
 End:   ===== Time Step =====, Iter number =  220; Timer: cpu0=25.703 wall=3.538 

21.06.26 03:53:46  ===== Processing Layers =====
21.06.26 03:53:46    *SEND* for CScalarLayer, GUID=0E21CAB5-1866-4124-A2B3-DEC499FA58E6
 Start: ComputeVolumeCharacteristics
 End:   ComputeVolumeCharacteristics; Timer: cpu0=0.016 wall=0.005 
 Start: GetValueOnFacets
 End:   GetValueOnFacets; Timer: cpu0=0.172 wall=0.012 
21.06.26 03:53:46    *SEND* for CScalarLayer, GUID=A3659819-C06E-40A1-8932-64A566FBB4DA
 Start: ComputeVolumeCharacteristics
 End:   ComputeVolumeCharacteristics; Timer: cpu0=0.000 wall=0.004 
 Start: GetValueOnFacets
 End:   GetValueOnFacets; Timer: cpu0=0.203 wall=0.049 
21.06.26 03:53:46    *SEND* for CIntegralCharsLayer, GUID=4E090A0C-544B-E4A2-4242-BEC451D7CD2B
21.06.26 03:53:46    *SEND* for CIntegralCharsLayer, GUID=927DEDC8-AF71-7A31-D608-FB7EA635069E
21.06.26 03:53:46    *SEND* for CIntegralCharsLayer, GUID=7EF96C33-7880-7A39-F672-8DCB17098C5C
 End:   ===== Processing Layers =====; Timer: cpu0=0.391 wall=0.104 

21.06.26 03:53:46  ===== New Time Step =====, Iter number =  221
 Start: TimeServis
 End:   TimeServis; Timer: cpu0=0.516 wall=0.044 
 Start: User modules' functions BeforeTimeStep() are calling
 End:   User modules' functions BeforeTimeStep() are calling; Timer: cpu0=0.000 wall=0.001 
 Start: Adaptation, TotalRealCellsCount= 98653 
 End:   Adaptation; Timer: cpu0=5.141 wall=0.691 
 Start: DistributeGridOnProcessors
 End:   DistributeGridOnProcessors, res= 0; Timer: cpu0=0.906 wall=0.210 
 Start: SetNeiHyperCells
 End:   SetNeiHyperCells, res= 0; Timer: cpu0=0.172 wall=0.008 
 Start: BuildFacetDistribution
 End:   BuildFacetDistribution; Timer: cpu0=0.000 wall=0.002 
 Start: Initialize data arrays on chips
 End:   Initialize data arrays on chips, res= 0; Timer: cpu0=0.000 wall=0.002 
  ***** Maximum Geometrical Gauss = 2.31353e-14, cell= 690:6:6:6:0
  ***** Maximum MovingSurf  Gauss = 5.4821e-14, cell= 803:1:1:0
 Start: Remove Small Cells
 End:   Remove Small Cells; Timer: cpu0=0.000 wall=0.018 
 Start: Initialize data arrays on chips
 End:   Initialize data arrays on chips, res= 0; Timer: cpu0=0.000 wall=0.002 
  ***** Maximum Geometrical Gauss = 2.31353e-14, cell= 690:6:6:6:0
  ***** Maximum MovingSurf  Gauss = 5.4821e-14, cell= 803:1:1:0
 Start: Initialize data arrays on chips
 End:   Initialize data arrays on chips, res= 0; Timer: cpu0=0.000 wall=0.002 
 Start: Modify Chip Data
 End:   Modify Chip Data; Timer: cpu0=0.344 wall=0.039 
 Start: TimeServis
 End:   TimeServis; Timer: cpu0=0.469 wall=0.055 
 Start: FindEnclaves
 End:   FindEnclaves; Timer: cpu0=0.078 wall=0.087 
 Start: VarValueService
 End:   VarValueService; Timer: cpu0=0.000 wall=0.002 
 Start: SolvePhaseEquation 
 End:   SolvePhaseEquation ; Timer: cpu0=16.688 wall=2.017 
 Start: SolidFiltersProcess: calculate forces and moments
 End:   SolidFiltersProcess: calculate forces and moments; Timer: cpu0=0.000 wall=0.002 
 Start: PrepareDataForNextStep
 End:   PrepareDataForNextStep; Timer: cpu0=0.547 wall=0.056 
 Start: VarValueService
 End:   VarValueService; Timer: cpu0=0.000 wall=0.001 
 Start: UpdateStopperData
 End:   UpdateStopperData; Timer: cpu0=0.000 wall=0.001 
 Start: Saving text status in E:\UniFlight\flow\Land_fv\data\Land.status
 End:   Saving text status in E:\UniFlight\flow\Land_fv\data\Land.status; Timer: cpu0=0.000 wall=0.002 
 End:   ===== Time Step =====, Iter number =  221; Timer: cpu0=25.234 wall=3.335 

21.06.26 03:53:50  ===== Processing Layers =====
21.06.26 03:53:50    *SEND* for CScalarLayer, GUID=0E21CAB5-1866-4124-A2B3-DEC499FA58E6
 Start: ComputeVolumeCharacteristics
 End:   ComputeVolumeCharacteristics; Timer: cpu0=0.000 wall=0.004 
 Start: GetValueOnFacets
 End:   GetValueOnFacets; Timer: cpu0=0.016 wall=0.012 
21.06.26 03:53:50    *SEND* for CScalarLayer, GUID=A3659819-C06E-40A1-8932-64A566FBB4DA
 Start: ComputeVolumeCharacteristics
 End:   ComputeVolumeCharacteristics; Timer: cpu0=0.000 wall=0.005 
 Start: GetValueOnFacets
 End:   GetValueOnFacets; Timer: cpu0=0.078 wall=0.052 
21.06.26 03:53:50    *SEND* for CIntegralCharsLayer, GUID=4E090A0C-544B-E4A2-4242-BEC451D7CD2B
21.06.26 03:53:50    *SEND* for CIntegralCharsLayer, GUID=927DEDC8-AF71-7A31-D608-FB7EA635069E
21.06.26 03:53:50    *SEND* for CIntegralCharsLayer, GUID=7EF96C33-7880-7A39-F672-8DCB17098C5C
 End:   ===== Processing Layers =====; Timer: cpu0=0.266 wall=0.107 

21.06.26 03:53:50  ===== New Time Step =====, Iter number =  222
 Start: TimeServis
 End:   TimeServis; Timer: cpu0=0.344 wall=0.041 
 Start: User modules' functions BeforeTimeStep() are calling
 End:   User modules' functions BeforeTimeStep() are calling; Timer: cpu0=0.000 wall=0.001 
 Start: Adaptation, TotalRealCellsCount= 96203 
 End:   Adaptation; Timer: cpu0=0.016 wall=0.005 
 Start: Initialize data arrays on chips
 End:   Initialize data arrays on chips, res= 0; Timer: cpu0=0.000 wall=0.001 
  ***** Maximum Geometrical Gauss = 2.31353e-14, cell= 690:6:6:6:0
  ***** Maximum MovingSurf  Gauss = 0, cell= 
 Start: Initialize data arrays on chips
 End:   Initialize data arrays on chips, res= 0; Timer: cpu0=0.000 wall=0.002 
 Start: TimeServis
 End:   TimeServis; Timer: cpu0=0.516 wall=0.048 
 Start: FindEnclaves
 End:   FindEnclaves; Timer: cpu0=0.078 wall=0.091 
 Start: VarValueService
 End:   VarValueService; Timer: cpu0=0.000 wall=0.002 
 Start: SolvePhaseEquation 
 End:   SolvePhaseEquation ; Timer: cpu0=15.734 wall=1.957 
 Start: SolidFiltersProcess: calculate forces and moments
 End:   SolidFiltersProcess: calculate forces and moments; Timer: cpu0=0.000 wall=0.001 
 Start: PrepareDataForNextStep
 End:   PrepareDataForNextStep; Timer: cpu0=0.328 wall=0.059 
 Start: VarValueService
 End:   VarValueService; Timer: cpu0=0.000 wall=0.001 
 Start: UpdateStopperData
 End:   UpdateStopperData; Timer: cpu0=0.000 wall=0.001 
 Start: Saving text status in E:\UniFlight\flow\Land_fv\data\Land.status
 End:   Saving text status in E:\UniFlight\flow\Land_fv\data\Land.status; Timer: cpu0=0.000 wall=0.002 
 End:   ===== Time Step =====, Iter number =  222; Timer: cpu0=17.406 wall=2.276 

21.06.26 03:53:53  ===== Processing Layers =====
21.06.26 03:53:53    *SEND* for CScalarLayer, GUID=0E21CAB5-1866-4124-A2B3-DEC499FA58E6
 Start: ComputeVolumeCharacteristics
 End:   ComputeVolumeCharacteristics; Timer: cpu0=0.172 wall=0.004 
 Start: GetValueOnFacets
 End:   GetValueOnFacets; Timer: cpu0=0.016 wall=0.013 
21.06.26 03:53:53    *SEND* for CScalarLayer, GUID=A3659819-C06E-40A1-8932-64A566FBB4DA
 Start: ComputeVolumeCharacteristics
 End:   ComputeVolumeCharacteristics; Timer: cpu0=0.000 wall=0.004 
 Start: GetValueOnFacets
 End:   GetValueOnFacets; Timer: cpu0=0.047 wall=0.052 
21.06.26 03:53:53    *SEND* for CIntegralCharsLayer, GUID=4E090A0C-544B-E4A2-4242-BEC451D7CD2B
21.06.26 03:53:53    *SEND* for CIntegralCharsLayer, GUID=927DEDC8-AF71-7A31-D608-FB7EA635069E
21.06.26 03:53:53    *SEND* for CIntegralCharsLayer, GUID=7EF96C33-7880-7A39-F672-8DCB17098C5C
 End:   ===== Processing Layers =====; Timer: cpu0=0.234 wall=0.104 

21.06.26 03:53:53  ===== New Time Step =====, Iter number =  223
 Start: TimeServis
 End:   TimeServis; Timer: cpu0=0.344 wall=0.040 
 Start: User modules' functions BeforeTimeStep() are calling
 End:   User modules' functions BeforeTimeStep() are calling; Timer: cpu0=0.000 wall=0.001 
 Start: Adaptation, TotalRealCellsCount= 96203 
 End:   Adaptation; Timer: cpu0=0.000 wall=0.004 
 Start: Initialize data arrays on chips
 End:   Initialize data arrays on chips, res= 0; Timer: cpu0=0.000 wall=0.002 
  ***** Maximum Geometrical Gauss = 2.31353e-14, cell= 690:6:6:6:0
  ***** Maximum MovingSurf  Gauss = 0, cell= 
 Start: Initialize data arrays on chips
 End:   Initialize data arrays on chips, res= 0; Timer: cpu0=0.000 wall=0.002 
 Start: TimeServis
 End:   TimeServis; Timer: cpu0=0.516 wall=0.045 
 Start: FindEnclaves
 End:   FindEnclaves; Timer: cpu0=0.094 wall=0.104 
 Start: VarValueService
 End:   VarValueService; Timer: cpu0=0.000 wall=0.001 
 Start: SolvePhaseEquation 
 End:   SolvePhaseEquation ; Timer: cpu0=16.391 wall=1.966 
 Start: SolidFiltersProcess: calculate forces and moments
 End:   SolidFiltersProcess: calculate forces and moments; Timer: cpu0=0.000 wall=0.002 
 Start: PrepareDataForNextStep
 End:   PrepareDataForNextStep; Timer: cpu0=0.359 wall=0.058 
 Start: VarValueService
 End:   VarValueService; Timer: cpu0=0.000 wall=0.001 
 Start: UpdateStopperData
 End:   UpdateStopperData; Timer: cpu0=0.000 wall=0.001 
 Start: Saving text status in E:\UniFlight\flow\Land_fv\data\Land.status
 End:   Saving text status in E:\UniFlight\flow\Land_fv\data\Land.status; Timer: cpu0=0.000 wall=0.002 
 End:   ===== Time Step =====, Iter number =  223; Timer: cpu0=18.047 wall=2.292 

21.06.26 03:53:55  ===== Processing Layers =====
21.06.26 03:53:55    *SEND* for CScalarLayer, GUID=0E21CAB5-1866-4124-A2B3-DEC499FA58E6
 Start: ComputeVolumeCharacteristics
 End:   ComputeVolumeCharacteristics; Timer: cpu0=0.000 wall=0.005 
 Start: GetValueOnFacets
 End:   GetValueOnFacets; Timer: cpu0=0.047 wall=0.014 
21.06.26 03:53:55    *SEND* for CScalarLayer, GUID=A3659819-C06E-40A1-8932-64A566FBB4DA
 Start: ComputeVolumeCharacteristics
 End:   ComputeVolumeCharacteristics; Timer: cpu0=0.000 wall=0.004 
 Start: GetValueOnFacets
 End:   GetValueOnFacets; Timer: cpu0=0.031 wall=0.046 
21.06.26 03:53:55    *SEND* for CIntegralCharsLayer, GUID=4E090A0C-544B-E4A2-4242-BEC451D7CD2B
21.06.26 03:53:55    *SEND* for CIntegralCharsLayer, GUID=927DEDC8-AF71-7A31-D608-FB7EA635069E
21.06.26 03:53:55    *SEND* for CIntegralCharsLayer, GUID=7EF96C33-7880-7A39-F672-8DCB17098C5C
 End:   ===== Processing Layers =====; Timer: cpu0=0.078 wall=0.102 

21.06.26 03:53:55  ===== New Time Step =====, Iter number =  224
 Start: TimeServis
 End:   TimeServis; Timer: cpu0=0.406 wall=0.043 
 Start: User modules' functions BeforeTimeStep() are calling
 End:   User modules' functions BeforeTimeStep() are calling; Timer: cpu0=0.000 wall=0.001 
 Start: Adaptation, TotalRealCellsCount= 96203 
 End:   Adaptation; Timer: cpu0=0.000 wall=0.005 
 Start: Initialize data arrays on chips
 End:   Initialize data arrays on chips, res= 0; Timer: cpu0=0.172 wall=0.002 
  ***** Maximum Geometrical Gauss = 2.31353e-14, cell= 690:6:6:6:0
  ***** Maximum MovingSurf  Gauss = 0, cell= 
 Start: Initialize data arrays on chips
 End:   Initialize data arrays on chips, res= 0; Timer: cpu0=0.000 wall=0.002 
 Start: TimeServis
 End:   TimeServis; Timer: cpu0=0.250 wall=0.045 
 Start: FindEnclaves
 End:   FindEnclaves; Timer: cpu0=0.094 wall=0.093 
 Start: VarValueService
 End:   VarValueService; Timer: cpu0=0.000 wall=0.001 
 Start: SolvePhaseEquation 
 End:   SolvePhaseEquation ; Timer: cpu0=15.062 wall=1.980 
 Start: SolidFiltersProcess: calculate forces and moments
 End:   SolidFiltersProcess: calculate forces and moments; Timer: cpu0=0.000 wall=0.002 
 Start: PrepareDataForNextStep
 End:   PrepareDataForNextStep; Timer: cpu0=0.297 wall=0.052 
 Start: VarValueService
 End:   VarValueService; Timer: cpu0=0.000 wall=0.002 
 Start: UpdateStopperData
 End:   UpdateStopperData; Timer: cpu0=0.000 wall=0.001 
 Start: Saving text status in E:\UniFlight\flow\Land_fv\data\Land.status
 End:   Saving text status in E:\UniFlight\flow\Land_fv\data\Land.status; Timer: cpu0=0.000 wall=0.002 
 End:   ===== Time Step =====, Iter number =  224; Timer: cpu0=16.453 wall=2.298 

Simulation time end is reached, stopping solution.
SOLUTION STOPPED (TIME=643.527s, MPITIME=643.527s)

21.06.26 03:53:58  ===== Processing Layers =====
21.06.26 03:53:58    *SEND* for CScalarLayer, GUID=0E21CAB5-1866-4124-A2B3-DEC499FA58E6
 Start: ComputeVolumeCharacteristics
 End:   ComputeVolumeCharacteristics; Timer: cpu0=0.000 wall=0.003 
 Start: GetValueOnFacets
 End:   GetValueOnFacets; Timer: cpu0=0.016 wall=0.011 
21.06.26 03:53:58    *SEND* for CScalarLayer, GUID=A3659819-C06E-40A1-8932-64A566FBB4DA
 Start: ComputeVolumeCharacteristics
 End:   ComputeVolumeCharacteristics; Timer: cpu0=0.000 wall=0.004 
 Start: GetValueOnFacets
 End:   GetValueOnFacets; Timer: cpu0=0.203 wall=0.046 
21.06.26 03:53:58    *SEND* for CIntegralCharsLayer, GUID=4E090A0C-544B-E4A2-4242-BEC451D7CD2B
21.06.26 03:53:58    *SEND* for CIntegralCharsLayer, GUID=927DEDC8-AF71-7A31-D608-FB7EA635069E
21.06.26 03:53:58    *SEND* for CIntegralCharsLayer, GUID=7EF96C33-7880-7A39-F672-8DCB17098C5C
 End:   ===== Processing Layers =====; Timer: cpu0=0.375 wall=0.096 
