# vtk DataFile Version 3.0
Generated by FvKompasPlugin. Date/time (GMT): Sun Jun 21 00:43:13 2026
ASCII
DATASET UNSTRUCTURED_GRID
POINTS 3434 double
2.942124267578125 -1.189023193359375 -1.545549682617188
0.6511705322265625 -1.189023193359375 -1.545549682617188
0.6511705322265625 -1.272692749023437 -1.477414306640625
0.6511705322265625 -1.352465454101563 -1.404755249023438
0.8313956909179687 -1.368653930664063 -1.388987548828125
0.6511705322265625 -1.38399169921875 -1.37370556640625
0.6511705322265625 -1.411999877929688 -1.344900146484375
0.6511705322265625 -1.43940869140625 -1.315523681640625
1.791356079101563 -1.448954711914062 -1.305001953125
1.932626953125 -1.45999169921875 -1.292642333984375
4.06798583984375 -1.606130859375 -1.105822631835937
6.51792041015625 -1.734289916992187 -0.8914811401367188
9.3568974609375 -1.840901611328125 -0.6431028442382812
9.413970703125001 -1.8417861328125 -0.6405653076171876
9.546228515625 -1.850612060546875 -0.6146015014648437
9.69002734375 -1.870800415039062 -0.5500960693359375
9.827458007812501 -1.900091064453125 -0.4383536987304688
9.9208125 -1.925336181640625 -0.3091612854003906
9.979779296875 -1.943425048828125 -0.1599969177246094
10 -1.95 -1.478761015548391e-15
5.74904931640625 -1.95 -6.978740502150416e-16
0.7489492797851562 -1.95 -6.453445091682276e-16
0.7046278076171875 -1.92361865234375 -0.3196734008789063
0.6112150878906251 -1.870239379882813 -0.5520005493164063
0.4558569946289063 -1.788752685546875 -0.7764430541992188
0.2476452331542969 -1.695801025390625 -0.96268310546875
0.0364561653137207 -1.623510864257812 -1.080144653320313
-2.0115501061721e-16 -1.613503662109375 -1.095036865234375
-2.125631349539012e-16 -1.569562866210938 -1.157139770507813
-2.236477198097955e-16 -1.523233032226563 -1.2174814453125
0.003875834941864014 -1.523233032226563 -1.2174814453125
-2.416577951202398e-16 -1.43940869140625 -1.315523681640625
-2.708798354893182e-16 -1.275951293945313 -1.47460107421875
-2.963958288873525e-16 -1.095036865234375 -1.613503662109375
0.1704394683837891 -1.012336120605469 -1.666635986328125
0.3443135070800781 -0.8872225952148438 -1.736472290039063
0.5067213439941406 -0.7145357055664062 -1.8143701171875
0.6240834350585938 -0.5271083984375 -1.877406860351563
0.7006160888671875 -0.3335369262695312 -1.921263427734375
0.734090087890625 -0.1862746887207031 -1.941082641601563
0.74702880859375 0.06715168762207031 -1.948843383789063
0.6986090087890625 0.3402433471679688 -1.920087158203125
0.6491776733398438 0.47382373046875 -1.891557861328125
0.5079818420410156 0.71288720703125 -1.815018432617187
0.3415357971191406 0.8896268310546875 -1.735241821289063
0.1217717819213867 1.039478515625 -1.64984375
-2.963958288873525e-16 1.095036865234375 -1.613503662109375
-2.883240250283609e-16 1.157139770507813 -1.569562866210938
-2.798133632350014e-16 1.2174814453125 -1.523233032226563
0.003875834941864014 1.2174814453125 -1.523233032226563
-2.644150903004933e-16 1.315523681640625 -1.43940869140625
-2.34388436394159e-16 1.47460107421875 -1.275951293945313
-2.0115501061721e-16 1.613503662109375 -1.095036865234375
0.1704394683837891 1.666635986328125 -1.012336120605469
0.3443135070800781 1.736472290039063 -0.8872225952148438
0.5067213439941406 1.8143701171875 -0.7145357055664062
0.6240834350585938 1.877406860351563 -0.5271083984375
0.7006160888671875 1.921263427734375 -0.3335369262695312
0.734090087890625 1.941082641601563 -0.1862746887207031
0.74702880859375 1.948843383789063 0.06715168762207031
0.6986090087890625 1.920087158203125 0.3402433471679688
0.6491776733398438 1.891557861328125 0.47382373046875
0.5079818420410156 1.815018432617187 0.71288720703125
0.3415357971191406 1.735241821289063 0.8896268310546875
0.1217717819213867 1.64984375 1.039478515625
2.0115501061721e-16 1.613503662109375 1.095036865234375
2.125631349539012e-16 1.569562866210938 1.157139770507813
2.236477198097955e-16 1.523233032226563 1.2174814453125
0.003875834941864014 1.523233032226563 1.2174814453125
2.416577951202398e-16 1.43940869140625 1.315523681640625
2.708798354893182e-16 1.275951293945313 1.47460107421875
2.963958288873525e-16 1.095036865234375 1.613503662109375
0.1704394683837891 1.012336120605469 1.666635986328125
0.3443135070800781 0.8872225952148438 1.736472290039063
0.5067213439941406 0.7145357055664062 1.8143701171875
0.6240834350585938 0.5271083984375 1.877406860351563
0.7006160888671875 0.3335369262695312 1.921263427734375
0.734090087890625 0.1862746887207031 1.941082641601563
0.74702880859375 -0.06715168762207031 1.948843383789063
0.6986090087890625 -0.3402433471679688 1.920087158203125
0.6491776733398438 -0.47382373046875 1.891557861328125
0.5079818420410156 -0.71288720703125 1.815018432617187
0.3415357971191406 -0.8896268310546875 1.735241821289063
0.1217717819213867 -1.039478515625 1.64984375
2.963958288873525e-16 -1.095036865234375 1.613503662109375
2.883240250283609e-16 -1.157139770507813 1.569562866210938
2.798133632350014e-16 -1.2174814453125 1.523233032226563
0.003875834941864014 -1.2174814453125 1.523233032226563
2.644150903004933e-16 -1.315523681640625 1.43940869140625
2.34388436394159e-16 -1.47460107421875 1.275951293945313
2.0115501061721e-16 -1.613503662109375 1.095036865234375
0.1620953826904297 -1.663667846679687 1.01720654296875
0.3386588439941406 -1.733971069335938 0.8921010131835938
0.4986462097167969 -1.810231811523437 0.72495556640625
0.63336572265625 -1.88261474609375 0.508194580078125
0.723916015625 -1.93501904296875 0.2412497863769531
9.979779296875 -1.943425048828125 0.1599969177246094
9.9208125 -1.925336181640625 0.3091612854003906
9.827458007812501 -1.900091064453125 0.4383536987304688
9.69002734375 -1.870800415039062 0.5500960693359375
9.546228515625 -1.850612060546875 0.6146015014648437
9.413970703125001 -1.8417861328125 0.6405653076171876
9.3568974609375 -1.840901611328125 0.6431028442382812
7.686172851562501 -1.784887573242188 0.7852875366210937
5.18238330078125 -1.6750400390625 0.9983690795898438
2.942124267578125 -1.545549682617188 1.189023193359375
0.6511705322265625 -1.545549682617188 1.189023193359375
0.6511705322265625 -1.477414306640625 1.272692749023437
0.6511705322265625 -1.404755249023438 1.352465454101563
0.8313956909179687 -1.388987548828125 1.368653930664063
0.6511705322265625 -1.37370556640625 1.38399169921875
0.6511705322265625 -1.344900146484375 1.411999877929688
0.6511705322265625 -1.315523681640625 1.43940869140625
1.791356079101563 -1.305001953125 1.448954711914062
1.932626953125 -1.292642333984375 1.45999169921875
4.06798583984375 -1.105822631835937 1.606130859375
6.51792041015625 -0.8914811401367188 1.734289916992187
9.3568974609375 -0.6431028442382812 1.840901611328125
9.456841796875 -0.6352891235351562 1.843612670898438
9.637390625 -0.5787093505859375 1.862148071289063
9.804126953124999 -0.4621326599121094 1.894447998046875
9.9280576171875 -0.2955630798339844 1.927470458984375
9.988205078125 -0.1226047744750977 1.946141845703125
9.996368164062501 0.06825382232666016 1.94880517578125
9.937255859375 0.2770654907226562 1.930216186523438
9.81794140625 0.4483520202636719 1.897756713867188
9.6730625 0.5600185546875001 1.867854125976563
9.499458984375 0.6271023559570312 1.846413452148437
9.3568974609375 0.6431028442382812 1.840901611328125
7.686172851562501 0.7852875366210937 1.784887573242188
5.18238330078125 0.9983690795898438 1.6750400390625
2.942124267578125 1.189023193359375 1.545549682617188
0.6511705322265625 1.189023193359375 1.545549682617188
0.6511705322265625 1.272692749023437 1.477414306640625
0.6511705322265625 1.352465454101563 1.404755249023438
0.8313956909179687 1.368653930664063 1.388987548828125
0.6511705322265625 1.38399169921875 1.37370556640625
0.6511705322265625 1.411999877929688 1.344900146484375
0.6511705322265625 1.43940869140625 1.315523681640625
1.791356079101563 1.448954711914062 1.305001953125
1.932626953125 1.45999169921875 1.292642333984375
4.06798583984375 1.606130859375 1.105822631835937
6.51792041015625 1.734289916992187 0.8914811401367188
9.3568974609375 1.840901611328125 0.6431028442382812
9.456841796875 1.843612670898438 0.6352891235351562
9.637390625 1.862148071289063 0.5787093505859375
9.804126953124999 1.894447998046875 0.4621326599121094
9.9280576171875 1.927470458984375 0.2955630798339844
9.988205078125 1.946141845703125 0.1226047744750977
9.996368164062501 1.94880517578125 -0.06825382232666016
9.937255859375 1.930216186523438 -0.2770654907226562
9.81794140625 1.897756713867188 -0.4483520202636719
9.6730625 1.867854125976563 -0.5600185546875001
9.499458984375 1.846413452148437 -0.6271023559570312
9.3568974609375 1.840901611328125 -0.6431028442382812
7.686172851562501 1.784887573242188 -0.7852875366210937
5.18238330078125 1.6750400390625 -0.9983690795898438
2.942124267578125 1.545549682617188 -1.189023193359375
0.6511705322265625 1.545549682617188 -1.189023193359375
0.6511705322265625 1.477414306640625 -1.272692749023437
0.6511705322265625 1.404755249023438 -1.352465454101563
0.8313956909179687 1.388987548828125 -1.368653930664063
0.6511705322265625 1.37370556640625 -1.38399169921875
0.6511705322265625 1.344900146484375 -1.411999877929688
0.6511705322265625 1.315523681640625 -1.43940869140625
1.791356079101563 1.305001953125 -1.448954711914062
1.932626953125 1.292642333984375 -1.45999169921875
4.06798583984375 1.105822631835937 -1.606130859375
6.51792041015625 0.8914811401367188 -1.734289916992187
9.3568974609375 0.6431028442382812 -1.840901611328125
9.4406318359375 0.6376282958984375 -1.842804931640625
9.61421484375 0.5893800659179688 -1.85879833984375
9.7396865234375 0.5167725219726562 -1.880278198242187
9.859357421875 0.40139111328125 -1.908241333007813
9.9590625 0.2257837371826172 -1.936884521484375
9.999854492187501 0.01367641830444336 -1.949952026367187
9.9721337890625 -0.1872583465576172 -1.940987915039063
9.8945224609375 -0.3529019775390625 -1.917800903320312
9.766412109375 -0.4958616638183594 -1.885900634765625
9.612095703125 -0.5903008422851562 -1.858506103515625
9.4893779296875 -0.629309326171875 -1.845662353515625
9.3568974609375 -0.6431028442382812 -1.840901611328125
7.686172851562501 -0.7852875366210937 -1.784887573242188
5.18238330078125 -0.9983690795898438 -1.6750400390625
-2.126022882048551e-16 -1.43940869140625 -1.162154296875
-1.375469833517218e-16 -1.691697998046875 -0.7487708740234376
-5.218390755862105e-17 -1.828059326171875 -0.2840759582519531
3.675520920064755e-17 -1.839148071289062 0.2000860290527344
1.231755718473018e-16 -1.724204345703125 0.67053662109375
-3.301179045834407e-16 -1.49110498046875 1.095036865234375
2.64168624041633e-16 -1.162154296875 1.43940869140625
3.107598813695267e-16 -0.7487708740234376 1.691697998046875
3.35809044417143e-16 -0.2840759582519531 1.828059326171875
3.378460163537545e-16 0.2000860290527344 1.839148071289062
3.167312061496535e-16 0.67053662109375 1.724204345703125
-2.437179418782881e-16 1.095036865234375 1.49110498046875
2.269249783741489e-16 1.43940869140625 1.162154296875
1.375469833517218e-16 1.691697998046875 0.7487708740234376
5.218390755862105e-17 1.828059326171875 0.2840759582519531
-3.675520920064755e-17 1.839148071289062 -0.2000860290527344
-1.231755718473018e-16 1.724204345703125 -0.67053662109375
-1.176232722333026e-15 1.49110498046875 -1.095036865234375
-2.493232128999295e-16 1.162154296875 -1.43940869140625
-3.107598813695267e-16 0.7487708740234376 -1.691697998046875
-3.35809044417143e-16 0.2840759582519531 -1.828059326171875
-3.378460163537545e-16 -0.2000860290527344 -1.839148071289062
-3.167312061496535e-16 -0.67053662109375 -1.724204345703125
-1.262632685038179e-15 -1.095036865234375 -1.49110498046875
2.573449537236067e-16 0.1555199737548828 1.400920654296875
2.323526841849915e-16 0.1456391448974609 1.264869018554688
2.093796056673592e-16 0.2001164398193359 1.139809448242187
1.936885981462799e-16 0.3064717712402344 1.0543916015625
1.888742661619938e-16 0.4403403930664063 1.02818359375
1.960395143744617e-16 0.5710546264648437 1.067189453125
2.135428877995949e-16 0.66866943359375 1.162473266601562
2.373745460176186e-16 0.7108224487304687 1.292206909179688
2.620749754364549e-16 0.6878568725585937 1.426669677734375
2.819855622875761e-16 0.6050338745117188 1.535057983398437
2.9254509513639e-16 0.4813271789550781 1.592541259765625
2.913344478855384e-16 0.3450765686035157 1.585950805664063
2.786309865557973e-16 0.2274953460693359 1.516796508789062
1.066942690339072e-16 -1.28429638671875 0.5808165893554688
9.724499309103629e-17 -1.157956909179688 0.5293770751953125
9.966344833830036e-17 -1.022183837890625 0.5425425415039062
1.133956006892957e-16 -0.9080809936523437 0.617296875
1.352955697779198e-16 -0.8417880249023437 0.7365148315429688
1.603463591287949e-16 -0.8384918823242188 0.8728848876953125
1.828091036838384e-16 -0.8989476318359375 0.9951664428710938
1.975378953293638e-16 -1.009305541992187 1.07534619140625
2.011585071692162e-16 -1.144284057617188 1.095055908203125
1.928415245414442e-16 -1.272961181640625 1.049780395507812
1.74492270133865e-16 -1.365858520507812 0.9498916625976562
1.503143312944766e-16 -1.4016943359375 0.8182730712890626
1.258465716618556e-16 -1.37225927734375 0.6850768432617188
-1.914042519314887e-16 -0.9492587890625001 -1.041956298828125
-1.722519560798039e-16 -0.8612958984375 -0.9376959838867188
-1.477842099997101e-16 -0.8318607788085938 -0.8044997558593751
-1.236062576077945e-16 -0.8676967163085938 -0.6728811645507813
-1.052569964239518e-16 -0.9605939941406251 -0.572992431640625
-9.694002057244328e-17 -1.089271118164062 -0.5277169189453125
-1.005606391885593e-16 -1.224249633789062 -0.5474266357421875
-1.152894240578212e-16 -1.334607543945312 -0.6276063842773437
-1.377521686128647e-16 -1.395063232421875 -0.749887939453125
-1.628029579637397e-16 -1.39176708984375 -0.8862579956054688
-1.847029338286274e-16 -1.32547412109375 -1.005475952148438
-1.984350861796228e-16 -1.211371337890625 -1.080230224609375
-2.008535346506232e-16 -1.07559814453125 -1.093395751953125
-2.24988606846617e-16 0.6976221923828125 -1.224780883789063
-2.037025604618992e-16 0.6256467895507812 -1.108905029296875
-1.909991126846852e-16 0.5080655822753907 -1.039750732421875
-1.897884654338336e-16 0.3718149719238281 -1.033160278320312
-2.003479847301204e-16 0.2481082916259766 -1.0906435546875
-2.202585851337688e-16 0.1652853088378906 -1.199031860351563
-2.449590010000779e-16 0.1423197326660156 -1.333494750976562
-2.687906592181016e-16 0.1844727172851562 -1.463228271484375
-2.862940461957619e-16 0.2820875244140625 -1.558512084960938
-2.934592944082298e-16 0.4128017578125 -1.597517944335938
-2.886449488714166e-16 0.5466704101562501 -1.571309936523438
-2.729539413503373e-16 0.6530256958007813 -1.48589208984375
-2.499808899377592e-16 0.7075029907226562 -1.36083251953125
5.235364957311903e-17 1.380412963867188 0.285
4.635685620633413e-17 1.247966918945312 0.2523549652099609
2.974026190247225e-17 1.145862548828125 0.1618984527587891
6.310535217480834e-18 1.097490966796875 0.03435295486450195
-1.856485986803918e-17 1.113933349609375 -0.1010623931884766
-3.91872711851763e-17 1.191423095703125 -0.2133255615234375
-5.08323479066642e-17 1.3122080078125 -0.2767184143066406
-5.08323479066642e-17 1.448617919921875 -0.2767184143066406
-3.91872711851763e-17 1.569402954101563 -0.2133255615234375
-1.856485986803918e-17 1.646892578125 -0.1010623931884766
6.310535217480834e-18 1.663335083007813 0.03435295486450195
2.974026190247225e-17 1.61496337890625 0.1618984527587891
4.635685620633413e-17 1.512859130859375 0.2523549652099609
-2.14264343030221e-16 -1.523233032226563 -1.095036865234375
5.568453250587302e-15 -1.095036865234375 1.523233032226563
5.004422657522989e-15 1.095036865234375 -1.523233032226563
5.50070232419042e-15 1.523233032226563 1.095036865234375
1.65073095703125 -1.298925537109375 -1.317305053710937
0.6511705322265625 -1.38399169921875 -1.227626586914063
9.3568974609375 -0.6431028442382812 -1.73462353515625
7.788598632812501 -0.7765707397460938 -1.6791181640625
4.96642529296875 -1.016747863769531 -1.545549682617188
0.6511705322265625 1.545549682617188 -1.016747863769531
0.6511705322265625 1.478114624023438 -1.11250927734375
0.6511705322265625 1.404755249023438 -1.203811767578125
0.001938588619232178 -1.523233032226563 -1.094280639648437
0.003875834941864014 -1.523233032226563 -1.09352099609375
4.96642529296875 1.545549682617188 -1.016747863769531
0.001938588619232178 1.094280639648437 -1.523233032226563
0.003875834941864014 1.09352099609375 -1.523233032226563
0.002422401666641236 1.09409130859375 -1.491798950195313
0.1330764923095703 1.033441650390625 -1.534437377929688
0.3397973327636719 0.8911239013671876 -1.621233520507813
0.4996475830078125 0.7236764526367188 -1.702583984375
0.6092398071289062 0.5556964111328125 -1.764568359375
0.6866737060546875 0.3774510803222657 -1.81108544921875
0.7286722412109375 0.2173474578857422 -1.837188110351563
0.7487986450195313 0.01881384468078613 -1.849904296875
0.7348530883789063 -0.1814587097167969 -1.841079223632813
0.6958092651367188 -0.3493638610839844 -1.816712646484375
0.6195684814453125 -0.5360088500976563 -1.770648071289062
0.5003653564453125 -0.7227573852539063 -1.702974365234375
0.3378865661621094 -0.892762451171875 -1.620331787109375
0.1658456420898438 -1.015028930664063 -1.546679077148438
9.448591796875 -0.6365323486328125 -1.737045288085938
9.625004882812501 -0.5845506591796875 -1.755220947265625
9.7838583984375 -0.48092138671875 -1.786397094726563
9.878130859375 -0.3766918029785156 -1.811243530273438
9.96328125 -0.2141939392089844 -1.837558471679688
9.999489257812501 -0.02562973785400391 -1.849822509765625
9.9929111328125 0.09522507476806641 -1.847547607421875
9.9353203125 0.2810829467773437 -1.82852197265625
9.8566015625 0.4048171691894532 -1.805165649414062
9.7241884765625 0.5278999633789062 -1.77308251953125
9.559578125 0.6103291015625 -1.746424438476563
9.4309072265625 0.6388300170898438 -1.73620166015625
9.3568974609375 0.6431028442382812 -1.73462353515625
0.6511705322265625 -1.412079711914062 -1.195211669921875
0.6511705322265625 -1.43940869140625 -1.162154296875
0.002422401666641236 -1.491798950195313 -1.09409130859375
1.65073095703125 1.317305053710937 -1.298925537109375
3.807135986328125 1.12864404296875 -1.465831665039063
6.13232373046875 0.9252164916992188 -1.60202197265625
3.807135986328125 -1.465831665039063 -1.12864404296875
1.65073095703125 -1.317305053710937 1.298925537109375
0.6511705322265625 -1.227626586914063 1.38399169921875
0.6511705322265625 1.227626586914063 -1.38399169921875
1.65073095703125 1.298925537109375 1.317305053710937
0.6511705322265625 1.38399169921875 1.227626586914063
9.3568974609375 -1.73462353515625 0.6431028442382812
7.788598632812501 -1.6791181640625 0.7765707397460938
4.96642529296875 -1.545549682617188 1.016747863769531
9.3568974609375 0.6431028442382812 1.73462353515625
7.788598632812501 0.7765707397460938 1.6791181640625
4.96642529296875 1.016747863769531 1.545549682617188
9.3568974609375 1.73462353515625 -0.6431028442382812
7.788598632812501 1.6791181640625 -0.7765707397460938
0.6511705322265625 1.016747863769531 1.545549682617188
0.6511705322265625 1.11250927734375 1.478114624023438
0.6511705322265625 1.203811767578125 1.404755249023438
0.6511705322265625 -1.545549682617188 1.016747863769531
0.6511705322265625 -1.478114624023438 1.11250927734375
0.6511705322265625 -1.404755249023438 1.203811767578125
0.6511705322265625 -1.016747863769531 -1.545549682617188
0.6511705322265625 -1.11250927734375 -1.478114624023438
0.6511705322265625 -1.203811767578125 -1.404755249023438
0.001938588619232178 1.523233032226563 1.094280639648437
0.003875834941864014 1.523233032226563 1.09352099609375
0.001938588619232178 -1.094280639648437 1.523233032226563
0.003875834941864014 -1.09352099609375 1.523233032226563
0.01405698394775391 -1.495182250976562 -1.089463256835937
0.2208624267578125 -1.56855712890625 -0.9808814086914063
0.4115813293457031 -1.656352172851562 -0.8240130615234376
0.5648937377929688 -1.7389208984375 -0.6313905639648437
0.6706810302734375 -1.801303833007813 -0.4216686401367188
0.7192367553710938 -1.831272338867187 -0.2625672912597656
0.7437182006835937 -1.846682006835938 -0.1107500839233398
0.7468951416015626 -1.848696044921875 0.0694480209350586
0.735857666015625 -1.841712768554687 0.1749112396240234
0.6773497314453125 -1.805371826171875 0.4038965759277344
0.5723184814453125 -1.743162719726562 0.6195836181640625
0.4280923767089844 -1.664762939453125 0.8068857421875
0.2465430755615234 -1.57932177734375 0.9634534301757812
0.081274169921875 -1.516328979492187 1.059833251953125
0.002422401666641236 -1.09409130859375 1.491798950195313
0.1330764923095703 -1.033441650390625 1.534437377929688
0.3397973327636719 -0.8911239013671876 1.621233520507813
0.4996475830078125 -0.7236764526367188 1.702583984375
0.6092398071289062 -0.5556964111328125 1.764568359375
0.6866737060546875 -0.3774510803222657 1.81108544921875
0.7286722412109375 -0.2173474578857422 1.837188110351563
0.7487986450195313 -0.01881384468078613 1.849904296875
0.7348530883789063 0.1814587097167969 1.841079223632813
0.6958092651367188 0.3493638610839844 1.816712646484375
0.6195684814453125 0.5360088500976563 1.770648071289062
0.5003653564453125 0.7227573852539063 1.702974365234375
0.3378865661621094 0.892762451171875 1.620331787109375
0.1658456420898438 1.015028930664063 1.546679077148438
0.002422401666641236 1.491798950195313 1.09409130859375
0.1330764923095703 1.534437377929688 1.033441650390625
0.3397973327636719 1.621233520507813 0.8911239013671876
0.4996475830078125 1.702583984375 0.7236764526367188
0.6092398071289062 1.764568359375 0.5556964111328125
0.6866737060546875 1.81108544921875 0.3774510803222657
0.7286722412109375 1.837188110351563 0.2173474578857422
0.7487986450195313 1.849904296875 0.01881384468078613
0.7348530883789063 1.841079223632813 -0.1814587097167969
0.6958092651367188 1.816712646484375 -0.3493638610839844
0.6195684814453125 1.770648071289062 -0.5360088500976563
0.5003653564453125 1.702974365234375 -0.7227573852539063
0.3378865661621094 1.620331787109375 -0.892762451171875
0.1658456420898438 1.546679077148438 -1.015028930664063
9.448591796875 0.6365323486328125 1.737045288085938
9.625004882812501 0.5845506591796875 1.755220947265625
9.7838583984375 0.48092138671875 1.786397094726563
9.878130859375 0.3766918029785156 1.811243530273438
9.96328125 0.2141939392089844 1.837558471679688
9.999489257812501 0.02562973785400391 1.849822509765625
9.9929111328125 -0.09522507476806641 1.847547607421875
9.9353203125 -0.2810829467773437 1.82852197265625
9.8566015625 -0.4048171691894532 1.805165649414062
9.7241884765625 -0.5278999633789062 1.77308251953125
9.559578125 -0.6103291015625 1.746424438476563
9.4309072265625 -0.6388300170898438 1.73620166015625
9.3568974609375 -0.6431028442382812 1.73462353515625
9.448591796875 1.737045288085938 -0.6365323486328125
9.625004882812501 1.755220947265625 -0.5845506591796875
9.7838583984375 1.786397094726563 -0.48092138671875
9.878130859375 1.811243530273438 -0.3766918029785156
9.96328125 1.837558471679688 -0.2141939392089844
9.999489257812501 1.849822509765625 -0.02562973785400391
9.9929111328125 1.847547607421875 0.09522507476806641
9.9353203125 1.82852197265625 0.2810829467773437
9.8566015625 1.805165649414062 0.4048171691894532
9.7241884765625 1.77308251953125 0.5278999633789062
9.559578125 1.746424438476563 0.6103291015625
9.4309072265625 1.73620166015625 0.6388300170898438
9.3568974609375 1.73462353515625 0.6431028442382812
9.458508789062501 -1.737597045898438 0.6350247802734376
9.632568359375 -1.75639208984375 0.5810220947265625
9.79559375 -1.78923828125 0.4702406616210937
9.8784541015625 -1.811336669921875 0.3762437744140625
9.95503515625 -1.834853515625 0.2362470550537109
10 -1.85 -1.428769645997474e-15
9.996247070312501 -1.848698608398438 -0.06937822723388672
9.958249023437499 -1.835903686523437 -0.2279420318603516
9.885044921875 -1.813245483398437 -0.3669346008300781
9.7590673828125 -1.780634643554688 -0.5018370666503906
9.5982421875 -1.751332763671875 -0.5960988159179688
9.482953125 -1.73919775390625 -0.6306276245117187
9.3568974609375 -1.73462353515625 -0.6431028442382812
0.6511705322265625 1.195211669921875 -1.412079711914062
0.6511705322265625 1.162154296875 -1.43940869140625
0.6511705322265625 1.412079711914062 1.195211669921875
0.6511705322265625 1.43940869140625 1.162154296875
0.6511705322265625 -1.195211669921875 1.412079711914062
0.6511705322265625 -1.162154296875 1.43940869140625
6.13232373046875 -1.60202197265625 -0.9252164916992188
3.807135986328125 -1.12864404296875 1.465831665039063
6.13232373046875 -0.9252164916992188 1.60202197265625
3.807135986328125 1.465831665039063 1.12864404296875
6.13232373046875 1.60202197265625 0.9252164916992188
40 -1.85 -7.008041282702271e-15
40 -1.796242309570313 -0.4427339782714844
40 -1.638093627929688 -0.8597378540039062
40 -1.384744873046875 -1.226776977539062
40 -1.050919799804688 -1.522520141601563
40 -0.65601904296875 -1.729780029296875
40 -0.2229928588867187 -1.836511474609375
40 0.2229928588867187 -1.836511474609375
40 0.65601904296875 -1.729780029296875
40 1.050919799804688 -1.522520141601563
40 1.384744873046875 -1.226776977539062
40 1.638093627929688 -0.8597378540039062
40 1.796242309570313 -0.4427339782714844
40 1.85 -9.330850328503892e-15
40 1.796242309570313 0.4427339782714844
40 1.638093627929688 0.8597378540039062
40 1.384744873046875 1.226776977539062
40 1.050919799804688 1.522520141601563
40 0.65601904296875 1.729780029296875
40 0.2229928588867187 1.836511474609375
40 -0.2229928588867187 1.836511474609375
40 -0.65601904296875 1.729780029296875
40 -1.050919799804688 1.522520141601563
40 -1.384744873046875 1.226776977539062
40 -1.638093627929688 0.8597378540039062
40 -1.796242309570313 0.4427339782714844
35 0.1266346130371094 -1.845660766601563
34.378 0.1266346130371094 -1.845660766601563
34.378 0.4694085998535156 -1.789456787109375
34.378 0.7956346435546875 -1.670169311523438
30.207 0.7956346435546875 -1.670169311523438
30.12252734375 0.7730413818359375 -1.680745971679688
29.932287109375 0.6909246826171875 -1.716136108398437
29.75781640625 0.5673073730468751 -1.760869750976563
29.641671875 0.4463498840332031 -1.795347290039063
29.52351171875 0.2635853576660157 -1.831126098632813
29.433943359375 5.726974450226408e-15 -1.85
29.437544921875 -0.01792916107177734 -1.8499130859375
29.510455078125 -0.2366287841796875 -1.834804321289063
29.622818359375 -0.4223954772949219 -1.801133544921875
29.766767578125 -0.5751054077148438 -1.75833837890625
29.936447265625 -0.6932407836914063 -1.715201782226563
30.083939453125 -0.7600462036132812 -1.686662353515625
30.207 -0.7956346435546875 -1.670169311523438
34.378 -0.7956346435546875 -1.670169311523438
34.378 -0.4694085998535156 -1.789456787109375
34.378 -0.1266346130371094 -1.845660766601563
35 -0.1266346130371094 -1.845660766601563
35 -0.5598978881835938 -1.76323974609375
35 -0.9613405151367188 -1.58060888671875
35 -1.308147583007812 -1.308147583007812
35 -1.58060888671875 -0.9613405151367188
35 -1.76323974609375 -0.5598978881835938
35 -1.845660766601563 -0.1266346130371094
34.378 -1.845660766601563 -0.1266346130371094
34.378 -1.789456787109375 -0.4694085998535156
34.378 -1.670169311523438 -0.7956346435546875
30.207 -1.670169311523438 -0.7956346435546875
30.1739453125 -1.673914184570312 -0.7877255249023438
29.981955078125 -1.705430541992188 -0.7169426269531251
29.779994140625 -1.754638549804687 -0.5862963256835938
29.64024609375 -1.795784423828125 -0.4445877380371094
29.51875390625 -1.83248095703125 -0.2539950408935547
29.433943359375 -1.85 -7.997617325339323e-15
29.51875390625 -1.83248095703125 0.2539950408935547
29.64024609375 -1.795784423828125 0.4445877380371094
29.779994140625 -1.754638549804687 0.5862963256835938
29.981955078125 -1.705430541992188 0.7169426269531251
30.1739453125 -1.673914184570312 0.7877255249023438
30.207 -1.670169311523438 0.7956346435546875
34.378 -1.670169311523438 0.7956346435546875
34.378 -1.789456787109375 0.4694085998535156
34.378 -1.845660766601563 0.1266346130371094
35 -1.845660766601563 0.1266346130371094
35 -1.76323974609375 0.5598978881835938
35 -1.58060888671875 0.9613405151367188
35 -1.308147583007812 1.308147583007812
35 -0.9613405151367188 1.58060888671875
35 -0.5598978881835938 1.76323974609375
35 -0.1266346130371094 1.845660766601563
34.378 -0.1266346130371094 1.845660766601563
34.378 -0.4694085998535156 1.789456787109375
34.378 -0.7956346435546875 1.670169311523438
30.207 -0.7956346435546875 1.670169311523438
30.15546875 -0.7827874755859375 1.67622900390625
29.955267578125 -0.7033997192382813 1.711060791015625
29.76680859375 -0.5751409301757813 1.758326782226562
29.642263671875 -0.4470772705078125 1.795166259765625
29.53679296875 -0.2890858154296875 1.827273803710938
29.460060546875 -0.1053486862182617 1.846998046875
29.433943359375 -5.641709321935196e-15 1.85
29.437736328125 0.01883391189575195 1.849904174804688
29.510650390625 0.2370451965332031 1.83475048828125
29.619787109375 0.4184032897949219 1.802065063476562
29.765458984375 0.5739768676757813 1.75870703125
29.936447265625 0.6932407836914063 1.715201782226563
30.083939453125 0.7600462036132812 1.686662353515625
30.207 0.7956346435546875 1.670169311523438
34.378 0.7956346435546875 1.670169311523438
34.378 0.4694085998535156 1.789456787109375
34.378 0.1266346130371094 1.845660766601563
35 0.1266346130371094 1.845660766601563
35 0.5598978881835938 1.76323974609375
35 0.9613405151367188 1.58060888671875
35 1.308147583007812 1.308147583007812
35 1.58060888671875 0.9613405151367188
35 1.76323974609375 0.5598978881835938
35 1.845660766601563 0.1266346130371094
34.378 1.845660766601563 0.1266346130371094
34.378 1.789456787109375 0.4694085998535156
34.378 1.670169311523438 0.7956346435546875
30.207 1.670169311523438 0.7956346435546875
30.15546875 1.67622900390625 0.7827874755859375
29.955267578125 1.711060791015625 0.7033997192382813
29.76680859375 1.758326782226562 0.5751409301757813
29.642263671875 1.795166259765625 0.4470772705078125
29.53679296875 1.827273803710938 0.2890858154296875
29.460060546875 1.846998046875 0.1053486862182617
29.433943359375 1.85 3.268496584496461e-16
29.437544921875 1.8499130859375 -0.01792916107177734
29.510455078125 1.834804321289063 -0.2366287841796875
29.622818359375 1.801133544921875 -0.4223954772949219
29.766767578125 1.75833837890625 -0.5751054077148438
29.936447265625 1.715201782226563 -0.6932407836914063
30.083939453125 1.686662353515625 -0.7600462036132812
30.207 1.670169311523438 -0.7956346435546875
34.378 1.670169311523438 -0.7956346435546875
34.378 1.789456787109375 -0.4694085998535156
34.378 1.845660766601563 -0.1266346130371094
35 1.845660766601563 -0.1266346130371094
35 1.76323974609375 -0.5598978881835938
35 1.58060888671875 -0.9613405151367188
35 1.308147583007812 -1.308147583007812
35 0.9613405151367188 -1.58060888671875
35 0.5598978881835938 -1.76323974609375
35.2 -1.85 -6.352855307784067e-15
35.2 -1.796242309570313 -0.4427339782714844
35.2 -1.638093627929688 -0.8597378540039062
35.2 -1.384744873046875 -1.226776977539062
35.2 -1.050919799804688 -1.522520141601563
35.2 -0.65601904296875 -1.729780029296875
35.2 -0.2229928588867187 -1.836511474609375
35.2 0.2229928588867187 -1.836511474609375
35.2 0.65601904296875 -1.729780029296875
35.2 1.050919799804688 -1.522520141601563
35.2 1.384744873046875 -1.226776977539062
35.2 1.638093627929688 -0.8597378540039062
35.2 1.796242309570313 -0.4427339782714844
35.2 1.85 -8.44910426345269e-15
35.2 1.796242309570313 0.4427339782714844
35.2 1.638093627929688 0.8597378540039062
35.2 1.384744873046875 1.226776977539062
35.2 1.050919799804688 1.522520141601563
35.2 0.65601904296875 1.729780029296875
35.2 0.2229928588867187 1.836511474609375
35.2 -0.2229928588867187 1.836511474609375
35.2 -0.65601904296875 1.729780029296875
35.2 -1.050919799804688 1.522520141601563
35.2 -1.384744873046875 1.226776977539062
35.2 -1.638093627929688 0.8597378540039062
35.2 -1.796242309570313 0.4427339782714844
30.0281953125 1.72486572265625 -0.6688335571289062
30.0281953125 1.75896142578125 -0.5731968383789062
30.0281953125 1.787759033203125 -0.4758335571289062
30.2171953125 1.72486572265625 -0.6688335571289062
30.2171953125 1.75896142578125 -0.5731968383789062
30.2171953125 1.787759033203125 -0.4758335571289062
30.0281953125 1.787759033203125 0.4758335571289062
30.0281953125 1.75896142578125 0.5731968383789062
30.0281953125 1.72486572265625 0.6688335571289062
30.2171953125 1.787759033203125 0.4758335571289062
30.2171953125 1.75896142578125 0.5731968383789062
30.2171953125 1.72486572265625 0.6688335571289062
30.0281953125 1.81841650390625 -0.3403845520019531
30.0281953125 1.833808959960938 -0.2442229309082031
30.0281953125 1.844119750976563 -0.1473845520019531
30.2171953125 1.81841650390625 -0.3403845520019531
30.2171953125 1.833808959960938 -0.2442229309082031
30.2171953125 1.844119750976563 -0.1473845520019531
30.0281953125 1.844119750976563 0.1473845520019531
30.0281953125 1.833808959960938 0.2442229309082031
30.0281953125 1.81841650390625 0.3403845520019531
30.2171953125 1.844119750976563 0.1473845520019531
30.2171953125 1.833808959960938 0.2442229309082031
30.2171953125 1.81841650390625 0.3403845520019531
30.280767578125 1.72486572265625 -0.6688335571289062
30.280767578125 1.75896142578125 -0.5731968383789062
30.280767578125 1.787759033203125 -0.4758335571289062
30.469767578125 1.72486572265625 -0.6688335571289062
30.469767578125 1.75896142578125 -0.5731968383789062
30.469767578125 1.787759033203125 -0.4758335571289062
30.280767578125 1.787759033203125 0.4758335571289062
30.280767578125 1.75896142578125 0.5731968383789062
30.280767578125 1.72486572265625 0.6688335571289062
30.469767578125 1.787759033203125 0.4758335571289062
30.469767578125 1.75896142578125 0.5731968383789062
30.469767578125 1.72486572265625 0.6688335571289062
30.280767578125 1.81841650390625 -0.3403845520019531
30.280767578125 1.833808959960938 -0.2442229309082031
30.280767578125 1.844119750976563 -0.1473845520019531
30.469767578125 1.81841650390625 -0.3403845520019531
30.469767578125 1.833808959960938 -0.2442229309082031
30.469767578125 1.844119750976563 -0.1473845520019531
30.280767578125 1.844119750976563 0.1473845520019531
30.280767578125 1.833808959960938 0.2442229309082031
30.280767578125 1.81841650390625 0.3403845520019531
30.469767578125 1.844119750976563 0.1473845520019531
30.469767578125 1.833808959960938 0.2442229309082031
30.469767578125 1.81841650390625 0.3403845520019531
30.52281640625 1.72486572265625 -0.6688335571289062
30.52281640625 1.75896142578125 -0.5731968383789062
30.52281640625 1.787759033203125 -0.4758335571289062
30.71181640625 1.72486572265625 -0.6688335571289062
30.71181640625 1.75896142578125 -0.5731968383789062
30.71181640625 1.787759033203125 -0.4758335571289062
30.52281640625 1.787759033203125 0.4758335571289062
30.52281640625 1.75896142578125 0.5731968383789062
30.52281640625 1.72486572265625 0.6688335571289062
30.71181640625 1.787759033203125 0.4758335571289062
30.71181640625 1.75896142578125 0.5731968383789062
30.71181640625 1.72486572265625 0.6688335571289062
30.52281640625 1.81841650390625 -0.3403845520019531
30.52281640625 1.833808959960938 -0.2442229309082031
30.52281640625 1.844119750976563 -0.1473845520019531
30.71181640625 1.81841650390625 -0.3403845520019531
30.71181640625 1.833808959960938 -0.2442229309082031
30.71181640625 1.844119750976563 -0.1473845520019531
30.52281640625 1.844119750976563 0.1473845520019531
30.52281640625 1.833808959960938 0.2442229309082031
30.52281640625 1.81841650390625 0.3403845520019531
30.71181640625 1.844119750976563 0.1473845520019531
30.71181640625 1.833808959960938 0.2442229309082031
30.71181640625 1.81841650390625 0.3403845520019531
30.803451171875 1.72486572265625 -0.6688335571289062
30.803451171875 1.75896142578125 -0.5731968383789062
30.803451171875 1.787759033203125 -0.4758335571289062
30.992451171875 1.72486572265625 -0.6688335571289062
30.992451171875 1.75896142578125 -0.5731968383789062
30.992451171875 1.787759033203125 -0.4758335571289062
30.803451171875 1.787759033203125 0.4758335571289062
30.803451171875 1.75896142578125 0.5731968383789062
30.803451171875 1.72486572265625 0.6688335571289062
30.992451171875 1.787759033203125 0.4758335571289062
30.992451171875 1.75896142578125 0.5731968383789062
30.992451171875 1.72486572265625 0.6688335571289062
30.803451171875 1.81841650390625 -0.3403845520019531
30.803451171875 1.833808959960938 -0.2442229309082031
30.803451171875 1.844119750976563 -0.1473845520019531
30.992451171875 1.81841650390625 -0.3403845520019531
30.992451171875 1.833808959960938 -0.2442229309082031
30.992451171875 1.844119750976563 -0.1473845520019531
30.803451171875 1.844119750976563 0.1473845520019531
30.803451171875 1.833808959960938 0.2442229309082031
30.803451171875 1.81841650390625 0.3403845520019531
30.992451171875 1.844119750976563 0.1473845520019531
30.992451171875 1.833808959960938 0.2442229309082031
30.992451171875 1.81841650390625 0.3403845520019531
31.0560234375 1.72486572265625 -0.6688335571289062
31.0560234375 1.75896142578125 -0.5731968383789062
31.0560234375 1.787759033203125 -0.4758335571289062
31.2450234375 1.72486572265625 -0.6688335571289062
31.2450234375 1.75896142578125 -0.5731968383789062
31.2450234375 1.787759033203125 -0.4758335571289062
31.0560234375 1.787759033203125 0.4758335571289062
31.0560234375 1.75896142578125 0.5731968383789062
31.0560234375 1.72486572265625 0.6688335571289062
31.2450234375 1.787759033203125 0.4758335571289062
31.2450234375 1.75896142578125 0.5731968383789062
31.2450234375 1.72486572265625 0.6688335571289062
31.0560234375 1.81841650390625 -0.3403845520019531
31.0560234375 1.833808959960938 -0.2442229309082031
31.0560234375 1.844119750976563 -0.1473845520019531
31.2450234375 1.81841650390625 -0.3403845520019531
31.2450234375 1.833808959960938 -0.2442229309082031
31.2450234375 1.844119750976563 -0.1473845520019531
31.0560234375 1.844119750976563 0.1473845520019531
31.0560234375 1.833808959960938 0.2442229309082031
31.0560234375 1.81841650390625 0.3403845520019531
31.2450234375 1.844119750976563 0.1473845520019531
31.2450234375 1.833808959960938 0.2442229309082031
31.2450234375 1.81841650390625 0.3403845520019531
31.329642578125 1.72486572265625 -0.6688335571289062
31.329642578125 1.75896142578125 -0.5731968383789062
31.329642578125 1.787759033203125 -0.4758335571289062
31.518642578125 1.72486572265625 -0.6688335571289062
31.518642578125 1.75896142578125 -0.5731968383789062
31.518642578125 1.787759033203125 -0.4758335571289062
31.329642578125 1.787759033203125 0.4758335571289062
31.329642578125 1.75896142578125 0.5731968383789062
31.329642578125 1.72486572265625 0.6688335571289062
31.518642578125 1.787759033203125 0.4758335571289062
31.518642578125 1.75896142578125 0.5731968383789062
31.518642578125 1.72486572265625 0.6688335571289062
31.329642578125 1.81841650390625 -0.3403845520019531
31.329642578125 1.833808959960938 -0.2442229309082031
31.329642578125 1.844119750976563 -0.1473845520019531
31.518642578125 1.81841650390625 -0.3403845520019531
31.518642578125 1.833808959960938 -0.2442229309082031
31.518642578125 1.844119750976563 -0.1473845520019531
31.329642578125 1.844119750976563 0.1473845520019531
31.329642578125 1.833808959960938 0.2442229309082031
31.329642578125 1.81841650390625 0.3403845520019531
31.518642578125 1.844119750976563 0.1473845520019531
31.518642578125 1.833808959960938 0.2442229309082031
31.518642578125 1.81841650390625 0.3403845520019531
31.58221484375 1.72486572265625 -0.6688335571289062
31.58221484375 1.75896142578125 -0.5731968383789062
31.58221484375 1.787759033203125 -0.4758335571289062
31.77121484375 1.72486572265625 -0.6688335571289062
31.77121484375 1.75896142578125 -0.5731968383789062
31.77121484375 1.787759033203125 -0.4758335571289062
31.58221484375 1.787759033203125 0.4758335571289062
31.58221484375 1.75896142578125 0.5731968383789062
31.58221484375 1.72486572265625 0.6688335571289062
31.77121484375 1.787759033203125 0.4758335571289062
31.77121484375 1.75896142578125 0.5731968383789062
31.77121484375 1.72486572265625 0.6688335571289062
31.58221484375 1.81841650390625 -0.3403845520019531
31.58221484375 1.833808959960938 -0.2442229309082031
31.58221484375 1.844119750976563 -0.1473845520019531
31.77121484375 1.81841650390625 -0.3403845520019531
31.77121484375 1.833808959960938 -0.2442229309082031
31.77121484375 1.844119750976563 -0.1473845520019531
31.58221484375 1.844119750976563 0.1473845520019531
31.58221484375 1.833808959960938 0.2442229309082031
31.58221484375 1.81841650390625 0.3403845520019531
31.77121484375 1.844119750976563 0.1473845520019531
31.77121484375 1.833808959960938 0.2442229309082031
31.77121484375 1.81841650390625 0.3403845520019531
31.866142578125 1.72486572265625 -0.6688335571289062
31.866142578125 1.75896142578125 -0.5731968383789062
31.866142578125 1.787759033203125 -0.4758335571289062
32.055142578125 1.72486572265625 -0.6688335571289062
32.055142578125 1.75896142578125 -0.5731968383789062
32.055142578125 1.787759033203125 -0.4758335571289062
31.866142578125 1.787759033203125 0.4758335571289062
31.866142578125 1.75896142578125 0.5731968383789062
31.866142578125 1.72486572265625 0.6688335571289062
32.055142578125 1.787759033203125 0.4758335571289062
32.055142578125 1.75896142578125 0.5731968383789062
32.055142578125 1.72486572265625 0.6688335571289062
31.866142578125 1.81841650390625 -0.3403845520019531
31.866142578125 1.833808959960938 -0.2442229309082031
31.866142578125 1.844119750976563 -0.1473845520019531
32.055142578125 1.81841650390625 -0.3403845520019531
32.055142578125 1.833808959960938 -0.2442229309082031
32.055142578125 1.844119750976563 -0.1473845520019531
31.866142578125 1.844119750976563 0.1473845520019531
31.866142578125 1.833808959960938 0.2442229309082031
31.866142578125 1.81841650390625 0.3403845520019531
32.055142578125 1.844119750976563 0.1473845520019531
32.055142578125 1.833808959960938 0.2442229309082031
32.055142578125 1.81841650390625 0.3403845520019531
32.140931640625 1.72486572265625 -0.6688335571289062
32.140931640625 1.75896142578125 -0.5731968383789062
32.140931640625 1.787759033203125 -0.4758335571289062
32.329931640625 1.72486572265625 -0.6688335571289062
32.329931640625 1.75896142578125 -0.5731968383789062
32.329931640625 1.787759033203125 -0.4758335571289062
32.140931640625 1.787759033203125 0.4758335571289062
32.140931640625 1.75896142578125 0.5731968383789062
32.140931640625 1.72486572265625 0.6688335571289062
32.329931640625 1.787759033203125 0.4758335571289062
32.329931640625 1.75896142578125 0.5731968383789062
32.329931640625 1.72486572265625 0.6688335571289062
32.140931640625 1.81841650390625 -0.3403845520019531
32.140931640625 1.833808959960938 -0.2442229309082031
32.140931640625 1.844119750976563 -0.1473845520019531
32.329931640625 1.81841650390625 -0.3403845520019531
32.329931640625 1.833808959960938 -0.2442229309082031
32.329931640625 1.844119750976563 -0.1473845520019531
32.140931640625 1.844119750976563 0.1473845520019531
32.140931640625 1.833808959960938 0.2442229309082031
32.140931640625 1.81841650390625 0.3403845520019531
32.329931640625 1.844119750976563 0.1473845520019531
32.329931640625 1.833808959960938 0.2442229309082031
32.329931640625 1.81841650390625 0.3403845520019531
32.427248046875 1.72486572265625 -0.6688335571289062
32.427248046875 1.75896142578125 -0.5731968383789062
32.427248046875 1.787759033203125 -0.4758335571289062
32.616248046875 1.72486572265625 -0.6688335571289062
32.616248046875 1.75896142578125 -0.5731968383789062
32.616248046875 1.787759033203125 -0.4758335571289062
32.427248046875 1.787759033203125 0.4758335571289062
32.427248046875 1.75896142578125 0.5731968383789062
32.427248046875 1.72486572265625 0.6688335571289062
32.616248046875 1.787759033203125 0.4758335571289062
32.616248046875 1.75896142578125 0.5731968383789062
32.616248046875 1.72486572265625 0.6688335571289062
32.427248046875 1.81841650390625 -0.3403845520019531
32.427248046875 1.833808959960938 -0.2442229309082031
32.427248046875 1.844119750976563 -0.1473845520019531
32.616248046875 1.81841650390625 -0.3403845520019531
32.616248046875 1.833808959960938 -0.2442229309082031
32.616248046875 1.844119750976563 -0.1473845520019531
32.427248046875 1.844119750976563 0.1473845520019531
32.427248046875 1.833808959960938 0.2442229309082031
32.427248046875 1.81841650390625 0.3403845520019531
32.616248046875 1.844119750976563 0.1473845520019531
32.616248046875 1.833808959960938 0.2442229309082031
32.616248046875 1.81841650390625 0.3403845520019531
32.68790625 1.72486572265625 -0.6688335571289062
32.68790625 1.75896142578125 -0.5731968383789062
32.68790625 1.787759033203125 -0.4758335571289062
32.87690625 1.72486572265625 -0.6688335571289062
32.87690625 1.75896142578125 -0.5731968383789062
32.87690625 1.787759033203125 -0.4758335571289062
32.68790625 1.787759033203125 0.4758335571289062
32.68790625 1.75896142578125 0.5731968383789062
32.68790625 1.72486572265625 0.6688335571289062
32.87690625 1.787759033203125 0.4758335571289062
32.87690625 1.75896142578125 0.5731968383789062
32.87690625 1.72486572265625 0.6688335571289062
32.68790625 1.81841650390625 -0.3403845520019531
32.68790625 1.833808959960938 -0.2442229309082031
32.68790625 1.844119750976563 -0.1473845520019531
32.87690625 1.81841650390625 -0.3403845520019531
32.87690625 1.833808959960938 -0.2442229309082031
32.87690625 1.844119750976563 -0.1473845520019531
32.68790625 1.844119750976563 0.1473845520019531
32.68790625 1.833808959960938 0.2442229309082031
32.68790625 1.81841650390625 0.3403845520019531
32.87690625 1.844119750976563 0.1473845520019531
32.87690625 1.833808959960938 0.2442229309082031
32.87690625 1.81841650390625 0.3403845520019531
32.9680546875 1.72486572265625 -0.6688335571289062
32.9680546875 1.75896142578125 -0.5731968383789062
32.9680546875 1.787759033203125 -0.4758335571289062
33.1570546875 1.72486572265625 -0.6688335571289062
33.1570546875 1.75896142578125 -0.5731968383789062
33.1570546875 1.787759033203125 -0.4758335571289062
32.9680546875 1.787759033203125 0.4758335571289062
32.9680546875 1.75896142578125 0.5731968383789062
32.9680546875 1.72486572265625 0.6688335571289062
33.1570546875 1.787759033203125 0.4758335571289062
33.1570546875 1.75896142578125 0.5731968383789062
33.1570546875 1.72486572265625 0.6688335571289062
32.9680546875 1.81841650390625 -0.3403845520019531
32.9680546875 1.833808959960938 -0.2442229309082031
32.9680546875 1.844119750976563 -0.1473845520019531
33.1570546875 1.81841650390625 -0.3403845520019531
33.1570546875 1.833808959960938 -0.2442229309082031
33.1570546875 1.844119750976563 -0.1473845520019531
32.9680546875 1.844119750976563 0.1473845520019531
32.9680546875 1.833808959960938 0.2442229309082031
32.9680546875 1.81841650390625 0.3403845520019531
33.1570546875 1.844119750976563 0.1473845520019531
33.1570546875 1.833808959960938 0.2442229309082031
33.1570546875 1.81841650390625 0.3403845520019531
33.2384609375 1.72486572265625 -0.6688335571289062
33.2384609375 1.75896142578125 -0.5731968383789062
33.2384609375 1.787759033203125 -0.4758335571289062
33.4274609375 1.72486572265625 -0.6688335571289062
33.4274609375 1.75896142578125 -0.5731968383789062
33.4274609375 1.787759033203125 -0.4758335571289062
33.2384609375 1.787759033203125 0.4758335571289062
33.2384609375 1.75896142578125 0.5731968383789062
33.2384609375 1.72486572265625 0.6688335571289062
33.4274609375 1.787759033203125 0.4758335571289062
33.4274609375 1.75896142578125 0.5731968383789062
33.4274609375 1.72486572265625 0.6688335571289062
33.2384609375 1.81841650390625 -0.3403845520019531
33.2384609375 1.833808959960938 -0.2442229309082031
33.2384609375 1.844119750976563 -0.1473845520019531
33.4274609375 1.81841650390625 -0.3403845520019531
33.4274609375 1.833808959960938 -0.2442229309082031
33.4274609375 1.844119750976563 -0.1473845520019531
33.2384609375 1.844119750976563 0.1473845520019531
33.2384609375 1.833808959960938 0.2442229309082031
33.2384609375 1.81841650390625 0.3403845520019531
33.4274609375 1.844119750976563 0.1473845520019531
33.4274609375 1.833808959960938 0.2442229309082031
33.4274609375 1.81841650390625 0.3403845520019531
33.5065703125 1.72486572265625 -0.6688335571289062
33.5065703125 1.75896142578125 -0.5731968383789062
33.5065703125 1.787759033203125 -0.4758335571289062
33.6955703125 1.72486572265625 -0.6688335571289062
33.6955703125 1.75896142578125 -0.5731968383789062
33.6955703125 1.787759033203125 -0.4758335571289062
33.5065703125 1.787759033203125 0.4758335571289062
33.5065703125 1.75896142578125 0.5731968383789062
33.5065703125 1.72486572265625 0.6688335571289062
33.6955703125 1.787759033203125 0.4758335571289062
33.6955703125 1.75896142578125 0.5731968383789062
33.6955703125 1.72486572265625 0.6688335571289062
33.5065703125 1.81841650390625 -0.3403845520019531
33.5065703125 1.833808959960938 -0.2442229309082031
33.5065703125 1.844119750976563 -0.1473845520019531
33.6955703125 1.81841650390625 -0.3403845520019531
33.6955703125 1.833808959960938 -0.2442229309082031
33.6955703125 1.844119750976563 -0.1473845520019531
33.5065703125 1.844119750976563 0.1473845520019531
33.5065703125 1.833808959960938 0.2442229309082031
33.5065703125 1.81841650390625 0.3403845520019531
33.6955703125 1.844119750976563 0.1473845520019531
33.6955703125 1.833808959960938 0.2442229309082031
33.6955703125 1.81841650390625 0.3403845520019531
33.77048046875 1.72486572265625 -0.6688335571289062
33.77048046875 1.75896142578125 -0.5731968383789062
33.77048046875 1.787759033203125 -0.4758335571289062
33.95948046875 1.72486572265625 -0.6688335571289062
33.95948046875 1.75896142578125 -0.5731968383789062
33.95948046875 1.787759033203125 -0.4758335571289062
33.77048046875 1.787759033203125 0.4758335571289062
33.77048046875 1.75896142578125 0.5731968383789062
33.77048046875 1.72486572265625 0.6688335571289062
33.95948046875 1.787759033203125 0.4758335571289062
33.95948046875 1.75896142578125 0.5731968383789062
33.95948046875 1.72486572265625 0.6688335571289062
33.77048046875 1.81841650390625 -0.3403845520019531
33.77048046875 1.833808959960938 -0.2442229309082031
33.77048046875 1.844119750976563 -0.1473845520019531
33.95948046875 1.81841650390625 -0.3403845520019531
33.95948046875 1.833808959960938 -0.2442229309082031
33.95948046875 1.844119750976563 -0.1473845520019531
33.77048046875 1.844119750976563 0.1473845520019531
33.77048046875 1.833808959960938 0.2442229309082031
33.77048046875 1.81841650390625 0.3403845520019531
33.95948046875 1.844119750976563 0.1473845520019531
33.95948046875 1.833808959960938 0.2442229309082031
33.95948046875 1.81841650390625 0.3403845520019531
34.0397109375 1.72486572265625 -0.6688335571289062
34.0397109375 1.75896142578125 -0.5731968383789062
34.0397109375 1.787759033203125 -0.4758335571289062
34.2287109375 1.72486572265625 -0.6688335571289062
34.2287109375 1.75896142578125 -0.5731968383789062
34.2287109375 1.787759033203125 -0.4758335571289062
34.0397109375 1.787759033203125 0.4758335571289062
34.0397109375 1.75896142578125 0.5731968383789062
34.0397109375 1.72486572265625 0.6688335571289062
34.2287109375 1.787759033203125 0.4758335571289062
34.2287109375 1.75896142578125 0.5731968383789062
34.2287109375 1.72486572265625 0.6688335571289062
34.0397109375 1.81841650390625 -0.3403845520019531
34.0397109375 1.833808959960938 -0.2442229309082031
34.0397109375 1.844119750976563 -0.1473845520019531
34.2287109375 1.81841650390625 -0.3403845520019531
34.2287109375 1.833808959960938 -0.2442229309082031
34.2287109375 1.844119750976563 -0.1473845520019531
34.0397109375 1.844119750976563 0.1473845520019531
34.0397109375 1.833808959960938 0.2442229309082031
34.0397109375 1.81841650390625 0.3403845520019531
34.2287109375 1.844119750976563 0.1473845520019531
34.2287109375 1.833808959960938 0.2442229309082031
34.2287109375 1.81841650390625 0.3403845520019531
30.0281953125 -1.844119750976563 -0.1473845520019531
30.0281953125 -1.833808959960938 -0.2442229309082031
30.0281953125 -1.81841650390625 -0.3403845520019531
30.2171953125 -1.844119750976563 -0.1473845520019531
30.2171953125 -1.833808959960938 -0.2442229309082031
30.2171953125 -1.81841650390625 -0.3403845520019531
30.0281953125 -1.81841650390625 0.3403845520019531
30.0281953125 -1.833808959960938 0.2442229309082031
30.0281953125 -1.844119750976563 0.1473845520019531
30.2171953125 -1.81841650390625 0.3403845520019531
30.2171953125 -1.833808959960938 0.2442229309082031
30.2171953125 -1.844119750976563 0.1473845520019531
30.0281953125 -1.787759033203125 -0.4758335571289062
30.0281953125 -1.75896142578125 -0.5731968383789062
30.0281953125 -1.72486572265625 -0.6688335571289062
30.2171953125 -1.787759033203125 -0.4758335571289062
30.2171953125 -1.75896142578125 -0.5731968383789062
30.2171953125 -1.72486572265625 -0.6688335571289062
30.0281953125 -1.72486572265625 0.6688335571289062
30.0281953125 -1.75896142578125 0.5731968383789062
30.0281953125 -1.787759033203125 0.4758335571289062
30.2171953125 -1.72486572265625 0.6688335571289062
30.2171953125 -1.75896142578125 0.5731968383789062
30.2171953125 -1.787759033203125 0.4758335571289062
30.0281953125 -0.6688335571289062 -1.72486572265625
30.0281953125 -0.5731968383789062 -1.75896142578125
30.0281953125 -0.4758335571289062 -1.787759033203125
30.2171953125 -0.6688335571289062 -1.72486572265625
30.2171953125 -0.5731968383789062 -1.75896142578125
30.2171953125 -0.4758335571289062 -1.787759033203125
30.0281953125 -0.4758335571289062 1.787759033203125
30.0281953125 -0.5731968383789062 1.75896142578125
30.0281953125 -0.6688335571289062 1.72486572265625
30.2171953125 -0.4758335571289062 1.787759033203125
30.2171953125 -0.5731968383789062 1.75896142578125
30.2171953125 -0.6688335571289062 1.72486572265625
30.0281953125 -0.3403845520019531 -1.81841650390625
30.0281953125 -0.2442229309082031 -1.833808959960938
30.0281953125 -0.1473845520019531 -1.844119750976563
30.2171953125 -0.3403845520019531 -1.81841650390625
30.2171953125 -0.2442229309082031 -1.833808959960938
30.2171953125 -0.1473845520019531 -1.844119750976563
30.0281953125 -0.1473845520019531 1.844119750976563
30.0281953125 -0.2442229309082031 1.833808959960938
30.0281953125 -0.3403845520019531 1.81841650390625
30.2171953125 -0.1473845520019531 1.844119750976563
30.2171953125 -0.2442229309082031 1.833808959960938
30.2171953125 -0.3403845520019531 1.81841650390625
30.0281953125 0.1473845520019531 -1.844119750976563
30.0281953125 0.2442229309082031 -1.833808959960938
30.0281953125 0.3403845520019531 -1.81841650390625
30.2171953125 0.1473845520019531 -1.844119750976563
30.2171953125 0.2442229309082031 -1.833808959960938
30.2171953125 0.3403845520019531 -1.81841650390625
30.0281953125 0.3403845520019531 1.81841650390625
30.0281953125 0.2442229309082031 1.833808959960938
30.0281953125 0.1473845520019531 1.844119750976563
30.2171953125 0.3403845520019531 1.81841650390625
30.2171953125 0.2442229309082031 1.833808959960938
30.2171953125 0.1473845520019531 1.844119750976563
30.0281953125 0.4758335571289062 -1.787759033203125
30.0281953125 0.5731968383789062 -1.75896142578125
30.0281953125 0.6688335571289062 -1.72486572265625
30.2171953125 0.4758335571289062 -1.787759033203125
30.2171953125 0.5731968383789062 -1.75896142578125
30.2171953125 0.6688335571289062 -1.72486572265625
30.0281953125 0.6688335571289062 1.72486572265625
30.0281953125 0.5731968383789062 1.75896142578125
30.0281953125 0.4758335571289062 1.787759033203125
30.2171953125 0.6688335571289062 1.72486572265625
30.2171953125 0.5731968383789062 1.75896142578125
30.2171953125 0.4758335571289062 1.787759033203125
30.280767578125 -1.844119750976563 -0.1473845520019531
30.280767578125 -1.833808959960938 -0.2442229309082031
30.280767578125 -1.81841650390625 -0.3403845520019531
30.469767578125 -1.844119750976563 -0.1473845520019531
30.469767578125 -1.833808959960938 -0.2442229309082031
30.469767578125 -1.81841650390625 -0.3403845520019531
30.280767578125 -1.81841650390625 0.3403845520019531
30.280767578125 -1.833808959960938 0.2442229309082031
30.280767578125 -1.844119750976563 0.1473845520019531
30.469767578125 -1.81841650390625 0.3403845520019531
30.469767578125 -1.833808959960938 0.2442229309082031
30.469767578125 -1.844119750976563 0.1473845520019531
30.280767578125 -1.787759033203125 -0.4758335571289062
30.280767578125 -1.75896142578125 -0.5731968383789062
30.280767578125 -1.72486572265625 -0.6688335571289062
30.469767578125 -1.787759033203125 -0.4758335571289062
30.469767578125 -1.75896142578125 -0.5731968383789062
30.469767578125 -1.72486572265625 -0.6688335571289062
30.280767578125 -1.72486572265625 0.6688335571289062
30.280767578125 -1.75896142578125 0.5731968383789062
30.280767578125 -1.787759033203125 0.4758335571289062
30.469767578125 -1.72486572265625 0.6688335571289062
30.469767578125 -1.75896142578125 0.5731968383789062
30.469767578125 -1.787759033203125 0.4758335571289062
30.280767578125 -0.6688335571289062 -1.72486572265625
30.280767578125 -0.5731968383789062 -1.75896142578125
30.280767578125 -0.4758335571289062 -1.787759033203125
30.469767578125 -0.6688335571289062 -1.72486572265625
30.469767578125 -0.5731968383789062 -1.75896142578125
30.469767578125 -0.4758335571289062 -1.787759033203125
30.280767578125 -0.4758335571289062 1.787759033203125
30.280767578125 -0.5731968383789062 1.75896142578125
30.280767578125 -0.6688335571289062 1.72486572265625
30.469767578125 -0.4758335571289062 1.787759033203125
30.469767578125 -0.5731968383789062 1.75896142578125
30.469767578125 -0.6688335571289062 1.72486572265625
30.280767578125 -0.3403845520019531 -1.81841650390625
30.280767578125 -0.2442229309082031 -1.833808959960938
30.280767578125 -0.1473845520019531 -1.844119750976563
30.469767578125 -0.3403845520019531 -1.81841650390625
30.469767578125 -0.2442229309082031 -1.833808959960938
30.469767578125 -0.1473845520019531 -1.844119750976563
30.280767578125 -0.1473845520019531 1.844119750976563
30.280767578125 -0.2442229309082031 1.833808959960938
30.280767578125 -0.3403845520019531 1.81841650390625
30.469767578125 -0.1473845520019531 1.844119750976563
30.469767578125 -0.2442229309082031 1.833808959960938
30.469767578125 -0.3403845520019531 1.81841650390625
30.280767578125 0.1473845520019531 -1.844119750976563
30.280767578125 0.2442229309082031 -1.833808959960938
30.280767578125 0.3403845520019531 -1.81841650390625
30.469767578125 0.1473845520019531 -1.844119750976563
30.469767578125 0.2442229309082031 -1.833808959960938
30.469767578125 0.3403845520019531 -1.81841650390625
30.280767578125 0.3403845520019531 1.81841650390625
30.280767578125 0.2442229309082031 1.833808959960938
30.280767578125 0.1473845520019531 1.844119750976563
30.469767578125 0.3403845520019531 1.81841650390625
30.469767578125 0.2442229309082031 1.833808959960938
30.469767578125 0.1473845520019531 1.844119750976563
30.280767578125 0.4758335571289062 -1.787759033203125
30.280767578125 0.5731968383789062 -1.75896142578125
30.280767578125 0.6688335571289062 -1.72486572265625
30.469767578125 0.4758335571289062 -1.787759033203125
30.469767578125 0.5731968383789062 -1.75896142578125
30.469767578125 0.6688335571289062 -1.72486572265625
30.280767578125 0.6688335571289062 1.72486572265625
30.280767578125 0.5731968383789062 1.75896142578125
30.280767578125 0.4758335571289062 1.787759033203125
30.469767578125 0.6688335571289062 1.72486572265625
30.469767578125 0.5731968383789062 1.75896142578125
30.469767578125 0.4758335571289062 1.787759033203125
30.52281640625 -1.844119750976563 -0.1473845520019531
30.52281640625 -1.833808959960938 -0.2442229309082031
30.52281640625 -1.81841650390625 -0.3403845520019531
30.71181640625 -1.844119750976563 -0.1473845520019531
30.71181640625 -1.833808959960938 -0.2442229309082031
30.71181640625 -1.81841650390625 -0.3403845520019531
30.52281640625 -1.81841650390625 0.3403845520019531
30.52281640625 -1.833808959960938 0.2442229309082031
30.52281640625 -1.844119750976563 0.1473845520019531
30.71181640625 -1.81841650390625 0.3403845520019531
30.71181640625 -1.833808959960938 0.2442229309082031
30.71181640625 -1.844119750976563 0.1473845520019531
30.52281640625 -1.787759033203125 -0.4758335571289062
30.52281640625 -1.75896142578125 -0.5731968383789062
30.52281640625 -1.72486572265625 -0.6688335571289062
30.71181640625 -1.787759033203125 -0.4758335571289062
30.71181640625 -1.75896142578125 -0.5731968383789062
30.71181640625 -1.72486572265625 -0.6688335571289062
30.52281640625 -1.72486572265625 0.6688335571289062
30.52281640625 -1.75896142578125 0.5731968383789062
30.52281640625 -1.787759033203125 0.4758335571289062
30.71181640625 -1.72486572265625 0.6688335571289062
30.71181640625 -1.75896142578125 0.5731968383789062
30.71181640625 -1.787759033203125 0.4758335571289062
30.52281640625 -0.6688335571289062 -1.72486572265625
30.52281640625 -0.5731968383789062 -1.75896142578125
30.52281640625 -0.4758335571289062 -1.787759033203125
30.71181640625 -0.6688335571289062 -1.72486572265625
30.71181640625 -0.5731968383789062 -1.75896142578125
30.71181640625 -0.4758335571289062 -1.787759033203125
30.52281640625 -0.4758335571289062 1.787759033203125
30.52281640625 -0.5731968383789062 1.75896142578125
30.52281640625 -0.6688335571289062 1.72486572265625
30.71181640625 -0.4758335571289062 1.787759033203125
30.71181640625 -0.5731968383789062 1.75896142578125
30.71181640625 -0.6688335571289062 1.72486572265625
30.52281640625 -0.3403845520019531 -1.81841650390625
30.52281640625 -0.2442229309082031 -1.833808959960938
30.52281640625 -0.1473845520019531 -1.844119750976563
30.71181640625 -0.3403845520019531 -1.81841650390625
30.71181640625 -0.2442229309082031 -1.833808959960938
30.71181640625 -0.1473845520019531 -1.844119750976563
30.52281640625 -0.1473845520019531 1.844119750976563
30.52281640625 -0.2442229309082031 1.833808959960938
30.52281640625 -0.3403845520019531 1.81841650390625
30.71181640625 -0.1473845520019531 1.844119750976563
30.71181640625 -0.2442229309082031 1.833808959960938
30.71181640625 -0.3403845520019531 1.81841650390625
30.52281640625 0.1473845520019531 -1.844119750976563
30.52281640625 0.2442229309082031 -1.833808959960938
30.52281640625 0.3403845520019531 -1.81841650390625
30.71181640625 0.1473845520019531 -1.844119750976563
30.71181640625 0.2442229309082031 -1.833808959960938
30.71181640625 0.3403845520019531 -1.81841650390625
30.52281640625 0.3403845520019531 1.81841650390625
30.52281640625 0.2442229309082031 1.833808959960938
30.52281640625 0.1473845520019531 1.844119750976563
30.71181640625 0.3403845520019531 1.81841650390625
30.71181640625 0.2442229309082031 1.833808959960938
30.71181640625 0.1473845520019531 1.844119750976563
30.52281640625 0.4758335571289062 -1.787759033203125
30.52281640625 0.5731968383789062 -1.75896142578125
30.52281640625 0.6688335571289062 -1.72486572265625
30.71181640625 0.4758335571289062 -1.787759033203125
30.71181640625 0.5731968383789062 -1.75896142578125
30.71181640625 0.6688335571289062 -1.72486572265625
30.52281640625 0.6688335571289062 1.72486572265625
30.52281640625 0.5731968383789062 1.75896142578125
30.52281640625 0.4758335571289062 1.787759033203125
30.71181640625 0.6688335571289062 1.72486572265625
30.71181640625 0.5731968383789062 1.75896142578125
30.71181640625 0.4758335571289062 1.787759033203125
30.803451171875 -1.844119750976563 -0.1473845520019531
30.803451171875 -1.833808959960938 -0.2442229309082031
30.803451171875 -1.81841650390625 -0.3403845520019531
30.992451171875 -1.844119750976563 -0.1473845520019531
30.992451171875 -1.833808959960938 -0.2442229309082031
30.992451171875 -1.81841650390625 -0.3403845520019531
30.803451171875 -1.81841650390625 0.3403845520019531
30.803451171875 -1.833808959960938 0.2442229309082031
30.803451171875 -1.844119750976563 0.1473845520019531
30.992451171875 -1.81841650390625 0.3403845520019531
30.992451171875 -1.833808959960938 0.2442229309082031
30.992451171875 -1.844119750976563 0.1473845520019531
30.803451171875 -1.787759033203125 -0.4758335571289062
30.803451171875 -1.75896142578125 -0.5731968383789062
30.803451171875 -1.72486572265625 -0.6688335571289062
30.992451171875 -1.787759033203125 -0.4758335571289062
30.992451171875 -1.75896142578125 -0.5731968383789062
30.992451171875 -1.72486572265625 -0.6688335571289062
30.803451171875 -1.72486572265625 0.6688335571289062
30.803451171875 -1.75896142578125 0.5731968383789062
30.803451171875 -1.787759033203125 0.4758335571289062
30.992451171875 -1.72486572265625 0.6688335571289062
30.992451171875 -1.75896142578125 0.5731968383789062
30.992451171875 -1.787759033203125 0.4758335571289062
30.803451171875 -0.6688335571289062 -1.72486572265625
30.803451171875 -0.5731968383789062 -1.75896142578125
30.803451171875 -0.4758335571289062 -1.787759033203125
30.992451171875 -0.6688335571289062 -1.72486572265625
30.992451171875 -0.5731968383789062 -1.75896142578125
30.992451171875 -0.4758335571289062 -1.787759033203125
30.803451171875 -0.4758335571289062 1.787759033203125
30.803451171875 -0.5731968383789062 1.75896142578125
30.803451171875 -0.6688335571289062 1.72486572265625
30.992451171875 -0.4758335571289062 1.787759033203125
30.992451171875 -0.5731968383789062 1.75896142578125
30.992451171875 -0.6688335571289062 1.72486572265625
30.803451171875 -0.3403845520019531 -1.81841650390625
30.803451171875 -0.2442229309082031 -1.833808959960938
30.803451171875 -0.1473845520019531 -1.844119750976563
30.992451171875 -0.3403845520019531 -1.81841650390625
30.992451171875 -0.2442229309082031 -1.833808959960938
30.992451171875 -0.1473845520019531 -1.844119750976563
30.803451171875 -0.1473845520019531 1.844119750976563
30.803451171875 -0.2442229309082031 1.833808959960938
30.803451171875 -0.3403845520019531 1.81841650390625
30.992451171875 -0.1473845520019531 1.844119750976563
30.992451171875 -0.2442229309082031 1.833808959960938
30.992451171875 -0.3403845520019531 1.81841650390625
30.803451171875 0.1473845520019531 -1.844119750976563
30.803451171875 0.2442229309082031 -1.833808959960938
30.803451171875 0.3403845520019531 -1.81841650390625
30.992451171875 0.1473845520019531 -1.844119750976563
30.992451171875 0.2442229309082031 -1.833808959960938
30.992451171875 0.3403845520019531 -1.81841650390625
30.803451171875 0.3403845520019531 1.81841650390625
30.803451171875 0.2442229309082031 1.833808959960938
30.803451171875 0.1473845520019531 1.844119750976563
30.992451171875 0.3403845520019531 1.81841650390625
30.992451171875 0.2442229309082031 1.833808959960938
30.992451171875 0.1473845520019531 1.844119750976563
30.803451171875 0.4758335571289062 -1.787759033203125
30.803451171875 0.5731968383789062 -1.75896142578125
30.803451171875 0.6688335571289062 -1.72486572265625
30.992451171875 0.4758335571289062 -1.787759033203125
30.992451171875 0.5731968383789062 -1.75896142578125
30.992451171875 0.6688335571289062 -1.72486572265625
30.803451171875 0.6688335571289062 1.72486572265625
30.803451171875 0.5731968383789062 1.75896142578125
30.803451171875 0.4758335571289062 1.787759033203125
30.992451171875 0.6688335571289062 1.72486572265625
30.992451171875 0.5731968383789062 1.75896142578125
30.992451171875 0.4758335571289062 1.787759033203125
31.0560234375 -1.844119750976563 -0.1473845520019531
31.0560234375 -1.833808959960938 -0.2442229309082031
31.0560234375 -1.81841650390625 -0.3403845520019531
31.2450234375 -1.844119750976563 -0.1473845520019531
31.2450234375 -1.833808959960938 -0.2442229309082031
31.2450234375 -1.81841650390625 -0.3403845520019531
31.0560234375 -1.81841650390625 0.3403845520019531
31.0560234375 -1.833808959960938 0.2442229309082031
31.0560234375 -1.844119750976563 0.1473845520019531
31.2450234375 -1.81841650390625 0.3403845520019531
31.2450234375 -1.833808959960938 0.2442229309082031
31.2450234375 -1.844119750976563 0.1473845520019531
31.0560234375 -1.787759033203125 -0.4758335571289062
31.0560234375 -1.75896142578125 -0.5731968383789062
31.0560234375 -1.72486572265625 -0.6688335571289062
31.2450234375 -1.787759033203125 -0.4758335571289062
31.2450234375 -1.75896142578125 -0.5731968383789062
31.2450234375 -1.72486572265625 -0.6688335571289062
31.0560234375 -1.72486572265625 0.6688335571289062
31.0560234375 -1.75896142578125 0.5731968383789062
31.0560234375 -1.787759033203125 0.4758335571289062
31.2450234375 -1.72486572265625 0.6688335571289062
31.2450234375 -1.75896142578125 0.5731968383789062
31.2450234375 -1.787759033203125 0.4758335571289062
31.0560234375 -0.6688335571289062 -1.72486572265625
31.0560234375 -0.5731968383789062 -1.75896142578125
31.0560234375 -0.4758335571289062 -1.787759033203125
31.2450234375 -0.6688335571289062 -1.72486572265625
31.2450234375 -0.5731968383789062 -1.75896142578125
31.2450234375 -0.4758335571289062 -1.787759033203125
31.0560234375 -0.4758335571289062 1.787759033203125
31.0560234375 -0.5731968383789062 1.75896142578125
31.0560234375 -0.6688335571289062 1.72486572265625
31.2450234375 -0.4758335571289062 1.787759033203125
31.2450234375 -0.5731968383789062 1.75896142578125
31.2450234375 -0.6688335571289062 1.72486572265625
31.0560234375 -0.3403845520019531 -1.81841650390625
31.0560234375 -0.2442229309082031 -1.833808959960938
31.0560234375 -0.1473845520019531 -1.844119750976563
31.2450234375 -0.3403845520019531 -1.81841650390625
31.2450234375 -0.2442229309082031 -1.833808959960938
31.2450234375 -0.1473845520019531 -1.844119750976563
31.0560234375 -0.1473845520019531 1.844119750976563
31.0560234375 -0.2442229309082031 1.833808959960938
31.0560234375 -0.3403845520019531 1.81841650390625
31.2450234375 -0.1473845520019531 1.844119750976563
31.2450234375 -0.2442229309082031 1.833808959960938
31.2450234375 -0.3403845520019531 1.81841650390625
31.0560234375 0.1473845520019531 -1.844119750976563
31.0560234375 0.2442229309082031 -1.833808959960938
31.0560234375 0.3403845520019531 -1.81841650390625
31.2450234375 0.1473845520019531 -1.844119750976563
31.2450234375 0.2442229309082031 -1.833808959960938
31.2450234375 0.3403845520019531 -1.81841650390625
31.0560234375 0.3403845520019531 1.81841650390625
31.0560234375 0.2442229309082031 1.833808959960938
31.0560234375 0.1473845520019531 1.844119750976563
31.2450234375 0.3403845520019531 1.81841650390625
31.2450234375 0.2442229309082031 1.833808959960938
31.2450234375 0.1473845520019531 1.844119750976563
31.0560234375 0.4758335571289062 -1.787759033203125
31.0560234375 0.5731968383789062 -1.75896142578125
31.0560234375 0.6688335571289062 -1.72486572265625
31.2450234375 0.4758335571289062 -1.787759033203125
31.2450234375 0.5731968383789062 -1.75896142578125
31.2450234375 0.6688335571289062 -1.72486572265625
31.0560234375 0.6688335571289062 1.72486572265625
31.0560234375 0.5731968383789062 1.75896142578125
31.0560234375 0.4758335571289062 1.787759033203125
31.2450234375 0.6688335571289062 1.72486572265625
31.2450234375 0.5731968383789062 1.75896142578125
31.2450234375 0.4758335571289062 1.787759033203125
31.329642578125 -1.844119750976563 -0.1473845520019531
31.329642578125 -1.833808959960938 -0.2442229309082031
31.329642578125 -1.81841650390625 -0.3403845520019531
31.518642578125 -1.844119750976563 -0.1473845520019531
31.518642578125 -1.833808959960938 -0.2442229309082031
31.518642578125 -1.81841650390625 -0.3403845520019531
31.329642578125 -1.81841650390625 0.3403845520019531
31.329642578125 -1.833808959960938 0.2442229309082031
31.329642578125 -1.844119750976563 0.1473845520019531
31.518642578125 -1.81841650390625 0.3403845520019531
31.518642578125 -1.833808959960938 0.2442229309082031
31.518642578125 -1.844119750976563 0.1473845520019531
31.329642578125 -1.787759033203125 -0.4758335571289062
31.329642578125 -1.75896142578125 -0.5731968383789062
31.329642578125 -1.72486572265625 -0.6688335571289062
31.518642578125 -1.787759033203125 -0.4758335571289062
31.518642578125 -1.75896142578125 -0.5731968383789062
31.518642578125 -1.72486572265625 -0.6688335571289062
31.329642578125 -1.72486572265625 0.6688335571289062
31.329642578125 -1.75896142578125 0.5731968383789062
31.329642578125 -1.787759033203125 0.4758335571289062
31.518642578125 -1.72486572265625 0.6688335571289062
31.518642578125 -1.75896142578125 0.5731968383789062
31.518642578125 -1.787759033203125 0.4758335571289062
31.329642578125 -0.6688335571289062 -1.72486572265625
31.329642578125 -0.5731968383789062 -1.75896142578125
31.329642578125 -0.4758335571289062 -1.787759033203125
31.518642578125 -0.6688335571289062 -1.72486572265625
31.518642578125 -0.5731968383789062 -1.75896142578125
31.518642578125 -0.4758335571289062 -1.787759033203125
31.329642578125 -0.4758335571289062 1.787759033203125
31.329642578125 -0.5731968383789062 1.75896142578125
31.329642578125 -0.6688335571289062 1.72486572265625
31.518642578125 -0.4758335571289062 1.787759033203125
31.518642578125 -0.5731968383789062 1.75896142578125
31.518642578125 -0.6688335571289062 1.72486572265625
31.329642578125 -0.3403845520019531 -1.81841650390625
31.329642578125 -0.2442229309082031 -1.833808959960938
31.329642578125 -0.1473845520019531 -1.844119750976563
31.518642578125 -0.3403845520019531 -1.81841650390625
31.518642578125 -0.2442229309082031 -1.833808959960938
31.518642578125 -0.1473845520019531 -1.844119750976563
31.329642578125 -0.1473845520019531 1.844119750976563
31.329642578125 -0.2442229309082031 1.833808959960938
31.329642578125 -0.3403845520019531 1.81841650390625
31.518642578125 -0.1473845520019531 1.844119750976563
31.518642578125 -0.2442229309082031 1.833808959960938
31.518642578125 -0.3403845520019531 1.81841650390625
31.329642578125 0.1473845520019531 -1.844119750976563
31.329642578125 0.2442229309082031 -1.833808959960938
31.329642578125 0.3403845520019531 -1.81841650390625
31.518642578125 0.1473845520019531 -1.844119750976563
31.518642578125 0.2442229309082031 -1.833808959960938
31.518642578125 0.3403845520019531 -1.81841650390625
31.329642578125 0.3403845520019531 1.81841650390625
31.329642578125 0.2442229309082031 1.833808959960938
31.329642578125 0.1473845520019531 1.844119750976563
31.518642578125 0.3403845520019531 1.81841650390625
31.518642578125 0.2442229309082031 1.833808959960938
31.518642578125 0.1473845520019531 1.844119750976563
31.329642578125 0.4758335571289062 -1.787759033203125
31.329642578125 0.5731968383789062 -1.75896142578125
31.329642578125 0.6688335571289062 -1.72486572265625
31.518642578125 0.4758335571289062 -1.787759033203125
31.518642578125 0.5731968383789062 -1.75896142578125
31.518642578125 0.6688335571289062 -1.72486572265625
31.329642578125 0.6688335571289062 1.72486572265625
31.329642578125 0.5731968383789062 1.75896142578125
31.329642578125 0.4758335571289062 1.787759033203125
31.518642578125 0.6688335571289062 1.72486572265625
31.518642578125 0.5731968383789062 1.75896142578125
31.518642578125 0.4758335571289062 1.787759033203125
31.58221484375 -1.844119750976563 -0.1473845520019531
31.58221484375 -1.833808959960938 -0.2442229309082031
31.58221484375 -1.81841650390625 -0.3403845520019531
31.77121484375 -1.844119750976563 -0.1473845520019531
31.77121484375 -1.833808959960938 -0.2442229309082031
31.77121484375 -1.81841650390625 -0.3403845520019531
31.58221484375 -1.81841650390625 0.3403845520019531
31.58221484375 -1.833808959960938 0.2442229309082031
31.58221484375 -1.844119750976563 0.1473845520019531
31.77121484375 -1.81841650390625 0.3403845520019531
31.77121484375 -1.833808959960938 0.2442229309082031
31.77121484375 -1.844119750976563 0.1473845520019531
31.58221484375 -1.787759033203125 -0.4758335571289062
31.58221484375 -1.75896142578125 -0.5731968383789062
31.58221484375 -1.72486572265625 -0.6688335571289062
31.77121484375 -1.787759033203125 -0.4758335571289062
31.77121484375 -1.75896142578125 -0.5731968383789062
31.77121484375 -1.72486572265625 -0.6688335571289062
31.58221484375 -1.72486572265625 0.6688335571289062
31.58221484375 -1.75896142578125 0.5731968383789062
31.58221484375 -1.787759033203125 0.4758335571289062
31.77121484375 -1.72486572265625 0.6688335571289062
31.77121484375 -1.75896142578125 0.5731968383789062
31.77121484375 -1.787759033203125 0.4758335571289062
31.58221484375 -0.6688335571289062 -1.72486572265625
31.58221484375 -0.5731968383789062 -1.75896142578125
31.58221484375 -0.4758335571289062 -1.787759033203125
31.77121484375 -0.6688335571289062 -1.72486572265625
31.77121484375 -0.5731968383789062 -1.75896142578125
31.77121484375 -0.4758335571289062 -1.787759033203125
31.58221484375 -0.4758335571289062 1.787759033203125
31.58221484375 -0.5731968383789062 1.75896142578125
31.58221484375 -0.6688335571289062 1.72486572265625
31.77121484375 -0.4758335571289062 1.787759033203125
31.77121484375 -0.5731968383789062 1.75896142578125
31.77121484375 -0.6688335571289062 1.72486572265625
31.58221484375 -0.3403845520019531 -1.81841650390625
31.58221484375 -0.2442229309082031 -1.833808959960938
31.58221484375 -0.1473845520019531 -1.844119750976563
31.77121484375 -0.3403845520019531 -1.81841650390625
31.77121484375 -0.2442229309082031 -1.833808959960938
31.77121484375 -0.1473845520019531 -1.844119750976563
31.58221484375 -0.1473845520019531 1.844119750976563
31.58221484375 -0.2442229309082031 1.833808959960938
31.58221484375 -0.3403845520019531 1.81841650390625
31.77121484375 -0.1473845520019531 1.844119750976563
31.77121484375 -0.2442229309082031 1.833808959960938
31.77121484375 -0.3403845520019531 1.81841650390625
31.58221484375 0.1473845520019531 -1.844119750976563
31.58221484375 0.2442229309082031 -1.833808959960938
31.58221484375 0.3403845520019531 -1.81841650390625
31.77121484375 0.1473845520019531 -1.844119750976563
31.77121484375 0.2442229309082031 -1.833808959960938
31.77121484375 0.3403845520019531 -1.81841650390625
31.58221484375 0.3403845520019531 1.81841650390625
31.58221484375 0.2442229309082031 1.833808959960938
31.58221484375 0.1473845520019531 1.844119750976563
31.77121484375 0.3403845520019531 1.81841650390625
31.77121484375 0.2442229309082031 1.833808959960938
31.77121484375 0.1473845520019531 1.844119750976563
31.58221484375 0.4758335571289062 -1.787759033203125
31.58221484375 0.5731968383789062 -1.75896142578125
31.58221484375 0.6688335571289062 -1.72486572265625
31.77121484375 0.4758335571289062 -1.787759033203125
31.77121484375 0.5731968383789062 -1.75896142578125
31.77121484375 0.6688335571289062 -1.72486572265625
31.58221484375 0.6688335571289062 1.72486572265625
31.58221484375 0.5731968383789062 1.75896142578125
31.58221484375 0.4758335571289062 1.787759033203125
31.77121484375 0.6688335571289062 1.72486572265625
31.77121484375 0.5731968383789062 1.75896142578125
31.77121484375 0.4758335571289062 1.787759033203125
31.866142578125 -1.844119750976563 -0.1473845520019531
31.866142578125 -1.833808959960938 -0.2442229309082031
31.866142578125 -1.81841650390625 -0.3403845520019531
32.055142578125 -1.844119750976563 -0.1473845520019531
32.055142578125 -1.833808959960938 -0.2442229309082031
32.055142578125 -1.81841650390625 -0.3403845520019531
31.866142578125 -1.81841650390625 0.3403845520019531
31.866142578125 -1.833808959960938 0.2442229309082031
31.866142578125 -1.844119750976563 0.1473845520019531
32.055142578125 -1.81841650390625 0.3403845520019531
32.055142578125 -1.833808959960938 0.2442229309082031
32.055142578125 -1.844119750976563 0.1473845520019531
31.866142578125 -1.787759033203125 -0.4758335571289062
31.866142578125 -1.75896142578125 -0.5731968383789062
31.866142578125 -1.72486572265625 -0.6688335571289062
32.055142578125 -1.787759033203125 -0.4758335571289062
32.055142578125 -1.75896142578125 -0.5731968383789062
32.055142578125 -1.72486572265625 -0.6688335571289062
31.866142578125 -1.72486572265625 0.6688335571289062
31.866142578125 -1.75896142578125 0.5731968383789062
31.866142578125 -1.787759033203125 0.4758335571289062
32.055142578125 -1.72486572265625 0.6688335571289062
32.055142578125 -1.75896142578125 0.5731968383789062
32.055142578125 -1.787759033203125 0.4758335571289062
31.866142578125 -0.6688335571289062 -1.72486572265625
31.866142578125 -0.5731968383789062 -1.75896142578125
31.866142578125 -0.4758335571289062 -1.787759033203125
32.055142578125 -0.6688335571289062 -1.72486572265625
32.055142578125 -0.5731968383789062 -1.75896142578125
32.055142578125 -0.4758335571289062 -1.787759033203125
31.866142578125 -0.4758335571289062 1.787759033203125
31.866142578125 -0.5731968383789062 1.75896142578125
31.866142578125 -0.6688335571289062 1.72486572265625
32.055142578125 -0.4758335571289062 1.787759033203125
32.055142578125 -0.5731968383789062 1.75896142578125
32.055142578125 -0.6688335571289062 1.72486572265625
31.866142578125 -0.3403845520019531 -1.81841650390625
31.866142578125 -0.2442229309082031 -1.833808959960938
31.866142578125 -0.1473845520019531 -1.844119750976563
32.055142578125 -0.3403845520019531 -1.81841650390625
32.055142578125 -0.2442229309082031 -1.833808959960938
32.055142578125 -0.1473845520019531 -1.844119750976563
31.866142578125 -0.1473845520019531 1.844119750976563
31.866142578125 -0.2442229309082031 1.833808959960938
31.866142578125 -0.3403845520019531 1.81841650390625
32.055142578125 -0.1473845520019531 1.844119750976563
32.055142578125 -0.2442229309082031 1.833808959960938
32.055142578125 -0.3403845520019531 1.81841650390625
31.866142578125 0.1473845520019531 -1.844119750976563
31.866142578125 0.2442229309082031 -1.833808959960938
31.866142578125 0.3403845520019531 -1.81841650390625
32.055142578125 0.1473845520019531 -1.844119750976563
32.055142578125 0.2442229309082031 -1.833808959960938
32.055142578125 0.3403845520019531 -1.81841650390625
31.866142578125 0.3403845520019531 1.81841650390625
31.866142578125 0.2442229309082031 1.833808959960938
31.866142578125 0.1473845520019531 1.844119750976563
32.055142578125 0.3403845520019531 1.81841650390625
32.055142578125 0.2442229309082031 1.833808959960938
32.055142578125 0.1473845520019531 1.844119750976563
31.866142578125 0.4758335571289062 -1.787759033203125
31.866142578125 0.5731968383789062 -1.75896142578125
31.866142578125 0.6688335571289062 -1.72486572265625
32.055142578125 0.4758335571289062 -1.787759033203125
32.055142578125 0.5731968383789062 -1.75896142578125
32.055142578125 0.6688335571289062 -1.72486572265625
31.866142578125 0.6688335571289062 1.72486572265625
31.866142578125 0.5731968383789062 1.75896142578125
31.866142578125 0.4758335571289062 1.787759033203125
32.055142578125 0.6688335571289062 1.72486572265625
32.055142578125 0.5731968383789062 1.75896142578125
32.055142578125 0.4758335571289062 1.787759033203125
32.140931640625 -1.844119750976563 -0.1473845520019531
32.140931640625 -1.833808959960938 -0.2442229309082031
32.140931640625 -1.81841650390625 -0.3403845520019531
32.329931640625 -1.844119750976563 -0.1473845520019531
32.329931640625 -1.833808959960938 -0.2442229309082031
32.329931640625 -1.81841650390625 -0.3403845520019531
32.140931640625 -1.81841650390625 0.3403845520019531
32.140931640625 -1.833808959960938 0.2442229309082031
32.140931640625 -1.844119750976563 0.1473845520019531
32.329931640625 -1.81841650390625 0.3403845520019531
32.329931640625 -1.833808959960938 0.2442229309082031
32.329931640625 -1.844119750976563 0.1473845520019531
32.140931640625 -1.787759033203125 -0.4758335571289062
32.140931640625 -1.75896142578125 -0.5731968383789062
32.140931640625 -1.72486572265625 -0.6688335571289062
32.329931640625 -1.787759033203125 -0.4758335571289062
32.329931640625 -1.75896142578125 -0.5731968383789062
32.329931640625 -1.72486572265625 -0.6688335571289062
32.140931640625 -1.72486572265625 0.6688335571289062
32.140931640625 -1.75896142578125 0.5731968383789062
32.140931640625 -1.787759033203125 0.4758335571289062
32.329931640625 -1.72486572265625 0.6688335571289062
32.329931640625 -1.75896142578125 0.5731968383789062
32.329931640625 -1.787759033203125 0.4758335571289062
32.140931640625 -0.6688335571289062 -1.72486572265625
32.140931640625 -0.5731968383789062 -1.75896142578125
32.140931640625 -0.4758335571289062 -1.787759033203125
32.329931640625 -0.6688335571289062 -1.72486572265625
32.329931640625 -0.5731968383789062 -1.75896142578125
32.329931640625 -0.4758335571289062 -1.787759033203125
32.140931640625 -0.4758335571289062 1.787759033203125
32.140931640625 -0.5731968383789062 1.75896142578125
32.140931640625 -0.6688335571289062 1.72486572265625
32.329931640625 -0.4758335571289062 1.787759033203125
32.329931640625 -0.5731968383789062 1.75896142578125
32.329931640625 -0.6688335571289062 1.72486572265625
32.140931640625 -0.3403845520019531 -1.81841650390625
32.140931640625 -0.2442229309082031 -1.833808959960938
32.140931640625 -0.1473845520019531 -1.844119750976563
32.329931640625 -0.3403845520019531 -1.81841650390625
32.329931640625 -0.2442229309082031 -1.833808959960938
32.329931640625 -0.1473845520019531 -1.844119750976563
32.140931640625 -0.1473845520019531 1.844119750976563
32.140931640625 -0.2442229309082031 1.833808959960938
32.140931640625 -0.3403845520019531 1.81841650390625
32.329931640625 -0.1473845520019531 1.844119750976563
32.329931640625 -0.2442229309082031 1.833808959960938
32.329931640625 -0.3403845520019531 1.81841650390625
32.140931640625 0.1473845520019531 -1.844119750976563
32.140931640625 0.2442229309082031 -1.833808959960938
32.140931640625 0.3403845520019531 -1.81841650390625
32.329931640625 0.1473845520019531 -1.844119750976563
32.329931640625 0.2442229309082031 -1.833808959960938
32.329931640625 0.3403845520019531 -1.81841650390625
32.140931640625 0.3403845520019531 1.81841650390625
32.140931640625 0.2442229309082031 1.833808959960938
32.140931640625 0.1473845520019531 1.844119750976563
32.329931640625 0.3403845520019531 1.81841650390625
32.329931640625 0.2442229309082031 1.833808959960938
32.329931640625 0.1473845520019531 1.844119750976563
32.140931640625 0.4758335571289062 -1.787759033203125
32.140931640625 0.5731968383789062 -1.75896142578125
32.140931640625 0.6688335571289062 -1.72486572265625
32.329931640625 0.4758335571289062 -1.787759033203125
32.329931640625 0.5731968383789062 -1.75896142578125
32.329931640625 0.6688335571289062 -1.72486572265625
32.140931640625 0.6688335571289062 1.72486572265625
32.140931640625 0.5731968383789062 1.75896142578125
32.140931640625 0.4758335571289062 1.787759033203125
32.329931640625 0.6688335571289062 1.72486572265625
32.329931640625 0.5731968383789062 1.75896142578125
32.329931640625 0.4758335571289062 1.787759033203125
32.427248046875 -1.844119750976563 -0.1473845520019531
32.427248046875 -1.833808959960938 -0.2442229309082031
32.427248046875 -1.81841650390625 -0.3403845520019531
32.616248046875 -1.844119750976563 -0.1473845520019531
32.616248046875 -1.833808959960938 -0.2442229309082031
32.616248046875 -1.81841650390625 -0.3403845520019531
32.427248046875 -1.81841650390625 0.3403845520019531
32.427248046875 -1.833808959960938 0.2442229309082031
32.427248046875 -1.844119750976563 0.1473845520019531
32.616248046875 -1.81841650390625 0.3403845520019531
32.616248046875 -1.833808959960938 0.2442229309082031
32.616248046875 -1.844119750976563 0.1473845520019531
32.427248046875 -1.787759033203125 -0.4758335571289062
32.427248046875 -1.75896142578125 -0.5731968383789062
32.427248046875 -1.72486572265625 -0.6688335571289062
32.616248046875 -1.787759033203125 -0.4758335571289062
32.616248046875 -1.75896142578125 -0.5731968383789062
32.616248046875 -1.72486572265625 -0.6688335571289062
32.427248046875 -1.72486572265625 0.6688335571289062
32.427248046875 -1.75896142578125 0.5731968383789062
32.427248046875 -1.787759033203125 0.4758335571289062
32.616248046875 -1.72486572265625 0.6688335571289062
32.616248046875 -1.75896142578125 0.5731968383789062
32.616248046875 -1.787759033203125 0.4758335571289062
32.427248046875 -0.6688335571289062 -1.72486572265625
32.427248046875 -0.5731968383789062 -1.75896142578125
32.427248046875 -0.4758335571289062 -1.787759033203125
32.616248046875 -0.6688335571289062 -1.72486572265625
32.616248046875 -0.5731968383789062 -1.75896142578125
32.616248046875 -0.4758335571289062 -1.787759033203125
32.427248046875 -0.4758335571289062 1.787759033203125
32.427248046875 -0.5731968383789062 1.75896142578125
32.427248046875 -0.6688335571289062 1.72486572265625
32.616248046875 -0.4758335571289062 1.787759033203125
32.616248046875 -0.5731968383789062 1.75896142578125
32.616248046875 -0.6688335571289062 1.72486572265625
32.427248046875 -0.3403845520019531 -1.81841650390625
32.427248046875 -0.2442229309082031 -1.833808959960938
32.427248046875 -0.1473845520019531 -1.844119750976563
32.616248046875 -0.3403845520019531 -1.81841650390625
32.616248046875 -0.2442229309082031 -1.833808959960938
32.616248046875 -0.1473845520019531 -1.844119750976563
32.427248046875 -0.1473845520019531 1.844119750976563
32.427248046875 -0.2442229309082031 1.833808959960938
32.427248046875 -0.3403845520019531 1.81841650390625
32.616248046875 -0.1473845520019531 1.844119750976563
32.616248046875 -0.2442229309082031 1.833808959960938
32.616248046875 -0.3403845520019531 1.81841650390625
32.427248046875 0.1473845520019531 -1.844119750976563
32.427248046875 0.2442229309082031 -1.833808959960938
32.427248046875 0.3403845520019531 -1.81841650390625
32.616248046875 0.1473845520019531 -1.844119750976563
32.616248046875 0.2442229309082031 -1.833808959960938
32.616248046875 0.3403845520019531 -1.81841650390625
32.427248046875 0.3403845520019531 1.81841650390625
32.427248046875 0.2442229309082031 1.833808959960938
32.427248046875 0.1473845520019531 1.844119750976563
32.616248046875 0.3403845520019531 1.81841650390625
32.616248046875 0.2442229309082031 1.833808959960938
32.616248046875 0.1473845520019531 1.844119750976563
32.427248046875 0.4758335571289062 -1.787759033203125
32.427248046875 0.5731968383789062 -1.75896142578125
32.427248046875 0.6688335571289062 -1.72486572265625
32.616248046875 0.4758335571289062 -1.787759033203125
32.616248046875 0.5731968383789062 -1.75896142578125
32.616248046875 0.6688335571289062 -1.72486572265625
32.427248046875 0.6688335571289062 1.72486572265625
32.427248046875 0.5731968383789062 1.75896142578125
32.427248046875 0.4758335571289062 1.787759033203125
32.616248046875 0.6688335571289062 1.72486572265625
32.616248046875 0.5731968383789062 1.75896142578125
32.616248046875 0.4758335571289062 1.787759033203125
32.68790625 -1.844119750976563 -0.1473845520019531
32.68790625 -1.833808959960938 -0.2442229309082031
32.68790625 -1.81841650390625 -0.3403845520019531
32.87690625 -1.844119750976563 -0.1473845520019531
32.87690625 -1.833808959960938 -0.2442229309082031
32.87690625 -1.81841650390625 -0.3403845520019531
32.68790625 -1.81841650390625 0.3403845520019531
32.68790625 -1.833808959960938 0.2442229309082031
32.68790625 -1.844119750976563 0.1473845520019531
32.87690625 -1.81841650390625 0.3403845520019531
32.87690625 -1.833808959960938 0.2442229309082031
32.87690625 -1.844119750976563 0.1473845520019531
32.68790625 -1.787759033203125 -0.4758335571289062
32.68790625 -1.75896142578125 -0.5731968383789062
32.68790625 -1.72486572265625 -0.6688335571289062
32.87690625 -1.787759033203125 -0.4758335571289062
32.87690625 -1.75896142578125 -0.5731968383789062
32.87690625 -1.72486572265625 -0.6688335571289062
32.68790625 -1.72486572265625 0.6688335571289062
32.68790625 -1.75896142578125 0.5731968383789062
32.68790625 -1.787759033203125 0.4758335571289062
32.87690625 -1.72486572265625 0.6688335571289062
32.87690625 -1.75896142578125 0.5731968383789062
32.87690625 -1.787759033203125 0.4758335571289062
32.68790625 -0.6688335571289062 -1.72486572265625
32.68790625 -0.5731968383789062 -1.75896142578125
32.68790625 -0.4758335571289062 -1.787759033203125
32.87690625 -0.6688335571289062 -1.72486572265625
32.87690625 -0.5731968383789062 -1.75896142578125
32.87690625 -0.4758335571289062 -1.787759033203125
32.68790625 -0.4758335571289062 1.787759033203125
32.68790625 -0.5731968383789062 1.75896142578125
32.68790625 -0.6688335571289062 1.72486572265625
32.87690625 -0.4758335571289062 1.787759033203125
32.87690625 -0.5731968383789062 1.75896142578125
32.87690625 -0.6688335571289062 1.72486572265625
32.68790625 -0.3403845520019531 -1.81841650390625
32.68790625 -0.2442229309082031 -1.833808959960938
32.68790625 -0.1473845520019531 -1.844119750976563
32.87690625 -0.3403845520019531 -1.81841650390625
32.87690625 -0.2442229309082031 -1.833808959960938
32.87690625 -0.1473845520019531 -1.844119750976563
32.68790625 -0.1473845520019531 1.844119750976563
32.68790625 -0.2442229309082031 1.833808959960938
32.68790625 -0.3403845520019531 1.81841650390625
32.87690625 -0.1473845520019531 1.844119750976563
32.87690625 -0.2442229309082031 1.833808959960938
32.87690625 -0.3403845520019531 1.81841650390625
32.68790625 0.1473845520019531 -1.844119750976563
32.68790625 0.2442229309082031 -1.833808959960938
32.68790625 0.3403845520019531 -1.81841650390625
32.87690625 0.1473845520019531 -1.844119750976563
32.87690625 0.2442229309082031 -1.833808959960938
32.87690625 0.3403845520019531 -1.81841650390625
32.68790625 0.3403845520019531 1.81841650390625
32.68790625 0.2442229309082031 1.833808959960938
32.68790625 0.1473845520019531 1.844119750976563
32.87690625 0.3403845520019531 1.81841650390625
32.87690625 0.2442229309082031 1.833808959960938
32.87690625 0.1473845520019531 1.844119750976563
32.68790625 0.4758335571289062 -1.787759033203125
32.68790625 0.5731968383789062 -1.75896142578125
32.68790625 0.6688335571289062 -1.72486572265625
32.87690625 0.4758335571289062 -1.787759033203125
32.87690625 0.5731968383789062 -1.75896142578125
32.87690625 0.6688335571289062 -1.72486572265625
32.68790625 0.6688335571289062 1.72486572265625
32.68790625 0.5731968383789062 1.75896142578125
32.68790625 0.4758335571289062 1.787759033203125
32.87690625 0.6688335571289062 1.72486572265625
32.87690625 0.5731968383789062 1.75896142578125
32.87690625 0.4758335571289062 1.787759033203125
32.9680546875 -1.844119750976563 -0.1473845520019531
32.9680546875 -1.833808959960938 -0.2442229309082031
32.9680546875 -1.81841650390625 -0.3403845520019531
33.1570546875 -1.844119750976563 -0.1473845520019531
33.1570546875 -1.833808959960938 -0.2442229309082031
33.1570546875 -1.81841650390625 -0.3403845520019531
32.9680546875 -1.81841650390625 0.3403845520019531
32.9680546875 -1.833808959960938 0.2442229309082031
32.9680546875 -1.844119750976563 0.1473845520019531
33.1570546875 -1.81841650390625 0.3403845520019531
33.1570546875 -1.833808959960938 0.2442229309082031
33.1570546875 -1.844119750976563 0.1473845520019531
32.9680546875 -1.787759033203125 -0.4758335571289062
32.9680546875 -1.75896142578125 -0.5731968383789062
32.9680546875 -1.72486572265625 -0.6688335571289062
33.1570546875 -1.787759033203125 -0.4758335571289062
33.1570546875 -1.75896142578125 -0.5731968383789062
33.1570546875 -1.72486572265625 -0.6688335571289062
32.9680546875 -1.72486572265625 0.6688335571289062
32.9680546875 -1.75896142578125 0.5731968383789062
32.9680546875 -1.787759033203125 0.4758335571289062
33.1570546875 -1.72486572265625 0.6688335571289062
33.1570546875 -1.75896142578125 0.5731968383789062
33.1570546875 -1.787759033203125 0.4758335571289062
32.9680546875 -0.6688335571289062 -1.72486572265625
32.9680546875 -0.5731968383789062 -1.75896142578125
32.9680546875 -0.4758335571289062 -1.787759033203125
33.1570546875 -0.6688335571289062 -1.72486572265625
33.1570546875 -0.5731968383789062 -1.75896142578125
33.1570546875 -0.4758335571289062 -1.787759033203125
32.9680546875 -0.4758335571289062 1.787759033203125
32.9680546875 -0.5731968383789062 1.75896142578125
32.9680546875 -0.6688335571289062 1.72486572265625
33.1570546875 -0.4758335571289062 1.787759033203125
33.1570546875 -0.5731968383789062 1.75896142578125
33.1570546875 -0.6688335571289062 1.72486572265625
32.9680546875 -0.3403845520019531 -1.81841650390625
32.9680546875 -0.2442229309082031 -1.833808959960938
32.9680546875 -0.1473845520019531 -1.844119750976563
33.1570546875 -0.3403845520019531 -1.81841650390625
33.1570546875 -0.2442229309082031 -1.833808959960938
33.1570546875 -0.1473845520019531 -1.844119750976563
32.9680546875 -0.1473845520019531 1.844119750976563
32.9680546875 -0.2442229309082031 1.833808959960938
32.9680546875 -0.3403845520019531 1.81841650390625
33.1570546875 -0.1473845520019531 1.844119750976563
33.1570546875 -0.2442229309082031 1.833808959960938
33.1570546875 -0.3403845520019531 1.81841650390625
32.9680546875 0.1473845520019531 -1.844119750976563
32.9680546875 0.2442229309082031 -1.833808959960938
32.9680546875 0.3403845520019531 -1.81841650390625
33.1570546875 0.1473845520019531 -1.844119750976563
33.1570546875 0.2442229309082031 -1.833808959960938
33.1570546875 0.3403845520019531 -1.81841650390625
32.9680546875 0.3403845520019531 1.81841650390625
32.9680546875 0.2442229309082031 1.833808959960938
32.9680546875 0.1473845520019531 1.844119750976563
33.1570546875 0.3403845520019531 1.81841650390625
33.1570546875 0.2442229309082031 1.833808959960938
33.1570546875 0.1473845520019531 1.844119750976563
32.9680546875 0.4758335571289062 -1.787759033203125
32.9680546875 0.5731968383789062 -1.75896142578125
32.9680546875 0.6688335571289062 -1.72486572265625
33.1570546875 0.4758335571289062 -1.787759033203125
33.1570546875 0.5731968383789062 -1.75896142578125
33.1570546875 0.6688335571289062 -1.72486572265625
32.9680546875 0.6688335571289062 1.72486572265625
32.9680546875 0.5731968383789062 1.75896142578125
32.9680546875 0.4758335571289062 1.787759033203125
33.1570546875 0.6688335571289062 1.72486572265625
33.1570546875 0.5731968383789062 1.75896142578125
33.1570546875 0.4758335571289062 1.787759033203125
33.2384609375 -1.844119750976563 -0.1473845520019531
33.2384609375 -1.833808959960938 -0.2442229309082031
33.2384609375 -1.81841650390625 -0.3403845520019531
33.4274609375 -1.844119750976563 -0.1473845520019531
33.4274609375 -1.833808959960938 -0.2442229309082031
33.4274609375 -1.81841650390625 -0.3403845520019531
33.2384609375 -1.81841650390625 0.3403845520019531
33.2384609375 -1.833808959960938 0.2442229309082031
33.2384609375 -1.844119750976563 0.1473845520019531
33.4274609375 -1.81841650390625 0.3403845520019531
33.4274609375 -1.833808959960938 0.2442229309082031
33.4274609375 -1.844119750976563 0.1473845520019531
33.2384609375 -1.787759033203125 -0.4758335571289062
33.2384609375 -1.75896142578125 -0.5731968383789062
33.2384609375 -1.72486572265625 -0.6688335571289062
33.4274609375 -1.787759033203125 -0.4758335571289062
33.4274609375 -1.75896142578125 -0.5731968383789062
33.4274609375 -1.72486572265625 -0.6688335571289062
33.2384609375 -1.72486572265625 0.6688335571289062
33.2384609375 -1.75896142578125 0.5731968383789062
33.2384609375 -1.787759033203125 0.4758335571289062
33.4274609375 -1.72486572265625 0.6688335571289062
33.4274609375 -1.75896142578125 0.5731968383789062
33.4274609375 -1.787759033203125 0.4758335571289062
33.2384609375 -0.6688335571289062 -1.72486572265625
33.2384609375 -0.5731968383789062 -1.75896142578125
33.2384609375 -0.4758335571289062 -1.787759033203125
33.4274609375 -0.6688335571289062 -1.72486572265625
33.4274609375 -0.5731968383789062 -1.75896142578125
33.4274609375 -0.4758335571289062 -1.787759033203125
33.2384609375 -0.4758335571289062 1.787759033203125
33.2384609375 -0.5731968383789062 1.75896142578125
33.2384609375 -0.6688335571289062 1.72486572265625
33.4274609375 -0.4758335571289062 1.787759033203125
33.4274609375 -0.5731968383789062 1.75896142578125
33.4274609375 -0.6688335571289062 1.72486572265625
33.2384609375 -0.3403845520019531 -1.81841650390625
33.2384609375 -0.2442229309082031 -1.833808959960938
33.2384609375 -0.1473845520019531 -1.844119750976563
33.4274609375 -0.3403845520019531 -1.81841650390625
33.4274609375 -0.2442229309082031 -1.833808959960938
33.4274609375 -0.1473845520019531 -1.844119750976563
33.2384609375 -0.1473845520019531 1.844119750976563
33.2384609375 -0.2442229309082031 1.833808959960938
33.2384609375 -0.3403845520019531 1.81841650390625
33.4274609375 -0.1473845520019531 1.844119750976563
33.4274609375 -0.2442229309082031 1.833808959960938
33.4274609375 -0.3403845520019531 1.81841650390625
33.2384609375 0.1473845520019531 -1.844119750976563
33.2384609375 0.2442229309082031 -1.833808959960938
33.2384609375 0.3403845520019531 -1.81841650390625
33.4274609375 0.1473845520019531 -1.844119750976563
33.4274609375 0.2442229309082031 -1.833808959960938
33.4274609375 0.3403845520019531 -1.81841650390625
33.2384609375 0.3403845520019531 1.81841650390625
33.2384609375 0.2442229309082031 1.833808959960938
33.2384609375 0.1473845520019531 1.844119750976563
33.4274609375 0.3403845520019531 1.81841650390625
33.4274609375 0.2442229309082031 1.833808959960938
33.4274609375 0.1473845520019531 1.844119750976563
33.2384609375 0.4758335571289062 -1.787759033203125
33.2384609375 0.5731968383789062 -1.75896142578125
33.2384609375 0.6688335571289062 -1.72486572265625
33.4274609375 0.4758335571289062 -1.787759033203125
33.4274609375 0.5731968383789062 -1.75896142578125
33.4274609375 0.6688335571289062 -1.72486572265625
33.2384609375 0.6688335571289062 1.72486572265625
33.2384609375 0.5731968383789062 1.75896142578125
33.2384609375 0.4758335571289062 1.787759033203125
33.4274609375 0.6688335571289062 1.72486572265625
33.4274609375 0.5731968383789062 1.75896142578125
33.4274609375 0.4758335571289062 1.787759033203125
33.5065703125 -1.844119750976563 -0.1473845520019531
33.5065703125 -1.833808959960938 -0.2442229309082031
33.5065703125 -1.81841650390625 -0.3403845520019531
33.6955703125 -1.844119750976563 -0.1473845520019531
33.6955703125 -1.833808959960938 -0.2442229309082031
33.6955703125 -1.81841650390625 -0.3403845520019531
33.5065703125 -1.81841650390625 0.3403845520019531
33.5065703125 -1.833808959960938 0.2442229309082031
33.5065703125 -1.844119750976563 0.1473845520019531
33.6955703125 -1.81841650390625 0.3403845520019531
33.6955703125 -1.833808959960938 0.2442229309082031
33.6955703125 -1.844119750976563 0.1473845520019531
33.5065703125 -1.787759033203125 -0.4758335571289062
33.5065703125 -1.75896142578125 -0.5731968383789062
33.5065703125 -1.72486572265625 -0.6688335571289062
33.6955703125 -1.787759033203125 -0.4758335571289062
33.6955703125 -1.75896142578125 -0.5731968383789062
33.6955703125 -1.72486572265625 -0.6688335571289062
33.5065703125 -1.72486572265625 0.6688335571289062
33.5065703125 -1.75896142578125 0.5731968383789062
33.5065703125 -1.787759033203125 0.4758335571289062
33.6955703125 -1.72486572265625 0.6688335571289062
33.6955703125 -1.75896142578125 0.5731968383789062
33.6955703125 -1.787759033203125 0.4758335571289062
33.5065703125 -0.6688335571289062 -1.72486572265625
33.5065703125 -0.5731968383789062 -1.75896142578125
33.5065703125 -0.4758335571289062 -1.787759033203125
33.6955703125 -0.6688335571289062 -1.72486572265625
33.6955703125 -0.5731968383789062 -1.75896142578125
33.6955703125 -0.4758335571289062 -1.787759033203125
33.5065703125 -0.4758335571289062 1.787759033203125
33.5065703125 -0.5731968383789062 1.75896142578125
33.5065703125 -0.6688335571289062 1.72486572265625
33.6955703125 -0.4758335571289062 1.787759033203125
33.6955703125 -0.5731968383789062 1.75896142578125
33.6955703125 -0.6688335571289062 1.72486572265625
33.5065703125 -0.3403845520019531 -1.81841650390625
33.5065703125 -0.2442229309082031 -1.833808959960938
33.5065703125 -0.1473845520019531 -1.844119750976563
33.6955703125 -0.3403845520019531 -1.81841650390625
33.6955703125 -0.2442229309082031 -1.833808959960938
33.6955703125 -0.1473845520019531 -1.844119750976563
33.5065703125 -0.1473845520019531 1.844119750976563
33.5065703125 -0.2442229309082031 1.833808959960938
33.5065703125 -0.3403845520019531 1.81841650390625
33.6955703125 -0.1473845520019531 1.844119750976563
33.6955703125 -0.2442229309082031 1.833808959960938
33.6955703125 -0.3403845520019531 1.81841650390625
33.5065703125 0.1473845520019531 -1.844119750976563
33.5065703125 0.2442229309082031 -1.833808959960938
33.5065703125 0.3403845520019531 -1.81841650390625
33.6955703125 0.1473845520019531 -1.844119750976563
33.6955703125 0.2442229309082031 -1.833808959960938
33.6955703125 0.3403845520019531 -1.81841650390625
33.5065703125 0.3403845520019531 1.81841650390625
33.5065703125 0.2442229309082031 1.833808959960938
33.5065703125 0.1473845520019531 1.844119750976563
33.6955703125 0.3403845520019531 1.81841650390625
33.6955703125 0.2442229309082031 1.833808959960938
33.6955703125 0.1473845520019531 1.844119750976563
33.5065703125 0.4758335571289062 -1.787759033203125
33.5065703125 0.5731968383789062 -1.75896142578125
33.5065703125 0.6688335571289062 -1.72486572265625
33.6955703125 0.4758335571289062 -1.787759033203125
33.6955703125 0.5731968383789062 -1.75896142578125
33.6955703125 0.6688335571289062 -1.72486572265625
33.5065703125 0.6688335571289062 1.72486572265625
33.5065703125 0.5731968383789062 1.75896142578125
33.5065703125 0.4758335571289062 1.787759033203125
33.6955703125 0.6688335571289062 1.72486572265625
33.6955703125 0.5731968383789062 1.75896142578125
33.6955703125 0.4758335571289062 1.787759033203125
33.77048046875 -1.844119750976563 -0.1473845520019531
33.77048046875 -1.833808959960938 -0.2442229309082031
33.77048046875 -1.81841650390625 -0.3403845520019531
33.95948046875 -1.844119750976563 -0.1473845520019531
33.95948046875 -1.833808959960938 -0.2442229309082031
33.95948046875 -1.81841650390625 -0.3403845520019531
33.77048046875 -1.81841650390625 0.3403845520019531
33.77048046875 -1.833808959960938 0.2442229309082031
33.77048046875 -1.844119750976563 0.1473845520019531
33.95948046875 -1.81841650390625 0.3403845520019531
33.95948046875 -1.833808959960938 0.2442229309082031
33.95948046875 -1.844119750976563 0.1473845520019531
33.77048046875 -1.787759033203125 -0.4758335571289062
33.77048046875 -1.75896142578125 -0.5731968383789062
33.77048046875 -1.72486572265625 -0.6688335571289062
33.95948046875 -1.787759033203125 -0.4758335571289062
33.95948046875 -1.75896142578125 -0.5731968383789062
33.95948046875 -1.72486572265625 -0.6688335571289062
33.77048046875 -1.72486572265625 0.6688335571289062
33.77048046875 -1.75896142578125 0.5731968383789062
33.77048046875 -1.787759033203125 0.4758335571289062
33.95948046875 -1.72486572265625 0.6688335571289062
33.95948046875 -1.75896142578125 0.5731968383789062
33.95948046875 -1.787759033203125 0.4758335571289062
33.77048046875 -0.6688335571289062 -1.72486572265625
33.77048046875 -0.5731968383789062 -1.75896142578125
33.77048046875 -0.4758335571289062 -1.787759033203125
33.95948046875 -0.6688335571289062 -1.72486572265625
33.95948046875 -0.5731968383789062 -1.75896142578125
33.95948046875 -0.4758335571289062 -1.787759033203125
33.77048046875 -0.4758335571289062 1.787759033203125
33.77048046875 -0.5731968383789062 1.75896142578125
33.77048046875 -0.6688335571289062 1.72486572265625
33.95948046875 -0.4758335571289062 1.787759033203125
33.95948046875 -0.5731968383789062 1.75896142578125
33.95948046875 -0.6688335571289062 1.72486572265625
33.77048046875 -0.3403845520019531 -1.81841650390625
33.77048046875 -0.2442229309082031 -1.833808959960938
33.77048046875 -0.1473845520019531 -1.844119750976563
33.95948046875 -0.3403845520019531 -1.81841650390625
33.95948046875 -0.2442229309082031 -1.833808959960938
33.95948046875 -0.1473845520019531 -1.844119750976563
33.77048046875 -0.1473845520019531 1.844119750976563
33.77048046875 -0.2442229309082031 1.833808959960938
33.77048046875 -0.3403845520019531 1.81841650390625
33.95948046875 -0.1473845520019531 1.844119750976563
33.95948046875 -0.2442229309082031 1.833808959960938
33.95948046875 -0.3403845520019531 1.81841650390625
33.77048046875 0.1473845520019531 -1.844119750976563
33.77048046875 0.2442229309082031 -1.833808959960938
33.77048046875 0.3403845520019531 -1.81841650390625
33.95948046875 0.1473845520019531 -1.844119750976563
33.95948046875 0.2442229309082031 -1.833808959960938
33.95948046875 0.3403845520019531 -1.81841650390625
33.77048046875 0.3403845520019531 1.81841650390625
33.77048046875 0.2442229309082031 1.833808959960938
33.77048046875 0.1473845520019531 1.844119750976563
33.95948046875 0.3403845520019531 1.81841650390625
33.95948046875 0.2442229309082031 1.833808959960938
33.95948046875 0.1473845520019531 1.844119750976563
33.77048046875 0.4758335571289062 -1.787759033203125
33.77048046875 0.5731968383789062 -1.75896142578125
33.77048046875 0.6688335571289062 -1.72486572265625
33.95948046875 0.4758335571289062 -1.787759033203125
33.95948046875 0.5731968383789062 -1.75896142578125
33.95948046875 0.6688335571289062 -1.72486572265625
33.77048046875 0.6688335571289062 1.72486572265625
33.77048046875 0.5731968383789062 1.75896142578125
33.77048046875 0.4758335571289062 1.787759033203125
33.95948046875 0.6688335571289062 1.72486572265625
33.95948046875 0.5731968383789062 1.75896142578125
33.95948046875 0.4758335571289062 1.787759033203125
34.0397109375 -1.844119750976563 -0.1473845520019531
34.0397109375 -1.833808959960938 -0.2442229309082031
34.0397109375 -1.81841650390625 -0.3403845520019531
34.2287109375 -1.844119750976563 -0.1473845520019531
34.2287109375 -1.833808959960938 -0.2442229309082031
34.2287109375 -1.81841650390625 -0.3403845520019531
34.0397109375 -1.81841650390625 0.3403845520019531
34.0397109375 -1.833808959960938 0.2442229309082031
34.0397109375 -1.844119750976563 0.1473845520019531
34.2287109375 -1.81841650390625 0.3403845520019531
34.2287109375 -1.833808959960938 0.2442229309082031
34.2287109375 -1.844119750976563 0.1473845520019531
34.0397109375 -1.787759033203125 -0.4758335571289062
34.0397109375 -1.75896142578125 -0.5731968383789062
34.0397109375 -1.72486572265625 -0.6688335571289062
34.2287109375 -1.787759033203125 -0.4758335571289062
34.2287109375 -1.75896142578125 -0.5731968383789062
34.2287109375 -1.72486572265625 -0.6688335571289062
34.0397109375 -1.72486572265625 0.6688335571289062
34.0397109375 -1.75896142578125 0.5731968383789062
34.0397109375 -1.787759033203125 0.4758335571289062
34.2287109375 -1.72486572265625 0.6688335571289062
34.2287109375 -1.75896142578125 0.5731968383789062
34.2287109375 -1.787759033203125 0.4758335571289062
34.0397109375 -0.6688335571289062 -1.72486572265625
34.0397109375 -0.5731968383789062 -1.75896142578125
34.0397109375 -0.4758335571289062 -1.787759033203125
34.2287109375 -0.6688335571289062 -1.72486572265625
34.2287109375 -0.5731968383789062 -1.75896142578125
34.2287109375 -0.4758335571289062 -1.787759033203125
34.0397109375 -0.4758335571289062 1.787759033203125
34.0397109375 -0.5731968383789062 1.75896142578125
34.0397109375 -0.6688335571289062 1.72486572265625
34.2287109375 -0.4758335571289062 1.787759033203125
34.2287109375 -0.5731968383789062 1.75896142578125
34.2287109375 -0.6688335571289062 1.72486572265625
34.0397109375 -0.3403845520019531 -1.81841650390625
34.0397109375 -0.2442229309082031 -1.833808959960938
34.0397109375 -0.1473845520019531 -1.844119750976563
34.2287109375 -0.3403845520019531 -1.81841650390625
34.2287109375 -0.2442229309082031 -1.833808959960938
34.2287109375 -0.1473845520019531 -1.844119750976563
34.0397109375 -0.1473845520019531 1.844119750976563
34.0397109375 -0.2442229309082031 1.833808959960938
34.0397109375 -0.3403845520019531 1.81841650390625
34.2287109375 -0.1473845520019531 1.844119750976563
34.2287109375 -0.2442229309082031 1.833808959960938
34.2287109375 -0.3403845520019531 1.81841650390625
34.0397109375 0.1473845520019531 -1.844119750976563
34.0397109375 0.2442229309082031 -1.833808959960938
34.0397109375 0.3403845520019531 -1.81841650390625
34.2287109375 0.1473845520019531 -1.844119750976563
34.2287109375 0.2442229309082031 -1.833808959960938
34.2287109375 0.3403845520019531 -1.81841650390625
34.0397109375 0.3403845520019531 1.81841650390625
34.0397109375 0.2442229309082031 1.833808959960938
34.0397109375 0.1473845520019531 1.844119750976563
34.2287109375 0.3403845520019531 1.81841650390625
34.2287109375 0.2442229309082031 1.833808959960938
34.2287109375 0.1473845520019531 1.844119750976563
34.0397109375 0.4758335571289062 -1.787759033203125
34.0397109375 0.5731968383789062 -1.75896142578125
34.0397109375 0.6688335571289062 -1.72486572265625
34.2287109375 0.4758335571289062 -1.787759033203125
34.2287109375 0.5731968383789062 -1.75896142578125
34.2287109375 0.6688335571289062 -1.72486572265625
34.0397109375 0.6688335571289062 1.72486572265625
34.0397109375 0.5731968383789062 1.75896142578125
34.0397109375 0.4758335571289062 1.787759033203125
34.2287109375 0.6688335571289062 1.72486572265625
34.2287109375 0.5731968383789062 1.75896142578125
34.2287109375 0.4758335571289062 1.787759033203125
-0.6 1.380412963867188 0.461
-0.6 1.594650390625 0.4081952209472656
-0.6 1.75980859375 0.2618778381347656
-0.6 1.8380517578125 0.05556740951538086
-0.6 1.811455444335938 -0.1634728546142578
-0.6 1.686112548828125 -0.3450634460449219
-0.6 1.490737548828125 -0.4476041870117188
-0.6 1.270088500976563 -0.4476041870117188
-0.6 1.074713500976562 -0.3450634460449219
-0.6 0.9493705444335938 -0.1634728546142578
-0.6 0.9227742309570313 0.05556740951538086
-0.6 1.001017456054688 0.2618778381347656
-0.6 1.166175659179687 0.4081952209472656
-0.3000060119628906 1.380412963867188 0.3730017700195313
-0.3000060119628906 1.553755615234375 0.3302766418457032
-0.3000060119628906 1.687387451171875 0.2118891448974609
-0.3000060119628906 1.750695190429687 0.04496039199829101
-0.3000060119628906 1.729175659179688 -0.1322682495117188
-0.3000060119628906 1.627758911132813 -0.2791958312988281
-0.3000060119628906 1.46967822265625 -0.3621629943847656
-0.3000060119628906 1.291147827148438 -0.3621629943847656
-0.3000060119628906 1.133067138671875 -0.2791958312988281
-0.3000060119628906 1.031650268554688 -0.1322682495117188
-0.3000060119628906 1.010130859375 0.04496039199829101
-0.3000060119628906 1.073438598632813 0.2118891448974609
-0.3000060119628906 1.207070434570312 0.3302766418457032
-0.6 -0.8458085937500001 -1.18434326171875
-0.6 -1.050168090820313 -1.267548828125
-0.6 -1.269787109375 -1.246253173828125
-0.6 -1.454353393554688 -1.125334716796875
-0.6 -1.561585205078125 -0.9324945068359375
-0.6 -1.566916870117188 -0.711909912109375
-0.6 -1.469127075195312 -0.5141141357421876
-0.6 -1.290618286132813 -0.3844198913574219
-0.6 -1.07228466796875 -0.3525385131835937
-0.6 -0.864143798828125 -0.425773681640625
-0.6 -0.7138782958984375 -0.5873480834960938
-0.6 -0.6559121704101563 -0.8002469482421876
-0.6 -0.7035247802734376 -1.015697692871094
-0.6 -0.01186597537994385 1.4553076171875
-0.6 0.1045573425292969 1.642741943359375
-0.6 0.2947501220703125 1.754602172851563
-0.6 0.5151414794921875 1.765262451171875
-0.6 0.7152424316406251 1.672280639648438
-0.6 0.8492122802734375 1.496957885742187
-0.6 0.886360107421875 1.279458374023438
-0.6 0.81817578125 1.069608642578125
-0.6 0.660279541015625 0.9154827880859375
-0.6 0.4488435363769531 0.8523890991210937
-0.6 0.2323051605224609 0.8947816772460938
-0.6 0.06027076721191407 1.032948852539062
-0.6 -0.0278486442565918 1.235238159179687
-0.6 -1.38774658203125 0.4384295654296875
-0.6 -1.530030395507813 0.6070751342773437
-0.6 -1.577642944335937 0.8225258789062501
-0.6 -1.519676879882813 1.0354248046875
-0.6 -1.369411376953125 1.196999145507813
-0.6 -1.1612705078125 1.270234252929688
-0.6 -0.9429368896484375 1.238352905273437
-0.6 -0.7644280395507813 1.10865869140625
-0.6 -0.6666382446289063 0.9108629150390625
-0.6 -0.671969970703125 0.6902783203125
-0.6 -0.7792017211914063 0.4974381103515625
-0.6 -0.96376806640625 0.3765196533203125
-0.6 -1.183387084960938 0.3552239685058594
-0.6 0.8650081176757812 -1.170393920898438
-0.6 0.8809907836914063 -1.39046337890625
-0.6 0.7928713989257813 -1.592752685546875
-0.6 0.6208369750976562 -1.730919921875
-0.6 0.4042986145019531 -1.7733125
-0.6 0.1928625793457031 -1.71021875
-0.6 0.03496636199951172 -1.556092895507813
-0.6 -0.03321794509887695 -1.346243286132813
-0.6 0.003929876565933228 -1.12874365234375
-0.6 0.1378997039794922 -0.9534208984375
-0.6 0.3380006713867187 -0.8604391479492187
-0.6 0.5583920288085937 -0.8710994873046876
-0.6 0.7485848388671875 -0.9829596557617187
-0.3000060119628906 -1.3360224609375 0.5096216430664062
-0.3000060119628906 -1.451146362304688 0.6460751953125
-0.3000060119628906 -1.48967041015625 0.8203995361328125
-0.3000060119628906 -1.442769165039063 0.9926590576171875
-0.3000060119628906 -1.321187255859375 1.123391235351562
-0.3000060119628906 -1.152777465820312 1.182646850585938
-0.3000060119628906 -0.9761205444335938 1.156851196289063
-0.3000060119628906 -0.8316864624023438 1.051913696289063
-0.3000060119628906 -0.7525633544921875 0.891874267578125
-0.3000060119628906 -0.7568773193359375 0.7133961181640626
-0.3000060119628906 -0.8436400756835938 0.5573662719726563
-0.3000060119628906 -0.992975341796875 0.4595294494628906
-0.3000060119628906 -1.170672241210938 0.4422987670898438
-0.3000060119628906 -0.8975326538085938 -1.113151123046875
-0.3000060119628906 -1.062882934570313 -1.180473999023437
-0.3000060119628906 -1.240579833984375 -1.163243408203125
-0.3000060119628906 -1.3899150390625 -1.065406494140625
-0.3000060119628906 -1.476677856445312 -0.9093767089843751
-0.3000060119628906 -1.480991821289062 -0.7308984985351563
-0.3000060119628906 -1.40186865234375 -0.570859130859375
-0.3000060119628906 -1.2574345703125 -0.465921630859375
-0.3000060119628906 -1.080777709960937 -0.4401259460449219
-0.3000060119628906 -0.9123679809570313 -0.4993815612792969
-0.3000060119628906 -0.7907859497070313 -0.63011376953125
-0.3000060119628906 -0.7438847045898438 -0.802373291015625
-0.3000060119628906 -0.7824087524414063 -0.9766976318359375
-0.3000060119628906 0.07182532501220704 1.428114624023437
-0.3000060119628906 0.1660251159667969 1.5797705078125
-0.3000060119628906 0.319912841796875 1.670278198242187
-0.3000060119628906 0.4982346801757813 1.678903564453125
-0.3000060119628906 0.6601392822265625 1.603670654296875
-0.3000060119628906 0.7685361938476563 1.461814453125
-0.3000060119628906 0.7985930175781251 1.28583251953125
-0.3000060119628906 0.7434241333007813 1.1160400390625
-0.3000060119628906 0.61566796875 0.9913345947265625
-0.3000060119628906 0.444592041015625 0.9402846069335937
-0.3000060119628906 0.2693877258300781 0.9745850830078125
-0.3000060119628906 0.1301921997070312 1.086378051757813
-0.3000060119628906 0.05889351654052735 1.250053344726562
-0.3000060119628906 0.7813168334960938 -1.1975869140625
-0.3000060119628906 0.7942486572265626 -1.375648315429687
-0.3000060119628906 0.722949951171875 -1.539323486328125
-0.3000060119628906 0.5837544555664063 -1.651116577148438
-0.3000060119628906 0.4085501098632813 -1.6854169921875
-0.3000060119628906 0.2374741668701172 -1.634366943359375
-0.3000060119628906 0.1097180404663086 -1.509661499023438
-0.3000060119628906 0.05454913711547852 -1.339869140625
-0.3000060119628906 0.0846059799194336 -1.163887084960938
-0.3000060119628906 0.1930028991699219 -1.022030883789063
-0.3000060119628906 0.354907470703125 -0.9467979736328125
-0.3000060119628906 0.5332293090820313 -0.9554234008789063
-0.3000060119628906 0.6871170654296875 -1.04593115234375
35.2 2.388061265661684e-16 1.95
35.2 -0.4497009582519531 1.8974375
35.2 -0.8751583862304688 1.742583618164063
35.2 -1.253435791015625 1.49378662109375
35.2 -1.564140258789062 1.164459228515625
35.2 -1.790521362304688 0.7723555297851563
35.2 -1.920375122070312 0.3386139526367188
35.2 -1.946700927734375 -0.1133824157714844
35.2 -1.86807958984375 -0.5592662963867188
35.2 -1.68874951171875 -0.975
35.2 -1.418378540039062 -1.338171142578125
35.2 -1.07154248046875 -1.629201171875
35.2 -0.6669392700195312 -1.832400634765625
35.2 -0.2263811798095703 -1.936814819335938
35.2 0.2263811798095703 -1.936814819335938
35.2 0.6669392700195312 -1.832400634765625
35.2 1.07154248046875 -1.629201171875
35.2 1.418378540039062 -1.338171142578125
35.2 1.68874951171875 -0.975
35.2 1.86807958984375 -0.5592662963867188
35.2 1.946700927734375 -0.1133824157714844
35.2 1.920375122070312 0.3386139526367188
35.2 1.790521362304688 0.7723555297851563
35.2 1.564140258789062 1.164459228515625
35.2 1.253435791015625 1.49378662109375
35.2 0.8751583862304688 1.742583618164063
35.2 0.4497009582519531 1.8974375
35 0 1.95
35 -0.4497009582519531 1.8974375
35 -0.8751583862304688 1.742583618164063
35 -1.253435791015625 1.49378662109375
35 -1.564140258789062 1.164459228515625
35 -1.790521362304688 0.7723555297851563
35 -1.920375122070312 0.3386139526367188
35 -1.946700927734375 -0.1133824157714844
35 -1.86807958984375 -0.5592662963867188
35 -1.68874951171875 -0.975
35 -1.418378540039062 -1.338171142578125
35 -1.07154248046875 -1.629201171875
35 -0.6669392700195312 -1.832400634765625
35 -0.2263811798095703 -1.936814819335938
35 0.2263811798095703 -1.936814819335938
35 0.6669392700195312 -1.832400634765625
35 1.07154248046875 -1.629201171875
35 1.418378540039062 -1.338171142578125
35 1.68874951171875 -0.975
35 1.86807958984375 -0.5592662963867188
35 1.946700927734375 -0.1133824157714844
35 1.920375122070312 0.3386139526367188
35 1.790521362304688 0.7723555297851563
35 1.564140258789062 1.164459228515625
35 1.253435791015625 1.49378662109375
35 0.8751583862304688 1.742583618164063
35 0.4497009582519531 1.8974375
35.10000390625 0 1.95
35.10000390625 -0.4497009582519531 1.8974375
35.10000390625 -0.8751583862304688 1.742583618164063
35.10000390625 -1.253435791015625 1.49378662109375
35.10000390625 -1.564140258789062 1.164459228515625
35.10000390625 -1.790521362304688 0.7723555297851563
35.10000390625 -1.920375122070312 0.3386139526367188
35.10000390625 -1.946700927734375 -0.1133824157714844
35.10000390625 -1.86807958984375 -0.5592662963867188
35.10000390625 -1.68874951171875 -0.975
35.10000390625 -1.418378540039062 -1.338171142578125
35.10000390625 -1.07154248046875 -1.629201171875
35.10000390625 -0.6669392700195312 -1.832400634765625
35.10000390625 -0.2263811798095703 -1.936814819335938
35.10000390625 0.2263811798095703 -1.936814819335938
35.10000390625 0.6669392700195312 -1.832400634765625
35.10000390625 1.07154248046875 -1.629201171875
35.10000390625 1.418378540039062 -1.338171142578125
35.10000390625 1.68874951171875 -0.975
35.10000390625 1.86807958984375 -0.5592662963867188
35.10000390625 1.946700927734375 -0.1133824157714844
35.10000390625 1.920375122070312 0.3386139526367188
35.10000390625 1.790521362304688 0.7723555297851563
35.10000390625 1.564140258789062 1.164459228515625
35.10000390625 1.253435791015625 1.49378662109375
35.10000390625 0.8751583862304688 1.742583618164063
35.10000390625 0.4497009582519531 1.8974375
35 0.1266346130371094 -1.9
35 1.9 -0.1266346130371094
35 1.9 0.1266346130371094
35 0.1266346130371094 1.9
35 -0.1266346130371094 1.9
35 -1.9 0.1266346130371094
35 -1.9 -0.1266346130371094
35 -0.1266346130371094 -1.9
34.378 1.9 -0.1266346130371094
34.378 1.9 -0.7956346435546875
30.207 1.9 -0.7956346435546875
29.933525390625 1.9 -0.6916170043945312
29.701373046875 1.9 -0.5135360717773437
29.530046875 1.9 -0.2763543701171875
29.433943359375 1.9 -9.086894919244776e-18
29.530046875 1.9 0.2763543701171875
29.701373046875 1.9 0.5135360717773437
29.933525390625 1.9 0.6916170043945312
30.207 1.9 0.7956346435546875
34.378 1.9 0.7956346435546875
34.378 1.9 0.1266346130371094
30.2171953125 1.9 -0.3403845520019531
30.2171953125 1.9 -0.1473845520019531
30.0281953125 1.9 -0.1473845520019531
30.0281953125 1.9 -0.3403845520019531
30.2171953125 1.9 -0.6688335571289062
30.2171953125 1.9 -0.4758335571289062
30.0281953125 1.9 -0.4758335571289062
30.0281953125 1.9 -0.6688335571289062
30.469767578125 1.9 -0.3403845520019531
30.469767578125 1.9 -0.1473845520019531
30.280767578125 1.9 -0.1473845520019531
30.280767578125 1.9 -0.3403845520019531
30.469767578125 1.9 -0.6688335571289062
30.469767578125 1.9 -0.4758335571289062
30.280767578125 1.9 -0.4758335571289062
30.280767578125 1.9 -0.6688335571289062
30.71181640625 1.9 -0.3403845520019531
30.71181640625 1.9 -0.1473845520019531
30.52281640625 1.9 -0.1473845520019531
30.52281640625 1.9 -0.3403845520019531
30.71181640625 1.9 -0.6688335571289062
30.71181640625 1.9 -0.4758335571289062
30.52281640625 1.9 -0.4758335571289062
30.52281640625 1.9 -0.6688335571289062
30.992451171875 1.9 -0.3403845520019531
30.992451171875 1.9 -0.1473845520019531
30.803451171875 1.9 -0.1473845520019531
30.803451171875 1.9 -0.3403845520019531
30.992451171875 1.9 -0.6688335571289062
30.992451171875 1.9 -0.4758335571289062
30.803451171875 1.9 -0.4758335571289062
30.803451171875 1.9 -0.6688335571289062
31.2450234375 1.9 -0.3403845520019531
31.2450234375 1.9 -0.1473845520019531
31.0560234375 1.9 -0.1473845520019531
31.0560234375 1.9 -0.3403845520019531
31.2450234375 1.9 -0.6688335571289062
31.2450234375 1.9 -0.4758335571289062
31.0560234375 1.9 -0.4758335571289062
31.0560234375 1.9 -0.6688335571289062
31.518642578125 1.9 -0.3403845520019531
31.518642578125 1.9 -0.1473845520019531
31.329642578125 1.9 -0.1473845520019531
31.329642578125 1.9 -0.3403845520019531
31.518642578125 1.9 -0.6688335571289062
31.518642578125 1.9 -0.4758335571289062
31.329642578125 1.9 -0.4758335571289062
31.329642578125 1.9 -0.6688335571289062
31.77121484375 1.9 -0.3403845520019531
31.77121484375 1.9 -0.1473845520019531
31.58221484375 1.9 -0.1473845520019531
31.58221484375 1.9 -0.3403845520019531
31.77121484375 1.9 -0.6688335571289062
31.77121484375 1.9 -0.4758335571289062
31.58221484375 1.9 -0.4758335571289062
31.58221484375 1.9 -0.6688335571289062
32.055142578125 1.9 -0.3403845520019531
32.055142578125 1.9 -0.1473845520019531
31.866142578125 1.9 -0.1473845520019531
31.866142578125 1.9 -0.3403845520019531
32.055142578125 1.9 -0.6688335571289062
32.055142578125 1.9 -0.4758335571289062
31.866142578125 1.9 -0.4758335571289062
31.866142578125 1.9 -0.6688335571289062
32.329931640625 1.9 -0.3403845520019531
32.329931640625 1.9 -0.1473845520019531
32.140931640625 1.9 -0.1473845520019531
32.140931640625 1.9 -0.3403845520019531
32.329931640625 1.9 -0.6688335571289062
32.329931640625 1.9 -0.4758335571289062
32.140931640625 1.9 -0.4758335571289062
32.140931640625 1.9 -0.6688335571289062
32.616248046875 1.9 -0.3403845520019531
32.616248046875 1.9 -0.1473845520019531
32.427248046875 1.9 -0.1473845520019531
32.427248046875 1.9 -0.3403845520019531
32.616248046875 1.9 -0.6688335571289062
32.616248046875 1.9 -0.4758335571289062
32.427248046875 1.9 -0.4758335571289062
32.427248046875 1.9 -0.6688335571289062
32.87690625 1.9 -0.3403845520019531
32.87690625 1.9 -0.1473845520019531
32.68790625 1.9 -0.1473845520019531
32.68790625 1.9 -0.3403845520019531
32.87690625 1.9 -0.6688335571289062
32.87690625 1.9 -0.4758335571289062
32.68790625 1.9 -0.4758335571289062
32.68790625 1.9 -0.6688335571289062
33.1570546875 1.9 -0.3403845520019531
33.1570546875 1.9 -0.1473845520019531
32.9680546875 1.9 -0.1473845520019531
32.9680546875 1.9 -0.3403845520019531
33.1570546875 1.9 -0.6688335571289062
33.1570546875 1.9 -0.4758335571289062
32.9680546875 1.9 -0.4758335571289062
32.9680546875 1.9 -0.6688335571289062
33.4274609375 1.9 -0.3403845520019531
33.4274609375 1.9 -0.1473845520019531
33.2384609375 1.9 -0.1473845520019531
33.2384609375 1.9 -0.3403845520019531
33.4274609375 1.9 -0.6688335571289062
33.4274609375 1.9 -0.4758335571289062
33.2384609375 1.9 -0.4758335571289062
33.2384609375 1.9 -0.6688335571289062
33.6955703125 1.9 -0.3403845520019531
33.6955703125 1.9 -0.1473845520019531
33.5065703125 1.9 -0.1473845520019531
33.5065703125 1.9 -0.3403845520019531
33.6955703125 1.9 -0.6688335571289062
33.6955703125 1.9 -0.4758335571289062
33.5065703125 1.9 -0.4758335571289062
33.5065703125 1.9 -0.6688335571289062
33.95948046875 1.9 -0.3403845520019531
33.95948046875 1.9 -0.1473845520019531
33.77048046875 1.9 -0.1473845520019531
33.77048046875 1.9 -0.3403845520019531
33.95948046875 1.9 -0.6688335571289062
33.95948046875 1.9 -0.4758335571289062
33.77048046875 1.9 -0.4758335571289062
33.77048046875 1.9 -0.6688335571289062
34.2287109375 1.9 -0.3403845520019531
34.2287109375 1.9 -0.1473845520019531
34.0397109375 1.9 -0.1473845520019531
34.0397109375 1.9 -0.3403845520019531
34.2287109375 1.9 -0.6688335571289062
34.2287109375 1.9 -0.4758335571289062
34.0397109375 1.9 -0.4758335571289062
34.0397109375 1.9 -0.6688335571289062
30.0281953125 1.9 0.1473845520019531
30.2171953125 1.9 0.1473845520019531
30.2171953125 1.9 0.3403845520019531
30.0281953125 1.9 0.3403845520019531
30.0281953125 1.9 0.4758335571289062
30.2171953125 1.9 0.4758335571289062
30.2171953125 1.9 0.6688335571289062
30.0281953125 1.9 0.6688335571289062
30.280767578125 1.9 0.1473845520019531
30.469767578125 1.9 0.1473845520019531
30.469767578125 1.9 0.3403845520019531
30.280767578125 1.9 0.3403845520019531
30.280767578125 1.9 0.4758335571289062
30.469767578125 1.9 0.4758335571289062
30.469767578125 1.9 0.6688335571289062
30.280767578125 1.9 0.6688335571289062
30.52281640625 1.9 0.1473845520019531
30.71181640625 1.9 0.1473845520019531
30.71181640625 1.9 0.3403845520019531
30.52281640625 1.9 0.3403845520019531
30.52281640625 1.9 0.4758335571289062
30.71181640625 1.9 0.4758335571289062
30.71181640625 1.9 0.6688335571289062
30.52281640625 1.9 0.6688335571289062
30.803451171875 1.9 0.1473845520019531
30.992451171875 1.9 0.1473845520019531
30.992451171875 1.9 0.3403845520019531
30.803451171875 1.9 0.3403845520019531
30.803451171875 1.9 0.4758335571289062
30.992451171875 1.9 0.4758335571289062
30.992451171875 1.9 0.6688335571289062
30.803451171875 1.9 0.6688335571289062
31.0560234375 1.9 0.1473845520019531
31.2450234375 1.9 0.1473845520019531
31.2450234375 1.9 0.3403845520019531
31.0560234375 1.9 0.3403845520019531
31.0560234375 1.9 0.4758335571289062
31.2450234375 1.9 0.4758335571289062
31.2450234375 1.9 0.6688335571289062
31.0560234375 1.9 0.6688335571289062
31.329642578125 1.9 0.1473845520019531
31.518642578125 1.9 0.1473845520019531
31.518642578125 1.9 0.3403845520019531
31.329642578125 1.9 0.3403845520019531
31.329642578125 1.9 0.4758335571289062
31.518642578125 1.9 0.4758335571289062
31.518642578125 1.9 0.6688335571289062
31.329642578125 1.9 0.6688335571289062
31.58221484375 1.9 0.1473845520019531
31.77121484375 1.9 0.1473845520019531
31.77121484375 1.9 0.3403845520019531
31.58221484375 1.9 0.3403845520019531
31.58221484375 1.9 0.4758335571289062
31.77121484375 1.9 0.4758335571289062
31.77121484375 1.9 0.6688335571289062
31.58221484375 1.9 0.6688335571289062
31.866142578125 1.9 0.1473845520019531
32.055142578125 1.9 0.1473845520019531
32.055142578125 1.9 0.3403845520019531
31.866142578125 1.9 0.3403845520019531
31.866142578125 1.9 0.4758335571289062
32.055142578125 1.9 0.4758335571289062
32.055142578125 1.9 0.6688335571289062
31.866142578125 1.9 0.6688335571289062
32.140931640625 1.9 0.1473845520019531
32.329931640625 1.9 0.1473845520019531
32.329931640625 1.9 0.3403845520019531
32.140931640625 1.9 0.3403845520019531
32.140931640625 1.9 0.4758335571289062
32.329931640625 1.9 0.4758335571289062
32.329931640625 1.9 0.6688335571289062
32.140931640625 1.9 0.6688335571289062
32.427248046875 1.9 0.1473845520019531
32.616248046875 1.9 0.1473845520019531
32.616248046875 1.9 0.3403845520019531
32.427248046875 1.9 0.3403845520019531
32.427248046875 1.9 0.4758335571289062
32.616248046875 1.9 0.4758335571289062
32.616248046875 1.9 0.6688335571289062
32.427248046875 1.9 0.6688335571289062
32.68790625 1.9 0.1473845520019531
32.87690625 1.9 0.1473845520019531
32.87690625 1.9 0.3403845520019531
32.68790625 1.9 0.3403845520019531
32.68790625 1.9 0.4758335571289062
32.87690625 1.9 0.4758335571289062
32.87690625 1.9 0.6688335571289062
32.68790625 1.9 0.6688335571289062
32.9680546875 1.9 0.1473845520019531
33.1570546875 1.9 0.1473845520019531
33.1570546875 1.9 0.3403845520019531
32.9680546875 1.9 0.3403845520019531
32.9680546875 1.9 0.4758335571289062
33.1570546875 1.9 0.4758335571289062
33.1570546875 1.9 0.6688335571289062
32.9680546875 1.9 0.6688335571289062
33.2384609375 1.9 0.1473845520019531
33.4274609375 1.9 0.1473845520019531
33.4274609375 1.9 0.3403845520019531
33.2384609375 1.9 0.3403845520019531
33.2384609375 1.9 0.4758335571289062
33.4274609375 1.9 0.4758335571289062
33.4274609375 1.9 0.6688335571289062
33.2384609375 1.9 0.6688335571289062
33.5065703125 1.9 0.1473845520019531
33.6955703125 1.9 0.1473845520019531
33.6955703125 1.9 0.3403845520019531
33.5065703125 1.9 0.3403845520019531
33.5065703125 1.9 0.4758335571289062
33.6955703125 1.9 0.4758335571289062
33.6955703125 1.9 0.6688335571289062
33.5065703125 1.9 0.6688335571289062
33.77048046875 1.9 0.1473845520019531
33.95948046875 1.9 0.1473845520019531
33.95948046875 1.9 0.3403845520019531
33.77048046875 1.9 0.3403845520019531
33.77048046875 1.9 0.4758335571289062
33.95948046875 1.9 0.4758335571289062
33.95948046875 1.9 0.6688335571289062
33.77048046875 1.9 0.6688335571289062
34.0397109375 1.9 0.1473845520019531
34.2287109375 1.9 0.1473845520019531
34.2287109375 1.9 0.3403845520019531
34.0397109375 1.9 0.3403845520019531
34.0397109375 1.9 0.4758335571289062
34.2287109375 1.9 0.4758335571289062
34.2287109375 1.9 0.6688335571289062
34.0397109375 1.9 0.6688335571289062
34.378 -0.1266346130371094 -1.9
34.378 -0.7956346435546875 -1.9
30.207 -0.7956346435546875 -1.9
29.933525390625 -0.6916170043945312 -1.9
29.701373046875 -0.5135360717773437 -1.9
29.530046875 -0.2763543701171875 -1.9
29.433943359375 5.04881639967758e-15 -1.9
29.530046875 0.2763543701171875 -1.9
29.701373046875 0.5135360717773437 -1.9
29.933525390625 0.6916170043945312 -1.9
30.207 0.7956346435546875 -1.9
34.378 0.7956346435546875 -1.9
34.378 0.1266346130371094 -1.9
30.2171953125 -0.3403845520019531 -1.9
30.2171953125 -0.1473845520019531 -1.9
30.0281953125 -0.1473845520019531 -1.9
30.0281953125 -0.3403845520019531 -1.9
30.2171953125 -0.6688335571289062 -1.9
30.2171953125 -0.4758335571289062 -1.9
30.0281953125 -0.4758335571289062 -1.9
30.0281953125 -0.6688335571289062 -1.9
30.469767578125 -0.3403845520019531 -1.9
30.469767578125 -0.1473845520019531 -1.9
30.280767578125 -0.1473845520019531 -1.9
30.280767578125 -0.3403845520019531 -1.9
30.469767578125 -0.6688335571289062 -1.9
30.469767578125 -0.4758335571289062 -1.9
30.280767578125 -0.4758335571289062 -1.9
30.280767578125 -0.6688335571289062 -1.9
30.71181640625 -0.3403845520019531 -1.9
30.71181640625 -0.1473845520019531 -1.9
30.52281640625 -0.1473845520019531 -1.9
30.52281640625 -0.3403845520019531 -1.9
30.71181640625 -0.6688335571289062 -1.9
30.71181640625 -0.4758335571289062 -1.9
30.52281640625 -0.4758335571289062 -1.9
30.52281640625 -0.6688335571289062 -1.9
30.992451171875 -0.3403845520019531 -1.9
30.992451171875 -0.1473845520019531 -1.9
30.803451171875 -0.1473845520019531 -1.9
30.803451171875 -0.3403845520019531 -1.9
30.992451171875 -0.6688335571289062 -1.9
30.992451171875 -0.4758335571289062 -1.9
30.803451171875 -0.4758335571289062 -1.9
30.803451171875 -0.6688335571289062 -1.9
31.2450234375 -0.3403845520019531 -1.9
31.2450234375 -0.1473845520019531 -1.9
31.0560234375 -0.1473845520019531 -1.9
31.0560234375 -0.3403845520019531 -1.9
31.2450234375 -0.6688335571289062 -1.9
31.2450234375 -0.4758335571289062 -1.9
31.0560234375 -0.4758335571289062 -1.9
31.0560234375 -0.6688335571289062 -1.9
31.518642578125 -0.3403845520019531 -1.9
31.518642578125 -0.1473845520019531 -1.9
31.329642578125 -0.1473845520019531 -1.9
31.329642578125 -0.3403845520019531 -1.9
31.518642578125 -0.6688335571289062 -1.9
31.518642578125 -0.4758335571289062 -1.9
31.329642578125 -0.4758335571289062 -1.9
31.329642578125 -0.6688335571289062 -1.9
31.77121484375 -0.3403845520019531 -1.9
31.77121484375 -0.1473845520019531 -1.9
31.58221484375 -0.1473845520019531 -1.9
31.58221484375 -0.3403845520019531 -1.9
31.77121484375 -0.6688335571289062 -1.9
31.77121484375 -0.4758335571289062 -1.9
31.58221484375 -0.4758335571289062 -1.9
31.58221484375 -0.6688335571289062 -1.9
32.055142578125 -0.3403845520019531 -1.9
32.055142578125 -0.1473845520019531 -1.9
31.866142578125 -0.1473845520019531 -1.9
31.866142578125 -0.3403845520019531 -1.9
32.055142578125 -0.6688335571289062 -1.9
32.055142578125 -0.4758335571289062 -1.9
31.866142578125 -0.4758335571289062 -1.9
31.866142578125 -0.6688335571289062 -1.9
32.329931640625 -0.3403845520019531 -1.9
32.329931640625 -0.1473845520019531 -1.9
32.140931640625 -0.1473845520019531 -1.9
32.140931640625 -0.3403845520019531 -1.9
32.329931640625 -0.6688335571289062 -1.9
32.329931640625 -0.4758335571289062 -1.9
32.140931640625 -0.4758335571289062 -1.9
32.140931640625 -0.6688335571289062 -1.9
32.616248046875 -0.3403845520019531 -1.9
32.616248046875 -0.1473845520019531 -1.9
32.427248046875 -0.1473845520019531 -1.9
32.427248046875 -0.3403845520019531 -1.9
32.616248046875 -0.6688335571289062 -1.9
32.616248046875 -0.4758335571289062 -1.9
32.427248046875 -0.4758335571289062 -1.9
32.427248046875 -0.6688335571289062 -1.9
32.87690625 -0.3403845520019531 -1.9
32.87690625 -0.1473845520019531 -1.9
32.68790625 -0.1473845520019531 -1.9
32.68790625 -0.3403845520019531 -1.9
32.87690625 -0.6688335571289062 -1.9
32.87690625 -0.4758335571289062 -1.9
32.68790625 -0.4758335571289062 -1.9
32.68790625 -0.6688335571289062 -1.9
33.1570546875 -0.3403845520019531 -1.9
33.1570546875 -0.1473845520019531 -1.9
32.9680546875 -0.1473845520019531 -1.9
32.9680546875 -0.3403845520019531 -1.9
33.1570546875 -0.6688335571289062 -1.9
33.1570546875 -0.4758335571289062 -1.9
32.9680546875 -0.4758335571289062 -1.9
32.9680546875 -0.6688335571289062 -1.9
33.4274609375 -0.3403845520019531 -1.9
33.4274609375 -0.1473845520019531 -1.9
33.2384609375 -0.1473845520019531 -1.9
33.2384609375 -0.3403845520019531 -1.9
33.4274609375 -0.6688335571289062 -1.9
33.4274609375 -0.4758335571289062 -1.9
33.2384609375 -0.4758335571289062 -1.9
33.2384609375 -0.6688335571289062 -1.9
33.6955703125 -0.3403845520019531 -1.9
33.6955703125 -0.1473845520019531 -1.9
33.5065703125 -0.1473845520019531 -1.9
33.5065703125 -0.3403845520019531 -1.9
33.6955703125 -0.6688335571289062 -1.9
33.6955703125 -0.4758335571289062 -1.9
33.5065703125 -0.4758335571289062 -1.9
33.5065703125 -0.6688335571289062 -1.9
33.95948046875 -0.3403845520019531 -1.9
33.95948046875 -0.1473845520019531 -1.9
33.77048046875 -0.1473845520019531 -1.9
33.77048046875 -0.3403845520019531 -1.9
33.95948046875 -0.6688335571289062 -1.9
33.95948046875 -0.4758335571289062 -1.9
33.77048046875 -0.4758335571289062 -1.9
33.77048046875 -0.6688335571289062 -1.9
34.2287109375 -0.3403845520019531 -1.9
34.2287109375 -0.1473845520019531 -1.9
34.0397109375 -0.1473845520019531 -1.9
34.0397109375 -0.3403845520019531 -1.9
34.2287109375 -0.6688335571289062 -1.9
34.2287109375 -0.4758335571289062 -1.9
34.0397109375 -0.4758335571289062 -1.9
34.0397109375 -0.6688335571289062 -1.9
30.0281953125 0.1473845520019531 -1.9
30.2171953125 0.1473845520019531 -1.9
30.2171953125 0.3403845520019531 -1.9
30.0281953125 0.3403845520019531 -1.9
30.0281953125 0.4758335571289062 -1.9
30.2171953125 0.4758335571289062 -1.9
30.2171953125 0.6688335571289062 -1.9
30.0281953125 0.6688335571289062 -1.9
30.280767578125 0.1473845520019531 -1.9
30.469767578125 0.1473845520019531 -1.9
30.469767578125 0.3403845520019531 -1.9
30.280767578125 0.3403845520019531 -1.9
30.280767578125 0.4758335571289062 -1.9
30.469767578125 0.4758335571289062 -1.9
30.469767578125 0.6688335571289062 -1.9
30.280767578125 0.6688335571289062 -1.9
30.52281640625 0.1473845520019531 -1.9
30.71181640625 0.1473845520019531 -1.9
30.71181640625 0.3403845520019531 -1.9
30.52281640625 0.3403845520019531 -1.9
30.52281640625 0.4758335571289062 -1.9
30.71181640625 0.4758335571289062 -1.9
30.71181640625 0.6688335571289062 -1.9
30.52281640625 0.6688335571289062 -1.9
30.803451171875 0.1473845520019531 -1.9
30.992451171875 0.1473845520019531 -1.9
30.992451171875 0.3403845520019531 -1.9
30.803451171875 0.3403845520019531 -1.9
30.803451171875 0.4758335571289062 -1.9
30.992451171875 0.4758335571289062 -1.9
30.992451171875 0.6688335571289062 -1.9
30.803451171875 0.6688335571289062 -1.9
31.0560234375 0.1473845520019531 -1.9
31.2450234375 0.1473845520019531 -1.9
31.2450234375 0.3403845520019531 -1.9
31.0560234375 0.3403845520019531 -1.9
31.0560234375 0.4758335571289062 -1.9
31.2450234375 0.4758335571289062 -1.9
31.2450234375 0.6688335571289062 -1.9
31.0560234375 0.6688335571289062 -1.9
31.329642578125 0.1473845520019531 -1.9
31.518642578125 0.1473845520019531 -1.9
31.518642578125 0.3403845520019531 -1.9
31.329642578125 0.3403845520019531 -1.9
31.329642578125 0.4758335571289062 -1.9
31.518642578125 0.4758335571289062 -1.9
31.518642578125 0.6688335571289062 -1.9
31.329642578125 0.6688335571289062 -1.9
31.58221484375 0.1473845520019531 -1.9
31.77121484375 0.1473845520019531 -1.9
31.77121484375 0.3403845520019531 -1.9
31.58221484375 0.3403845520019531 -1.9
31.58221484375 0.4758335571289062 -1.9
31.77121484375 0.4758335571289062 -1.9
31.77121484375 0.6688335571289062 -1.9
31.58221484375 0.6688335571289062 -1.9
31.866142578125 0.1473845520019531 -1.9
32.055142578125 0.1473845520019531 -1.9
32.055142578125 0.3403845520019531 -1.9
31.866142578125 0.3403845520019531 -1.9
31.866142578125 0.4758335571289062 -1.9
32.055142578125 0.4758335571289062 -1.9
32.055142578125 0.6688335571289062 -1.9
31.866142578125 0.6688335571289062 -1.9
32.140931640625 0.1473845520019531 -1.9
32.329931640625 0.1473845520019531 -1.9
32.329931640625 0.3403845520019531 -1.9
32.140931640625 0.3403845520019531 -1.9
32.140931640625 0.4758335571289062 -1.9
32.329931640625 0.4758335571289062 -1.9
32.329931640625 0.6688335571289062 -1.9
32.140931640625 0.6688335571289062 -1.9
32.427248046875 0.1473845520019531 -1.9
32.616248046875 0.1473845520019531 -1.9
32.616248046875 0.3403845520019531 -1.9
32.427248046875 0.3403845520019531 -1.9
32.427248046875 0.4758335571289062 -1.9
32.616248046875 0.4758335571289062 -1.9
32.616248046875 0.6688335571289062 -1.9
32.427248046875 0.6688335571289062 -1.9
32.68790625 0.1473845520019531 -1.9
32.87690625 0.1473845520019531 -1.9
32.87690625 0.3403845520019531 -1.9
32.68790625 0.3403845520019531 -1.9
32.68790625 0.4758335571289062 -1.9
32.87690625 0.4758335571289062 -1.9
32.87690625 0.6688335571289062 -1.9
32.68790625 0.6688335571289062 -1.9
32.9680546875 0.1473845520019531 -1.9
33.1570546875 0.1473845520019531 -1.9
33.1570546875 0.3403845520019531 -1.9
32.9680546875 0.3403845520019531 -1.9
32.9680546875 0.4758335571289062 -1.9
33.1570546875 0.4758335571289062 -1.9
33.1570546875 0.6688335571289062 -1.9
32.9680546875 0.6688335571289062 -1.9
33.2384609375 0.1473845520019531 -1.9
33.4274609375 0.1473845520019531 -1.9
33.4274609375 0.3403845520019531 -1.9
33.2384609375 0.3403845520019531 -1.9
33.2384609375 0.4758335571289062 -1.9
33.4274609375 0.4758335571289062 -1.9
33.4274609375 0.6688335571289062 -1.9
33.2384609375 0.6688335571289062 -1.9
33.5065703125 0.1473845520019531 -1.9
33.6955703125 0.1473845520019531 -1.9
33.6955703125 0.3403845520019531 -1.9
33.5065703125 0.3403845520019531 -1.9
33.5065703125 0.4758335571289062 -1.9
33.6955703125 0.4758335571289062 -1.9
33.6955703125 0.6688335571289062 -1.9
33.5065703125 0.6688335571289062 -1.9
33.77048046875 0.1473845520019531 -1.9
33.95948046875 0.1473845520019531 -1.9
33.95948046875 0.3403845520019531 -1.9
33.77048046875 0.3403845520019531 -1.9
33.77048046875 0.4758335571289062 -1.9
33.95948046875 0.4758335571289062 -1.9
33.95948046875 0.6688335571289062 -1.9
33.77048046875 0.6688335571289062 -1.9
34.0397109375 0.1473845520019531 -1.9
34.2287109375 0.1473845520019531 -1.9
34.2287109375 0.3403845520019531 -1.9
34.0397109375 0.3403845520019531 -1.9
34.0397109375 0.4758335571289062 -1.9
34.2287109375 0.4758335571289062 -1.9
34.2287109375 0.6688335571289062 -1.9
34.0397109375 0.6688335571289062 -1.9
34.378 0.1266346130371094 1.9
34.378 0.7956346435546875 1.9
30.207 0.7956346435546875 1.9
29.933525390625 0.6916170043945312 1.9
29.701373046875 0.5135360717773437 1.9
29.530046875 0.2763543701171875 1.9
29.433943359375 -5.28149919631904e-15 1.9
29.530046875 -0.2763543701171875 1.9
29.701373046875 -0.5135360717773437 1.9
29.933525390625 -0.6916170043945312 1.9
30.207 -0.7956346435546875 1.9
34.378 -0.7956346435546875 1.9
34.378 -0.1266346130371094 1.9
30.2171953125 0.3403845520019531 1.9
30.2171953125 0.1473845520019531 1.9
30.0281953125 0.1473845520019531 1.9
30.0281953125 0.3403845520019531 1.9
30.2171953125 0.6688335571289062 1.9
30.2171953125 0.4758335571289062 1.9
30.0281953125 0.4758335571289062 1.9
30.0281953125 0.6688335571289062 1.9
30.469767578125 0.3403845520019531 1.9
30.469767578125 0.1473845520019531 1.9
30.280767578125 0.1473845520019531 1.9
30.280767578125 0.3403845520019531 1.9
30.469767578125 0.6688335571289062 1.9
30.469767578125 0.4758335571289062 1.9
30.280767578125 0.4758335571289062 1.9
30.280767578125 0.6688335571289062 1.9
30.71181640625 0.3403845520019531 1.9
30.71181640625 0.1473845520019531 1.9
30.52281640625 0.1473845520019531 1.9
30.52281640625 0.3403845520019531 1.9
30.71181640625 0.6688335571289062 1.9
30.71181640625 0.4758335571289062 1.9
30.52281640625 0.4758335571289062 1.9
30.52281640625 0.6688335571289062 1.9
30.992451171875 0.3403845520019531 1.9
30.992451171875 0.1473845520019531 1.9
30.803451171875 0.1473845520019531 1.9
30.803451171875 0.3403845520019531 1.9
30.992451171875 0.6688335571289062 1.9
30.992451171875 0.4758335571289062 1.9
30.803451171875 0.4758335571289062 1.9
30.803451171875 0.6688335571289062 1.9
31.2450234375 0.3403845520019531 1.9
31.2450234375 0.1473845520019531 1.9
31.0560234375 0.1473845520019531 1.9
31.0560234375 0.3403845520019531 1.9
31.2450234375 0.6688335571289062 1.9
31.2450234375 0.4758335571289062 1.9
31.0560234375 0.4758335571289062 1.9
31.0560234375 0.6688335571289062 1.9
31.518642578125 0.3403845520019531 1.9
31.518642578125 0.1473845520019531 1.9
31.329642578125 0.1473845520019531 1.9
31.329642578125 0.3403845520019531 1.9
31.518642578125 0.6688335571289062 1.9
31.518642578125 0.4758335571289062 1.9
31.329642578125 0.4758335571289062 1.9
31.329642578125 0.6688335571289062 1.9
31.77121484375 0.3403845520019531 1.9
31.77121484375 0.1473845520019531 1.9
31.58221484375 0.1473845520019531 1.9
31.58221484375 0.3403845520019531 1.9
31.77121484375 0.6688335571289062 1.9
31.77121484375 0.4758335571289062 1.9
31.58221484375 0.4758335571289062 1.9
31.58221484375 0.6688335571289062 1.9
32.055142578125 0.3403845520019531 1.9
32.055142578125 0.1473845520019531 1.9
31.866142578125 0.1473845520019531 1.9
31.866142578125 0.3403845520019531 1.9
32.055142578125 0.6688335571289062 1.9
32.055142578125 0.4758335571289062 1.9
31.866142578125 0.4758335571289062 1.9
31.866142578125 0.6688335571289062 1.9
32.329931640625 0.3403845520019531 1.9
32.329931640625 0.1473845520019531 1.9
32.140931640625 0.1473845520019531 1.9
32.140931640625 0.3403845520019531 1.9
32.329931640625 0.6688335571289062 1.9
32.329931640625 0.4758335571289062 1.9
32.140931640625 0.4758335571289062 1.9
32.140931640625 0.6688335571289062 1.9
32.616248046875 0.3403845520019531 1.9
32.616248046875 0.1473845520019531 1.9
32.427248046875 0.1473845520019531 1.9
32.427248046875 0.3403845520019531 1.9
32.616248046875 0.6688335571289062 1.9
32.616248046875 0.4758335571289062 1.9
32.427248046875 0.4758335571289062 1.9
32.427248046875 0.6688335571289062 1.9
32.87690625 0.3403845520019531 1.9
32.87690625 0.1473845520019531 1.9
32.68790625 0.1473845520019531 1.9
32.68790625 0.3403845520019531 1.9
32.87690625 0.6688335571289062 1.9
32.87690625 0.4758335571289062 1.9
32.68790625 0.4758335571289062 1.9
32.68790625 0.6688335571289062 1.9
33.1570546875 0.3403845520019531 1.9
33.1570546875 0.1473845520019531 1.9
32.9680546875 0.1473845520019531 1.9
32.9680546875 0.3403845520019531 1.9
33.1570546875 0.6688335571289062 1.9
33.1570546875 0.4758335571289062 1.9
32.9680546875 0.4758335571289062 1.9
32.9680546875 0.6688335571289062 1.9
33.4274609375 0.3403845520019531 1.9
33.4274609375 0.1473845520019531 1.9
33.2384609375 0.1473845520019531 1.9
33.2384609375 0.3403845520019531 1.9
33.4274609375 0.6688335571289062 1.9
33.4274609375 0.4758335571289062 1.9
33.2384609375 0.4758335571289062 1.9
33.2384609375 0.6688335571289062 1.9
33.6955703125 0.3403845520019531 1.9
33.6955703125 0.1473845520019531 1.9
33.5065703125 0.1473845520019531 1.9
33.5065703125 0.3403845520019531 1.9
33.6955703125 0.6688335571289062 1.9
33.6955703125 0.4758335571289062 1.9
33.5065703125 0.4758335571289062 1.9
33.5065703125 0.6688335571289062 1.9
33.95948046875 0.3403845520019531 1.9
33.95948046875 0.1473845520019531 1.9
33.77048046875 0.1473845520019531 1.9
33.77048046875 0.3403845520019531 1.9
33.95948046875 0.6688335571289062 1.9
33.95948046875 0.4758335571289062 1.9
33.77048046875 0.4758335571289062 1.9
33.77048046875 0.6688335571289062 1.9
34.2287109375 0.3403845520019531 1.9
34.2287109375 0.1473845520019531 1.9
34.0397109375 0.1473845520019531 1.9
34.0397109375 0.3403845520019531 1.9
34.2287109375 0.6688335571289062 1.9
34.2287109375 0.4758335571289062 1.9
34.0397109375 0.4758335571289062 1.9
34.0397109375 0.6688335571289062 1.9
30.0281953125 -0.1473845520019531 1.9
30.2171953125 -0.1473845520019531 1.9
30.2171953125 -0.3403845520019531 1.9
30.0281953125 -0.3403845520019531 1.9
30.0281953125 -0.4758335571289062 1.9
30.2171953125 -0.4758335571289062 1.9
30.2171953125 -0.6688335571289062 1.9
30.0281953125 -0.6688335571289062 1.9
30.280767578125 -0.1473845520019531 1.9
30.469767578125 -0.1473845520019531 1.9
30.469767578125 -0.3403845520019531 1.9
30.280767578125 -0.3403845520019531 1.9
30.280767578125 -0.4758335571289062 1.9
30.469767578125 -0.4758335571289062 1.9
30.469767578125 -0.6688335571289062 1.9
30.280767578125 -0.6688335571289062 1.9
30.52281640625 -0.1473845520019531 1.9
30.71181640625 -0.1473845520019531 1.9
30.71181640625 -0.3403845520019531 1.9
30.52281640625 -0.3403845520019531 1.9
30.52281640625 -0.4758335571289062 1.9
30.71181640625 -0.4758335571289062 1.9
30.71181640625 -0.6688335571289062 1.9
30.52281640625 -0.6688335571289062 1.9
30.803451171875 -0.1473845520019531 1.9
30.992451171875 -0.1473845520019531 1.9
30.992451171875 -0.3403845520019531 1.9
30.803451171875 -0.3403845520019531 1.9
30.803451171875 -0.4758335571289062 1.9
30.992451171875 -0.4758335571289062 1.9
30.992451171875 -0.6688335571289062 1.9
30.803451171875 -0.6688335571289062 1.9
31.0560234375 -0.1473845520019531 1.9
31.2450234375 -0.1473845520019531 1.9
31.2450234375 -0.3403845520019531 1.9
31.0560234375 -0.3403845520019531 1.9
31.0560234375 -0.4758335571289062 1.9
31.2450234375 -0.4758335571289062 1.9
31.2450234375 -0.6688335571289062 1.9
31.0560234375 -0.6688335571289062 1.9
31.329642578125 -0.1473845520019531 1.9
31.518642578125 -0.1473845520019531 1.9
31.518642578125 -0.3403845520019531 1.9
31.329642578125 -0.3403845520019531 1.9
31.329642578125 -0.4758335571289062 1.9
31.518642578125 -0.4758335571289062 1.9
31.518642578125 -0.6688335571289062 1.9
31.329642578125 -0.6688335571289062 1.9
31.58221484375 -0.1473845520019531 1.9
31.77121484375 -0.1473845520019531 1.9
31.77121484375 -0.3403845520019531 1.9
31.58221484375 -0.3403845520019531 1.9
31.58221484375 -0.4758335571289062 1.9
31.77121484375 -0.4758335571289062 1.9
31.77121484375 -0.6688335571289062 1.9
31.58221484375 -0.6688335571289062 1.9
31.866142578125 -0.1473845520019531 1.9
32.055142578125 -0.1473845520019531 1.9
32.055142578125 -0.3403845520019531 1.9
31.866142578125 -0.3403845520019531 1.9
31.866142578125 -0.4758335571289062 1.9
32.055142578125 -0.4758335571289062 1.9
32.055142578125 -0.6688335571289062 1.9
31.866142578125 -0.6688335571289062 1.9
32.140931640625 -0.1473845520019531 1.9
32.329931640625 -0.1473845520019531 1.9
32.329931640625 -0.3403845520019531 1.9
32.140931640625 -0.3403845520019531 1.9
32.140931640625 -0.4758335571289062 1.9
32.329931640625 -0.4758335571289062 1.9
32.329931640625 -0.6688335571289062 1.9
32.140931640625 -0.6688335571289062 1.9
32.427248046875 -0.1473845520019531 1.9
32.616248046875 -0.1473845520019531 1.9
32.616248046875 -0.3403845520019531 1.9
32.427248046875 -0.3403845520019531 1.9
32.427248046875 -0.4758335571289062 1.9
32.616248046875 -0.4758335571289062 1.9
32.616248046875 -0.6688335571289062 1.9
32.427248046875 -0.6688335571289062 1.9
32.68790625 -0.1473845520019531 1.9
32.87690625 -0.1473845520019531 1.9
32.87690625 -0.3403845520019531 1.9
32.68790625 -0.3403845520019531 1.9
32.68790625 -0.4758335571289062 1.9
32.87690625 -0.4758335571289062 1.9
32.87690625 -0.6688335571289062 1.9
32.68790625 -0.6688335571289062 1.9
32.9680546875 -0.1473845520019531 1.9
33.1570546875 -0.1473845520019531 1.9
33.1570546875 -0.3403845520019531 1.9
32.9680546875 -0.3403845520019531 1.9
32.9680546875 -0.4758335571289062 1.9
33.1570546875 -0.4758335571289062 1.9
33.1570546875 -0.6688335571289062 1.9
32.9680546875 -0.6688335571289062 1.9
33.2384609375 -0.1473845520019531 1.9
33.4274609375 -0.1473845520019531 1.9
33.4274609375 -0.3403845520019531 1.9
33.2384609375 -0.3403845520019531 1.9
33.2384609375 -0.4758335571289062 1.9
33.4274609375 -0.4758335571289062 1.9
33.4274609375 -0.6688335571289062 1.9
33.2384609375 -0.6688335571289062 1.9
33.5065703125 -0.1473845520019531 1.9
33.6955703125 -0.1473845520019531 1.9
33.6955703125 -0.3403845520019531 1.9
33.5065703125 -0.3403845520019531 1.9
33.5065703125 -0.4758335571289062 1.9
33.6955703125 -0.4758335571289062 1.9
33.6955703125 -0.6688335571289062 1.9
33.5065703125 -0.6688335571289062 1.9
33.77048046875 -0.1473845520019531 1.9
33.95948046875 -0.1473845520019531 1.9
33.95948046875 -0.3403845520019531 1.9
33.77048046875 -0.3403845520019531 1.9
33.77048046875 -0.4758335571289062 1.9
33.95948046875 -0.4758335571289062 1.9
33.95948046875 -0.6688335571289062 1.9
33.77048046875 -0.6688335571289062 1.9
34.0397109375 -0.1473845520019531 1.9
34.2287109375 -0.1473845520019531 1.9
34.2287109375 -0.3403845520019531 1.9
34.0397109375 -0.3403845520019531 1.9
34.0397109375 -0.4758335571289062 1.9
34.2287109375 -0.4758335571289062 1.9
34.2287109375 -0.6688335571289062 1.9
34.0397109375 -0.6688335571289062 1.9
34.378 -1.9 0.1266346130371094
34.378 -1.9 0.7956346435546875
30.207 -1.9 0.7956346435546875
29.933525390625 -1.9 0.6916170043945312
29.701373046875 -1.9 0.5135360717773437
29.530046875 -1.9 0.2763543701171875
29.433943359375 -1.9 -1.057208574156698e-14
29.530046875 -1.9 -0.2763543701171875
29.701373046875 -1.9 -0.5135360717773437
29.933525390625 -1.9 -0.6916170043945312
30.207 -1.9 -0.7956346435546875
34.378 -1.9 -0.7956346435546875
34.378 -1.9 -0.1266346130371094
30.2171953125 -1.9 0.3403845520019531
30.2171953125 -1.9 0.1473845520019531
30.0281953125 -1.9 0.1473845520019531
30.0281953125 -1.9 0.3403845520019531
30.2171953125 -1.9 0.6688335571289062
30.2171953125 -1.9 0.4758335571289062
30.0281953125 -1.9 0.4758335571289062
30.0281953125 -1.9 0.6688335571289062
30.469767578125 -1.9 0.3403845520019531
30.469767578125 -1.9 0.1473845520019531
30.280767578125 -1.9 0.1473845520019531
30.280767578125 -1.9 0.3403845520019531
30.469767578125 -1.9 0.6688335571289062
30.469767578125 -1.9 0.4758335571289062
30.280767578125 -1.9 0.4758335571289062
30.280767578125 -1.9 0.6688335571289062
30.71181640625 -1.9 0.3403845520019531
30.71181640625 -1.9 0.1473845520019531
30.52281640625 -1.9 0.1473845520019531
30.52281640625 -1.9 0.3403845520019531
30.71181640625 -1.9 0.6688335571289062
30.71181640625 -1.9 0.4758335571289062
30.52281640625 -1.9 0.4758335571289062
30.52281640625 -1.9 0.6688335571289062
30.992451171875 -1.9 0.3403845520019531
30.992451171875 -1.9 0.1473845520019531
30.803451171875 -1.9 0.1473845520019531
30.803451171875 -1.9 0.3403845520019531
30.992451171875 -1.9 0.6688335571289062
30.992451171875 -1.9 0.4758335571289062
30.803451171875 -1.9 0.4758335571289062
30.803451171875 -1.9 0.6688335571289062
31.2450234375 -1.9 0.3403845520019531
31.2450234375 -1.9 0.1473845520019531
31.0560234375 -1.9 0.1473845520019531
31.0560234375 -1.9 0.3403845520019531
31.2450234375 -1.9 0.6688335571289062
31.2450234375 -1.9 0.4758335571289062
31.0560234375 -1.9 0.4758335571289062
31.0560234375 -1.9 0.6688335571289062
31.518642578125 -1.9 0.3403845520019531
31.518642578125 -1.9 0.1473845520019531
31.329642578125 -1.9 0.1473845520019531
31.329642578125 -1.9 0.3403845520019531
31.518642578125 -1.9 0.6688335571289062
31.518642578125 -1.9 0.4758335571289062
31.329642578125 -1.9 0.4758335571289062
31.329642578125 -1.9 0.6688335571289062
31.77121484375 -1.9 0.3403845520019531
31.77121484375 -1.9 0.1473845520019531
31.58221484375 -1.9 0.1473845520019531
31.58221484375 -1.9 0.3403845520019531
31.77121484375 -1.9 0.6688335571289062
31.77121484375 -1.9 0.4758335571289062
31.58221484375 -1.9 0.4758335571289062
31.58221484375 -1.9 0.6688335571289062
32.055142578125 -1.9 0.3403845520019531
32.055142578125 -1.9 0.1473845520019531
31.866142578125 -1.9 0.1473845520019531
31.866142578125 -1.9 0.3403845520019531
32.055142578125 -1.9 0.6688335571289062
32.055142578125 -1.9 0.4758335571289062
31.866142578125 -1.9 0.4758335571289062
31.866142578125 -1.9 0.6688335571289062
32.329931640625 -1.9 0.3403845520019531
32.329931640625 -1.9 0.1473845520019531
32.140931640625 -1.9 0.1473845520019531
32.140931640625 -1.9 0.3403845520019531
32.329931640625 -1.9 0.6688335571289062
32.329931640625 -1.9 0.4758335571289062
32.140931640625 -1.9 0.4758335571289062
32.140931640625 -1.9 0.6688335571289062
32.616248046875 -1.9 0.3403845520019531
32.616248046875 -1.9 0.1473845520019531
32.427248046875 -1.9 0.1473845520019531
32.427248046875 -1.9 0.3403845520019531
32.616248046875 -1.9 0.6688335571289062
32.616248046875 -1.9 0.4758335571289062
32.427248046875 -1.9 0.4758335571289062
32.427248046875 -1.9 0.6688335571289062
32.87690625 -1.9 0.3403845520019531
32.87690625 -1.9 0.1473845520019531
32.68790625 -1.9 0.1473845520019531
32.68790625 -1.9 0.3403845520019531
32.87690625 -1.9 0.6688335571289062
32.87690625 -1.9 0.4758335571289062
32.68790625 -1.9 0.4758335571289062
32.68790625 -1.9 0.6688335571289062
33.1570546875 -1.9 0.3403845520019531
33.1570546875 -1.9 0.1473845520019531
32.9680546875 -1.9 0.1473845520019531
32.9680546875 -1.9 0.3403845520019531
33.1570546875 -1.9 0.6688335571289062
33.1570546875 -1.9 0.4758335571289062
32.9680546875 -1.9 0.4758335571289062
32.9680546875 -1.9 0.6688335571289062
33.4274609375 -1.9 0.3403845520019531
33.4274609375 -1.9 0.1473845520019531
33.2384609375 -1.9 0.1473845520019531
33.2384609375 -1.9 0.3403845520019531
33.4274609375 -1.9 0.6688335571289062
33.4274609375 -1.9 0.4758335571289062
33.2384609375 -1.9 0.4758335571289062
33.2384609375 -1.9 0.6688335571289062
33.6955703125 -1.9 0.3403845520019531
33.6955703125 -1.9 0.1473845520019531
33.5065703125 -1.9 0.1473845520019531
33.5065703125 -1.9 0.3403845520019531
33.6955703125 -1.9 0.6688335571289062
33.6955703125 -1.9 0.4758335571289062
33.5065703125 -1.9 0.4758335571289062
33.5065703125 -1.9 0.6688335571289062
33.95948046875 -1.9 0.3403845520019531
33.95948046875 -1.9 0.1473845520019531
33.77048046875 -1.9 0.1473845520019531
33.77048046875 -1.9 0.3403845520019531
33.95948046875 -1.9 0.6688335571289062
33.95948046875 -1.9 0.4758335571289062
33.77048046875 -1.9 0.4758335571289062
33.77048046875 -1.9 0.6688335571289062
34.2287109375 -1.9 0.3403845520019531
34.2287109375 -1.9 0.1473845520019531
34.0397109375 -1.9 0.1473845520019531
34.0397109375 -1.9 0.3403845520019531
34.2287109375 -1.9 0.6688335571289062
34.2287109375 -1.9 0.4758335571289062
34.0397109375 -1.9 0.4758335571289062
34.0397109375 -1.9 0.6688335571289062
30.0281953125 -1.9 -0.1473845520019531
30.2171953125 -1.9 -0.1473845520019531
30.2171953125 -1.9 -0.3403845520019531
30.0281953125 -1.9 -0.3403845520019531
30.0281953125 -1.9 -0.4758335571289062
30.2171953125 -1.9 -0.4758335571289062
30.2171953125 -1.9 -0.6688335571289062
30.0281953125 -1.9 -0.6688335571289062
30.280767578125 -1.9 -0.1473845520019531
30.469767578125 -1.9 -0.1473845520019531
30.469767578125 -1.9 -0.3403845520019531
30.280767578125 -1.9 -0.3403845520019531
30.280767578125 -1.9 -0.4758335571289062
30.469767578125 -1.9 -0.4758335571289062
30.469767578125 -1.9 -0.6688335571289062
30.280767578125 -1.9 -0.6688335571289062
30.52281640625 -1.9 -0.1473845520019531
30.71181640625 -1.9 -0.1473845520019531
30.71181640625 -1.9 -0.3403845520019531
30.52281640625 -1.9 -0.3403845520019531
30.52281640625 -1.9 -0.4758335571289062
30.71181640625 -1.9 -0.4758335571289062
30.71181640625 -1.9 -0.6688335571289062
30.52281640625 -1.9 -0.6688335571289062
30.803451171875 -1.9 -0.1473845520019531
30.992451171875 -1.9 -0.1473845520019531
30.992451171875 -1.9 -0.3403845520019531
30.803451171875 -1.9 -0.3403845520019531
30.803451171875 -1.9 -0.4758335571289062
30.992451171875 -1.9 -0.4758335571289062
30.992451171875 -1.9 -0.6688335571289062
30.803451171875 -1.9 -0.6688335571289062
31.0560234375 -1.9 -0.1473845520019531
31.2450234375 -1.9 -0.1473845520019531
31.2450234375 -1.9 -0.3403845520019531
31.0560234375 -1.9 -0.3403845520019531
31.0560234375 -1.9 -0.4758335571289062
31.2450234375 -1.9 -0.4758335571289062
31.2450234375 -1.9 -0.6688335571289062
31.0560234375 -1.9 -0.6688335571289062
31.329642578125 -1.9 -0.1473845520019531
31.518642578125 -1.9 -0.1473845520019531
31.518642578125 -1.9 -0.3403845520019531
31.329642578125 -1.9 -0.3403845520019531
31.329642578125 -1.9 -0.4758335571289062
31.518642578125 -1.9 -0.4758335571289062
31.518642578125 -1.9 -0.6688335571289062
31.329642578125 -1.9 -0.6688335571289062
31.58221484375 -1.9 -0.1473845520019531
31.77121484375 -1.9 -0.1473845520019531
31.77121484375 -1.9 -0.3403845520019531
31.58221484375 -1.9 -0.3403845520019531
31.58221484375 -1.9 -0.4758335571289062
31.77121484375 -1.9 -0.4758335571289062
31.77121484375 -1.9 -0.6688335571289062
31.58221484375 -1.9 -0.6688335571289062
31.866142578125 -1.9 -0.1473845520019531
32.055142578125 -1.9 -0.1473845520019531
32.055142578125 -1.9 -0.3403845520019531
31.866142578125 -1.9 -0.3403845520019531
31.866142578125 -1.9 -0.4758335571289062
32.055142578125 -1.9 -0.4758335571289062
32.055142578125 -1.9 -0.6688335571289062
31.866142578125 -1.9 -0.6688335571289062
32.140931640625 -1.9 -0.1473845520019531
32.329931640625 -1.9 -0.1473845520019531
32.329931640625 -1.9 -0.3403845520019531
32.140931640625 -1.9 -0.3403845520019531
32.140931640625 -1.9 -0.4758335571289062
32.329931640625 -1.9 -0.4758335571289062
32.329931640625 -1.9 -0.6688335571289062
32.140931640625 -1.9 -0.6688335571289062
32.427248046875 -1.9 -0.1473845520019531
32.616248046875 -1.9 -0.1473845520019531
32.616248046875 -1.9 -0.3403845520019531
32.427248046875 -1.9 -0.3403845520019531
32.427248046875 -1.9 -0.4758335571289062
32.616248046875 -1.9 -0.4758335571289062
32.616248046875 -1.9 -0.6688335571289062
32.427248046875 -1.9 -0.6688335571289062
32.68790625 -1.9 -0.1473845520019531
32.87690625 -1.9 -0.1473845520019531
32.87690625 -1.9 -0.3403845520019531
32.68790625 -1.9 -0.3403845520019531
32.68790625 -1.9 -0.4758335571289062
32.87690625 -1.9 -0.4758335571289062
32.87690625 -1.9 -0.6688335571289062
32.68790625 -1.9 -0.6688335571289062
32.9680546875 -1.9 -0.1473845520019531
33.1570546875 -1.9 -0.1473845520019531
33.1570546875 -1.9 -0.3403845520019531
32.9680546875 -1.9 -0.3403845520019531
32.9680546875 -1.9 -0.4758335571289062
33.1570546875 -1.9 -0.4758335571289062
33.1570546875 -1.9 -0.6688335571289062
32.9680546875 -1.9 -0.6688335571289062
33.2384609375 -1.9 -0.1473845520019531
33.4274609375 -1.9 -0.1473845520019531
33.4274609375 -1.9 -0.3403845520019531
33.2384609375 -1.9 -0.3403845520019531
33.2384609375 -1.9 -0.4758335571289062
33.4274609375 -1.9 -0.4758335571289062
33.4274609375 -1.9 -0.6688335571289062
33.2384609375 -1.9 -0.6688335571289062
33.5065703125 -1.9 -0.1473845520019531
33.6955703125 -1.9 -0.1473845520019531
33.6955703125 -1.9 -0.3403845520019531
33.5065703125 -1.9 -0.3403845520019531
33.5065703125 -1.9 -0.4758335571289062
33.6955703125 -1.9 -0.4758335571289062
33.6955703125 -1.9 -0.6688335571289062
33.5065703125 -1.9 -0.6688335571289062
33.77048046875 -1.9 -0.1473845520019531
33.95948046875 -1.9 -0.1473845520019531
33.95948046875 -1.9 -0.3403845520019531
33.77048046875 -1.9 -0.3403845520019531
33.77048046875 -1.9 -0.4758335571289062
33.95948046875 -1.9 -0.4758335571289062
33.95948046875 -1.9 -0.6688335571289062
33.77048046875 -1.9 -0.6688335571289062
34.0397109375 -1.9 -0.1473845520019531
34.2287109375 -1.9 -0.1473845520019531
34.2287109375 -1.9 -0.3403845520019531
34.0397109375 -1.9 -0.3403845520019531
34.0397109375 -1.9 -0.4758335571289062
34.2287109375 -1.9 -0.4758335571289062
34.2287109375 -1.9 -0.6688335571289062
34.0397109375 -1.9 -0.6688335571289062

CELLS 6864 27456
3 183 0 33
3 0 1 33
3 1 2 32
3 2 3 32
3 3 4 5
3 5 6 31
3 6 7 31
3 7 8 31
3 8 9 31
3 9 10 30
3 10 11 25
3 11 12 24
3 12 13 23
3 13 14 23
3 14 15 23
3 15 16 23
3 16 17 22
3 17 18 22
3 18 19 20
3 20 21 18
3 21 22 18
3 22 23 16
3 23 24 12
3 24 25 11
3 25 26 10
3 26 27 10
3 27 28 10
3 28 29 30
3 30 31 9
3 31 32 3
3 32 33 1
3 33 34 183
3 34 35 183
3 35 36 182
3 36 37 180
3 37 38 178
3 38 39 176
3 39 40 175
3 40 41 174
3 41 42 173
3 42 43 171
3 43 44 168
3 44 45 168
3 45 46 167
3 46 47 167
3 47 48 49
3 49 50 166
3 50 51 160
3 51 52 158
3 52 53 156
3 53 54 156
3 54 55 155
3 55 56 153
3 56 57 151
3 57 58 150
3 58 59 149
3 59 60 148
3 60 61 146
3 61 62 145
3 62 63 142
3 63 64 142
3 64 65 141
3 65 66 141
3 66 67 68
3 68 69 140
3 69 70 134
3 70 71 132
3 71 72 130
3 72 73 130
3 73 74 129
3 74 75 127
3 75 76 125
3 76 77 124
3 77 78 123
3 78 79 122
3 79 80 120
3 80 81 119
3 81 82 116
3 82 83 116
3 83 84 115
3 84 85 115
3 85 86 87
3 87 88 114
3 88 89 108
3 89 90 106
3 90 91 104
3 91 92 104
3 92 93 103
3 93 94 100
3 94 95 98
3 95 21 96
3 21 20 96
3 20 19 96
3 96 97 95
3 97 98 95
3 98 99 94
3 99 100 94
3 100 101 93
3 101 102 93
3 102 103 93
3 103 104 92
3 104 105 90
3 105 106 90
3 106 107 89
3 107 108 89
3 108 109 110
3 110 111 88
3 111 112 88
3 112 113 88
3 113 114 88
3 114 115 87
3 115 116 83
3 116 117 81
3 117 118 81
3 118 119 81
3 119 120 80
3 120 121 79
3 121 122 79
3 122 123 78
3 123 124 77
3 124 125 76
3 125 126 75
3 126 127 75
3 127 128 74
3 128 129 74
3 129 130 73
3 130 131 71
3 131 132 71
3 132 133 70
3 133 134 70
3 134 135 136
3 136 137 69
3 137 138 69
3 138 139 69
3 139 140 69
3 140 141 68
3 141 142 64
3 142 143 62
3 143 144 62
3 144 145 62
3 145 146 61
3 146 147 60
3 147 148 60
3 148 149 59
3 149 150 58
3 150 151 57
3 151 152 56
3 152 153 56
3 153 154 55
3 154 155 55
3 155 156 54
3 156 157 52
3 157 158 52
3 158 159 51
3 159 160 51
3 160 161 162
3 162 163 50
3 163 164 50
3 164 165 50
3 165 166 50
3 166 167 49
3 167 168 45
3 168 169 43
3 169 170 43
3 170 171 43
3 171 172 42
3 172 173 42
3 173 174 41
3 174 175 40
3 175 176 39
3 176 177 38
3 177 178 38
3 178 179 37
3 179 180 37
3 180 181 36
3 181 182 36
3 182 183 35
3 3 5 31
3 30 10 28
3 167 47 49
3 50 160 162
3 141 66 68
3 69 134 136
3 115 85 87
3 88 108 110
3 32 31 33
3 31 184 33
3 33 184 207
3 184 185 207
3 207 185 206
3 185 244 206
3 206 244 205
3 244 245 205
3 205 245 204
3 245 246 204
3 204 256 203
3 256 257 203
3 203 257 202
3 257 258 202
3 258 259 202
3 259 247 202
3 202 247 50
3 247 248 50
3 50 248 51
3 248 249 51
3 51 201 52
3 256 204 255
3 51 249 201
3 255 204 254
3 254 204 253
3 204 246 253
3 253 246 252
3 246 234 252
3 252 234 251
3 234 235 251
3 251 235 250
3 235 236 250
3 250 236 249
3 236 237 249
3 249 237 201
3 237 238 201
3 201 238 200
3 238 239 200
3 200 267 199
3 267 268 199
3 199 269 198
3 269 270 198
3 198 270 197
3 270 271 197
3 197 271 196
3 271 272 196
3 272 260 196
3 260 261 196
3 196 261 69
3 261 262 69
3 69 262 70
3 262 263 70
3 70 263 71
3 267 200 266
3 266 200 265
3 200 239 265
3 265 239 264
3 239 240 264
3 264 240 263
3 244 185 243
3 243 185 242
3 185 186 242
3 242 186 241
3 186 187 241
3 241 187 240
3 187 188 240
3 240 222 263
3 222 223 263
3 263 195 71
3 269 199 268
3 195 263 194
3 263 215 194
3 194 217 193
3 217 218 193
3 193 218 192
3 218 219 192
3 192 219 191
3 219 220 191
3 191 220 190
3 220 208 190
3 190 208 88
3 208 209 88
3 88 209 89
3 209 210 89
3 89 210 90
3 210 229 90
3 90 229 189
3 229 230 189
3 189 230 188
3 230 231 188
3 188 232 240
3 232 233 240
3 240 221 222
3 215 263 214
3 263 213 214
3 217 194 216
3 194 215 216
3 229 210 228
3 210 211 228
3 228 211 227
3 211 212 227
3 227 212 226
3 213 263 212
3 212 263 226
3 263 225 226
3 224 263 223
3 225 263 224
3 232 188 231
3 221 240 233
3 28 27 29
3 27 273 29
3 84 274 85
3 274 86 85
3 46 275 47
3 275 48 47
3 65 276 66
3 276 67 66
3 4 277 5
3 277 278 5
3 181 279 182
3 279 280 182
3 182 280 183
3 280 281 183
3 183 281 0
3 158 282 159
3 282 283 159
3 159 283 160
3 283 284 160
3 29 273 30
3 273 285 30
3 30 285 286
3 157 287 282
3 158 157 282
3 303 33 207
3 303 34 33
3 302 35 34
3 301 36 35
3 300 37 36
3 299 38 37
3 298 39 38
3 297 40 39
3 296 41 40
3 295 42 41
3 294 43 42
3 293 44 43
3 291 45 44
3 289 46 45
3 288 275 46
3 46 289 288
3 45 290 289
3 45 291 290
3 44 292 291
3 44 293 292
3 43 294 293
3 42 295 294
3 41 296 295
3 40 297 296
3 39 298 297
3 38 299 298
3 37 300 299
3 36 301 300
3 35 302 301
3 34 303 302
3 315 169 316
3 315 170 169
3 314 171 170
3 313 172 171
3 312 173 172
3 311 174 173
3 310 175 174
3 309 176 175
3 308 177 176
3 307 178 177
3 305 179 178
3 305 180 179
3 304 181 180
3 304 279 181
3 180 305 304
3 178 306 305
3 178 307 306
3 177 308 307
3 176 309 308
3 175 310 309
3 174 311 310
3 173 312 311
3 172 313 312
3 171 314 313
3 170 315 314
3 5 278 6
3 278 317 6
3 6 317 7
3 317 318 7
3 286 319 30
3 319 184 30
3 30 184 31
3 160 284 161
3 284 320 161
3 165 321 166
3 321 322 166
3 166 322 167
3 322 316 167
3 167 316 168
3 316 169 168
3 7 318 8
3 318 323 8
3 109 324 110
3 324 325 110
3 161 320 162
3 320 326 162
3 135 327 136
3 327 328 136
3 102 329 103
3 329 330 103
3 103 330 104
3 330 331 104
3 104 331 105
3 128 332 129
3 332 333 129
3 129 333 130
3 333 334 130
3 130 334 131
3 154 335 155
3 335 336 155
3 155 336 156
3 336 287 156
3 156 287 157
3 132 337 133
3 337 338 133
3 133 338 134
3 338 339 134
3 106 340 107
3 340 341 107
3 107 341 108
3 341 342 108
3 1 343 2
3 343 344 2
3 2 344 3
3 344 345 3
3 49 48 289
3 48 288 289
3 288 48 275
3 68 67 347
3 67 346 347
3 346 67 276
3 87 86 349
3 86 348 349
3 348 86 274
3 0 281 343
3 1 0 343
3 105 331 340
3 106 105 340
3 131 334 337
3 132 131 337
3 363 90 189
3 363 91 90
3 362 92 91
3 361 93 92
3 360 94 93
3 359 95 94
3 357 21 95
3 356 22 21
3 354 23 22
3 353 24 23
3 352 25 24
3 351 26 25
3 350 27 26
3 285 273 27
3 27 286 285
3 350 319 286
3 26 351 350
3 25 352 351
3 24 353 352
3 23 354 353
3 22 355 354
3 22 356 355
3 21 357 356
3 95 358 357
3 95 359 358
3 94 360 359
3 93 361 360
3 92 362 361
3 91 363 362
3 286 27 350
3 377 71 195
3 377 72 71
3 376 73 72
3 375 74 73
3 374 75 74
3 373 76 75
3 372 77 76
3 371 78 77
3 370 79 78
3 369 80 79
3 368 81 80
3 367 82 81
3 365 83 82
3 349 84 83
3 348 274 84
3 84 349 348
3 83 364 349
3 83 365 364
3 82 366 365
3 82 367 366
3 81 368 367
3 80 369 368
3 79 370 369
3 78 371 370
3 77 372 371
3 76 373 372
3 75 374 373
3 74 375 374
3 73 376 375
3 72 377 376
3 391 52 201
3 391 53 52
3 390 54 53
3 389 55 54
3 388 56 55
3 387 57 56
3 386 58 57
3 385 59 58
3 384 60 59
3 383 61 60
3 382 62 61
3 381 63 62
3 379 64 63
3 347 65 64
3 346 276 65
3 65 347 346
3 64 378 347
3 64 379 378
3 63 380 379
3 63 381 380
3 62 382 381
3 61 383 382
3 60 384 383
3 59 385 384
3 58 386 385
3 57 387 386
3 56 388 387
3 55 389 388
3 54 390 389
3 53 391 390
3 403 117 404
3 403 118 117
3 402 119 118
3 401 120 119
3 400 121 120
3 399 122 121
3 397 123 122
3 396 124 123
3 395 125 124
3 394 126 125
3 393 127 126
3 392 128 127
3 392 332 128
3 127 393 392
3 126 394 393
3 125 395 394
3 124 396 395
3 123 397 396
3 122 398 397
3 122 399 398
3 121 400 399
3 120 401 400
3 119 402 401
3 118 403 402
3 416 143 417
3 416 144 143
3 415 145 144
3 414 146 145
3 413 147 146
3 412 148 147
3 410 149 148
3 409 150 149
3 408 151 150
3 407 152 151
3 406 153 152
3 405 154 153
3 405 335 154
3 153 406 405
3 152 407 406
3 151 408 407
3 150 409 408
3 149 410 409
3 148 411 410
3 148 412 411
3 147 413 412
3 146 414 413
3 145 415 414
3 144 416 415
3 13 12 430
3 429 14 13
3 428 15 14
3 427 16 15
3 426 17 16
3 425 18 17
3 424 19 18
3 423 96 19
3 422 97 96
3 421 98 97
3 420 99 98
3 419 100 99
3 418 101 100
3 329 102 101
3 101 418 329
3 100 419 418
3 99 420 419
3 98 421 420
3 97 422 421
3 96 423 422
3 19 424 423
3 18 425 424
3 17 426 425
3 16 427 426
3 15 428 427
3 14 429 428
3 13 430 429
3 162 326 163
3 326 431 163
3 163 431 164
3 431 432 164
3 136 328 137
3 328 433 137
3 137 433 138
3 433 434 138
3 110 325 111
3 325 435 111
3 111 435 112
3 435 436 112
3 347 378 68
3 378 196 68
3 68 196 69
3 289 290 49
3 290 202 49
3 49 202 50
3 349 364 87
3 364 190 87
3 87 190 88
3 108 342 109
3 342 324 109
3 3 345 4
3 345 277 4
3 134 339 135
3 339 327 135
3 8 323 9
3 323 437 9
3 9 437 10
3 437 430 10
3 10 430 11
3 430 12 11
3 113 438 114
3 438 439 114
3 114 439 115
3 439 404 115
3 115 404 116
3 404 117 116
3 139 440 140
3 440 441 140
3 140 441 141
3 441 417 141
3 141 417 142
3 417 143 142
3 164 432 165
3 432 321 165
3 138 434 139
3 434 440 139
3 112 436 113
3 436 438 113
3 467 442 466
3 442 443 466
3 466 443 465
3 443 444 465
3 465 444 464
3 444 445 464
3 464 445 463
3 445 446 463
3 463 446 462
3 446 447 462
3 462 447 461
3 447 448 461
3 461 448 460
3 448 449 460
3 460 449 459
3 449 450 459
3 459 450 458
3 450 451 458
3 458 451 457
3 451 452 457
3 457 452 456
3 452 453 456
3 456 453 455
3 453 454 455
3 185 184 319
3 319 350 185
3 350 351 185
3 351 352 185
3 352 353 185
3 353 354 186
3 354 355 186
3 355 356 186
3 356 357 187
3 357 358 187
3 358 359 187
3 359 360 188
3 360 361 188
3 361 362 188
3 362 363 188
3 363 189 188
3 188 187 359
3 187 186 356
3 186 185 353
3 190 364 191
3 364 365 191
3 365 366 191
3 366 367 191
3 367 368 191
3 368 369 192
3 369 370 192
3 370 371 192
3 371 372 193
3 372 373 193
3 373 374 193
3 374 375 194
3 375 376 194
3 376 377 194
3 377 195 194
3 194 193 374
3 193 192 371
3 192 191 368
3 202 290 203
3 290 291 203
3 291 292 203
3 292 293 203
3 293 294 203
3 294 295 204
3 295 296 204
3 296 297 204
3 297 298 205
3 298 299 205
3 299 300 205
3 300 301 206
3 301 302 206
3 302 303 206
3 303 207 206
3 206 205 300
3 205 204 297
3 204 203 294
3 197 196 378
3 378 379 197
3 379 380 197
3 380 381 197
3 381 382 197
3 382 383 198
3 383 384 198
3 384 385 198
3 385 386 199
3 386 387 199
3 387 388 199
3 388 389 200
3 389 390 200
3 390 391 200
3 391 201 200
3 200 199 388
3 199 198 385
3 198 197 382
3 576 468 470
3 469 470 468
3 471 472 322
3 472 473 322
3 473 474 316
3 474 475 315
3 475 476 313
3 476 477 312
3 477 478 310
3 478 479 309
3 479 480 308
3 480 481 307
3 481 482 306
3 482 483 304
3 483 484 280
3 484 485 280
3 485 486 491
3 486 487 490
3 487 488 489
3 489 490 487
3 490 491 486
3 491 492 344
3 492 493 323
3 493 494 498
3 494 495 497
3 496 497 495
3 498 499 437
3 499 500 437
3 500 501 430
3 501 502 430
3 502 503 427
3 503 504 426
3 504 505 424
3 505 423 424
3 424 425 504
3 425 426 504
3 426 427 503
3 427 428 502
3 428 429 502
3 429 430 502
3 430 437 500
3 437 323 493
3 323 318 492
3 318 317 492
3 317 278 492
3 278 277 492
3 277 345 492
3 345 344 492
3 344 343 281
3 281 280 491
3 280 279 483
3 279 304 483
3 304 305 482
3 305 306 482
3 306 307 481
3 307 308 480
3 308 309 479
3 309 310 478
3 310 311 477
3 311 312 477
3 312 313 476
3 313 314 475
3 314 315 475
3 315 316 474
3 316 322 473
3 322 321 575
3 321 432 574
3 432 431 574
3 431 326 574
3 326 320 574
3 320 284 574
3 284 283 574
3 283 282 287
3 287 336 573
3 336 335 565
3 335 405 565
3 405 406 564
3 406 407 564
3 407 408 563
3 408 409 562
3 409 410 561
3 410 411 560
3 411 412 559
3 412 413 558
3 413 414 557
3 414 415 556
3 415 416 556
3 416 417 555
3 417 441 554
3 441 440 547
3 440 434 546
3 434 433 546
3 433 328 546
3 328 327 546
3 327 339 546
3 339 338 546
3 338 337 334
3 334 333 545
3 333 332 537
3 332 392 537
3 392 393 536
3 393 394 536
3 394 395 535
3 395 396 534
3 396 397 533
3 397 398 532
3 398 399 531
3 399 400 530
3 400 401 529
3 401 402 528
3 402 403 528
3 403 404 527
3 404 439 526
3 439 438 519
3 438 436 518
3 436 435 518
3 435 325 518
3 325 324 518
3 324 342 518
3 342 341 518
3 341 340 331
3 331 330 517
3 330 329 509
3 329 418 508
3 418 419 508
3 419 420 508
3 420 421 507
3 421 422 506
3 422 423 505
3 505 506 422
3 506 507 421
3 507 508 420
3 508 509 329
3 509 510 330
3 510 511 330
3 511 512 517
3 512 513 516
3 513 514 515
3 515 516 513
3 516 517 512
3 517 518 341
3 518 519 438
3 519 520 524
3 520 521 523
3 522 523 521
3 524 525 439
3 525 526 439
3 526 527 404
3 527 528 403
3 528 529 401
3 529 530 400
3 530 531 399
3 531 532 398
3 532 533 397
3 533 534 396
3 534 535 395
3 535 536 394
3 536 537 392
3 537 538 333
3 538 539 333
3 539 540 545
3 540 541 544
3 541 542 543
3 543 544 541
3 544 545 540
3 545 546 338
3 546 547 440
3 547 548 552
3 548 549 551
3 550 551 549
3 552 553 441
3 553 554 441
3 554 555 417
3 555 556 416
3 556 557 414
3 557 558 413
3 558 559 412
3 559 560 411
3 560 561 410
3 561 562 409
3 562 563 408
3 563 564 407
3 564 565 405
3 565 566 336
3 566 567 336
3 567 568 573
3 568 569 572
3 569 570 571
3 571 572 569
3 572 573 568
3 573 574 283
3 574 575 321
3 575 576 471
3 576 470 471
3 471 322 575
3 280 485 491
3 491 344 281
3 493 498 437
3 498 494 497
3 283 287 573
3 573 336 567
3 441 547 552
3 338 334 545
3 545 333 539
3 439 519 524
3 341 331 517
3 517 330 511
3 524 520 523
3 552 548 551
3 577 578 443
3 577 443 442
3 578 579 444
3 578 444 443
3 579 580 445
3 579 445 444
3 580 581 446
3 580 446 445
3 581 582 447
3 581 447 446
3 582 583 448
3 582 448 447
3 583 584 449
3 583 449 448
3 584 585 450
3 584 450 449
3 585 586 451
3 585 451 450
3 586 587 452
3 586 452 451
3 587 588 453
3 587 453 452
3 588 589 454
3 588 454 453
3 589 590 455
3 589 455 454
3 590 591 456
3 590 456 455
3 591 592 457
3 591 457 456
3 592 593 458
3 592 458 457
3 593 594 459
3 593 459 458
3 594 595 460
3 594 460 459
3 595 596 461
3 595 461 460
3 596 597 462
3 596 462 461
3 597 598 463
3 597 463 462
3 598 599 464
3 598 464 463
3 599 600 465
3 599 465 464
3 600 601 466
3 600 466 465
3 601 602 467
3 601 467 466
3 602 577 442
3 602 442 467
3 603 604 607
3 603 607 606
3 604 605 608
3 604 608 607
3 609 610 613
3 609 613 612
3 610 611 614
3 610 614 613
3 615 616 619
3 615 619 618
3 616 617 620
3 616 620 619
3 621 622 625
3 621 625 624
3 622 623 626
3 622 626 625
3 627 628 631
3 627 631 630
3 628 629 632
3 628 632 631
3 633 634 637
3 633 637 636
3 634 635 638
3 634 638 637
3 639 640 643
3 639 643 642
3 640 641 644
3 640 644 643
3 645 646 649
3 645 649 648
3 646 647 650
3 646 650 649
3 651 652 655
3 651 655 654
3 652 653 656
3 652 656 655
3 657 658 661
3 657 661 660
3 658 659 662
3 658 662 661
3 663 664 667
3 663 667 666
3 664 665 668
3 664 668 667
3 669 670 673
3 669 673 672
3 670 671 674
3 670 674 673
3 675 676 679
3 675 679 678
3 676 677 680
3 676 680 679
3 681 682 685
3 681 685 684
3 682 683 686
3 682 686 685
3 687 688 691
3 687 691 690
3 688 689 692
3 688 692 691
3 693 694 697
3 693 697 696
3 694 695 698
3 694 698 697
3 699 700 703
3 699 703 702
3 700 701 704
3 700 704 703
3 705 706 709
3 705 709 708
3 706 707 710
3 706 710 709
3 711 712 715
3 711 715 714
3 712 713 716
3 712 716 715
3 717 718 721
3 717 721 720
3 718 719 722
3 718 722 721
3 723 724 727
3 723 727 726
3 724 725 728
3 724 728 727
3 729 730 733
3 729 733 732
3 730 731 734
3 730 734 733
3 735 736 739
3 735 739 738
3 736 737 740
3 736 740 739
3 741 742 745
3 741 745 744
3 742 743 746
3 742 746 745
3 747 748 751
3 747 751 750
3 748 749 752
3 748 752 751
3 753 754 757
3 753 757 756
3 754 755 758
3 754 758 757
3 759 760 763
3 759 763 762
3 760 761 764
3 760 764 763
3 765 766 769
3 765 769 768
3 766 767 770
3 766 770 769
3 771 772 775
3 771 775 774
3 772 773 776
3 772 776 775
3 777 778 781
3 777 781 780
3 778 779 782
3 778 782 781
3 783 784 787
3 783 787 786
3 784 785 788
3 784 788 787
3 789 790 793
3 789 793 792
3 790 791 794
3 790 794 793
3 795 796 799
3 795 799 798
3 796 797 800
3 796 800 799
3 801 802 805
3 801 805 804
3 802 803 806
3 802 806 805
3 807 808 811
3 807 811 810
3 808 809 812
3 808 812 811
3 813 814 817
3 813 817 816
3 814 815 818
3 814 818 817
3 819 820 823
3 819 823 822
3 820 821 824
3 820 824 823
3 825 826 829
3 825 829 828
3 826 827 830
3 826 830 829
3 831 832 835
3 831 835 834
3 832 833 836
3 832 836 835
3 837 838 841
3 837 841 840
3 838 839 842
3 838 842 841
3 843 844 847
3 843 847 846
3 844 845 848
3 844 848 847
3 849 850 853
3 849 853 852
3 850 851 854
3 850 854 853
3 855 856 859
3 855 859 858
3 856 857 860
3 856 860 859
3 861 862 865
3 861 865 864
3 862 863 866
3 862 866 865
3 867 868 871
3 867 871 870
3 868 869 872
3 868 872 871
3 873 874 877
3 873 877 876
3 874 875 878
3 874 878 877
3 879 880 883
3 879 883 882
3 880 881 884
3 880 884 883
3 885 886 889
3 885 889 888
3 886 887 890
3 886 890 889
3 891 892 895
3 891 895 894
3 892 893 896
3 892 896 895
3 897 898 901
3 897 901 900
3 898 899 902
3 898 902 901
3 903 904 907
3 903 907 906
3 904 905 908
3 904 908 907
3 909 910 913
3 909 913 912
3 910 911 914
3 910 914 913
3 915 916 919
3 915 919 918
3 916 917 920
3 916 920 919
3 921 922 925
3 921 925 924
3 922 923 926
3 922 926 925
3 927 928 931
3 927 931 930
3 928 929 932
3 928 932 931
3 933 934 937
3 933 937 936
3 934 935 938
3 934 938 937
3 939 940 943
3 939 943 942
3 940 941 944
3 940 944 943
3 945 946 949
3 945 949 948
3 946 947 950
3 946 950 949
3 951 952 955
3 951 955 954
3 952 953 956
3 952 956 955
3 957 958 961
3 957 961 960
3 958 959 962
3 958 962 961
3 963 964 967
3 963 967 966
3 964 965 968
3 964 968 967
3 969 970 973
3 969 973 972
3 970 971 974
3 970 974 973
3 975 976 979
3 975 979 978
3 976 977 980
3 976 980 979
3 981 982 985
3 981 985 984
3 982 983 986
3 982 986 985
3 987 988 991
3 987 991 990
3 988 989 992
3 988 992 991
3 993 994 997
3 993 997 996
3 994 995 998
3 994 998 997
3 999 1000 1003
3 999 1003 1002
3 1000 1001 1004
3 1000 1004 1003
3 1005 1006 1009
3 1005 1009 1008
3 1006 1007 1010
3 1006 1010 1009
3 1011 1012 1015
3 1011 1015 1014
3 1012 1013 1016
3 1012 1016 1015
3 1017 1018 1021
3 1017 1021 1020
3 1018 1019 1022
3 1018 1022 1021
3 1023 1024 1027
3 1023 1027 1026
3 1024 1025 1028
3 1024 1028 1027
3 1029 1030 1033
3 1029 1033 1032
3 1030 1031 1034
3 1030 1034 1033
3 1035 1036 1039
3 1035 1039 1038
3 1036 1037 1040
3 1036 1040 1039
3 1041 1042 1045
3 1041 1045 1044
3 1042 1043 1046
3 1042 1046 1045
3 1047 1048 1051
3 1047 1051 1050
3 1048 1049 1052
3 1048 1052 1051
3 1053 1054 1057
3 1053 1057 1056
3 1054 1055 1058
3 1054 1058 1057
3 1059 1060 1063
3 1059 1063 1062
3 1060 1061 1064
3 1060 1064 1063
3 1065 1066 1069
3 1065 1069 1068
3 1066 1067 1070
3 1066 1070 1069
3 1071 1072 1075
3 1071 1075 1074
3 1072 1073 1076
3 1072 1076 1075
3 1077 1078 1081
3 1077 1081 1080
3 1078 1079 1082
3 1078 1082 1081
3 1083 1084 1087
3 1083 1087 1086
3 1084 1085 1088
3 1084 1088 1087
3 1089 1090 1093
3 1089 1093 1092
3 1090 1091 1094
3 1090 1094 1093
3 1095 1096 1099
3 1095 1099 1098
3 1096 1097 1100
3 1096 1100 1099
3 1101 1102 1105
3 1101 1105 1104
3 1102 1103 1106
3 1102 1106 1105
3 1107 1108 1111
3 1107 1111 1110
3 1108 1109 1112
3 1108 1112 1111
3 1113 1114 1117
3 1113 1117 1116
3 1114 1115 1118
3 1114 1118 1117
3 1119 1120 1123
3 1119 1123 1122
3 1120 1121 1124
3 1120 1124 1123
3 1125 1126 1129
3 1125 1129 1128
3 1126 1127 1130
3 1126 1130 1129
3 1131 1132 1135
3 1131 1135 1134
3 1132 1133 1136
3 1132 1136 1135
3 1137 1138 1141
3 1137 1141 1140
3 1138 1139 1142
3 1138 1142 1141
3 1143 1144 1147
3 1143 1147 1146
3 1144 1145 1148
3 1144 1148 1147
3 1149 1150 1153
3 1149 1153 1152
3 1150 1151 1154
3 1150 1154 1153
3 1155 1156 1159
3 1155 1159 1158
3 1156 1157 1160
3 1156 1160 1159
3 1161 1162 1165
3 1161 1165 1164
3 1162 1163 1166
3 1162 1166 1165
3 1167 1168 1171
3 1167 1171 1170
3 1168 1169 1172
3 1168 1172 1171
3 1173 1174 1177
3 1173 1177 1176
3 1174 1175 1178
3 1174 1178 1177
3 1179 1180 1183
3 1179 1183 1182
3 1180 1181 1184
3 1180 1184 1183
3 1185 1186 1189
3 1185 1189 1188
3 1186 1187 1190
3 1186 1190 1189
3 1191 1192 1195
3 1191 1195 1194
3 1192 1193 1196
3 1192 1196 1195
3 1197 1198 1201
3 1197 1201 1200
3 1198 1199 1202
3 1198 1202 1201
3 1203 1204 1207
3 1203 1207 1206
3 1204 1205 1208
3 1204 1208 1207
3 1209 1210 1213
3 1209 1213 1212
3 1210 1211 1214
3 1210 1214 1213
3 1215 1216 1219
3 1215 1219 1218
3 1216 1217 1220
3 1216 1220 1219
3 1221 1222 1225
3 1221 1225 1224
3 1222 1223 1226
3 1222 1226 1225
3 1227 1228 1231
3 1227 1231 1230
3 1228 1229 1232
3 1228 1232 1231
3 1233 1234 1237
3 1233 1237 1236
3 1234 1235 1238
3 1234 1238 1237
3 1239 1240 1243
3 1239 1243 1242
3 1240 1241 1244
3 1240 1244 1243
3 1245 1246 1249
3 1245 1249 1248
3 1246 1247 1250
3 1246 1250 1249
3 1251 1252 1255
3 1251 1255 1254
3 1252 1253 1256
3 1252 1256 1255
3 1257 1258 1261
3 1257 1261 1260
3 1258 1259 1262
3 1258 1262 1261
3 1263 1264 1267
3 1263 1267 1266
3 1264 1265 1268
3 1264 1268 1267
3 1269 1270 1273
3 1269 1273 1272
3 1270 1271 1274
3 1270 1274 1273
3 1275 1276 1279
3 1275 1279 1278
3 1276 1277 1280
3 1276 1280 1279
3 1281 1282 1285
3 1281 1285 1284
3 1282 1283 1286
3 1282 1286 1285
3 1287 1288 1291
3 1287 1291 1290
3 1288 1289 1292
3 1288 1292 1291
3 1293 1294 1297
3 1293 1297 1296
3 1294 1295 1298
3 1294 1298 1297
3 1299 1300 1303
3 1299 1303 1302
3 1300 1301 1304
3 1300 1304 1303
3 1305 1306 1309
3 1305 1309 1308
3 1306 1307 1310
3 1306 1310 1309
3 1311 1312 1315
3 1311 1315 1314
3 1312 1313 1316
3 1312 1316 1315
3 1317 1318 1321
3 1317 1321 1320
3 1318 1319 1322
3 1318 1322 1321
3 1323 1324 1327
3 1323 1327 1326
3 1324 1325 1328
3 1324 1328 1327
3 1329 1330 1333
3 1329 1333 1332
3 1330 1331 1334
3 1330 1334 1333
3 1335 1336 1339
3 1335 1339 1338
3 1336 1337 1340
3 1336 1340 1339
3 1341 1342 1345
3 1341 1345 1344
3 1342 1343 1346
3 1342 1346 1345
3 1347 1348 1351
3 1347 1351 1350
3 1348 1349 1352
3 1348 1352 1351
3 1353 1354 1357
3 1353 1357 1356
3 1354 1355 1358
3 1354 1358 1357
3 1359 1360 1363
3 1359 1363 1362
3 1360 1361 1364
3 1360 1364 1363
3 1365 1366 1369
3 1365 1369 1368
3 1366 1367 1370
3 1366 1370 1369
3 1371 1372 1375
3 1371 1375 1374
3 1372 1373 1376
3 1372 1376 1375
3 1377 1378 1381
3 1377 1381 1380
3 1378 1379 1382
3 1378 1382 1381
3 1383 1384 1387
3 1383 1387 1386
3 1384 1385 1388
3 1384 1388 1387
3 1389 1390 1393
3 1389 1393 1392
3 1390 1391 1394
3 1390 1394 1393
3 1395 1396 1399
3 1395 1399 1398
3 1396 1397 1400
3 1396 1400 1399
3 1401 1402 1405
3 1401 1405 1404
3 1402 1403 1406
3 1402 1406 1405
3 1407 1408 1411
3 1407 1411 1410
3 1408 1409 1412
3 1408 1412 1411
3 1413 1414 1417
3 1413 1417 1416
3 1414 1415 1418
3 1414 1418 1417
3 1419 1420 1423
3 1419 1423 1422
3 1420 1421 1424
3 1420 1424 1423
3 1425 1426 1429
3 1425 1429 1428
3 1426 1427 1430
3 1426 1430 1429
3 1431 1432 1435
3 1431 1435 1434
3 1432 1433 1436
3 1432 1436 1435
3 1437 1438 1441
3 1437 1441 1440
3 1438 1439 1442
3 1438 1442 1441
3 1443 1444 1447
3 1443 1447 1446
3 1444 1445 1448
3 1444 1448 1447
3 1449 1450 1453
3 1449 1453 1452
3 1450 1451 1454
3 1450 1454 1453
3 1455 1456 1459
3 1455 1459 1458
3 1456 1457 1460
3 1456 1460 1459
3 1461 1462 1465
3 1461 1465 1464
3 1462 1463 1466
3 1462 1466 1465
3 1467 1468 1471
3 1467 1471 1470
3 1468 1469 1472
3 1468 1472 1471
3 1473 1474 1477
3 1473 1477 1476
3 1474 1475 1478
3 1474 1478 1477
3 1479 1480 1483
3 1479 1483 1482
3 1480 1481 1484
3 1480 1484 1483
3 1485 1486 1489
3 1485 1489 1488
3 1486 1487 1490
3 1486 1490 1489
3 1491 1492 1495
3 1491 1495 1494
3 1492 1493 1496
3 1492 1496 1495
3 1497 1498 1501
3 1497 1501 1500
3 1498 1499 1502
3 1498 1502 1501
3 1503 1504 1507
3 1503 1507 1506
3 1504 1505 1508
3 1504 1508 1507
3 1509 1510 1513
3 1509 1513 1512
3 1510 1511 1514
3 1510 1514 1513
3 1515 1516 1519
3 1515 1519 1518
3 1516 1517 1520
3 1516 1520 1519
3 1521 1522 1525
3 1521 1525 1524
3 1522 1523 1526
3 1522 1526 1525
3 1527 1528 1531
3 1527 1531 1530
3 1528 1529 1532
3 1528 1532 1531
3 1533 1534 1537
3 1533 1537 1536
3 1534 1535 1538
3 1534 1538 1537
3 1539 1540 1543
3 1539 1543 1542
3 1540 1541 1544
3 1540 1544 1543
3 1545 1546 1549
3 1545 1549 1548
3 1546 1547 1550
3 1546 1550 1549
3 1551 1552 1555
3 1551 1555 1554
3 1552 1553 1556
3 1552 1556 1555
3 1557 1558 1561
3 1557 1561 1560
3 1558 1559 1562
3 1558 1562 1561
3 1563 1564 1567
3 1563 1567 1566
3 1564 1565 1568
3 1564 1568 1567
3 1569 1570 1573
3 1569 1573 1572
3 1570 1571 1574
3 1570 1574 1573
3 1575 1576 1579
3 1575 1579 1578
3 1576 1577 1580
3 1576 1580 1579
3 1581 1582 1585
3 1581 1585 1584
3 1582 1583 1586
3 1582 1586 1585
3 1587 1588 1591
3 1587 1591 1590
3 1588 1589 1592
3 1588 1592 1591
3 1593 1594 1597
3 1593 1597 1596
3 1594 1595 1598
3 1594 1598 1597
3 1599 1600 1603
3 1599 1603 1602
3 1600 1601 1604
3 1600 1604 1603
3 1605 1606 1609
3 1605 1609 1608
3 1606 1607 1610
3 1606 1610 1609
3 1611 1612 1615
3 1611 1615 1614
3 1612 1613 1616
3 1612 1616 1615
3 1617 1618 1621
3 1617 1621 1620
3 1618 1619 1622
3 1618 1622 1621
3 1623 1624 1627
3 1623 1627 1626
3 1624 1625 1628
3 1624 1628 1627
3 1629 1630 1633
3 1629 1633 1632
3 1630 1631 1634
3 1630 1634 1633
3 1635 1636 1639
3 1635 1639 1638
3 1636 1637 1640
3 1636 1640 1639
3 1641 1642 1645
3 1641 1645 1644
3 1642 1643 1646
3 1642 1646 1645
3 1647 1648 1651
3 1647 1651 1650
3 1648 1649 1652
3 1648 1652 1651
3 1653 1654 1657
3 1653 1657 1656
3 1654 1655 1658
3 1654 1658 1657
3 1659 1660 1663
3 1659 1663 1662
3 1660 1661 1664
3 1660 1664 1663
3 1665 1666 1669
3 1665 1669 1668
3 1666 1667 1670
3 1666 1670 1669
3 1671 1672 1675
3 1671 1675 1674
3 1672 1673 1676
3 1672 1676 1675
3 1677 1678 1681
3 1677 1681 1680
3 1678 1679 1682
3 1678 1682 1681
3 1683 1684 1687
3 1683 1687 1686
3 1684 1685 1688
3 1684 1688 1687
3 1689 1690 1693
3 1689 1693 1692
3 1690 1691 1694
3 1690 1694 1693
3 1695 1696 1699
3 1695 1699 1698
3 1696 1697 1700
3 1696 1700 1699
3 1701 1702 1705
3 1701 1705 1704
3 1702 1703 1706
3 1702 1706 1705
3 1707 1708 1711
3 1707 1711 1710
3 1708 1709 1712
3 1708 1712 1711
3 1713 1714 1717
3 1713 1717 1716
3 1714 1715 1718
3 1714 1718 1717
3 1719 1720 1723
3 1719 1723 1722
3 1720 1721 1724
3 1720 1724 1723
3 1725 1726 1729
3 1725 1729 1728
3 1726 1727 1730
3 1726 1730 1729
3 1731 1732 1735
3 1731 1735 1734
3 1732 1733 1736
3 1732 1736 1735
3 1737 1738 1741
3 1737 1741 1740
3 1738 1739 1742
3 1738 1742 1741
3 1743 1744 1747
3 1743 1747 1746
3 1744 1745 1748
3 1744 1748 1747
3 1749 1750 1753
3 1749 1753 1752
3 1750 1751 1754
3 1750 1754 1753
3 1755 1756 1759
3 1755 1759 1758
3 1756 1757 1760
3 1756 1760 1759
3 1761 1762 1765
3 1761 1765 1764
3 1762 1763 1766
3 1762 1766 1765
3 1767 1768 1771
3 1767 1771 1770
3 1768 1769 1772
3 1768 1772 1771
3 1773 1774 1777
3 1773 1777 1776
3 1774 1775 1778
3 1774 1778 1777
3 1779 1780 1783
3 1779 1783 1782
3 1780 1781 1784
3 1780 1784 1783
3 1785 1786 1789
3 1785 1789 1788
3 1786 1787 1790
3 1786 1790 1789
3 1791 1792 1795
3 1791 1795 1794
3 1792 1793 1796
3 1792 1796 1795
3 1797 1798 1801
3 1797 1801 1800
3 1798 1799 1802
3 1798 1802 1801
3 1803 1804 1807
3 1803 1807 1806
3 1804 1805 1808
3 1804 1808 1807
3 1809 1810 1813
3 1809 1813 1812
3 1810 1811 1814
3 1810 1814 1813
3 1815 1816 1819
3 1815 1819 1818
3 1816 1817 1820
3 1816 1820 1819
3 1821 1822 1825
3 1821 1825 1824
3 1822 1823 1826
3 1822 1826 1825
3 1827 1828 1831
3 1827 1831 1830
3 1828 1829 1832
3 1828 1832 1831
3 1833 1834 1837
3 1833 1837 1836
3 1834 1835 1838
3 1834 1838 1837
3 1839 1840 1843
3 1839 1843 1842
3 1840 1841 1844
3 1840 1844 1843
3 1845 1846 1849
3 1845 1849 1848
3 1846 1847 1850
3 1846 1850 1849
3 1851 1852 1855
3 1851 1855 1854
3 1852 1853 1856
3 1852 1856 1855
3 1857 1858 1861
3 1857 1861 1860
3 1858 1859 1862
3 1858 1862 1861
3 1863 1864 1867
3 1863 1867 1866
3 1864 1865 1868
3 1864 1868 1867
3 1869 1870 1873
3 1869 1873 1872
3 1870 1871 1874
3 1870 1874 1873
3 1875 1876 1879
3 1875 1879 1878
3 1876 1877 1880
3 1876 1880 1879
3 1881 1882 1885
3 1881 1885 1884
3 1882 1883 1886
3 1882 1886 1885
3 1887 1888 1891
3 1887 1891 1890
3 1888 1889 1892
3 1888 1892 1891
3 1893 1894 1897
3 1893 1897 1896
3 1894 1895 1898
3 1894 1898 1897
3 1899 1900 1903
3 1899 1903 1902
3 1900 1901 1904
3 1900 1904 1903
3 1905 1906 1909
3 1905 1909 1908
3 1906 1907 1910
3 1906 1910 1909
3 1911 1912 1915
3 1911 1915 1914
3 1912 1913 1916
3 1912 1916 1915
3 1917 1918 1921
3 1917 1921 1920
3 1918 1919 1922
3 1918 1922 1921
3 1923 1924 1927
3 1923 1927 1926
3 1924 1925 1928
3 1924 1928 1927
3 1929 1930 1933
3 1929 1933 1932
3 1930 1931 1934
3 1930 1934 1933
3 1935 1936 1939
3 1935 1939 1938
3 1936 1937 1940
3 1936 1940 1939
3 1941 1942 1945
3 1941 1945 1944
3 1942 1943 1946
3 1942 1946 1945
3 1947 1948 1951
3 1947 1951 1950
3 1948 1949 1952
3 1948 1952 1951
3 1953 1954 1957
3 1953 1957 1956
3 1954 1955 1958
3 1954 1958 1957
3 1959 1960 1963
3 1959 1963 1962
3 1960 1961 1964
3 1960 1964 1963
3 1965 1966 1969
3 1965 1969 1968
3 1966 1967 1970
3 1966 1970 1969
3 1971 1972 1975
3 1971 1975 1974
3 1972 1973 1976
3 1972 1976 1975
3 1977 1978 1981
3 1977 1981 1980
3 1978 1979 1982
3 1978 1982 1981
3 1983 1984 1987
3 1983 1987 1986
3 1984 1985 1988
3 1984 1988 1987
3 1989 1990 1993
3 1989 1993 1992
3 1990 1991 1994
3 1990 1994 1993
3 1995 1996 1999
3 1995 1999 1998
3 1996 1997 2000
3 1996 2000 1999
3 2001 2002 2005
3 2001 2005 2004
3 2002 2003 2006
3 2002 2006 2005
3 2007 2008 2011
3 2007 2011 2010
3 2008 2009 2012
3 2008 2012 2011
3 2013 2014 2017
3 2013 2017 2016
3 2014 2015 2018
3 2014 2018 2017
3 2019 2020 2023
3 2019 2023 2022
3 2020 2021 2024
3 2020 2024 2023
3 2025 2026 2029
3 2025 2029 2028
3 2026 2027 2030
3 2026 2030 2029
3 2031 2032 2035
3 2031 2035 2034
3 2032 2033 2036
3 2032 2036 2035
3 2037 2038 2041
3 2037 2041 2040
3 2038 2039 2042
3 2038 2042 2041
3 2043 2044 2047
3 2043 2047 2046
3 2044 2045 2048
3 2044 2048 2047
3 2049 2050 2053
3 2049 2053 2052
3 2050 2051 2054
3 2050 2054 2053
3 2055 2056 2059
3 2055 2059 2058
3 2056 2057 2060
3 2056 2060 2059
3 2061 2062 2065
3 2061 2065 2064
3 2062 2063 2066
3 2062 2066 2065
3 2067 2068 2071
3 2067 2071 2070
3 2068 2069 2072
3 2068 2072 2071
3 2073 2074 2077
3 2073 2077 2076
3 2074 2075 2078
3 2074 2078 2077
3 2079 2080 2083
3 2079 2083 2082
3 2080 2081 2084
3 2080 2084 2083
3 2085 2086 2089
3 2085 2089 2088
3 2086 2087 2090
3 2086 2090 2089
3 2091 2092 2095
3 2091 2095 2094
3 2092 2093 2096
3 2092 2096 2095
3 2097 2098 2101
3 2097 2101 2100
3 2098 2099 2102
3 2098 2102 2101
3 2103 2104 2107
3 2103 2107 2106
3 2104 2105 2108
3 2104 2108 2107
3 2109 2110 2113
3 2109 2113 2112
3 2110 2111 2114
3 2110 2114 2113
3 2115 2116 2119
3 2115 2119 2118
3 2116 2117 2120
3 2116 2120 2119
3 2121 2122 2125
3 2121 2125 2124
3 2122 2123 2126
3 2122 2126 2125
3 2127 2128 2131
3 2127 2131 2130
3 2128 2129 2132
3 2128 2132 2131
3 2133 2134 2137
3 2133 2137 2136
3 2134 2135 2138
3 2134 2138 2137
3 2151 2139 2150
3 2139 2140 2150
3 2150 2140 2149
3 2140 2141 2149
3 2149 2141 2148
3 2141 2142 2148
3 2148 2142 2147
3 2142 2143 2147
3 2147 2143 2146
3 2143 2144 2146
3 2146 2144 2145
3 260 272 2153
3 260 2153 2152
3 272 271 2154
3 272 2154 2153
3 271 270 2155
3 271 2155 2154
3 270 269 2156
3 270 2156 2155
3 269 268 2157
3 269 2157 2156
3 268 267 2158
3 268 2158 2157
3 267 266 2159
3 267 2159 2158
3 266 265 2160
3 266 2160 2159
3 265 264 2161
3 265 2161 2160
3 264 263 2162
3 264 2162 2161
3 263 262 2163
3 263 2163 2162
3 262 261 2164
3 262 2164 2163
3 261 260 2152
3 261 2152 2164
3 2152 2153 2140
3 2152 2140 2139
3 2153 2154 2141
3 2153 2141 2140
3 2154 2155 2142
3 2154 2142 2141
3 2155 2156 2143
3 2155 2143 2142
3 2156 2157 2144
3 2156 2144 2143
3 2157 2158 2145
3 2157 2145 2144
3 2158 2159 2146
3 2158 2146 2145
3 2159 2160 2147
3 2159 2147 2146
3 2160 2161 2148
3 2160 2148 2147
3 2161 2162 2149
3 2161 2149 2148
3 2162 2163 2150
3 2162 2150 2149
3 2163 2164 2151
3 2163 2151 2150
3 2164 2152 2139
3 2164 2139 2151
3 2177 2165 2176
3 2165 2166 2176
3 2176 2166 2175
3 2166 2167 2175
3 2175 2167 2174
3 2167 2168 2174
3 2174 2168 2173
3 2168 2169 2173
3 2173 2169 2172
3 2169 2170 2172
3 2172 2170 2171
3 2190 2178 2189
3 2178 2179 2189
3 2189 2179 2188
3 2179 2180 2188
3 2188 2180 2187
3 2180 2181 2187
3 2187 2181 2186
3 2181 2182 2186
3 2186 2182 2185
3 2182 2183 2185
3 2185 2183 2184
3 2203 2191 2202
3 2191 2192 2202
3 2202 2192 2201
3 2192 2193 2201
3 2201 2193 2200
3 2193 2194 2200
3 2200 2194 2199
3 2194 2195 2199
3 2199 2195 2198
3 2195 2196 2198
3 2198 2196 2197
3 2216 2204 2215
3 2204 2205 2215
3 2215 2205 2214
3 2205 2206 2214
3 2214 2206 2213
3 2206 2207 2213
3 2213 2207 2212
3 2207 2208 2212
3 2212 2208 2211
3 2208 2209 2211
3 2211 2209 2210
3 221 233 2218
3 221 2218 2217
3 233 232 2219
3 233 2219 2218
3 232 231 2220
3 232 2220 2219
3 231 230 2221
3 231 2221 2220
3 230 229 2222
3 230 2222 2221
3 229 228 2223
3 229 2223 2222
3 228 227 2224
3 228 2224 2223
3 227 226 2225
3 227 2225 2224
3 226 225 2226
3 226 2226 2225
3 225 224 2227
3 225 2227 2226
3 224 223 2228
3 224 2228 2227
3 223 222 2229
3 223 2229 2228
3 222 221 2217
3 222 2217 2229
3 2217 2218 2192
3 2217 2192 2191
3 2218 2219 2193
3 2218 2193 2192
3 2219 2220 2194
3 2219 2194 2193
3 2220 2221 2195
3 2220 2195 2194
3 2221 2222 2196
3 2221 2196 2195
3 2222 2223 2197
3 2222 2197 2196
3 2223 2224 2198
3 2223 2198 2197
3 2224 2225 2199
3 2224 2199 2198
3 2225 2226 2200
3 2225 2200 2199
3 2226 2227 2201
3 2226 2201 2200
3 2227 2228 2202
3 2227 2202 2201
3 2228 2229 2203
3 2228 2203 2202
3 2229 2217 2191
3 2229 2191 2203
3 234 246 2231
3 234 2231 2230
3 246 245 2232
3 246 2232 2231
3 245 244 2233
3 245 2233 2232
3 244 243 2234
3 244 2234 2233
3 243 242 2235
3 243 2235 2234
3 242 241 2236
3 242 2236 2235
3 241 240 2237
3 241 2237 2236
3 240 239 2238
3 240 2238 2237
3 239 238 2239
3 239 2239 2238
3 238 237 2240
3 238 2240 2239
3 237 236 2241
3 237 2241 2240
3 236 235 2242
3 236 2242 2241
3 235 234 2230
3 235 2230 2242
3 2230 2231 2166
3 2230 2166 2165
3 2231 2232 2167
3 2231 2167 2166
3 2232 2233 2168
3 2232 2168 2167
3 2233 2234 2169
3 2233 2169 2168
3 2234 2235 2170
3 2234 2170 2169
3 2235 2236 2171
3 2235 2171 2170
3 2236 2237 2172
3 2236 2172 2171
3 2237 2238 2173
3 2237 2173 2172
3 2238 2239 2174
3 2238 2174 2173
3 2239 2240 2175
3 2239 2175 2174
3 2240 2241 2176
3 2240 2176 2175
3 2241 2242 2177
3 2241 2177 2176
3 2242 2230 2165
3 2242 2165 2177
3 208 220 2244
3 208 2244 2243
3 220 219 2245
3 220 2245 2244
3 219 218 2246
3 219 2246 2245
3 218 217 2247
3 218 2247 2246
3 217 216 2248
3 217 2248 2247
3 216 215 2249
3 216 2249 2248
3 215 214 2250
3 215 2250 2249
3 214 213 2251
3 214 2251 2250
3 213 212 2252
3 213 2252 2251
3 212 211 2253
3 212 2253 2252
3 211 210 2254
3 211 2254 2253
3 210 209 2255
3 210 2255 2254
3 209 208 2243
3 209 2243 2255
3 2243 2244 2179
3 2243 2179 2178
3 2244 2245 2180
3 2244 2180 2179
3 2245 2246 2181
3 2245 2181 2180
3 2246 2247 2182
3 2246 2182 2181
3 2247 2248 2183
3 2247 2183 2182
3 2248 2249 2184
3 2248 2184 2183
3 2249 2250 2185
3 2249 2185 2184
3 2250 2251 2186
3 2250 2186 2185
3 2251 2252 2187
3 2251 2187 2186
3 2252 2253 2188
3 2252 2188 2187
3 2253 2254 2189
3 2253 2189 2188
3 2254 2255 2190
3 2254 2190 2189
3 2255 2243 2178
3 2255 2178 2190
3 247 259 2257
3 247 2257 2256
3 259 258 2258
3 259 2258 2257
3 258 257 2259
3 258 2259 2258
3 257 256 2260
3 257 2260 2259
3 256 255 2261
3 256 2261 2260
3 255 254 2262
3 255 2262 2261
3 254 253 2263
3 254 2263 2262
3 253 252 2264
3 253 2264 2263
3 252 251 2265
3 252 2265 2264
3 251 250 2266
3 251 2266 2265
3 250 249 2267
3 250 2267 2266
3 249 248 2268
3 249 2268 2267
3 248 247 2256
3 248 2256 2268
3 2256 2257 2205
3 2256 2205 2204
3 2257 2258 2206
3 2257 2206 2205
3 2258 2259 2207
3 2258 2207 2206
3 2259 2260 2208
3 2259 2208 2207
3 2260 2261 2209
3 2260 2209 2208
3 2261 2262 2210
3 2261 2210 2209
3 2262 2263 2211
3 2262 2211 2210
3 2263 2264 2212
3 2263 2212 2211
3 2264 2265 2213
3 2264 2213 2212
3 2265 2266 2214
3 2265 2214 2213
3 2266 2267 2215
3 2266 2215 2214
3 2267 2268 2216
3 2267 2216 2215
3 2268 2256 2204
3 2268 2204 2216
3 2295 2269 2294
3 2269 596 2294
3 2294 595 2293
3 595 594 2293
3 2293 594 2292
3 594 593 2292
3 2292 593 2291
3 593 592 2291
3 2291 592 2290
3 592 591 2290
3 2290 591 2289
3 591 590 2289
3 2289 590 2288
3 590 589 2288
3 2288 589 2287
3 589 588 2287
3 2287 588 2286
3 588 587 2286
3 2286 587 2285
3 587 586 2285
3 2285 586 2284
3 586 585 2284
3 2284 585 2283
3 585 584 2283
3 2283 584 2282
3 584 583 2282
3 2282 583 2281
3 583 582 2281
3 2281 582 2280
3 582 581 2280
3 2280 581 2279
3 581 580 2279
3 2279 580 2278
3 580 579 2278
3 2278 579 2277
3 579 578 2277
3 2277 578 2276
3 578 577 2276
3 2276 577 2275
3 577 602 2275
3 2275 602 2274
3 602 601 2274
3 2274 601 2273
3 601 600 2273
3 2273 600 2272
3 600 599 2272
3 2272 599 2271
3 599 598 2271
3 2271 598 2270
3 598 597 2270
3 2270 597 2269
3 597 596 2269
3 595 2294 596
3 2296 2297 2324
3 2296 2324 2323
3 2297 2298 2325
3 2297 2325 2324
3 2298 2299 2326
3 2298 2326 2325
3 2299 2300 2327
3 2299 2327 2326
3 2300 2301 2328
3 2300 2328 2327
3 2301 2302 2329
3 2301 2329 2328
3 2302 2303 2330
3 2302 2330 2329
3 2303 2304 2331
3 2303 2331 2330
3 2304 2305 2332
3 2304 2332 2331
3 2305 2306 2333
3 2305 2333 2332
3 2306 2307 2334
3 2306 2334 2333
3 2307 2308 2335
3 2307 2335 2334
3 2308 2309 2336
3 2308 2336 2335
3 2309 2310 2337
3 2309 2337 2336
3 2310 2311 2338
3 2310 2338 2337
3 2311 2312 2339
3 2311 2339 2338
3 2312 2313 2340
3 2312 2340 2339
3 2313 2314 2341
3 2313 2341 2340
3 2314 2315 2342
3 2314 2342 2341
3 2315 2316 2343
3 2315 2343 2342
3 2316 2317 2344
3 2316 2344 2343
3 2317 2318 2345
3 2317 2345 2344
3 2318 2319 2346
3 2318 2346 2345
3 2319 2320 2347
3 2319 2347 2346
3 2320 2321 2348
3 2320 2348 2347
3 2321 2322 2349
3 2321 2349 2348
3 2322 2296 2323
3 2322 2323 2349
3 2323 2324 2270
3 2323 2270 2269
3 2324 2325 2271
3 2324 2271 2270
3 2325 2326 2272
3 2325 2272 2271
3 2326 2327 2273
3 2326 2273 2272
3 2327 2328 2274
3 2327 2274 2273
3 2328 2329 2275
3 2328 2275 2274
3 2329 2330 2276
3 2329 2276 2275
3 2330 2331 2277
3 2330 2277 2276
3 2331 2332 2278
3 2331 2278 2277
3 2332 2333 2279
3 2332 2279 2278
3 2333 2334 2280
3 2333 2280 2279
3 2334 2335 2281
3 2334 2281 2280
3 2335 2336 2282
3 2335 2282 2281
3 2336 2337 2283
3 2336 2283 2282
3 2337 2338 2284
3 2337 2284 2283
3 2338 2339 2285
3 2338 2285 2284
3 2339 2340 2286
3 2339 2286 2285
3 2340 2341 2287
3 2340 2287 2286
3 2341 2342 2288
3 2341 2288 2287
3 2342 2343 2289
3 2342 2289 2288
3 2343 2344 2290
3 2343 2290 2289
3 2344 2345 2291
3 2344 2291 2290
3 2345 2346 2292
3 2345 2292 2291
3 2346 2347 2293
3 2346 2293 2292
3 2347 2348 2294
3 2347 2294 2293
3 2348 2349 2295
3 2348 2295 2294
3 2349 2323 2269
3 2349 2269 2295
3 2297 2296 2298
3 2296 2354 2298
3 2298 520 2299
3 520 519 2299
3 2299 519 2300
3 519 518 2300
3 2300 518 2301
3 518 517 2301
3 2301 517 2302
3 517 516 2302
3 2302 2355 2303
3 2355 2356 2303
3 2303 2356 2304
3 2356 495 2304
3 2304 495 2305
3 495 494 2305
3 2305 494 2306
3 494 493 2306
3 2306 493 2307
3 493 492 2307
3 2307 492 2308
3 492 491 2308
3 2308 491 2309
3 491 490 2309
3 2309 2357 2310
3 2357 2350 2310
3 2310 2350 2311
3 2350 468 2311
3 2311 576 2312
3 576 575 2312
3 2312 575 2313
3 575 574 2313
3 2313 574 2314
3 574 573 2314
3 2314 573 2315
3 573 572 2315
3 2315 572 2316
3 572 2351 2316
3 2316 2351 2317
3 2351 2352 2317
3 2317 2352 2318
3 2352 549 2318
3 2318 548 2319
3 548 547 2319
3 2319 547 2320
3 547 546 2320
3 2320 546 2321
3 546 545 2321
3 2321 545 2322
3 545 544 2322
3 2322 544 2296
3 544 2353 2296
3 2296 2353 2354
3 2353 544 543
3 548 2318 549
3 2351 572 571
3 576 2311 468
3 2357 2309 489
3 2309 490 489
3 2355 2302 515
3 2302 516 515
3 520 2298 521
3 2298 2354 521
3 2352 2351 2370
3 2351 2358 2370
3 2359 2495 2358
3 2495 2496 2358
3 2358 2496 2370
3 2496 2491 2370
3 2370 2491 2369
3 2491 2492 2369
3 2369 2625 2368
3 2625 2626 2368
3 2368 2626 2367
3 2626 2617 2367
3 2367 2506 2366
3 2506 2503 2366
3 2366 2503 2365
3 2503 2504 2365
3 2365 2504 2364
3 2506 2367 2505
3 2367 2514 2505
3 2514 2511 2505
3 2505 2511 2504
3 2514 2367 2513
3 2367 2522 2513
3 2522 2519 2513
3 2513 2519 2512
3 2522 2367 2521
3 2367 2530 2521
3 2530 2527 2521
3 2521 2527 2520
3 2530 2367 2529
3 2367 2538 2529
3 2538 2535 2529
3 2529 2535 2528
3 2538 2367 2537
3 2367 2546 2537
3 2546 2543 2537
3 2537 2543 2536
3 2546 2367 2545
3 2367 2554 2545
3 2554 2551 2545
3 2545 2551 2544
3 2367 2562 2553
3 2553 2562 2552
3 2562 2559 2552
3 2367 2570 2561
3 2570 2567 2561
3 2561 2567 2560
3 2367 2578 2569
3 2569 2578 2568
3 2578 2575 2568
3 2578 2367 2577
3 2367 2586 2577
3 2577 2586 2576
3 2586 2583 2576
3 2586 2367 2585
3 2367 2594 2585
3 2585 2594 2584
3 2594 2591 2584
3 2594 2367 2593
3 2367 2602 2593
3 2593 2602 2592
3 2602 2599 2592
3 2602 2367 2601
3 2367 2610 2601
3 2601 2610 2600
3 2610 2607 2600
3 2610 2367 2609
3 2367 2618 2609
3 2609 2618 2608
3 2618 2615 2608
3 2617 2626 2616
3 2626 2623 2616
3 2625 2369 2624
3 2369 2621 2624
3 2624 2621 2623
3 2621 2622 2623
3 2623 2622 2616
3 2622 2619 2616
3 2616 2613 2615
3 2613 2614 2615
3 2615 2614 2608
3 2614 2611 2608
3 2608 2605 2607
3 2605 2606 2607
3 2607 2606 2600
3 2606 2603 2600
3 2600 2597 2599
3 2597 2598 2599
3 2599 2598 2592
3 2598 2595 2592
3 2592 2589 2591
3 2589 2590 2591
3 2591 2590 2584
3 2590 2587 2584
3 2584 2581 2583
3 2581 2582 2583
3 2583 2582 2576
3 2582 2579 2576
3 2576 2573 2575
3 2573 2574 2575
3 2575 2574 2568
3 2574 2571 2568
3 2568 2565 2567
3 2565 2566 2567
3 2567 2566 2560
3 2566 2563 2560
3 2560 2557 2559
3 2557 2558 2559
3 2559 2558 2552
3 2558 2555 2552
3 2552 2549 2551
3 2549 2550 2551
3 2551 2550 2544
3 2550 2547 2544
3 2544 2541 2543
3 2541 2542 2543
3 2543 2542 2536
3 2542 2539 2536
3 2536 2533 2535
3 2533 2534 2535
3 2535 2534 2528
3 2534 2531 2528
3 2528 2525 2527
3 2525 2526 2527
3 2527 2526 2520
3 2526 2523 2520
3 2520 2517 2519
3 2517 2518 2519
3 2519 2518 2512
3 2518 2515 2512
3 2512 2509 2511
3 2509 2510 2511
3 2511 2510 2504
3 2510 2507 2504
3 2504 2502 2364
3 2502 2499 2364
3 2364 2499 2363
3 2499 2500 2363
3 2363 2500 2362
3 2502 2504 2501
3 2504 2507 2501
3 2512 2515 2509
3 2509 2515 2508
3 2520 2523 2517
3 2517 2523 2516
3 2528 2531 2525
3 2525 2531 2524
3 2536 2539 2533
3 2533 2539 2532
3 2544 2547 2541
3 2541 2547 2540
3 2552 2555 2549
3 2549 2555 2548
3 2560 2563 2557
3 2557 2563 2556
3 2568 2571 2565
3 2565 2571 2564
3 2576 2579 2573
3 2573 2579 2572
3 2584 2587 2581
3 2581 2587 2580
3 2592 2595 2589
3 2589 2595 2588
3 2600 2603 2597
3 2597 2603 2596
3 2608 2611 2605
3 2605 2611 2604
3 2616 2619 2613
3 2613 2619 2612
3 2369 2492 2620
3 2620 2492 2619
3 2492 2493 2619
3 2619 2493 2612
3 2493 2494 2612
3 2612 2484 2611
3 2484 2485 2611
3 2611 2485 2604
3 2485 2486 2604
3 2604 2476 2603
3 2476 2477 2603
3 2603 2477 2596
3 2477 2478 2596
3 2596 2468 2595
3 2468 2469 2595
3 2595 2469 2588
3 2469 2470 2588
3 2588 2460 2587
3 2460 2461 2587
3 2587 2461 2580
3 2461 2462 2580
3 2580 2452 2579
3 2452 2453 2579
3 2579 2453 2572
3 2453 2454 2572
3 2572 2444 2571
3 2444 2445 2571
3 2571 2445 2564
3 2445 2446 2564
3 2564 2436 2563
3 2436 2437 2563
3 2563 2437 2556
3 2437 2438 2556
3 2556 2428 2555
3 2428 2429 2555
3 2555 2429 2548
3 2429 2430 2548
3 2548 2420 2547
3 2420 2421 2547
3 2547 2421 2540
3 2421 2422 2540
3 2540 2412 2539
3 2412 2413 2539
3 2539 2413 2532
3 2413 2414 2532
3 2532 2404 2531
3 2404 2405 2531
3 2531 2405 2524
3 2405 2406 2524
3 2524 2396 2523
3 2396 2397 2523
3 2523 2397 2516
3 2397 2398 2516
3 2516 2388 2515
3 2388 2389 2515
3 2515 2389 2508
3 2389 2390 2508
3 2508 2380 2507
3 2380 2381 2507
3 2507 2381 2501
3 2381 2382 2501
3 2501 2382 2500
3 2508 2390 2380
3 2380 2390 2379
3 2516 2398 2388
3 2388 2398 2387
3 2524 2406 2396
3 2396 2406 2395
3 2532 2414 2404
3 2404 2414 2403
3 2540 2422 2412
3 2412 2422 2411
3 2548 2430 2420
3 2420 2430 2419
3 2556 2438 2428
3 2428 2438 2427
3 2564 2446 2436
3 2436 2446 2435
3 2572 2454 2444
3 2444 2454 2443
3 2580 2462 2452
3 2452 2462 2451
3 2588 2470 2460
3 2460 2470 2459
3 2596 2478 2468
3 2468 2478 2467
3 2604 2486 2476
3 2476 2486 2475
3 2612 2494 2484
3 2484 2494 2483
3 2491 2496 2494
3 2494 2496 2483
3 2496 2497 2483
3 2483 2497 2486
3 2497 2488 2486
3 2486 2488 2475
3 2488 2489 2475
3 2475 2489 2478
3 2489 2480 2478
3 2478 2480 2467
3 2480 2481 2467
3 2467 2481 2470
3 2481 2472 2470
3 2470 2472 2459
3 2472 2473 2459
3 2459 2473 2462
3 2473 2464 2462
3 2462 2464 2451
3 2464 2465 2451
3 2451 2465 2454
3 2465 2456 2454
3 2454 2456 2443
3 2456 2457 2443
3 2443 2457 2446
3 2457 2448 2446
3 2446 2448 2435
3 2448 2449 2435
3 2435 2449 2438
3 2449 2440 2438
3 2438 2440 2427
3 2440 2441 2427
3 2427 2441 2430
3 2441 2432 2430
3 2430 2432 2419
3 2432 2433 2419
3 2419 2433 2422
3 2433 2424 2422
3 2422 2424 2411
3 2424 2425 2411
3 2411 2425 2414
3 2425 2416 2414
3 2414 2416 2403
3 2416 2417 2403
3 2403 2417 2406
3 2417 2408 2406
3 2406 2408 2395
3 2408 2409 2395
3 2395 2409 2398
3 2409 2400 2398
3 2398 2400 2387
3 2400 2401 2387
3 2387 2401 2390
3 2401 2392 2390
3 2390 2392 2379
3 2392 2393 2379
3 2379 2393 2382
3 2393 2384 2382
3 2384 2385 2382
3 2384 2393 2383
3 2393 2394 2383
3 2392 2401 2391
3 2401 2402 2391
3 2400 2409 2399
3 2409 2410 2399
3 2408 2417 2407
3 2417 2418 2407
3 2416 2425 2415
3 2425 2426 2415
3 2424 2433 2423
3 2433 2434 2423
3 2432 2441 2431
3 2441 2442 2431
3 2440 2449 2439
3 2449 2450 2439
3 2448 2457 2447
3 2457 2458 2447
3 2456 2465 2455
3 2465 2466 2455
3 2464 2473 2463
3 2473 2474 2463
3 2472 2481 2471
3 2481 2482 2471
3 2480 2489 2479
3 2489 2490 2479
3 2488 2497 2487
3 2497 2498 2487
3 2495 2359 2498
3 2498 2359 2487
3 2359 2360 2487
3 2487 2360 2490
3 2360 2361 2490
3 2490 2361 2479
3 2361 2482 2479
3 2554 2367 2553
3 2621 2369 2620
3 2562 2367 2561
3 2402 2361 2391
3 2361 2394 2391
3 2394 2361 2383
3 2361 2386 2383
3 2386 2375 2385
3 2375 2376 2385
3 2385 2376 2382
3 2376 2377 2382
3 2382 2372 2500
3 2372 2373 2500
3 2500 2373 2362
3 2373 2374 2362
3 2362 2374 2361
3 2374 2377 2361
3 2361 2377 2378
3 2386 2361 2375
3 2361 2378 2375
3 2372 2382 2371
3 2377 2371 2382
3 2371 2377 2374
3 2618 2367 2617
3 2447 2361 2450
3 2361 2439 2450
3 2418 2361 2407
3 2361 2410 2407
3 2434 2361 2423
3 2361 2426 2423
3 2426 2361 2415
3 2361 2418 2415
3 2439 2361 2442
3 2361 2431 2442
3 2431 2361 2434
3 2410 2361 2399
3 2361 2402 2399
3 2482 2361 2471
3 2361 2474 2471
3 2455 2361 2458
3 2361 2447 2458
3 2474 2361 2463
3 2361 2466 2463
3 2466 2361 2455
3 2570 2367 2569
3 2438 807 810
3 2435 2438 810
3 2410 699 702
3 2407 2410 702
3 2594 875 2591
3 875 874 2591
3 2591 874 873
3 2508 648 2509
3 648 649 2509
3 2509 649 650
3 2586 851 2583
3 851 850 2583
3 2583 850 849
3 2457 845 2458
3 845 844 2458
3 2458 844 843
3 2473 893 2474
3 893 892 2474
3 2474 892 891
3 2576 2575 825
3 828 2576 825
3 2411 738 2412
3 738 739 2412
3 2412 739 740
3 2451 858 2452
3 858 859 2452
3 2452 859 860
3 2576 828 2577
3 828 829 2577
3 2577 829 830
3 2441 2440 800
3 797 2441 800
3 2421 2420 764
3 761 2421 764
3 2512 636 2513
3 636 637 2513
3 2513 637 638
3 2523 693 696
3 2524 2523 696
3 2459 882 2460
3 882 883 2460
3 2460 883 884
3 2591 873 876
3 2592 2591 876
3 2390 663 666
3 2387 2390 666
3 2495 966 2496
3 966 967 2496
3 2496 967 968
3 2489 2488 944
3 941 2489 944
3 2395 690 2396
3 690 691 2396
3 2396 691 692
3 2385 629 2386
3 629 628 2386
3 2386 628 627
3 2409 2408 704
3 701 2409 704
3 2570 803 2567
3 803 802 2567
3 2567 802 801
3 2497 965 2498
3 965 964 2498
3 2498 964 963
3 2391 654 2392
3 654 655 2392
3 2392 655 656
3 2378 603 606
3 2375 2378 606
3 2610 923 2607
3 923 922 2607
3 2607 922 921
3 2458 843 846
3 2455 2458 846
3 2453 2452 860
3 857 2453 860
3 2405 2404 716
3 713 2405 716
3 2578 2577 830
3 827 2578 830
3 2453 857 2454
3 857 856 2454
3 2454 856 855
3 2479 2482 915
3 918 2479 915
3 2602 2601 902
3 899 2602 902
3 2556 792 2557
3 792 793 2557
3 2557 793 794
3 2562 2561 782
3 779 2562 782
3 2566 815 2563
3 815 814 2563
3 2563 814 813
3 2457 2456 848
3 845 2457 848
3 2371 618 2372
3 618 619 2372
3 2372 619 620
3 2427 786 2428
3 786 787 2428
3 2428 787 788
3 2383 630 2384
3 630 631 2384
3 2384 631 632
3 2386 627 630
3 2383 2386 630
3 2510 647 2507
3 647 646 2507
3 2507 646 645
3 2598 2597 914
3 911 2598 914
3 2493 977 2494
3 977 976 2494
3 2494 976 975
3 2381 641 2382
3 641 640 2382
3 2382 640 639
3 2625 974 971
3 2626 2625 971
3 2429 785 2430
3 785 784 2430
3 2430 784 783
3 2580 864 2581
3 864 865 2581
3 2581 865 866
3 2615 945 948
3 2616 2615 948
3 2497 2496 968
3 965 2497 968
3 2373 617 2374
3 617 616 2374
3 2374 616 615
3 2502 623 2499
3 623 622 2499
3 2499 622 621
3 2402 675 678
3 2399 2402 678
3 2469 905 2470
3 905 904 2470
3 2470 904 903
3 2389 2388 668
3 665 2389 668
3 2471 894 2472
3 894 895 2472
3 2472 895 896
3 2449 2448 824
3 821 2449 824
3 2485 953 2486
3 953 952 2486
3 2486 952 951
3 2554 2553 758
3 755 2554 758
3 2426 747 750
3 2423 2426 750
3 2446 831 834
3 2443 2446 834
3 2403 714 2404
3 714 715 2404
3 2404 715 716
3 2425 749 2426
3 749 748 2426
3 2426 748 747
3 2477 929 2478
3 929 928 2478
3 2478 928 927
3 2536 2535 705
3 708 2536 705
3 2465 2464 872
3 869 2465 872
3 2546 2545 734
3 731 2546 734
3 2480 920 917
3 2481 2480 917
3 2417 2416 728
3 725 2417 728
3 2471 2474 891
3 894 2471 891
3 2500 624 2501
3 624 625 2501
3 2501 625 626
3 2422 759 762
3 2419 2422 762
3 2566 2565 818
3 815 2566 818
3 2612 2611 957
3 960 2612 957
3 2583 849 852
3 2584 2583 852
3 2483 954 2484
3 954 955 2484
3 2484 955 956
3 2572 840 2573
3 840 841 2573
3 2573 841 842
3 2431 774 2432
3 774 775 2432
3 2432 775 776
3 2397 689 2398
3 689 688 2398
3 2398 688 687
3 2370 550 549
3 2370 549 2352
3 2538 2537 710
3 707 2538 710
3 2449 821 2450
3 821 820 2450
3 2450 820 819
3 2381 2380 644
3 641 2381 644
3 2461 2460 884
3 881 2461 884
3 2475 930 2476
3 930 931 2476
3 2476 931 932
3 2419 762 2420
3 762 763 2420
3 2420 763 764
3 2530 683 2527
3 683 682 2527
3 2527 682 681
3 2399 678 2400
3 678 679 2400
3 2400 679 680
3 2522 2521 662
3 659 2522 662
3 2511 633 636
3 2512 2511 636
3 2534 719 2531
3 719 718 2531
3 2531 718 717
3 2469 2468 908
3 905 2469 908
3 2606 935 2603
3 935 934 2603
3 2603 934 933
3 2434 771 774
3 2431 2434 774
3 2618 947 2615
3 947 946 2615
3 2615 946 945
3 2479 918 2480
3 918 919 2480
3 2480 919 920
3 2495 2498 963
3 966 2495 963
3 2622 983 2619
3 983 982 2619
3 2619 982 981
3 2447 822 2448
3 822 823 2448
3 2448 823 824
3 2570 2569 806
3 803 2570 806
3 2418 723 726
3 2415 2418 726
3 2571 837 840
3 2572 2571 840
3 2359 568 567
3 2359 567 2360
3 2503 609 612
3 2504 2503 612
3 2604 936 2605
3 936 937 2605
3 2605 937 938
3 2560 780 2561
3 780 781 2561
3 2561 781 782
3 2612 960 2613
3 960 961 2613
3 2613 961 962
3 2413 2412 740
3 737 2413 740
3 2574 839 2571
3 839 838 2571
3 2571 838 837
3 2421 761 2422
3 761 760 2422
3 2422 760 759
3 2590 2589 890
3 887 2590 890
3 2364 560 559
3 559 558 2365
3 558 557 2365
3 557 556 2366
3 556 555 2367
3 555 554 2367
3 554 553 2368
3 2368 2367 554
3 2367 2366 556
3 2366 2365 557
3 2365 2364 559
3 2377 2376 608
3 605 2377 608
3 2506 2505 614
3 611 2506 614
3 2621 986 983
3 2622 2621 983
3 2518 671 2515
3 671 670 2515
3 2515 670 669
3 2510 2509 650
3 647 2510 650
3 2563 813 816
3 2564 2563 816
3 2394 651 654
3 2391 2394 654
3 2439 798 2440
3 798 799 2440
3 2440 799 800
3 2516 672 2517
3 672 673 2517
3 2517 673 674
3 2552 2551 753
3 756 2552 753
3 2532 720 2533
3 720 721 2533
3 2533 721 722
3 2476 932 929
3 2477 2476 929
3 2413 737 2414
3 737 736 2414
3 2414 736 735
3 2455 846 2456
3 846 847 2456
3 2456 847 848
3 2547 765 768
3 2548 2547 768
3 2360 567 566
3 566 565 2361
3 565 564 2361
3 564 563 2362
3 563 562 2363
3 562 561 2364
3 561 560 2364
3 2364 2363 562
3 2363 2362 563
3 2362 2361 564
3 2361 2360 566
3 2524 696 2525
3 696 697 2525
3 2525 697 698
3 2467 2470 903
3 906 2467 903
3 2385 2384 632
3 629 2385 632
3 2520 660 2521
3 660 661 2521
3 2521 661 662
3 2555 789 792
3 2556 2555 792
3 2584 852 2585
3 852 853 2585
3 2585 853 854
3 2493 2492 980
3 977 2493 980
3 2443 834 2444
3 834 835 2444
3 2444 835 836
3 2401 677 2402
3 677 676 2402
3 2402 676 675
3 2430 783 786
3 2427 2430 786
3 2433 2432 776
3 773 2433 776
3 2351 571 570
3 2351 570 2358
3 2379 642 2380
3 642 643 2380
3 2380 643 644
3 2425 2424 752
3 749 2425 752
3 2548 768 2549
3 768 769 2549
3 2549 769 770
3 2531 717 720
3 2532 2531 720
3 2542 2541 746
3 743 2542 746
3 2518 2517 674
3 671 2518 674
3 2514 635 2511
3 635 634 2511
3 2511 634 633
3 2608 924 2609
3 924 925 2609
3 2609 925 926
3 2596 2595 909
3 912 2596 909
3 2502 2501 626
3 623 2502 626
3 2578 827 2575
3 827 826 2575
3 2575 826 825
3 2393 653 2394
3 653 652 2394
3 2394 652 651
3 2562 779 2559
3 779 778 2559
3 2559 778 777
3 2441 797 2442
3 797 796 2442
3 2442 796 795
3 2369 551 2370
3 551 550 2370
3 551 2369 552
3 2393 2392 656
3 653 2393 656
3 2467 906 2468
3 906 907 2468
3 2468 907 908
3 2417 725 2418
3 725 724 2418
3 2418 724 723
3 2599 897 900
3 2600 2599 900
3 2401 2400 680
3 677 2401 680
3 2445 2444 836
3 833 2445 836
3 2409 701 2410
3 701 700 2410
3 2410 700 699
3 2582 2581 866
3 863 2582 866
3 2499 621 624
3 2500 2499 624
3 2526 695 2523
3 695 694 2523
3 2523 694 693
3 2536 708 2537
3 708 709 2537
3 2537 709 710
3 2506 611 2503
3 611 610 2503
3 2503 610 609
3 2550 767 2547
3 767 766 2547
3 2547 766 765
3 2504 612 2505
3 612 613 2505
3 2505 613 614
3 2573 842 839
3 2574 2573 839
3 2528 2527 681
3 684 2528 681
3 2550 2549 770
3 767 2550 770
3 2587 885 888
3 2588 2587 888
3 2389 665 2390
3 665 664 2390
3 2390 664 663
3 2463 870 2464
3 870 871 2464
3 2464 871 872
3 2528 684 2529
3 684 685 2529
3 2529 685 686
3 2626 971 2623
3 971 970 2623
3 2623 970 969
3 2374 615 618
3 2371 2374 618
3 2624 972 2625
3 972 973 2625
3 2625 973 974
3 2433 773 2434
3 773 772 2434
3 2434 772 771
3 2373 2372 620
3 617 2373 620
3 2463 2466 867
3 870 2463 867
3 2397 2396 692
3 689 2397 692
3 2423 750 2424
3 750 751 2424
3 2424 751 752
3 2465 869 2466
3 869 868 2466
3 2466 868 867
3 2588 888 2589
3 888 889 2589
3 2589 889 890
3 2429 2428 788
3 785 2429 788
3 2617 950 947
3 2618 2617 947
3 2368 553 552
3 2368 552 2369
3 2592 876 2593
3 876 877 2593
3 2593 877 878
3 2358 570 2359
3 570 569 2359
3 2359 569 568
3 2616 948 2617
3 948 949 2617
3 2617 949 950
3 2483 2486 951
3 954 2483 951
3 2406 711 714
3 2403 2406 714
3 2594 2593 878
3 875 2594 878
3 2607 921 924
3 2608 2607 924
3 2405 713 2406
3 713 712 2406
3 2406 712 711
3 2515 669 672
3 2516 2515 672
3 2454 855 858
3 2451 2454 858
3 2620 984 2621
3 984 985 2621
3 2621 985 986
3 2542 743 2539
3 743 742 2539
3 2539 742 741
3 2435 810 2436
3 810 811 2436
3 2436 811 812
3 2437 809 2438
3 809 808 2438
3 2438 808 807
3 2442 795 798
3 2439 2442 798
3 2437 2436 812
3 809 2437 812
3 2514 2513 638
3 635 2514 638
3 2568 804 2569
3 804 805 2569
3 2569 805 806
3 2540 744 2541
3 744 745 2541
3 2541 745 746
3 2377 605 2378
3 605 604 2378
3 2378 604 603
3 2487 942 2488
3 942 943 2488
3 2488 943 944
3 2544 2543 729
3 732 2544 729
3 2507 645 648
3 2508 2507 648
3 2414 735 738
3 2411 2414 738
3 2375 606 2376
3 606 607 2376
3 2376 607 608
3 2538 707 2535
3 707 706 2535
3 2535 706 705
3 2560 2559 777
3 780 2560 777
3 2462 879 882
3 2459 2462 882
3 2398 687 690
3 2395 2398 690
3 2546 731 2543
3 731 730 2543
3 2543 730 729
3 2415 726 2416
3 726 727 2416
3 2416 727 728
3 2586 2585 854
3 851 2586 854
3 2491 978 2492
3 978 979 2492
3 2492 979 980
3 2579 861 864
3 2580 2579 864
3 2614 959 2611
3 959 958 2611
3 2611 958 957
3 2539 741 744
3 2540 2539 744
3 2473 2472 896
3 893 2473 896
3 2619 981 984
3 2620 2619 984
3 2605 938 935
3 2606 2605 935
3 2590 887 2587
3 887 886 2587
3 2587 886 885
3 2387 666 2388
3 666 667 2388
3 2388 667 668
3 2598 911 2595
3 911 910 2595
3 2595 910 909
3 2522 659 2519
3 659 658 2519
3 2519 658 657
3 2526 2525 698
3 695 2526 698
3 2544 732 2545
3 732 733 2545
3 2545 733 734
3 2450 819 822
3 2447 2450 822
3 2568 2567 801
3 804 2568 801
3 2614 2613 962
3 959 2614 962
3 2554 755 2551
3 755 754 2551
3 2551 754 753
3 2564 816 2565
3 816 817 2565
3 2565 817 818
3 2552 756 2553
3 756 757 2553
3 2553 757 758
3 2558 791 2555
3 791 790 2555
3 2555 790 789
3 2481 917 2482
3 917 916 2482
3 2482 916 915
3 2530 2529 686
3 683 2530 686
3 2382 639 642
3 2379 2382 642
3 2489 941 2490
3 941 940 2490
3 2490 940 939
3 2485 2484 956
3 953 2485 956
3 2520 2519 657
3 660 2520 657
3 2461 881 2462
3 881 880 2462
3 2462 880 879
3 2407 702 2408
3 702 703 2408
3 2408 703 704
3 2602 899 2599
3 899 898 2599
3 2599 898 897
3 2596 912 2597
3 912 913 2597
3 2597 913 914
3 2491 2494 975
3 978 2491 975
3 2558 2557 794
3 791 2558 794
3 2534 2533 722
3 719 2534 722
3 2582 863 2579
3 863 862 2579
3 2579 862 861
3 2610 2609 926
3 923 2610 926
3 2487 2490 939
3 942 2487 939
3 2623 969 972
3 2624 2623 972
3 2604 2603 933
3 936 2604 933
3 2600 900 2601
3 900 901 2601
3 2601 901 902
3 2475 2478 927
3 930 2475 927
3 2445 833 2446
3 833 832 2446
3 2446 832 831
3 2350 2357 2639
3 2357 2627 2639
3 2628 2764 2627
3 2764 2765 2627
3 2627 2765 2639
3 2765 2760 2639
3 2639 2760 2638
3 2760 2761 2638
3 2638 2894 2637
3 2894 2895 2637
3 2637 2895 2636
3 2895 2886 2636
3 2636 2775 2635
3 2775 2772 2635
3 2635 2772 2634
3 2772 2773 2634
3 2634 2773 2633
3 2775 2636 2774
3 2636 2783 2774
3 2783 2780 2774
3 2774 2780 2773
3 2783 2636 2782
3 2636 2791 2782
3 2791 2788 2782
3 2782 2788 2781
3 2791 2636 2790
3 2636 2799 2790
3 2799 2796 2790
3 2790 2796 2789
3 2799 2636 2798
3 2636 2807 2798
3 2807 2804 2798
3 2798 2804 2797
3 2807 2636 2806
3 2636 2815 2806
3 2815 2812 2806
3 2806 2812 2805
3 2815 2636 2814
3 2636 2823 2814
3 2823 2820 2814
3 2814 2820 2813
3 2636 2831 2822
3 2822 2831 2821
3 2831 2828 2821
3 2636 2839 2830
3 2839 2836 2830
3 2830 2836 2829
3 2636 2847 2838
3 2838 2847 2837
3 2847 2844 2837
3 2847 2636 2846
3 2636 2855 2846
3 2846 2855 2845
3 2855 2852 2845
3 2855 2636 2854
3 2636 2863 2854
3 2854 2863 2853
3 2863 2860 2853
3 2863 2636 2862
3 2636 2871 2862
3 2862 2871 2861
3 2871 2868 2861
3 2871 2636 2870
3 2636 2879 2870
3 2870 2879 2869
3 2879 2876 2869
3 2879 2636 2878
3 2636 2887 2878
3 2878 2887 2877
3 2887 2884 2877
3 2886 2895 2885
3 2895 2892 2885
3 2894 2638 2893
3 2638 2890 2893
3 2893 2890 2892
3 2890 2891 2892
3 2892 2891 2885
3 2891 2888 2885
3 2885 2882 2884
3 2882 2883 2884
3 2884 2883 2877
3 2883 2880 2877
3 2877 2874 2876
3 2874 2875 2876
3 2876 2875 2869
3 2875 2872 2869
3 2869 2866 2868
3 2866 2867 2868
3 2868 2867 2861
3 2867 2864 2861
3 2861 2858 2860
3 2858 2859 2860
3 2860 2859 2853
3 2859 2856 2853
3 2853 2850 2852
3 2850 2851 2852
3 2852 2851 2845
3 2851 2848 2845
3 2845 2842 2844
3 2842 2843 2844
3 2844 2843 2837
3 2843 2840 2837
3 2837 2834 2836
3 2834 2835 2836
3 2836 2835 2829
3 2835 2832 2829
3 2829 2826 2828
3 2826 2827 2828
3 2828 2827 2821
3 2827 2824 2821
3 2821 2818 2820
3 2818 2819 2820
3 2820 2819 2813
3 2819 2816 2813
3 2813 2810 2812
3 2810 2811 2812
3 2812 2811 2805
3 2811 2808 2805
3 2805 2802 2804
3 2802 2803 2804
3 2804 2803 2797
3 2803 2800 2797
3 2797 2794 2796
3 2794 2795 2796
3 2796 2795 2789
3 2795 2792 2789
3 2789 2786 2788
3 2786 2787 2788
3 2788 2787 2781
3 2787 2784 2781
3 2781 2778 2780
3 2778 2779 2780
3 2780 2779 2773
3 2779 2776 2773
3 2773 2771 2633
3 2771 2768 2633
3 2633 2768 2632
3 2768 2769 2632
3 2632 2769 2631
3 2771 2773 2770
3 2773 2776 2770
3 2781 2784 2778
3 2778 2784 2777
3 2789 2792 2786
3 2786 2792 2785
3 2797 2800 2794
3 2794 2800 2793
3 2805 2808 2802
3 2802 2808 2801
3 2813 2816 2810
3 2810 2816 2809
3 2821 2824 2818
3 2818 2824 2817
3 2829 2832 2826
3 2826 2832 2825
3 2837 2840 2834
3 2834 2840 2833
3 2845 2848 2842
3 2842 2848 2841
3 2853 2856 2850
3 2850 2856 2849
3 2861 2864 2858
3 2858 2864 2857
3 2869 2872 2866
3 2866 2872 2865
3 2877 2880 2874
3 2874 2880 2873
3 2885 2888 2882
3 2882 2888 2881
3 2638 2761 2889
3 2889 2761 2888
3 2761 2762 2888
3 2888 2762 2881
3 2762 2763 2881
3 2881 2753 2880
3 2753 2754 2880
3 2880 2754 2873
3 2754 2755 2873
3 2873 2745 2872
3 2745 2746 2872
3 2872 2746 2865
3 2746 2747 2865
3 2865 2737 2864
3 2737 2738 2864
3 2864 2738 2857
3 2738 2739 2857
3 2857 2729 2856
3 2729 2730 2856
3 2856 2730 2849
3 2730 2731 2849
3 2849 2721 2848
3 2721 2722 2848
3 2848 2722 2841
3 2722 2723 2841
3 2841 2713 2840
3 2713 2714 2840
3 2840 2714 2833
3 2714 2715 2833
3 2833 2705 2832
3 2705 2706 2832
3 2832 2706 2825
3 2706 2707 2825
3 2825 2697 2824
3 2697 2698 2824
3 2824 2698 2817
3 2698 2699 2817
3 2817 2689 2816
3 2689 2690 2816
3 2816 2690 2809
3 2690 2691 2809
3 2809 2681 2808
3 2681 2682 2808
3 2808 2682 2801
3 2682 2683 2801
3 2801 2673 2800
3 2673 2674 2800
3 2800 2674 2793
3 2674 2675 2793
3 2793 2665 2792
3 2665 2666 2792
3 2792 2666 2785
3 2666 2667 2785
3 2785 2657 2784
3 2657 2658 2784
3 2784 2658 2777
3 2658 2659 2777
3 2777 2649 2776
3 2649 2650 2776
3 2776 2650 2770
3 2650 2651 2770
3 2770 2651 2769
3 2777 2659 2649
3 2649 2659 2648
3 2785 2667 2657
3 2657 2667 2656
3 2793 2675 2665
3 2665 2675 2664
3 2801 2683 2673
3 2673 2683 2672
3 2809 2691 2681
3 2681 2691 2680
3 2817 2699 2689
3 2689 2699 2688
3 2825 2707 2697
3 2697 2707 2696
3 2833 2715 2705
3 2705 2715 2704
3 2841 2723 2713
3 2713 2723 2712
3 2849 2731 2721
3 2721 2731 2720
3 2857 2739 2729
3 2729 2739 2728
3 2865 2747 2737
3 2737 2747 2736
3 2873 2755 2745
3 2745 2755 2744
3 2881 2763 2753
3 2753 2763 2752
3 2760 2765 2763
3 2763 2765 2752
3 2765 2766 2752
3 2752 2766 2755
3 2766 2757 2755
3 2755 2757 2744
3 2757 2758 2744
3 2744 2758 2747
3 2758 2749 2747
3 2747 2749 2736
3 2749 2750 2736
3 2736 2750 2739
3 2750 2741 2739
3 2739 2741 2728
3 2741 2742 2728
3 2728 2742 2731
3 2742 2733 2731
3 2731 2733 2720
3 2733 2734 2720
3 2720 2734 2723
3 2734 2725 2723
3 2723 2725 2712
3 2725 2726 2712
3 2712 2726 2715
3 2726 2717 2715
3 2715 2717 2704
3 2717 2718 2704
3 2704 2718 2707
3 2718 2709 2707
3 2707 2709 2696
3 2709 2710 2696
3 2696 2710 2699
3 2710 2701 2699
3 2699 2701 2688
3 2701 2702 2688
3 2688 2702 2691
3 2702 2693 2691
3 2691 2693 2680
3 2693 2694 2680
3 2680 2694 2683
3 2694 2685 2683
3 2683 2685 2672
3 2685 2686 2672
3 2672 2686 2675
3 2686 2677 2675
3 2675 2677 2664
3 2677 2678 2664
3 2664 2678 2667
3 2678 2669 2667
3 2667 2669 2656
3 2669 2670 2656
3 2656 2670 2659
3 2670 2661 2659
3 2659 2661 2648
3 2661 2662 2648
3 2648 2662 2651
3 2662 2653 2651
3 2653 2654 2651
3 2653 2662 2652
3 2662 2663 2652
3 2661 2670 2660
3 2670 2671 2660
3 2669 2678 2668
3 2678 2679 2668
3 2677 2686 2676
3 2686 2687 2676
3 2685 2694 2684
3 2694 2695 2684
3 2693 2702 2692
3 2702 2703 2692
3 2701 2710 2700
3 2710 2711 2700
3 2709 2718 2708
3 2718 2719 2708
3 2717 2726 2716
3 2726 2727 2716
3 2725 2734 2724
3 2734 2735 2724
3 2733 2742 2732
3 2742 2743 2732
3 2741 2750 2740
3 2750 2751 2740
3 2749 2758 2748
3 2758 2759 2748
3 2757 2766 2756
3 2766 2767 2756
3 2764 2628 2767
3 2767 2628 2756
3 2628 2629 2756
3 2756 2629 2759
3 2629 2630 2759
3 2759 2630 2748
3 2630 2751 2748
3 2823 2636 2822
3 2890 2638 2889
3 2831 2636 2830
3 2671 2630 2660
3 2630 2663 2660
3 2663 2630 2652
3 2630 2655 2652
3 2655 2644 2654
3 2644 2645 2654
3 2654 2645 2651
3 2645 2646 2651
3 2651 2641 2769
3 2641 2642 2769
3 2769 2642 2631
3 2642 2643 2631
3 2631 2643 2630
3 2643 2646 2630
3 2630 2646 2647
3 2655 2630 2644
3 2630 2647 2644
3 2641 2651 2640
3 2646 2640 2651
3 2640 2646 2643
3 2887 2636 2886
3 2716 2630 2719
3 2630 2708 2719
3 2687 2630 2676
3 2630 2679 2676
3 2703 2630 2692
3 2630 2695 2692
3 2695 2630 2684
3 2630 2687 2684
3 2708 2630 2711
3 2630 2700 2711
3 2700 2630 2703
3 2679 2630 2668
3 2630 2671 2668
3 2751 2630 2740
3 2630 2743 2740
3 2724 2630 2727
3 2630 2716 2727
3 2743 2630 2732
3 2630 2735 2732
3 2735 2630 2724
3 2839 2636 2838
3 2354 2353 2908
3 2353 2896 2908
3 2897 3033 2896
3 3033 3034 2896
3 2896 3034 2908
3 3034 3029 2908
3 2908 3029 2907
3 3029 3030 2907
3 2907 3163 2906
3 3163 3164 2906
3 2906 3164 2905
3 3164 3155 2905
3 2905 3044 2904
3 3044 3041 2904
3 2904 3041 2903
3 3041 3042 2903
3 2903 3042 2902
3 3044 2905 3043
3 2905 3052 3043
3 3052 3049 3043
3 3043 3049 3042
3 3052 2905 3051
3 2905 3060 3051
3 3060 3057 3051
3 3051 3057 3050
3 3060 2905 3059
3 2905 3068 3059
3 3068 3065 3059
3 3059 3065 3058
3 3068 2905 3067
3 2905 3076 3067
3 3076 3073 3067
3 3067 3073 3066
3 3076 2905 3075
3 2905 3084 3075
3 3084 3081 3075
3 3075 3081 3074
3 3084 2905 3083
3 2905 3092 3083
3 3092 3089 3083
3 3083 3089 3082
3 2905 3100 3091
3 3091 3100 3090
3 3100 3097 3090
3 2905 3108 3099
3 3108 3105 3099
3 3099 3105 3098
3 2905 3116 3107
3 3107 3116 3106
3 3116 3113 3106
3 3116 2905 3115
3 2905 3124 3115
3 3115 3124 3114
3 3124 3121 3114
3 3124 2905 3123
3 2905 3132 3123
3 3123 3132 3122
3 3132 3129 3122
3 3132 2905 3131
3 2905 3140 3131
3 3131 3140 3130
3 3140 3137 3130
3 3140 2905 3139
3 2905 3148 3139
3 3139 3148 3138
3 3148 3145 3138
3 3148 2905 3147
3 2905 3156 3147
3 3147 3156 3146
3 3156 3153 3146
3 3155 3164 3154
3 3164 3161 3154
3 3163 2907 3162
3 2907 3159 3162
3 3162 3159 3161
3 3159 3160 3161
3 3161 3160 3154
3 3160 3157 3154
3 3154 3151 3153
3 3151 3152 3153
3 3153 3152 3146
3 3152 3149 3146
3 3146 3143 3145
3 3143 3144 3145
3 3145 3144 3138
3 3144 3141 3138
3 3138 3135 3137
3 3135 3136 3137
3 3137 3136 3130
3 3136 3133 3130
3 3130 3127 3129
3 3127 3128 3129
3 3129 3128 3122
3 3128 3125 3122
3 3122 3119 3121
3 3119 3120 3121
3 3121 3120 3114
3 3120 3117 3114
3 3114 3111 3113
3 3111 3112 3113
3 3113 3112 3106
3 3112 3109 3106
3 3106 3103 3105
3 3103 3104 3105
3 3105 3104 3098
3 3104 3101 3098
3 3098 3095 3097
3 3095 3096 3097
3 3097 3096 3090
3 3096 3093 3090
3 3090 3087 3089
3 3087 3088 3089
3 3089 3088 3082
3 3088 3085 3082
3 3082 3079 3081
3 3079 3080 3081
3 3081 3080 3074
3 3080 3077 3074
3 3074 3071 3073
3 3071 3072 3073
3 3073 3072 3066
3 3072 3069 3066
3 3066 3063 3065
3 3063 3064 3065
3 3065 3064 3058
3 3064 3061 3058
3 3058 3055 3057
3 3055 3056 3057
3 3057 3056 3050
3 3056 3053 3050
3 3050 3047 3049
3 3047 3048 3049
3 3049 3048 3042
3 3048 3045 3042
3 3042 3040 2902
3 3040 3037 2902
3 2902 3037 2901
3 3037 3038 2901
3 2901 3038 2900
3 3040 3042 3039
3 3042 3045 3039
3 3050 3053 3047
3 3047 3053 3046
3 3058 3061 3055
3 3055 3061 3054
3 3066 3069 3063
3 3063 3069 3062
3 3074 3077 3071
3 3071 3077 3070
3 3082 3085 3079
3 3079 3085 3078
3 3090 3093 3087
3 3087 3093 3086
3 3098 3101 3095
3 3095 3101 3094
3 3106 3109 3103
3 3103 3109 3102
3 3114 3117 3111
3 3111 3117 3110
3 3122 3125 3119
3 3119 3125 3118
3 3130 3133 3127
3 3127 3133 3126
3 3138 3141 3135
3 3135 3141 3134
3 3146 3149 3143
3 3143 3149 3142
3 3154 3157 3151
3 3151 3157 3150
3 2907 3030 3158
3 3158 3030 3157
3 3030 3031 3157
3 3157 3031 3150
3 3031 3032 3150
3 3150 3022 3149
3 3022 3023 3149
3 3149 3023 3142
3 3023 3024 3142
3 3142 3014 3141
3 3014 3015 3141
3 3141 3015 3134
3 3015 3016 3134
3 3134 3006 3133
3 3006 3007 3133
3 3133 3007 3126
3 3007 3008 3126
3 3126 2998 3125
3 2998 2999 3125
3 3125 2999 3118
3 2999 3000 3118
3 3118 2990 3117
3 2990 2991 3117
3 3117 2991 3110
3 2991 2992 3110
3 3110 2982 3109
3 2982 2983 3109
3 3109 2983 3102
3 2983 2984 3102
3 3102 2974 3101
3 2974 2975 3101
3 3101 2975 3094
3 2975 2976 3094
3 3094 2966 3093
3 2966 2967 3093
3 3093 2967 3086
3 2967 2968 3086
3 3086 2958 3085
3 2958 2959 3085
3 3085 2959 3078
3 2959 2960 3078
3 3078 2950 3077
3 2950 2951 3077
3 3077 2951 3070
3 2951 2952 3070
3 3070 2942 3069
3 2942 2943 3069
3 3069 2943 3062
3 2943 2944 3062
3 3062 2934 3061
3 2934 2935 3061
3 3061 2935 3054
3 2935 2936 3054
3 3054 2926 3053
3 2926 2927 3053
3 3053 2927 3046
3 2927 2928 3046
3 3046 2918 3045
3 2918 2919 3045
3 3045 2919 3039
3 2919 2920 3039
3 3039 2920 3038
3 3046 2928 2918
3 2918 2928 2917
3 3054 2936 2926
3 2926 2936 2925
3 3062 2944 2934
3 2934 2944 2933
3 3070 2952 2942
3 2942 2952 2941
3 3078 2960 2950
3 2950 2960 2949
3 3086 2968 2958
3 2958 2968 2957
3 3094 2976 2966
3 2966 2976 2965
3 3102 2984 2974
3 2974 2984 2973
3 3110 2992 2982
3 2982 2992 2981
3 3118 3000 2990
3 2990 3000 2989
3 3126 3008 2998
3 2998 3008 2997
3 3134 3016 3006
3 3006 3016 3005
3 3142 3024 3014
3 3014 3024 3013
3 3150 3032 3022
3 3022 3032 3021
3 3029 3034 3032
3 3032 3034 3021
3 3034 3035 3021
3 3021 3035 3024
3 3035 3026 3024
3 3024 3026 3013
3 3026 3027 3013
3 3013 3027 3016
3 3027 3018 3016
3 3016 3018 3005
3 3018 3019 3005
3 3005 3019 3008
3 3019 3010 3008
3 3008 3010 2997
3 3010 3011 2997
3 2997 3011 3000
3 3011 3002 3000
3 3000 3002 2989
3 3002 3003 2989
3 2989 3003 2992
3 3003 2994 2992
3 2992 2994 2981
3 2994 2995 2981
3 2981 2995 2984
3 2995 2986 2984
3 2984 2986 2973
3 2986 2987 2973
3 2973 2987 2976
3 2987 2978 2976
3 2976 2978 2965
3 2978 2979 2965
3 2965 2979 2968
3 2979 2970 2968
3 2968 2970 2957
3 2970 2971 2957
3 2957 2971 2960
3 2971 2962 2960
3 2960 2962 2949
3 2962 2963 2949
3 2949 2963 2952
3 2963 2954 2952
3 2952 2954 2941
3 2954 2955 2941
3 2941 2955 2944
3 2955 2946 2944
3 2944 2946 2933
3 2946 2947 2933
3 2933 2947 2936
3 2947 2938 2936
3 2936 2938 2925
3 2938 2939 2925
3 2925 2939 2928
3 2939 2930 2928
3 2928 2930 2917
3 2930 2931 2917
3 2917 2931 2920
3 2931 2922 2920
3 2922 2923 2920
3 2922 2931 2921
3 2931 2932 2921
3 2930 2939 2929
3 2939 2940 2929
3 2938 2947 2937
3 2947 2948 2937
3 2946 2955 2945
3 2955 2956 2945
3 2954 2963 2953
3 2963 2964 2953
3 2962 2971 2961
3 2971 2972 2961
3 2970 2979 2969
3 2979 2980 2969
3 2978 2987 2977
3 2987 2988 2977
3 2986 2995 2985
3 2995 2996 2985
3 2994 3003 2993
3 3003 3004 2993
3 3002 3011 3001
3 3011 3012 3001
3 3010 3019 3009
3 3019 3020 3009
3 3018 3027 3017
3 3027 3028 3017
3 3026 3035 3025
3 3035 3036 3025
3 3033 2897 3036
3 3036 2897 3025
3 2897 2898 3025
3 3025 2898 3028
3 2898 2899 3028
3 3028 2899 3017
3 2899 3020 3017
3 3092 2905 3091
3 3159 2907 3158
3 3100 2905 3099
3 2940 2899 2929
3 2899 2932 2929
3 2932 2899 2921
3 2899 2924 2921
3 2924 2913 2923
3 2913 2914 2923
3 2923 2914 2920
3 2914 2915 2920
3 2920 2910 3038
3 2910 2911 3038
3 3038 2911 2900
3 2911 2912 2900
3 2900 2912 2899
3 2912 2915 2899
3 2899 2915 2916
3 2924 2899 2913
3 2899 2916 2913
3 2910 2920 2909
3 2915 2909 2920
3 2909 2915 2912
3 3156 2905 3155
3 2985 2899 2988
3 2899 2977 2988
3 2956 2899 2945
3 2899 2948 2945
3 2972 2899 2961
3 2899 2964 2961
3 2964 2899 2953
3 2899 2956 2953
3 2977 2899 2980
3 2899 2969 2980
3 2969 2899 2972
3 2948 2899 2937
3 2899 2940 2937
3 3020 2899 3009
3 2899 3012 3009
3 2993 2899 2996
3 2899 2985 2996
3 3012 2899 3001
3 2899 3004 3001
3 3004 2899 2993
3 3108 2905 3107
3 2356 2355 3177
3 2355 3165 3177
3 3166 3302 3165
3 3302 3303 3165
3 3165 3303 3177
3 3303 3298 3177
3 3177 3298 3176
3 3298 3299 3176
3 3176 3432 3175
3 3432 3433 3175
3 3175 3433 3174
3 3433 3424 3174
3 3174 3313 3173
3 3313 3310 3173
3 3173 3310 3172
3 3310 3311 3172
3 3172 3311 3171
3 3313 3174 3312
3 3174 3321 3312
3 3321 3318 3312
3 3312 3318 3311
3 3321 3174 3320
3 3174 3329 3320
3 3329 3326 3320
3 3320 3326 3319
3 3329 3174 3328
3 3174 3337 3328
3 3337 3334 3328
3 3328 3334 3327
3 3337 3174 3336
3 3174 3345 3336
3 3345 3342 3336
3 3336 3342 3335
3 3345 3174 3344
3 3174 3353 3344
3 3353 3350 3344
3 3344 3350 3343
3 3353 3174 3352
3 3174 3361 3352
3 3361 3358 3352
3 3352 3358 3351
3 3174 3369 3360
3 3360 3369 3359
3 3369 3366 3359
3 3174 3377 3368
3 3377 3374 3368
3 3368 3374 3367
3 3174 3385 3376
3 3376 3385 3375
3 3385 3382 3375
3 3385 3174 3384
3 3174 3393 3384
3 3384 3393 3383
3 3393 3390 3383
3 3393 3174 3392
3 3174 3401 3392
3 3392 3401 3391
3 3401 3398 3391
3 3401 3174 3400
3 3174 3409 3400
3 3400 3409 3399
3 3409 3406 3399
3 3409 3174 3408
3 3174 3417 3408
3 3408 3417 3407
3 3417 3414 3407
3 3417 3174 3416
3 3174 3425 3416
3 3416 3425 3415
3 3425 3422 3415
3 3424 3433 3423
3 3433 3430 3423
3 3432 3176 3431
3 3176 3428 3431
3 3431 3428 3430
3 3428 3429 3430
3 3430 3429 3423
3 3429 3426 3423
3 3423 3420 3422
3 3420 3421 3422
3 3422 3421 3415
3 3421 3418 3415
3 3415 3412 3414
3 3412 3413 3414
3 3414 3413 3407
3 3413 3410 3407
3 3407 3404 3406
3 3404 3405 3406
3 3406 3405 3399
3 3405 3402 3399
3 3399 3396 3398
3 3396 3397 3398
3 3398 3397 3391
3 3397 3394 3391
3 3391 3388 3390
3 3388 3389 3390
3 3390 3389 3383
3 3389 3386 3383
3 3383 3380 3382
3 3380 3381 3382
3 3382 3381 3375
3 3381 3378 3375
3 3375 3372 3374
3 3372 3373 3374
3 3374 3373 3367
3 3373 3370 3367
3 3367 3364 3366
3 3364 3365 3366
3 3366 3365 3359
3 3365 3362 3359
3 3359 3356 3358
3 3356 3357 3358
3 3358 3357 3351
3 3357 3354 3351
3 3351 3348 3350
3 3348 3349 3350
3 3350 3349 3343
3 3349 3346 3343
3 3343 3340 3342
3 3340 3341 3342
3 3342 3341 3335
3 3341 3338 3335
3 3335 3332 3334
3 3332 3333 3334
3 3334 3333 3327
3 3333 3330 3327
3 3327 3324 3326
3 3324 3325 3326
3 3326 3325 3319
3 3325 3322 3319
3 3319 3316 3318
3 3316 3317 3318
3 3318 3317 3311
3 3317 3314 3311
3 3311 3309 3171
3 3309 3306 3171
3 3171 3306 3170
3 3306 3307 3170
3 3170 3307 3169
3 3309 3311 3308
3 3311 3314 3308
3 3319 3322 3316
3 3316 3322 3315
3 3327 3330 3324
3 3324 3330 3323
3 3335 3338 3332
3 3332 3338 3331
3 3343 3346 3340
3 3340 3346 3339
3 3351 3354 3348
3 3348 3354 3347
3 3359 3362 3356
3 3356 3362 3355
3 3367 3370 3364
3 3364 3370 3363
3 3375 3378 3372
3 3372 3378 3371
3 3383 3386 3380
3 3380 3386 3379
3 3391 3394 3388
3 3388 3394 3387
3 3399 3402 3396
3 3396 3402 3395
3 3407 3410 3404
3 3404 3410 3403
3 3415 3418 3412
3 3412 3418 3411
3 3423 3426 3420
3 3420 3426 3419
3 3176 3299 3427
3 3427 3299 3426
3 3299 3300 3426
3 3426 3300 3419
3 3300 3301 3419
3 3419 3291 3418
3 3291 3292 3418
3 3418 3292 3411
3 3292 3293 3411
3 3411 3283 3410
3 3283 3284 3410
3 3410 3284 3403
3 3284 3285 3403
3 3403 3275 3402
3 3275 3276 3402
3 3402 3276 3395
3 3276 3277 3395
3 3395 3267 3394
3 3267 3268 3394
3 3394 3268 3387
3 3268 3269 3387
3 3387 3259 3386
3 3259 3260 3386
3 3386 3260 3379
3 3260 3261 3379
3 3379 3251 3378
3 3251 3252 3378
3 3378 3252 3371
3 3252 3253 3371
3 3371 3243 3370
3 3243 3244 3370
3 3370 3244 3363
3 3244 3245 3363
3 3363 3235 3362
3 3235 3236 3362
3 3362 3236 3355
3 3236 3237 3355
3 3355 3227 3354
3 3227 3228 3354
3 3354 3228 3347
3 3228 3229 3347
3 3347 3219 3346
3 3219 3220 3346
3 3346 3220 3339
3 3220 3221 3339
3 3339 3211 3338
3 3211 3212 3338
3 3338 3212 3331
3 3212 3213 3331
3 3331 3203 3330
3 3203 3204 3330
3 3330 3204 3323
3 3204 3205 3323
3 3323 3195 3322
3 3195 3196 3322
3 3322 3196 3315
3 3196 3197 3315
3 3315 3187 3314
3 3187 3188 3314
3 3314 3188 3308
3 3188 3189 3308
3 3308 3189 3307
3 3315 3197 3187
3 3187 3197 3186
3 3323 3205 3195
3 3195 3205 3194
3 3331 3213 3203
3 3203 3213 3202
3 3339 3221 3211
3 3211 3221 3210
3 3347 3229 3219
3 3219 3229 3218
3 3355 3237 3227
3 3227 3237 3226
3 3363 3245 3235
3 3235 3245 3234
3 3371 3253 3243
3 3243 3253 3242
3 3379 3261 3251
3 3251 3261 3250
3 3387 3269 3259
3 3259 3269 3258
3 3395 3277 3267
3 3267 3277 3266
3 3403 3285 3275
3 3275 3285 3274
3 3411 3293 3283
3 3283 3293 3282
3 3419 3301 3291
3 3291 3301 3290
3 3298 3303 3301
3 3301 3303 3290
3 3303 3304 3290
3 3290 3304 3293
3 3304 3295 3293
3 3293 3295 3282
3 3295 3296 3282
3 3282 3296 3285
3 3296 3287 3285
3 3285 3287 3274
3 3287 3288 3274
3 3274 3288 3277
3 3288 3279 3277
3 3277 3279 3266
3 3279 3280 3266
3 3266 3280 3269
3 3280 3271 3269
3 3269 3271 3258
3 3271 3272 3258
3 3258 3272 3261
3 3272 3263 3261
3 3261 3263 3250
3 3263 3264 3250
3 3250 3264 3253
3 3264 3255 3253
3 3253 3255 3242
3 3255 3256 3242
3 3242 3256 3245
3 3256 3247 3245
3 3245 3247 3234
3 3247 3248 3234
3 3234 3248 3237
3 3248 3239 3237
3 3237 3239 3226
3 3239 3240 3226
3 3226 3240 3229
3 3240 3231 3229
3 3229 3231 3218
3 3231 3232 3218
3 3218 3232 3221
3 3232 3223 3221
3 3221 3223 3210
3 3223 3224 3210
3 3210 3224 3213
3 3224 3215 3213
3 3213 3215 3202
3 3215 3216 3202
3 3202 3216 3205
3 3216 3207 3205
3 3205 3207 3194
3 3207 3208 3194
3 3194 3208 3197
3 3208 3199 3197
3 3197 3199 3186
3 3199 3200 3186
3 3186 3200 3189
3 3200 3191 3189
3 3191 3192 3189
3 3191 3200 3190
3 3200 3201 3190
3 3199 3208 3198
3 3208 3209 3198
3 3207 3216 3206
3 3216 3217 3206
3 3215 3224 3214
3 3224 3225 3214
3 3223 3232 3222
3 3232 3233 3222
3 3231 3240 3230
3 3240 3241 3230
3 3239 3248 3238
3 3248 3249 3238
3 3247 3256 3246
3 3256 3257 3246
3 3255 3264 3254
3 3264 3265 3254
3 3263 3272 3262
3 3272 3273 3262
3 3271 3280 3270
3 3280 3281 3270
3 3279 3288 3278
3 3288 3289 3278
3 3287 3296 3286
3 3296 3297 3286
3 3295 3304 3294
3 3304 3305 3294
3 3302 3166 3305
3 3305 3166 3294
3 3166 3167 3294
3 3294 3167 3297
3 3167 3168 3297
3 3297 3168 3286
3 3168 3289 3286
3 3361 3174 3360
3 3428 3176 3427
3 3369 3174 3368
3 3209 3168 3198
3 3168 3201 3198
3 3201 3168 3190
3 3168 3193 3190
3 3193 3182 3192
3 3182 3183 3192
3 3192 3183 3189
3 3183 3184 3189
3 3189 3179 3307
3 3179 3180 3307
3 3307 3180 3169
3 3180 3181 3169
3 3169 3181 3168
3 3181 3184 3168
3 3168 3184 3185
3 3193 3168 3182
3 3168 3185 3182
3 3179 3189 3178
3 3184 3178 3189
3 3178 3184 3181
3 3425 3174 3424
3 3254 3168 3257
3 3168 3246 3257
3 3225 3168 3214
3 3168 3217 3214
3 3241 3168 3230
3 3168 3233 3230
3 3233 3168 3222
3 3168 3225 3222
3 3246 3168 3249
3 3168 3238 3249
3 3238 3168 3241
3 3217 3168 3206
3 3168 3209 3206
3 3289 3168 3278
3 3168 3281 3278
3 3262 3168 3265
3 3168 3254 3265
3 3281 3168 3270
3 3168 3273 3270
3 3273 3168 3262
3 3377 3174 3376
3 3242 3245 1569
3 1572 3242 1569
3 2704 2707 1599
3 1602 2704 1599
3 2835 2834 1616
3 1613 2835 1616
3 2973 2976 1617
3 1620 2973 1617
3 3217 1293 1296
3 3214 3217 1296
3 2679 1299 1302
3 2676 2679 1302
3 2806 1340 1337
3 2807 2806 1337
3 2948 1341 1344
3 2945 2948 1344
3 3315 1062 3316
3 1062 1063 3316
3 3316 1063 1064
3 3186 1068 3187
3 1068 1069 3187
3 3187 1069 1070
3 3319 1074 3320
3 1074 1075 3320
3 3320 1075 1076
3 3190 1080 3191
3 1080 1081 3191
3 3191 1081 1082
3 2652 1086 2653
3 1086 1087 2653
3 2653 1087 1088
3 3050 1092 3051
3 1092 1093 3051
3 3051 1093 1094
3 2648 1098 2649
3 1098 1099 2649
3 2649 1099 1100
3 3046 1104 3047
3 1104 1105 3047
3 3047 1105 1106
3 2855 1769 2852
3 1769 1768 2852
3 2852 1768 1767
3 2995 1775 2996
3 1775 1774 2996
3 2996 1774 1773
3 2871 1913 2868
3 1913 1912 2868
3 2868 1912 1911
3 3011 1919 3012
3 1919 1918 3012
3 3012 1918 1917
3 3383 3382 1647
3 1650 3383 1647
3 3114 3113 1665
3 1668 3114 1665
3 2809 1398 2810
3 1398 1399 2810
3 2810 1399 1400
3 2949 1404 2950
3 1404 1405 2950
3 2950 1405 1406
3 2849 1758 2850
3 1758 1759 2850
3 2850 1759 1760
3 2989 1764 2990
3 1764 1765 2990
3 2990 1765 1766
3 3248 3247 1586
3 1583 3248 1586
3 2710 2709 1592
3 1589 2710 1592
3 2836 1623 1626
3 2837 2836 1626
3 2979 2978 1634
3 1631 2979 1634
3 3227 1430 1427
3 3228 3227 1427
3 2690 2689 1460
3 1457 2690 1460
3 2816 1467 1470
3 2817 2816 1470
3 2959 2958 1478
3 1475 2959 1478
3 3331 3330 1203
3 1206 3331 1203
3 3061 1245 1248
3 3062 3061 1248
3 2857 1830 2858
3 1830 1831 2858
3 2858 1831 1832
3 2997 1836 2998
3 1836 1837 2998
3 2998 1837 1838
3 3399 3398 1791
3 1794 3399 1791
3 3130 3129 1809
3 1812 3130 1809
3 3194 3197 1137
3 1140 3194 1137
3 2656 2659 1167
3 1170 2656 1167
3 2786 1184 1181
3 2787 2786 1181
3 2925 2928 1185
3 1188 2925 1185
3 2893 2130 2894
3 2130 2131 2894
3 2894 2131 2132
3 3033 2136 3034
3 2136 2137 3034
3 3034 2137 2138
3 3295 2018 2015
3 3296 3295 2015
3 2757 2024 2021
3 2758 2757 2021
3 2885 2884 2055
3 2058 2885 2055
3 3026 2066 2063
3 3027 3026 2063
3 2793 1254 2794
3 1254 1255 2794
3 2794 1255 1256
3 2933 1260 2934
3 1260 1261 2934
3 2934 1261 1262
3 2783 1121 2780
3 1121 1120 2780
3 2780 1120 1119
3 2923 1127 2924
3 1127 1126 2924
3 2924 1126 1125
3 3215 1298 1295
3 3216 3215 1295
3 2678 2677 1304
3 1301 2678 1304
3 2805 2804 1335
3 1338 2805 1335
3 2946 1346 1343
3 2947 2946 1343
3 2895 2129 2892
3 2129 2128 2892
3 2892 2128 2127
3 3035 2135 3036
3 2135 2134 3036
3 3036 2134 2133
3 2789 1194 2790
3 1194 1195 2790
3 2790 1195 1196
3 2929 1200 2930
3 1200 1201 2930
3 2930 1201 1202
3 3185 1005 1008
3 3182 3185 1008
3 2644 2647 1011
3 1014 2644 1011
3 2774 1052 1049
3 2775 2774 1049
3 2913 2916 1053
3 1056 2913 1053
3 3265 1725 1728
3 3262 3265 1728
3 2727 1731 1734
3 2724 2727 1734
3 2854 1772 1769
3 2855 2854 1769
3 2996 1773 1776
3 2993 2996 1776
3 3259 1718 1715
3 3260 3259 1715
3 2722 2721 1748
3 1745 2722 1748
3 2848 1755 1758
3 2849 2848 1758
3 2991 2990 1766
3 1763 2991 1766
3 3211 1286 1283
3 3212 3211 1283
3 2674 2673 1316
3 1313 2674 1316
3 2800 1323 1326
3 2801 2800 1326
3 2943 2942 1334
3 1331 2943 1334
3 3384 1652 1649
3 3385 3384 1649
3 3116 3115 1670
3 1667 3116 1670
3 2851 1757 2848
3 1757 1756 2848
3 2848 1756 1755
3 2991 1763 2992
3 1763 1762 2992
3 2992 1762 1761
3 3289 1941 1944
3 3286 3289 1944
3 2751 1947 1950
3 2748 2751 1950
3 2878 1988 1985
3 2879 2878 1985
3 3017 3020 1989
3 1992 3017 1989
3 3408 1868 1865
3 3409 3408 1865
3 3140 3139 1886
3 1883 3140 1886
3 3363 1494 3364
3 1494 1495 3364
3 3364 1495 1496
3 3234 1500 3235
3 1500 1501 3235
3 3235 1501 1502
3 3367 1506 3368
3 1506 1507 3368
3 3368 1507 1508
3 3238 1512 3239
3 1512 1513 3239
3 3239 1513 1514
3 2700 1518 2701
3 1518 1519 2701
3 2701 1519 1520
3 3098 1524 3099
3 1524 1525 3099
3 3099 1525 1526
3 2696 1530 2697
3 1530 1531 2697
3 2697 1531 1532
3 3094 1536 3095
3 1536 1537 3095
3 3095 1537 1538
3 3368 1508 1505
3 3369 3368 1505
3 3100 3099 1526
3 1523 3100 1526
3 3373 1565 3370
3 1565 1564 3370
3 3370 1564 1563
3 3244 1571 3245
3 1571 1570 3245
3 3245 1570 1569
3 3377 1577 3374
3 1577 1576 3374
3 3374 1576 1575
3 3248 1583 3249
3 1583 1582 3249
3 3249 1582 1581
3 2710 1589 2711
3 1589 1588 2711
3 2711 1588 1587
3 3108 1595 3105
3 1595 1594 3105
3 3105 1594 1593
3 2706 1601 2707
3 1601 1600 2707
3 2707 1600 1599
3 3104 1607 3101
3 1607 1606 3101
3 3101 1606 1605
3 3264 3263 1730
3 1727 3264 1730
3 2726 2725 1736
3 1733 2726 1736
3 2852 1767 1770
3 2853 2852 1770
3 2995 2994 1778
3 1775 2995 1778
3 2769 1038 2770
3 1038 1039 2770
3 2770 1039 1040
3 2909 1044 2910
3 1044 1045 2910
3 2910 1045 1046
3 2825 1542 2826
3 1542 1543 2826
3 2826 1543 1544
3 2965 1548 2966
3 1548 1549 2966
3 2966 1549 1550
3 2781 1122 2782
3 1122 1123 2782
3 2782 1123 1124
3 2921 1128 2922
3 1128 1129 2922
3 2922 1129 1130
3 3193 1077 1080
3 3190 3193 1080
3 2652 2655 1083
3 1086 2652 1083
3 2782 1124 1121
3 2783 2782 1121
3 2921 2924 1125
3 1128 2921 1125
3 3317 1061 3314
3 1061 1060 3314
3 3314 1060 1059
3 3188 1067 3189
3 1067 1066 3189
3 3189 1066 1065
3 3321 1073 3318
3 1073 1072 3318
3 3318 1072 1071
3 3192 1079 3193
3 1079 1078 3193
3 3193 1078 1077
3 2654 1085 2655
3 1085 1084 2655
3 2655 1084 1083
3 3052 1091 3049
3 1091 1090 3049
3 3049 1090 1089
3 2650 1097 2651
3 1097 1096 2651
3 2651 1096 1095
3 3048 1103 3045
3 1103 1102 3045
3 3045 1102 1101
3 3404 1856 1853
3 3405 3404 1853
3 3136 3135 1898
3 1895 3136 1898
3 2891 2117 2888
3 2117 2116 2888
3 2888 2116 2115
3 3031 2123 3032
3 2123 2122 3032
3 3032 2122 2121
3 2779 1109 2776
3 1109 1108 2776
3 2776 1108 1107
3 2919 1115 2920
3 1115 1114 2920
3 2920 1114 1113
3 3432 2084 2081
3 3433 3432 2081
3 3163 2102 2099
3 3164 3163 2099
3 2827 1541 2824
3 1541 1540 2824
3 2824 1540 1539
3 2967 1547 2968
3 1547 1546 2968
3 2968 1546 1545
3 3387 1710 3388
3 1710 1711 3388
3 3388 1711 1712
3 3258 1716 3259
3 1716 1717 3259
3 3259 1717 1718
3 3391 1722 3392
3 1722 1723 3392
3 3392 1723 1724
3 3262 1728 3263
3 1728 1729 3263
3 3263 1729 1730
3 2724 1734 2725
3 1734 1735 2725
3 2725 1735 1736
3 3122 1740 3123
3 1740 1741 3123
3 3123 1741 1742
3 2720 1746 2721
3 1746 1747 2721
3 2721 1747 1748
3 3118 1752 3119
3 1752 1753 3119
3 3119 1753 1754
3 3422 2007 2010
3 3423 3422 2010
3 3154 3153 2025
3 2028 3154 2025
3 3303 2090 2087
3 3304 3303 2087
3 2765 2096 2093
3 2766 2765 2093
3 2893 2892 2127
3 2130 2893 2127
3 3034 2138 2135
3 3035 3034 2135
3 2771 1037 2768
3 1037 1036 2768
3 2768 1036 1035
3 2911 1043 2912
3 1043 1042 2912
3 2912 1042 1041
3 3309 989 3306
3 989 988 3306
3 3306 988 987
3 3180 995 3181
3 995 994 3181
3 3181 994 993
3 3313 1001 3310
3 1001 1000 3310
3 3310 1000 999
3 3184 1007 3185
3 1007 1006 3185
3 3185 1006 1005
3 2646 1013 2647
3 1013 1012 2647
3 2647 1012 1011
3 3044 1019 3041
3 1019 1018 3041
3 3041 1018 1017
3 2642 1025 2643
3 1025 1024 2643
3 2643 1024 1023
3 3040 1031 3037
3 1031 1030 3037
3 3037 1030 1029
3 3209 1221 1224
3 3206 3209 1224
3 2668 2671 1227
3 1230 2668 1227
3 2798 1268 1265
3 2799 2798 1265
3 2940 1269 1272
3 2937 2940 1272
3 2867 1901 2864
3 1901 1900 2864
3 2864 1900 1899
3 3007 1907 3008
3 1907 1906 3008
3 3008 1906 1905
3 3195 1142 1139
3 3196 3195 1139
3 2657 1172 1169
3 2658 2657 1169
3 2785 2784 1179
3 1182 2785 1179
3 2927 2926 1190
3 1187 2927 1190
3 2869 1914 2870
3 1914 1915 2870
3 2870 1915 1916
3 3009 1920 3010
3 1920 1921 3010
3 3010 1921 1922
3 3256 3255 1658
3 1655 3256 1658
3 2718 2717 1664
3 1661 2718 1664
3 2844 1695 1698
3 2845 2844 1698
3 2987 2986 1706
3 1703 2987 1706
3 2883 2045 2880
3 2045 2044 2880
3 2880 2044 2043
3 3023 2051 3024
3 2051 2050 3024
3 3024 2050 2049
3 3361 3360 1436
3 1433 3361 1436
3 3092 3091 1454
3 1451 3092 1454
3 3233 1437 1440
3 3230 3233 1440
3 2695 1443 1446
3 2692 2695 1446
3 2822 1484 1481
3 2823 2822 1481
3 2961 2964 1485
3 1488 2961 1485
3 3250 3253 1641
3 1644 3250 1641
3 2715 1671 1674
3 2712 2715 1674
3 2843 2842 1688
3 1685 2843 1688
3 2984 1689 1692
3 2981 2984 1692
3 2801 1326 2802
3 1326 1327 2802
3 2802 1327 1328
3 2941 1332 2942
3 1332 1333 2942
3 2942 1333 1334
3 2823 1481 2820
3 1481 1480 2820
3 2820 1480 1479
3 2963 1487 2964
3 1487 1486 2964
3 2964 1486 1485
3 2875 1973 2872
3 1973 1972 2872
3 2872 1972 1971
3 3015 1979 3016
3 1979 1978 3016
3 3016 1978 1977
3 3343 3342 1287
3 1290 3343 1287
3 3074 3073 1305
3 1308 3074 1305
3 3272 3271 1802
3 1799 3272 1802
3 2734 2733 1808
3 1805 2734 1808
3 2860 1839 1842
3 2861 2860 1842
3 3003 3002 1850
3 1847 3003 1850
3 3353 3352 1364
3 1361 3353 1364
3 3084 3083 1382
3 1379 3084 1382
3 3287 1946 1943
3 3288 3287 1943
3 2749 1952 1949
3 2750 2749 1949
3 2877 2876 1983
3 1986 2877 1983
3 3018 1994 1991
3 3019 3018 1991
3 3223 1370 1367
3 3224 3223 1367
3 2685 1376 1373
3 2686 2685 1373
3 2813 2812 1407
3 1410 2813 1407
3 2954 1418 1415
3 2955 2954 1415
3 3281 1869 1872
3 3278 3281 1872
3 2743 1875 1878
3 2740 2743 1878
3 2870 1916 1913
3 2871 2870 1913
3 3009 3012 1917
3 1920 3009 1917
3 3307 990 3308
3 990 991 3308
3 3308 991 992
3 3178 996 3179
3 996 997 3179
3 3179 997 998
3 3311 1002 3312
3 1002 1003 3312
3 3312 1003 1004
3 3182 1008 3183
3 1008 1009 3183
3 3183 1009 1010
3 2644 1014 2645
3 1014 1015 2645
3 2645 1015 1016
3 3042 1020 3043
3 1020 1021 3043
3 3043 1021 1022
3 2640 1026 2641
3 1026 1027 2641
3 2641 1027 1028
3 3038 1032 3039
3 1032 1033 3039
3 3039 1033 1034
3 3226 3229 1425
3 1428 3226 1425
3 2691 1455 1458
3 2688 2691 1458
3 2819 2818 1472
3 1469 2819 1472
3 2957 2960 1473
3 1476 2957 1473
3 3372 1568 1565
3 3373 3372 1565
3 3103 1610 1607
3 3104 3103 1607
3 3419 3418 1995
3 1998 3419 1995
3 3150 3149 2037
3 2040 3150 2037
3 3391 3390 1719
3 1722 3391 1719
3 3121 1737 1740
3 3122 3121 1740
3 2881 2046 2882
3 2046 2047 2882
3 2882 2047 2048
3 3021 2052 3022
3 2052 2053 3022
3 3022 2053 2054
3 3379 1638 3380
3 1638 1639 3380
3 3380 1639 1640
3 3250 1644 3251
3 1644 1645 3251
3 3251 1645 1646
3 3383 1650 3384
3 1650 1651 3384
3 3384 1651 1652
3 3254 1656 3255
3 1656 1657 3255
3 3255 1657 1658
3 2716 1662 2717
3 1662 1663 2717
3 2717 1663 1664
3 3114 1668 3115
3 1668 1669 3115
3 3115 1669 1670
3 2712 1674 2713
3 1674 1675 2713
3 2713 1675 1676
3 3110 1680 3111
3 1680 1681 3111
3 3111 1681 1682
3 2829 1554 2830
3 1554 1555 2830
3 2830 1555 1556
3 2969 1560 2970
3 1560 1561 2970
3 2970 1561 1562
3 2795 1253 2792
3 1253 1252 2792
3 2792 1252 1251
3 2935 1259 2936
3 1259 1258 2936
3 2936 1258 1257
3 496 495 2356
3 496 2356 3177
3 522 521 2354
3 522 2354 2908
3 3345 3344 1292
3 1289 3345 1292
3 3076 3075 1310
3 1307 3076 1310
3 2847 1697 2844
3 1697 1696 2844
3 2844 1696 1695
3 2987 1703 2988
3 1703 1702 2988
3 2988 1702 1701
3 3187 1070 1067
3 3188 3187 1067
3 2649 1100 1097
3 2650 2649 1097
3 2777 2776 1107
3 1110 2777 1107
3 2919 2918 1118
3 1115 2919 1118
3 3267 1790 1787
3 3268 3267 1787
3 2730 2729 1820
3 1817 2730 1820
3 2856 1827 1830
3 2857 2856 1830
3 2999 2998 1838
3 1835 2999 1838
3 2873 1974 2874
3 1974 1975 2874
3 2874 1975 1976
3 3013 1980 3014
3 1980 1981 3014
3 3014 1981 1982
3 2817 1470 2818
3 1470 1471 2818
3 2818 1471 1472
3 2957 1476 2958
3 1476 1477 2958
3 2958 1477 1478
3 2797 1266 2798
3 1266 1267 2798
3 2798 1267 1268
3 2937 1272 2938
3 1272 1273 2938
3 2938 1273 1274
3 3329 3328 1148
3 1145 3329 1148
3 3060 3059 1166
3 1163 3060 1166
3 3318 1071 1074
3 3319 3318 1074
3 3050 3049 1089
3 1092 3050 1089
3 3341 1277 3338
3 1277 1276 3338
3 3338 1276 1275
3 3212 1283 3213
3 1283 1282 3213
3 3213 1282 1281
3 3345 1289 3342
3 1289 1288 3342
3 3342 1288 1287
3 3216 1295 3217
3 1295 1294 3217
3 3217 1294 1293
3 2678 1301 2679
3 1301 1300 2679
3 2679 1300 1299
3 3076 1307 3073
3 1307 1306 3073
3 3073 1306 1305
3 2674 1313 2675
3 1313 1312 2675
3 2675 1312 1311
3 3072 1319 3069
3 1319 1318 3069
3 3069 1318 1317
3 3275 1862 1859
3 3276 3275 1859
3 2738 2737 1892
3 1889 2738 1892
3 2864 1899 1902
3 2865 2864 1902
3 3007 3006 1910
3 1907 3007 1910
3 3413 1925 3410
3 1925 1924 3410
3 3410 1924 1923
3 3284 1931 3285
3 1931 1930 3285
3 3285 1930 1929
3 3417 1937 3414
3 1937 1936 3414
3 3414 1936 1935
3 3288 1943 3289
3 1943 1942 3289
3 3289 1942 1941
3 2750 1949 2751
3 1949 1948 2751
3 2751 1948 1947
3 3148 1955 3145
3 1955 1954 3145
3 3145 1954 1953
3 2746 1961 2747
3 1961 1960 2747
3 2747 1960 1959
3 3144 1967 3141
3 1967 1966 3141
3 3141 1966 1965
3 3241 1509 1512
3 3238 3241 1512
3 2703 1515 1518
3 2700 2703 1518
3 2830 1556 1553
3 2831 2830 1553
3 2972 1557 1560
3 2969 2972 1560
3 2877 1986 2878
3 1986 1987 2878
3 2878 1987 1988
3 3017 1992 3018
3 1992 1993 3018
3 3018 1993 1994
3 3302 3305 2085
3 2088 3302 2085
3 2764 2767 2091
3 2094 2764 2091
3 2894 2132 2129
3 2895 2894 2129
3 3036 2133 2136
3 3033 3036 2136
3 3429 2069 3426
3 2069 2068 3426
3 3426 2068 2067
3 3300 2075 3301
3 2075 2074 3301
3 3301 2074 2073
3 3433 2081 3430
3 2081 2080 3430
3 3430 2080 2079
3 3304 2087 3305
3 2087 2086 3305
3 3305 2086 2085
3 2766 2093 2767
3 2093 2092 2767
3 2767 2092 2091
3 3164 2099 3161
3 2099 2098 3161
3 3161 2098 2097
3 2762 2105 2763
3 2105 2104 2763
3 2763 2104 2103
3 3160 2111 3157
3 2111 2110 3157
3 3157 2110 2109
3 2845 1698 2846
3 1698 1699 2846
3 2846 1699 1700
3 2985 1704 2986
3 1704 1705 2986
3 2986 1705 1706
3 3376 1580 1577
3 3377 3376 1577
3 3108 3107 1598
3 1595 3108 1598
3 3225 1365 1368
3 3222 3225 1368
3 2687 1371 1374
3 2684 2687 1374
3 2814 1412 1409
3 2815 2814 1409
3 2953 2956 1413
3 1416 2953 1413
3 3379 3378 1635
3 1638 3379 1635
3 3110 3109 1677
3 1680 3110 1677
3 512 511 3167
3 512 3167 3166
3 2628 486 485
3 2628 485 2629
3 2637 472 471
3 2637 471 2638
3 540 539 2898
3 540 2898 2897
3 3310 999 1002
3 3311 3310 1002
3 3042 3041 1017
3 1020 3042 1017
3 3411 1926 3412
3 1926 1927 3412
3 3412 1927 1928
3 3282 1932 3283
3 1932 1933 3283
3 3283 1933 1934
3 3415 1938 3416
3 1938 1939 3416
3 3416 1939 1940
3 3286 1944 3287
3 1944 1945 3287
3 3287 1945 1946
3 2748 1950 2749
3 1950 1951 2749
3 2749 1951 1952
3 3146 1956 3147
3 1956 1957 3147
3 3147 1957 1958
3 2744 1962 2745
3 1962 1963 2745
3 2745 1963 1964
3 3142 1968 3143
3 1968 1969 3143
3 3143 1969 1970
3 3419 1998 3420
3 1998 1999 3420
3 3420 1999 2000
3 3290 2004 3291
3 2004 2005 3291
3 3291 2005 2006
3 3423 2010 3424
3 2010 2011 3424
3 3424 2011 2012
3 3294 2016 3295
3 2016 2017 3295
3 3295 2017 2018
3 2756 2022 2757
3 2022 2023 2757
3 2757 2023 2024
3 3154 2028 3155
3 2028 2029 3155
3 3155 2029 2030
3 2752 2034 2753
3 2034 2035 2753
3 2753 2035 2036
3 3150 2040 3151
3 2040 2041 3151
3 3151 2041 2042
3 3219 1358 1355
3 3220 3219 1355
3 2682 2681 1388
3 1385 2682 1388
3 2808 1395 1398
3 2809 2808 1398
3 2951 2950 1406
3 1403 2951 1406
3 3381 1637 3378
3 1637 1636 3378
3 3378 1636 1635
3 3252 1643 3253
3 1643 1642 3253
3 3253 1642 1641
3 3385 1649 3382
3 1649 1648 3382
3 3382 1648 1647
3 3256 1655 3257
3 1655 1654 3257
3 3257 1654 1653
3 2718 1661 2719
3 1661 1660 2719
3 2719 1660 1659
3 3116 1667 3113
3 1667 1666 3113
3 3113 1666 1665
3 2714 1673 2715
3 1673 1672 2715
3 2715 1672 1671
3 3112 1679 3109
3 1679 1678 3109
3 3109 1678 1677
3 2819 1469 2816
3 1469 1468 2816
3 2816 1468 1467
3 2959 1475 2960
3 1475 1474 2960
3 2960 1474 1473
3 3396 1784 1781
3 3397 3396 1781
3 3128 3127 1826
3 1823 3128 1826
3 3171 505 504
3 504 503 3172
3 503 502 3173
3 502 501 3174
3 501 500 3175
3 500 499 3175
3 3175 3174 501
3 3174 3173 502
3 3173 3172 503
3 3172 3171 504
3 2902 532 531
3 531 530 2903
3 530 529 2903
3 529 528 2904
3 528 527 2905
3 527 526 2905
3 526 525 2906
3 2906 2905 526
3 2905 2904 528
3 2904 2903 529
3 2903 2902 531
3 3184 3183 1010
3 1007 3184 1010
3 2646 2645 1016
3 1013 2646 1016
3 2772 1047 1050
3 2773 2772 1050
3 2915 2914 1058
3 1055 2915 1058
3 3312 1004 1001
3 3313 3312 1001
3 3044 3043 1022
3 1019 3044 1022
3 3429 3428 2072
3 2069 3429 2072
3 3160 3159 2114
3 2111 3160 2114
3 3325 1133 3322
3 1133 1132 3322
3 3322 1132 1131
3 3196 1139 3197
3 1139 1138 3197
3 3197 1138 1137
3 3329 1145 3326
3 1145 1144 3326
3 3326 1144 1143
3 3200 1151 3201
3 1151 1150 3201
3 3201 1150 1149
3 2662 1157 2663
3 1157 1156 2663
3 2663 1156 1155
3 3060 1163 3057
3 1163 1162 3057
3 3057 1162 1161
3 2658 1169 2659
3 1169 1168 2659
3 2659 1168 1167
3 3056 1175 3053
3 1175 1174 3053
3 3053 1174 1173
3 3316 1064 1061
3 3317 3316 1061
3 3047 1106 1103
3 3048 3047 1103
3 3371 3370 1563
3 1566 3371 1563
3 3102 3101 1605
3 1608 3102 1605
3 3201 1149 1152
3 3198 3201 1152
3 2663 1155 1158
3 2660 2663 1158
3 2790 1196 1193
3 2791 2790 1193
3 2929 2932 1197
3 1200 2929 1197
3 2837 1626 2838
3 1626 1627 2838
3 2838 1627 1628
3 2977 1632 2978
3 1632 1633 2978
3 2978 1633 1634
3 3323 1134 3324
3 1134 1135 3324
3 3324 1135 1136
3 3194 1140 3195
3 1140 1141 3195
3 3195 1141 1142
3 3327 1146 3328
3 1146 1147 3328
3 3328 1147 1148
3 3198 1152 3199
3 1152 1153 3199
3 3199 1153 1154
3 2660 1158 2661
3 1158 1159 2661
3 2661 1159 1160
3 3058 1164 3059
3 1164 1165 3059
3 3059 1165 1166
3 2656 1170 2657
3 1170 1171 2657
3 2657 1171 1172
3 3054 1176 3055
3 1176 1177 3055
3 3055 1177 1178
3 3359 3358 1431
3 1434 3359 1431
3 3090 3089 1449
3 1452 3090 1449
3 3339 1278 3340
3 1278 1279 3340
3 3340 1279 1280
3 3210 1284 3211
3 1284 1285 3211
3 3211 1285 1286
3 3343 1290 3344
3 1290 1291 3344
3 3344 1291 1292
3 3214 1296 3215
3 1296 1297 3215
3 3215 1297 1298
3 2676 1302 2677
3 1302 1303 2677
3 2677 1303 1304
3 3074 1308 3075
3 1308 1309 3075
3 3075 1309 1310
3 2672 1314 2673
3 1314 1315 2673
3 2673 1315 1316
3 3070 1320 3071
3 1320 1321 3071
3 3071 1321 1322
3 3284 3283 1934
3 1931 3284 1934
3 2746 2745 1964
3 1961 2746 1964
3 2873 2872 1971
3 1974 2873 1971
3 3014 1982 1979
3 3015 3014 1979
3 2811 1397 2808
3 1397 1396 2808
3 2808 1396 1395
3 2951 1403 2952
3 1403 1402 2952
3 2952 1402 1401
3 2853 1770 2854
3 1770 1771 2854
3 2854 1771 1772
3 2993 1776 2994
3 1776 1777 2994
3 2994 1777 1778
3 3355 3354 1419
3 1422 3355 1419
3 3086 3085 1461
3 1464 3086 1461
3 3167 511 510
3 510 509 3167
3 509 508 3168
3 508 507 3169
3 507 506 3170
3 506 505 3171
3 3171 3170 506
3 3170 3169 507
3 3169 3168 508
3 3168 3167 509
3 2629 485 484
3 484 483 2630
3 483 482 2630
3 482 481 2631
3 481 480 2632
3 480 479 2633
3 479 478 2633
3 2633 2632 480
3 2632 2631 481
3 2631 2630 482
3 2630 2629 484
3 2633 478 477
3 477 476 2634
3 476 475 2635
3 475 474 2636
3 474 473 2636
3 473 472 2637
3 2637 2636 473
3 2636 2635 475
3 2635 2634 476
3 2634 2633 477
3 2898 539 538
3 538 537 2899
3 537 536 2899
3 536 535 2900
3 535 534 2901
3 534 533 2902
3 533 532 2902
3 2902 2901 534
3 2901 2900 535
3 2900 2899 536
3 2899 2898 538
3 3331 1206 3332
3 1206 1207 3332
3 3332 1207 1208
3 3202 1212 3203
3 1212 1213 3203
3 3203 1213 1214
3 3335 1218 3336
3 1218 1219 3336
3 3336 1219 1220
3 3206 1224 3207
3 1224 1225 3207
3 3207 1225 1226
3 2668 1230 2669
3 1230 1231 2669
3 2669 1231 1232
3 3066 1236 3067
3 1236 1237 3067
3 3067 1237 1238
3 2664 1242 2665
3 1242 1243 2665
3 2665 1243 1244
3 3062 1248 3063
3 1248 1249 3063
3 3063 1249 1250
3 3274 3277 1857
3 1860 3274 1857
3 2736 2739 1887
3 1890 2736 1887
3 2867 2866 1904
3 1901 2867 1904
3 3005 3008 1905
3 1908 3005 1905
3 3192 3191 1082
3 1079 3192 1082
3 2654 2653 1088
3 1085 2654 1088
3 2780 1119 1122
3 2781 2780 1122
3 2923 2922 1130
3 1127 2923 1130
3 3363 3362 1491
3 1494 3363 1491
3 3093 1533 1536
3 3094 3093 1536
3 3300 3299 2078
3 2075 3300 2078
3 2762 2761 2108
3 2105 2762 2108
3 2888 2115 2118
3 2889 2888 2118
3 3031 3030 2126
3 2123 3031 2126
3 2841 1686 2842
3 1686 1687 2842
3 2842 1687 1688
3 2981 1692 2982
3 1692 1693 2982
3 2982 1693 1694
3 2799 1265 2796
3 1265 1264 2796
3 2796 1264 1263
3 2939 1271 2940
3 1271 1270 2940
3 2940 1270 1269
3 3234 3237 1497
3 1500 3234 1497
3 2699 1527 1530
3 2696 2699 1530
3 2827 2826 1544
3 1541 2827 1544
3 2968 1545 1548
3 2965 2968 1548
3 3240 3239 1514
3 1511 3240 1514
3 2701 1520 1517
3 2702 2701 1517
3 2828 1551 1554
3 2829 2828 1554
3 2971 2970 1562
3 1559 2971 1562
3 468 2350 2639
3 468 2639 469
3 2357 489 488
3 2357 488 2627
3 2355 515 514
3 2355 514 3165
3 2353 543 542
3 2353 542 2896
3 2777 1110 2778
3 1110 1111 2778
3 2778 1111 1112
3 2917 1116 2918
3 1116 1117 2918
3 2918 1117 1118
3 3231 1442 1439
3 3232 3231 1439
3 2693 1448 1445
3 2694 2693 1445
3 2821 2820 1479
3 1482 2821 1479
3 2962 1490 1487
3 2963 2962 1487
3 3355 1422 3356
3 1422 1423 3356
3 3356 1423 1424
3 3226 1428 3227
3 1428 1429 3227
3 3227 1429 1430
3 3359 1434 3360
3 1434 1435 3360
3 3360 1435 1436
3 3230 1440 3231
3 1440 1441 3231
3 3231 1441 1442
3 2692 1446 2693
3 1446 1447 2693
3 2693 1447 1448
3 3090 1452 3091
3 1452 1453 3091
3 3091 1453 1454
3 2688 1458 2689
3 1458 1459 2689
3 2689 1459 1460
3 3086 1464 3087
3 1464 1465 3087
3 3087 1465 1466
3 3339 3338 1275
3 1278 3339 1275
3 3070 3069 1317
3 1320 3070 1317
3 3348 1352 1349
3 3349 3348 1349
3 3079 1394 1391
3 3080 3079 1391
3 3324 1136 1133
3 3325 3324 1133
3 3055 1178 1175
3 3056 3055 1175
3 3403 3402 1851
3 1854 3403 1851
3 3134 3133 1893
3 1896 3134 1893
3 3308 992 989
3 3309 3308 989
3 3040 3039 1034
3 1031 3040 1034
3 2791 1193 2788
3 1193 1192 2788
3 2788 1192 1191
3 2931 1199 2932
3 1199 1198 2932
3 2932 1198 1197
3 2839 1625 2836
3 1625 1624 2836
3 2836 1624 1623
3 2979 1631 2980
3 1631 1630 2980
3 2980 1630 1629
3 3176 497 3177
3 497 496 3177
3 497 3176 498
3 3165 514 3166
3 514 513 3166
3 3166 513 512
3 2627 488 2628
3 488 487 2628
3 2628 487 486
3 2907 523 2908
3 523 522 2908
3 523 2907 524
3 3200 3199 1154
3 1151 3200 1154
3 2662 2661 1160
3 1157 2662 1160
3 2788 1191 1194
3 2789 2788 1194
3 2931 2930 1202
3 1199 2931 1202
3 2865 1902 2866
3 1902 1903 2866
3 2866 1903 1904
3 3005 1908 3006
3 1908 1909 3006
3 3006 1909 1910
3 2815 1409 2812
3 1409 1408 2812
3 2812 1408 1407
3 2955 1415 2956
3 1415 1414 2956
3 2956 1414 1413
3 3406 1863 1866
3 3407 3406 1866
3 3138 3137 1881
3 1884 3138 1881
3 3208 3207 1226
3 1223 3208 1226
3 2670 2669 1232
3 1229 2670 1232
3 2796 1263 1266
3 2797 2796 1266
3 2939 2938 1274
3 1271 2939 1274
3 3251 1646 1643
3 3252 3251 1643
3 2714 2713 1676
3 1673 2714 1676
3 2840 1683 1686
3 2841 2840 1686
3 2982 1694 1691
3 2983 2982 1691
3 2807 1337 2804
3 1337 1336 2804
3 2804 1336 1335
3 2947 1343 2948
3 1343 1342 2948
3 2948 1342 1341
3 3388 1712 1709
3 3389 3388 1709
3 3119 1754 1751
3 3120 3119 1751
3 3307 3306 987
3 990 3307 987
3 3038 3037 1029
3 1032 3038 1029
3 3333 1205 3330
3 1205 1204 3330
3 3330 1204 1203
3 3204 1211 3205
3 1211 1210 3205
3 3205 1210 1209
3 3337 1217 3334
3 1217 1216 3334
3 3334 1216 1215
3 3208 1223 3209
3 1223 1222 3209
3 3209 1222 1221
3 2670 1229 2671
3 1229 1228 2671
3 2671 1228 1227
3 3068 1235 3065
3 1235 1234 3065
3 3065 1234 1233
3 2666 1241 2667
3 1241 1240 2667
3 2667 1240 1239
3 3064 1247 3061
3 1247 1246 3061
3 3061 1246 1245
3 3357 1421 3354
3 1421 1420 3354
3 3354 1420 1419
3 3228 1427 3229
3 1427 1426 3229
3 3229 1426 1425
3 3361 1433 3358
3 1433 1432 3358
3 3358 1432 1431
3 3232 1439 3233
3 1439 1438 3233
3 3233 1438 1437
3 2694 1445 2695
3 1445 1444 2695
3 2695 1444 1443
3 3092 1451 3089
3 1451 1450 3089
3 3089 1450 1449
3 2690 1457 2691
3 1457 1456 2691
3 2691 1456 1455
3 3088 1463 3085
3 1463 1462 3085
3 3085 1462 1461
3 3380 1640 1637
3 3381 3380 1637
3 3111 1682 1679
3 3112 3111 1679
3 3335 3334 1215
3 1218 3335 1215
3 3065 1233 1236
3 3066 3065 1236
3 3356 1424 1421
3 3357 3356 1421
3 3087 1466 1463
3 3088 3087 1463
3 3395 3394 1779
3 1782 3395 1779
3 3126 3125 1821
3 1824 3126 1821
3 2787 1181 2784
3 1181 1180 2784
3 2784 1180 1179
3 2927 1187 2928
3 1187 1186 2928
3 2928 1186 1185
3 2861 1842 2862
3 1842 1843 2862
3 2862 1843 1844
3 3001 1848 3002
3 1848 1849 3002
3 3002 1849 1850
3 3178 3181 993
3 996 3178 993
3 2640 2643 1023
3 1026 2640 1023
3 2770 1040 1037
3 2771 2770 1037
3 2909 2912 1041
3 1044 2909 1041
3 2831 1553 2828
3 1553 1552 2828
3 2828 1552 1551
3 2971 1559 2972
3 1559 1558 2972
3 2972 1558 1557
3 3180 3179 998
3 995 3180 998
3 2642 2641 1028
3 1025 2642 1028
3 2769 2768 1035
3 1038 2769 1035
3 2911 2910 1046
3 1043 2911 1046
3 3273 1797 1800
3 3270 3273 1800
3 2735 1803 1806
3 2732 2735 1806
3 2862 1844 1841
3 2863 2862 1841
3 3004 1845 1848
3 3001 3004 1848
3 3203 1214 1211
3 3204 3203 1211
3 2665 1244 1241
3 2666 2665 1241
3 2793 2792 1251
3 1254 2793 1251
3 2935 2934 1262
3 1259 2935 1262
3 2821 1482 2822
3 1482 1483 2822
3 2822 1483 1484
3 2961 1488 2962
3 1488 1489 2962
3 2962 1489 1490
3 2863 1841 2860
3 1841 1840 2860
3 2860 1840 1839
3 3003 1847 3004
3 1847 1846 3004
3 3004 1846 1845
3 3395 1782 3396
3 1782 1783 3396
3 3396 1783 1784
3 3266 1788 3267
3 1788 1789 3267
3 3267 1789 1790
3 3399 1794 3400
3 1794 1795 3400
3 3400 1795 1796
3 3270 1800 3271
3 1800 1801 3271
3 3271 1801 1802
3 2732 1806 2733
3 1806 1807 2733
3 2733 1807 1808
3 3130 1812 3131
3 1812 1813 3131
3 3131 1813 1814
3 2728 1818 2729
3 1818 1819 2729
3 2729 1819 1820
3 3126 1824 3127
3 1824 1825 3127
3 3127 1825 1826
3 3235 1502 1499
3 3236 3235 1499
3 2698 2697 1532
3 1529 2698 1532
3 2824 1539 1542
3 2825 2824 1542
3 2967 2966 1550
3 1547 2967 1550
3 3424 2012 2009
3 3425 3424 2009
3 3155 2030 2027
3 3156 3155 2027
3 499 498 3176
3 499 3176 3175
3 525 524 2907
3 525 2907 2906
3 2638 470 2639
3 470 469 2639
3 470 2638 471
3 2896 542 2897
3 542 541 2897
3 2897 541 540
3 3290 3293 2001
3 2004 3290 2001
3 2752 2755 2031
3 2034 2752 2031
3 2883 2882 2048
3 2045 2883 2048
3 3021 3024 2049
3 2052 3021 2049
3 3210 3213 1281
3 1284 3210 1281
3 2675 1311 1314
3 2672 2675 1314
3 2803 2802 1328
3 1325 2803 1328
3 2944 1329 1332
3 2941 2944 1332
3 3400 1796 1793
3 3401 3400 1793
3 3132 3131 1814
3 1811 3132 1814
3 3414 1935 1938
3 3415 3414 1938
3 3146 3145 1953
3 1956 3146 1953
3 2803 1325 2800
3 1325 1324 2800
3 2800 1324 1323
3 2943 1331 2944
3 1331 1330 2944
3 2944 1330 1329
3 3323 3322 1131
3 1134 3323 1131
3 3054 3053 1173
3 1176 3054 1173
3 3258 3261 1713
3 1716 3258 1713
3 2723 1743 1746
3 2720 2723 1746
3 2851 2850 1760
3 1757 2851 1760
3 2992 1761 1764
3 2989 2992 1764
3 3427 2070 3428
3 2070 2071 3428
3 3428 2071 2072
3 3298 2076 3299
3 2076 2077 3299
3 3299 2077 2078
3 3431 2082 3432
3 2082 2083 3432
3 3432 2083 2084
3 3302 2088 3303
3 2088 2089 3303
3 3303 2089 2090
3 2764 2094 2765
3 2094 2095 2765
3 2765 2095 2096
3 3162 2100 3163
3 2100 2101 3163
3 3163 2101 2102
3 2760 2106 2761
3 2106 2107 2761
3 2761 2107 2108
3 3158 2112 3159
3 2112 2113 3159
3 3159 2113 2114
3 3349 1349 3346
3 1349 1348 3346
3 3346 1348 1347
3 3220 1355 3221
3 1355 1354 3221
3 3221 1354 1353
3 3353 1361 3350
3 1361 1360 3350
3 3350 1360 1359
3 3224 1367 3225
3 1367 1366 3225
3 3225 1366 1365
3 2686 1373 2687
3 1373 1372 2687
3 2687 1372 1371
3 3084 1379 3081
3 1379 1378 3081
3 3081 1378 1377
3 2682 1385 2683
3 1385 1384 2683
3 2683 1384 1383
3 3080 1391 3077
3 1391 1390 3077
3 3077 1390 1389
3 2833 1614 2834
3 1614 1615 2834
3 2834 1615 1616
3 2973 1620 2974
3 1620 1621 2974
3 2974 1621 1622
3 2835 1613 2832
3 1613 1612 2832
3 2832 1612 1611
3 2975 1619 2976
3 1619 1618 2976
3 2976 1618 1617
3 3249 1581 1584
3 3246 3249 1584
3 2711 1587 1590
3 2708 2711 1590
3 2839 2838 1628
3 1625 2839 1628
3 2977 2980 1629
3 1632 2977 1629
3 3243 1574 1571
3 3244 3243 1571
3 2706 2705 1604
3 1601 2706 1604
3 2832 1611 1614
3 2833 2832 1614
3 2975 2974 1622
3 1619 2975 1622
3 3321 3320 1076
3 1073 3321 1076
3 3052 3051 1094
3 1091 3052 1094
3 3347 1350 3348
3 1350 1351 3348
3 3348 1351 1352
3 3218 1356 3219
3 1356 1357 3219
3 3219 1357 1358
3 3351 1362 3352
3 1362 1363 3352
3 3352 1363 1364
3 3222 1368 3223
3 1368 1369 3223
3 3223 1369 1370
3 2684 1374 2685
3 1374 1375 2685
3 2685 1375 1376
3 3082 1380 3083
3 1380 1381 3083
3 3083 1381 1382
3 2680 1386 2681
3 1386 1387 2681
3 2681 1387 1388
3 3078 1392 3079
3 1392 1393 3079
3 3079 1393 1394
3 2775 1049 2772
3 1049 1048 2772
3 2772 1048 1047
3 2915 1055 2916
3 1055 1054 2916
3 2916 1054 1053
3 2885 2058 2886
3 2058 2059 2886
3 2886 2059 2060
3 3025 2064 3026
3 2064 2065 3026
3 3026 2065 2066
3 3351 3350 1359
3 1362 3351 1359
3 3082 3081 1377
3 1380 3082 1377
3 3315 3314 1059
3 1062 3315 1059
3 3046 3045 1101
3 1104 3046 1101
3 3218 3221 1353
3 1356 3218 1353
3 2683 1383 1386
3 2680 2683 1386
3 2811 2810 1400
3 1397 2811 1400
3 2949 2952 1401
3 1404 2949 1401
3 2773 1050 2774
3 1050 1051 2774
3 2774 1051 1052
3 2913 1056 2914
3 1056 1057 2914
3 2914 1057 1058
3 3367 3366 1503
3 1506 3367 1503
3 3097 1521 1524
3 3098 3097 1524
3 3266 3269 1785
3 1788 3266 1785
3 2731 1815 1818
3 2728 2731 1818
3 2859 2858 1832
3 1829 2859 1832
3 3000 1833 1836
3 2997 3000 1836
3 3202 3205 1209
3 1212 3202 1209
3 2667 1239 1242
3 2664 2667 1242
3 2795 2794 1256
3 1253 2795 1256
3 2936 1257 1260
3 2933 2936 1260
3 2813 1410 2814
3 1410 1411 2814
3 2814 1411 1412
3 2953 1416 2954
3 1416 1417 2954
3 2954 1417 1418
3 3392 1724 1721
3 3393 3392 1721
3 3124 3123 1742
3 1739 3124 1742
3 2889 2118 2890
3 2118 2119 2890
3 2890 2119 2120
3 3029 2124 3030
3 2124 2125 3030
3 3030 2125 2126
3 3387 3386 1707
3 1710 3387 1707
3 3117 1749 1752
3 3118 3117 1752
3 3421 1997 3418
3 1997 1996 3418
3 3418 1996 1995
3 3292 2003 3293
3 2003 2002 3293
3 3293 2002 2001
3 3425 2009 3422
3 2009 2008 3422
3 3422 2008 2007
3 3296 2015 3297
3 2015 2014 3297
3 3297 2014 2013
3 2758 2021 2759
3 2021 2020 2759
3 2759 2020 2019
3 3156 2027 3153
3 2027 2026 3153
3 3153 2026 2025
3 2754 2033 2755
3 2033 2032 2755
3 2755 2032 2031
3 3152 2039 3149
3 2039 2038 3149
3 3149 2038 2037
3 3347 3346 1347
3 1350 3347 1347
3 3078 3077 1389
3 1392 3078 1389
3 3279 1874 1871
3 3280 3279 1871
3 2741 1880 1877
3 2742 2741 1877
3 2869 2868 1911
3 1914 2869 1911
3 3010 1922 1919
3 3011 3010 1919
3 3426 2067 2070
3 3427 3426 2070
3 3157 2109 2112
3 3158 3157 2112
3 3413 3412 1928
3 1925 3413 1928
3 3144 3143 1970
3 1967 3144 1970
3 3397 1781 3394
3 1781 1780 3394
3 3394 1780 1779
3 3268 1787 3269
3 1787 1786 3269
3 3269 1786 1785
3 3401 1793 3398
3 1793 1792 3398
3 3398 1792 1791
3 3272 1799 3273
3 1799 1798 3273
3 3273 1798 1797
3 2734 1805 2735
3 1805 1804 2735
3 2735 1804 1803
3 3132 1811 3129
3 1811 1810 3129
3 3129 1810 1809
3 2730 1817 2731
3 1817 1816 2731
3 2731 1816 1815
3 3128 1823 3125
3 1823 1822 3125
3 3125 1822 1821
3 2785 1182 2786
3 1182 1183 2786
3 2786 1183 1184
3 2925 1188 2926
3 1188 1189 2926
3 2926 1189 1190
3 3405 1853 3402
3 1853 1852 3402
3 3402 1852 1851
3 3276 1859 3277
3 1859 1858 3277
3 3277 1858 1857
3 3409 1865 3406
3 1865 1864 3406
3 3406 1864 1863
3 3280 1871 3281
3 1871 1870 3281
3 3281 1870 1869
3 2742 1877 2743
3 1877 1876 2743
3 2743 1876 1875
3 3140 1883 3137
3 1883 1882 3137
3 3137 1882 1881
3 2738 1889 2739
3 1889 1888 2739
3 2739 1888 1887
3 3136 1895 3133
3 1895 1894 3133
3 3133 1894 1893
3 3332 1208 1205
3 3333 3332 1205
3 3063 1250 1247
3 3064 3063 1247
3 3257 1653 1656
3 3254 3257 1656
3 2719 1659 1662
3 2716 2719 1662
3 2847 2846 1700
3 1697 2847 1700
3 2988 1701 1704
3 2985 2988 1704
3 3375 3374 1575
3 1578 3375 1575
3 3106 3105 1593
3 1596 3106 1593
3 3421 3420 2000
3 1997 3421 2000
3 3152 3151 2042
3 2039 3152 2042
3 3371 1566 3372
3 1566 1567 3372
3 3372 1567 1568
3 3242 1572 3243
3 1572 1573 3243
3 3243 1573 1574
3 3375 1578 3376
3 1578 1579 3376
3 3376 1579 1580
3 3246 1584 3247
3 1584 1585 3247
3 3247 1585 1586
3 2708 1590 2709
3 1590 1591 2709
3 2709 1591 1592
3 3106 1596 3107
3 1596 1597 3107
3 3107 1597 1598
3 2704 1602 2705
3 1602 1603 2705
3 2705 1603 1604
3 3102 1608 3103
3 1608 1609 3103
3 3103 1609 1610
3 3365 1493 3362
3 1493 1492 3362
3 3362 1492 1491
3 3236 1499 3237
3 1499 1498 3237
3 3237 1498 1497
3 3369 1505 3366
3 1505 1504 3366
3 3366 1504 1503
3 3240 1511 3241
3 1511 1510 3241
3 3241 1510 1509
3 2702 1517 2703
3 1517 1516 2703
3 2703 1516 1515
3 3100 1523 3097
3 1523 1522 3097
3 3097 1522 1521
3 2698 1529 2699
3 1529 1528 2699
3 2699 1528 1527
3 3096 1535 3093
3 1535 1534 3093
3 3093 1534 1533
3 2879 1985 2876
3 1985 1984 2876
3 2876 1984 1983
3 3019 1991 3020
3 1991 1990 3020
3 3020 1990 1989
3 3337 3336 1220
3 1217 3337 1220
3 3068 3067 1238
3 1235 3068 1238
3 3186 3189 1065
3 1068 3186 1065
3 2648 2651 1095
3 1098 2648 1095
3 2778 1112 1109
3 2779 2778 1109
3 2917 2920 1113
3 1116 2917 1113
3 2887 2057 2884
3 2057 2056 2884
3 2884 2056 2055
3 3027 2063 3028
3 2063 2062 3028
3 3028 2062 2061
3 3291 2006 2003
3 3292 3291 2003
3 2753 2036 2033
3 2754 2753 2033
3 2881 2880 2043
3 2046 2881 2043
3 3023 3022 2054
3 2051 3023 2054
3 3326 1143 1146
3 3327 3326 1146
3 3058 3057 1161
3 1164 3058 1161
3 2859 1829 2856
3 1829 1828 2856
3 2856 1828 1827
3 2999 1835 3000
3 1835 1834 3000
3 3000 1834 1833
3 2805 1338 2806
3 1338 1339 2806
3 2806 1339 1340
3 2945 1344 2946
3 1344 1345 2946
3 2946 1345 1346
3 3403 1854 3404
3 1854 1855 3404
3 3404 1855 1856
3 3274 1860 3275
3 1860 1861 3275
3 3275 1861 1862
3 3407 1866 3408
3 1866 1867 3408
3 3408 1867 1868
3 3278 1872 3279
3 1872 1873 3279
3 3279 1873 1874
3 2740 1878 2741
3 1878 1879 2741
3 2741 1879 1880
3 3138 1884 3139
3 1884 1885 3139
3 3139 1885 1886
3 2736 1890 2737
3 1890 1891 2737
3 2737 1891 1892
3 3134 1896 3135
3 1896 1897 3135
3 3135 1897 1898
3 3301 2073 2076
3 3298 3301 2076
3 2763 2103 2106
3 2760 2763 2106
3 2891 2890 2120
3 2117 2891 2120
3 3032 2121 2124
3 3029 3032 2124
3 3364 1496 1493
3 3365 3364 1493
3 3095 1538 1535
3 3096 3095 1535
3 3340 1280 1277
3 3341 3340 1277
3 3071 1322 1319
3 3072 3071 1319
3 3389 1709 3386
3 1709 1708 3386
3 3386 1708 1707
3 3260 1715 3261
3 1715 1714 3261
3 3261 1714 1713
3 3393 1721 3390
3 1721 1720 3390
3 3390 1720 1719
3 3264 1727 3265
3 1727 1726 3265
3 3265 1726 1725
3 2726 1733 2727
3 1733 1732 2727
3 2727 1732 1731
3 3124 1739 3121
3 1739 1738 3121
3 3121 1738 1737
3 2722 1745 2723
3 1745 1744 2723
3 2723 1744 1743
3 3120 1751 3117
3 1751 1750 3117
3 3117 1750 1749
3 3416 1940 1937
3 3417 3416 1937
3 3148 3147 1958
3 1955 3148 1958
3 3294 3297 2013
3 2016 3294 2013
3 2759 2019 2022
3 2756 2759 2022
3 2886 2060 2057
3 2887 2886 2057
3 3025 3028 2061
3 2064 3025 2061
3 3430 2079 2082
3 3431 3430 2082
3 3161 2097 2100
3 3162 3161 2100
3 3411 3410 1923
3 1926 3411 1923
3 3142 3141 1965
3 1968 3142 1965
3 3282 3285 1929
3 1932 3282 1929
3 2744 2747 1959
3 1962 2744 1959
3 2874 1976 1973
3 2875 2874 1973
3 3013 3016 1977
3 1980 3013 1977
3 2843 1685 2840
3 1685 1684 2840
3 2840 1684 1683
3 2983 1691 2984
3 1691 1690 2984
3 2984 1690 1689

CELL_TYPES 6864
5 5 5 5 5 5 5 5 5 5 5 5 5 5 5 5 5 5 5 5
5 5 5 5 5 5 5 5 5 5 5 5 5 5 5 5 5 5 5 5
5 5 5 5 5 5 5 5 5 5 5 5 5 5 5 5 5 5 5 5
5 5 5 5 5 5 5 5 5 5 5 5 5 5 5 5 5 5 5 5
5 5 5 5 5 5 5 5 5 5 5 5 5 5 5 5 5 5 5 5
5 5 5 5 5 5 5 5 5 5 5 5 5 5 5 5 5 5 5 5
5 5 5 5 5 5 5 5 5 5 5 5 5 5 5 5 5 5 5 5
5 5 5 5 5 5 5 5 5 5 5 5 5 5 5 5 5 5 5 5
5 5 5 5 5 5 5 5 5 5 5 5 5 5 5 5 5 5 5 5
5 5 5 5 5 5 5 5 5 5 5 5 5 5 5 5 5 5 5 5
5 5 5 5 5 5 5 5 5 5 5 5 5 5 5 5 5 5 5 5
5 5 5 5 5 5 5 5 5 5 5 5 5 5 5 5 5 5 5 5
5 5 5 5 5 5 5 5 5 5 5 5 5 5 5 5 5 5 5 5
5 5 5 5 5 5 5 5 5 5 5 5 5 5 5 5 5 5 5 5
5 5 5 5 5 5 5 5 5 5 5 5 5 5 5 5 5 5 5 5
5 5 5 5 5 5 5 5 5 5 5 5 5 5 5 5 5 5 5 5
5 5 5 5 5 5 5 5 5 5 5 5 5 5 5 5 5 5 5 5
5 5 5 5 5 5 5 5 5 5 5 5 5 5 5 5 5 5 5 5
5 5 5 5 5 5 5 5 5 5 5 5 5 5 5 5 5 5 5 5
5 5 5 5 5 5 5 5 5 5 5 5 5 5 5 5 5 5 5 5
5 5 5 5 5 5 5 5 5 5 5 5 5 5 5 5 5 5 5 5
5 5 5 5 5 5 5 5 5 5 5 5 5 5 5 5 5 5 5 5
5 5 5 5 5 5 5 5 5 5 5 5 5 5 5 5 5 5 5 5
5 5 5 5 5 5 5 5 5 5 5 5 5 5 5 5 5 5 5 5
5 5 5 5 5 5 5 5 5 5 5 5 5 5 5 5 5 5 5 5
5 5 5 5 5 5 5 5 5 5 5 5 5 5 5 5 5 5 5 5
5 5 5 5 5 5 5 5 5 5 5 5 5 5 5 5 5 5 5 5
5 5 5 5 5 5 5 5 5 5 5 5 5 5 5 5 5 5 5 5
5 5 5 5 5 5 5 5 5 5 5 5 5 5 5 5 5 5 5 5
5 5 5 5 5 5 5 5 5 5 5 5 5 5 5 5 5 5 5 5
5 5 5 5 5 5 5 5 5 5 5 5 5 5 5 5 5 5 5 5
5 5 5 5 5 5 5 5 5 5 5 5 5 5 5 5 5 5 5 5
5 5 5 5 5 5 5 5 5 5 5 5 5 5 5 5 5 5 5 5
5 5 5 5 5 5 5 5 5 5 5 5 5 5 5 5 5 5 5 5
5 5 5 5 5 5 5 5 5 5 5 5 5 5 5 5 5 5 5 5
5 5 5 5 5 5 5 5 5 5 5 5 5 5 5 5 5 5 5 5
5 5 5 5 5 5 5 5 5 5 5 5 5 5 5 5 5 5 5 5
5 5 5 5 5 5 5 5 5 5 5 5 5 5 5 5 5 5 5 5
5 5 5 5 5 5 5 5 5 5 5 5 5 5 5 5 5 5 5 5
5 5 5 5 5 5 5 5 5 5 5 5 5 5 5 5 5 5 5 5
5 5 5 5 5 5 5 5 5 5 5 5 5 5 5 5 5 5 5 5
5 5 5 5 5 5 5 5 5 5 5 5 5 5 5 5 5 5 5 5
5 5 5 5 5 5 5 5 5 5 5 5 5 5 5 5 5 5 5 5
5 5 5 5 5 5 5 5 5 5 5 5 5 5 5 5 5 5 5 5
5 5 5 5 5 5 5 5 5 5 5 5 5 5 5 5 5 5 5 5
5 5 5 5 5 5 5 5 5 5 5 5 5 5 5 5 5 5 5 5
5 5 5 5 5 5 5 5 5 5 5 5 5 5 5 5 5 5 5 5
5 5 5 5 5 5 5 5 5 5 5 5 5 5 5 5 5 5 5 5
5 5 5 5 5 5 5 5 5 5 5 5 5 5 5 5 5 5 5 5
5 5 5 5 5 5 5 5 5 5 5 5 5 5 5 5 5 5 5 5
5 5 5 5 5 5 5 5 5 5 5 5 5 5 5 5 5 5 5 5
5 5 5 5 5 5 5 5 5 5 5 5 5 5 5 5 5 5 5 5
5 5 5 5 5 5 5 5 5 5 5 5 5 5 5 5 5 5 5 5
5 5 5 5 5 5 5 5 5 5 5 5 5 5 5 5 5 5 5 5
5 5 5 5 5 5 5 5 5 5 5 5 5 5 5 5 5 5 5 5
5 5 5 5 5 5 5 5 5 5 5 5 5 5 5 5 5 5 5 5
5 5 5 5 5 5 5 5 5 5 5 5 5 5 5 5 5 5 5 5
5 5 5 5 5 5 5 5 5 5 5 5 5 5 5 5 5 5 5 5
5 5 5 5 5 5 5 5 5 5 5 5 5 5 5 5 5 5 5 5
5 5 5 5 5 5 5 5 5 5 5 5 5 5 5 5 5 5 5 5
5 5 5 5 5 5 5 5 5 5 5 5 5 5 5 5 5 5 5 5
5 5 5 5 5 5 5 5 5 5 5 5 5 5 5 5 5 5 5 5
5 5 5 5 5 5 5 5 5 5 5 5 5 5 5 5 5 5 5 5
5 5 5 5 5 5 5 5 5 5 5 5 5 5 5 5 5 5 5 5
5 5 5 5 5 5 5 5 5 5 5 5 5 5 5 5 5 5 5 5
5 5 5 5 5 5 5 5 5 5 5 5 5 5 5 5 5 5 5 5
5 5 5 5 5 5 5 5 5 5 5 5 5 5 5 5 5 5 5 5
5 5 5 5 5 5 5 5 5 5 5 5 5 5 5 5 5 5 5 5
5 5 5 5 5 5 5 5 5 5 5 5 5 5 5 5 5 5 5 5
5 5 5 5 5 5 5 5 5 5 5 5 5 5 5 5 5 5 5 5
5 5 5 5 5 5 5 5 5 5 5 5 5 5 5 5 5 5 5 5
5 5 5 5 5 5 5 5 5 5 5 5 5 5 5 5 5 5 5 5
5 5 5 5 5 5 5 5 5 5 5 5 5 5 5 5 5 5 5 5
5 5 5 5 5 5 5 5 5 5 5 5 5 5 5 5 5 5 5 5
5 5 5 5 5 5 5 5 5 5 5 5 5 5 5 5 5 5 5 5
5 5 5 5 5 5 5 5 5 5 5 5 5 5 5 5 5 5 5 5
5 5 5 5 5 5 5 5 5 5 5 5 5 5 5 5 5 5 5 5
5 5 5 5 5 5 5 5 5 5 5 5 5 5 5 5 5 5 5 5
5 5 5 5 5 5 5 5 5 5 5 5 5 5 5 5 5 5 5 5
5 5 5 5 5 5 5 5 5 5 5 5 5 5 5 5 5 5 5 5
5 5 5 5 5 5 5 5 5 5 5 5 5 5 5 5 5 5 5 5
5 5 5 5 5 5 5 5 5 5 5 5 5 5 5 5 5 5 5 5
5 5 5 5 5 5 5 5 5 5 5 5 5 5 5 5 5 5 5 5
5 5 5 5 5 5 5 5 5 5 5 5 5 5 5 5 5 5 5 5
5 5 5 5 5 5 5 5 5 5 5 5 5 5 5 5 5 5 5 5
5 5 5 5 5 5 5 5 5 5 5 5 5 5 5 5 5 5 5 5
5 5 5 5 5 5 5 5 5 5 5 5 5 5 5 5 5 5 5 5
5 5 5 5 5 5 5 5 5 5 5 5 5 5 5 5 5 5 5 5
5 5 5 5 5 5 5 5 5 5 5 5 5 5 5 5 5 5 5 5
5 5 5 5 5 5 5 5 5 5 5 5 5 5 5 5 5 5 5 5
5 5 5 5 5 5 5 5 5 5 5 5 5 5 5 5 5 5 5 5
5 5 5 5 5 5 5 5 5 5 5 5 5 5 5 5 5 5 5 5
5 5 5 5 5 5 5 5 5 5 5 5 5 5 5 5 5 5 5 5
5 5 5 5 5 5 5 5 5 5 5 5 5 5 5 5 5 5 5 5
5 5 5 5 5 5 5 5 5 5 5 5 5 5 5 5 5 5 5 5
5 5 5 5 5 5 5 5 5 5 5 5 5 5 5 5 5 5 5 5
5 5 5 5 5 5 5 5 5 5 5 5 5 5 5 5 5 5 5 5
5 5 5 5 5 5 5 5 5 5 5 5 5 5 5 5 5 5 5 5
5 5 5 5 5 5 5 5 5 5 5 5 5 5 5 5 5 5 5 5
5 5 5 5 5 5 5 5 5 5 5 5 5 5 5 5 5 5 5 5
5 5 5 5 5 5 5 5 5 5 5 5 5 5 5 5 5 5 5 5
5 5 5 5 5 5 5 5 5 5 5 5 5 5 5 5 5 5 5 5
5 5 5 5 5 5 5 5 5 5 5 5 5 5 5 5 5 5 5 5
5 5 5 5 5 5 5 5 5 5 5 5 5 5 5 5 5 5 5 5
5 5 5 5 5 5 5 5 5 5 5 5 5 5 5 5 5 5 5 5
5 5 5 5 5 5 5 5 5 5 5 5 5 5 5 5 5 5 5 5
5 5 5 5 5 5 5 5 5 5 5 5 5 5 5 5 5 5 5 5
5 5 5 5 5 5 5 5 5 5 5 5 5 5 5 5 5 5 5 5
5 5 5 5 5 5 5 5 5 5 5 5 5 5 5 5 5 5 5 5
5 5 5 5 5 5 5 5 5 5 5 5 5 5 5 5 5 5 5 5
5 5 5 5 5 5 5 5 5 5 5 5 5 5 5 5 5 5 5 5
5 5 5 5 5 5 5 5 5 5 5 5 5 5 5 5 5 5 5 5
5 5 5 5 5 5 5 5 5 5 5 5 5 5 5 5 5 5 5 5
5 5 5 5 5 5 5 5 5 5 5 5 5 5 5 5 5 5 5 5
5 5 5 5 5 5 5 5 5 5 5 5 5 5 5 5 5 5 5 5
5 5 5 5 5 5 5 5 5 5 5 5 5 5 5 5 5 5 5 5
5 5 5 5 5 5 5 5 5 5 5 5 5 5 5 5 5 5 5 5
5 5 5 5 5 5 5 5 5 5 5 5 5 5 5 5 5 5 5 5
5 5 5 5 5 5 5 5 5 5 5 5 5 5 5 5 5 5 5 5
5 5 5 5 5 5 5 5 5 5 5 5 5 5 5 5 5 5 5 5
5 5 5 5 5 5 5 5 5 5 5 5 5 5 5 5 5 5 5 5
5 5 5 5 5 5 5 5 5 5 5 5 5 5 5 5 5 5 5 5
5 5 5 5 5 5 5 5 5 5 5 5 5 5 5 5 5 5 5 5
5 5 5 5 5 5 5 5 5 5 5 5 5 5 5 5 5 5 5 5
5 5 5 5 5 5 5 5 5 5 5 5 5 5 5 5 5 5 5 5
5 5 5 5 5 5 5 5 5 5 5 5 5 5 5 5 5 5 5 5
5 5 5 5 5 5 5 5 5 5 5 5 5 5 5 5 5 5 5 5
5 5 5 5 5 5 5 5 5 5 5 5 5 5 5 5 5 5 5 5
5 5 5 5 5 5 5 5 5 5 5 5 5 5 5 5 5 5 5 5
5 5 5 5 5 5 5 5 5 5 5 5 5 5 5 5 5 5 5 5
5 5 5 5 5 5 5 5 5 5 5 5 5 5 5 5 5 5 5 5
5 5 5 5 5 5 5 5 5 5 5 5 5 5 5 5 5 5 5 5
5 5 5 5 5 5 5 5 5 5 5 5 5 5 5 5 5 5 5 5
5 5 5 5 5 5 5 5 5 5 5 5 5 5 5 5 5 5 5 5
5 5 5 5 5 5 5 5 5 5 5 5 5 5 5 5 5 5 5 5
5 5 5 5 5 5 5 5 5 5 5 5 5 5 5 5 5 5 5 5
5 5 5 5 5 5 5 5 5 5 5 5 5 5 5 5 5 5 5 5
5 5 5 5 5 5 5 5 5 5 5 5 5 5 5 5 5 5 5 5
5 5 5 5 5 5 5 5 5 5 5 5 5 5 5 5 5 5 5 5
5 5 5 5 5 5 5 5 5 5 5 5 5 5 5 5 5 5 5 5
5 5 5 5 5 5 5 5 5 5 5 5 5 5 5 5 5 5 5 5
5 5 5 5 5 5 5 5 5 5 5 5 5 5 5 5 5 5 5 5
5 5 5 5 5 5 5 5 5 5 5 5 5 5 5 5 5 5 5 5
5 5 5 5 5 5 5 5 5 5 5 5 5 5 5 5 5 5 5 5
5 5 5 5 5 5 5 5 5 5 5 5 5 5 5 5 5 5 5 5
5 5 5 5 5 5 5 5 5 5 5 5 5 5 5 5 5 5 5 5
5 5 5 5 5 5 5 5 5 5 5 5 5 5 5 5 5 5 5 5
5 5 5 5 5 5 5 5 5 5 5 5 5 5 5 5 5 5 5 5
5 5 5 5 5 5 5 5 5 5 5 5 5 5 5 5 5 5 5 5
5 5 5 5 5 5 5 5 5 5 5 5 5 5 5 5 5 5 5 5
5 5 5 5 5 5 5 5 5 5 5 5 5 5 5 5 5 5 5 5
5 5 5 5 5 5 5 5 5 5 5 5 5 5 5 5 5 5 5 5
5 5 5 5 5 5 5 5 5 5 5 5 5 5 5 5 5 5 5 5
5 5 5 5 5 5 5 5 5 5 5 5 5 5 5 5 5 5 5 5
5 5 5 5 5 5 5 5 5 5 5 5 5 5 5 5 5 5 5 5
5 5 5 5 5 5 5 5 5 5 5 5 5 5 5 5 5 5 5 5
5 5 5 5 5 5 5 5 5 5 5 5 5 5 5 5 5 5 5 5
5 5 5 5 5 5 5 5 5 5 5 5 5 5 5 5 5 5 5 5
5 5 5 5 5 5 5 5 5 5 5 5 5 5 5 5 5 5 5 5
5 5 5 5 5 5 5 5 5 5 5 5 5 5 5 5 5 5 5 5
5 5 5 5 5 5 5 5 5 5 5 5 5 5 5 5 5 5 5 5
5 5 5 5 5 5 5 5 5 5 5 5 5 5 5 5 5 5 5 5
5 5 5 5 5 5 5 5 5 5 5 5 5 5 5 5 5 5 5 5
5 5 5 5 5 5 5 5 5 5 5 5 5 5 5 5 5 5 5 5
5 5 5 5 5 5 5 5 5 5 5 5 5 5 5 5 5 5 5 5
5 5 5 5 5 5 5 5 5 5 5 5 5 5 5 5 5 5 5 5
5 5 5 5 5 5 5 5 5 5 5 5 5 5 5 5 5 5 5 5
5 5 5 5 5 5 5 5 5 5 5 5 5 5 5 5 5 5 5 5
5 5 5 5 5 5 5 5 5 5 5 5 5 5 5 5 5 5 5 5
5 5 5 5 5 5 5 5 5 5 5 5 5 5 5 5 5 5 5 5
5 5 5 5 5 5 5 5 5 5 5 5 5 5 5 5 5 5 5 5
5 5 5 5 5 5 5 5 5 5 5 5 5 5 5 5 5 5 5 5
5 5 5 5 5 5 5 5 5 5 5 5 5 5 5 5 5 5 5 5
5 5 5 5 5 5 5 5 5 5 5 5 5 5 5 5 5 5 5 5
5 5 5 5 5 5 5 5 5 5 5 5 5 5 5 5 5 5 5 5
5 5 5 5 5 5 5 5 5 5 5 5 5 5 5 5 5 5 5 5
5 5 5 5 5 5 5 5 5 5 5 5 5 5 5 5 5 5 5 5
5 5 5 5 5 5 5 5 5 5 5 5 5 5 5 5 5 5 5 5
5 5 5 5 5 5 5 5 5 5 5 5 5 5 5 5 5 5 5 5
5 5 5 5 5 5 5 5 5 5 5 5 5 5 5 5 5 5 5 5
5 5 5 5 5 5 5 5 5 5 5 5 5 5 5 5 5 5 5 5
5 5 5 5 5 5 5 5 5 5 5 5 5 5 5 5 5 5 5 5
5 5 5 5 5 5 5 5 5 5 5 5 5 5 5 5 5 5 5 5
5 5 5 5 5 5 5 5 5 5 5 5 5 5 5 5 5 5 5 5
5 5 5 5 5 5 5 5 5 5 5 5 5 5 5 5 5 5 5 5
5 5 5 5 5 5 5 5 5 5 5 5 5 5 5 5 5 5 5 5
5 5 5 5 5 5 5 5 5 5 5 5 5 5 5 5 5 5 5 5
5 5 5 5 5 5 5 5 5 5 5 5 5 5 5 5 5 5 5 5
5 5 5 5 5 5 5 5 5 5 5 5 5 5 5 5 5 5 5 5
5 5 5 5 5 5 5 5 5 5 5 5 5 5 5 5 5 5 5 5
5 5 5 5 5 5 5 5 5 5 5 5 5 5 5 5 5 5 5 5
5 5 5 5 5 5 5 5 5 5 5 5 5 5 5 5 5 5 5 5
5 5 5 5 5 5 5 5 5 5 5 5 5 5 5 5 5 5 5 5
5 5 5 5 5 5 5 5 5 5 5 5 5 5 5 5 5 5 5 5
5 5 5 5 5 5 5 5 5 5 5 5 5 5 5 5 5 5 5 5
5 5 5 5 5 5 5 5 5 5 5 5 5 5 5 5 5 5 5 5
5 5 5 5 5 5 5 5 5 5 5 5 5 5 5 5 5 5 5 5
5 5 5 5 5 5 5 5 5 5 5 5 5 5 5 5 5 5 5 5
5 5 5 5 5 5 5 5 5 5 5 5 5 5 5 5 5 5 5 5
5 5 5 5 5 5 5 5 5 5 5 5 5 5 5 5 5 5 5 5
5 5 5 5 5 5 5 5 5 5 5 5 5 5 5 5 5 5 5 5
5 5 5 5 5 5 5 5 5 5 5 5 5 5 5 5 5 5 5 5
5 5 5 5 5 5 5 5 5 5 5 5 5 5 5 5 5 5 5 5
5 5 5 5 5 5 5 5 5 5 5 5 5 5 5 5 5 5 5 5
5 5 5 5 5 5 5 5 5 5 5 5 5 5 5 5 5 5 5 5
5 5 5 5 5 5 5 5 5 5 5 5 5 5 5 5 5 5 5 5
5 5 5 5 5 5 5 5 5 5 5 5 5 5 5 5 5 5 5 5
5 5 5 5 5 5 5 5 5 5 5 5 5 5 5 5 5 5 5 5
5 5 5 5 5 5 5 5 5 5 5 5 5 5 5 5 5 5 5 5
5 5 5 5 5 5 5 5 5 5 5 5 5 5 5 5 5 5 5 5
5 5 5 5 5 5 5 5 5 5 5 5 5 5 5 5 5 5 5 5
5 5 5 5 5 5 5 5 5 5 5 5 5 5 5 5 5 5 5 5
5 5 5 5 5 5 5 5 5 5 5 5 5 5 5 5 5 5 5 5
5 5 5 5 5 5 5 5 5 5 5 5 5 5 5 5 5 5 5 5
5 5 5 5 5 5 5 5 5 5 5 5 5 5 5 5 5 5 5 5
5 5 5 5 5 5 5 5 5 5 5 5 5 5 5 5 5 5 5 5
5 5 5 5 5 5 5 5 5 5 5 5 5 5 5 5 5 5 5 5
5 5 5 5 5 5 5 5 5 5 5 5 5 5 5 5 5 5 5 5
5 5 5 5 5 5 5 5 5 5 5 5 5 5 5 5 5 5 5 5
5 5 5 5 5 5 5 5 5 5 5 5 5 5 5 5 5 5 5 5
5 5 5 5 5 5 5 5 5 5 5 5 5 5 5 5 5 5 5 5
5 5 5 5 5 5 5 5 5 5 5 5 5 5 5 5 5 5 5 5
5 5 5 5 5 5 5 5 5 5 5 5 5 5 5 5 5 5 5 5
5 5 5 5 5 5 5 5 5 5 5 5 5 5 5 5 5 5 5 5
5 5 5 5 5 5 5 5 5 5 5 5 5 5 5 5 5 5 5 5
5 5 5 5 5 5 5 5 5 5 5 5 5 5 5 5 5 5 5 5
5 5 5 5 5 5 5 5 5 5 5 5 5 5 5 5 5 5 5 5
5 5 5 5 5 5 5 5 5 5 5 5 5 5 5 5 5 5 5 5
5 5 5 5 5 5 5 5 5 5 5 5 5 5 5 5 5 5 5 5
5 5 5 5 5 5 5 5 5 5 5 5 5 5 5 5 5 5 5 5
5 5 5 5 5 5 5 5 5 5 5 5 5 5 5 5 5 5 5 5
5 5 5 5 5 5 5 5 5 5 5 5 5 5 5 5 5 5 5 5
5 5 5 5 5 5 5 5 5 5 5 5 5 5 5 5 5 5 5 5
5 5 5 5 5 5 5 5 5 5 5 5 5 5 5 5 5 5 5 5
5 5 5 5 5 5 5 5 5 5 5 5 5 5 5 5 5 5 5 5
5 5 5 5 5 5 5 5 5 5 5 5 5 5 5 5 5 5 5 5
5 5 5 5 5 5 5 5 5 5 5 5 5 5 5 5 5 5 5 5
5 5 5 5 5 5 5 5 5 5 5 5 5 5 5 5 5 5 5 5
5 5 5 5 5 5 5 5 5 5 5 5 5 5 5 5 5 5 5 5
5 5 5 5 5 5 5 5 5 5 5 5 5 5 5 5 5 5 5 5
5 5 5 5 5 5 5 5 5 5 5 5 5 5 5 5 5 5 5 5
5 5 5 5 5 5 5 5 5 5 5 5 5 5 5 5 5 5 5 5
5 5 5 5 5 5 5 5 5 5 5 5 5 5 5 5 5 5 5 5
5 5 5 5 5 5 5 5 5 5 5 5 5 5 5 5 5 5 5 5
5 5 5 5 5 5 5 5 5 5 5 5 5 5 5 5 5 5 5 5
5 5 5 5 5 5 5 5 5 5 5 5 5 5 5 5 5 5 5 5
5 5 5 5 5 5 5 5 5 5 5 5 5 5 5 5 5 5 5 5
5 5 5 5 5 5 5 5 5 5 5 5 5 5 5 5 5 5 5 5
5 5 5 5 5 5 5 5 5 5 5 5 5 5 5 5 5 5 5 5
5 5 5 5 5 5 5 5 5 5 5 5 5 5 5 5 5 5 5 5
5 5 5 5 5 5 5 5 5 5 5 5 5 5 5 5 5 5 5 5
5 5 5 5 5 5 5 5 5 5 5 5 5 5 5 5 5 5 5 5
5 5 5 5 5 5 5 5 5 5 5 5 5 5 5 5 5 5 5 5
5 5 5 5 5 5 5 5 5 5 5 5 5 5 5 5 5 5 5 5
5 5 5 5 5 5 5 5 5 5 5 5 5 5 5 5 5 5 5 5
5 5 5 5 5 5 5 5 5 5 5 5 5 5 5 5 5 5 5 5
5 5 5 5 5 5 5 5 5 5 5 5 5 5 5 5 5 5 5 5
5 5 5 5 5 5 5 5 5 5 5 5 5 5 5 5 5 5 5 5
5 5 5 5 5 5 5 5 5 5 5 5 5 5 5 5 5 5 5 5
5 5 5 5 5 5 5 5 5 5 5 5 5 5 5 5 5 5 5 5
5 5 5 5 5 5 5 5 5 5 5 5 5 5 5 5 5 5 5 5
5 5 5 5 5 5 5 5 5 5 5 5 5 5 5 5 5 5 5 5
5 5 5 5 5 5 5 5 5 5 5 5 5 5 5 5 5 5 5 5
5 5 5 5 5 5 5 5 5 5 5 5 5 5 5 5 5 5 5 5
5 5 5 5 5 5 5 5 5 5 5 5 5 5 5 5 5 5 5 5
5 5 5 5 5 5 5 5 5 5 5 5 5 5 5 5 5 5 5 5
5 5 5 5 5 5 5 5 5 5 5 5 5 5 5 5 5 5 5 5
5 5 5 5 5 5 5 5 5 5 5 5 5 5 5 5 5 5 5 5
5 5 5 5 5 5 5 5 5 5 5 5 5 5 5 5 5 5 5 5
5 5 5 5 5 5 5 5 5 5 5 5 5 5 5 5 5 5 5 5
5 5 5 5 5 5 5 5 5 5 5 5 5 5 5 5 5 5 5 5
5 5 5 5 5 5 5 5 5 5 5 5 5 5 5 5 5 5 5 5
5 5 5 5 5 5 5 5 5 5 5 5 5 5 5 5 5 5 5 5
5 5 5 5 5 5 5 5 5 5 5 5 5 5 5 5 5 5 5 5
5 5 5 5 5 5 5 5 5 5 5 5 5 5 5 5 5 5 5 5
5 5 5 5 5 5 5 5 5 5 5 5 5 5 5 5 5 5 5 5
5 5 5 5 5 5 5 5 5 5 5 5 5 5 5 5 5 5 5 5
5 5 5 5 5 5 5 5 5 5 5 5 5 5 5 5 5 5 5 5
5 5 5 5 5 5 5 5 5 5 5 5 5 5 5 5 5 5 5 5
5 5 5 5 5 5 5 5 5 5 5 5 5 5 5 5 5 5 5 5
5 5 5 5 5 5 5 5 5 5 5 5 5 5 5 5 5 5 5 5
5 5 5 5 5 5 5 5 5 5 5 5 5 5 5 5 5 5 5 5
5 5 5 5 5 5 5 5 5 5 5 5 5 5 5 5 5 5 5 5
5 5 5 5 5 5 5 5 5 5 5 5 5 5 5 5 5 5 5 5
5 5 5 5 5 5 5 5 5 5 5 5 5 5 5 5 5 5 5 5
5 5 5 5 5 5 5 5 5 5 5 5 5 5 5 5 5 5 5 5
5 5 5 5 5 5 5 5 5 5 5 5 5 5 5 5 5 5 5 5
5 5 5 5 5 5 5 5 5 5 5 5 5 5 5 5 5 5 5 5
5 5 5 5 5 5 5 5 5 5 5 5 5 5 5 5 5 5 5 5
5 5 5 5 5 5 5 5 5 5 5 5 5 5 5 5 5 5 5 5
5 5 5 5 5 5 5 5 5 5 5 5 5 5 5 5 5 5 5 5
5 5 5 5 5 5 5 5 5 5 5 5 5 5 5 5 5 5 5 5
5 5 5 5 5 5 5 5 5 5 5 5 5 5 5 5 5 5 5 5
5 5 5 5 5 5 5 5 5 5 5 5 5 5 5 5 5 5 5 5
5 5 5 5 5 5 5 5 5 5 5 5 5 5 5 5 5 5 5 5
5 5 5 5 5 5 5 5 5 5 5 5 5 5 5 5 5 5 5 5
5 5 5 5 5 5 5 5 5 5 5 5 5 5 5 5 5 5 5 5
5 5 5 5 5 5 5 5 5 5 5 5 5 5 5 5 5 5 5 5
5 5 5 5 5 5 5 5 5 5 5 5 5 5 5 5 5 5 5 5
5 5 5 5 5 5 5 5 5 5 5 5 5 5 5 5 5 5 5 5
5 5 5 5 5 5 5 5 5 5 5 5 5 5 5 5 5 5 5 5
5 5 5 5 5 5 5 5 5 5 5 5 5 5 5 5 5 5 5 5
5 5 5 5 5 5 5 5 5 5 5 5 5 5 5 5 5 5 5 5
5 5 5 5 5 5 5 5 5 5 5 5 5 5 5 5 5 5 5 5
5 5 5 5 5 5 5 5 5 5 5 5 5 5 5 5 5 5 5 5
5 5 5 5 5 5 5 5 5 5 5 5 5 5 5 5 5 5 5 5
5 5 5 5 5 5 5 5 5 5 5 5 5 5 5 5 5 5 5 5
5 5 5 5 5 5 5 5 5 5 5 5 5 5 5 5 5 5 5 5
5 5 5 5 5 5 5 5 5 5 5 5 5 5 5 5 5 5 5 5
5 5 5 5 5 5 5 5 5 5 5 5 5 5 5 5 5 5 5 5
5 5 5 5 5 5 5 5 5 5 5 5 5 5 5 5 5 5 5 5
5 5 5 5 5 5 5 5 5 5 5 5 5 5 5 5 5 5 5 5
5 5 5 5 5 5 5 5 5 5 5 5 5 5 5 5 5 5 5 5
5 5 5 5 5 5 5 5 5 5 5 5 5 5 5 5 5 5 5 5
5 5 5 5 5 5 5 5 5 5 5 5 5 5 5 5 5 5 5 5
5 5 5 5 5 5 5 5 5 5 5 5 5 5 5 5 5 5 5 5
5 5 5 5 5 5 5 5 5 5 5 5 5 5 5 5 5 5 5 5
5 5 5 5 5 5 5 5 5 5 5 5 5 5 5 5 5 5 5 5
5 5 5 5 5 5 5 5 5 5 5 5 5 5 5 5 5 5 5 5
5 5 5 5 5 5 5 5 5 5 5 5 5 5 5 5 5 5 5 5
5 5 5 5 5 5 5 5 5 5 5 5 5 5 5 5 5 5 5 5
5 5 5 5 5 5 5 5 5 5 5 5 5 5 5 5 5 5 5 5
5 5 5 5 5 5 5 5 5 5 5 5 5 5 5 5 5 5 5 5
5 5 5 5 5 5 5 5 5 5 5 5 5 5 5 5 5 5 5 5
5 5 5 5 5 5 5 5 5 5 5 5 5 5 5 5 5 5 5 5
5 5 5 5 5 5 5 5 5 5 5 5 5 5 5 5 5 5 5 5
5 5 5 5 5 5 5 5 5 5 5 5 5 5 5 5 5 5 5 5
5 5 5 5 5 5 5 5 5 5 5 5 5 5 5 5 5 5 5 5
5 5 5 5 5 5 5 5 5 5 5 5 5 5 5 5 5 5 5 5
5 5 5 5 5 5 5 5 5 5 5 5 5 5 5 5 5 5 5 5
5 5 5 5 5 5 5 5 5 5 5 5 5 5 5 5 5 5 5 5
5 5 5 5 5 5 5 5 5 5 5 5 5 5 5 5 5 5 5 5
5 5 5 5 5 5 5 5 5 5 5 5 5 5 5 5 5 5 5 5
5 5 5 5 5 5 5 5 5 5 5 5 5 5 5 5 5 5 5 5
5 5 5 5 5 5 5 5 5 5 5 5 5 5 5 5 5 5 5 5
5 5 5 5 5 5 5 5 5 5 5 5 5 5 5 5 5 5 5 5
5 5 5 5 5 5 5 5 5 5 5 5 5 5 5 5 5 5 5 5
5 5 5 5 5 5 5 5 5 5 5 5 5 5 5 5 5 5 5 5
5 5 5 5 5 5 5 5 5 5 5 5 5 5 5 5 5 5 5 5
5 5 5 5 5 5 5 5 5 5 5 5 5 5 5 5 5 5 5 5
5 5 5 5 5 5 5 5 5 5 5 5 5 5 5 5 5 5 5 5
5 5 5 5 5 5 5 5 5 5 5 5 5 5 5 5 5 5 5 5
5 5 5 5 5 5 5 5 5 5 5 5 5 5 5 5 5 5 5 5
5 5 5 5

CELL_DATA 6864
FIELD FieldData 1
PATCH_IDS 1 6864 int
1 1 1 1 1 1 1 1 1 1 1 1 1 1 1 1 1 1 1 1
1 1 1 1 1 1 1 1 1 1 1 1 1 1 1 1 1 1 1 1
1 1 1 1 1 1 1 1 1 1 1 1 1 1 1 1 1 1 1 1
1 1 1 1 1 1 1 1 1 1 1 1 1 1 1 1 1 1 1 1
1 1 1 1 1 1 1 1 1 1 1 1 1 1 1 1 1 1 1 1
1 1 1 1 1 1 1 1 1 1 1 1 1 1 1 1 1 1 1 1
1 1 1 1 1 1 1 1 1 1 1 1 1 1 1 1 1 1 1 1
1 1 1 1 1 1 1 1 1 1 1 1 1 1 1 1 1 1 1 1
1 1 1 1 1 1 1 1 1 1 1 1 1 1 1 1 1 1 1 1
1 1 1 1 1 2 2 2 2 2 2 2 2 2 2 2 2 2 2 2
2 2 2 2 2 2 2 2 2 2 2 2 2 2 2 2 2 2 2 2
2 2 2 2 2 2 2 2 2 2 2 2 2 2 2 2 2 2 2 2
2 2 2 2 2 2 2 2 2 2 2 2 2 2 2 2 2 2 2 2
2 2 2 2 2 2 2 2 2 2 2 2 2 2 2 2 2 2 2 2
2 2 2 2 2 2 2 2 2 2 2 2 2 2 3 3 4 4 5 5
6 6 7 7 8 8 8 8 8 9 9 9 9 10 10 10 11 11 12 12
12 12 12 12 12 12 12 12 12 12 12 12 12 12 12 12 12 12 12 12
12 12 12 12 12 12 12 12 13 13 13 13 13 13 13 13 13 13 13 13
13 13 13 13 13 13 13 13 13 13 13 13 13 14 14 14 14 15 15 15
16 16 17 17 17 17 17 17 18 18 19 19 20 20 21 21 22 22 22 22
22 23 23 23 23 23 24 24 24 24 24 25 25 25 25 26 26 26 26 27
27 27 27 28 28 28 29 29 29 30 30 30 31 31 32 32 33 33 34 34
34 34 34 34 34 34 34 34 34 34 34 34 34 34 34 34 34 34 34 34
34 34 34 34 34 34 34 34 35 35 35 35 35 35 35 35 35 35 35 35
35 35 35 35 35 35 35 35 35 35 35 35 35 35 35 35 35 35 36 36
36 36 36 36 36 36 36 36 36 36 36 36 36 36 36 36 36 36 36 36
36 36 36 36 36 36 36 36 37 37 37 37 37 37 37 37 37 37 37 37
37 37 37 37 37 37 37 37 37 37 37 37 38 38 38 38 38 38 38 38
38 38 38 38 38 38 38 38 38 38 38 38 38 38 38 38 39 39 39 39
39 39 39 39 39 39 39 39 39 39 39 39 39 39 39 39 39 39 39 39
39 39 39 40 40 40 40 41 41 41 41 42 42 42 42 43 43 43 44 44
44 45 45 45 46 46 47 47 48 48 49 49 49 49 49 49 50 50 50 50
50 50 51 51 51 51 51 51 52 52 53 53 54 54 55 55 55 55 55 55
55 55 55 55 55 55 55 55 55 55 55 55 55 55 55 55 55 55 56 56
56 56 56 56 56 56 56 56 56 56 56 56 56 56 56 56 56 57 57 57
57 57 57 57 57 57 57 57 57 57 57 57 57 57 57 58 58 58 58 58
58 58 58 58 58 58 58 58 58 58 58 58 58 59 59 59 59 59 59 59
59 59 59 59 59 59 59 59 59 59 59 60 60 60 60 60 60 60 60 60
60 60 60 60 60 60 60 60 60 60 60 60 60 60 60 60 60 60 60 60
60 60 60 60 60 60 60 60 60 60 60 60 60 60 60 60 60 60 60 60
60 60 60 60 60 60 60 60 60 60 60 60 60 60 60 60 60 60 60 60
60 60 60 60 60 60 60 60 60 60 60 60 60 60 60 60 60 60 60 60
60 60 60 60 60 60 60 60 60 60 60 60 60 60 60 60 60 60 60 60
60 60 60 60 60 60 60 60 60 60 60 60 60 60 60 60 60 60 60 60
60 60 60 60 60 60 60 60 60 60 60 60 60 60 60 60 60 60 60 60
60 60 60 60 60 60 60 60 60 60 60 60 60 60 60 60 60 60 60 60
60 60 60 60 60 60 60 60 60 60 60 60 60 60 60 60 60 60 60 60
60 60 60 60 60 60 60 60 60 60 60 60 60 60 60 60 60 60 60 60
61 61 61 61 61 61 61 61 61 61 61 61 61 61 61 61 61 61 61 61
61 61 61 61 61 61 61 61 61 61 61 61 61 61 61 61 61 61 61 61
61 61 61 61 61 61 61 61 61 61 61 61 62 62 62 62 63 63 63 63
64 64 64 64 65 65 65 65 66 66 66 66 67 67 67 67 68 68 68 68
69 69 69 69 70 70 70 70 71 71 71 71 72 72 72 72 73 73 73 73
74 74 74 74 75 75 75 75 76 76 76 76 77 77 77 77 78 78 78 78
79 79 79 79 80 80 80 80 81 81 81 81 82 82 82 82 83 83 83 83
84 84 84 84 85 85 85 85 86 86 86 86 87 87 87 87 88 88 88 88
89 89 89 89 90 90 90 90 91 91 91 91 92 92 92 92 93 93 93 93
94 94 94 94 95 95 95 95 96 96 96 96 97 97 97 97 98 98 98 98
99 99 99 99 100 100 100 100 101 101 101 101 102 102 102 102 103 103 103 103
104 104 104 104 105 105 105 105 106 106 106 106 107 107 107 107 108 108 108 108
109 109 109 109 110 110 110 110 111 111 111 111 112 112 112 112 113 113 113 113
114 114 114 114 115 115 115 115 116 116 116 116 117 117 117 117 118 118 118 118
119 119 119 119 120 120 120 120 121 121 121 121 122 122 122 122 123 123 123 123
124 124 124 124 125 125 125 125 126 126 126 126 127 127 127 127 128 128 128 128
129 129 129 129 130 130 130 130 131 131 131 131 132 132 132 132 133 133 133 133
134 134 134 134 135 135 135 135 136 136 136 136 137 137 137 137 138 138 138 138
139 139 139 139 140 140 140 140 141 141 141 141 142 142 142 142 143 143 143 143
144 144 144 144 145 145 145 145 146 146 146 146 147 147 147 147 148 148 148 148
149 149 149 149 150 150 150 150 151 151 151 151 152 152 152 152 153 153 153 153
154 154 154 154 155 155 155 155 156 156 156 156 157 157 157 157 158 158 158 158
159 159 159 159 160 160 160 160 161 161 161 161 162 162 162 162 163 163 163 163
164 164 164 164 165 165 165 165 166 166 166 166 167 167 167 167 168 168 168 168
169 169 169 169 170 170 170 170 171 171 171 171 172 172 172 172 173 173 173 173
174 174 174 174 175 175 175 175 176 176 176 176 177 177 177 177 178 178 178 178
179 179 179 179 180 180 180 180 181 181 181 181 182 182 182 182 183 183 183 183
184 184 184 184 185 185 185 185 186 186 186 186 187 187 187 187 188 188 188 188
189 189 189 189 190 190 190 190 191 191 191 191 192 192 192 192 193 193 193 193
194 194 194 194 195 195 195 195 196 196 196 196 197 197 197 197 198 198 198 198
199 199 199 199 200 200 200 200 201 201 201 201 202 202 202 202 203 203 203 203
204 204 204 204 205 205 205 205 206 206 206 206 207 207 207 207 208 208 208 208
209 209 209 209 210 210 210 210 211 211 211 211 212 212 212 212 213 213 213 213
214 214 214 214 215 215 215 215 216 216 216 216 217 217 217 217 218 218 218 218
219 219 219 219 220 220 220 220 221 221 221 221 222 222 222 222 223 223 223 223
224 224 224 224 225 225 225 225 226 226 226 226 227 227 227 227 228 228 228 228
229 229 229 229 230 230 230 230 231 231 231 231 232 232 232 232 233 233 233 233
234 234 234 234 235 235 235 235 236 236 236 236 237 237 237 237 238 238 238 238
239 239 239 239 240 240 240 240 241 241 241 241 242 242 242 242 243 243 243 243
244 244 244 244 245 245 245 245 246 246 246 246 247 247 247 247 248 248 248 248
249 249 249 249 250 250 250 250 251 251 251 251 252 252 252 252 253 253 253 253
254 254 254 254 255 255 255 255 256 256 256 256 257 257 257 257 258 258 258 258
259 259 259 259 260 260 260 260 261 261 261 261 262 262 262 262 263 263 263 263
264 264 264 264 265 265 265 265 266 266 266 266 267 267 267 267 268 268 268 268
269 269 269 269 270 270 270 270 271 271 271 271 272 272 272 272 273 273 273 273
274 274 274 274 275 275 275 275 276 276 276 276 277 277 277 277 278 278 278 278
279 279 279 279 280 280 280 280 281 281 281 281 282 282 282 282 283 283 283 283
284 284 284 284 285 285 285 285 286 286 286 286 287 287 287 287 288 288 288 288
289 289 289 289 290 290 290 290 291 291 291 291 292 292 292 292 293 293 293 293
294 294 294 294 295 295 295 295 296 296 296 296 297 297 297 297 298 298 298 298
299 299 299 299 300 300 300 300 301 301 301 301 302 302 302 302 303 303 303 303
304 304 304 304 305 305 305 305 306 306 306 306 307 307 307 307 308 308 308 308
309 309 309 309 310 310 310 310 311 311 311 311 312 312 312 312 313 313 313 313
314 314 314 314 315 315 315 315 316 316 316 316 317 317 317 317 318 318 318 318
318 318 318 318 318 318 318 319 319 319 319 319 319 319 319 319 319 319 319 319
319 319 319 319 319 319 319 319 319 319 319 319 319 319 319 319 319 319 319 319
319 319 319 319 319 319 319 319 319 319 319 319 319 319 319 319 319 319 319 320
320 320 320 320 320 320 320 320 320 320 321 321 321 321 321 321 321 321 321 321
321 322 322 322 322 322 322 322 322 322 322 322 323 323 323 323 323 323 323 323
323 323 323 324 324 324 324 324 324 324 324 324 324 324 324 324 324 324 324 324
324 324 324 324 324 324 324 324 324 324 324 324 324 324 324 324 324 324 324 324
324 324 324 324 324 324 324 324 324 324 324 324 324 324 324 325 325 325 325 325
325 325 325 325 325 325 325 325 325 325 325 325 325 325 325 325 325 325 325 325
325 325 325 325 325 325 325 325 325 325 325 325 325 325 325 325 325 325 325 325
325 325 325 325 325 325 325 326 326 326 326 326 326 326 326 326 326 326 326 326
326 326 326 326 326 326 326 326 326 326 326 326 326 326 326 326 326 326 326 326
326 326 326 326 326 326 326 326 326 326 326 326 326 326 326 326 326 326 326 327
327 327 327 327 327 327 327 327 327 327 327 327 327 327 327 327 327 327 327 327
327 327 327 327 327 327 327 327 327 327 327 327 327 327 327 327 327 327 327 327
327 327 327 327 327 327 327 327 327 327 327 328 328 328 328 328 328 328 328 328
328 328 328 328 328 328 328 328 328 328 328 328 328 328 328 328 328 328 328 328
328 328 328 328 328 328 328 328 328 328 328 328 328 328 328 328 328 328 328 328
328 328 328 328 329 329 329 329 329 329 329 329 329 329 329 329 329 329 329 329
329 329 329 329 329 329 329 329 329 329 329 329 329 329 329 329 329 329 329 329
329 329 329 329 329 329 329 329 329 329 329 329 329 329 329 329 329 329 329 329
329 329 329 329 329 329 329 329 329 329 329 329 329 329 329 329 329 329 329 329
329 329 329 329 329 329 329 329 329 329 329 329 329 329 329 329 329 329 329 329
329 329 329 329 329 329 329 329 329 329 329 329 330 330 330 330 330 330 330 330
330 330 330 330 330 330 330 330 330 330 330 330 330 330 330 330 330 330 330 330
330 330 330 330 330 330 330 330 330 330 330 330 330 330 330 330 330 330 330 330
330 330 330 330 330 330 330 330 330 330 330 330 330 330 330 331 331 331 331 331
331 331 331 331 331 331 331 331 331 331 331 331 331 331 331 331 331 331 331 331
331 331 331 331 331 331 331 331 331 331 331 331 331 331 331 331 331 331 331 331
331 331 331 331 331 331 331 331 331 331 331 331 331 331 331 331 331 331 331 331
331 331 331 331 331 331 331 331 331 331 331 331 331 331 331 331 331 331 331 331
331 331 331 331 331 331 331 331 331 331 331 331 331 331 331 331 331 331 331 331
331 331 331 331 331 331 331 331 331 331 331 331 331 331 331 331 331 331 331 331
331 331 331 331 331 331 331 331 331 331 331 331 331 331 331 331 331 331 331 331
331 331 331 331 331 331 331 331 331 331 331 331 331 331 331 331 331 331 331 331
331 331 331 331 331 331 331 331 331 331 331 331 331 331 331 331 331 331 331 331
331 331 331 331 331 331 331 331 331 331 331 331 331 331 331 331 331 331 331 331
331 331 331 331 331 331 331 331 331 331 331 331 331 331 331 331 331 331 331 331
331 331 331 331 331 331 331 331 331 331 331 331 331 331 331 331 331 331 331 331
331 331 331 331 331 331 331 331 331 331 331 331 331 331 331 331 331 331 331 331
331 331 331 331 331 331 331 331 331 331 331 331 331 331 331 331 331 331 331 331
331 331 331 331 331 331 331 331 331 331 331 331 331 331 331 331 331 331 331 331
331 331 331 331 331 331 331 331 331 331 331 331 331 331 331 331 331 331 331 331
331 331 331 331 331 331 331 331 331 331 331 331 331 331 331 331 331 331 331 331
331 331 331 331 331 331 331 331 331 331 331 331 331 331 331 331 331 331 331 331
331 331 331 331 331 331 331 331 331 331 331 331 331 331 331 331 331 331 331 331
331 331 331 331 331 331 331 331 331 331 331 331 332 332 333 333 334 334 334 335
335 335 336 336 336 337 337 337 338 338 338 339 339 340 340 340 341 341 341 342
342 342 343 343 344 344 345 345 345 346 346 347 347 347 348 348 349 349 350 350
350 351 351 352 352 352 353 353 353 354 354 355 355 355 356 356 356 357 357 357
358 358 359 359 359 360 360 361 361 362 362 363 363 364 364 364 365 365 366 366
367 367 367 368 368 369 369 369 370 370 371 371 371 372 372 372 373 373 373 374
374 375 375 375 376 376 377 377 377 378 378 378 379 379 380 380 380 381 381 381
382 382 383 383 384 384 384 385 385 385 386 386 387 387 387 388 388 389 389 389
390 390 391 391 391 392 392 393 393 394 394 395 395 395 396 396 396 397 397 397
398 398 399 399 400 400 401 401 402 402 403 403 404 404 404 405 405 406 406 407
407 408 408 409 409 409 410 410 410 411 411 411 412 412 412 413 413 414 414 415
415 415 416 416 417 417 418 418 418 419 419 419 420 420 420 421 421 421 422 422
423 423 424 424 424 425 425 426 426 426 427 427 428 428 428 429 429 429 430 430
431 431 431 432 432 432 433 433 434 434 435 435 436 436 437 437 438 438 438 439
439 439 440 440 440 441 441 442 442 442 443 443 443 444 444 445 445 445 445 445
445 445 445 445 445 445 446 446 447 447 448 448 449 449 449 450 450 451 451 452
452 453 453 453 454 454 454 455 455 456 456 456 457 457 458 458 458 459 459 459
460 460 461 461 461 461 461 461 461 461 461 461 461 462 462 462 463 463 464 464
465 465 465 466 466 467 467 467 468 468 469 469 469 470 470 470 471 471 472 472
473 473 474 474 474 475 475 476 476 476 477 477 478 478 479 479 480 480 480 481
481 481 482 482 483 483 484 484 484 485 485 485 486 486 486 487 487 487 488 488
488 489 489 490 490 490 491 491 491 492 492 493 493 494 494 495 495 495 496 496
497 497 498 498 498 499 499 499 500 500 500 501 501 501 502 502 502 503 503 504
504 505 505 506 506 507 507 507 508 508 508 509 509 509 510 510 510 511 511 512
512 512 513 513 513 514 514 515 515 516 516 517 517 517 518 518 518 519 519 519
520 520 521 521 522 522 523 523 523 524 524 524 525 525 525 526 526 527 527 528
528 529 529 530 530 530 531 531 532 532 533 533 533 534 534 534 535 535 535 536
536 536 537 537 538 538 539 539 540 540 540 541 541 541 542 542 542 543 543 543
544 544 545 545 546 546 547 547 547 548 548 548 549 549 550 550 551 551 552 552
552 553 553 553 554 554 555 555 555 556 556 557 557 557 558 558 559 559 560 560
561 561 562 562 562 563 563 563 564 564 564 565 565 565 566 566 567 567 567 568
568 569 569 570 570 571 571 571 572 572 572 573 573 573 574 574 574 575 575 575
576 576 577 577 578 578 578 579 579 580 580 581 581 581 582 582 582 583 583 583
584 584 584 585 585 586 586 587 587 588 588 588 589 589 590 590 591 591 592 592
593 593 593 594 594 595 595 595 596 596 596 596 596 596 596 596 596 596 596 596
596 596 596 596 596 596 596 596 596 596 596 596 596 596 596 596 596 596 596 596
596 596 596 596 596 596 596 596 596 596 596 596 596 596 596 596 596 596 596 596
596 596 596 596 596 596 596 596 596 596 596 596 596 596 596 596 596 596 596 596
596 596 596 596 596 596 596 596 596 596 596 596 596 596 596 596 596 596 596 596
596 596 596 596 596 596 596 596 596 596 596 596 596 596 596 596 596 596 596 596
596 596 596 596 596 596 596 596 596 596 596 596 596 596 596 596 596 596 596 596
596 596 596 596 596 596 596 596 596 596 596 596 596 596 596 596 596 596 596 596
596 596 596 596 596 596 596 596 596 596 596 596 596 596 596 596 596 596 596 596
596 596 596 596 596 596 596 596 596 596 596 596 596 596 596 596 596 596 596 596
596 596 596 596 596 596 596 596 596 596 596 596 596 596 596 596 596 596 596 596
596 596 596 596 596 596 596 596 596 596 596 596 596 596 596 596 596 596 596 596
596 596 596 596 596 596 596 596 596 596 596 596 596 596 596 596 596 596 596 596
596 596 596 596 596 596 596 596 596 596 596 596 596 596 596 596 596 596 596 596
596 596 596 596 596 596 596 596 596 596 596 596 596 596 596 596 596 596 596 596
596 596 596 596 596 596 596 596 596 596 596 596 596 596 596 596 596 596 596 596
596 596 596 596 596 596 596 596 596 596 596 596 596 596 596 596 596 596 596 596
596 596 596 596 596 596 596 596 596 596 596 596 596 596 596 596 596 596 596 596
596 596 596 596 596 596 596 596 596 596 596 596 596 596 596 596 596 596 596 596
596 596 596 596 596 596 596 596 596 596 596 596 596 596 596 596 596 596 596 596
596 596 596 596 596 597 597 597 597 597 597 597 597 597 597 597 597 597 597 597
597 597 597 597 597 597 597 597 597 597 597 597 597 597 597 597 597 597 597 597
597 597 597 597 597 597 597 597 597 597 597 597 597 597 597 597 597 597 597 597
597 597 597 597 597 597 597 597 597 597 597 597 597 597 597 597 597 597 597 597
597 597 597 597 597 597 597 597 597 597 597 597 597 597 597 597 597 597 597 597
597 597 597 597 597 597 597 597 597 597 597 597 597 597 597 597 597 597 597 597
597 597 597 597 597 597 597 597 597 597 597 597 597 597 597 597 597 597 597 597
597 597 597 597 597 597 597 597 597 597 597 597 597 597 597 597 597 597 597 597
597 597 597 597 597 597 597 597 597 597 597 597 597 597 597 597 597 597 597 597
597 597 597 597 597 597 597 597 597 597 597 597 597 597 597 597 597 597 597 597
597 597 597 597 597 597 597 597 597 597 597 597 597 597 597 597 597 597 597 597
597 597 597 597 597 597 597 597 597 597 597 597 597 597 597 597 597 597 597 597
597 597 597 597 597 597 597 597 597 597 597 597 597 597 597 597 597 597 597 597
597 597 597 597 597 597 597 597 597 597 597 597 597 597 597 597 597 597 597 597
597 597 597 597 597 597 597 597 597 597 597 597 597 597 597 597 597 597 597 597
597 597 597 597 597 597 597 597 597 597 597 597 597 597 597 597 597 597 597 597
597 597 597 597 597 597 597 597 597 597 597 597 597 597 597 597 597 597 597 597
597 597 597 597 597 597 597 597 597 597 597 597 597 597 597 597 597 597 597 597
597 597 597 597 597 597 597 597 597 597 597 597 597 597 597 597 597 597 597 597
597 597 597 597 597 597 597 597 597 597 597 597 597 597 597 597 597 597 597 597
597 597 598 598 598 598 598 598 598 598 598 598 598 598 598 598 598 598 598 598
598 598 598 598 598 598 598 598 598 598 598 598 598 598 598 598 598 598 598 598
598 598 598 598 598 598 598 598 598 598 598 598 598 598 598 598 598 598 598 598
598 598 598 598 598 598 598 598 598 598 598 598 598 598 598 598 598 598 598 598
598 598 598 598 598 598 598 598 598 598 598 598 598 598 598 598 598 598 598 598
598 598 598 598 598 598 598 598 598 598 598 598 598 598 598 598 598 598 598 598
598 598 598 598 598 598 598 598 598 598 598 598 598 598 598 598 598 598 598 598
598 598 598 598 598 598 598 598 598 598 598 598 598 598 598 598 598 598 598 598
598 598 598 598 598 598 598 598 598 598 598 598 598 598 598 598 598 598 598 598
598 598 598 598 598 598 598 598 598 598 598 598 598 598 598 598 598 598 598 598
598 598 598 598 598 598 598 598 598 598 598 598 598 598 598 598 598 598 598 598
598 598 598 598 598 598 598 598 598 598 598 598 598 598 598 598 598 598 598 598
598 598 598 598 598 598 598 598 598 598 598 598 598 598 598 598 598 598 598 598
598 598 598 598 598 598 598 598 598 598 598 598 598 598 598 598 598 598 598 598
598 598 598 598 598 598 598 598 598 598 598 598 598 598 598 598 598 598 598 598
598 598 598 598 598 598 598 598 598 598 598 598 598 598 598 598 598 598 598 598
598 598 598 598 598 598 598 598 598 598 598 598 598 598 598 598 598 598 598 598
598 598 598 598 598 598 598 598 598 598 598 598 598 598 598 598 598 598 598 598
598 598 598 598 598 598 598 598 598 598 598 598 598 598 598 598 598 598 598 598
598 598 598 598 598 598 598 598 598 598 598 598 598 598 598 598 598 598 598 599
599 600 600 601 601 602 602 603 603 604 604 605 605 606 606 607 607 607 608 608
608 609 609 609 610 610 610 611 611 611 612 612 612 613 613 613 614 614 614 615
615 615 616 616 616 617 617 617 618 618 618 619 619 620 620 621 621 621 622 622
622 623 623 623 624 624 624 625 625 626 626 627 627 628 628 629 629 630 630 631
631 632 632 633 633 634 634 635 635 635 636 636 636 637 637 638 638 639 639 640
640 641 641 642 642 643 643 643 644 644 644 645 645 646 646 647 647 648 648 649
649 649 650 650 650 651 651 651 652 652 652 653 653 654 654 655 655 656 656 657
657 657 658 658 658 659 659 659 660 660 660 661 661 662 662 663 663 664 664 665
665 666 666 667 667 668 668 669 669 670 670 671 671 672 672 673 673 674 674 675
675 676 676 677 677 678 678 679 679 679 680 680 680 681 681 682 682 683 683 684
684 685 685 686 686 687 687 687 688 688 688 689 689 689 690 690 690 691 691 691
692 692 692 693 693 693 694 694 694 695 695 696 696 697 697 697 698 698 698 699
699 699 700 700 700 701 701 701 702 702 702 703 703 703 704 704 704 705 705 706
706 707 707 708 708 709 709 709 710 710 710 711 711 711 712 712 712 713 713 713
714 714 714 715 715 716 716 717 717 718 718 719 719 719 720 720 720 721 721 721
722 722 722 723 723 723 724 724 724 725 725 725 726 726 726 727 727 728 728 729
729 729 730 730 730 731 731 731 732 732 732 733 733 734 734 735 735 735 736 736
736 737 737 737 738 738 738 739 739 739 740 740 740 741 741 741 742 742 742 743
743 743 744 744 744 745 745 746 746 747 747 748 748 749 749 750 750 751 751 751
752 752 752 753 753 753 754 754 754 755 755 755 756 756 756 757 757 757 758 758
758 759 759 759 760 760 760 761 761 762 762 763 763 764 764 765 765 765 766 766
766 767 767 768 768 769 769 770 770 771 771 771 772 772 772 773 773 774 774 775
775 776 776 777 777 777 778 778 778 779 779 780 780 781 781 782 782 783 783 784
784 785 785 786 786 787 787 788 788 789 789 789 790 790 790 791 791 791 792 792
792 793 793 793 794 794 794 795 795 796 796 797 797 798 798 799 799 800 800 801
801 802 802 803 803 804 804 805 805 806 806 807 807 808 808 809 809 810 810 811
811 812 812 813 813 814 814 815 815 815 816 816 816 817 817 817 818 818 818 819
819 819 820 820 820 821 821 821 822 822 822 823 823 824 824 825 825 826 826 827
827 828 828 829 829 830 830 831 831 832 832 833 833 833 834 834 834 835 835 835
836 836 836 837 837 837 838 838 838 839 839 839 840 840 840 841 841 841 842 842
842 843 843 843 844 844 844 845 845 845 846 846 846 847 847 848 848 849 849 850
850 851 851 851 852 852 852 853 853 854 854 855 855 856 856 857 857 858 858 859
859 860 860 861 861 861 862 862 862 863 863 863 864 864 864 865 865 865 866 866
866 867 867 868 868 869 869 870 870 871 871 871 872 872 872 873 873 873 874 874
874 875 875 875 876 876 876 877 877 877 878 878 878 879 879 880 880 881 881 882
882 883 883 883 884 884 884 885 885 885 886 886 886 887 887 887 888 888 888 889
889 889 890 890 890 891 891 892 892 893 893 894 894 895 895 895 896 896 896 897
897 898 898 899 899 900 900 901 901 901 902 902 902 903 903 903 904 904 904 905
905 905 906 906 906 907 907 907 908 908 908 909 909 909 910 910 910 911 911 912
912 913 913 914 914 915 915 916 916 917 917 918 918 919 919 920 920 921 921 922
922 923 923 924 924 925 925 925 926 926 926 927 927 927 928 928 928 929 929 929
930 930 930 931 931 931 932 932 932 933 933 933 934 934 934 935 935 935 936 936
936 937 937 937 938 938 938 939 939 939 940 940 940 941 941 942 942 943 943 944
944 945 945 945 946 946 946 947 947 947 948 948 948 949 949 949 950 950 950 951
951 951 952 952 952 953 953 953 954 954 954 955 955 956 956 957 957 957 957 957
957 957 957 957 957 958 958 958 958 958 958 958 958 958 958 958 959 959 960 960
961 961 962 962 963 963 964 964 965 965 966 966 967 967 967 968 968 968 969 969
969 970 970 970 971 971 971 972 972 972 973 973 973 974 974 974 975 975 976 976
977 977 978 978 979 979 980 980 981 981 982 982 983 983 983 984 984 984 985 985
985 986 986 986 987 987 987 988 988 988 989 989 989 990 990 990 991 991 991 992
992 992 993 993 994 994 995 995 995 996 996 996 997 997 997 998 998 998 999 999
999 1000 1000 1000 1001 1001 1001 1002 1002 1002 1003 1003 1004 1004 1005 1005 1006 1006 1007 1007
1007 1008 1008 1008 1009 1009 1009 1010 1010 1010 1011 1011 1012 1012 1013 1013 1013 1013 1013 1013
1013 1013 1013 1013 1014 1014 1014 1014 1014 1014 1014 1014 1014 1014 1014 1015 1015 1015 1015 1015
1015 1015 1015 1015 1015 1016 1016 1016 1016 1016 1016 1016 1016 1016 1016 1016 1017 1017 1017 1018
1018 1018 1019 1019 1019 1020 1020 1020 1021 1021 1021 1022 1022 1022 1023 1023 1023 1024 1024 1024
1025 1025 1026 1026 1027 1027 1028 1028 1029 1029 1030 1030 1031 1031 1032 1032 1033 1033 1034 1034
1035 1035 1036 1036 1037 1037 1038 1038 1039 1039 1039 1040 1040 1040 1041 1041 1041 1042 1042 1042
1043 1043 1044 1044 1045 1045 1046 1046 1047 1047 1048 1048 1049 1049 1050 1050 1051 1051 1052 1052
1053 1053 1054 1054 1055 1055 1055 1056 1056 1056 1057 1057 1058 1058 1059 1059 1060 1060 1061 1061
1061 1062 1062 1062 1063 1063 1063 1064 1064 1064 1065 1065 1065 1066 1066 1066 1067 1067 1067 1068
1068 1068 1069 1069 1070 1070 1071 1071 1072 1072 1073 1073 1074 1074 1075 1075 1076 1076 1077 1077
1078 1078 1079 1079 1079 1080 1080 1080 1081 1081 1081 1082 1082 1082 1083 1083 1083 1084 1084 1084
1085 1085 1085 1086 1086 1086 1087 1087 1088 1088 1089 1089 1090 1090 1091 1091 1091 1092 1092 1092
1093 1093 1093 1094 1094 1094 1095 1095 1096 1096 1097 1097 1098 1098 1099 1099 1100 1100 1101 1101
1102 1102 1103 1103 1104 1104 1105 1105 1105 1106 1106 1106 1107 1107 1108 1108 1109 1109 1110 1110
1111 1111 1111 1112 1112 1112 1113 1113 1113 1114 1114 1114 1115 1115 1115 1116 1116 1116 1117 1117
1117 1118 1118 1118 1119 1119 1119 1120 1120 1120 1121 1121 1121 1122 1122 1122 1123 1123 1123 1124
1124 1124 1125 1125 1125 1126 1126 1126 1127 1127 1128 1128 1129 1129 1130 1130 1131 1131 1132 1132
1133 1133 1134 1134 1135 1135 1135 1136 1136 1136 1137 1137 1137 1138 1138 1138 1139 1139 1140 1140
1141 1141 1142 1142 1143 1143 1143 1144 1144 1144 1145 1145 1146 1146 1147 1147 1148 1148 1149 1149
1150 1150 1151 1151 1152 1152 1153 1153 1154 1154 1155 1155 1156 1156 1157 1157 1157 1158 1158 1158
1159 1159 1159 1160 1160 1160 1161 1161 1161 1162 1162 1162 1163 1163 1163 1164 1164 1164 1165 1165
1165 1166 1166 1166 1167 1167 1167 1168 1168 1168 1169 1169 1170 1170 1171 1171 1172 1172 1173 1173
1174 1174 1175 1175 1176 1176 1177 1177 1177 1178 1178 1178 1179 1179 1180 1180 1181 1181 1182 1182
1183 1183 1184 1184 1185 1185 1186 1186 1187 1187 1188 1188 1189 1189 1190 1190 1191 1191 1191 1192
1192 1192 1193 1193 1194 1194 1195 1195 1196 1196 1197 1197 1198 1198 1199 1199 1199 1200 1200 1200
1201 1201 1201 1202 1202 1202 1203 1203 1203 1204 1204 1204 1205 1205 1205 1206 1206 1206 1207 1207
1207 1208 1208 1208 1209 1209 1209 1210 1210 1210 1211 1211 1211 1212 1212 1212 1213 1213 1213 1214
1214 1214 1215 1215 1215 1216 1216 1216 1217 1217 1217 1218 1218 1218 1219 1219 1220 1220 1221 1221
1222 1222 1223 1223 1224 1224 1225 1225 1226 1226 1227 1227 1228 1228 1229 1229 1229 1230 1230 1230
1231 1231 1231 1232 1232 1232 1233 1233 1233 1234 1234 1234 1235 1235 1235 1236 1236 1236 1237 1237
1237 1238 1238 1238 1239 1239 1239 1240 1240 1240 1241 1241 1242 1242 1243 1243 1244 1244 1245 1245
1246 1246 1247 1247 1248 1248 1249 1249 1249 1250 1250 1250 1251 1251 1252 1252 1253 1253 1254 1254
1255 1255 1256 1256 1257 1257 1258 1258 1259 1259 1260 1260 1261 1261 1261 1262 1262 1262 1263 1263
1264 1264 1265 1265 1265 1266 1266 1266 1267 1267 1268 1268 1269 1269 1269 1270 1270 1270 1271 1271
1271 1272 1272 1272 1273 1273 1273 1274 1274 1274 1275 1275 1275 1276 1276 1276 1277 1277 1278 1278
1279 1279 1280 1280 1281 1281 1282 1282 1283 1283 1284 1284 1285 1285 1286 1286 1287 1287 1287 1288
1288 1288 1289 1289 1289 1290 1290 1290 1291 1291 1291 1292 1292 1292 1293 1293 1293 1294 1294 1294
1295 1295 1295 1296 1296 1296 1297 1297 1297 1298 1298 1298 1299 1299 1299 1300 1300 1300 1301 1301
1301 1302 1302 1302 1303 1303 1303 1304 1304 1304 1305 1305 1306 1306 1307 1307 1308 1308 1309 1309
1310 1310 1311 1311 1312 1312 1313 1313 1314 1314 1315 1315 1315 1316 1316 1316 1317 1317 1317 1318
1318 1318 1319 1319 1319 1320 1320 1320 1321 1321 1321 1322 1322 1322 1323 1323 1323 1324 1324 1324
1325 1325 1325 1326 1326 1326 1327 1327 1327 1328 1328 1328 1329 1329 1329 1330 1330 1330 1331 1331
1331 1332 1332 1332 1333 1333 1334 1334 1335 1335 1336 1336 1337 1337 1338 1338 1339 1339 1339 1340
1340 1340 1341 1341 1342 1342 1343 1343 1344 1344 1345 1345 1346 1346 1347 1347 1347 1348 1348 1348
1349 1349 1349 1350 1350 1350 1351 1351 1351 1352 1352 1352 1353 1353 1353 1354 1354 1354 1355 1355
1355 1356 1356 1356 1357 1357 1357 1358 1358 1358 1359 1359 1360 1360 1361 1361 1362 1362 1363 1363
1364 1364 1365 1365 1366 1366 1367 1367 1367 1368 1368 1368 1369 1369 1369 1370 1370 1370 1371 1371
1371 1372 1372 1372 1373 1373 1373 1374 1374 1374 1375 1375 1376 1376 1377 1377 1378 1378 1379 1379
1380 1380 1381 1381 1382 1382 1383 1383 1384 1384 1385 1385 1386 1386 1387 1387 1388 1388 1389 1389
1389 1390 1390 1390 

