# vtk DataFile Version 3.0
Generated by FvKompasPlugin. Date/time (GMT): Thu Jun 18 21:56:44 2026
ASCII
DATASET UNSTRUCTURED_GRID
POINTS 1087 double
-21.876314453125 1.592040843774456e-16 -2.6
-22.562517578125 -1.520907830015669e-16 -2.483830810546875
-23.24013671875 -1.423696772452632e-16 -2.3250732421875
-23.906529296875 -1.300786599744627e-16 -2.124345703125
-24.559099609375 -1.152656258201351e-16 -1.8824306640625
-25.195302734375 -9.79883085479652e-17 -1.6002705078125
-25.8126640625 -7.831401000781002e-17 -1.27896484375
-26.4087734375 -5.631941378645041e-17 -0.919765869140625
-26.981310546875 3.209022606562133e-17 -0.5240731201171875
-26.981310546875 0.1413932342529297 -0.5046390991210937
-26.981310546875 0.2722999877929688 -0.4477782592773438
-26.981310546875 0.3830115051269531 -0.357707763671875
-26.981310546875 0.4653168029785156 -0.2411077270507813
-26.981310546875 0.5131116943359375 -0.1066258316040039
-26.981310546875 0.5228513793945313 0.03576401519775391
-26.981310546875 0.4938136291503906 0.1755014038085937
-26.981310546875 0.4281519775390625 0.30222265625
-26.981310546875 0.3307362365722656 0.4065294494628907
-26.981310546875 0.2087913055419922 0.480685791015625
-26.981310546875 0.07136128234863282 0.51919189453125
-26.981310546875 -0.07136128234863282 0.51919189453125
-26.981310546875 -0.2087913055419922 0.480685791015625
-26.981310546875 -0.3307362365722656 0.4065294494628907
-26.981310546875 -0.4281519775390625 0.30222265625
-26.981310546875 -0.4938136291503906 0.1755014038085937
-26.981310546875 -0.5228513793945313 0.03576401519775391
-26.981310546875 -0.5131116943359375 -0.1066258316040039
-26.981310546875 -0.4653168029785156 -0.2411077270507813
-26.981310546875 -0.3830115051269531 -0.357707763671875
-26.981310546875 -0.2722999877929688 -0.4477782592773438
-26.981310546875 -0.1413932342529297 -0.5046390991210937
-21.876314453125 -0.3324806213378906 -2.578654052734375
-21.876314453125 -0.6595018920898438 -2.514966552734375
-21.876314453125 -0.9756942138671875 -2.409983642578125
-21.876314453125 -1.275865600585937 -2.2654287109375
-21.876314453125 -1.55508740234375 -2.083675537109375
-21.876314453125 -1.808774658203125 -1.867708251953125
-21.876314453125 -2.032761840820313 -1.621073486328125
-21.876314453125 -2.22337109375 -1.347820678710937
-21.876314453125 -2.377472900390625 -1.052436645507812
-21.876314453125 -2.492536376953125 -0.739771728515625
-21.876314453125 -2.566672607421875 -0.414959716796875
-21.876314453125 -2.5986640625 -0.08333409881591797
-21.876314453125 -2.587985595703125 0.2496598663330078
-21.876314453125 -2.5348125 0.578554443359375
-21.876314453125 -2.440017822265625 0.8979491577148437
-21.876314453125 -2.305158203125 1.202599609375
-21.876314453125 -2.13244775390625 1.487503295898438
-21.876314453125 -1.924722778320312 1.747982299804687
-21.876314453125 -1.685393798828125 1.979759521484375
-21.876314453125 -1.418390747070313 2.179029052734375
-21.876314453125 -1.128097778320313 2.34251904296875
-21.876314453125 -0.8192813720703125 2.467544921875
-21.876314453125 -0.4970124206542969 2.5520537109375
-21.876314453125 -0.1665825653076172 2.594657958984375
-21.876314453125 0.1665825653076172 2.594657958984375
-21.876314453125 0.4970124206542969 2.5520537109375
-21.876314453125 0.8192813720703125 2.467544921875
-21.876314453125 1.128097778320313 2.34251904296875
-21.876314453125 1.418390747070313 2.179029052734375
-21.876314453125 1.685393798828125 1.979759521484375
-21.876314453125 1.924722778320312 1.747982299804687
-21.876314453125 2.13244775390625 1.487503295898438
-21.876314453125 2.305158203125 1.202599609375
-21.876314453125 2.440017822265625 0.8979491577148437
-21.876314453125 2.5348125 0.578554443359375
-21.876314453125 2.587985595703125 0.2496598663330078
-21.876314453125 2.5986640625 -0.08333409881591797
-21.876314453125 2.566672607421875 -0.414959716796875
-21.876314453125 2.492536376953125 -0.739771728515625
-21.876314453125 2.377472900390625 -1.052436645507812
-21.876314453125 2.22337109375 -1.347820678710937
-21.876314453125 2.032761840820313 -1.621073486328125
-21.876314453125 1.808774658203125 -1.867708251953125
-21.876314453125 1.55508740234375 -2.083675537109375
-21.876314453125 1.275865600585937 -2.2654287109375
-21.876314453125 0.9756942138671875 -2.409983642578125
-21.876314453125 0.6595018920898438 -2.514966552734375
-21.876314453125 0.3324806213378906 -2.578654052734375
-26.4087734375 0.115277229309082 -0.9125132446289063
-26.4087734375 0.2287364654541016 -0.8908696899414063
-26.4087734375 0.33858837890625 -0.8551766357421875
-26.4087734375 0.4431005859375 -0.8059969482421875
-26.4087734375 0.5406248168945312 -0.744106201171875
-26.4087734375 0.629623046875 -0.67048046875
-26.4087734375 0.7086917724609375 -0.5862808227539062
-26.4087734375 0.776583984375 -0.4928351745605469
-26.4087734375 0.83222900390625 -0.3916172485351563
-26.4087734375 0.8747493286132813 -0.2842232666015625
-26.4087734375 0.9034742431640626 -0.1723469390869141
-26.4087734375 0.917950927734375 -0.0577525749206543
-26.4087734375 0.917950927734375 0.0577525749206543
-26.4087734375 0.9034742431640626 0.1723469390869141
-26.4087734375 0.8747493286132813 0.2842232666015625
-26.4087734375 0.83222900390625 0.3916172485351563
-26.4087734375 0.776583984375 0.4928351745605469
-26.4087734375 0.7086917724609375 0.5862808227539062
-26.4087734375 0.629623046875 0.67048046875
-26.4087734375 0.5406248168945312 0.744106201171875
-26.4087734375 0.4431005859375 0.8059969482421875
-26.4087734375 0.33858837890625 0.8551766357421875
-26.4087734375 0.2287364654541016 0.8908696899414063
-26.4087734375 0.115277229309082 0.9125132446289063
-26.4087734375 -1.169054870270303e-15 0.919765869140625
-26.4087734375 -0.115277229309082 0.9125132446289063
-26.4087734375 -0.2287364654541016 0.8908696899414063
-26.4087734375 -0.33858837890625 0.8551766357421875
-26.4087734375 -0.4431005859375 0.8059969482421875
-26.4087734375 -0.5406248168945312 0.744106201171875
-26.4087734375 -0.629623046875 0.67048046875
-26.4087734375 -0.7086917724609375 0.5862808227539062
-26.4087734375 -0.776583984375 0.4928351745605469
-26.4087734375 -0.83222900390625 0.3916172485351563
-26.4087734375 -0.8747493286132813 0.2842232666015625
-26.4087734375 -0.9034742431640626 0.1723469390869141
-26.4087734375 -0.917950927734375 0.0577525749206543
-26.4087734375 -0.917950927734375 -0.0577525749206543
-26.4087734375 -0.9034742431640626 -0.1723469390869141
-26.4087734375 -0.8747493286132813 -0.2842232666015625
-26.4087734375 -0.83222900390625 -0.3916172485351563
-26.4087734375 -0.776583984375 -0.4928351745605469
-26.4087734375 -0.7086917724609375 -0.5862808227539062
-26.4087734375 -0.629623046875 -0.67048046875
-26.4087734375 -0.5406248168945312 -0.744106201171875
-26.4087734375 -0.4431005859375 -0.8059969482421875
-26.4087734375 -0.33858837890625 -0.8551766357421875
-26.4087734375 -0.2287364654541016 -0.8908696899414063
-26.4087734375 -0.115277229309082 -0.9125132446289063
-25.8126640625 0.1602967987060547 -1.2688798828125
-25.8126640625 0.3180656433105469 -1.238783813476563
-25.8126640625 0.470818359375 -1.189151489257813
-25.8126640625 0.6161460571289062 -1.120765502929687
-25.8126640625 0.7517567138671876 -1.034704345703125
-25.8126640625 0.87551171875 -0.9323252563476563
-25.8126640625 0.9854593505859375 -0.815242919921875
-25.8126640625 1.07986572265625 -0.6853036499023437
-25.8126640625 1.157242065429688 -0.5445567626953125
-25.8126640625 1.216367919921875 -0.3952218933105469
-25.8126640625 1.256310913085938 -0.2396541137695312
-25.8126640625 1.276441162109375 -0.08030686950683594
-25.8126640625 1.276441162109375 0.08030686950683594
-25.8126640625 1.256310913085938 0.2396541137695312
-25.8126640625 1.216367919921875 0.3952218933105469
-25.8126640625 1.157242065429688 0.5445567626953125
-25.8126640625 1.07986572265625 0.6853036499023437
-25.8126640625 0.9854593505859375 0.815242919921875
-25.8126640625 0.87551171875 0.9323252563476563
-25.8126640625 0.7517567138671876 1.034704345703125
-25.8126640625 0.6161460571289062 1.120765502929687
-25.8126640625 0.470818359375 1.189151489257813
-25.8126640625 0.3180656433105469 1.238783813476563
-25.8126640625 0.1602967987060547 1.2688798828125
-25.8126640625 -1.625609477758083e-15 1.27896484375
-25.8126640625 -0.1602967987060547 1.2688798828125
-25.8126640625 -0.3180656433105469 1.238783813476563
-25.8126640625 -0.470818359375 1.189151489257813
-25.8126640625 -0.6161460571289062 1.120765502929687
-25.8126640625 -0.7517567138671876 1.034704345703125
-25.8126640625 -0.87551171875 0.9323252563476563
-25.8126640625 -0.9854593505859375 0.815242919921875
-25.8126640625 -1.07986572265625 0.6853036499023437
-25.8126640625 -1.157242065429688 0.5445567626953125
-25.8126640625 -1.216367919921875 0.3952218933105469
-25.8126640625 -1.256310913085938 0.2396541137695312
-25.8126640625 -1.276441162109375 0.08030686950683594
-25.8126640625 -1.276441162109375 -0.08030686950683594
-25.8126640625 -1.256310913085938 -0.2396541137695312
-25.8126640625 -1.216367919921875 -0.3952218933105469
-25.8126640625 -1.157242065429688 -0.5445567626953125
-25.8126640625 -1.07986572265625 -0.6853036499023437
-25.8126640625 -0.9854593505859375 -0.815242919921875
-25.8126640625 -0.87551171875 -0.9323252563476563
-25.8126640625 -0.7517567138671876 -1.034704345703125
-25.8126640625 -0.6161460571289062 -1.120765502929687
-25.8126640625 -0.470818359375 -1.189151489257813
-25.8126640625 -0.3180656433105469 -1.238783813476563
-25.8126640625 -0.1602967987060547 -1.2688798828125
-25.195302734375 0.2005670776367187 -1.58765185546875
-25.195302734375 0.3979710998535156 -1.549994995117188
-25.195302734375 0.589098876953125 -1.487893920898438
-25.195302734375 0.7709361572265625 -1.402327758789063
-25.195302734375 0.9406154174804687 -1.29464599609375
-25.195302734375 1.095460571289063 -1.166546997070313
-25.195302734375 1.233029663085937 -1.02005078125
-25.195302734375 1.351153076171875 -0.8574678344726563
-25.195302734375 1.447968017578125 -0.681362060546875
-25.195302734375 1.521947631835938 -0.4945107727050781
-25.195302734375 1.57192529296875 -0.2998607788085937
-25.195302734375 1.597112670898438 -0.1004818115234375
-25.195302734375 1.597112670898438 0.1004818115234375
-25.195302734375 1.57192529296875 0.2998607788085937
-25.195302734375 1.521947631835938 0.4945107727050781
-25.195302734375 1.447968017578125 0.681362060546875
-25.195302734375 1.351153076171875 0.8574678344726563
-25.195302734375 1.233029663085937 1.02005078125
-25.195302734375 1.095460571289063 1.166546997070313
-25.195302734375 0.9406154174804687 1.29464599609375
-25.195302734375 0.7709361572265625 1.402327758789063
-25.195302734375 0.589098876953125 1.487893920898438
-25.195302734375 0.3979710998535156 1.549994995117188
-25.195302734375 0.2005670776367187 1.58765185546875
-25.195302734375 -2.034000355297105e-15 1.6002705078125
-25.195302734375 -0.2005670776367187 1.58765185546875
-25.195302734375 -0.3979710998535156 1.549994995117188
-25.195302734375 -0.589098876953125 1.487893920898438
-25.195302734375 -0.7709361572265625 1.402327758789063
-25.195302734375 -0.9406154174804687 1.29464599609375
-25.195302734375 -1.095460571289063 1.166546997070313
-25.195302734375 -1.233029663085937 1.02005078125
-25.195302734375 -1.351153076171875 0.8574678344726563
-25.195302734375 -1.447968017578125 0.681362060546875
-25.195302734375 -1.521947631835938 0.4945107727050781
-25.195302734375 -1.57192529296875 0.2998607788085937
-25.195302734375 -1.597112670898438 0.1004818115234375
-25.195302734375 -1.597112670898438 -0.1004818115234375
-25.195302734375 -1.57192529296875 -0.2998607788085937
-25.195302734375 -1.521947631835938 -0.4945107727050781
-25.195302734375 -1.447968017578125 -0.681362060546875
-25.195302734375 -1.351153076171875 -0.8574678344726563
-25.195302734375 -1.233029663085937 -1.02005078125
-25.195302734375 -1.095460571289063 -1.166546997070313
-25.195302734375 -0.9406154174804687 -1.29464599609375
-25.195302734375 -0.7709361572265625 -1.402327758789063
-25.195302734375 -0.589098876953125 -1.487893920898438
-25.195302734375 -0.3979710998535156 -1.549994995117188
-25.195302734375 -0.2005670776367187 -1.58765185546875
-24.559099609375 0.2359311218261719 -1.867587158203125
-24.559099609375 0.4681414489746094 -1.823290649414063
-24.559099609375 0.6929689331054688 -1.75023974609375
-24.559099609375 0.9068678588867187 -1.649586547851563
-24.559099609375 1.106464965820313 -1.522918334960937
-24.559099609375 1.288612426757813 -1.37223291015625
-24.559099609375 1.450437744140625 -1.199906494140625
-24.559099609375 1.589388793945313 -1.008656799316406
-24.559099609375 1.703274169921875 -0.8015
-24.559099609375 1.790297973632813 -0.5817030639648437
-24.559099609375 1.849087646484375 -0.3527323303222656
-24.559099609375 1.878716064453125 -0.1181987991333008
-24.559099609375 1.878716064453125 0.1181987991333008
-24.559099609375 1.849087646484375 0.3527323303222656
-24.559099609375 1.790297973632813 0.5817030639648437
-24.559099609375 1.703274169921875 0.8015
-24.559099609375 1.589388793945313 1.008656799316406
-24.559099609375 1.450437744140625 1.199906494140625
-24.559099609375 1.288612426757813 1.37223291015625
-24.559099609375 1.106464965820313 1.522918334960937
-24.559099609375 0.9068678588867187 1.649586547851563
-24.559099609375 0.6929689331054688 1.75023974609375
-24.559099609375 0.4681414489746094 1.823290649414063
-24.559099609375 0.2359311218261719 1.867587158203125
-24.559099609375 -2.392635785677944e-15 1.8824306640625
-24.559099609375 -0.2359311218261719 1.867587158203125
-24.559099609375 -0.4681414489746094 1.823290649414063
-24.559099609375 -0.6929689331054688 1.75023974609375
-24.559099609375 -0.9068678588867187 1.649586547851563
-24.559099609375 -1.106464965820313 1.522918334960937
-24.559099609375 -1.288612426757813 1.37223291015625
-24.559099609375 -1.450437744140625 1.199906494140625
-24.559099609375 -1.589388793945313 1.008656799316406
-24.559099609375 -1.703274169921875 0.8015
-24.559099609375 -1.790297973632813 0.5817030639648437
-24.559099609375 -1.849087646484375 0.3527323303222656
-24.559099609375 -1.878716064453125 0.1181987991333008
-24.559099609375 -1.878716064453125 -0.1181987991333008
-24.559099609375 -1.849087646484375 -0.3527323303222656
-24.559099609375 -1.790297973632813 -0.5817030639648437
-24.559099609375 -1.703274169921875 -0.8015
-24.559099609375 -1.589388793945313 -1.008656799316406
-24.559099609375 -1.450437744140625 -1.199906494140625
-24.559099609375 -1.288612426757813 -1.37223291015625
-24.559099609375 -1.106464965820313 -1.522918334960937
-24.559099609375 -0.9068678588867187 -1.649586547851563
-24.559099609375 -0.6929689331054688 -1.75023974609375
-24.559099609375 -0.4681414489746094 -1.823290649414063
-24.559099609375 -0.2359311218261719 -1.867587158203125
-23.906529296875 0.2662511291503906 -2.1075947265625
-23.906529296875 0.5283033447265625 -2.05760546875
-23.906529296875 0.7820238647460938 -1.975166748046875
-23.906529296875 1.023411376953125 -1.861578369140625
-23.906529296875 1.2486591796875 -1.7186318359375
-23.906529296875 1.454214721679687 -1.548581420898437
-23.906529296875 1.636836547851563 -1.354109008789063
-23.906529296875 1.79364453125 -1.138281372070312
-23.906529296875 1.92216552734375 -0.90450244140625
-23.906529296875 2.020372924804688 -0.6564589233398438
-23.906529296875 2.0867177734375 -0.3980627136230469
-23.906529296875 2.12015380859375 -0.1333887786865234
-23.906529296875 2.12015380859375 0.1333887786865234
-23.906529296875 2.0867177734375 0.3980627136230469
-23.906529296875 2.020372924804688 0.6564589233398438
-23.906529296875 1.92216552734375 0.90450244140625
-23.906529296875 1.79364453125 1.138281372070312
-23.906529296875 1.636836547851563 1.354109008789063
-23.906529296875 1.454214721679687 1.548581420898437
-23.906529296875 1.2486591796875 1.7186318359375
-23.906529296875 1.023411376953125 1.861578369140625
-23.906529296875 0.7820238647460938 1.975166748046875
-23.906529296875 0.5283033447265625 2.05760546875
-23.906529296875 0.2662511291503906 2.1075947265625
-23.906529296875 -2.700118557560915e-15 2.124345703125
-23.906529296875 -0.2662511291503906 2.1075947265625
-23.906529296875 -0.5283033447265625 2.05760546875
-23.906529296875 -0.7820238647460938 1.975166748046875
-23.906529296875 -1.023411376953125 1.861578369140625
-23.906529296875 -1.2486591796875 1.7186318359375
-23.906529296875 -1.454214721679687 1.548581420898437
-23.906529296875 -1.636836547851563 1.354109008789063
-23.906529296875 -1.79364453125 1.138281372070312
-23.906529296875 -1.92216552734375 0.90450244140625
-23.906529296875 -2.020372924804688 0.6564589233398438
-23.906529296875 -2.0867177734375 0.3980627136230469
-23.906529296875 -2.12015380859375 0.1333887786865234
-23.906529296875 -2.12015380859375 -0.1333887786865234
-23.906529296875 -2.0867177734375 -0.3980627136230469
-23.906529296875 -2.020372924804688 -0.6564589233398438
-23.906529296875 -1.92216552734375 -0.90450244140625
-23.906529296875 -1.79364453125 -1.138281372070312
-23.906529296875 -1.636836547851563 -1.354109008789063
-23.906529296875 -1.454214721679687 -1.548581420898437
-23.906529296875 -1.2486591796875 -1.7186318359375
-23.906529296875 -1.023411376953125 -1.861578369140625
-23.906529296875 -0.7820238647460938 -1.975166748046875
-23.906529296875 -0.5283033447265625 -2.05760546875
-23.906529296875 -0.2662511291503906 -2.1075947265625
-23.24013671875 0.2914089660644532 -2.3067392578125
-23.24013671875 0.5782222290039063 -2.25202685546875
-23.24013671875 0.8559165649414062 -2.16179833984375
-23.24013671875 1.120112548828125 -2.037477294921875
-23.24013671875 1.366643798828125 -1.881023803710937
-23.24013671875 1.591622192382812 -1.694905517578125
-23.24013671875 1.791499755859375 -1.482057495117187
-23.24013671875 1.963124267578125 -1.245836547851563
-23.24013671875 2.103789306640625 -0.9899680786132813
-23.24013671875 2.211276123046875 -0.7184871826171875
-23.24013671875 2.283889892578125 -0.43567529296875
-23.24013671875 2.3204853515625 -0.1459925537109375
-23.24013671875 2.3204853515625 0.1459925537109375
-23.24013671875 2.283889892578125 0.43567529296875
-23.24013671875 2.211276123046875 0.7184871826171875
-23.24013671875 2.103789306640625 0.9899680786132813
-23.24013671875 1.963124267578125 1.245836547851563
-23.24013671875 1.791499755859375 1.482057495117187
-23.24013671875 1.591622192382812 1.694905517578125
-23.24013671875 1.366643798828125 1.881023803710937
-23.24013671875 1.120112548828125 2.037477294921875
-23.24013671875 0.8559165649414062 2.16179833984375
-23.24013671875 0.5782222290039063 2.25202685546875
-23.24013671875 0.2914089660644532 2.3067392578125
-23.24013671875 -2.955250193864556e-15 2.3250732421875
-23.24013671875 -0.2914089660644532 2.3067392578125
-23.24013671875 -0.5782222290039063 2.25202685546875
-23.24013671875 -0.8559165649414062 2.16179833984375
-23.24013671875 -1.120112548828125 2.037477294921875
-23.24013671875 -1.366643798828125 1.881023803710937
-23.24013671875 -1.591622192382812 1.694905517578125
-23.24013671875 -1.791499755859375 1.482057495117187
-23.24013671875 -1.963124267578125 1.245836547851563
-23.24013671875 -2.103789306640625 0.9899680786132813
-23.24013671875 -2.211276123046875 0.7184871826171875
-23.24013671875 -2.283889892578125 0.43567529296875
-23.24013671875 -2.3204853515625 0.1459925537109375
-23.24013671875 -2.3204853515625 -0.1459925537109375
-23.24013671875 -2.283889892578125 -0.43567529296875
-23.24013671875 -2.211276123046875 -0.7184871826171875
-23.24013671875 -2.103789306640625 -0.9899680786132813
-23.24013671875 -1.963124267578125 -1.245836547851563
-23.24013671875 -1.791499755859375 -1.482057495117187
-23.24013671875 -1.591622192382812 -1.694905517578125
-23.24013671875 -1.366643798828125 -1.881023803710937
-23.24013671875 -1.120112548828125 -2.037477294921875
-23.24013671875 -0.8559165649414062 -2.16179833984375
-23.24013671875 -0.5782222290039063 -2.25202685546875
-23.24013671875 -0.2914089660644532 -2.3067392578125
-22.562517578125 0.3113065490722656 -2.4642451171875
-22.562517578125 0.61770361328125 -2.405796875
-22.562517578125 0.914359130859375 -2.309407470703125
-22.562517578125 1.196594604492188 -2.17659765625
-22.562517578125 1.459959228515625 -2.00946142578125
-22.562517578125 1.700299194335938 -1.810634765625
-22.562517578125 1.913824584960937 -1.58325341796875
-22.562517578125 2.097167724609375 -1.330903198242188
-22.562517578125 2.2474375 -1.057563720703125
-22.562517578125 2.362263671875 -0.7675459594726562
-22.562517578125 2.43983544921875 -0.4654234924316407
-22.562517578125 2.4789296875 -0.1559610290527344
-22.562517578125 2.4789296875 0.1559610290527344
-22.562517578125 2.43983544921875 0.4654234924316407
-22.562517578125 2.362263671875 0.7675459594726562
-22.562517578125 2.2474375 1.057563720703125
-22.562517578125 2.097167724609375 1.330903198242188
-22.562517578125 1.913824584960937 1.58325341796875
-22.562517578125 1.700299194335938 1.810634765625
-22.562517578125 1.459959228515625 2.00946142578125
-22.562517578125 1.196594604492188 2.17659765625
-22.562517578125 0.914359130859375 2.309407470703125
-22.562517578125 0.61770361328125 2.405796875
-22.562517578125 0.3113065490722656 2.4642451171875
-22.562517578125 -3.15703669803713e-15 2.483830810546875
-22.562517578125 -0.3113065490722656 2.4642451171875
-22.562517578125 -0.61770361328125 2.405796875
-22.562517578125 -0.914359130859375 2.309407470703125
-22.562517578125 -1.196594604492188 2.17659765625
-22.562517578125 -1.459959228515625 2.00946142578125
-22.562517578125 -1.700299194335938 1.810634765625
-22.562517578125 -1.913824584960937 1.58325341796875
-22.562517578125 -2.097167724609375 1.330903198242188
-22.562517578125 -2.2474375 1.057563720703125
-22.562517578125 -2.362263671875 0.7675459594726562
-22.562517578125 -2.43983544921875 0.4654234924316407
-22.562517578125 -2.4789296875 0.1559610290527344
-22.562517578125 -2.4789296875 -0.1559610290527344
-22.562517578125 -2.43983544921875 -0.4654234924316407
-22.562517578125 -2.362263671875 -0.7675459594726562
-22.562517578125 -2.2474375 -1.057563720703125
-22.562517578125 -2.097167724609375 -1.330903198242188
-22.562517578125 -1.913824584960937 -1.58325341796875
-22.562517578125 -1.700299194335938 -1.810634765625
-22.562517578125 -1.459959228515625 -2.00946142578125
-22.562517578125 -1.196594604492188 -2.17659765625
-22.562517578125 -0.914359130859375 -2.309407470703125
-22.562517578125 -0.61770361328125 -2.405796875
-22.562517578125 -0.3113065490722656 -2.4642451171875
-18.25575 1.592040843774456e-16 -2.6
-18.25575 0.3324806213378906 -2.578654052734375
-18.25575 0.6595018920898438 -2.514966552734375
-18.25575 0.9756942138671875 -2.409983642578125
-18.25575 1.275865600585937 -2.2654287109375
-18.25575 1.55508740234375 -2.083675537109375
-18.25575 1.808774658203125 -1.867708251953125
-18.25575 2.032761840820313 -1.621073486328125
-18.25575 2.22337109375 -1.347820678710937
-18.25575 2.377472900390625 -1.052436645507812
-18.25575 2.492536376953125 -0.739771728515625
-18.25575 2.566672607421875 -0.414959716796875
-18.25575 2.5986640625 -0.08333409881591797
-18.25575 2.587985595703125 0.2496598663330078
-18.25575 2.5348125 0.578554443359375
-18.25575 2.440017822265625 0.8979491577148437
-18.25575 2.305158203125 1.202599609375
-18.25575 2.13244775390625 1.487503295898438
-18.25575 1.924722778320312 1.747982299804687
-18.25575 1.685393798828125 1.979759521484375
-18.25575 1.418390747070313 2.179029052734375
-18.25575 1.128097778320313 2.34251904296875
-18.25575 0.8192813720703125 2.467544921875
-18.25575 0.4970124206542969 2.5520537109375
-18.25575 0.1665825653076172 2.594657958984375
-18.25575 -0.1665825653076172 2.594657958984375
-18.25575 -0.4970124206542969 2.5520537109375
-18.25575 -0.8192813720703125 2.467544921875
-18.25575 -1.128097778320313 2.34251904296875
-18.25575 -1.418390747070313 2.179029052734375
-18.25575 -1.685393798828125 1.979759521484375
-18.25575 -1.924722778320312 1.747982299804687
-18.25575 -2.13244775390625 1.487503295898438
-18.25575 -2.305158203125 1.202599609375
-18.25575 -2.440017822265625 0.8979491577148437
-18.25575 -2.5348125 0.578554443359375
-18.25575 -2.587985595703125 0.2496598663330078
-18.25575 -2.5986640625 -0.08333409881591797
-18.25575 -2.566672607421875 -0.414959716796875
-18.25575 -2.492536376953125 -0.739771728515625
-18.25575 -2.377472900390625 -1.052436645507812
-18.25575 -2.22337109375 -1.347820678710937
-18.25575 -2.032761840820313 -1.621073486328125
-18.25575 -1.808774658203125 -1.867708251953125
-18.25575 -1.55508740234375 -2.083675537109375
-18.25575 -1.275865600585937 -2.2654287109375
-18.25575 -0.9756942138671875 -2.409983642578125
-18.25575 -0.6595018920898438 -2.514966552734375
-18.25575 -0.3324806213378906 -2.578654052734375
-14.63504296875 1.592040843774456e-16 -2.6
-14.63504296875 0.3324806213378906 -2.578654052734375
-14.63504296875 0.6595018920898438 -2.514966552734375
-14.63504296875 0.9756942138671875 -2.409983642578125
-14.63504296875 1.275865600585937 -2.2654287109375
-14.63504296875 1.55508740234375 -2.083675537109375
-14.63504296875 1.808774658203125 -1.867708251953125
-14.63504296875 2.032761840820313 -1.621073486328125
-14.63504296875 2.22337109375 -1.347820678710937
-14.63504296875 2.377472900390625 -1.052436645507812
-14.63504296875 2.492536376953125 -0.739771728515625
-14.63504296875 2.566672607421875 -0.414959716796875
-14.63504296875 2.5986640625 -0.08333409881591797
-14.63504296875 2.587985595703125 0.2496598663330078
-14.63504296875 2.5348125 0.578554443359375
-14.63504296875 2.440017822265625 0.8979491577148437
-14.63504296875 2.305158203125 1.202599609375
-14.63504296875 2.13244775390625 1.487503295898438
-14.63504296875 1.924722778320312 1.747982299804687
-14.63504296875 1.685393798828125 1.979759521484375
-14.63504296875 1.418390747070313 2.179029052734375
-14.63504296875 1.128097778320313 2.34251904296875
-14.63504296875 0.8192813720703125 2.467544921875
-14.63504296875 0.4970124206542969 2.5520537109375
-14.63504296875 0.1665825653076172 2.594657958984375
-14.63504296875 -0.1665825653076172 2.594657958984375
-14.63504296875 -0.4970124206542969 2.5520537109375
-14.63504296875 -0.8192813720703125 2.467544921875
-14.63504296875 -1.128097778320313 2.34251904296875
-14.63504296875 -1.418390747070313 2.179029052734375
-14.63504296875 -1.685393798828125 1.979759521484375
-14.63504296875 -1.924722778320312 1.747982299804687
-14.63504296875 -2.13244775390625 1.487503295898438
-14.63504296875 -2.305158203125 1.202599609375
-14.63504296875 -2.440017822265625 0.8979491577148437
-14.63504296875 -2.5348125 0.578554443359375
-14.63504296875 -2.587985595703125 0.2496598663330078
-14.63504296875 -2.5986640625 -0.08333409881591797
-14.63504296875 -2.566672607421875 -0.414959716796875
-14.63504296875 -2.492536376953125 -0.739771728515625
-14.63504296875 -2.377472900390625 -1.052436645507812
-14.63504296875 -2.22337109375 -1.347820678710937
-14.63504296875 -2.032761840820313 -1.621073486328125
-14.63504296875 -1.808774658203125 -1.867708251953125
-14.63504296875 -1.55508740234375 -2.083675537109375
-14.63504296875 -1.275865600585937 -2.2654287109375
-14.63504296875 -0.9756942138671875 -2.409983642578125
-14.63504296875 -0.6595018920898438 -2.514966552734375
-14.63504296875 -0.3324806213378906 -2.578654052734375
-13.0441484375 1.13279828226065e-16 -1.85
-13.0441484375 0.1933776550292969 -1.839865478515625
-13.0441484375 0.3846366271972657 -1.809573120117188
-13.0441484375 0.5716814575195313 -1.75945458984375
-13.0441484375 0.7524627685546875 -1.69005908203125
-13.0441484375 0.925 -1.60214697265625
-13.0441484375 1.087402709960938 -1.496681396484375
-13.0441484375 1.2378916015625 -1.37481787109375
-13.0441484375 1.37481787109375 -1.2378916015625
-13.0441484375 1.496681396484375 -1.087402709960938
-13.0441484375 1.60214697265625 -0.925
-13.0441484375 1.69005908203125 -0.7524627685546875
-13.0441484375 1.75945458984375 -0.5716814575195313
-13.0441484375 1.809573120117188 -0.3846366271972657
-13.0441484375 1.839865478515625 -0.1933776550292969
-13.0441484375 1.85 -1.553482602972833e-15
-13.0441484375 1.839865478515625 0.1933776550292969
-13.0441484375 1.809573120117188 0.3846366271972657
-13.0441484375 1.75945458984375 0.5716814575195313
-13.0441484375 1.69005908203125 0.7524627685546875
-13.0441484375 1.60214697265625 0.925
-13.0441484375 1.496681396484375 1.087402709960938
-13.0441484375 1.37481787109375 1.2378916015625
-13.0441484375 1.2378916015625 1.37481787109375
-13.0441484375 1.087402709960938 1.496681396484375
-13.0441484375 0.925 1.60214697265625
-13.0441484375 0.7524627685546875 1.69005908203125
-13.0441484375 0.5716814575195313 1.75945458984375
-13.0441484375 0.3846366271972657 1.809573120117188
-13.0441484375 0.1933776550292969 1.839865478515625
-13.0441484375 -1.529850248219167e-15 1.85
-13.0441484375 -0.1933776550292969 1.839865478515625
-13.0441484375 -0.3846366271972657 1.809573120117188
-13.0441484375 -0.5716814575195313 1.75945458984375
-13.0441484375 -0.7524627685546875 1.69005908203125
-13.0441484375 -0.925 1.60214697265625
-13.0441484375 -1.087402709960938 1.496681396484375
-13.0441484375 -1.2378916015625 1.37481787109375
-13.0441484375 -1.37481787109375 1.2378916015625
-13.0441484375 -1.496681396484375 1.087402709960938
-13.0441484375 -1.60214697265625 0.925
-13.0441484375 -1.69005908203125 0.7524627685546875
-13.0441484375 -1.75945458984375 0.5716814575195313
-13.0441484375 -1.809573120117188 0.3846366271972657
-13.0441484375 -1.839865478515625 0.1933776550292969
-13.0441484375 -1.85 -9.161404274093954e-16
-13.0441484375 -1.839865478515625 -0.1933776550292969
-13.0441484375 -1.809573120117188 -0.3846366271972657
-13.0441484375 -1.75945458984375 -0.5716814575195313
-13.0441484375 -1.69005908203125 -0.7524627685546875
-13.0441484375 -1.60214697265625 -0.925
-13.0441484375 -1.496681396484375 -1.087402709960938
-13.0441484375 -1.37481787109375 -1.2378916015625
-13.0441484375 -1.2378916015625 -1.37481787109375
-13.0441484375 -1.087402709960938 -1.496681396484375
-13.0441484375 -0.925 -1.60214697265625
-13.0441484375 -0.7524627685546875 -1.69005908203125
-13.0441484375 -0.5716814575195313 -1.75945458984375
-13.0441484375 -0.3846366271972657 -1.809573120117188
-13.0441484375 -0.1933776550292969 -1.839865478515625
-13.9511015625 1.426430181654739e-16 -2.329537109375
-14.0997431640625 -1.496923516131759e-16 -2.44466162109375
-14.2673046875 -1.549134898051058e-16 -2.529929443359375
-14.4478662109375 -1.58121874426452e-16 -2.582326171875
-13.9511015625 -0.2978945922851562 -2.31041162109375
-13.9511015625 -0.5908977661132813 -2.253349365234375
-13.9511015625 -0.8741984252929688 -2.159287109375
-13.9511015625 -1.143144775390625 -2.029769287109375
-13.9511015625 -1.393320678710938 -1.8669228515625
-13.9511015625 -1.620618408203125 -1.673421508789062
-13.9511015625 -1.821305541992188 -1.452442749023438
-13.9511015625 -1.9920869140625 -1.20761474609375
-13.9511015625 -2.130158203125 -0.9429578857421875
-13.9511015625 -2.23325244140625 -0.662817626953125
-13.9511015625 -2.2996767578125 -0.3717938842773438
-13.9511015625 -2.32834033203125 -0.07466534423828125
-13.9511015625 -2.318772705078125 0.223689208984375
-13.9511015625 -2.271130859375 0.5183707885742188
-13.9511015625 -2.186197021484375 0.804540771484375
-13.9511015625 -2.065365966796875 1.077500122070312
-13.9511015625 -1.910621826171875 1.33276708984375
-13.9511015625 -1.724505126953125 1.56614990234375
-13.9511015625 -1.510072143554688 1.773816650390625
-13.9511015625 -1.270843872070313 1.952357421875
-13.9511015625 -1.010748291015625 2.098840576171875
-13.9511015625 -0.7340563354492188 2.210860595703125
-13.9511015625 -0.4453111267089844 2.28657861328125
-13.9511015625 -0.1492539672851562 2.3247509765625
-13.9511015625 0.1492539672851562 2.3247509765625
-13.9511015625 0.4453111267089844 2.28657861328125
-13.9511015625 0.7340563354492188 2.210860595703125
-13.9511015625 1.010748291015625 2.098840576171875
-13.9511015625 1.270843872070313 1.952357421875
-13.9511015625 1.510072143554688 1.773816650390625
-13.9511015625 1.724505126953125 1.56614990234375
-13.9511015625 1.910621826171875 1.33276708984375
-13.9511015625 2.065365966796875 1.077500122070312
-13.9511015625 2.186197021484375 0.804540771484375
-13.9511015625 2.271130859375 0.5183707885742188
-13.9511015625 2.318772705078125 0.223689208984375
-13.9511015625 2.32834033203125 -0.07466534423828125
-13.9511015625 2.2996767578125 -0.3717938842773438
-13.9511015625 2.23325244140625 -0.662817626953125
-13.9511015625 2.130158203125 -0.9429578857421875
-13.9511015625 1.9920869140625 -1.20761474609375
-13.9511015625 1.821305541992188 -1.452442749023438
-13.9511015625 1.620618408203125 -1.673421508789062
-13.9511015625 1.393320678710938 -1.8669228515625
-13.9511015625 1.143144775390625 -2.029769287109375
-13.9511015625 0.8741984252929688 -2.159287109375
-13.9511015625 0.5908977661132813 -2.253349365234375
-13.9511015625 0.2978945922851562 -2.31041162109375
-14.4478662109375 0.3302205505371094 -2.561125244140625
-14.4478662109375 0.6550188598632812 -2.497870849609375
-14.4478662109375 0.9690618286132813 -2.393601318359375
-14.4478662109375 1.267192749023438 -2.250029052734375
-14.4478662109375 1.544516479492188 -2.069511474609375
-14.4478662109375 1.796479248046875 -1.855012329101563
-14.4478662109375 2.01894384765625 -1.610054077148438
-14.4478662109375 2.208257568359375 -1.33865869140625
-14.4478662109375 2.3613115234375 -1.045282592773437
-14.4478662109375 2.475593017578125 -0.7347430419921875
-14.4478662109375 2.549225341796875 -0.4121389770507813
-14.4478662109375 2.58099951171875 -0.08276762390136719
-14.4478662109375 2.5703935546875 0.2479627685546875
-14.4478662109375 2.517581787109375 0.5746216430664063
-14.4478662109375 2.423431640625 0.89184521484375
-14.4478662109375 2.289488525390625 1.194424682617188
-14.4478662109375 2.1179521484375 1.477391845703125
-14.4478662109375 1.911639282226562 1.736100219726562
-14.4478662109375 1.673937133789063 1.9663017578125
-14.4478662109375 1.4087490234375 2.164216796875
-14.4478662109375 1.120429321289063 2.326595458984375
-14.4478662109375 0.8137122192382813 2.450771484375
-14.4478662109375 0.4936339416503907 2.534705810546875
-14.4478662109375 0.1654502105712891 2.5770205078125
-14.4478662109375 -0.1654502105712891 2.5770205078125
-14.4478662109375 -0.4936339416503907 2.534705810546875
-14.4478662109375 -0.8137122192382813 2.450771484375
-14.4478662109375 -1.120429321289063 2.326595458984375
-14.4478662109375 -1.4087490234375 2.164216796875
-14.4478662109375 -1.673937133789063 1.9663017578125
-14.4478662109375 -1.911639282226562 1.736100219726562
-14.4478662109375 -2.1179521484375 1.477391845703125
-14.4478662109375 -2.289488525390625 1.194424682617188
-14.4478662109375 -2.423431640625 0.89184521484375
-14.4478662109375 -2.517581787109375 0.5746216430664063
-14.4478662109375 -2.5703935546875 0.2479627685546875
-14.4478662109375 -2.58099951171875 -0.08276762390136719
-14.4478662109375 -2.549225341796875 -0.4121389770507813
-14.4478662109375 -2.475593017578125 -0.7347430419921875
-14.4478662109375 -2.3613115234375 -1.045282592773437
-14.4478662109375 -2.208257568359375 -1.33865869140625
-14.4478662109375 -2.01894384765625 -1.610054077148438
-14.4478662109375 -1.796479248046875 -1.855012329101563
-14.4478662109375 -1.544516479492188 -2.069511474609375
-14.4478662109375 -1.267192749023438 -2.250029052734375
-14.4478662109375 -0.9690618286132813 -2.393601318359375
-14.4478662109375 -0.6550188598632812 -2.497870849609375
-14.4478662109375 -0.3302205505371094 -2.561125244140625
-14.2673046875 0.3235201721191406 -2.50915869140625
-14.2673046875 0.6417281494140625 -2.447187744140625
-14.2673046875 0.9493989868164062 -2.345033935546875
-14.2673046875 1.241480712890625 -2.204374755859375
-14.2673046875 1.513177368164063 -2.027519897460937
-14.2673046875 1.760027709960938 -1.817373046875
-14.2673046875 1.977978393554688 -1.577385131835938
-14.2673046875 2.16345068359375 -1.31149658203125
-14.2673046875 2.3133994140625 -1.0240732421875
-14.2673046875 2.425362060546875 -0.7198347167968751
-14.2673046875 2.497500244140625 -0.4037764587402344
-14.2673046875 2.52862939453125 -0.08108822631835938
-14.2673046875 2.51823876953125 0.2429314727783203
-14.2673046875 2.466498779296875 0.5629622192382813
-14.2673046875 2.3742587890625 0.8737492065429687
-14.2673046875 2.24303369140625 1.170189208984375
-14.2673046875 2.074977783203125 1.447414672851562
-14.2673046875 1.87285107421875 1.700873779296875
-14.2673046875 1.639972045898437 1.926404541015625
-14.2673046875 1.380164794921875 2.1203037109375
-14.2673046875 1.097695190429687 2.2793876953125
-14.2673046875 0.7972015380859375 2.4010439453125
-14.2673046875 0.4836178283691406 2.483275390625
-14.2673046875 0.1620931243896484 2.5247314453125
-14.2673046875 -0.1620931243896484 2.5247314453125
-14.2673046875 -0.4836178283691406 2.483275390625
-14.2673046875 -0.7972015380859375 2.4010439453125
-14.2673046875 -1.097695190429687 2.2793876953125
-14.2673046875 -1.380164794921875 2.1203037109375
-14.2673046875 -1.639972045898437 1.926404541015625
-14.2673046875 -1.87285107421875 1.700873779296875
-14.2673046875 -2.074977783203125 1.447414672851562
-14.2673046875 -2.24303369140625 1.170189208984375
-14.2673046875 -2.3742587890625 0.8737492065429687
-14.2673046875 -2.466498779296875 0.5629622192382813
-14.2673046875 -2.51823876953125 0.2429314727783203
-14.2673046875 -2.52862939453125 -0.08108822631835938
-14.2673046875 -2.497500244140625 -0.4037764587402344
-14.2673046875 -2.425362060546875 -0.7198347167968751
-14.2673046875 -2.3133994140625 -1.0240732421875
-14.2673046875 -2.16345068359375 -1.31149658203125
-14.2673046875 -1.977978393554688 -1.577385131835938
-14.2673046875 -1.760027709960938 -1.817373046875
-14.2673046875 -1.513177368164063 -2.027519897460937
-14.2673046875 -1.241480712890625 -2.204374755859375
-14.2673046875 -0.9493989868164062 -2.345033935546875
-14.2673046875 -0.6417281494140625 -2.447187744140625
-14.2673046875 -0.3235201721191406 -2.50915869140625
-14.0997431640625 0.3126163940429688 -2.424591064453125
-14.0997431640625 0.6200996704101562 -2.364708740234375
-14.0997431640625 0.91740087890625 -2.265997802734375
-14.0997431640625 1.199638427734375 -2.130079345703125
-14.0997431640625 1.462177856445313 -1.959185180664063
-14.0997431640625 1.70070849609375 -1.75612109375
-14.0997431640625 1.9113134765625 -1.5242216796875
-14.0997431640625 2.09053466796875 -1.26729443359375
-14.0997431640625 2.235429443359375 -0.9895583496093751
-14.0997431640625 2.34361865234375 -0.6955736694335938
-14.0997431640625 2.413325439453125 -0.3901677551269531
-14.0997431640625 2.44340576171875 -0.07835526275634766
-14.0997431640625 2.433365234375 0.2347438201904297
-14.0997431640625 2.383368896484375 0.5439884033203125
-14.0997431640625 2.29423779296875 0.8443007202148438
-14.0997431640625 2.167435302734375 1.130749633789063
-14.0997431640625 2.005043701171875 1.398631713867188
-14.0997431640625 1.809729248046875 1.643548217773438
-14.0997431640625 1.584699096679687 1.861477783203125
-14.0997431640625 1.333648315429687 2.048841796875
-14.0997431640625 1.060698974609375 2.20256396484375
-14.0997431640625 0.7703330078125 2.3201201171875
-14.0997431640625 0.4673181762695313 2.399580078125
-14.0997431640625 0.1566300201416016 2.439638916015625
-14.0997431640625 -0.1566300201416016 2.439638916015625
-14.0997431640625 -0.4673181762695313 2.399580078125
-14.0997431640625 -0.7703330078125 2.3201201171875
-14.0997431640625 -1.060698974609375 2.20256396484375
-14.0997431640625 -1.333648315429687 2.048841796875
-14.0997431640625 -1.584699096679687 1.861477783203125
-14.0997431640625 -1.809729248046875 1.643548217773438
-14.0997431640625 -2.005043701171875 1.398631713867188
-14.0997431640625 -2.167435302734375 1.130749633789063
-14.0997431640625 -2.29423779296875 0.8443007202148438
-14.0997431640625 -2.383368896484375 0.5439884033203125
-14.0997431640625 -2.433365234375 0.2347438201904297
-14.0997431640625 -2.44340576171875 -0.07835526275634766
-14.0997431640625 -2.413325439453125 -0.3901677551269531
-14.0997431640625 -2.34361865234375 -0.6955736694335938
-14.0997431640625 -2.235429443359375 -0.9895583496093751
-14.0997431640625 -2.09053466796875 -1.26729443359375
-14.0997431640625 -1.9113134765625 -1.5242216796875
-14.0997431640625 -1.70070849609375 -1.75612109375
-14.0997431640625 -1.462177856445313 -1.959185180664063
-14.0997431640625 -1.199638427734375 -2.130079345703125
-14.0997431640625 -0.91740087890625 -2.265997802734375
-14.0997431640625 -0.6200996704101562 -2.364708740234375
-14.0997431640625 -0.3126163940429688 -2.424591064453125
-13.7280888671875 1.298408944380367e-16 -2.120462890625
-13.83959765625 -1.362420782744997e-16 -2.225002197265625
-13.7280888671875 -0.2216487121582031 -2.1088466796875
-13.7280888671875 -0.4408690185546875 -2.07412548828125
-13.7280888671875 -0.6552590332031251 -2.016679931640625
-13.7280888671875 -0.8624699096679688 -1.93713916015625
-13.7280888671875 -1.0602314453125 -1.836374633789063
-13.7280888671875 -1.246376708984375 -1.715490478515625
-13.7280888671875 -1.418866577148437 -1.575810913085937
-13.7280888671875 -1.575810913085937 -1.418866577148437
-13.7280888671875 -1.715490478515625 -1.246376708984375
-13.7280888671875 -1.836374633789063 -1.0602314453125
-13.7280888671875 -1.93713916015625 -0.8624699096679688
-13.7280888671875 -2.016679931640625 -0.6552590332031251
-13.7280888671875 -2.07412548828125 -0.4408690185546875
-13.7280888671875 -2.1088466796875 -0.2216487121582031
-13.7280888671875 -2.120462890625 -1.037808467635459e-14
-13.7280888671875 -2.1088466796875 0.2216487121582031
-13.7280888671875 -2.07412548828125 0.4408690185546875
-13.7280888671875 -2.016679931640625 0.6552590332031251
-13.7280888671875 -1.93713916015625 0.8624699096679688
-13.7280888671875 -1.836374633789063 1.0602314453125
-13.7280888671875 -1.715490478515625 1.246376708984375
-13.7280888671875 -1.575810913085937 1.418866577148437
-13.7280888671875 -1.418866577148437 1.575810913085937
-13.7280888671875 -1.246376708984375 1.715490478515625
-13.7280888671875 -1.0602314453125 1.836374633789063
-13.7280888671875 -0.8624699096679688 1.93713916015625
-13.7280888671875 -0.6552590332031251 2.016679931640625
-13.7280888671875 -0.4408690185546875 2.07412548828125
-13.7280888671875 -0.2216487121582031 2.1088466796875
-13.7280888671875 1.0715155976046e-15 2.120462890625
-13.7280888671875 0.2216487121582031 2.1088466796875
-13.7280888671875 0.4408690185546875 2.07412548828125
-13.7280888671875 0.6552590332031251 2.016679931640625
-13.7280888671875 0.8624699096679688 1.93713916015625
-13.7280888671875 1.0602314453125 1.836374633789063
-13.7280888671875 1.246376708984375 1.715490478515625
-13.7280888671875 1.418866577148437 1.575810913085937
-13.7280888671875 1.575810913085937 1.418866577148437
-13.7280888671875 1.715490478515625 1.246376708984375
-13.7280888671875 1.836374633789063 1.0602314453125
-13.7280888671875 1.93713916015625 0.8624699096679688
-13.7280888671875 2.016679931640625 0.6552590332031251
-13.7280888671875 2.07412548828125 0.4408690185546875
-13.7280888671875 2.1088466796875 0.2216487121582031
-13.7280888671875 2.120462890625 -1.691856941002379e-15
-13.7280888671875 2.1088466796875 -0.2216487121582031
-13.7280888671875 2.07412548828125 -0.4408690185546875
-13.7280888671875 2.016679931640625 -0.6552590332031251
-13.7280888671875 1.93713916015625 -0.8624699096679688
-13.7280888671875 1.836374633789063 -1.0602314453125
-13.7280888671875 1.715490478515625 -1.246376708984375
-13.7280888671875 1.575810913085937 -1.418866577148437
-13.7280888671875 1.418866577148437 -1.575810913085937
-13.7280888671875 1.246376708984375 -1.715490478515625
-13.7280888671875 1.0602314453125 -1.836374633789063
-13.7280888671875 0.8624699096679688 -1.93713916015625
-13.7280888671875 0.6552590332031251 -2.016679931640625
-13.7280888671875 0.4408690185546875 -2.07412548828125
-13.7280888671875 0.2216487121582031 -2.1088466796875
-27.126994140625 -2.696640010086977e-17 -0.4403947448730469
-27.241462890625 -1.943635851494197e-17 -0.3174197998046875
-27.314501953125 -1.017200426401679e-17 -0.1661214294433594
-27.339595703125 3.15219409558538e-31 -5.14792332026448e-15
-27.314501953125 0.04481902694702149 -0.1599611968994141
-27.314501953125 0.08631403350830079 -0.1419373779296875
-27.314501953125 0.1214075164794922 -0.1133867111206055
-27.314501953125 0.1474967651367187 -0.07642666625976563
-27.314501953125 0.1626468505859375 -0.03379840469360352
-27.314501953125 0.1657341613769531 0.01133652782440186
-27.314501953125 0.1565297393798828 0.05563068008422851
-27.314501953125 0.1357162170410156 0.09579896545410156
-27.314501953125 0.1048372344970703 0.1288622741699219
-27.314501953125 0.06618296051025391 0.1523684539794922
-27.314501953125 0.02262019920349121 0.1645741729736328
-27.314501953125 -0.02262019920349121 0.1645741729736328
-27.314501953125 -0.06618296051025391 0.1523684539794922
-27.314501953125 -0.1048372344970703 0.1288622741699219
-27.314501953125 -0.1357162170410156 0.09579896545410156
-27.314501953125 -0.1565297393798828 0.05563068008422851
-27.314501953125 -0.1657341613769531 0.01133652782440186
-27.314501953125 -0.1626468505859375 -0.03379840469360352
-27.314501953125 -0.1474967651367187 -0.07642666625976563
-27.314501953125 -0.1214075164794922 -0.1133867111206055
-27.314501953125 -0.08631403350830079 -0.1419373779296875
-27.314501953125 -0.04481902694702149 -0.1599611968994141
-27.241462890625 0.08563883972167968 -0.3056490173339844
-27.241462890625 0.1649262390136719 -0.2712096557617187
-27.241462890625 0.2319818115234375 -0.2166558837890625
-27.241462890625 0.2818323669433594 -0.1460337524414063
-27.241462890625 0.3107807006835938 -0.06458097076416015
-27.241462890625 0.3166798400878906 0.0216614933013916
-27.241462890625 0.29909228515625 0.1062974243164062
-27.241462890625 0.2593224182128906 0.1830497589111328
-27.241462890625 0.20031982421875 0.2462261352539062
-27.241462890625 0.1264603958129883 0.2911410522460938
-27.241462890625 0.04322199249267578 0.3144633483886719
-27.241462890625 -0.04322199249267578 0.3144633483886719
-27.241462890625 -0.1264603958129883 0.2911410522460938
-27.241462890625 -0.20031982421875 0.2462261352539062
-27.241462890625 -0.2593224182128906 0.1830497589111328
-27.241462890625 -0.29909228515625 0.1062974243164062
-27.241462890625 -0.3166798400878906 0.0216614933013916
-27.241462890625 -0.3107807006835938 -0.06458097076416015
-27.241462890625 -0.2818323669433594 -0.1460337524414063
-27.241462890625 -0.2319818115234375 -0.2166558837890625
-27.241462890625 -0.1649262390136719 -0.2712096557617187
-27.241462890625 -0.08563883972167968 -0.3056490173339844
-27.126994140625 0.1188170776367188 -0.424063720703125
-27.126994140625 0.2288220367431641 -0.3762817993164063
-27.126994140625 0.3218563232421875 -0.3005928039550781
-27.126994140625 0.3910199890136719 -0.2026102294921875
-27.126994140625 0.4311834716796875 -0.08960095977783203
-27.126994140625 0.4393680725097656 0.0300536003112793
-27.126994140625 0.4149667663574219 0.1474792175292969
-27.126994140625 0.3597892456054688 0.2539669799804687
-27.126994140625 0.2779278259277344 0.3416191711425781
-27.126994140625 0.1754537506103516 0.4039350280761719
-27.126994140625 0.05996707534790039 0.4362928771972656
-27.126994140625 -0.05996707534790039 0.4362928771972656
-27.126994140625 -0.1754537506103516 0.4039350280761719
-27.126994140625 -0.2779278259277344 0.3416191711425781
-27.126994140625 -0.3597892456054688 0.2539669799804687
-27.126994140625 -0.4149667663574219 0.1474792175292969
-27.126994140625 -0.4393680725097656 0.0300536003112793
-27.126994140625 -0.4311834716796875 -0.08960095977783203
-27.126994140625 -0.3910199890136719 -0.2026102294921875
-27.126994140625 -0.3218563232421875 -0.3005928039550781
-27.126994140625 -0.2288220367431641 -0.3762817993164063
-27.126994140625 -0.1188170776367188 -0.424063720703125
-13.2313251953125 -1.143620381770585e-16 -1.867673828125
-13.41188671875 -1.175704227984048e-16 -1.920070678710938
-13.5794482421875 -1.227915609903346e-16 -2.005338256835937
-13.5794482421875 0.2096149291992188 -1.994352905273437
-13.5794482421875 0.4169332885742187 -1.961516845703125
-13.5794482421875 0.61968359375 -1.907190063476563
-13.5794482421875 0.8156445922851563 -1.831967651367188
-13.5794482421875 1.002669128417969 -1.736673950195313
-13.5794482421875 1.178708251953125 -1.622352783203125
-13.5794482421875 1.341833251953125 -1.4902568359375
-13.5794482421875 1.4902568359375 -1.341833251953125
-13.5794482421875 1.622352783203125 -1.178708251953125
-13.5794482421875 1.736673950195313 -1.002669128417969
-13.5794482421875 1.831967651367188 -0.8156445922851563
-13.5794482421875 1.907190063476563 -0.61968359375
-13.5794482421875 1.961516845703125 -0.4169332885742187
-13.5794482421875 1.994352905273437 -0.2096149291992188
-13.5794482421875 2.005338256835937 -1.6492729491141e-15
-13.5794482421875 1.994352905273437 0.2096149291992188
-13.5794482421875 1.961516845703125 0.4169332885742187
-13.5794482421875 1.907190063476563 0.61968359375
-13.5794482421875 1.831967651367188 0.8156445922851563
-13.5794482421875 1.736673950195313 1.002669128417969
-13.5794482421875 1.622352783203125 1.178708251953125
-13.5794482421875 1.4902568359375 1.341833251953125
-13.5794482421875 1.341833251953125 1.4902568359375
-13.5794482421875 1.178708251953125 1.622352783203125
-13.5794482421875 1.002669128417969 1.736673950195313
-13.5794482421875 0.8156445922851563 1.831967651367188
-13.5794482421875 0.61968359375 1.907190063476563
-13.5794482421875 0.4169332885742187 1.961516845703125
-13.5794482421875 0.2096149291992188 1.994352905273437
-13.5794482421875 -1.658306630035467e-15 2.005338256835937
-13.5794482421875 -0.2096149291992188 1.994352905273437
-13.5794482421875 -0.4169332885742187 1.961516845703125
-13.5794482421875 -0.61968359375 1.907190063476563
-13.5794482421875 -0.8156445922851563 1.831967651367188
-13.5794482421875 -1.002669128417969 1.736673950195313
-13.5794482421875 -1.178708251953125 1.622352783203125
-13.5794482421875 -1.341833251953125 1.4902568359375
-13.5794482421875 -1.4902568359375 1.341833251953125
-13.5794482421875 -1.622352783203125 1.178708251953125
-13.5794482421875 -1.736673950195313 1.002669128417969
-13.5794482421875 -1.831967651367188 0.8156445922851563
-13.5794482421875 -1.907190063476563 0.61968359375
-13.5794482421875 -1.961516845703125 0.4169332885742187
-13.5794482421875 -1.994352905273437 0.2096149291992188
-13.5794482421875 -2.005338256835937 -9.584153132582984e-16
-13.5794482421875 -1.994352905273437 -0.2096149291992188
-13.5794482421875 -1.961516845703125 -0.4169332885742187
-13.5794482421875 -1.907190063476563 -0.61968359375
-13.5794482421875 -1.831967651367188 -0.8156445922851563
-13.5794482421875 -1.736673950195313 -1.002669128417969
-13.5794482421875 -1.622352783203125 -1.178708251953125
-13.5794482421875 -1.4902568359375 -1.341833251953125
-13.5794482421875 -1.341833251953125 -1.4902568359375
-13.5794482421875 -1.178708251953125 -1.622352783203125
-13.5794482421875 -1.002669128417969 -1.736673950195313
-13.5794482421875 -0.8156445922851563 -1.831967651367188
-13.5794482421875 -0.61968359375 -1.907190063476563
-13.5794482421875 -0.4169332885742187 -1.961516845703125
-13.5794482421875 -0.2096149291992188 -1.994352905273437
-13.41188671875 0.2007020416259766 -1.90955224609375
-13.41188671875 0.3992051391601563 -1.878112548828125
-13.41188671875 0.5933344726562501 -1.826095703125
-13.41188671875 0.7809630737304688 -1.75407177734375
-13.41188671875 0.9600353393554688 -1.662829956054688
-13.41188671875 1.128589233398438 -1.553369750976562
-13.41188671875 1.284778076171875 -1.426890625
-13.41188671875 1.426890625 -1.284778076171875
-13.41188671875 1.553369750976562 -1.128589233398438
-13.41188671875 1.662829956054688 -0.9600353393554688
-13.41188671875 1.75407177734375 -0.7809630737304688
-13.41188671875 1.826095703125 -0.5933344726562501
-13.41188671875 1.878112548828125 -0.3992051391601563
-13.41188671875 1.90955224609375 -0.2007020416259766
-13.41188671875 1.920070678710938 -1.611151858628424e-15
-13.41188671875 1.90955224609375 0.2007020416259766
-13.41188671875 1.878112548828125 0.3992051391601563
-13.41188671875 1.826095703125 0.5933344726562501
-13.41188671875 1.75407177734375 0.7809630737304688
-13.41188671875 1.662829956054688 0.9600353393554688
-13.41188671875 1.553369750976562 1.128589233398438
-13.41188671875 1.426890625 1.284778076171875
-13.41188671875 1.284778076171875 1.426890625
-13.41188671875 1.128589233398438 1.553369750976562
-13.41188671875 0.9600353393554688 1.662829956054688
-13.41188671875 0.7809630737304688 1.75407177734375
-13.41188671875 0.5933344726562501 1.826095703125
-13.41188671875 0.3992051391601563 1.878112548828125
-13.41188671875 0.2007020416259766 1.90955224609375
-13.41188671875 -1.587794891226568e-15 1.920070678710938
-13.41188671875 -0.2007020416259766 1.90955224609375
-13.41188671875 -0.3992051391601563 1.878112548828125
-13.41188671875 -0.5933344726562501 1.826095703125
-13.41188671875 -0.7809630737304688 1.75407177734375
-13.41188671875 -0.9600353393554688 1.662829956054688
-13.41188671875 -1.128589233398438 1.553369750976562
-13.41188671875 -1.284778076171875 1.426890625
-13.41188671875 -1.426890625 1.284778076171875
-13.41188671875 -1.553369750976562 1.128589233398438
-13.41188671875 -1.662829956054688 0.9600353393554688
-13.41188671875 -1.75407177734375 0.7809630737304688
-13.41188671875 -1.826095703125 0.5933344726562501
-13.41188671875 -1.878112548828125 0.3992051391601563
-13.41188671875 -1.90955224609375 0.2007020416259766
-13.41188671875 -1.920070678710938 -9.496697048541615e-16
-13.41188671875 -1.90955224609375 -0.2007020416259766
-13.41188671875 -1.878112548828125 -0.3992051391601563
-13.41188671875 -1.826095703125 -0.5933344726562501
-13.41188671875 -1.75407177734375 -0.7809630737304688
-13.41188671875 -1.662829956054688 -0.9600353393554688
-13.41188671875 -1.553369750976562 -1.128589233398438
-13.41188671875 -1.426890625 -1.284778076171875
-13.41188671875 -1.284778076171875 -1.426890625
-13.41188671875 -1.128589233398438 -1.553369750976562
-13.41188671875 -0.9600353393554688 -1.662829956054688
-13.41188671875 -0.7809630737304688 -1.75407177734375
-13.41188671875 -0.5933344726562501 -1.826095703125
-13.41188671875 -0.3992051391601563 -1.878112548828125
-13.41188671875 -0.2007020416259766 -1.90955224609375
-13.2313251953125 0.1952250823974609 -1.857442504882812
-13.2313251953125 0.3883112182617188 -1.826860717773438
-13.2313251953125 0.5771429443359375 -1.776263427734375
-13.2313251953125 0.7596513671875 -1.706204956054687
-13.2313251953125 0.9338369140625 -1.617453002929688
-13.2313251953125 1.097791137695312 -1.510979858398438
-13.2313251953125 1.2497177734375 -1.3879521484375
-13.2313251953125 1.3879521484375 -1.2497177734375
-13.2313251953125 1.510979858398438 -1.097791137695312
-13.2313251953125 1.617453002929688 -0.9338369140625
-13.2313251953125 1.706204956054687 -0.7596513671875
-13.2313251953125 1.776263427734375 -0.5771429443359375
-13.2313251953125 1.826860717773438 -0.3883112182617188
-13.2313251953125 1.857442504882812 -0.1952250823974609
-13.2313251953125 1.867673828125 -1.578841007585097e-15
-13.2313251953125 1.857442504882812 0.1952250823974609
-13.2313251953125 1.826860717773438 0.3883112182617188
-13.2313251953125 1.776263427734375 0.5771429443359375
-13.2313251953125 1.706204956054687 0.7596513671875
-13.2313251953125 1.617453002929688 0.9338369140625
-13.2313251953125 1.510979858398438 1.097791137695312
-13.2313251953125 1.3879521484375 1.2497177734375
-13.2313251953125 1.2497177734375 1.3879521484375
-13.2313251953125 1.097791137695312 1.510979858398438
-13.2313251953125 0.9338369140625 1.617453002929688
-13.2313251953125 0.7596513671875 1.706204956054687
-13.2313251953125 0.5771429443359375 1.776263427734375
-13.2313251953125 0.3883112182617188 1.826860717773438
-13.2313251953125 0.1952250823974609 1.857442504882812
-13.2313251953125 -1.544465510344706e-15 1.867673828125
-13.2313251953125 -0.1952250823974609 1.857442504882812
-13.2313251953125 -0.3883112182617188 1.826860717773438
-13.2313251953125 -0.5771429443359375 1.776263427734375
-13.2313251953125 -0.7596513671875 1.706204956054687
-13.2313251953125 -0.9338369140625 1.617453002929688
-13.2313251953125 -1.097791137695312 1.510979858398438
-13.2313251953125 -1.2497177734375 1.3879521484375
-13.2313251953125 -1.3879521484375 1.2497177734375
-13.2313251953125 -1.510979858398438 1.097791137695312
-13.2313251953125 -1.617453002929688 0.9338369140625
-13.2313251953125 -1.706204956054687 0.7596513671875
-13.2313251953125 -1.776263427734375 0.5771429443359375
-13.2313251953125 -1.826860717773438 0.3883112182617188
-13.2313251953125 -1.857442504882812 0.1952250823974609
-13.2313251953125 -1.867673828125 -9.354100610411975e-16
-13.2313251953125 -1.857442504882812 -0.1952250823974609
-13.2313251953125 -1.826860717773438 -0.3883112182617188
-13.2313251953125 -1.776263427734375 -0.5771429443359375
-13.2313251953125 -1.706204956054687 -0.7596513671875
-13.2313251953125 -1.617453002929688 -0.9338369140625
-13.2313251953125 -1.510979858398438 -1.097791137695312
-13.2313251953125 -1.3879521484375 -1.2497177734375
-13.2313251953125 -1.2497177734375 -1.3879521484375
-13.2313251953125 -1.097791137695312 -1.510979858398438
-13.2313251953125 -0.9338369140625 -1.617453002929688
-13.2313251953125 -0.7596513671875 -1.706204956054687
-13.2313251953125 -0.5771429443359375 -1.776263427734375
-13.2313251953125 -0.3883112182617188 -1.826860717773438
-13.2313251953125 -0.1952250823974609 -1.857442504882812

CELLS 2170 8680
3 79 80 129
3 79 129 128
3 80 81 129
3 129 81 130
3 81 82 130
3 130 82 131
3 82 83 132
3 82 132 131
3 83 84 133
3 83 133 132
3 84 85 134
3 84 134 133
3 85 86 135
3 85 135 134
3 86 87 135
3 135 87 136
3 87 88 136
3 136 88 137
3 88 89 138
3 88 138 137
3 89 90 138
3 138 90 139
3 90 91 140
3 90 140 139
3 91 92 141
3 91 141 140
3 92 93 141
3 141 93 142
3 93 94 143
3 93 143 142
3 94 95 144
3 94 144 143
3 95 96 144
3 144 96 145
3 96 97 146
3 96 146 145
3 97 98 146
3 146 98 147
3 98 99 148
3 98 148 147
3 99 100 149
3 99 149 148
3 100 101 150
3 100 150 149
3 101 102 150
3 150 102 151
3 102 103 152
3 102 152 151
3 103 104 152
3 152 104 153
3 104 105 154
3 104 154 153
3 105 106 154
3 154 106 155
3 106 107 155
3 155 107 156
3 107 108 157
3 107 157 156
3 108 109 158
3 108 158 157
3 109 110 159
3 109 159 158
3 110 111 160
3 110 160 159
3 111 112 160
3 160 112 161
3 112 113 161
3 161 113 162
3 113 114 163
3 113 163 162
3 114 115 163
3 163 115 164
3 115 116 165
3 115 165 164
3 116 117 166
3 116 166 165
3 117 118 166
3 166 118 167
3 118 119 168
3 118 168 167
3 119 120 169
3 119 169 168
3 120 121 169
3 169 121 170
3 121 122 171
3 121 171 170
3 122 123 171
3 171 123 172
3 123 124 173
3 123 173 172
3 124 125 174
3 124 174 173
3 125 126 175
3 125 175 174
3 126 127 175
3 175 127 176
3 128 129 178
3 128 178 177
3 129 130 178
3 178 130 179
3 130 131 180
3 130 180 179
3 131 132 181
3 131 181 180
3 132 133 181
3 181 133 182
3 133 134 182
3 182 134 183
3 134 135 184
3 134 184 183
3 135 136 184
3 184 136 185
3 136 137 186
3 136 186 185
3 137 138 187
3 137 187 186
3 138 139 188
3 138 188 187
3 139 140 189
3 139 189 188
3 140 141 189
3 189 141 190
3 141 142 191
3 141 191 190
3 142 143 191
3 191 143 192
3 143 144 193
3 143 193 192
3 144 145 194
3 144 194 193
3 145 146 195
3 145 195 194
3 146 147 196
3 146 196 195
3 147 148 196
3 196 148 197
3 148 149 197
3 197 149 198
3 149 150 199
3 149 199 198
3 150 151 199
3 199 151 200
3 151 152 201
3 151 201 200
3 152 153 201
3 201 153 202
3 153 154 203
3 153 203 202
3 154 155 203
3 203 155 204
3 155 156 205
3 155 205 204
3 156 157 206
3 156 206 205
3 157 158 206
3 206 158 207
3 158 159 207
3 207 159 208
3 159 160 209
3 159 209 208
3 160 161 209
3 209 161 210
3 161 162 211
3 161 211 210
3 162 163 212
3 162 212 211
3 163 164 213
3 163 213 212
3 164 165 214
3 164 214 213
3 165 166 214
3 214 166 215
3 166 167 216
3 166 216 215
3 167 168 216
3 216 168 217
3 168 169 218
3 168 218 217
3 169 170 219
3 169 219 218
3 170 171 220
3 170 220 219
3 171 172 221
3 171 221 220
3 172 173 221
3 221 173 222
3 173 174 222
3 222 174 223
3 174 175 224
3 174 224 223
3 175 176 224
3 224 176 225
3 177 178 227
3 177 227 226
3 178 179 227
3 227 179 228
3 179 180 229
3 179 229 228
3 180 181 230
3 180 230 229
3 181 182 230
3 230 182 231
3 182 183 232
3 182 232 231
3 183 184 233
3 183 233 232
3 184 185 234
3 184 234 233
3 185 186 234
3 234 186 235
3 186 187 235
3 235 187 236
3 187 188 237
3 187 237 236
3 188 189 238
3 188 238 237
3 189 190 238
3 238 190 239
3 190 191 240
3 190 240 239
3 191 192 241
3 191 241 240
3 192 193 241
3 241 193 242
3 193 194 242
3 242 194 243
3 194 195 243
3 243 195 244
3 195 196 245
3 195 245 244
3 196 197 245
3 245 197 246
3 197 198 247
3 197 247 246
3 198 199 248
3 198 248 247
3 199 200 248
3 248 200 249
3 200 201 249
3 249 201 250
3 201 202 251
3 201 251 250
3 202 203 252
3 202 252 251
3 203 204 252
3 252 204 253
3 204 205 254
3 204 254 253
3 205 206 255
3 205 255 254
3 206 207 255
3 255 207 256
3 207 208 257
3 207 257 256
3 208 209 258
3 208 258 257
3 209 210 259
3 209 259 258
3 210 211 259
3 259 211 260
3 211 212 260
3 260 212 261
3 212 213 262
3 212 262 261
3 213 214 263
3 213 263 262
3 214 215 263
3 263 215 264
3 215 216 265
3 215 265 264
3 216 217 266
3 216 266 265
3 217 218 266
3 266 218 267
3 218 219 267
3 267 219 268
3 219 220 268
3 268 220 269
3 220 221 270
3 220 270 269
3 221 222 270
3 270 222 271
3 222 223 272
3 222 272 271
3 223 224 273
3 223 273 272
3 224 225 273
3 273 225 274
3 226 227 276
3 226 276 275
3 227 228 276
3 276 228 277
3 228 229 278
3 228 278 277
3 229 230 278
3 278 230 279
3 230 231 280
3 230 280 279
3 231 232 280
3 280 232 281
3 232 233 281
3 281 233 282
3 233 234 283
3 233 283 282
3 234 235 283
3 283 235 284
3 235 236 285
3 235 285 284
3 236 237 286
3 236 286 285
3 237 238 287
3 237 287 286
3 238 239 287
3 287 239 288
3 239 240 288
3 288 240 289
3 240 241 290
3 240 290 289
3 241 242 291
3 241 291 290
3 242 243 292
3 242 292 291
3 243 244 293
3 243 293 292
3 244 245 294
3 244 294 293
3 245 246 295
3 245 295 294
3 246 247 296
3 246 296 295
3 247 248 297
3 247 297 296
3 248 249 297
3 297 249 298
3 249 250 299
3 249 299 298
3 250 251 299
3 299 251 300
3 251 252 301
3 251 301 300
3 252 253 301
3 301 253 302
3 253 254 303
3 253 303 302
3 254 255 303
3 303 255 304
3 255 256 305
3 255 305 304
3 256 257 305
3 305 257 306
3 257 258 306
3 306 258 307
3 258 259 308
3 258 308 307
3 259 260 308
3 308 260 309
3 260 261 310
3 260 310 309
3 261 262 311
3 261 311 310
3 262 263 312
3 262 312 311
3 263 264 312
3 312 264 313
3 264 265 313
3 313 265 314
3 265 266 315
3 265 315 314
3 266 267 316
3 266 316 315
3 267 268 317
3 267 317 316
3 268 269 318
3 268 318 317
3 269 270 319
3 269 319 318
3 270 271 320
3 270 320 319
3 271 272 321
3 271 321 320
3 272 273 322
3 272 322 321
3 273 274 322
3 322 274 323
3 275 276 324
3 324 276 325
3 276 277 326
3 276 326 325
3 277 278 326
3 326 278 327
3 278 279 328
3 278 328 327
3 279 280 329
3 279 329 328
3 280 281 329
3 329 281 330
3 281 282 331
3 281 331 330
3 282 283 331
3 331 283 332
3 283 284 333
3 283 333 332
3 284 285 334
3 284 334 333
3 285 286 335
3 285 335 334
3 286 287 336
3 286 336 335
3 287 288 337
3 287 337 336
3 288 289 337
3 337 289 338
3 289 290 338
3 338 290 339
3 290 291 340
3 290 340 339
3 291 292 340
3 340 292 341
3 292 293 342
3 292 342 341
3 293 294 342
3 342 294 343
3 294 295 343
3 343 295 344
3 295 296 345
3 295 345 344
3 296 297 345
3 345 297 346
3 297 298 347
3 297 347 346
3 298 299 348
3 298 348 347
3 299 300 348
3 348 300 349
3 300 301 349
3 349 301 350
3 301 302 351
3 301 351 350
3 302 303 351
3 351 303 352
3 303 304 353
3 303 353 352
3 304 305 354
3 304 354 353
3 305 306 354
3 354 306 355
3 306 307 356
3 306 356 355
3 307 308 356
3 356 308 357
3 308 309 358
3 308 358 357
3 309 310 359
3 309 359 358
3 310 311 360
3 310 360 359
3 311 312 361
3 311 361 360
3 312 313 362
3 312 362 361
3 313 314 362
3 362 314 363
3 314 315 363
3 363 315 364
3 315 316 365
3 315 365 364
3 316 317 365
3 365 317 366
3 317 318 367
3 317 367 366
3 318 319 367
3 367 319 368
3 319 320 368
3 368 320 369
3 320 321 370
3 320 370 369
3 321 322 370
3 370 322 371
3 322 323 372
3 322 372 371
3 324 325 373
3 373 325 374
3 325 326 375
3 325 375 374
3 326 327 375
3 375 327 376
3 327 328 376
3 376 328 377
3 328 329 378
3 328 378 377
3 329 330 379
3 329 379 378
3 330 331 380
3 330 380 379
3 331 332 380
3 380 332 381
3 332 333 381
3 381 333 382
3 333 334 383
3 333 383 382
3 334 335 383
3 383 335 384
3 335 336 385
3 335 385 384
3 336 337 386
3 336 386 385
3 337 338 387
3 337 387 386
3 338 339 388
3 338 388 387
3 339 340 389
3 339 389 388
3 340 341 389
3 389 341 390
3 341 342 391
3 341 391 390
3 342 343 391
3 391 343 392
3 343 344 393
3 343 393 392
3 344 345 394
3 344 394 393
3 345 346 394
3 394 346 395
3 346 347 396
3 346 396 395
3 347 348 396
3 396 348 397
3 348 349 398
3 348 398 397
3 349 350 398
3 398 350 399
3 350 351 400
3 350 400 399
3 351 352 400
3 400 352 401
3 352 353 401
3 401 353 402
3 353 354 403
3 353 403 402
3 354 355 404
3 354 404 403
3 355 356 405
3 355 405 404
3 356 357 405
3 405 357 406
3 357 358 406
3 406 358 407
3 358 359 408
3 358 408 407
3 359 360 408
3 408 360 409
3 360 361 410
3 360 410 409
3 361 362 411
3 361 411 410
3 362 363 412
3 362 412 411
3 363 364 413
3 363 413 412
3 364 365 414
3 364 414 413
3 365 366 414
3 414 366 415
3 366 367 416
3 366 416 415
3 367 368 416
3 416 368 417
3 368 369 418
3 368 418 417
3 369 370 419
3 369 419 418
3 370 371 419
3 419 371 420
3 371 372 421
3 371 421 420
3 78 0 373
3 0 1 373
3 1 2 324
3 2 3 275
3 3 4 226
3 4 5 177
3 5 6 128
3 6 7 79
3 7 8 79
3 8 9 79
3 9 10 81
3 10 11 83
3 11 12 86
3 12 13 88
3 13 14 90
3 14 15 92
3 15 16 94
3 16 17 96
3 17 18 99
3 18 19 101
3 19 20 103
3 20 21 105
3 21 22 107
3 22 23 110
3 23 24 112
3 24 25 114
3 25 26 116
3 26 27 118
3 27 28 120
3 28 29 123
3 29 30 125
3 30 8 127
3 8 7 127
3 7 6 127
3 6 5 176
3 5 4 225
3 4 3 274
3 3 2 323
3 2 1 372
3 1 0 421
3 0 31 421
3 31 32 420
3 32 33 419
3 33 34 418
3 34 35 417
3 35 36 416
3 36 37 415
3 37 38 414
3 38 39 413
3 39 40 412
3 40 41 411
3 41 42 410
3 42 43 409
3 43 44 408
3 44 45 407
3 45 46 406
3 46 47 405
3 47 48 404
3 48 49 403
3 49 50 402
3 50 51 401
3 51 52 400
3 52 53 399
3 53 54 398
3 54 55 397
3 55 56 396
3 56 57 395
3 57 58 394
3 58 59 393
3 59 60 392
3 60 61 391
3 61 62 390
3 62 63 389
3 63 64 388
3 64 65 387
3 65 66 386
3 66 67 385
3 67 68 384
3 68 69 383
3 69 70 382
3 70 71 381
3 71 72 380
3 72 73 379
3 73 74 378
3 74 75 377
3 75 76 376
3 76 77 375
3 77 78 374
3 81 80 9
3 83 82 10
3 85 84 11
3 79 128 6
3 128 177 5
3 177 226 4
3 226 275 3
3 275 324 2
3 324 373 1
3 373 374 78
3 374 375 77
3 375 376 76
3 376 377 75
3 377 378 74
3 378 379 73
3 379 380 72
3 87 86 12
3 89 88 13
3 92 91 14
3 94 93 15
3 380 381 71
3 381 382 70
3 382 383 69
3 383 384 68
3 384 385 67
3 385 386 66
3 386 387 65
3 387 388 64
3 96 95 16
3 98 97 17
3 100 99 18
3 102 101 19
3 388 389 63
3 389 390 62
3 390 391 61
3 391 392 60
3 392 393 59
3 393 394 58
3 394 395 57
3 395 396 56
3 105 104 20
3 107 106 21
3 109 108 22
3 396 397 55
3 397 398 54
3 398 399 53
3 399 400 52
3 400 401 51
3 401 402 50
3 402 403 49
3 403 404 48
3 111 110 23
3 113 112 24
3 115 114 25
3 118 117 26
3 404 405 47
3 405 406 46
3 406 407 45
3 407 408 44
3 408 409 43
3 409 410 42
3 410 411 41
3 411 412 40
3 120 119 27
3 122 121 28
3 124 123 29
3 126 125 30
3 412 413 39
3 413 414 38
3 414 415 37
3 415 416 36
3 416 417 35
3 417 418 34
3 418 419 33
3 419 420 32
3 176 127 6
3 225 176 5
3 274 225 4
3 323 274 3
3 372 323 2
3 421 372 1
3 420 421 31
3 79 9 80
3 81 10 82
3 83 11 84
3 11 86 85
3 12 88 87
3 13 90 89
3 90 14 91
3 92 15 93
3 94 16 95
3 96 17 97
3 17 99 98
3 18 101 100
3 19 103 102
3 103 20 104
3 105 21 106
3 107 22 108
3 22 110 109
3 23 112 111
3 24 114 113
3 25 116 115
3 116 26 117
3 118 27 119
3 120 28 121
3 28 123 122
3 29 125 124
3 30 127 126
3 0 78 423
3 0 423 422
3 78 77 424
3 78 424 423
3 77 76 425
3 77 425 424
3 76 75 426
3 76 426 425
3 75 74 427
3 75 427 426
3 74 73 428
3 74 428 427
3 73 72 429
3 73 429 428
3 72 71 430
3 72 430 429
3 71 70 431
3 71 431 430
3 70 69 432
3 70 432 431
3 69 68 433
3 69 433 432
3 68 67 434
3 68 434 433
3 67 66 435
3 67 435 434
3 66 65 436
3 66 436 435
3 65 64 437
3 65 437 436
3 64 63 438
3 64 438 437
3 63 62 439
3 63 439 438
3 62 61 440
3 62 440 439
3 61 60 441
3 61 441 440
3 60 59 442
3 60 442 441
3 59 58 443
3 59 443 442
3 58 57 444
3 58 444 443
3 57 56 445
3 57 445 444
3 56 55 446
3 56 446 445
3 55 54 447
3 55 447 446
3 54 53 448
3 54 448 447
3 53 52 449
3 53 449 448
3 52 51 450
3 52 450 449
3 51 50 451
3 51 451 450
3 50 49 452
3 50 452 451
3 49 48 453
3 49 453 452
3 48 47 454
3 48 454 453
3 47 46 455
3 47 455 454
3 46 45 456
3 46 456 455
3 45 44 457
3 45 457 456
3 44 43 458
3 44 458 457
3 43 42 459
3 43 459 458
3 42 41 460
3 42 460 459
3 41 40 461
3 41 461 460
3 40 39 462
3 40 462 461
3 39 38 463
3 39 463 462
3 38 37 464
3 38 464 463
3 37 36 465
3 37 465 464
3 36 35 466
3 36 466 465
3 35 34 467
3 35 467 466
3 34 33 468
3 34 468 467
3 33 32 469
3 33 469 468
3 32 31 470
3 32 470 469
3 31 0 422
3 31 422 470
3 422 423 472
3 422 472 471
3 423 424 473
3 423 473 472
3 424 425 474
3 424 474 473
3 425 426 475
3 425 475 474
3 426 427 476
3 426 476 475
3 427 428 477
3 427 477 476
3 428 429 478
3 428 478 477
3 429 430 479
3 429 479 478
3 430 431 480
3 430 480 479
3 431 432 481
3 431 481 480
3 432 433 482
3 432 482 481
3 433 434 483
3 433 483 482
3 434 435 484
3 434 484 483
3 435 436 485
3 435 485 484
3 436 437 486
3 436 486 485
3 437 438 487
3 437 487 486
3 438 439 488
3 438 488 487
3 439 440 489
3 439 489 488
3 440 441 490
3 440 490 489
3 441 442 491
3 441 491 490
3 442 443 492
3 442 492 491
3 443 444 493
3 443 493 492
3 444 445 494
3 444 494 493
3 445 446 495
3 445 495 494
3 446 447 496
3 446 496 495
3 447 448 497
3 447 497 496
3 448 449 498
3 448 498 497
3 449 450 499
3 449 499 498
3 450 451 500
3 450 500 499
3 451 452 501
3 451 501 500
3 452 453 502
3 452 502 501
3 453 454 503
3 453 503 502
3 454 455 504
3 454 504 503
3 455 456 505
3 455 505 504
3 456 457 506
3 456 506 505
3 457 458 507
3 457 507 506
3 458 459 508
3 458 508 507
3 459 460 509
3 459 509 508
3 460 461 510
3 460 510 509
3 461 462 511
3 461 511 510
3 462 463 512
3 462 512 511
3 463 464 513
3 463 513 512
3 464 465 514
3 464 514 513
3 465 466 515
3 465 515 514
3 466 467 516
3 466 516 515
3 467 468 517
3 467 517 516
3 468 469 518
3 468 518 517
3 469 470 519
3 469 519 518
3 470 422 471
3 470 471 519
3 579 520 578
3 520 521 578
3 578 521 577
3 521 522 577
3 577 522 576
3 522 523 576
3 576 523 575
3 523 524 575
3 575 524 574
3 524 525 574
3 574 525 573
3 525 526 573
3 573 526 572
3 526 527 572
3 572 527 571
3 527 528 571
3 571 528 570
3 528 529 570
3 570 529 569
3 529 530 569
3 569 530 568
3 530 531 568
3 568 531 567
3 531 532 567
3 567 532 566
3 532 533 566
3 566 533 565
3 533 534 565
3 565 534 564
3 534 535 564
3 564 535 563
3 535 536 563
3 563 536 562
3 536 537 562
3 562 537 561
3 537 538 561
3 561 538 560
3 538 539 560
3 560 539 559
3 539 540 559
3 559 540 558
3 540 541 558
3 558 541 557
3 541 542 557
3 557 542 556
3 542 543 556
3 556 543 555
3 543 544 555
3 555 544 554
3 544 545 554
3 554 545 553
3 545 546 553
3 553 546 552
3 546 547 552
3 552 547 551
3 547 548 551
3 551 548 550
3 548 549 550
3 632 633 681
3 632 681 680
3 633 634 682
3 633 682 681
3 634 635 683
3 634 683 682
3 635 636 684
3 635 684 683
3 636 637 684
3 684 637 685
3 637 638 685
3 685 638 686
3 638 639 687
3 638 687 686
3 639 640 687
3 687 640 688
3 640 641 688
3 688 641 689
3 641 642 689
3 689 642 690
3 642 643 691
3 642 691 690
3 643 644 691
3 691 644 692
3 644 645 693
3 644 693 692
3 645 646 694
3 645 694 693
3 646 647 694
3 694 647 695
3 647 648 696
3 647 696 695
3 648 649 697
3 648 697 696
3 649 650 697
3 697 650 698
3 650 651 698
3 698 651 699
3 651 652 699
3 699 652 700
3 652 653 700
3 700 653 701
3 653 654 701
3 701 654 702
3 654 655 702
3 702 655 703
3 655 656 704
3 655 704 703
3 656 657 705
3 656 705 704
3 657 658 706
3 657 706 705
3 658 659 707
3 658 707 706
3 659 660 708
3 659 708 707
3 660 661 709
3 660 709 708
3 661 662 710
3 661 710 709
3 662 663 710
3 710 663 711
3 663 664 711
3 711 664 712
3 664 665 713
3 664 713 712
3 665 666 713
3 713 666 714
3 666 667 714
3 714 667 715
3 667 668 716
3 667 716 715
3 668 669 716
3 716 669 717
3 669 670 718
3 669 718 717
3 670 671 719
3 670 719 718
3 671 672 720
3 671 720 719
3 672 673 720
3 720 673 721
3 673 674 722
3 673 722 721
3 674 675 723
3 674 723 722
3 675 676 723
3 723 676 724
3 676 677 724
3 724 677 725
3 677 678 725
3 725 678 726
3 678 679 726
3 726 679 727
3 680 681 728
3 728 681 729
3 681 682 729
3 729 682 730
3 682 683 730
3 730 683 731
3 683 684 731
3 731 684 732
3 684 685 732
3 732 685 733
3 685 686 734
3 685 734 733
3 686 687 734
3 734 687 735
3 687 688 736
3 687 736 735
3 688 689 737
3 688 737 736
3 689 690 737
3 737 690 738
3 690 691 738
3 738 691 739
3 691 692 740
3 691 740 739
3 692 693 740
3 740 693 741
3 693 694 741
3 741 694 742
3 694 695 742
3 742 695 743
3 695 696 743
3 743 696 744
3 696 697 745
3 696 745 744
3 697 698 746
3 697 746 745
3 698 699 747
3 698 747 746
3 699 700 748
3 699 748 747
3 700 701 749
3 700 749 748
3 701 702 750
3 701 750 749
3 702 703 751
3 702 751 750
3 703 704 752
3 703 752 751
3 704 705 752
3 752 705 753
3 705 706 753
3 753 706 754
3 706 707 754
3 754 707 755
3 707 708 755
3 755 708 756
3 708 709 756
3 756 709 757
3 709 710 758
3 709 758 757
3 710 711 758
3 758 711 759
3 711 712 760
3 711 760 759
3 712 713 761
3 712 761 760
3 713 714 762
3 713 762 761
3 714 715 763
3 714 763 762
3 715 716 763
3 763 716 764
3 716 717 765
3 716 765 764
3 717 718 766
3 717 766 765
3 718 719 766
3 766 719 767
3 719 720 767
3 767 720 768
3 720 721 769
3 720 769 768
3 721 722 769
3 769 722 770
3 722 723 771
3 722 771 770
3 723 724 772
3 723 772 771
3 724 725 773
3 724 773 772
3 725 726 774
3 725 774 773
3 726 727 775
3 726 775 774
3 631 580 581
3 581 582 680
3 582 583 632
3 583 471 472
3 472 473 632
3 473 474 633
3 474 475 634
3 475 476 635
3 476 477 636
3 477 478 637
3 478 479 638
3 479 480 639
3 480 481 640
3 481 482 641
3 482 483 642
3 483 484 643
3 484 485 644
3 485 486 645
3 486 487 646
3 487 488 647
3 488 489 649
3 489 490 650
3 490 491 651
3 491 492 652
3 492 493 653
3 493 494 654
3 494 495 655
3 495 496 656
3 496 497 657
3 497 498 658
3 498 499 659
3 499 500 660
3 500 501 661
3 501 502 662
3 502 503 663
3 503 504 664
3 504 505 665
3 505 506 666
3 506 507 667
3 507 508 668
3 508 509 669
3 509 510 670
3 510 511 671
3 511 512 672
3 512 513 673
3 513 514 673
3 514 515 674
3 515 516 675
3 516 517 676
3 517 518 677
3 518 519 678
3 519 471 583
3 583 582 679
3 582 581 727
3 581 580 584
3 584 585 774
3 585 586 773
3 586 587 772
3 587 588 771
3 588 589 770
3 589 590 769
3 590 591 769
3 591 592 768
3 592 593 767
3 593 594 766
3 594 595 765
3 595 596 764
3 596 597 763
3 597 598 762
3 598 599 761
3 599 600 760
3 600 601 759
3 601 602 758
3 602 603 757
3 603 604 756
3 604 605 755
3 605 606 754
3 606 607 753
3 607 608 752
3 608 609 751
3 609 610 750
3 610 611 749
3 611 612 748
3 612 613 747
3 613 614 746
3 614 615 745
3 615 616 743
3 616 617 742
3 617 618 741
3 618 619 740
3 619 620 739
3 620 621 738
3 621 622 737
3 622 623 736
3 623 624 735
3 624 625 734
3 625 626 733
3 626 627 732
3 627 628 731
3 628 629 730
3 629 630 729
3 630 631 728
3 633 632 473
3 634 633 474
3 635 634 475
3 636 635 476
3 637 636 477
3 638 637 478
3 639 638 479
3 632 680 582
3 680 728 581
3 728 729 630
3 729 730 629
3 730 731 628
3 731 732 627
3 732 733 626
3 733 734 625
3 734 735 624
3 640 639 480
3 641 640 481
3 642 641 482
3 643 642 483
3 644 643 484
3 645 644 485
3 646 645 486
3 647 646 487
3 735 736 623
3 736 737 622
3 737 738 621
3 738 739 620
3 739 740 619
3 740 741 618
3 741 742 617
3 742 743 616
3 648 647 488
3 649 648 488
3 650 649 489
3 651 650 490
3 652 651 491
3 653 652 492
3 654 653 493
3 655 654 494
3 743 744 615
3 744 745 615
3 745 746 614
3 746 747 613
3 747 748 612
3 748 749 611
3 749 750 610
3 750 751 609
3 656 655 495
3 657 656 496
3 658 657 497
3 659 658 498
3 660 659 499
3 661 660 500
3 662 661 501
3 663 662 502
3 751 752 608
3 752 753 607
3 753 754 606
3 754 755 605
3 755 756 604
3 756 757 603
3 757 758 602
3 758 759 601
3 664 663 503
3 665 664 504
3 666 665 505
3 667 666 506
3 668 667 507
3 669 668 508
3 670 669 509
3 671 670 510
3 759 760 600
3 760 761 599
3 761 762 598
3 762 763 597
3 763 764 596
3 764 765 595
3 765 766 594
3 766 767 593
3 672 671 511
3 673 672 512
3 674 673 514
3 675 674 515
3 676 675 516
3 677 676 517
3 678 677 518
3 679 678 519
3 767 768 592
3 768 769 591
3 769 770 589
3 770 771 588
3 771 772 587
3 772 773 586
3 773 774 585
3 774 775 584
3 727 679 582
3 775 727 581
3 631 581 728
3 632 583 472
3 519 583 679
3 581 584 775
3 836 776 777
3 777 580 631
3 631 630 835
3 630 629 834
3 629 628 833
3 628 627 831
3 627 626 830
3 626 625 829
3 625 624 828
3 624 623 827
3 623 622 825
3 622 621 824
3 621 620 823
3 620 619 822
3 619 618 820
3 618 617 819
3 617 616 818
3 616 615 817
3 615 614 816
3 614 613 814
3 613 612 813
3 612 611 812
3 611 610 811
3 610 609 809
3 609 608 808
3 608 607 807
3 607 606 806
3 606 605 805
3 605 604 803
3 604 603 802
3 603 602 801
3 602 601 800
3 601 600 798
3 600 599 797
3 599 598 796
3 598 597 795
3 597 596 794
3 596 595 792
3 595 594 791
3 594 593 790
3 593 592 789
3 592 591 787
3 591 590 786
3 590 589 785
3 589 588 784
3 588 587 783
3 587 586 781
3 586 585 780
3 585 584 779
3 584 580 777
3 777 776 778
3 778 779 584
3 779 780 585
3 780 781 586
3 781 782 587
3 782 783 587
3 783 784 588
3 784 785 589
3 785 786 590
3 786 787 591
3 787 788 592
3 788 789 592
3 789 790 593
3 790 791 594
3 791 792 595
3 792 793 596
3 793 794 596
3 794 795 597
3 795 796 598
3 796 797 599
3 797 798 600
3 798 799 601
3 799 800 601
3 800 801 602
3 801 802 603
3 802 803 604
3 803 804 605
3 804 805 605
3 805 806 606
3 806 807 607
3 807 808 608
3 808 809 609
3 809 810 610
3 810 811 610
3 811 812 611
3 812 813 612
3 813 814 613
3 814 815 614
3 815 816 614
3 816 817 615
3 817 818 616
3 818 819 617
3 819 820 618
3 820 821 619
3 821 822 619
3 822 823 620
3 823 824 621
3 824 825 622
3 825 826 623
3 826 827 623
3 827 828 624
3 828 829 625
3 829 830 626
3 830 831 627
3 831 832 628
3 832 833 628
3 833 834 629
3 834 835 630
3 835 836 631
3 836 777 631
3 584 777 778
3 841 842 863
3 863 842 864
3 842 843 865
3 842 865 864
3 843 844 865
3 865 844 866
3 844 845 866
3 866 845 867
3 845 846 868
3 845 868 867
3 846 847 869
3 846 869 868
3 847 848 870
3 847 870 869
3 848 849 870
3 870 849 871
3 849 850 872
3 849 872 871
3 850 851 873
3 850 873 872
3 851 852 874
3 851 874 873
3 852 853 875
3 852 875 874
3 853 854 876
3 853 876 875
3 854 855 877
3 854 877 876
3 855 856 877
3 877 856 878
3 856 857 879
3 856 879 878
3 857 858 879
3 879 858 880
3 858 859 881
3 858 881 880
3 859 860 882
3 859 882 881
3 860 861 882
3 882 861 883
3 861 862 884
3 861 884 883
3 863 864 886
3 863 886 885
3 864 865 886
3 886 865 887
3 865 866 887
3 887 866 888
3 866 867 889
3 866 889 888
3 867 868 890
3 867 890 889
3 868 869 890
3 890 869 891
3 869 870 892
3 869 892 891
3 870 871 892
3 892 871 893
3 871 872 894
3 871 894 893
3 872 873 895
3 872 895 894
3 873 874 896
3 873 896 895
3 874 875 896
3 896 875 897
3 875 876 897
3 897 876 898
3 876 877 899
3 876 899 898
3 877 878 899
3 899 878 900
3 878 879 901
3 878 901 900
3 879 880 901
3 901 880 902
3 880 881 902
3 902 881 903
3 881 882 904
3 881 904 903
3 882 883 905
3 882 905 904
3 883 884 905
3 905 884 906
3 9 8 837
3 837 838 863
3 838 839 841
3 839 840 841
3 839 838 862
3 838 837 884
3 837 8 30
3 30 29 905
3 29 28 904
3 28 27 903
3 27 26 902
3 26 25 901
3 25 24 900
3 24 23 899
3 23 22 898
3 22 21 897
3 21 20 896
3 20 19 895
3 19 18 894
3 18 17 893
3 17 16 892
3 16 15 891
3 15 14 890
3 14 13 889
3 13 12 888
3 12 11 887
3 11 10 886
3 10 9 885
3 842 841 840
3 843 842 840
3 844 843 840
3 845 844 840
3 846 845 840
3 847 846 840
3 848 847 840
3 841 863 838
3 863 885 837
3 885 886 10
3 886 887 11
3 887 888 12
3 888 889 13
3 889 890 14
3 890 891 15
3 891 892 16
3 849 848 840
3 850 849 840
3 851 850 840
3 852 851 840
3 853 852 840
3 854 853 840
3 855 854 840
3 856 855 840
3 892 893 17
3 893 894 18
3 894 895 19
3 895 896 20
3 896 897 21
3 897 898 22
3 898 899 23
3 899 900 24
3 857 856 840
3 858 857 840
3 859 858 840
3 860 859 840
3 861 860 840
3 862 861 840
3 884 862 838
3 906 884 837
3 900 901 25
3 901 902 26
3 902 903 27
3 903 904 28
3 904 905 29
3 905 906 30
3 9 837 885
3 862 840 839
3 837 30 906
3 910 911 970
3 910 970 969
3 911 912 970
3 970 912 971
3 912 913 971
3 971 913 972
3 913 914 973
3 913 973 972
3 914 915 973
3 973 915 974
3 915 916 974
3 974 916 975
3 916 917 976
3 916 976 975
3 917 918 977
3 917 977 976
3 918 919 978
3 918 978 977
3 919 920 978
3 978 920 979
3 920 921 980
3 920 980 979
3 921 922 981
3 921 981 980
3 922 923 981
3 981 923 982
3 923 924 983
3 923 983 982
3 924 925 983
3 983 925 984
3 925 926 985
3 925 985 984
3 926 927 985
3 985 927 986
3 927 928 986
3 986 928 987
3 928 929 988
3 928 988 987
3 929 930 988
3 988 930 989
3 930 931 989
3 989 931 990
3 931 932 991
3 931 991 990
3 932 933 992
3 932 992 991
3 933 934 993
3 933 993 992
3 934 935 993
3 993 935 994
3 935 936 995
3 935 995 994
3 936 937 996
3 936 996 995
3 937 938 996
3 996 938 997
3 938 939 998
3 938 998 997
3 939 940 998
3 998 940 999
3 940 941 1000
3 940 1000 999
3 941 942 1000
3 1000 942 1001
3 942 943 1001
3 1001 943 1002
3 943 944 1003
3 943 1003 1002
3 944 945 1003
3 1003 945 1004
3 945 946 1004
3 1004 946 1005
3 946 947 1006
3 946 1006 1005
3 947 948 1007
3 947 1007 1006
3 948 949 1008
3 948 1008 1007
3 949 950 1008
3 1008 950 1009
3 950 951 1010
3 950 1010 1009
3 951 952 1011
3 951 1011 1010
3 952 953 1011
3 1011 953 1012
3 953 954 1013
3 953 1013 1012
3 954 955 1013
3 1013 955 1014
3 955 956 1015
3 955 1015 1014
3 956 957 1015
3 1015 957 1016
3 957 958 1016
3 1016 958 1017
3 958 959 1018
3 958 1018 1017
3 959 960 1018
3 1018 960 1019
3 960 961 1019
3 1019 961 1020
3 961 962 1021
3 961 1021 1020
3 962 963 1022
3 962 1022 1021
3 963 964 1023
3 963 1023 1022
3 964 965 1023
3 1023 965 1024
3 965 966 1025
3 965 1025 1024
3 966 967 1026
3 966 1026 1025
3 967 968 1026
3 1026 968 1027
3 969 970 1029
3 969 1029 1028
3 970 971 1030
3 970 1030 1029
3 971 972 1031
3 971 1031 1030
3 972 973 1032
3 972 1032 1031
3 973 974 1033
3 973 1033 1032
3 974 975 1034
3 974 1034 1033
3 975 976 1035
3 975 1035 1034
3 976 977 1035
3 1035 977 1036
3 977 978 1036
3 1036 978 1037
3 978 979 1037
3 1037 979 1038
3 979 980 1038
3 1038 980 1039
3 980 981 1039
3 1039 981 1040
3 981 982 1040
3 1040 982 1041
3 982 983 1042
3 982 1042 1041
3 983 984 1042
3 1042 984 1043
3 984 985 1044
3 984 1044 1043
3 985 986 1045
3 985 1045 1044
3 986 987 1046
3 986 1046 1045
3 987 988 1047
3 987 1047 1046
3 988 989 1048
3 988 1048 1047
3 989 990 1049
3 989 1049 1048
3 990 991 1050
3 990 1050 1049
3 991 992 1050
3 1050 992 1051
3 992 993 1051
3 1051 993 1052
3 993 994 1052
3 1052 994 1053
3 994 995 1053
3 1053 995 1054
3 995 996 1054
3 1054 996 1055
3 996 997 1055
3 1055 997 1056
3 997 998 1057
3 997 1057 1056
3 998 999 1057
3 1057 999 1058
3 999 1000 1059
3 999 1059 1058
3 1000 1001 1060
3 1000 1060 1059
3 1001 1002 1061
3 1001 1061 1060
3 1002 1003 1062
3 1002 1062 1061
3 1003 1004 1063
3 1003 1063 1062
3 1004 1005 1064
3 1004 1064 1063
3 1005 1006 1065
3 1005 1065 1064
3 1006 1007 1065
3 1065 1007 1066
3 1007 1008 1066
3 1066 1008 1067
3 1008 1009 1067
3 1067 1009 1068
3 1009 1010 1068
3 1068 1010 1069
3 1010 1011 1069
3 1069 1011 1070
3 1011 1012 1070
3 1070 1012 1071
3 1012 1013 1072
3 1012 1072 1071
3 1013 1014 1072
3 1072 1014 1073
3 1014 1015 1074
3 1014 1074 1073
3 1015 1016 1075
3 1015 1075 1074
3 1016 1017 1076
3 1016 1076 1075
3 1017 1018 1077
3 1017 1077 1076
3 1018 1019 1078
3 1018 1078 1077
3 1019 1020 1079
3 1019 1079 1078
3 1020 1021 1080
3 1020 1080 1079
3 1021 1022 1080
3 1080 1022 1081
3 1022 1023 1081
3 1081 1023 1082
3 1023 1024 1082
3 1082 1024 1083
3 1024 1025 1083
3 1083 1025 1084
3 1025 1026 1084
3 1084 1026 1085
3 1026 1027 1085
3 1085 1027 1086
3 521 520 907
3 907 908 969
3 908 909 910
3 909 776 836
3 836 835 910
3 835 834 911
3 834 833 912
3 833 832 913
3 832 831 914
3 831 830 915
3 830 829 916
3 829 828 917
3 828 827 918
3 827 826 919
3 826 825 920
3 825 824 921
3 824 823 922
3 823 822 923
3 822 821 924
3 821 820 925
3 820 819 926
3 819 818 927
3 818 817 928
3 817 816 929
3 816 815 930
3 815 814 931
3 814 813 932
3 813 812 933
3 812 811 934
3 811 810 935
3 810 809 936
3 809 808 937
3 808 807 938
3 807 806 939
3 806 805 940
3 805 804 941
3 804 803 942
3 803 802 943
3 802 801 944
3 801 800 945
3 800 799 946
3 799 798 947
3 798 797 948
3 797 796 950
3 796 795 951
3 795 794 952
3 794 793 953
3 793 792 954
3 792 791 955
3 791 790 956
3 790 789 957
3 789 788 958
3 788 787 959
3 787 786 960
3 786 785 961
3 785 784 962
3 784 783 963
3 783 782 964
3 782 781 965
3 781 780 966
3 780 779 967
3 779 778 968
3 778 776 909
3 909 908 968
3 908 907 1027
3 907 520 579
3 579 578 1085
3 578 577 1084
3 577 576 1083
3 576 575 1082
3 575 574 1081
3 574 573 1080
3 573 572 1079
3 572 571 1078
3 571 570 1077
3 570 569 1076
3 569 568 1075
3 568 567 1074
3 567 566 1073
3 566 565 1072
3 565 564 1071
3 564 563 1070
3 563 562 1069
3 562 561 1068
3 561 560 1067
3 560 559 1066
3 559 558 1065
3 558 557 1064
3 557 556 1063
3 556 555 1062
3 555 554 1061
3 554 553 1060
3 553 552 1059
3 552 551 1058
3 551 550 1057
3 550 549 1056
3 549 548 1055
3 548 547 1054
3 547 546 1053
3 546 545 1052
3 545 544 1051
3 544 543 1050
3 543 542 1049
3 542 541 1048
3 541 540 1047
3 540 539 1046
3 539 538 1045
3 538 537 1044
3 537 536 1043
3 536 535 1042
3 535 534 1041
3 534 533 1040
3 533 532 1039
3 532 531 1038
3 531 530 1037
3 530 529 1036
3 529 528 1035
3 528 527 1034
3 527 526 1033
3 526 525 1032
3 525 524 1031
3 524 523 1030
3 523 522 1029
3 522 521 1028
3 911 910 835
3 912 911 834
3 913 912 833
3 914 913 832
3 915 914 831
3 916 915 830
3 917 916 829
3 910 969 908
3 969 1028 907
3 1028 1029 522
3 1029 1030 523
3 1030 1031 524
3 1031 1032 525
3 1032 1033 526
3 1033 1034 527
3 1034 1035 528
3 918 917 828
3 919 918 827
3 920 919 826
3 921 920 825
3 922 921 824
3 923 922 823
3 924 923 822
3 925 924 821
3 1035 1036 529
3 1036 1037 530
3 1037 1038 531
3 1038 1039 532
3 1039 1040 533
3 1040 1041 534
3 1041 1042 535
3 1042 1043 536
3 926 925 820
3 927 926 819
3 928 927 818
3 929 928 817
3 930 929 816
3 931 930 815
3 932 931 814
3 933 932 813
3 1043 1044 537
3 1044 1045 538
3 1045 1046 539
3 1046 1047 540
3 1047 1048 541
3 1048 1049 542
3 1049 1050 543
3 1050 1051 544
3 934 933 812
3 935 934 811
3 936 935 810
3 937 936 809
3 938 937 808
3 939 938 807
3 940 939 806
3 941 940 805
3 1051 1052 545
3 1052 1053 546
3 1053 1054 547
3 1054 1055 548
3 1055 1056 549
3 1056 1057 550
3 1057 1058 551
3 1058 1059 552
3 942 941 804
3 943 942 803
3 944 943 802
3 945 944 801
3 946 945 800
3 947 946 799
3 948 947 798
3 949 948 797
3 1059 1060 553
3 1060 1061 554
3 1061 1062 555
3 1062 1063 556
3 1063 1064 557
3 1064 1065 558
3 1065 1066 559
3 1066 1067 560
3 950 949 797
3 951 950 796
3 952 951 795
3 953 952 794
3 954 953 793
3 955 954 792
3 956 955 791
3 957 956 790
3 1067 1068 561
3 1068 1069 562
3 1069 1070 563
3 1070 1071 564
3 1071 1072 565
3 1072 1073 566
3 1073 1074 567
3 1074 1075 568
3 958 957 789
3 959 958 788
3 960 959 787
3 961 960 786
3 962 961 785
3 963 962 784
3 964 963 783
3 965 964 782
3 1075 1076 569
3 1076 1077 570
3 1077 1078 571
3 1078 1079 572
3 1079 1080 573
3 1080 1081 574
3 1081 1082 575
3 1082 1083 576
3 966 965 781
3 967 966 780
3 968 967 779
3 1027 968 908
3 1086 1027 907
3 1083 1084 577
3 1084 1085 578
3 1085 1086 579
3 521 907 1028
3 910 909 836
3 968 778 909
3 907 579 1086

CELL_TYPES 2170
5 5 5 5 5 5 5 5 5 5 5 5 5 5 5 5 5 5 5 5
5 5 5 5 5 5 5 5 5 5 5 5 5 5 5 5 5 5 5 5
5 5 5 5 5 5 5 5 5 5 5 5 5 5 5 5 5 5 5 5
5 5 5 5 5 5 5 5 5 5 5 5 5 5 5 5 5 5 5 5
5 5 5 5 5 5 5 5 5 5 5 5 5 5 5 5 5 5 5 5
5 5 5 5 5 5 5 5 5 5 5 5 5 5 5 5 5 5 5 5
5 5 5 5 5 5 5 5 5 5 5 5 5 5 5 5 5 5 5 5
5 5 5 5 5 5 5 5 5 5 5 5 5 5 5 5 5 5 5 5
5 5 5 5 5 5 5 5 5 5 5 5 5 5 5 5 5 5 5 5
5 5 5 5 5 5 5 5 5 5 5 5 5 5 5 5 5 5 5 5
5 5 5 5 5 5 5 5 5 5 5 5 5 5 5 5 5 5 5 5
5 5 5 5 5 5 5 5 5 5 5 5 5 5 5 5 5 5 5 5
5 5 5 5 5 5 5 5 5 5 5 5 5 5 5 5 5 5 5 5
5 5 5 5 5 5 5 5 5 5 5 5 5 5 5 5 5 5 5 5
5 5 5 5 5 5 5 5 5 5 5 5 5 5 5 5 5 5 5 5
5 5 5 5 5 5 5 5 5 5 5 5 5 5 5 5 5 5 5 5
5 5 5 5 5 5 5 5 5 5 5 5 5 5 5 5 5 5 5 5
5 5 5 5 5 5 5 5 5 5 5 5 5 5 5 5 5 5 5 5
5 5 5 5 5 5 5 5 5 5 5 5 5 5 5 5 5 5 5 5
5 5 5 5 5 5 5 5 5 5 5 5 5 5 5 5 5 5 5 5
5 5 5 5 5 5 5 5 5 5 5 5 5 5 5 5 5 5 5 5
5 5 5 5 5 5 5 5 5 5 5 5 5 5 5 5 5 5 5 5
5 5 5 5 5 5 5 5 5 5 5 5 5 5 5 5 5 5 5 5
5 5 5 5 5 5 5 5 5 5 5 5 5 5 5 5 5 5 5 5
5 5 5 5 5 5 5 5 5 5 5 5 5 5 5 5 5 5 5 5
5 5 5 5 5 5 5 5 5 5 5 5 5 5 5 5 5 5 5 5
5 5 5 5 5 5 5 5 5 5 5 5 5 5 5 5 5 5 5 5
5 5 5 5 5 5 5 5 5 5 5 5 5 5 5 5 5 5 5 5
5 5 5 5 5 5 5 5 5 5 5 5 5 5 5 5 5 5 5 5
5 5 5 5 5 5 5 5 5 5 5 5 5 5 5 5 5 5 5 5
5 5 5 5 5 5 5 5 5 5 5 5 5 5 5 5 5 5 5 5
5 5 5 5 5 5 5 5 5 5 5 5 5 5 5 5 5 5 5 5
5 5 5 5 5 5 5 5 5 5 5 5 5 5 5 5 5 5 5 5
5 5 5 5 5 5 5 5 5 5 5 5 5 5 5 5 5 5 5 5
5 5 5 5 5 5 5 5 5 5 5 5 5 5 5 5 5 5 5 5
5 5 5 5 5 5 5 5 5 5 5 5 5 5 5 5 5 5 5 5
5 5 5 5 5 5 5 5 5 5 5 5 5 5 5 5 5 5 5 5
5 5 5 5 5 5 5 5 5 5 5 5 5 5 5 5 5 5 5 5
5 5 5 5 5 5 5 5 5 5 5 5 5 5 5 5 5 5 5 5
5 5 5 5 5 5 5 5 5 5 5 5 5 5 5 5 5 5 5 5
5 5 5 5 5 5 5 5 5 5 5 5 5 5 5 5 5 5 5 5
5 5 5 5 5 5 5 5 5 5 5 5 5 5 5 5 5 5 5 5
5 5 5 5 5 5 5 5 5 5 5 5 5 5 5 5 5 5 5 5
5 5 5 5 5 5 5 5 5 5 5 5 5 5 5 5 5 5 5 5
5 5 5 5 5 5 5 5 5 5 5 5 5 5 5 5 5 5 5 5
5 5 5 5 5 5 5 5 5 5 5 5 5 5 5 5 5 5 5 5
5 5 5 5 5 5 5 5 5 5 5 5 5 5 5 5 5 5 5 5
5 5 5 5 5 5 5 5 5 5 5 5 5 5 5 5 5 5 5 5
5 5 5 5 5 5 5 5 5 5 5 5 5 5 5 5 5 5 5 5
5 5 5 5 5 5 5 5 5 5 5 5 5 5 5 5 5 5 5 5
5 5 5 5 5 5 5 5 5 5 5 5 5 5 5 5 5 5 5 5
5 5 5 5 5 5 5 5 5 5 5 5 5 5 5 5 5 5 5 5
5 5 5 5 5 5 5 5 5 5 5 5 5 5 5 5 5 5 5 5
5 5 5 5 5 5 5 5 5 5 5 5 5 5 5 5 5 5 5 5
5 5 5 5 5 5 5 5 5 5 5 5 5 5 5 5 5 5 5 5
5 5 5 5 5 5 5 5 5 5 5 5 5 5 5 5 5 5 5 5
5 5 5 5 5 5 5 5 5 5 5 5 5 5 5 5 5 5 5 5
5 5 5 5 5 5 5 5 5 5 5 5 5 5 5 5 5 5 5 5
5 5 5 5 5 5 5 5 5 5 5 5 5 5 5 5 5 5 5 5
5 5 5 5 5 5 5 5 5 5 5 5 5 5 5 5 5 5 5 5
5 5 5 5 5 5 5 5 5 5 5 5 5 5 5 5 5 5 5 5
5 5 5 5 5 5 5 5 5 5 5 5 5 5 5 5 5 5 5 5
5 5 5 5 5 5 5 5 5 5 5 5 5 5 5 5 5 5 5 5
5 5 5 5 5 5 5 5 5 5 5 5 5 5 5 5 5 5 5 5
5 5 5 5 5 5 5 5 5 5 5 5 5 5 5 5 5 5 5 5
5 5 5 5 5 5 5 5 5 5 5 5 5 5 5 5 5 5 5 5
5 5 5 5 5 5 5 5 5 5 5 5 5 5 5 5 5 5 5 5
5 5 5 5 5 5 5 5 5 5 5 5 5 5 5 5 5 5 5 5
5 5 5 5 5 5 5 5 5 5 5 5 5 5 5 5 5 5 5 5
5 5 5 5 5 5 5 5 5 5 5 5 5 5 5 5 5 5 5 5
5 5 5 5 5 5 5 5 5 5 5 5 5 5 5 5 5 5 5 5
5 5 5 5 5 5 5 5 5 5 5 5 5 5 5 5 5 5 5 5
5 5 5 5 5 5 5 5 5 5 5 5 5 5 5 5 5 5 5 5
5 5 5 5 5 5 5 5 5 5 5 5 5 5 5 5 5 5 5 5
5 5 5 5 5 5 5 5 5 5 5 5 5 5 5 5 5 5 5 5
5 5 5 5 5 5 5 5 5 5 5 5 5 5 5 5 5 5 5 5
5 5 5 5 5 5 5 5 5 5 5 5 5 5 5 5 5 5 5 5
5 5 5 5 5 5 5 5 5 5 5 5 5 5 5 5 5 5 5 5
5 5 5 5 5 5 5 5 5 5 5 5 5 5 5 5 5 5 5 5
5 5 5 5 5 5 5 5 5 5 5 5 5 5 5 5 5 5 5 5
5 5 5 5 5 5 5 5 5 5 5 5 5 5 5 5 5 5 5 5
5 5 5 5 5 5 5 5 5 5 5 5 5 5 5 5 5 5 5 5
5 5 5 5 5 5 5 5 5 5 5 5 5 5 5 5 5 5 5 5
5 5 5 5 5 5 5 5 5 5 5 5 5 5 5 5 5 5 5 5
5 5 5 5 5 5 5 5 5 5 5 5 5 5 5 5 5 5 5 5
5 5 5 5 5 5 5 5 5 5 5 5 5 5 5 5 5 5 5 5
5 5 5 5 5 5 5 5 5 5 5 5 5 5 5 5 5 5 5 5
5 5 5 5 5 5 5 5 5 5 5 5 5 5 5 5 5 5 5 5
5 5 5 5 5 5 5 5 5 5 5 5 5 5 5 5 5 5 5 5
5 5 5 5 5 5 5 5 5 5 5 5 5 5 5 5 5 5 5 5
5 5 5 5 5 5 5 5 5 5 5 5 5 5 5 5 5 5 5 5
5 5 5 5 5 5 5 5 5 5 5 5 5 5 5 5 5 5 5 5
5 5 5 5 5 5 5 5 5 5 5 5 5 5 5 5 5 5 5 5
5 5 5 5 5 5 5 5 5 5 5 5 5 5 5 5 5 5 5 5
5 5 5 5 5 5 5 5 5 5 5 5 5 5 5 5 5 5 5 5
5 5 5 5 5 5 5 5 5 5 5 5 5 5 5 5 5 5 5 5
5 5 5 5 5 5 5 5 5 5 5 5 5 5 5 5 5 5 5 5
5 5 5 5 5 5 5 5 5 5 5 5 5 5 5 5 5 5 5 5
5 5 5 5 5 5 5 5 5 5 5 5 5 5 5 5 5 5 5 5
5 5 5 5 5 5 5 5 5 5 5 5 5 5 5 5 5 5 5 5
5 5 5 5 5 5 5 5 5 5 5 5 5 5 5 5 5 5 5 5
5 5 5 5 5 5 5 5 5 5 5 5 5 5 5 5 5 5 5 5
5 5 5 5 5 5 5 5 5 5 5 5 5 5 5 5 5 5 5 5
5 5 5 5 5 5 5 5 5 5 5 5 5 5 5 5 5 5 5 5
5 5 5 5 5 5 5 5 5 5 5 5 5 5 5 5 5 5 5 5
5 5 5 5 5 5 5 5 5 5 5 5 5 5 5 5 5 5 5 5
5 5 5 5 5 5 5 5 5 5 5 5 5 5 5 5 5 5 5 5
5 5 5 5 5 5 5 5 5 5 5 5 5 5 5 5 5 5 5 5
5 5 5 5 5 5 5 5 5 5

CELL_DATA 2170
FIELD FieldData 1
PATCH_IDS 1 2170 int
1 1 1 1 1 1 1 1 1 1 1 1 1 1 1 1 1 1 1 1
1 1 1 1 1 1 1 1 1 1 1 1 1 1 1 1 1 1 1 1
1 1 1 1 1 1 1 1 1 1 1 1 1 1 1 1 1 1 1 1
1 1 1 1 1 1 1 1 1 1 1 1 1 1 1 1 1 1 1 1
1 1 1 1 1 1 1 1 1 1 1 1 1 1 1 1 1 1 1 1
1 1 1 1 1 1 1 1 1 1 1 1 1 1 1 1 1 1 1 1
1 1 1 1 1 1 1 1 1 1 1 1 1 1 1 1 1 1 1 1
1 1 1 1 1 1 1 1 1 1 1 1 1 1 1 1 1 1 1 1
1 1 1 1 1 1 1 1 1 1 1 1 1 1 1 1 1 1 1 1
1 1 1 1 1 1 1 1 1 1 1 1 1 1 1 1 1 1 1 1
1 1 1 1 1 1 1 1 1 1 1 1 1 1 1 1 1 1 1 1
1 1 1 1 1 1 1 1 1 1 1 1 1 1 1 1 1 1 1 1
1 1 1 1 1 1 1 1 1 1 1 1 1 1 1 1 1 1 1 1
1 1 1 1 1 1 1 1 1 1 1 1 1 1 1 1 1 1 1 1
1 1 1 1 1 1 1 1 1 1 1 1 1 1 1 1 1 1 1 1
1 1 1 1 1 1 1 1 1 1 1 1 1 1 1 1 1 1 1 1
1 1 1 1 1 1 1 1 1 1 1 1 1 1 1 1 1 1 1 1
1 1 1 1 1 1 1 1 1 1 1 1 1 1 1 1 1 1 1 1
1 1 1 1 1 1 1 1 1 1 1 1 1 1 1 1 1 1 1 1
1 1 1 1 1 1 1 1 1 1 1 1 1 1 1 1 1 1 1 1
1 1 1 1 1 1 1 1 1 1 1 1 1 1 1 1 1 1 1 1
1 1 1 1 1 1 1 1 1 1 1 1 1 1 1 1 1 1 1 1
1 1 1 1 1 1 1 1 1 1 1 1 1 1 1 1 1 1 1 1
1 1 1 1 1 1 1 1 1 1 1 1 1 1 1 1 1 1 1 1
1 1 1 1 1 1 1 1 1 1 1 1 1 1 1 1 1 1 1 1
1 1 1 1 1 1 1 1 1 1 1 1 1 1 1 1 1 1 1 1
1 1 1 1 1 1 1 1 1 1 1 1 1 1 1 1 1 1 1 1
1 1 1 1 1 1 1 1 1 1 1 1 1 1 1 1 1 1 1 1
1 1 1 1 1 1 1 1 1 1 1 1 1 1 1 1 1 1 1 1
1 1 1 1 1 1 1 1 1 1 1 1 1 1 1 1 1 1 1 1
1 1 1 1 1 1 1 1 1 1 1 1 1 1 1 1 1 1 1 1
1 1 1 1 1 1 1 1 1 1 1 1 1 1 1 1 1 1 1 1
1 1 1 1 1 1 1 1 1 1 1 1 1 1 1 1 1 1 1 1
1 1 1 1 1 1 1 1 1 1 1 1 1 1 1 1 1 1 1 1
1 1 1 1 1 1 1 1 1 1 1 1 1 1 1 1 1 1 1 1
1 1 1 1 1 1 1 1 1 1 1 1 1 1 1 1 1 1 1 1
1 1 1 1 1 1 1 1 1 1 1 1 1 1 1 1 1 1 1 1
1 1 1 1 1 1 1 1 1 1 1 1 1 1 1 1 1 1 1 1
1 1 1 1 1 1 1 1 1 1 1 1 2 2 2 2 2 2 2 2
2 2 2 2 2 2 2 2 2 2 2 2 2 2 2 2 2 2 2 2
2 2 2 2 2 2 2 2 2 2 2 2 2 2 2 2 2 2 2 2
2 2 2 2 2 2 2 2 2 2 2 2 2 2 2 2 2 2 2 2
2 2 2 2 2 2 2 2 2 2 2 2 2 2 2 2 2 2 2 2
2 2 2 2 2 2 2 2 2 2 2 2 2 2 2 2 2 2 2 2
2 2 2 2 2 2 2 2 2 2 2 2 2 2 2 2 2 2 2 2
2 2 2 2 2 2 2 2 2 2 2 2 2 2 2 2 2 2 2 2
2 2 2 2 2 2 2 2 2 2 2 2 2 2 2 2 2 2 2 2
2 2 2 2 2 2 2 2 2 2 2 2 2 2 2 2 2 2 2 2
2 2 2 2 2 2 2 2 3 3 3 3 3 3 3 3 3 3 3 3
3 3 3 3 3 3 3 3 3 3 3 3 3 3 3 3 3 3 3 3
3 3 3 3 3 3 3 3 3 3 3 3 3 3 3 3 3 3 3 3
3 3 3 3 3 3 4 4 4 4 4 4 4 4 4 4 4 4 4 4
4 4 4 4 4 4 4 4 4 4 4 4 4 4 4 4 4 4 4 4
4 4 4 4 4 4 4 4 4 4 4 4 4 4 4 4 4 4 4 4
4 4 4 4 4 4 4 4 4 4 4 4 4 4 4 4 4 4 4 4
4 4 4 4 4 4 4 4 4 4 4 4 4 4 4 4 4 4 4 4
4 4 4 4 4 4 4 4 4 4 4 4 4 4 4 4 4 4 4 4
4 4 4 4 4 4 4 4 4 4 4 4 4 4 4 4 4 4 4 4
4 4 4 4 4 4 4 4 4 4 4 4 4 4 4 4 4 4 4 4
4 4 4 4 4 4 4 4 4 4 4 4 4 4 4 4 4 4 4 4
4 4 4 4 4 4 4 4 4 4 4 4 4 4 4 4 4 4 4 4
4 4 4 4 4 4 4 4 4 4 4 4 4 4 4 4 4 4 4 4
4 4 4 4 4 4 4 4 4 4 4 4 4 4 4 4 4 4 4 4
4 4 4 4 4 4 4 4 4 4 4 4 4 4 4 4 4 4 4 4
4 4 4 4 4 4 4 4 4 4 4 4 4 4 4 4 4 4 4 4
4 4 4 4 4 4 4 4 4 4 4 4 4 4 4 4 4 4 4 4
4 4 4 4 4 4 4 4 4 4 4 4 4 4 4 4 4 4 4 4
4 4 4 4 4 4 4 4 4 4 4 4 4 4 4 4 4 4 4 4
4 4 4 4 4 4 4 4 4 4 4 4 4 4 4 4 4 4 4 4
4 4 4 4 4 4 4 4 4 4 4 4 4 4 4 4 4 4 4 4
4 4 4 4 4 4 4 4 4 4 4 4 4 4 4 4 4 4 5 5
5 5 5 5 5 5 5 5 5 5 5 5 5 5 5 5 5 5 5 5
5 5 5 5 5 5 5 5 5 5 5 5 5 5 5 5 5 5 5 5
5 5 5 5 5 5 5 5 5 5 5 5 5 5 5 5 5 5 5 5
5 5 5 5 5 5 5 5 5 5 5 5 5 5 5 5 5 5 5 5
5 5 5 5 5 5 5 5 5 5 5 5 5 5 5 5 5 5 5 5
5 5 5 5 5 5 5 5 5 6 6 6 6 6 6 6 6 6 6 6
6 6 6 6 6 6 6 6 6 6 6 6 6 6 6 6 6 6 6 6
6 6 6 6 6 6 6 6 6 6 6 6 6 6 6 6 6 6 6 6
6 6 6 6 6 6 6 6 6 6 6 6 6 6 6 6 6 6 6 6
6 6 6 6 6 6 6 6 6 6 6 6 6 6 6 6 6 6 6 6
6 6 6 6 6 6 6 6 6 6 6 6 6 6 6 6 6 6 6 6
6 6 6 6 6 6 6 6 6 6 6 6 6 6 6 6 6 6 6 6
6 6 6 6 6 6 6 6 6 6 6 6 6 6 6 6 6 6 6 6
6 6 6 6 6 6 6 6 6 6 7 7 7 7 7 7 7 7 7 7
7 7 7 7 7 7 7 7 7 7 7 7 7 7 7 7 7 7 7 7
7 7 7 7 7 7 7 7 7 7 7 7 7 7 7 7 7 7 7 7
7 7 7 7 7 7 7 7 7 7 7 7 7 7 7 7 7 7 7 7
7 7 7 7 7 7 7 7 7 7 7 7 7 7 7 7 7 7 7 7
7 7 7 7 7 7 7 7 7 7 7 7 7 7 7 7 7 7 7 7
7 7 7 7 7 7 7 7 7 7 7 7 7 7 7 7 7 7 7 7
7 7 7 7 7 7 7 7 7 7 7 7 7 7 7 7 7 7 7 7
7 7 7 7 7 7 7 7 7 7 7 7 7 7 7 7 7 7 7 7
7 7 7 7 7 7 7 7 7 7 7 7 7 7 7 7 7 7 7 7
7 7 7 7 7 7 7 7 7 7 7 7 7 7 7 7 7 7 7 7
7 7 7 7 7 7 7 7 7 7 7 7 7 7 7 7 7 7 7 7
7 7 7 7 7 7 7 7 7 7 7 7 7 7 7 7 7 7 7 7
7 7 7 7 7 7 7 7 7 7 7 7 7 7 7 7 7 7 7 7
7 7 7 7 7 7 7 7 7 7 7 7 7 7 7 7 7 7 7 7
7 7 7 7 7 7 7 7 7 7 7 7 7 7 7 7 7 7 7 7
7 7 7 7 7 7 7 7 7 7 7 7 7 7 7 7 7 7 7 7
7 7 7 7 7 7 7 7 7 7 7 7 7 7 7 7 7 7 7 7
7 7 7 7 7 7 7 7 7 7 7 7 7 7 7 7 7 7 7 7
7 7 7 7 7 7 7 7 7 7 7 7 7 7 7 7 7 7 7 7
7 7 7 7 7 7 7 7 7 7 7 7 7 7 7 7 7 7 7 7
7 7 7 7 7 7 7 7 7 7 7 7 7 7 7 7 7 7 7 7
7 7 7 7 7 7 7 7 7 7 7 7 7 7 7 7 7 7 7 7
7 7 7 7 7 7 7 7 7 7 7 7 7 7 7 7 7 7 7 7
7 7 7 7 7 7 7 7 7 7 

