 Start: ComputeIntegralCharacteristics
 End:   ComputeIntegralCharacteristics; Timer: cpu0=0.000 wall=0.001 
RESTART SOLUTION

Project name: full_rocket20
Project path: E:\UniFlight\flow\full_rocket20_fv\data\full_rocket20.fvproj
Current node: 0 (step=0, time=0)

Current input data
------------------
Region:
   LocalFrameRef=(none)
   Rotation=(none)
   GeneralSettings:
      RefValue:
         Temp=273
         Pres=101000
      Gravity:
         x=0
         y=0
         z=0
      GPOINT:
         x=0
         y=0
         z=0
      g_density=0
   Substances[0l]:
      UIName=Substance #0
      Type=standart
      State=gas
      Properties[0l]:
         Dimension=kg/mole
         Value=0.029
      Properties[1l]:
         Dimension=kg/m^3
         Value=Ideal gas law
         dRodP=0
         dRodT=0
      Properties[2l]:
         Dimension=kg/(m*s)
         Value=2e-05
      Properties[3l]:
         Dimension=W/(m*K)
         Value=0.022
      Properties[4l]:
         Dimension=J/(kg*K)
         Value=1000
      Properties[5l]:
         Dimension=J/kg
         Value=0
      Properties[6l]:
         Dimension=J/kg
         Value=Linear function
      Properties[7l]:
         Dimension=Pa
         Value=0
      Properties[8l]:
         Dimension=A
         Value=0
      Properties[9l]:
         Dimension=K
         Value=0
      Properties[10l]:
         Dimension=1/(Ohm*m)
         Value=0
      Properties[11l]:
         Dimension=Relative
         Value=0
      Properties[12l]:
         Dimension=Relative
         Value=0
   Phases[0l]:
      UIName=Phase #0
      Type=Continuum
      MuMixingModel=MODEL2_MU
      LbMixingModel=MODEL2_LB
      Substances[0l]=Region.Substances[0]
      Equations:
         EquationClasses[0l]=(none)
         EquationClasses[1l]=(none)
         EquationClasses[2l]=CNavierStokesEqSys
         EquationClasses[3l]=(none)
         EquationClasses[4l]=(none)
         EquationClasses[5l]=(none)
         EquationClasses[6l]=(none)
      Diam_Groups_Number_D=1
   Models[0l]:
      UIName=Model #0
      Phases[0l]=Region.Phases[0]
      InitialData[0l]:
         UIName=Init. data #0
         IniVars[0l]:
            Value:
               x=-103
               y=-5
               z=0
         IniVars[1l]:
            Value=0
      GapModel=(none)
      GapModelType=(none)
      Averaging:
         AveragingStartTime=0
   VisObjects[0l]:
      Users[0l]:
         Settings:
            MIndex=0
         Constraints=(none)
         normal:
            x=0
            y=0
            z=0
         IceSurface=False
         EnclaveAnalysis:
            Enabled=False
            SmallPolicy=KEEP
            VolThreshold=0
      Users[1l]:
         UIName=Init. condition #0
         Constraints=(none)
         ViewObject=Region.VisObjects[0]
         IniData=Region.Models[0].InitialData[0]
         Type=WholeCell
   VisObjects[1l]:
      UIName=Тело 1
      Users[0l]:
         UIName=Тело 1
         Object=Region.VisObjects[1]
         Constraints=(none)
         MarkCellsMode=BY_BOX
         Activation:
            Kind=PERMANENT
            TimeStart=0
            TimeDuration=0
            TimePeriod=0
            IterStart=1
            IterDuration=1
            IterPeriod=1
         Update:
            Kind=NON
            Time=0
            Iteration=1
         MassProperty:
            Mass=0
            CenterInertia:
               x=0
               y=0
               z=0
            MomentInertia0:
               x=0
               y=0
               z=0
            MomentInertia1:
               x=0
               y=0
               z=0
            MomentInertia2:
               x=0
               y=0
               z=0
         Movement:
            TimeVel:
               x=0
               y=0
               z=0
            Velocity:
               x=0
               y=0
               z=0
            TimeForce:
               x=0
               y=0
               z=0
            Force:
               x=0
               y=0
               z=0
            HydroForce:
               x=True
               y=True
               z=True
            Omega=1
         Rotation:
            UseCenterInertia=True
            Center:
               x=0
               y=0
               z=0
            TimeVel:
               x=0
               y=0
               z=0
            Velocity:
               x=0
               y=0
               z=0
            TimeMoment:
               x=0
               y=0
               z=0
            Moment:
               x=0
               y=0
               z=0
            HydroMoment:
               x=True
               y=True
               z=True
            Omega=1
         Location:
            Origin:
               x=0
               y=0
               z=0
            Def=CUSTOM_AXIS
            Angle=0
            Axis:
               x=1
               y=0
               z=0
            DefEuler=AVIA_RUS_ANGLES
            DefUser=THREE_AXES_XYZ
            Gamma=0
            Alpha=0
            Beta=0
            VIS_Ort0:
               x=1
               y=0
               z=0
            VIS_Ort1:
               x=0
               y=1
               z=0
            VIS_Ort2:
               x=0
               y=0
               z=1
            VIS_Scale=1
         Limitation:
            LimiterClass=CNoPositionLimiter
            Limiter=Region.VisObjects[1].Users[0].Limitation.Limiter
         DOF:
            Type=NO_LIMITS
            Point1:
               x=0
               y=0
               z=0
            Point2:
               x=1
               y=1
               z=1
            Translation=True
            Rotation=True
         FsiParams:
            ArtCompres=False
            MB_flexibility=0
            MB_mobility=0
         InsideOut=False
      Location:
         Origin:
            x=0
            y=0
            z=0
         Ort0:
            x=1
            y=0
            z=0
         Ort1:
            x=0
            y=1
            z=0
         Ort2:
            x=0
            y=0
            z=1
         Scale=1
      Source=E:\UniFlight\flow\\full_rocket20_fv\data/Тело 1.vtk
      Information:
         NumGroups=0
         NumFacets=0
         NumPoints=0
         Dim:
            Center:
               x=0
               y=0
               z=0
            Size:
               x=0
               y=0
               z=0
            BoxMin:
               x=0
               y=0
               z=0
            BoxMax:
               x=0
               y=0
               z=0
      MinLengthOfEdge=0.142281
   VisObjects[2l]:
      UIName=Тело 3
      Users[0l]:
         UIName=Тело 3
         Object=Region.VisObjects[2]
         Constraints=(none)
         MarkCellsMode=BY_BOX
         Activation:
            Kind=PERMANENT
            TimeStart=0
            TimeDuration=0
            TimePeriod=0
            IterStart=1
            IterDuration=1
            IterPeriod=1
         Update:
            Kind=NON
            Time=0
            Iteration=1
         MassProperty:
            Mass=0
            CenterInertia:
               x=0
               y=0
               z=0
            MomentInertia0:
               x=0
               y=0
               z=0
            MomentInertia1:
               x=0
               y=0
               z=0
            MomentInertia2:
               x=0
               y=0
               z=0
         Movement:
            TimeVel:
               x=0
               y=0
               z=0
            Velocity:
               x=0
               y=0
               z=0
            TimeForce:
               x=0
               y=0
               z=0
            Force:
               x=0
               y=0
               z=0
            HydroForce:
               x=True
               y=True
               z=True
            Omega=1
         Rotation:
            UseCenterInertia=True
            Center:
               x=0
               y=0
               z=0
            TimeVel:
               x=0
               y=0
               z=0
            Velocity:
               x=0
               y=0
               z=0
            TimeMoment:
               x=0
               y=0
               z=0
            Moment:
               x=0
               y=0
               z=0
            HydroMoment:
               x=True
               y=True
               z=True
            Omega=1
         Location:
            Origin:
               x=0
               y=0
               z=0
            Def=CUSTOM_AXIS
            Angle=0
            Axis:
               x=1
               y=0
               z=0
            DefEuler=AVIA_RUS_ANGLES
            DefUser=THREE_AXES_XYZ
            Gamma=0
            Alpha=0
            Beta=0
            VIS_Ort0:
               x=1
               y=0
               z=0
            VIS_Ort1:
               x=0
               y=1
               z=0
            VIS_Ort2:
               x=0
               y=0
               z=1
            VIS_Scale=1
         Limitation:
            LimiterClass=CNoPositionLimiter
            Limiter=Region.VisObjects[2].Users[0].Limitation.Limiter
         DOF:
            Type=NO_LIMITS
            Point1:
               x=0
               y=0
               z=0
            Point2:
               x=1
               y=1
               z=1
            Translation=True
            Rotation=True
         FsiParams:
            ArtCompres=False
            MB_flexibility=0
            MB_mobility=0
         InsideOut=False
      Location:
         Origin:
            x=0
            y=0
            z=0
         Ort0:
            x=1
            y=0
            z=0
         Ort1:
            x=0
            y=1
            z=0
         Ort2:
            x=0
            y=0
            z=1
         Scale=1
      Source=E:\UniFlight\flow\\full_rocket20_fv\data/Тело 3.vtk
      Information:
         NumGroups=0
         NumFacets=0
         NumPoints=0
         Dim:
            Center:
               x=0
               y=0
               z=0
            Size:
               x=0
               y=0
               z=0
            BoxMin:
               x=0
               y=0
               z=0
            BoxMax:
               x=0
               y=0
               z=0
      MinLengthOfEdge=0.0452404
   VisObjects[3l]:
      UIName=Смещенная плоскость:1
      center:
         x=0.0005
         y=0.0005
         z=0.01
      normal:
         x=0
         y=0
         z=1
      shiftAlongNormal=0
      planePoint:
         x=0.0005
         y=0.0005
         z=0.01
      Distance=0.01
   VisObjects[4l]:
      UIName=Supergroup #0
      Users[0l]:
         UIName=Характеристика Результат #1
         Object=Region.VisObjects[4]
         Settings:
            MIndex=0
         Constraints=(none)
         SubRegion=Region.VisObjects[4].Users[0].SubRegion
         MomentPt:
            x=0
            y=0
            z=0
         normal:
            x=0
            y=0
            z=0
         Var:
            Comp=SOURCE
         IceSurface=False
         ExtendedData=False
         EnclaveAnalysis:
            Enabled=False
            SmallPolicy=KEEP
            VolThreshold=0
   VisObjects[5l]:
      UIName=Supergroup #1
      Users[0l]:
         UIName=Характеристика Результат #2
         Object=Region.VisObjects[5]
         Settings:
            MIndex=0
         Constraints=(none)
         SubRegion=Region.VisObjects[4].Users[0].SubRegion
         MomentPt:
            x=0
            y=0
            z=0
         normal:
            x=0
            y=0
            z=0
         Var:
            Comp=SOURCE
         IceSurface=False
         ExtendedData=False
         EnclaveAnalysis:
            Enabled=False
            SmallPolicy=KEEP
            VolThreshold=0
   VisCharacteristics[0l]:
      Settings:
         MIndex=0
      Constraints=(none)
      normal:
         x=0
         y=0
         z=0
      IceSurface=False
      EnclaveAnalysis:
         Enabled=False
         SmallPolicy=KEEP
         VolThreshold=0
   VisCharacteristics[1l]:
      UIName=Характеристика Результат #1
      Object=Region.VisObjects[4]
      Settings:
         MIndex=0
      Constraints=(none)
      SubRegion=Region.VisObjects[4].Users[0].SubRegion
      MomentPt:
         x=0
         y=0
         z=0
      normal:
         x=0
         y=0
         z=0
      Var:
         Comp=SOURCE
      IceSurface=False
      ExtendedData=False
      EnclaveAnalysis:
         Enabled=False
         SmallPolicy=KEEP
         VolThreshold=0
   VisCharacteristics[2l]:
      UIName=Характеристика Результат #2
      Object=Region.VisObjects[5]
      Settings:
         MIndex=0
      Constraints=(none)
      SubRegion=Region.VisObjects[4].Users[0].SubRegion
      MomentPt:
         x=0
         y=0
         z=0
      normal:
         x=0
         y=0
         z=0
      Var:
         Comp=SOURCE
      IceSurface=False
      ExtendedData=False
      EnclaveAnalysis:
         Enabled=False
         SmallPolicy=KEEP
         VolThreshold=0
   VisibleSubRegs[0l]:
      UIName=SubRegion #0
      Model=Region.Models[0]
      Volume=1.32436e+06
      LocalFrameRef=(none)
      Rotation=(none)
      BConditions[0l]:
         UIName=Граничное условие
         Type=WALL
         WallTypes[0l]=WALLFUNC_EQUIL
         Roughness=0
         Wetangle=90
         GapSealing=-1
         AlphaWall=-1
         GapThermalConductance=-1
         LocalFrameRef=(none)
         Rotation=(none)
         Translation=(none)
         VarConditions[0l]:
            PhaseName=Phase #0
            Type=CBVelWallNonSlip
         Color=0x00ff0000
         Area=884.066
         VarTypes[0l]=CBVelWallNonSlip
         NumberOfSectors=0
         BinderCondition=(none)
         Binder=(none)
      BConditions[1l]:
         UIName=EXTENDED_INLET
         Type=INLETOUTLET
         WallTypes[0l]=WALLFUNC_EQUIL
         Roughness=0
         Wetangle=90
         GapSealing=-1
         AlphaWall=-1
         GapThermalConductance=-1
         LocalFrameRef=(none)
         Rotation=(none)
         Translation=(none)
         VarConditions[0l]:
            PhaseName=Phase #0
            Type=CBVelVectorPres
            VelVector:
               x=-103
               y=-5
               z=0
            VIS_Pres=0
         Color=0x00ff0000
         Area=0
         VarTypes[0l]=CBVelVectorPres
         NumberOfSectors=0
         BinderCondition=(none)
         Binder=(none)
      BConditions[2l]:
         UIName=EXTENDED_OUTLET
         Type=FREEOUTLET
         WallTypes[0l]=WALLFUNC_EQUIL
         Roughness=0
         Wetangle=90
         GapSealing=-1
         AlphaWall=-1
         GapThermalConductance=-1
         LocalFrameRef=(none)
         Rotation=(none)
         Translation=(none)
         VarConditions[0l]:
            PhaseName=Phase #0
            Type=CBVelOutlet
            Pressure=0
         Color=0x00ff0000
         Area=0
         VarTypes[0l]=CBVelOutlet
         NumberOfSectors=0
         BinderCondition=(none)
         Binder=(none)
      BConditions[3l]:
         UIName=EXTENDED_NONREFLECT
         Type=NONREFLECT
         WallTypes[0l]=WALLFUNC_EQUIL
         Roughness=0
         Wetangle=90
         GapSealing=-1
         AlphaWall=-1
         GapThermalConductance=-1
         LocalFrameRef=(none)
         Rotation=(none)
         Translation=(none)
         VarConditions[0l]:
            PhaseName=Phase #0
            Type=CBVelRiemann
            VelInf:
               x=-103
               y=-5
               z=0
            PresInf=0
         Color=0x00ff0000
         Area=79342.6
         VarTypes[0l]=CBVelRiemann
         NumberOfSectors=0
         BinderCondition=(none)
         Binder=(none)
      Filters[0l]:
         UIName=Тело 1
         Object=Region.VisObjects[1]
         Constraints=(none)
         MarkCellsMode=BY_BOX
         Activation:
            Kind=PERMANENT
            TimeStart=0
            TimeDuration=0
            TimePeriod=0
            IterStart=1
            IterDuration=1
            IterPeriod=1
         Update:
            Kind=NON
            Time=0
            Iteration=1
         MassProperty:
            Mass=0
            CenterInertia:
               x=0
               y=0
               z=0
            MomentInertia0:
               x=0
               y=0
               z=0
            MomentInertia1:
               x=0
               y=0
               z=0
            MomentInertia2:
               x=0
               y=0
               z=0
         Movement:
            TimeVel:
               x=0
               y=0
               z=0
            Velocity:
               x=0
               y=0
               z=0
            TimeForce:
               x=0
               y=0
               z=0
            Force:
               x=0
               y=0
               z=0
            HydroForce:
               x=True
               y=True
               z=True
            Omega=1
         Rotation:
            UseCenterInertia=True
            Center:
               x=0
               y=0
               z=0
            TimeVel:
               x=0
               y=0
               z=0
            Velocity:
               x=0
               y=0
               z=0
            TimeMoment:
               x=0
               y=0
               z=0
            Moment:
               x=0
               y=0
               z=0
            HydroMoment:
               x=True
               y=True
               z=True
            Omega=1
         Location:
            Origin:
               x=0
               y=0
               z=0
            Def=CUSTOM_AXIS
            Angle=0
            Axis:
               x=1
               y=0
               z=0
            DefEuler=AVIA_RUS_ANGLES
            DefUser=THREE_AXES_XYZ
            Gamma=0
            Alpha=0
            Beta=0
            VIS_Ort0:
               x=1
               y=0
               z=0
            VIS_Ort1:
               x=0
               y=1
               z=0
            VIS_Ort2:
               x=0
               y=0
               z=1
            VIS_Scale=1
         Limitation:
            LimiterClass=CNoPositionLimiter
            Limiter=Region.VisObjects[1].Users[0].Limitation.Limiter
         DOF:
            Type=NO_LIMITS
            Point1:
               x=0
               y=0
               z=0
            Point2:
               x=1
               y=1
               z=1
            Translation=True
            Rotation=True
         FsiParams:
            ArtCompres=False
            MB_flexibility=0
            MB_mobility=0
         InsideOut=False
      Filters[1l]:
         UIName=Тело 3
         Object=Region.VisObjects[2]
         Constraints=(none)
         MarkCellsMode=BY_BOX
         Activation:
            Kind=PERMANENT
            TimeStart=0
            TimeDuration=0
            TimePeriod=0
            IterStart=1
            IterDuration=1
            IterPeriod=1
         Update:
            Kind=NON
            Time=0
            Iteration=1
         MassProperty:
            Mass=0
            CenterInertia:
               x=0
               y=0
               z=0
            MomentInertia0:
               x=0
               y=0
               z=0
            MomentInertia1:
               x=0
               y=0
               z=0
            MomentInertia2:
               x=0
               y=0
               z=0
         Movement:
            TimeVel:
               x=0
               y=0
               z=0
            Velocity:
               x=0
               y=0
               z=0
            TimeForce:
               x=0
               y=0
               z=0
            Force:
               x=0
               y=0
               z=0
            HydroForce:
               x=True
               y=True
               z=True
            Omega=1
         Rotation:
            UseCenterInertia=True
            Center:
               x=0
               y=0
               z=0
            TimeVel:
               x=0
               y=0
               z=0
            Velocity:
               x=0
               y=0
               z=0
            TimeMoment:
               x=0
               y=0
               z=0
            Moment:
               x=0
               y=0
               z=0
            HydroMoment:
               x=True
               y=True
               z=True
            Omega=1
         Location:
            Origin:
               x=0
               y=0
               z=0
            Def=CUSTOM_AXIS
            Angle=0
            Axis:
               x=1
               y=0
               z=0
            DefEuler=AVIA_RUS_ANGLES
            DefUser=THREE_AXES_XYZ
            Gamma=0
            Alpha=0
            Beta=0
            VIS_Ort0:
               x=1
               y=0
               z=0
            VIS_Ort1:
               x=0
               y=1
               z=0
            VIS_Ort2:
               x=0
               y=0
               z=1
            VIS_Scale=1
         Limitation:
            LimiterClass=CNoPositionLimiter
            Limiter=Region.VisObjects[2].Users[0].Limitation.Limiter
         DOF:
            Type=NO_LIMITS
            Point1:
               x=0
               y=0
               z=0
            Point2:
               x=1
               y=1
               z=1
            Translation=True
            Rotation=True
         FsiParams:
            ArtCompres=False
            MB_flexibility=0
            MB_mobility=0
         InsideOut=False
      InitialData[0l]:
         UIName=Init. condition #0
         Constraints=(none)
         ViewObject=Region.VisObjects[0]
         IniData=Region.Models[0].InitialData[0]
         Type=WholeCell
   BinderLinks:
   ExtInteractions:
      ExchangeTime:
         Type=Region.ExtInteractions.ExchangeTime.Type
         UserStep=0.01
         UndefStep=0.001
         StepCoef=1
      OldOffsetMethod=True
      SaveAfterReceive=False
   GridParameters:
      InitialGrid:
         GridStruct=GRID_3D
         GridPlane=PLANE_XY
         GridDirect=DIRECT_X
         nx=10
         X[0l]=-105.057
         X[1l]=-84.0447
         X[2l]=-63.0327
         X[3l]=-42.0206
         X[4l]=-21.0085
         X[5l]=0.00353975
         X[6l]=21.0156
         X[7l]=42.0277
         X[8l]=63.0397
         X[9l]=84.0518
         X[10l]=105.064
         ny=10
         Y[0l]=-40.0447
         Y[1l]=-31.9641
         Y[2l]=-23.8835
         Y[3l]=-15.8029
         Y[4l]=-7.72225
         Y[5l]=0.358348
         Y[6l]=8.43895
         Y[7l]=16.5195
         Y[8l]=24.6002
         Y[9l]=32.6808
         Y[10l]=40.7614
         nz=10
         Z[0l]=-39
         Z[1l]=-31.2
         Z[2l]=-23.4
         Z[3l]=-15.6
         Z[4l]=-7.8
         Z[5l]=0
         Z[6l]=7.8
         Z[7l]=15.6
         Z[8l]=23.4
         Z[9l]=31.2
         Z[10l]=39
      Adaptation:
         Activation:
            Kind=BYITER
            TimeStart=0
            TimeDuration=0
            TimePeriod=0
            IterStart=-1
            IterDuration=2
            IterPeriod=1000000
         Criteria[0l]:
            UIName=Adaptation #0
            Activation=True
            maxLevel=0
            subregArray[0l]=Region.VisObjects[4].Users[0].SubRegion
            placeArray[0l]:
               Place=Region.VisObjects[0]
               Settings:
                  MIndex=0
            AdpStatType=MERGE
            TwoChips=True
            Concavity=True
            OpSameBC=True
            OpDiffConj=True
            AdpToCurvParams:
               IsActive=False
               AddLevels=2
               SurfCurvMaxAngle=15
               SurfCurvUpperLimit=120
            AdpToEdgeParams:
               IsActive=False
               AddLevels=2
               SharpEdgeAngle=60
            layerCounts[0l]=1
         Criteria[1l]:
            UIName=Адаптация #1
            Activation=True
            maxLevel=3
            subregArray[0l]=Region.VisObjects[4].Users[0].SubRegion
            AdpStatType=DIVIDE
            TwoChips=True
            Concavity=True
            OpSameBC=True
            OpDiffConj=True
            AdpToCurvParams:
               IsActive=False
               AddLevels=2
               SurfCurvMaxAngle=15
               SurfCurvUpperLimit=120
            AdpToEdgeParams:
               IsActive=False
               AddLevels=2
               SharpEdgeAngle=60
            layerCounts[0l]=3
            layerCounts[1l]=3
            layerCounts[2l]=3
      AdaptationToCond:
         Activation:
            Kind=PERMANENT
            TimeStart=0
            TimeDuration=0
            TimePeriod=0
            IterStart=1
            IterDuration=1
            IterPeriod=1
      AdaptationToSolution:
         Activation:
            Kind=BYITER
            TimeStart=0
            TimeDuration=0
            TimePeriod=0
            IterStart=10
            IterDuration=2
            IterPeriod=10
         Criteria[0l]:
            UIName=Adaptation to solution #0
            Activation=True
            maxLevel=3
            subregArray[0l]=Region.VisObjects[4].Users[0].SubRegion
            placeArray[0l]:
               Place=Region.VisObjects[0]
               Settings:
                  MIndex=0
            varArray[0l]:
               Variable:
                  Comp=SOURCE
               Type=GRADIENT
               Value=0
               Weight=1
         cellCount=100000
      OBLGrids:
         Activation:
            Type=PERMANENT
            IterStart=0
            TimeStart=0
   DllManager:
   Source=E:\UniFlight\flow\\full_rocket20_fv\data/full_rocket20.vtk
   Information:
      NumGroups=6
      NumFacets=12
      NumPoints=8
      Dim:
         Center:
            x=0.00353975
            y=0.358348
            z=0
         Size:
            x=210.121
            y=80.806
            z=78
         BoxMin:
            x=-105.057
            y=-40.0447
            z=-39
         BoxMax:
            x=105.064
            y=40.7614
            z=39
   Tolerance=1e-08
   MinLengthOfEdge=78



Current controls data
------------------
Controls:
   TimeStep:
      Type=CFL
      Step=0.001
      CFL=10
      CFLSURF=1e+20
      CFLDIFF=1e+20
      CFLSLIDE=1
      CFLFILM=5
      Maximum=0.1
      Minimum=1e-20
      DisConvergenceLimit=1e-10
      GradP_use=True
      ImplicitMotion:
         MassCorrectionCoeff=1
         Enabled=False
         MaxIterations=10
         IterDuration=5
         MaxResidual=0.01
         Relaxation=0.5
         ArtCompressCoeff=0.75
   Advanced:
      Scheme:
         Type=Smooth
         Skew=False
         SchemeType=Implicit
         TimeStepping:
            Method=Standard
            NumCoupling=1
         SideGradAppr=True
         PresGrad=Simple
         PresTotal=PtotSimple
         OffSpeed=False
         densDependendConc=False
         AddSmoothByAdapt=False
         JointSol=False
      LES:
         SolverType=AST
         RelTol=1e-10
         UseA=True
         MaxIterA=100
         UseS=True
         MaxIterS=250
         FinalizeSQD=False
         UseT=True
         MaxIterT=400
      LimValue:
         StresMax=1e+20
         PresMin=-1e+20
         PresMax=1e+20
         Extrapolation=False
         FluxMax=1e+20
      MHDParameters:
         iterationsnumber=1
         useMHDtimestep=False
         diffaktor=0
      VOFParameters:
         conservative_VOF=True
         relaxation_VOF=1
         VOF_CFL=0
         useVOFtimestep=True
         useVOFSRCtimestep=False
         usedroplets=False
         vof_LEV=0.0001
         useConservativeVelocity=False
         useSigmaSurfGradCalc=False
      DISPERSEDparam:
         Type=Upwind
         FitaDmin=0.001
         useFilmTimeStep=False
         IcingActivation:
            Type=OFF
            IterStart=0
            TimeStart=0
      CheckGrid=False
      AdaptThroughGap=True
      Balancing:
         Kind=NON
         TimeStart=0
         TimeDuration=0
         TimePeriod=0
         IterStart=1
         IterDuration=1
         IterPeriod=1
      TurbulenceParameters:
         DistViaPotential=True
         StandardWF=False
         Fr_background=0.09
         T_profile=3
         T_Kader=False
         T_variation=False
      ChemistryParameters:
         MatrixSolver=False
      ExportLoadings:
         SaveData:
            Kind=NON
            Time=0
            Iteration=1
            Filename=loadings.glo
            Mode=APPEND
            UpdateOnStop=False
            Format=(none)
         Subject=NODE_LOADINGS
      MainLog:
         WriteMainLog=True
         MainLogDepth=1
      SlideSurface:
         Type=Sliding
      SmoothDiffFluxes=False
   Limiters:
      CalcLimiters:
         CommonCalcLims:
            K_volumedata=0.5
         PhaseCalcLims[0l]:
            EditValues[0l]=1e-10
            EditValues[1l]=1e+20
            EditValues[2l]=-1e+20
            EditValues[3l]=1e+20
            SmallCellParameters:
               Type=ABSOLUTE
               Criteria=0.2
               DynamicCriteria=0.2
            VeryViscouseFlow=False
   AutoSave:
      NonStationary=False
      Frequency:
         Kind=BYITER
         Time=0
         Iteration=50
      SaveVTK:
         Enabled=False
         Binary=True
      EnSight:
         Enabled=False
         Binary=True
   LayerAutoSave:
      NonStationary=False
      Frequency:
         Kind=NON
         Time=0
         Iteration=50
      SaveSolids=True
   TortAutoSave:
      Enabled=False
      AdaptLevel=3
      Method=Multiply
   ExportLMS:
      SubRegion=(none)
      OnSurface:
         Enabled=False
         SplitSources=False
      InVolume:
         Enabled=False
         Box=(none)
         Grid:
            LocalSystem=True
            Nodes1_i=101
            Nodes2_i=101
            Nodes3_i=101
            Nodes1_s=101
            Nodes2_s=101
            Nodes3_s=101
      Start:
         Kind=BYTIME
         TimeStart=0
         IterStart=1
      Transformation:
         Origin:
            x=0
            y=0
            z=0
         Ort0:
            x=1
            y=0
            z=0
         Ort1:
            x=0
            y=1
            z=0
         Ort2:
            x=0
            y=0
            z=1
         Scale=1
   Stoppers:
      TimeSpan:
         begin=0
         end=8
      Iterations:
         Number=1000000
      StopperResidual[0l]:
         Level=0
         Averaging=COMMON
         AveragingSettings:
            Kind=BYTIME
            Time=0
            Iteration=1
         Color=0x00006312
      StopperResidual[1l]:
         Level=0
         Averaging=COMMON
         AveragingSettings:
            Kind=BYTIME
            Time=0
            Iteration=1
         Color=0x004b4bf4
      StopperUser[0l]:
         UIName=Результат #1
         Level=0
         Averaging=COMMON
         AveragingSettings:
            Kind=BYTIME
            Time=0
            Iteration=1
         Color=0x00006312
         Object=Controls.Stoppers.StopperUser[0].Object
         Group=0
         UGV=14
         Comp=X
      StopperUser[1l]:
         UIName=Результат #2
         Level=0
         Averaging=COMMON
         AveragingSettings:
            Kind=BYTIME
            Time=0
            Iteration=1
         Color=0x004b4bf4
         Object=Controls.Stoppers.StopperUser[1].Object
         Group=0
         UGV=14
         Comp=Y
      Update:
         Kind=BYTIME
         Time=0
         Iteration=1
      StopIterations=5
      StartSettings:
         CheckMode=CHECKITER
         StartTime=0
         StartIter=0


------------------

SOLUTION STARTED
FlowVision Solver, version 3.13.01-W64 build 20240822 changeset 0.

20.06.26 15:30:32  ===== PreSolve Step =====
 Grid rebuild type:  1
 Start: DistributeGridOnProcessors
 End:   DistributeGridOnProcessors, res= 0; Timer: cpu0=0.000 wall=0.002 
 Start: DistributeFacet
 End:   DistributeFacet, res= 0; Timer: cpu0=0.000 wall=0.001 
 Start: DistributeGridOnProcessors
 End:   DistributeGridOnProcessors, res= 0; Timer: cpu0=0.000 wall=0.002 
 Start: DistributeFacet
 End:   DistributeFacet, res= 0; Timer: cpu0=0.000 wall=0.001 
 Start: BuildRealCells
 End:   BuildRealCells, res= 0; Timer: cpu0=0.000 wall=0.011 
 Start: SetNeiHyperCells
 End:   SetNeiHyperCells, res= 0; Timer: cpu0=0.000 wall=0.001 
 Start: SetNeiHyperCells
 End:   SetNeiHyperCells, res= 0; Timer: cpu0=0.000 wall=0.001 
 Start: TransferSubregs
 End:   TransferSubregs, res= 0; Timer: cpu0=0.000 wall=0.001 
 Start: CreateData
 End:   CreateData, res= 0; Timer: cpu0=0.000 wall=0.001 
 Start: Adaptation, TotalRealCellsCount= 1000 
 End:   Adaptation; Timer: cpu0=0.000 wall=0.001 
 Start: DistributeGridOnProcessors
 End:   DistributeGridOnProcessors, res= 0; Timer: cpu0=0.000 wall=0.007 
 Start: SetNeiHyperCells
 End:   SetNeiHyperCells, res= 0; Timer: cpu0=0.000 wall=0.000 
 Start: DataInitialization
 End:   DataInitialization; Timer: cpu0=0.000 wall=0.004 
 End:   ===== PreSolve Step =====; Timer: cpu0=0.016 wall=0.065 
20.06.26 15:30:32  ===== Processing Layers =====
20.06.26 15:30:32    *SEND* for CScalarLayer, GUID=93D71ED0-037A-4648-BBF4-680D0FDCD798
 Start: ComputeVolumeCharacteristics
 End:   ComputeVolumeCharacteristics; Timer: cpu0=0.000 wall=0.001 
 Start: GetValueOnFacets
 End:   GetValueOnFacets; Timer: cpu0=0.000 wall=0.001 
20.06.26 15:30:32    *SEND* for CIntegralCharsLayer, GUID=4E090A0C-544B-E4A2-4242-BEC451D7CD2B
20.06.26 15:30:32    *SEND* for CIntegralCharsLayer, GUID=53BB5889-26C7-9FD5-3BE6-8D746C5C843A
20.06.26 15:30:32    *SEND* for CIntegralCharsLayer, GUID=FB58FBBB-1926-D59E-785F-29B9759925F3
 End:   ===== Processing Layers =====; Timer: cpu0=0.000 wall=0.010 

20.06.26 15:30:32  ===== New Time Step =====, Iter number =  0
 Start: SolidFiltersProcess
 End:   SolidFiltersProcess, res= 0; Timer: cpu0=0.172 wall=0.012 
 Start: TimeServis
 End:   TimeServis; Timer: cpu0=0.000 wall=0.002 
 Start: User modules' functions BeforeTimeStep() are calling
 End:   User modules' functions BeforeTimeStep() are calling; Timer: cpu0=0.000 wall=0.001 
 Start: Adaptation, TotalRealCellsCount= 1016 
 End:   Adaptation; Timer: cpu0=0.000 wall=0.002 
 Start: Initialize data arrays on chips
 End:   Initialize data arrays on chips, res= 0; Timer: cpu0=0.000 wall=0.000 
  ***** Maximum Geometrical Gauss = 1.67393e-15, cell= 40:0
  ***** Maximum MovingSurf  Gauss = 0, cell= 
 Start: Remove Small Cells
 End:   Remove Small Cells; Timer: cpu0=0.000 wall=0.001 
 Start: Initialize data arrays on chips
 End:   Initialize data arrays on chips, res= 0; Timer: cpu0=0.000 wall=0.001 
  ***** Maximum Geometrical Gauss = 1.67393e-15, cell= 40:0
  ***** Maximum MovingSurf  Gauss = 0, cell= 
 Start: Initialize data arrays on chips
 End:   Initialize data arrays on chips, res= 0; Timer: cpu0=0.000 wall=0.001 
 Start: Modify Chip Data
 End:   Modify Chip Data; Timer: cpu0=0.000 wall=0.001 
 Start: TimeServis
 End:   TimeServis; Timer: cpu0=0.000 wall=0.001 
 Start: FindEnclaves
 End:   FindEnclaves; Timer: cpu0=0.000 wall=0.001 
 Start: VarValueService
 End:   VarValueService; Timer: cpu0=0.000 wall=0.001 
 Start: SolvePhaseEquation 
 End:   SolvePhaseEquation ; Timer: cpu0=0.031 wall=0.029 
 Start: SolidFiltersProcess: calculate forces and moments
 End:   SolidFiltersProcess: calculate forces and moments; Timer: cpu0=0.000 wall=0.001 
 Start: PrepareDataForNextStep
 End:   PrepareDataForNextStep; Timer: cpu0=0.172 wall=0.004 
 Start: VarValueService
 End:   VarValueService; Timer: cpu0=0.000 wall=0.000 
 Start: UpdateStopperData
 End:   UpdateStopperData; Timer: cpu0=0.000 wall=0.000 
 Start: Saving text status in E:\UniFlight\flow\full_rocket20_fv\data\full_rocket20.status
 End:   Saving text status in E:\UniFlight\flow\full_rocket20_fv\data\full_rocket20.status; Timer: cpu0=0.000 wall=0.001 
 End:   ===== Time Step =====, Iter number =  0; Timer: cpu0=0.375 wall=0.081 

20.06.26 15:30:34  ===== Processing Layers =====
20.06.26 15:30:34    *SEND* for CScalarLayer, GUID=93D71ED0-037A-4648-BBF4-680D0FDCD798
 Start: ComputeVolumeCharacteristics
 End:   ComputeVolumeCharacteristics; Timer: cpu0=0.000 wall=0.000 
 Start: GetValueOnFacets
 End:   GetValueOnFacets; Timer: cpu0=0.000 wall=0.005 
20.06.26 15:30:34    *SEND* for CIntegralCharsLayer, GUID=4E090A0C-544B-E4A2-4242-BEC451D7CD2B
20.06.26 15:30:34    *SEND* for CIntegralCharsLayer, GUID=53BB5889-26C7-9FD5-3BE6-8D746C5C843A
20.06.26 15:30:34    *SEND* for CIntegralCharsLayer, GUID=FB58FBBB-1926-D59E-785F-29B9759925F3
 End:   ===== Processing Layers =====; Timer: cpu0=0.000 wall=0.015 

20.06.26 15:30:34  ===== New Time Step =====, Iter number =  1
 Start: TimeServis
 End:   TimeServis; Timer: cpu0=0.000 wall=0.002 
 Start: User modules' functions BeforeTimeStep() are calling
 End:   User modules' functions BeforeTimeStep() are calling; Timer: cpu0=0.000 wall=0.001 
 Start: Adaptation, TotalRealCellsCount= 1016 
 End:   Adaptation; Timer: cpu0=0.000 wall=0.000 
 Start: Initialize data arrays on chips
 End:   Initialize data arrays on chips, res= 0; Timer: cpu0=0.000 wall=0.001 
  ***** Maximum Geometrical Gauss = 1.67393e-15, cell= 40:0
  ***** Maximum MovingSurf  Gauss = 0, cell= 
 Start: Initialize data arrays on chips
 End:   Initialize data arrays on chips, res= 0; Timer: cpu0=0.000 wall=0.001 
 Start: TimeServis
 End:   TimeServis; Timer: cpu0=0.000 wall=0.001 
 Start: FindEnclaves
 End:   FindEnclaves; Timer: cpu0=0.000 wall=0.001 
 Start: VarValueService
 End:   VarValueService; Timer: cpu0=0.000 wall=0.001 
 Start: SolvePhaseEquation 
 End:   SolvePhaseEquation ; Timer: cpu0=0.109 wall=0.027 
 Start: SolidFiltersProcess: calculate forces and moments
 End:   SolidFiltersProcess: calculate forces and moments; Timer: cpu0=0.000 wall=0.001 
 Start: PrepareDataForNextStep
 End:   PrepareDataForNextStep; Timer: cpu0=0.000 wall=0.004 
 Start: VarValueService
 End:   VarValueService; Timer: cpu0=0.000 wall=0.001 
 Start: UpdateStopperData
 End:   UpdateStopperData; Timer: cpu0=0.000 wall=0.001 
 Start: Saving text status in E:\UniFlight\flow\full_rocket20_fv\data\full_rocket20.status
 End:   Saving text status in E:\UniFlight\flow\full_rocket20_fv\data\full_rocket20.status; Timer: cpu0=0.000 wall=0.001 
 End:   ===== Time Step =====, Iter number =  1; Timer: cpu0=0.109 wall=0.063 

20.06.26 15:30:34  ===== Processing Layers =====
20.06.26 15:30:34    *SEND* for CScalarLayer, GUID=93D71ED0-037A-4648-BBF4-680D0FDCD798
 Start: ComputeVolumeCharacteristics
 End:   ComputeVolumeCharacteristics; Timer: cpu0=0.000 wall=0.000 
 Start: GetValueOnFacets
 End:   GetValueOnFacets; Timer: cpu0=0.000 wall=0.005 
20.06.26 15:30:34    *SEND* for CIntegralCharsLayer, GUID=4E090A0C-544B-E4A2-4242-BEC451D7CD2B
20.06.26 15:30:34    *SEND* for CIntegralCharsLayer, GUID=53BB5889-26C7-9FD5-3BE6-8D746C5C843A
20.06.26 15:30:34    *SEND* for CIntegralCharsLayer, GUID=FB58FBBB-1926-D59E-785F-29B9759925F3
 End:   ===== Processing Layers =====; Timer: cpu0=0.000 wall=0.018 

20.06.26 15:30:34  ===== New Time Step =====, Iter number =  2
 Start: TimeServis
 End:   TimeServis; Timer: cpu0=0.000 wall=0.002 
 Start: User modules' functions BeforeTimeStep() are calling
 End:   User modules' functions BeforeTimeStep() are calling; Timer: cpu0=0.000 wall=0.002 
 Start: Adaptation, TotalRealCellsCount= 1016 
 End:   Adaptation; Timer: cpu0=0.000 wall=0.001 
 Start: Initialize data arrays on chips
 End:   Initialize data arrays on chips, res= 0; Timer: cpu0=0.000 wall=0.001 
  ***** Maximum Geometrical Gauss = 1.67393e-15, cell= 40:0
  ***** Maximum MovingSurf  Gauss = 0, cell= 
 Start: Initialize data arrays on chips
 End:   Initialize data arrays on chips, res= 0; Timer: cpu0=0.000 wall=0.000 
 Start: TimeServis
 End:   TimeServis; Timer: cpu0=0.000 wall=0.002 
 Start: FindEnclaves
 End:   FindEnclaves; Timer: cpu0=0.000 wall=0.001 
 Start: VarValueService
 End:   VarValueService; Timer: cpu0=0.000 wall=0.000 
 Start: SolvePhaseEquation 
 End:   SolvePhaseEquation ; Timer: cpu0=0.203 wall=0.027 
 Start: SolidFiltersProcess: calculate forces and moments
 End:   SolidFiltersProcess: calculate forces and moments; Timer: cpu0=0.000 wall=0.001 
 Start: PrepareDataForNextStep
 End:   PrepareDataForNextStep; Timer: cpu0=0.000 wall=0.006 
 Start: VarValueService
 End:   VarValueService; Timer: cpu0=0.000 wall=0.001 
 Start: UpdateStopperData
 End:   UpdateStopperData; Timer: cpu0=0.000 wall=0.001 
 Start: Saving text status in E:\UniFlight\flow\full_rocket20_fv\data\full_rocket20.status
 End:   Saving text status in E:\UniFlight\flow\full_rocket20_fv\data\full_rocket20.status; Timer: cpu0=0.000 wall=0.002 
 End:   ===== Time Step =====, Iter number =  2; Timer: cpu0=0.203 wall=0.068 

20.06.26 15:30:35  ===== Processing Layers =====
20.06.26 15:30:35    *SEND* for CScalarLayer, GUID=93D71ED0-037A-4648-BBF4-680D0FDCD798
 Start: ComputeVolumeCharacteristics
 End:   ComputeVolumeCharacteristics; Timer: cpu0=0.000 wall=0.000 
 Start: GetValueOnFacets
 End:   GetValueOnFacets; Timer: cpu0=0.000 wall=0.005 
20.06.26 15:30:35    *SEND* for CIntegralCharsLayer, GUID=4E090A0C-544B-E4A2-4242-BEC451D7CD2B
20.06.26 15:30:35    *SEND* for CIntegralCharsLayer, GUID=53BB5889-26C7-9FD5-3BE6-8D746C5C843A
20.06.26 15:30:35    *SEND* for CIntegralCharsLayer, GUID=FB58FBBB-1926-D59E-785F-29B9759925F3
 End:   ===== Processing Layers =====; Timer: cpu0=0.000 wall=0.020 

20.06.26 15:30:35  ===== New Time Step =====, Iter number =  3
 Start: TimeServis
 End:   TimeServis; Timer: cpu0=0.000 wall=0.001 
 Start: User modules' functions BeforeTimeStep() are calling
 End:   User modules' functions BeforeTimeStep() are calling; Timer: cpu0=0.000 wall=0.001 
 Start: Adaptation, TotalRealCellsCount= 1016 
 End:   Adaptation; Timer: cpu0=0.000 wall=0.001 
 Start: Initialize data arrays on chips
 End:   Initialize data arrays on chips, res= 0; Timer: cpu0=0.000 wall=0.000 
  ***** Maximum Geometrical Gauss = 1.67393e-15, cell= 40:0
  ***** Maximum MovingSurf  Gauss = 0, cell= 
 Start: Initialize data arrays on chips
 End:   Initialize data arrays on chips, res= 0; Timer: cpu0=0.000 wall=0.001 
 Start: TimeServis
 End:   TimeServis; Timer: cpu0=0.000 wall=0.001 
 Start: FindEnclaves
 End:   FindEnclaves; Timer: cpu0=0.000 wall=0.001 
 Start: VarValueService
 End:   VarValueService; Timer: cpu0=0.000 wall=0.001 
 Start: SolvePhaseEquation 
 End:   SolvePhaseEquation ; Timer: cpu0=0.047 wall=0.026 
 Start: SolidFiltersProcess: calculate forces and moments
 End:   SolidFiltersProcess: calculate forces and moments; Timer: cpu0=0.000 wall=0.002 
 Start: PrepareDataForNextStep
 End:   PrepareDataForNextStep; Timer: cpu0=0.000 wall=0.006 
 Start: VarValueService
 End:   VarValueService; Timer: cpu0=0.000 wall=0.002 
 Start: UpdateStopperData
 End:   UpdateStopperData; Timer: cpu0=0.000 wall=0.001 
 Start: Saving text status in E:\UniFlight\flow\full_rocket20_fv\data\full_rocket20.status
 End:   Saving text status in E:\UniFlight\flow\full_rocket20_fv\data\full_rocket20.status; Timer: cpu0=0.000 wall=0.002 
 End:   ===== Time Step =====, Iter number =  3; Timer: cpu0=0.047 wall=0.073 

20.06.26 15:30:35  ===== Processing Layers =====
20.06.26 15:30:35    *SEND* for CScalarLayer, GUID=93D71ED0-037A-4648-BBF4-680D0FDCD798
 Start: ComputeVolumeCharacteristics
 End:   ComputeVolumeCharacteristics; Timer: cpu0=0.000 wall=0.002 
 Start: GetValueOnFacets
 End:   GetValueOnFacets; Timer: cpu0=0.000 wall=0.007 
20.06.26 15:30:35    *SEND* for CIntegralCharsLayer, GUID=4E090A0C-544B-E4A2-4242-BEC451D7CD2B
20.06.26 15:30:35    *SEND* for CIntegralCharsLayer, GUID=53BB5889-26C7-9FD5-3BE6-8D746C5C843A
20.06.26 15:30:35    *SEND* for CIntegralCharsLayer, GUID=FB58FBBB-1926-D59E-785F-29B9759925F3
 End:   ===== Processing Layers =====; Timer: cpu0=0.000 wall=0.024 

20.06.26 15:30:35  ===== New Time Step =====, Iter number =  4
 Start: TimeServis
 End:   TimeServis; Timer: cpu0=0.000 wall=0.002 
 Start: User modules' functions BeforeTimeStep() are calling
 End:   User modules' functions BeforeTimeStep() are calling; Timer: cpu0=0.000 wall=0.001 
 Start: Adaptation, TotalRealCellsCount= 1016 
 End:   Adaptation; Timer: cpu0=0.000 wall=0.001 
 Start: Initialize data arrays on chips
 End:   Initialize data arrays on chips, res= 0; Timer: cpu0=0.000 wall=0.002 
  ***** Maximum Geometrical Gauss = 1.67393e-15, cell= 40:0
  ***** Maximum MovingSurf  Gauss = 0, cell= 
 Start: Initialize data arrays on chips
 End:   Initialize data arrays on chips, res= 0; Timer: cpu0=0.000 wall=0.001 
 Start: TimeServis
 End:   TimeServis; Timer: cpu0=0.000 wall=0.001 
 Start: FindEnclaves
 End:   FindEnclaves; Timer: cpu0=0.000 wall=0.001 
 Start: VarValueService
 End:   VarValueService; Timer: cpu0=0.000 wall=0.000 
 Start: SolvePhaseEquation 
 End:   SolvePhaseEquation ; Timer: cpu0=0.078 wall=0.030 
 Start: SolidFiltersProcess: calculate forces and moments
 End:   SolidFiltersProcess: calculate forces and moments; Timer: cpu0=0.000 wall=0.001 
 Start: PrepareDataForNextStep
 End:   PrepareDataForNextStep; Timer: cpu0=0.000 wall=0.006 
 Start: VarValueService
 End:   VarValueService; Timer: cpu0=0.000 wall=0.001 
 Start: UpdateStopperData
 End:   UpdateStopperData; Timer: cpu0=0.000 wall=0.001 
 Start: Saving text status in E:\UniFlight\flow\full_rocket20_fv\data\full_rocket20.status
 End:   Saving text status in E:\UniFlight\flow\full_rocket20_fv\data\full_rocket20.status; Timer: cpu0=0.000 wall=0.002 
 End:   ===== Time Step =====, Iter number =  4; Timer: cpu0=0.078 wall=0.076 

20.06.26 15:30:36  ===== Processing Layers =====
20.06.26 15:30:36    *SEND* for CScalarLayer, GUID=93D71ED0-037A-4648-BBF4-680D0FDCD798
 Start: ComputeVolumeCharacteristics
 End:   ComputeVolumeCharacteristics; Timer: cpu0=0.000 wall=0.001 
 Start: GetValueOnFacets
 End:   GetValueOnFacets; Timer: cpu0=0.016 wall=0.006 
20.06.26 15:30:36    *SEND* for CIntegralCharsLayer, GUID=4E090A0C-544B-E4A2-4242-BEC451D7CD2B
20.06.26 15:30:36    *SEND* for CIntegralCharsLayer, GUID=53BB5889-26C7-9FD5-3BE6-8D746C5C843A
20.06.26 15:30:36    *SEND* for CIntegralCharsLayer, GUID=FB58FBBB-1926-D59E-785F-29B9759925F3
 End:   ===== Processing Layers =====; Timer: cpu0=0.016 wall=0.021 

20.06.26 15:30:36  ===== New Time Step =====, Iter number =  5
 Start: TimeServis
 End:   TimeServis; Timer: cpu0=0.000 wall=0.001 
 Start: User modules' functions BeforeTimeStep() are calling
 End:   User modules' functions BeforeTimeStep() are calling; Timer: cpu0=0.000 wall=0.001 
 Start: Adaptation, TotalRealCellsCount= 1016 
 End:   Adaptation; Timer: cpu0=0.000 wall=0.002 
 Start: Initialize data arrays on chips
 End:   Initialize data arrays on chips, res= 0; Timer: cpu0=0.000 wall=0.000 
  ***** Maximum Geometrical Gauss = 1.67393e-15, cell= 40:0
  ***** Maximum MovingSurf  Gauss = 0, cell= 
 Start: Initialize data arrays on chips
 End:   Initialize data arrays on chips, res= 0; Timer: cpu0=0.000 wall=0.001 
 Start: TimeServis
 End:   TimeServis; Timer: cpu0=0.000 wall=0.002 
 Start: FindEnclaves
 End:   FindEnclaves; Timer: cpu0=0.000 wall=0.001 
 Start: VarValueService
 End:   VarValueService; Timer: cpu0=0.000 wall=0.001 
 Start: SolvePhaseEquation 
 End:   SolvePhaseEquation ; Timer: cpu0=0.312 wall=0.030 
 Start: SolidFiltersProcess: calculate forces and moments
 End:   SolidFiltersProcess: calculate forces and moments; Timer: cpu0=0.000 wall=0.002 
 Start: PrepareDataForNextStep
 End:   PrepareDataForNextStep; Timer: cpu0=0.000 wall=0.006 
 Start: VarValueService
 End:   VarValueService; Timer: cpu0=0.000 wall=0.001 
 Start: UpdateStopperData
 End:   UpdateStopperData; Timer: cpu0=0.000 wall=0.001 
 Start: Saving text status in E:\UniFlight\flow\full_rocket20_fv\data\full_rocket20.status
 End:   Saving text status in E:\UniFlight\flow\full_rocket20_fv\data\full_rocket20.status; Timer: cpu0=0.000 wall=0.002 
 End:   ===== Time Step =====, Iter number =  5; Timer: cpu0=0.312 wall=0.077 

20.06.26 15:30:37  ===== Processing Layers =====
20.06.26 15:30:37    *SEND* for CScalarLayer, GUID=93D71ED0-037A-4648-BBF4-680D0FDCD798
 Start: ComputeVolumeCharacteristics
 End:   ComputeVolumeCharacteristics; Timer: cpu0=0.000 wall=0.001 
 Start: GetValueOnFacets
 End:   GetValueOnFacets; Timer: cpu0=0.016 wall=0.006 
20.06.26 15:30:37    *SEND* for CIntegralCharsLayer, GUID=4E090A0C-544B-E4A2-4242-BEC451D7CD2B
20.06.26 15:30:37    *SEND* for CIntegralCharsLayer, GUID=53BB5889-26C7-9FD5-3BE6-8D746C5C843A
20.06.26 15:30:37    *SEND* for CIntegralCharsLayer, GUID=FB58FBBB-1926-D59E-785F-29B9759925F3
 End:   ===== Processing Layers =====; Timer: cpu0=0.016 wall=0.017 

20.06.26 15:30:37  ===== New Time Step =====, Iter number =  6
 Start: TimeServis
 End:   TimeServis; Timer: cpu0=0.000 wall=0.002 
 Start: User modules' functions BeforeTimeStep() are calling
 End:   User modules' functions BeforeTimeStep() are calling; Timer: cpu0=0.000 wall=0.001 
 Start: Adaptation, TotalRealCellsCount= 1016 
 End:   Adaptation; Timer: cpu0=0.000 wall=0.001 
 Start: Initialize data arrays on chips
 End:   Initialize data arrays on chips, res= 0; Timer: cpu0=0.000 wall=0.001 
  ***** Maximum Geometrical Gauss = 1.67393e-15, cell= 40:0
  ***** Maximum MovingSurf  Gauss = 0, cell= 
 Start: Initialize data arrays on chips
 End:   Initialize data arrays on chips, res= 0; Timer: cpu0=0.000 wall=0.001 
 Start: TimeServis
 End:   TimeServis; Timer: cpu0=0.000 wall=0.002 
 Start: FindEnclaves
 End:   FindEnclaves; Timer: cpu0=0.000 wall=0.000 
 Start: VarValueService
 End:   VarValueService; Timer: cpu0=0.000 wall=0.001 
 Start: SolvePhaseEquation 
 End:   SolvePhaseEquation ; Timer: cpu0=0.172 wall=0.028 
 Start: SolidFiltersProcess: calculate forces and moments
 End:   SolidFiltersProcess: calculate forces and moments; Timer: cpu0=0.000 wall=0.001 
 Start: PrepareDataForNextStep
 End:   PrepareDataForNextStep; Timer: cpu0=0.031 wall=0.005 
 Start: VarValueService
 End:   VarValueService; Timer: cpu0=0.000 wall=0.001 
 Start: UpdateStopperData
 End:   UpdateStopperData; Timer: cpu0=0.000 wall=0.001 
 Start: Saving text status in E:\UniFlight\flow\full_rocket20_fv\data\full_rocket20.status
 End:   Saving text status in E:\UniFlight\flow\full_rocket20_fv\data\full_rocket20.status; Timer: cpu0=0.000 wall=0.002 
 End:   ===== Time Step =====, Iter number =  6; Timer: cpu0=0.359 wall=0.067 

20.06.26 15:30:37  ===== Processing Layers =====
20.06.26 15:30:37    *SEND* for CScalarLayer, GUID=93D71ED0-037A-4648-BBF4-680D0FDCD798
 Start: ComputeVolumeCharacteristics
 End:   ComputeVolumeCharacteristics; Timer: cpu0=0.000 wall=0.001 
 Start: GetValueOnFacets
 End:   GetValueOnFacets; Timer: cpu0=0.000 wall=0.006 
20.06.26 15:30:37    *SEND* for CIntegralCharsLayer, GUID=4E090A0C-544B-E4A2-4242-BEC451D7CD2B
20.06.26 15:30:37    *SEND* for CIntegralCharsLayer, GUID=53BB5889-26C7-9FD5-3BE6-8D746C5C843A
20.06.26 15:30:37    *SEND* for CIntegralCharsLayer, GUID=FB58FBBB-1926-D59E-785F-29B9759925F3
 End:   ===== Processing Layers =====; Timer: cpu0=0.000 wall=0.018 

20.06.26 15:30:37  ===== New Time Step =====, Iter number =  7
 Start: TimeServis
 End:   TimeServis; Timer: cpu0=0.000 wall=0.002 
 Start: User modules' functions BeforeTimeStep() are calling
 End:   User modules' functions BeforeTimeStep() are calling; Timer: cpu0=0.000 wall=0.001 
 Start: Adaptation, TotalRealCellsCount= 1016 
 End:   Adaptation; Timer: cpu0=0.000 wall=0.001 
 Start: Initialize data arrays on chips
 End:   Initialize data arrays on chips, res= 0; Timer: cpu0=0.000 wall=0.000 
  ***** Maximum Geometrical Gauss = 1.67393e-15, cell= 40:0
  ***** Maximum MovingSurf  Gauss = 0, cell= 
 Start: Initialize data arrays on chips
 End:   Initialize data arrays on chips, res= 0; Timer: cpu0=0.000 wall=0.001 
 Start: TimeServis
 End:   TimeServis; Timer: cpu0=0.000 wall=0.002 
 Start: FindEnclaves
 End:   FindEnclaves; Timer: cpu0=0.000 wall=0.001 
 Start: VarValueService
 End:   VarValueService; Timer: cpu0=0.000 wall=0.001 
 Start: SolvePhaseEquation 
 End:   SolvePhaseEquation ; Timer: cpu0=0.172 wall=0.027 
 Start: SolidFiltersProcess: calculate forces and moments
 End:   SolidFiltersProcess: calculate forces and moments; Timer: cpu0=0.000 wall=0.001 
 Start: PrepareDataForNextStep
 End:   PrepareDataForNextStep; Timer: cpu0=0.031 wall=0.006 
 Start: VarValueService
 End:   VarValueService; Timer: cpu0=0.000 wall=0.001 
 Start: UpdateStopperData
 End:   UpdateStopperData; Timer: cpu0=0.000 wall=0.000 
 Start: Saving text status in E:\UniFlight\flow\full_rocket20_fv\data\full_rocket20.status
 End:   Saving text status in E:\UniFlight\flow\full_rocket20_fv\data\full_rocket20.status; Timer: cpu0=0.000 wall=0.002 
 End:   ===== Time Step =====, Iter number =  7; Timer: cpu0=0.203 wall=0.070 

20.06.26 15:30:38  ===== Processing Layers =====
20.06.26 15:30:38    *SEND* for CScalarLayer, GUID=93D71ED0-037A-4648-BBF4-680D0FDCD798
 Start: ComputeVolumeCharacteristics
 End:   ComputeVolumeCharacteristics; Timer: cpu0=0.000 wall=0.001 
 Start: GetValueOnFacets
 End:   GetValueOnFacets; Timer: cpu0=0.000 wall=0.005 
20.06.26 15:30:38    *SEND* for CIntegralCharsLayer, GUID=4E090A0C-544B-E4A2-4242-BEC451D7CD2B
20.06.26 15:30:38    *SEND* for CIntegralCharsLayer, GUID=53BB5889-26C7-9FD5-3BE6-8D746C5C843A
20.06.26 15:30:38    *SEND* for CIntegralCharsLayer, GUID=FB58FBBB-1926-D59E-785F-29B9759925F3
 End:   ===== Processing Layers =====; Timer: cpu0=0.000 wall=0.016 

20.06.26 15:30:38  ===== New Time Step =====, Iter number =  8
 Start: TimeServis
 End:   TimeServis; Timer: cpu0=0.000 wall=0.001 
 Start: User modules' functions BeforeTimeStep() are calling
 End:   User modules' functions BeforeTimeStep() are calling; Timer: cpu0=0.000 wall=0.001 
 Start: Adaptation, TotalRealCellsCount= 1016 
 End:   Adaptation; Timer: cpu0=0.000 wall=0.001 
 Start: Initialize data arrays on chips
 End:   Initialize data arrays on chips, res= 0; Timer: cpu0=0.000 wall=0.001 
  ***** Maximum Geometrical Gauss = 1.67393e-15, cell= 40:0
  ***** Maximum MovingSurf  Gauss = 0, cell= 
 Start: Initialize data arrays on chips
 End:   Initialize data arrays on chips, res= 0; Timer: cpu0=0.000 wall=0.000 
 Start: TimeServis
 End:   TimeServis; Timer: cpu0=0.109 wall=0.002 
 Start: FindEnclaves
 End:   FindEnclaves; Timer: cpu0=0.000 wall=0.001 
 Start: VarValueService
 End:   VarValueService; Timer: cpu0=0.000 wall=0.001 
 Start: SolvePhaseEquation 
 End:   SolvePhaseEquation ; Timer: cpu0=0.047 wall=0.025 
 Start: SolidFiltersProcess: calculate forces and moments
 End:   SolidFiltersProcess: calculate forces and moments; Timer: cpu0=0.000 wall=0.002 
 Start: PrepareDataForNextStep
 End:   PrepareDataForNextStep; Timer: cpu0=0.000 wall=0.005 
 Start: VarValueService
 End:   VarValueService; Timer: cpu0=0.000 wall=0.000 
 Start: UpdateStopperData
 End:   UpdateStopperData; Timer: cpu0=0.000 wall=0.001 
 Start: Saving text status in E:\UniFlight\flow\full_rocket20_fv\data\full_rocket20.status
 End:   Saving text status in E:\UniFlight\flow\full_rocket20_fv\data\full_rocket20.status; Timer: cpu0=0.000 wall=0.002 
 End:   ===== Time Step =====, Iter number =  8; Timer: cpu0=0.156 wall=0.064 

20.06.26 15:30:38  ===== Processing Layers =====
20.06.26 15:30:38    *SEND* for CScalarLayer, GUID=93D71ED0-037A-4648-BBF4-680D0FDCD798
 Start: ComputeVolumeCharacteristics
 End:   ComputeVolumeCharacteristics; Timer: cpu0=0.000 wall=0.001 
 Start: GetValueOnFacets
 End:   GetValueOnFacets; Timer: cpu0=0.000 wall=0.007 
20.06.26 15:30:38    *SEND* for CIntegralCharsLayer, GUID=4E090A0C-544B-E4A2-4242-BEC451D7CD2B
20.06.26 15:30:38    *SEND* for CIntegralCharsLayer, GUID=53BB5889-26C7-9FD5-3BE6-8D746C5C843A
20.06.26 15:30:38    *SEND* for CIntegralCharsLayer, GUID=FB58FBBB-1926-D59E-785F-29B9759925F3
 End:   ===== Processing Layers =====; Timer: cpu0=0.000 wall=0.018 

20.06.26 15:30:38  ===== New Time Step =====, Iter number =  9
 Start: TimeServis
 End:   TimeServis; Timer: cpu0=0.000 wall=0.002 
 Start: User modules' functions BeforeTimeStep() are calling
 End:   User modules' functions BeforeTimeStep() are calling; Timer: cpu0=0.000 wall=0.001 
 Start: Adaptation, TotalRealCellsCount= 1016 
 End:   Adaptation; Timer: cpu0=0.000 wall=0.001 
 Start: Initialize data arrays on chips
 End:   Initialize data arrays on chips, res= 0; Timer: cpu0=0.000 wall=0.001 
  ***** Maximum Geometrical Gauss = 1.67393e-15, cell= 40:0
  ***** Maximum MovingSurf  Gauss = 0, cell= 
 Start: Initialize data arrays on chips
 End:   Initialize data arrays on chips, res= 0; Timer: cpu0=0.000 wall=0.001 
 Start: TimeServis
 End:   TimeServis; Timer: cpu0=0.000 wall=0.001 
 Start: FindEnclaves
 End:   FindEnclaves; Timer: cpu0=0.000 wall=0.001 
 Start: VarValueService
 End:   VarValueService; Timer: cpu0=0.000 wall=0.001 
 Start: SolvePhaseEquation 
 End:   SolvePhaseEquation ; Timer: cpu0=0.203 wall=0.025 
 Start: SolidFiltersProcess: calculate forces and moments
 End:   SolidFiltersProcess: calculate forces and moments; Timer: cpu0=0.000 wall=0.001 
 Start: PrepareDataForNextStep
 End:   PrepareDataForNextStep; Timer: cpu0=0.000 wall=0.005 
 Start: VarValueService
 End:   VarValueService; Timer: cpu0=0.000 wall=0.000 
 Start: UpdateStopperData
 End:   UpdateStopperData; Timer: cpu0=0.000 wall=0.000 
 Start: Saving text status in E:\UniFlight\flow\full_rocket20_fv\data\full_rocket20.status
 End:   Saving text status in E:\UniFlight\flow\full_rocket20_fv\data\full_rocket20.status; Timer: cpu0=0.000 wall=0.002 
 End:   ===== Time Step =====, Iter number =  9; Timer: cpu0=0.297 wall=0.066 

20.06.26 15:30:39  ===== Processing Layers =====
20.06.26 15:30:39    *SEND* for CScalarLayer, GUID=93D71ED0-037A-4648-BBF4-680D0FDCD798
 Start: ComputeVolumeCharacteristics
 End:   ComputeVolumeCharacteristics; Timer: cpu0=0.000 wall=0.001 
 Start: GetValueOnFacets
 End:   GetValueOnFacets; Timer: cpu0=0.000 wall=0.006 
20.06.26 15:30:39    *SEND* for CIntegralCharsLayer, GUID=4E090A0C-544B-E4A2-4242-BEC451D7CD2B
20.06.26 15:30:39    *SEND* for CIntegralCharsLayer, GUID=53BB5889-26C7-9FD5-3BE6-8D746C5C843A
20.06.26 15:30:39    *SEND* for CIntegralCharsLayer, GUID=FB58FBBB-1926-D59E-785F-29B9759925F3
 End:   ===== Processing Layers =====; Timer: cpu0=0.000 wall=0.019 

20.06.26 15:30:39  ===== New Time Step =====, Iter number =  10
 Start: TimeServis
 End:   TimeServis; Timer: cpu0=0.000 wall=0.002 
 Start: User modules' functions BeforeTimeStep() are calling
 End:   User modules' functions BeforeTimeStep() are calling; Timer: cpu0=0.000 wall=0.001 
 Start: Adaptation, TotalRealCellsCount= 1016 
 End:   Adaptation; Timer: cpu0=0.500 wall=0.085 
 Start: DistributeGridOnProcessors
 End:   DistributeGridOnProcessors, res= 0; Timer: cpu0=0.094 wall=0.025 
 Start: SetNeiHyperCells
 End:   SetNeiHyperCells, res= 0; Timer: cpu0=0.000 wall=0.002 
 Start: BuildFacetDistribution
 End:   BuildFacetDistribution; Timer: cpu0=0.000 wall=0.001 
 Start: Initialize data arrays on chips
 End:   Initialize data arrays on chips, res= 0; Timer: cpu0=0.000 wall=0.001 
  ***** Maximum Geometrical Gauss = 4.3966e-15, cell= 995:7:0
  ***** Maximum MovingSurf  Gauss = 9.09932e-15, cell= 992:6:0
 Start: Remove Small Cells
 End:   Remove Small Cells; Timer: cpu0=0.000 wall=0.002 
 Start: Initialize data arrays on chips
 End:   Initialize data arrays on chips, res= 0; Timer: cpu0=0.000 wall=0.001 
  ***** Maximum Geometrical Gauss = 4.3966e-15, cell= 995:7:0
  ***** Maximum MovingSurf  Gauss = 9.09932e-15, cell= 992:6:0
 Start: Initialize data arrays on chips
 End:   Initialize data arrays on chips, res= 0; Timer: cpu0=0.000 wall=0.001 
 Start: Modify Chip Data
 End:   Modify Chip Data; Timer: cpu0=0.000 wall=0.003 
 Start: TimeServis
 End:   TimeServis; Timer: cpu0=0.125 wall=0.007 
 Start: FindEnclaves
 End:   FindEnclaves; Timer: cpu0=0.000 wall=0.004 
 Start: VarValueService
 End:   VarValueService; Timer: cpu0=0.000 wall=0.000 
 Start: SolvePhaseEquation 
 End:   SolvePhaseEquation ; Timer: cpu0=0.922 wall=0.142 
 Start: SolidFiltersProcess: calculate forces and moments
 End:   SolidFiltersProcess: calculate forces and moments; Timer: cpu0=0.000 wall=0.001 
 Start: PrepareDataForNextStep
 End:   PrepareDataForNextStep; Timer: cpu0=0.031 wall=0.010 
 Start: VarValueService
 End:   VarValueService; Timer: cpu0=0.000 wall=0.001 
 Start: UpdateStopperData
 End:   UpdateStopperData; Timer: cpu0=0.000 wall=0.001 
 Start: Saving text status in E:\UniFlight\flow\full_rocket20_fv\data\full_rocket20.status
 End:   Saving text status in E:\UniFlight\flow\full_rocket20_fv\data\full_rocket20.status; Timer: cpu0=0.000 wall=0.003 
 End:   ===== Time Step =====, Iter number =  10; Timer: cpu0=1.781 wall=0.343 

20.06.26 15:30:39  ===== Processing Layers =====
20.06.26 15:30:39    *SEND* for CScalarLayer, GUID=93D71ED0-037A-4648-BBF4-680D0FDCD798
 Start: ComputeVolumeCharacteristics
 End:   ComputeVolumeCharacteristics; Timer: cpu0=0.000 wall=0.002 
 Start: GetValueOnFacets
 End:   GetValueOnFacets; Timer: cpu0=0.016 wall=0.008 
20.06.26 15:30:39    *SEND* for CIntegralCharsLayer, GUID=4E090A0C-544B-E4A2-4242-BEC451D7CD2B
20.06.26 15:30:39    *SEND* for CIntegralCharsLayer, GUID=53BB5889-26C7-9FD5-3BE6-8D746C5C843A
20.06.26 15:30:39    *SEND* for CIntegralCharsLayer, GUID=FB58FBBB-1926-D59E-785F-29B9759925F3
 End:   ===== Processing Layers =====; Timer: cpu0=0.016 wall=0.021 

20.06.26 15:30:39  ===== New Time Step =====, Iter number =  11
 Start: TimeServis
 End:   TimeServis; Timer: cpu0=0.000 wall=0.005 
 Start: User modules' functions BeforeTimeStep() are calling
 End:   User modules' functions BeforeTimeStep() are calling; Timer: cpu0=0.000 wall=0.001 
 Start: Adaptation, TotalRealCellsCount= 8025 
 End:   Adaptation; Timer: cpu0=3.641 wall=0.592 
 Start: DistributeGridOnProcessors
 End:   DistributeGridOnProcessors, res= 0; Timer: cpu0=0.484 wall=0.141 
 Start: SetNeiHyperCells
 End:   SetNeiHyperCells, res= 0; Timer: cpu0=0.000 wall=0.005 
 Start: BuildFacetDistribution
 End:   BuildFacetDistribution; Timer: cpu0=0.000 wall=0.001 
 Start: Initialize data arrays on chips
 End:   Initialize data arrays on chips, res= 0; Timer: cpu0=0.000 wall=0.002 
  ***** Maximum Geometrical Gauss = 1.20625e-14, cell= 99:2:2:0
  ***** Maximum MovingSurf  Gauss = 5.45959e-14, cell= 81:0:1:0
 Start: Remove Small Cells
 End:   Remove Small Cells; Timer: cpu0=0.172 wall=0.013 
 Start: Initialize data arrays on chips
 End:   Initialize data arrays on chips, res= 0; Timer: cpu0=0.000 wall=0.001 
  ***** Maximum Geometrical Gauss = 1.20625e-14, cell= 99:2:2:0
  ***** Maximum MovingSurf  Gauss = 5.45959e-14, cell= 88:1:1:0
 Start: Initialize data arrays on chips
 End:   Initialize data arrays on chips, res= 0; Timer: cpu0=0.000 wall=0.002 
 Start: Modify Chip Data
 End:   Modify Chip Data; Timer: cpu0=0.125 wall=0.014 
 Start: TimeServis
 End:   TimeServis; Timer: cpu0=0.172 wall=0.028 
 Start: FindEnclaves
 End:   FindEnclaves; Timer: cpu0=0.047 wall=0.055 
 Start: VarValueService
 End:   VarValueService; Timer: cpu0=0.000 wall=0.001 
 Start: SolvePhaseEquation 
 End:   SolvePhaseEquation ; Timer: cpu0=7.328 wall=0.933 
 Start: SolidFiltersProcess: calculate forces and moments
 End:   SolidFiltersProcess: calculate forces and moments; Timer: cpu0=0.000 wall=0.002 
 Start: PrepareDataForNextStep
 End:   PrepareDataForNextStep; Timer: cpu0=0.156 wall=0.028 
 Start: VarValueService
 End:   VarValueService; Timer: cpu0=0.000 wall=0.002 
 Start: UpdateStopperData
 End:   UpdateStopperData; Timer: cpu0=0.000 wall=0.001 
 Start: Saving text status in E:\UniFlight\flow\full_rocket20_fv\data\full_rocket20.status
 End:   Saving text status in E:\UniFlight\flow\full_rocket20_fv\data\full_rocket20.status; Timer: cpu0=0.000 wall=0.002 
 End:   ===== Time Step =====, Iter number =  11; Timer: cpu0=12.469 wall=1.897 

20.06.26 15:30:42  ===== Processing Layers =====
20.06.26 15:30:42    *SEND* for CScalarLayer, GUID=93D71ED0-037A-4648-BBF4-680D0FDCD798
 Start: ComputeVolumeCharacteristics
 End:   ComputeVolumeCharacteristics; Timer: cpu0=0.000 wall=0.003 
 Start: GetValueOnFacets
 End:   GetValueOnFacets; Timer: cpu0=0.016 wall=0.013 
20.06.26 15:30:42    *SEND* for CIntegralCharsLayer, GUID=4E090A0C-544B-E4A2-4242-BEC451D7CD2B
20.06.26 15:30:42    *SEND* for CIntegralCharsLayer, GUID=53BB5889-26C7-9FD5-3BE6-8D746C5C843A
20.06.26 15:30:42    *SEND* for CIntegralCharsLayer, GUID=FB58FBBB-1926-D59E-785F-29B9759925F3
 End:   ===== Processing Layers =====; Timer: cpu0=0.062 wall=0.033 

20.06.26 15:30:42  ===== New Time Step =====, Iter number =  12
 Start: TimeServis
 End:   TimeServis; Timer: cpu0=0.328 wall=0.027 
 Start: User modules' functions BeforeTimeStep() are calling
 End:   User modules' functions BeforeTimeStep() are calling; Timer: cpu0=0.000 wall=0.001 
 Start: Adaptation, TotalRealCellsCount= 64017 
 End:   Adaptation; Timer: cpu0=0.000 wall=0.004 
 Start: Initialize data arrays on chips
 End:   Initialize data arrays on chips, res= 0; Timer: cpu0=0.000 wall=0.002 
  ***** Maximum Geometrical Gauss = 1.20625e-14, cell= 99:2:2:0
  ***** Maximum MovingSurf  Gauss = 0, cell= 
 Start: Initialize data arrays on chips
 End:   Initialize data arrays on chips, res= 0; Timer: cpu0=0.000 wall=0.002 
 Start: TimeServis
 End:   TimeServis; Timer: cpu0=0.266 wall=0.031 
 Start: FindEnclaves
 End:   FindEnclaves; Timer: cpu0=0.047 wall=0.052 
 Start: VarValueService
 End:   VarValueService; Timer: cpu0=0.000 wall=0.001 
 Start: SolvePhaseEquation 
 End:   SolvePhaseEquation ; Timer: cpu0=7.875 wall=1.079 
 Start: SolidFiltersProcess: calculate forces and moments
 End:   SolidFiltersProcess: calculate forces and moments; Timer: cpu0=0.000 wall=0.002 
 Start: PrepareDataForNextStep
 End:   PrepareDataForNextStep; Timer: cpu0=0.234 wall=0.029 
 Start: VarValueService
 End:   VarValueService; Timer: cpu0=0.000 wall=0.002 
 Start: UpdateStopperData
 End:   UpdateStopperData; Timer: cpu0=0.000 wall=0.001 
 Start: Saving text status in E:\UniFlight\flow\full_rocket20_fv\data\full_rocket20.status
 End:   Saving text status in E:\UniFlight\flow\full_rocket20_fv\data\full_rocket20.status; Timer: cpu0=0.000 wall=0.002 
 End:   ===== Time Step =====, Iter number =  12; Timer: cpu0=8.938 wall=1.291 

20.06.26 15:30:43  ===== Processing Layers =====
20.06.26 15:30:43    *SEND* for CScalarLayer, GUID=93D71ED0-037A-4648-BBF4-680D0FDCD798
 Start: ComputeVolumeCharacteristics
 End:   ComputeVolumeCharacteristics; Timer: cpu0=0.000 wall=0.003 
 Start: GetValueOnFacets
 End:   GetValueOnFacets; Timer: cpu0=0.016 wall=0.011 
20.06.26 15:30:43    *SEND* for CIntegralCharsLayer, GUID=4E090A0C-544B-E4A2-4242-BEC451D7CD2B
20.06.26 15:30:43    *SEND* for CIntegralCharsLayer, GUID=53BB5889-26C7-9FD5-3BE6-8D746C5C843A
20.06.26 15:30:43    *SEND* for CIntegralCharsLayer, GUID=FB58FBBB-1926-D59E-785F-29B9759925F3
 End:   ===== Processing Layers =====; Timer: cpu0=0.188 wall=0.029 

20.06.26 15:30:43  ===== New Time Step =====, Iter number =  13
 Start: TimeServis
 End:   TimeServis; Timer: cpu0=0.344 wall=0.026 
 Start: User modules' functions BeforeTimeStep() are calling
 End:   User modules' functions BeforeTimeStep() are calling; Timer: cpu0=0.000 wall=0.001 
 Start: Adaptation, TotalRealCellsCount= 64017 
 End:   Adaptation; Timer: cpu0=0.000 wall=0.003 
 Start: Initialize data arrays on chips
 End:   Initialize data arrays on chips, res= 0; Timer: cpu0=0.000 wall=0.001 
  ***** Maximum Geometrical Gauss = 1.20625e-14, cell= 99:2:2:0
  ***** Maximum MovingSurf  Gauss = 0, cell= 
 Start: Initialize data arrays on chips
 End:   Initialize data arrays on chips, res= 0; Timer: cpu0=0.141 wall=0.001 
 Start: TimeServis
 End:   TimeServis; Timer: cpu0=0.297 wall=0.027 
 Start: FindEnclaves
 End:   FindEnclaves; Timer: cpu0=0.203 wall=0.046 
 Start: VarValueService
 End:   VarValueService; Timer: cpu0=0.000 wall=0.001 
 Start: SolvePhaseEquation 
 End:   SolvePhaseEquation ; Timer: cpu0=7.328 wall=0.892 
 Start: SolidFiltersProcess: calculate forces and moments
 End:   SolidFiltersProcess: calculate forces and moments; Timer: cpu0=0.000 wall=0.002 
 Start: PrepareDataForNextStep
 End:   PrepareDataForNextStep; Timer: cpu0=0.203 wall=0.028 
 Start: VarValueService
 End:   VarValueService; Timer: cpu0=0.000 wall=0.001 
 Start: UpdateStopperData
 End:   UpdateStopperData; Timer: cpu0=0.000 wall=0.001 
 Start: Saving text status in E:\UniFlight\flow\full_rocket20_fv\data\full_rocket20.status
 End:   Saving text status in E:\UniFlight\flow\full_rocket20_fv\data\full_rocket20.status; Timer: cpu0=0.000 wall=0.002 
 End:   ===== Time Step =====, Iter number =  13; Timer: cpu0=8.516 wall=1.085 

20.06.26 15:30:45  ===== Processing Layers =====
20.06.26 15:30:45    *SEND* for CScalarLayer, GUID=93D71ED0-037A-4648-BBF4-680D0FDCD798
 Start: ComputeVolumeCharacteristics
 End:   ComputeVolumeCharacteristics; Timer: cpu0=0.000 wall=0.003 
 Start: GetValueOnFacets
 End:   GetValueOnFacets; Timer: cpu0=0.016 wall=0.011 
20.06.26 15:30:45    *SEND* for CIntegralCharsLayer, GUID=4E090A0C-544B-E4A2-4242-BEC451D7CD2B
20.06.26 15:30:45    *SEND* for CIntegralCharsLayer, GUID=53BB5889-26C7-9FD5-3BE6-8D746C5C843A
20.06.26 15:30:45    *SEND* for CIntegralCharsLayer, GUID=FB58FBBB-1926-D59E-785F-29B9759925F3
 End:   ===== Processing Layers =====; Timer: cpu0=0.016 wall=0.031 

20.06.26 15:30:45  ===== New Time Step =====, Iter number =  14
 Start: TimeServis
 End:   TimeServis; Timer: cpu0=0.172 wall=0.024 
 Start: User modules' functions BeforeTimeStep() are calling
 End:   User modules' functions BeforeTimeStep() are calling; Timer: cpu0=0.000 wall=0.002 
 Start: Adaptation, TotalRealCellsCount= 64017 
 End:   Adaptation; Timer: cpu0=0.000 wall=0.003 
 Start: Initialize data arrays on chips
 End:   Initialize data arrays on chips, res= 0; Timer: cpu0=0.000 wall=0.001 
  ***** Maximum Geometrical Gauss = 1.20625e-14, cell= 99:2:2:0
  ***** Maximum MovingSurf  Gauss = 0, cell= 
 Start: Initialize data arrays on chips
 End:   Initialize data arrays on chips, res= 0; Timer: cpu0=0.000 wall=0.001 
 Start: TimeServis
 End:   TimeServis; Timer: cpu0=0.172 wall=0.025 
 Start: FindEnclaves
 End:   FindEnclaves; Timer: cpu0=0.047 wall=0.049 
 Start: VarValueService
 End:   VarValueService; Timer: cpu0=0.000 wall=0.001 
 Start: SolvePhaseEquation 
 End:   SolvePhaseEquation ; Timer: cpu0=7.516 wall=0.915 
 Start: SolidFiltersProcess: calculate forces and moments
 End:   SolidFiltersProcess: calculate forces and moments; Timer: cpu0=0.000 wall=0.001 
 Start: PrepareDataForNextStep
 End:   PrepareDataForNextStep; Timer: cpu0=0.344 wall=0.025 
 Start: VarValueService
 End:   VarValueService; Timer: cpu0=0.000 wall=0.002 
 Start: UpdateStopperData
 End:   UpdateStopperData; Timer: cpu0=0.000 wall=0.001 
 Start: Saving text status in E:\UniFlight\flow\full_rocket20_fv\data\full_rocket20.status
 End:   Saving text status in E:\UniFlight\flow\full_rocket20_fv\data\full_rocket20.status; Timer: cpu0=0.000 wall=0.002 
 End:   ===== Time Step =====, Iter number =  14; Timer: cpu0=8.391 wall=1.102 

20.06.26 15:30:46  ===== Processing Layers =====
20.06.26 15:30:46    *SEND* for CScalarLayer, GUID=93D71ED0-037A-4648-BBF4-680D0FDCD798
 Start: ComputeVolumeCharacteristics
 End:   ComputeVolumeCharacteristics; Timer: cpu0=0.000 wall=0.003 
 Start: GetValueOnFacets
 End:   GetValueOnFacets; Timer: cpu0=0.172 wall=0.010 
20.06.26 15:30:46    *SEND* for CIntegralCharsLayer, GUID=4E090A0C-544B-E4A2-4242-BEC451D7CD2B
20.06.26 15:30:46    *SEND* for CIntegralCharsLayer, GUID=53BB5889-26C7-9FD5-3BE6-8D746C5C843A
20.06.26 15:30:46    *SEND* for CIntegralCharsLayer, GUID=FB58FBBB-1926-D59E-785F-29B9759925F3
 End:   ===== Processing Layers =====; Timer: cpu0=0.312 wall=0.029 

20.06.26 15:30:46  ===== New Time Step =====, Iter number =  15
 Start: TimeServis
 End:   TimeServis; Timer: cpu0=0.188 wall=0.026 
 Start: User modules' functions BeforeTimeStep() are calling
 End:   User modules' functions BeforeTimeStep() are calling; Timer: cpu0=0.000 wall=0.002 
 Start: Adaptation, TotalRealCellsCount= 64017 
 End:   Adaptation; Timer: cpu0=0.000 wall=0.004 
 Start: Initialize data arrays on chips
 End:   Initialize data arrays on chips, res= 0; Timer: cpu0=0.000 wall=0.002 
  ***** Maximum Geometrical Gauss = 1.20625e-14, cell= 99:2:2:0
  ***** Maximum MovingSurf  Gauss = 0, cell= 
 Start: Initialize data arrays on chips
 End:   Initialize data arrays on chips, res= 0; Timer: cpu0=0.000 wall=0.001 
 Start: TimeServis
 End:   TimeServis; Timer: cpu0=0.188 wall=0.025 
 Start: FindEnclaves
 End:   FindEnclaves; Timer: cpu0=0.156 wall=0.047 
 Start: VarValueService
 End:   VarValueService; Timer: cpu0=0.000 wall=0.001 
 Start: SolvePhaseEquation 
 End:   SolvePhaseEquation ; Timer: cpu0=7.203 wall=0.895 
 Start: SolidFiltersProcess: calculate forces and moments
 End:   SolidFiltersProcess: calculate forces and moments; Timer: cpu0=0.000 wall=0.002 
 Start: PrepareDataForNextStep
 End:   PrepareDataForNextStep; Timer: cpu0=0.188 wall=0.032 
 Start: VarValueService
 End:   VarValueService; Timer: cpu0=0.000 wall=0.001 
 Start: UpdateStopperData
 End:   UpdateStopperData; Timer: cpu0=0.000 wall=0.001 
 Start: Saving text status in E:\UniFlight\flow\full_rocket20_fv\data\full_rocket20.status
 End:   Saving text status in E:\UniFlight\flow\full_rocket20_fv\data\full_rocket20.status; Timer: cpu0=0.000 wall=0.003 
 End:   ===== Time Step =====, Iter number =  15; Timer: cpu0=7.922 wall=1.094 

20.06.26 15:30:47  ===== Processing Layers =====
20.06.26 15:30:47    *SEND* for CScalarLayer, GUID=93D71ED0-037A-4648-BBF4-680D0FDCD798
 Start: ComputeVolumeCharacteristics
 End:   ComputeVolumeCharacteristics; Timer: cpu0=0.172 wall=0.002 
 Start: GetValueOnFacets
 End:   GetValueOnFacets; Timer: cpu0=0.016 wall=0.014 
20.06.26 15:30:47    *SEND* for CIntegralCharsLayer, GUID=4E090A0C-544B-E4A2-4242-BEC451D7CD2B
20.06.26 15:30:47    *SEND* for CIntegralCharsLayer, GUID=53BB5889-26C7-9FD5-3BE6-8D746C5C843A
20.06.26 15:30:47    *SEND* for CIntegralCharsLayer, GUID=FB58FBBB-1926-D59E-785F-29B9759925F3
 End:   ===== Processing Layers =====; Timer: cpu0=0.188 wall=0.034 

20.06.26 15:30:47  ===== New Time Step =====, Iter number =  16
 Start: TimeServis
 End:   TimeServis; Timer: cpu0=0.328 wall=0.027 
 Start: User modules' functions BeforeTimeStep() are calling
 End:   User modules' functions BeforeTimeStep() are calling; Timer: cpu0=0.000 wall=0.002 
 Start: Adaptation, TotalRealCellsCount= 64017 
 End:   Adaptation; Timer: cpu0=0.000 wall=0.004 
 Start: Initialize data arrays on chips
 End:   Initialize data arrays on chips, res= 0; Timer: cpu0=0.000 wall=0.001 
  ***** Maximum Geometrical Gauss = 1.20625e-14, cell= 99:2:2:0
  ***** Maximum MovingSurf  Gauss = 0, cell= 
 Start: Initialize data arrays on chips
 End:   Initialize data arrays on chips, res= 0; Timer: cpu0=0.000 wall=0.002 
 Start: TimeServis
 End:   TimeServis; Timer: cpu0=0.312 wall=0.031 
 Start: FindEnclaves
 End:   FindEnclaves; Timer: cpu0=0.047 wall=0.054 
 Start: VarValueService
 End:   VarValueService; Timer: cpu0=0.000 wall=0.001 
 Start: SolvePhaseEquation 
 End:   SolvePhaseEquation ; Timer: cpu0=7.234 wall=0.995 
 Start: SolidFiltersProcess: calculate forces and moments
 End:   SolidFiltersProcess: calculate forces and moments; Timer: cpu0=0.000 wall=0.002 
 Start: PrepareDataForNextStep
 End:   PrepareDataForNextStep; Timer: cpu0=0.062 wall=0.032 
 Start: VarValueService
 End:   VarValueService; Timer: cpu0=0.000 wall=0.002 
 Start: UpdateStopperData
 End:   UpdateStopperData; Timer: cpu0=0.000 wall=0.002 
 Start: Saving text status in E:\UniFlight\flow\full_rocket20_fv\data\full_rocket20.status
 End:   Saving text status in E:\UniFlight\flow\full_rocket20_fv\data\full_rocket20.status; Timer: cpu0=0.000 wall=0.002 
 End:   ===== Time Step =====, Iter number =  16; Timer: cpu0=8.109 wall=1.212 

20.06.26 15:30:49  ===== Processing Layers =====
20.06.26 15:30:49    *SEND* for CScalarLayer, GUID=93D71ED0-037A-4648-BBF4-680D0FDCD798
 Start: ComputeVolumeCharacteristics
 End:   ComputeVolumeCharacteristics; Timer: cpu0=0.172 wall=0.002 
 Start: GetValueOnFacets
 End:   GetValueOnFacets; Timer: cpu0=0.000 wall=0.012 
20.06.26 15:30:49    *SEND* for CIntegralCharsLayer, GUID=4E090A0C-544B-E4A2-4242-BEC451D7CD2B
20.06.26 15:30:49    *SEND* for CIntegralCharsLayer, GUID=53BB5889-26C7-9FD5-3BE6-8D746C5C843A
20.06.26 15:30:49    *SEND* for CIntegralCharsLayer, GUID=FB58FBBB-1926-D59E-785F-29B9759925F3
 End:   ===== Processing Layers =====; Timer: cpu0=0.172 wall=0.033 

20.06.26 15:30:49  ===== New Time Step =====, Iter number =  17
 Start: TimeServis
 End:   TimeServis; Timer: cpu0=0.250 wall=0.027 
 Start: User modules' functions BeforeTimeStep() are calling
 End:   User modules' functions BeforeTimeStep() are calling; Timer: cpu0=0.000 wall=0.002 
 Start: Adaptation, TotalRealCellsCount= 64017 
 End:   Adaptation; Timer: cpu0=0.000 wall=0.003 
 Start: Initialize data arrays on chips
 End:   Initialize data arrays on chips, res= 0; Timer: cpu0=0.000 wall=0.002 
  ***** Maximum Geometrical Gauss = 1.20625e-14, cell= 99:2:2:0
  ***** Maximum MovingSurf  Gauss = 0, cell= 
 Start: Initialize data arrays on chips
 End:   Initialize data arrays on chips, res= 0; Timer: cpu0=0.000 wall=0.001 
 Start: TimeServis
 End:   TimeServis; Timer: cpu0=0.219 wall=0.028 
 Start: FindEnclaves
 End:   FindEnclaves; Timer: cpu0=0.047 wall=0.051 
 Start: VarValueService
 End:   VarValueService; Timer: cpu0=0.000 wall=0.001 
 Start: SolvePhaseEquation 
 End:   SolvePhaseEquation ; Timer: cpu0=7.312 wall=0.866 
 Start: SolidFiltersProcess: calculate forces and moments
 End:   SolidFiltersProcess: calculate forces and moments; Timer: cpu0=0.000 wall=0.002 
 Start: PrepareDataForNextStep
 End:   PrepareDataForNextStep; Timer: cpu0=0.172 wall=0.028 
 Start: VarValueService
 End:   VarValueService; Timer: cpu0=0.000 wall=0.002 
 Start: UpdateStopperData
 End:   UpdateStopperData; Timer: cpu0=0.000 wall=0.001 
 Start: Saving text status in E:\UniFlight\flow\full_rocket20_fv\data\full_rocket20.status
 End:   Saving text status in E:\UniFlight\flow\full_rocket20_fv\data\full_rocket20.status; Timer: cpu0=0.000 wall=0.002 
 End:   ===== Time Step =====, Iter number =  17; Timer: cpu0=8.188 wall=1.067 

20.06.26 15:30:50  ===== Processing Layers =====
20.06.26 15:30:50    *SEND* for CScalarLayer, GUID=93D71ED0-037A-4648-BBF4-680D0FDCD798
 Start: ComputeVolumeCharacteristics
 End:   ComputeVolumeCharacteristics; Timer: cpu0=0.000 wall=0.003 
 Start: GetValueOnFacets
 End:   GetValueOnFacets; Timer: cpu0=0.000 wall=0.011 
20.06.26 15:30:50    *SEND* for CIntegralCharsLayer, GUID=4E090A0C-544B-E4A2-4242-BEC451D7CD2B
20.06.26 15:30:50    *SEND* for CIntegralCharsLayer, GUID=53BB5889-26C7-9FD5-3BE6-8D746C5C843A
20.06.26 15:30:50    *SEND* for CIntegralCharsLayer, GUID=FB58FBBB-1926-D59E-785F-29B9759925F3
 End:   ===== Processing Layers =====; Timer: cpu0=0.000 wall=0.036 

20.06.26 15:30:50  ===== New Time Step =====, Iter number =  18
 Start: TimeServis
 End:   TimeServis; Timer: cpu0=0.172 wall=0.025 
 Start: User modules' functions BeforeTimeStep() are calling
 End:   User modules' functions BeforeTimeStep() are calling; Timer: cpu0=0.000 wall=0.003 
 Start: Adaptation, TotalRealCellsCount= 64017 
 End:   Adaptation; Timer: cpu0=0.000 wall=0.003 
 Start: Initialize data arrays on chips
 End:   Initialize data arrays on chips, res= 0; Timer: cpu0=0.000 wall=0.001 
  ***** Maximum Geometrical Gauss = 1.20625e-14, cell= 99:2:2:0
  ***** Maximum MovingSurf  Gauss = 0, cell= 
 Start: Initialize data arrays on chips
 End:   Initialize data arrays on chips, res= 0; Timer: cpu0=0.000 wall=0.002 
 Start: TimeServis
 End:   TimeServis; Timer: cpu0=0.328 wall=0.029 
 Start: FindEnclaves
 End:   FindEnclaves; Timer: cpu0=0.078 wall=0.076 
 Start: VarValueService
 End:   VarValueService; Timer: cpu0=0.000 wall=0.002 
 Start: SolvePhaseEquation 
 End:   SolvePhaseEquation ; Timer: cpu0=6.672 wall=0.910 
 Start: SolidFiltersProcess: calculate forces and moments
 End:   SolidFiltersProcess: calculate forces and moments; Timer: cpu0=0.000 wall=0.001 
 Start: PrepareDataForNextStep
 End:   PrepareDataForNextStep; Timer: cpu0=0.344 wall=0.029 
 Start: VarValueService
 End:   VarValueService; Timer: cpu0=0.000 wall=0.001 
 Start: UpdateStopperData
 End:   UpdateStopperData; Timer: cpu0=0.000 wall=0.000 
 Start: Saving text status in E:\UniFlight\flow\full_rocket20_fv\data\full_rocket20.status
 End:   Saving text status in E:\UniFlight\flow\full_rocket20_fv\data\full_rocket20.status; Timer: cpu0=0.000 wall=0.002 
 End:   ===== Time Step =====, Iter number =  18; Timer: cpu0=7.828 wall=1.141 

20.06.26 15:30:52  ===== Processing Layers =====
20.06.26 15:30:52    *SEND* for CScalarLayer, GUID=93D71ED0-037A-4648-BBF4-680D0FDCD798
 Start: ComputeVolumeCharacteristics
 End:   ComputeVolumeCharacteristics; Timer: cpu0=0.000 wall=0.002 
 Start: GetValueOnFacets
 End:   GetValueOnFacets; Timer: cpu0=0.000 wall=0.008 
20.06.26 15:30:52    *SEND* for CIntegralCharsLayer, GUID=4E090A0C-544B-E4A2-4242-BEC451D7CD2B
20.06.26 15:30:52    *SEND* for CIntegralCharsLayer, GUID=53BB5889-26C7-9FD5-3BE6-8D746C5C843A
20.06.26 15:30:52    *SEND* for CIntegralCharsLayer, GUID=FB58FBBB-1926-D59E-785F-29B9759925F3
 End:   ===== Processing Layers =====; Timer: cpu0=0.172 wall=0.024 

20.06.26 15:30:52  ===== New Time Step =====, Iter number =  19
 Start: TimeServis
 End:   TimeServis; Timer: cpu0=0.328 wall=0.028 
 Start: User modules' functions BeforeTimeStep() are calling
 End:   User modules' functions BeforeTimeStep() are calling; Timer: cpu0=0.000 wall=0.001 
 Start: Adaptation, TotalRealCellsCount= 64017 
 End:   Adaptation; Timer: cpu0=0.000 wall=0.003 
 Start: Initialize data arrays on chips
 End:   Initialize data arrays on chips, res= 0; Timer: cpu0=0.000 wall=0.002 
  ***** Maximum Geometrical Gauss = 1.20625e-14, cell= 99:2:2:0
  ***** Maximum MovingSurf  Gauss = 0, cell= 
 Start: Initialize data arrays on chips
 End:   Initialize data arrays on chips, res= 0; Timer: cpu0=0.000 wall=0.001 
 Start: TimeServis
 End:   TimeServis; Timer: cpu0=0.328 wall=0.026 
 Start: FindEnclaves
 End:   FindEnclaves; Timer: cpu0=0.047 wall=0.043 
 Start: VarValueService
 End:   VarValueService; Timer: cpu0=0.000 wall=0.002 
 Start: SolvePhaseEquation 
 End:   SolvePhaseEquation ; Timer: cpu0=6.859 wall=0.867 
 Start: SolidFiltersProcess: calculate forces and moments
 End:   SolidFiltersProcess: calculate forces and moments; Timer: cpu0=0.000 wall=0.002 
 Start: PrepareDataForNextStep
 End:   PrepareDataForNextStep; Timer: cpu0=0.172 wall=0.030 
 Start: VarValueService
 End:   VarValueService; Timer: cpu0=0.000 wall=0.001 
 Start: UpdateStopperData
 End:   UpdateStopperData; Timer: cpu0=0.000 wall=0.000 
 Start: Saving text status in E:\UniFlight\flow\full_rocket20_fv\data\full_rocket20.status
 End:   Saving text status in E:\UniFlight\flow\full_rocket20_fv\data\full_rocket20.status; Timer: cpu0=0.000 wall=0.002 
 End:   ===== Time Step =====, Iter number =  19; Timer: cpu0=7.734 wall=1.052 

20.06.26 15:30:53  ===== Processing Layers =====
20.06.26 15:30:53    *SEND* for CScalarLayer, GUID=93D71ED0-037A-4648-BBF4-680D0FDCD798
 Start: ComputeVolumeCharacteristics
 End:   ComputeVolumeCharacteristics; Timer: cpu0=0.000 wall=0.003 
 Start: GetValueOnFacets
 End:   GetValueOnFacets; Timer: cpu0=0.156 wall=0.010 
20.06.26 15:30:53    *SEND* for CIntegralCharsLayer, GUID=4E090A0C-544B-E4A2-4242-BEC451D7CD2B
20.06.26 15:30:53    *SEND* for CIntegralCharsLayer, GUID=53BB5889-26C7-9FD5-3BE6-8D746C5C843A
20.06.26 15:30:53    *SEND* for CIntegralCharsLayer, GUID=FB58FBBB-1926-D59E-785F-29B9759925F3
 End:   ===== Processing Layers =====; Timer: cpu0=0.328 wall=0.032 

20.06.26 15:30:53  ===== New Time Step =====, Iter number =  20
 Start: TimeServis
 End:   TimeServis; Timer: cpu0=0.328 wall=0.025 
 Start: User modules' functions BeforeTimeStep() are calling
 End:   User modules' functions BeforeTimeStep() are calling; Timer: cpu0=0.000 wall=0.002 
 Start: Adaptation, TotalRealCellsCount= 64017 
 End:   Adaptation; Timer: cpu0=5.906 wall=0.991 
 Start: DistributeGridOnProcessors
 End:   DistributeGridOnProcessors, res= 0; Timer: cpu0=0.656 wall=0.204 
 Start: SetNeiHyperCells
 End:   SetNeiHyperCells, res= 0; Timer: cpu0=0.000 wall=0.008 
 Start: BuildFacetDistribution
 End:   BuildFacetDistribution; Timer: cpu0=0.000 wall=0.002 
 Start: Initialize data arrays on chips
 End:   Initialize data arrays on chips, res= 0; Timer: cpu0=0.000 wall=0.002 
  ***** Maximum Geometrical Gauss = 1.50654e-14, cell= 55:0:1:1:0
  ***** Maximum MovingSurf  Gauss = 5.45959e-14, cell= 81:0:0
 Start: Remove Small Cells
 End:   Remove Small Cells; Timer: cpu0=0.172 wall=0.019 
 Start: Initialize data arrays on chips
 End:   Initialize data arrays on chips, res= 0; Timer: cpu0=0.000 wall=0.002 
  ***** Maximum Geometrical Gauss = 1.50654e-14, cell= 55:0:1:1:0
  ***** Maximum MovingSurf  Gauss = 5.45959e-14, cell= 81:0:0
 Start: Initialize data arrays on chips
 End:   Initialize data arrays on chips, res= 0; Timer: cpu0=0.000 wall=0.002 
 Start: Modify Chip Data
 End:   Modify Chip Data; Timer: cpu0=0.328 wall=0.034 
 Start: TimeServis
 End:   TimeServis; Timer: cpu0=0.500 wall=0.054 
 Start: FindEnclaves
 End:   FindEnclaves; Timer: cpu0=0.109 wall=0.104 
 Start: VarValueService
 End:   VarValueService; Timer: cpu0=0.000 wall=0.002 
 Start: SolvePhaseEquation 
 End:   SolvePhaseEquation ; Timer: cpu0=13.109 wall=1.587 
 Start: SolidFiltersProcess: calculate forces and moments
 End:   SolidFiltersProcess: calculate forces and moments; Timer: cpu0=0.000 wall=0.002 
 Start: PrepareDataForNextStep
 End:   PrepareDataForNextStep; Timer: cpu0=0.516 wall=0.043 
 Start: VarValueService
 End:   VarValueService; Timer: cpu0=0.000 wall=0.002 
 Start: UpdateStopperData
 End:   UpdateStopperData; Timer: cpu0=0.000 wall=0.001 
 Start: Saving text status in E:\UniFlight\flow\full_rocket20_fv\data\full_rocket20.status
 End:   Saving text status in E:\UniFlight\flow\full_rocket20_fv\data\full_rocket20.status; Timer: cpu0=0.000 wall=0.002 
 End:   ===== Time Step =====, Iter number =  20; Timer: cpu0=22.125 wall=3.179 

20.06.26 15:30:57  ===== Processing Layers =====
20.06.26 15:30:57    *SEND* for CScalarLayer, GUID=93D71ED0-037A-4648-BBF4-680D0FDCD798
 Start: ComputeVolumeCharacteristics
 End:   ComputeVolumeCharacteristics; Timer: cpu0=0.172 wall=0.005 
 Start: GetValueOnFacets
 End:   GetValueOnFacets; Timer: cpu0=0.141 wall=0.014 
20.06.26 15:30:57    *SEND* for CIntegralCharsLayer, GUID=4E090A0C-544B-E4A2-4242-BEC451D7CD2B
20.06.26 15:30:57    *SEND* for CIntegralCharsLayer, GUID=53BB5889-26C7-9FD5-3BE6-8D746C5C843A
20.06.26 15:30:57    *SEND* for CIntegralCharsLayer, GUID=FB58FBBB-1926-D59E-785F-29B9759925F3
 End:   ===== Processing Layers =====; Timer: cpu0=0.312 wall=0.039 

20.06.26 15:30:57  ===== New Time Step =====, Iter number =  21
 Start: TimeServis
 End:   TimeServis; Timer: cpu0=0.328 wall=0.034 
 Start: User modules' functions BeforeTimeStep() are calling
 End:   User modules' functions BeforeTimeStep() are calling; Timer: cpu0=0.000 wall=0.003 
 Start: Adaptation, TotalRealCellsCount= 107341 
 End:   Adaptation; Timer: cpu0=3.734 wall=0.551 
 Start: DistributeGridOnProcessors
 End:   DistributeGridOnProcessors, res= 0; Timer: cpu0=0.969 wall=0.224 
 Start: SetNeiHyperCells
 End:   SetNeiHyperCells, res= 0; Timer: cpu0=0.156 wall=0.014 
 Start: BuildFacetDistribution
 End:   BuildFacetDistribution; Timer: cpu0=0.000 wall=0.002 
 Start: Initialize data arrays on chips
 End:   Initialize data arrays on chips, res= 0; Timer: cpu0=0.000 wall=0.002 
  ***** Maximum Geometrical Gauss = 1.52328e-14, cell= 55:0:1:1:0
  ***** Maximum MovingSurf  Gauss = 2.7298e-14, cell= 55:3:0:0:0
 Start: Remove Small Cells
 End:   Remove Small Cells; Timer: cpu0=0.172 wall=0.026 
 Start: Initialize data arrays on chips
 End:   Initialize data arrays on chips, res= 0; Timer: cpu0=0.172 wall=0.002 
  ***** Maximum Geometrical Gauss = 1.52328e-14, cell= 55:0:1:1:0
  ***** Maximum MovingSurf  Gauss = 2.7298e-14, cell= 55:3:0:0:0
 Start: Initialize data arrays on chips
 End:   Initialize data arrays on chips, res= 0; Timer: cpu0=0.172 wall=0.002 
 Start: Modify Chip Data
 End:   Modify Chip Data; Timer: cpu0=0.406 wall=0.051 
 Start: TimeServis
 End:   TimeServis; Timer: cpu0=0.594 wall=0.060 
 Start: FindEnclaves
 End:   FindEnclaves; Timer: cpu0=0.078 wall=0.097 
 Start: VarValueService
 End:   VarValueService; Timer: cpu0=0.000 wall=0.002 
 Start: SolvePhaseEquation 
 End:   SolvePhaseEquation ; Timer: cpu0=15.531 wall=1.987 
 Start: SolidFiltersProcess: calculate forces and moments
 End:   SolidFiltersProcess: calculate forces and moments; Timer: cpu0=0.000 wall=0.003 
 Start: PrepareDataForNextStep
 End:   PrepareDataForNextStep; Timer: cpu0=0.594 wall=0.062 
 Start: VarValueService
 End:   VarValueService; Timer: cpu0=0.000 wall=0.002 
 Start: UpdateStopperData
 End:   UpdateStopperData; Timer: cpu0=0.000 wall=0.001 
 Start: Saving text status in E:\UniFlight\flow\full_rocket20_fv\data\full_rocket20.status
 End:   Saving text status in E:\UniFlight\flow\full_rocket20_fv\data\full_rocket20.status; Timer: cpu0=0.000 wall=0.002 
 End:   ===== Time Step =====, Iter number =  21; Timer: cpu0=23.328 wall=3.249 

20.06.26 15:31:00  ===== Processing Layers =====
20.06.26 15:31:00    *SEND* for CScalarLayer, GUID=93D71ED0-037A-4648-BBF4-680D0FDCD798
 Start: ComputeVolumeCharacteristics
 End:   ComputeVolumeCharacteristics; Timer: cpu0=0.000 wall=0.005 
 Start: GetValueOnFacets
 End:   GetValueOnFacets; Timer: cpu0=0.172 wall=0.015 
20.06.26 15:31:00    *SEND* for CIntegralCharsLayer, GUID=4E090A0C-544B-E4A2-4242-BEC451D7CD2B
20.06.26 15:31:00    *SEND* for CIntegralCharsLayer, GUID=53BB5889-26C7-9FD5-3BE6-8D746C5C843A
20.06.26 15:31:00    *SEND* for CIntegralCharsLayer, GUID=FB58FBBB-1926-D59E-785F-29B9759925F3
 End:   ===== Processing Layers =====; Timer: cpu0=0.266 wall=0.036 

20.06.26 15:31:00  ===== New Time Step =====, Iter number =  22
 Start: TimeServis
 End:   TimeServis; Timer: cpu0=0.375 wall=0.036 
 Start: User modules' functions BeforeTimeStep() are calling
 End:   User modules' functions BeforeTimeStep() are calling; Timer: cpu0=0.000 wall=0.001 
 Start: Adaptation, TotalRealCellsCount= 108097 
 End:   Adaptation; Timer: cpu0=0.000 wall=0.006 
 Start: Initialize data arrays on chips
 End:   Initialize data arrays on chips, res= 0; Timer: cpu0=0.000 wall=0.002 
  ***** Maximum Geometrical Gauss = 1.52328e-14, cell= 55:0:1:1:0
  ***** Maximum MovingSurf  Gauss = 0, cell= 
 Start: Initialize data arrays on chips
 End:   Initialize data arrays on chips, res= 0; Timer: cpu0=0.000 wall=0.002 
 Start: TimeServis
 End:   TimeServis; Timer: cpu0=0.516 wall=0.050 
 Start: FindEnclaves
 End:   FindEnclaves; Timer: cpu0=0.109 wall=0.111 
 Start: VarValueService
 End:   VarValueService; Timer: cpu0=0.000 wall=0.002 
 Start: SolvePhaseEquation 
 End:   SolvePhaseEquation ; Timer: cpu0=13.766 wall=1.725 
 Start: SolidFiltersProcess: calculate forces and moments
 End:   SolidFiltersProcess: calculate forces and moments; Timer: cpu0=0.000 wall=0.001 
 Start: PrepareDataForNextStep
 End:   PrepareDataForNextStep; Timer: cpu0=0.219 wall=0.048 
 Start: VarValueService
 End:   VarValueService; Timer: cpu0=0.000 wall=0.001 
 Start: UpdateStopperData
 End:   UpdateStopperData; Timer: cpu0=0.000 wall=0.001 
 Start: Saving text status in E:\UniFlight\flow\full_rocket20_fv\data\full_rocket20.status
 End:   Saving text status in E:\UniFlight\flow\full_rocket20_fv\data\full_rocket20.status; Timer: cpu0=0.000 wall=0.003 
 End:   ===== Time Step =====, Iter number =  22; Timer: cpu0=15.484 wall=2.057 

20.06.26 15:31:02  ===== Processing Layers =====
20.06.26 15:31:02    *SEND* for CScalarLayer, GUID=93D71ED0-037A-4648-BBF4-680D0FDCD798
 Start: ComputeVolumeCharacteristics
 End:   ComputeVolumeCharacteristics; Timer: cpu0=0.000 wall=0.005 
 Start: GetValueOnFacets
 End:   GetValueOnFacets; Timer: cpu0=0.141 wall=0.016 
20.06.26 15:31:02    *SEND* for CIntegralCharsLayer, GUID=4E090A0C-544B-E4A2-4242-BEC451D7CD2B
20.06.26 15:31:02    *SEND* for CIntegralCharsLayer, GUID=53BB5889-26C7-9FD5-3BE6-8D746C5C843A
20.06.26 15:31:02    *SEND* for CIntegralCharsLayer, GUID=FB58FBBB-1926-D59E-785F-29B9759925F3
 End:   ===== Processing Layers =====; Timer: cpu0=0.141 wall=0.039 

20.06.26 15:31:03  ===== New Time Step =====, Iter number =  23
 Start: TimeServis
 End:   TimeServis; Timer: cpu0=0.344 wall=0.037 
 Start: User modules' functions BeforeTimeStep() are calling
 End:   User modules' functions BeforeTimeStep() are calling; Timer: cpu0=0.000 wall=0.003 
 Start: Adaptation, TotalRealCellsCount= 108097 
 End:   Adaptation; Timer: cpu0=0.000 wall=0.005 
 Start: Initialize data arrays on chips
 End:   Initialize data arrays on chips, res= 0; Timer: cpu0=0.000 wall=0.002 
  ***** Maximum Geometrical Gauss = 1.52328e-14, cell= 55:0:1:1:0
  ***** Maximum MovingSurf  Gauss = 0, cell= 
 Start: Initialize data arrays on chips
 End:   Initialize data arrays on chips, res= 0; Timer: cpu0=0.000 wall=0.003 
 Start: TimeServis
 End:   TimeServis; Timer: cpu0=0.359 wall=0.045 
 Start: FindEnclaves
 End:   FindEnclaves; Timer: cpu0=0.094 wall=0.099 
 Start: VarValueService
 End:   VarValueService; Timer: cpu0=0.000 wall=0.002 
 Start: SolvePhaseEquation 
 End:   SolvePhaseEquation ; Timer: cpu0=13.609 wall=1.654 
 Start: SolidFiltersProcess: calculate forces and moments
 End:   SolidFiltersProcess: calculate forces and moments; Timer: cpu0=0.000 wall=0.001 
 Start: PrepareDataForNextStep
 End:   PrepareDataForNextStep; Timer: cpu0=0.281 wall=0.049 
 Start: VarValueService
 End:   VarValueService; Timer: cpu0=0.000 wall=0.002 
 Start: UpdateStopperData
 End:   UpdateStopperData; Timer: cpu0=0.000 wall=0.001 
 Start: Saving text status in E:\UniFlight\flow\full_rocket20_fv\data\full_rocket20.status
 End:   Saving text status in E:\UniFlight\flow\full_rocket20_fv\data\full_rocket20.status; Timer: cpu0=0.000 wall=0.003 
 End:   ===== Time Step =====, Iter number =  23; Timer: cpu0=15.156 wall=1.972 

20.06.26 15:31:05  ===== Processing Layers =====
20.06.26 15:31:05    *SEND* for CScalarLayer, GUID=93D71ED0-037A-4648-BBF4-680D0FDCD798
 Start: ComputeVolumeCharacteristics
 End:   ComputeVolumeCharacteristics; Timer: cpu0=0.172 wall=0.004 
 Start: GetValueOnFacets
 End:   GetValueOnFacets; Timer: cpu0=0.172 wall=0.015 
20.06.26 15:31:05    *SEND* for CIntegralCharsLayer, GUID=4E090A0C-544B-E4A2-4242-BEC451D7CD2B
20.06.26 15:31:05    *SEND* for CIntegralCharsLayer, GUID=53BB5889-26C7-9FD5-3BE6-8D746C5C843A
20.06.26 15:31:05    *SEND* for CIntegralCharsLayer, GUID=FB58FBBB-1926-D59E-785F-29B9759925F3
 End:   ===== Processing Layers =====; Timer: cpu0=0.344 wall=0.038 

20.06.26 15:31:05  ===== New Time Step =====, Iter number =  24
 Start: TimeServis
 End:   TimeServis; Timer: cpu0=0.328 wall=0.039 
 Start: User modules' functions BeforeTimeStep() are calling
 End:   User modules' functions BeforeTimeStep() are calling; Timer: cpu0=0.000 wall=0.003 
 Start: Adaptation, TotalRealCellsCount= 108097 
 End:   Adaptation; Timer: cpu0=0.000 wall=0.005 
 Start: Initialize data arrays on chips
 End:   Initialize data arrays on chips, res= 0; Timer: cpu0=0.000 wall=0.002 
  ***** Maximum Geometrical Gauss = 1.52328e-14, cell= 55:0:1:1:0
  ***** Maximum MovingSurf  Gauss = 0, cell= 
 Start: Initialize data arrays on chips
 End:   Initialize data arrays on chips, res= 0; Timer: cpu0=0.000 wall=0.002 
 Start: TimeServis
 End:   TimeServis; Timer: cpu0=0.344 wall=0.037 
 Start: FindEnclaves
 End:   FindEnclaves; Timer: cpu0=0.234 wall=0.093 
 Start: VarValueService
 End:   VarValueService; Timer: cpu0=0.000 wall=0.002 
 Start: SolvePhaseEquation 
 End:   SolvePhaseEquation ; Timer: cpu0=12.969 wall=1.658 
 Start: SolidFiltersProcess: calculate forces and moments
 End:   SolidFiltersProcess: calculate forces and moments; Timer: cpu0=0.000 wall=0.002 
 Start: PrepareDataForNextStep
 End:   PrepareDataForNextStep; Timer: cpu0=0.453 wall=0.045 
 Start: VarValueService
 End:   VarValueService; Timer: cpu0=0.000 wall=0.002 
 Start: UpdateStopperData
 End:   UpdateStopperData; Timer: cpu0=0.000 wall=0.001 
 Start: Saving text status in E:\UniFlight\flow\full_rocket20_fv\data\full_rocket20.status
 End:   Saving text status in E:\UniFlight\flow\full_rocket20_fv\data\full_rocket20.status; Timer: cpu0=0.000 wall=0.002 
 End:   ===== Time Step =====, Iter number =  24; Timer: cpu0=14.500 wall=1.953 

20.06.26 15:31:07  ===== Processing Layers =====
20.06.26 15:31:07    *SEND* for CScalarLayer, GUID=93D71ED0-037A-4648-BBF4-680D0FDCD798
 Start: ComputeVolumeCharacteristics
 End:   ComputeVolumeCharacteristics; Timer: cpu0=0.000 wall=0.005 
 Start: GetValueOnFacets
 End:   GetValueOnFacets; Timer: cpu0=0.000 wall=0.014 
20.06.26 15:31:07    *SEND* for CIntegralCharsLayer, GUID=4E090A0C-544B-E4A2-4242-BEC451D7CD2B
20.06.26 15:31:07    *SEND* for CIntegralCharsLayer, GUID=53BB5889-26C7-9FD5-3BE6-8D746C5C843A
20.06.26 15:31:07    *SEND* for CIntegralCharsLayer, GUID=FB58FBBB-1926-D59E-785F-29B9759925F3
 End:   ===== Processing Layers =====; Timer: cpu0=0.016 wall=0.036 

20.06.26 15:31:07  ===== New Time Step =====, Iter number =  25
 Start: TimeServis
 End:   TimeServis; Timer: cpu0=0.344 wall=0.037 
 Start: User modules' functions BeforeTimeStep() are calling
 End:   User modules' functions BeforeTimeStep() are calling; Timer: cpu0=0.000 wall=0.003 
 Start: Adaptation, TotalRealCellsCount= 108097 
 End:   Adaptation; Timer: cpu0=0.000 wall=0.007 
 Start: Initialize data arrays on chips
 End:   Initialize data arrays on chips, res= 0; Timer: cpu0=0.000 wall=0.003 
  ***** Maximum Geometrical Gauss = 1.52328e-14, cell= 55:0:1:1:0
  ***** Maximum MovingSurf  Gauss = 0, cell= 
 Start: Initialize data arrays on chips
 End:   Initialize data arrays on chips, res= 0; Timer: cpu0=0.000 wall=0.002 
 Start: TimeServis
 End:   TimeServis; Timer: cpu0=0.438 wall=0.083 
 Start: FindEnclaves
 End:   FindEnclaves; Timer: cpu0=0.234 wall=0.114 
 Start: VarValueService
 End:   VarValueService; Timer: cpu0=0.000 wall=0.001 
 Start: SolvePhaseEquation 
 End:   SolvePhaseEquation ; Timer: cpu0=13.406 wall=1.640 
 Start: SolidFiltersProcess: calculate forces and moments
 End:   SolidFiltersProcess: calculate forces and moments; Timer: cpu0=0.000 wall=0.002 
 Start: PrepareDataForNextStep
 End:   PrepareDataForNextStep; Timer: cpu0=0.344 wall=0.042 
 Start: VarValueService
 End:   VarValueService; Timer: cpu0=0.000 wall=0.003 
 Start: UpdateStopperData
 End:   UpdateStopperData; Timer: cpu0=0.000 wall=0.001 
 Start: Saving text status in E:\UniFlight\flow\full_rocket20_fv\data\full_rocket20.status
 End:   Saving text status in E:\UniFlight\flow\full_rocket20_fv\data\full_rocket20.status; Timer: cpu0=0.000 wall=0.001 
 End:   ===== Time Step =====, Iter number =  25; Timer: cpu0=14.938 wall=2.017 

20.06.26 15:31:09  ===== Processing Layers =====
20.06.26 15:31:09    *SEND* for CScalarLayer, GUID=93D71ED0-037A-4648-BBF4-680D0FDCD798
 Start: ComputeVolumeCharacteristics
 End:   ComputeVolumeCharacteristics; Timer: cpu0=0.000 wall=0.005 
 Start: GetValueOnFacets
 End:   GetValueOnFacets; Timer: cpu0=0.172 wall=0.014 
20.06.26 15:31:09    *SEND* for CIntegralCharsLayer, GUID=4E090A0C-544B-E4A2-4242-BEC451D7CD2B
20.06.26 15:31:09    *SEND* for CIntegralCharsLayer, GUID=53BB5889-26C7-9FD5-3BE6-8D746C5C843A
20.06.26 15:31:09    *SEND* for CIntegralCharsLayer, GUID=FB58FBBB-1926-D59E-785F-29B9759925F3
 End:   ===== Processing Layers =====; Timer: cpu0=0.344 wall=0.036 

20.06.26 15:31:09  ===== New Time Step =====, Iter number =  26
 Start: TimeServis
 End:   TimeServis; Timer: cpu0=0.344 wall=0.037 
 Start: User modules' functions BeforeTimeStep() are calling
 End:   User modules' functions BeforeTimeStep() are calling; Timer: cpu0=0.000 wall=0.003 
 Start: Adaptation, TotalRealCellsCount= 108097 
 End:   Adaptation; Timer: cpu0=0.000 wall=0.004 
 Start: Initialize data arrays on chips
 End:   Initialize data arrays on chips, res= 0; Timer: cpu0=0.000 wall=0.002 
  ***** Maximum Geometrical Gauss = 1.52328e-14, cell= 55:0:1:1:0
  ***** Maximum MovingSurf  Gauss = 0, cell= 
 Start: Initialize data arrays on chips
 End:   Initialize data arrays on chips, res= 0; Timer: cpu0=0.172 wall=0.002 
 Start: TimeServis
 End:   TimeServis; Timer: cpu0=0.328 wall=0.041 
 Start: FindEnclaves
 End:   FindEnclaves; Timer: cpu0=0.094 wall=0.093 
 Start: VarValueService
 End:   VarValueService; Timer: cpu0=0.000 wall=0.002 
 Start: SolvePhaseEquation 
 End:   SolvePhaseEquation ; Timer: cpu0=13.641 wall=1.640 
 Start: SolidFiltersProcess: calculate forces and moments
 End:   SolidFiltersProcess: calculate forces and moments; Timer: cpu0=0.000 wall=0.001 
 Start: PrepareDataForNextStep
 End:   PrepareDataForNextStep; Timer: cpu0=0.188 wall=0.042 
 Start: VarValueService
 End:   VarValueService; Timer: cpu0=0.000 wall=0.001 
 Start: UpdateStopperData
 End:   UpdateStopperData; Timer: cpu0=0.000 wall=0.001 
 Start: Saving text status in E:\UniFlight\flow\full_rocket20_fv\data\full_rocket20.status
 End:   Saving text status in E:\UniFlight\flow\full_rocket20_fv\data\full_rocket20.status; Timer: cpu0=0.000 wall=0.002 
 End:   ===== Time Step =====, Iter number =  26; Timer: cpu0=15.250 wall=1.934 

20.06.26 15:31:12  ===== Processing Layers =====
20.06.26 15:31:12    *SEND* for CScalarLayer, GUID=93D71ED0-037A-4648-BBF4-680D0FDCD798
 Start: ComputeVolumeCharacteristics
 End:   ComputeVolumeCharacteristics; Timer: cpu0=0.000 wall=0.004 
 Start: GetValueOnFacets
 End:   GetValueOnFacets; Timer: cpu0=0.016 wall=0.014 
20.06.26 15:31:12    *SEND* for CIntegralCharsLayer, GUID=4E090A0C-544B-E4A2-4242-BEC451D7CD2B
20.06.26 15:31:12    *SEND* for CIntegralCharsLayer, GUID=53BB5889-26C7-9FD5-3BE6-8D746C5C843A
20.06.26 15:31:12    *SEND* for CIntegralCharsLayer, GUID=FB58FBBB-1926-D59E-785F-29B9759925F3
 End:   ===== Processing Layers =====; Timer: cpu0=0.203 wall=0.035 

20.06.26 15:31:12  ===== New Time Step =====, Iter number =  27
 Start: TimeServis
 End:   TimeServis; Timer: cpu0=0.484 wall=0.037 
 Start: User modules' functions BeforeTimeStep() are calling
 End:   User modules' functions BeforeTimeStep() are calling; Timer: cpu0=0.000 wall=0.002 
 Start: Adaptation, TotalRealCellsCount= 108097 
 End:   Adaptation; Timer: cpu0=0.031 wall=0.005 
 Start: Initialize data arrays on chips
 End:   Initialize data arrays on chips, res= 0; Timer: cpu0=0.000 wall=0.002 
  ***** Maximum Geometrical Gauss = 1.52328e-14, cell= 55:0:1:1:0
  ***** Maximum MovingSurf  Gauss = 0, cell= 
 Start: Initialize data arrays on chips
 End:   Initialize data arrays on chips, res= 0; Timer: cpu0=0.000 wall=0.002 
 Start: TimeServis
 End:   TimeServis; Timer: cpu0=0.344 wall=0.038 
 Start: FindEnclaves
 End:   FindEnclaves; Timer: cpu0=0.078 wall=0.090 
 Start: VarValueService
 End:   VarValueService; Timer: cpu0=0.000 wall=0.001 
 Start: SolvePhaseEquation 
 End:   SolvePhaseEquation ; Timer: cpu0=12.500 wall=1.620 
 Start: SolidFiltersProcess: calculate forces and moments
 End:   SolidFiltersProcess: calculate forces and moments; Timer: cpu0=0.000 wall=0.002 
 Start: PrepareDataForNextStep
 End:   PrepareDataForNextStep; Timer: cpu0=0.391 wall=0.045 
 Start: VarValueService
 End:   VarValueService; Timer: cpu0=0.000 wall=0.001 
 Start: UpdateStopperData
 End:   UpdateStopperData; Timer: cpu0=0.000 wall=0.001 
 Start: Saving text status in E:\UniFlight\flow\full_rocket20_fv\data\full_rocket20.status
 End:   Saving text status in E:\UniFlight\flow\full_rocket20_fv\data\full_rocket20.status; Timer: cpu0=0.000 wall=0.002 
 End:   ===== Time Step =====, Iter number =  27; Timer: cpu0=14.000 wall=1.911 

20.06.26 15:31:14  ===== Processing Layers =====
20.06.26 15:31:14    *SEND* for CScalarLayer, GUID=93D71ED0-037A-4648-BBF4-680D0FDCD798
 Start: ComputeVolumeCharacteristics
 End:   ComputeVolumeCharacteristics; Timer: cpu0=0.156 wall=0.005 
 Start: GetValueOnFacets
 End:   GetValueOnFacets; Timer: cpu0=0.016 wall=0.015 
20.06.26 15:31:14    *SEND* for CIntegralCharsLayer, GUID=4E090A0C-544B-E4A2-4242-BEC451D7CD2B
20.06.26 15:31:14    *SEND* for CIntegralCharsLayer, GUID=53BB5889-26C7-9FD5-3BE6-8D746C5C843A
20.06.26 15:31:14    *SEND* for CIntegralCharsLayer, GUID=FB58FBBB-1926-D59E-785F-29B9759925F3
 End:   ===== Processing Layers =====; Timer: cpu0=0.172 wall=0.035 

20.06.26 15:31:14  ===== New Time Step =====, Iter number =  28
 Start: TimeServis
 End:   TimeServis; Timer: cpu0=0.312 wall=0.035 
 Start: User modules' functions BeforeTimeStep() are calling
 End:   User modules' functions BeforeTimeStep() are calling; Timer: cpu0=0.000 wall=0.003 
 Start: Adaptation, TotalRealCellsCount= 108097 
 End:   Adaptation; Timer: cpu0=0.000 wall=0.005 
 Start: Initialize data arrays on chips
 End:   Initialize data arrays on chips, res= 0; Timer: cpu0=0.000 wall=0.005 
  ***** Maximum Geometrical Gauss = 1.52328e-14, cell= 55:0:1:1:0
  ***** Maximum MovingSurf  Gauss = 0, cell= 
 Start: Initialize data arrays on chips
 End:   Initialize data arrays on chips, res= 0; Timer: cpu0=0.000 wall=0.002 
 Start: TimeServis
 End:   TimeServis; Timer: cpu0=0.359 wall=0.044 
 Start: FindEnclaves
 End:   FindEnclaves; Timer: cpu0=0.094 wall=0.106 
 Start: VarValueService
 End:   VarValueService; Timer: cpu0=0.000 wall=0.001 
 Start: SolvePhaseEquation 
 End:   SolvePhaseEquation ; Timer: cpu0=13.828 wall=1.765 
 Start: SolidFiltersProcess: calculate forces and moments
 End:   SolidFiltersProcess: calculate forces and moments; Timer: cpu0=0.000 wall=0.001 
 Start: PrepareDataForNextStep
 End:   PrepareDataForNextStep; Timer: cpu0=0.375 wall=0.046 
 Start: VarValueService
 End:   VarValueService; Timer: cpu0=0.000 wall=0.002 
 Start: UpdateStopperData
 End:   UpdateStopperData; Timer: cpu0=0.000 wall=0.001 
 Start: Saving text status in E:\UniFlight\flow\full_rocket20_fv\data\full_rocket20.status
 End:   Saving text status in E:\UniFlight\flow\full_rocket20_fv\data\full_rocket20.status; Timer: cpu0=0.000 wall=0.003 
 End:   ===== Time Step =====, Iter number =  28; Timer: cpu0=15.141 wall=2.087 

20.06.26 15:31:16  ===== Processing Layers =====
20.06.26 15:31:16    *SEND* for CScalarLayer, GUID=93D71ED0-037A-4648-BBF4-680D0FDCD798
 Start: ComputeVolumeCharacteristics
 End:   ComputeVolumeCharacteristics; Timer: cpu0=0.000 wall=0.006 
 Start: GetValueOnFacets
 End:   GetValueOnFacets; Timer: cpu0=0.016 wall=0.013 
20.06.26 15:31:16    *SEND* for CIntegralCharsLayer, GUID=4E090A0C-544B-E4A2-4242-BEC451D7CD2B
20.06.26 15:31:16    *SEND* for CIntegralCharsLayer, GUID=53BB5889-26C7-9FD5-3BE6-8D746C5C843A
20.06.26 15:31:16    *SEND* for CIntegralCharsLayer, GUID=FB58FBBB-1926-D59E-785F-29B9759925F3
 End:   ===== Processing Layers =====; Timer: cpu0=0.188 wall=0.033 

20.06.26 15:31:16  ===== New Time Step =====, Iter number =  29
 Start: TimeServis
 End:   TimeServis; Timer: cpu0=0.469 wall=0.038 
 Start: User modules' functions BeforeTimeStep() are calling
 End:   User modules' functions BeforeTimeStep() are calling; Timer: cpu0=0.000 wall=0.003 
 Start: Adaptation, TotalRealCellsCount= 108097 
 End:   Adaptation; Timer: cpu0=0.141 wall=0.004 
 Start: Initialize data arrays on chips
 End:   Initialize data arrays on chips, res= 0; Timer: cpu0=0.000 wall=0.003 
  ***** Maximum Geometrical Gauss = 1.52328e-14, cell= 55:0:1:1:0
  ***** Maximum MovingSurf  Gauss = 0, cell= 
 Start: Initialize data arrays on chips
 End:   Initialize data arrays on chips, res= 0; Timer: cpu0=0.000 wall=0.003 
 Start: TimeServis
 End:   TimeServis; Timer: cpu0=0.391 wall=0.041 
 Start: FindEnclaves
 End:   FindEnclaves; Timer: cpu0=0.094 wall=0.091 
 Start: VarValueService
 End:   VarValueService; Timer: cpu0=0.000 wall=0.002 
 Start: SolvePhaseEquation 
 End:   SolvePhaseEquation ; Timer: cpu0=13.969 wall=1.622 
 Start: SolidFiltersProcess: calculate forces and moments
 End:   SolidFiltersProcess: calculate forces and moments; Timer: cpu0=0.000 wall=0.001 
 Start: PrepareDataForNextStep
 End:   PrepareDataForNextStep; Timer: cpu0=0.344 wall=0.042 
 Start: VarValueService
 End:   VarValueService; Timer: cpu0=0.000 wall=0.002 
 Start: UpdateStopperData
 End:   UpdateStopperData; Timer: cpu0=0.000 wall=0.001 
 Start: Saving text status in E:\UniFlight\flow\full_rocket20_fv\data\full_rocket20.status
 End:   Saving text status in E:\UniFlight\flow\full_rocket20_fv\data\full_rocket20.status; Timer: cpu0=0.000 wall=0.002 
 End:   ===== Time Step =====, Iter number =  29; Timer: cpu0=15.594 wall=1.916 

20.06.26 15:31:18  ===== Processing Layers =====
20.06.26 15:31:18    *SEND* for CScalarLayer, GUID=93D71ED0-037A-4648-BBF4-680D0FDCD798
 Start: ComputeVolumeCharacteristics
 End:   ComputeVolumeCharacteristics; Timer: cpu0=0.000 wall=0.004 
 Start: GetValueOnFacets
 End:   GetValueOnFacets; Timer: cpu0=0.000 wall=0.013 
20.06.26 15:31:18    *SEND* for CIntegralCharsLayer, GUID=4E090A0C-544B-E4A2-4242-BEC451D7CD2B
20.06.26 15:31:18    *SEND* for CIntegralCharsLayer, GUID=53BB5889-26C7-9FD5-3BE6-8D746C5C843A
20.06.26 15:31:18    *SEND* for CIntegralCharsLayer, GUID=FB58FBBB-1926-D59E-785F-29B9759925F3
 End:   ===== Processing Layers =====; Timer: cpu0=0.031 wall=0.034 

20.06.26 15:31:18  ===== New Time Step =====, Iter number =  30
 Start: TimeServis
 End:   TimeServis; Timer: cpu0=0.344 wall=0.036 
 Start: User modules' functions BeforeTimeStep() are calling
 End:   User modules' functions BeforeTimeStep() are calling; Timer: cpu0=0.000 wall=0.002 
 Start: Adaptation, TotalRealCellsCount= 108097 
 End:   Adaptation; Timer: cpu0=2.516 wall=0.429 
 Start: DistributeGridOnProcessors
 End:   DistributeGridOnProcessors, res= 0; Timer: cpu0=0.828 wall=0.187 
 Start: SetNeiHyperCells
 End:   SetNeiHyperCells, res= 0; Timer: cpu0=0.172 wall=0.007 
 Start: BuildFacetDistribution
 End:   BuildFacetDistribution; Timer: cpu0=0.000 wall=0.001 
 Start: Initialize data arrays on chips
 End:   Initialize data arrays on chips, res= 0; Timer: cpu0=0.109 wall=0.002 
  ***** Maximum Geometrical Gauss = 1.52328e-14, cell= 55:0:1:1:0
  ***** Maximum MovingSurf  Gauss = 1.11595e-14, cell= 54:3:0:0:0
 Start: Remove Small Cells
 End:   Remove Small Cells; Timer: cpu0=0.156 wall=0.021 
 Start: Initialize data arrays on chips
 End:   Initialize data arrays on chips, res= 0; Timer: cpu0=0.000 wall=0.002 
  ***** Maximum Geometrical Gauss = 1.52328e-14, cell= 55:0:1:1:0
  ***** Maximum MovingSurf  Gauss = 1.11595e-14, cell= 54:3:0:0:0
 Start: Initialize data arrays on chips
 End:   Initialize data arrays on chips, res= 0; Timer: cpu0=0.172 wall=0.003 
 Start: Modify Chip Data
 End:   Modify Chip Data; Timer: cpu0=0.297 wall=0.033 
 Start: TimeServis
 End:   TimeServis; Timer: cpu0=0.531 wall=0.045 
 Start: FindEnclaves
 End:   FindEnclaves; Timer: cpu0=0.078 wall=0.090 
 Start: VarValueService
 End:   VarValueService; Timer: cpu0=0.000 wall=0.002 
 Start: SolvePhaseEquation 
 End:   SolvePhaseEquation ; Timer: cpu0=12.562 wall=1.512 
 Start: SolidFiltersProcess: calculate forces and moments
 End:   SolidFiltersProcess: calculate forces and moments; Timer: cpu0=0.000 wall=0.002 
 Start: PrepareDataForNextStep
 End:   PrepareDataForNextStep; Timer: cpu0=0.516 wall=0.046 
 Start: VarValueService
 End:   VarValueService; Timer: cpu0=0.000 wall=0.001 
 Start: UpdateStopperData
 End:   UpdateStopperData; Timer: cpu0=0.000 wall=0.001 
 Start: Saving text status in E:\UniFlight\flow\full_rocket20_fv\data\full_rocket20.status
 End:   Saving text status in E:\UniFlight\flow\full_rocket20_fv\data\full_rocket20.status; Timer: cpu0=0.000 wall=0.002 
 End:   ===== Time Step =====, Iter number =  30; Timer: cpu0=18.453 wall=2.562 

20.06.26 15:31:21  ===== Processing Layers =====
20.06.26 15:31:21    *SEND* for CScalarLayer, GUID=93D71ED0-037A-4648-BBF4-680D0FDCD798
 Start: ComputeVolumeCharacteristics
 End:   ComputeVolumeCharacteristics; Timer: cpu0=0.000 wall=0.005 
 Start: GetValueOnFacets
 End:   GetValueOnFacets; Timer: cpu0=0.000 wall=0.012 
20.06.26 15:31:21    *SEND* for CIntegralCharsLayer, GUID=4E090A0C-544B-E4A2-4242-BEC451D7CD2B
20.06.26 15:31:21    *SEND* for CIntegralCharsLayer, GUID=53BB5889-26C7-9FD5-3BE6-8D746C5C843A
20.06.26 15:31:21    *SEND* for CIntegralCharsLayer, GUID=FB58FBBB-1926-D59E-785F-29B9759925F3
 End:   ===== Processing Layers =====; Timer: cpu0=0.000 wall=0.033 

20.06.26 15:31:21  ===== New Time Step =====, Iter number =  31
 Start: TimeServis
 End:   TimeServis; Timer: cpu0=0.344 wall=0.035 
 Start: User modules' functions BeforeTimeStep() are calling
 End:   User modules' functions BeforeTimeStep() are calling; Timer: cpu0=0.000 wall=0.002 
 Start: Adaptation, TotalRealCellsCount= 98024 
 End:   Adaptation; Timer: cpu0=4.422 wall=0.594 
 Start: DistributeGridOnProcessors
 End:   DistributeGridOnProcessors, res= 0; Timer: cpu0=0.734 wall=0.202 
 Start: SetNeiHyperCells
 End:   SetNeiHyperCells, res= 0; Timer: cpu0=0.000 wall=0.008 
 Start: BuildFacetDistribution
 End:   BuildFacetDistribution; Timer: cpu0=0.000 wall=0.003 
 Start: Initialize data arrays on chips
 End:   Initialize data arrays on chips, res= 0; Timer: cpu0=0.000 wall=0.002 
  ***** Maximum Geometrical Gauss = 1.52328e-14, cell= 54:0:0:1:0
  ***** Maximum MovingSurf  Gauss = 2.71263e-14, cell= 35:0:2:0:0
 Start: Remove Small Cells
 End:   Remove Small Cells; Timer: cpu0=0.172 wall=0.023 
 Start: Initialize data arrays on chips
 End:   Initialize data arrays on chips, res= 0; Timer: cpu0=0.000 wall=0.002 
  ***** Maximum Geometrical Gauss = 1.52328e-14, cell= 55:0:1:1:0
  ***** Maximum MovingSurf  Gauss = 2.71263e-14, cell= 35:0:2:0:0
 Start: Initialize data arrays on chips
 End:   Initialize data arrays on chips, res= 0; Timer: cpu0=0.000 wall=0.002 
 Start: Modify Chip Data
 End:   Modify Chip Data; Timer: cpu0=0.328 wall=0.037 
 Start: TimeServis
 End:   TimeServis; Timer: cpu0=0.625 wall=0.058 
 Start: FindEnclaves
 End:   FindEnclaves; Timer: cpu0=0.094 wall=0.100 
 Start: VarValueService
 End:   VarValueService; Timer: cpu0=0.000 wall=0.001 
 Start: SolvePhaseEquation 
 End:   SolvePhaseEquation ; Timer: cpu0=12.797 wall=1.602 
 Start: SolidFiltersProcess: calculate forces and moments
 End:   SolidFiltersProcess: calculate forces and moments; Timer: cpu0=0.125 wall=0.001 
 Start: PrepareDataForNextStep
 End:   PrepareDataForNextStep; Timer: cpu0=0.344 wall=0.042 
 Start: VarValueService
 End:   VarValueService; Timer: cpu0=0.000 wall=0.001 
 Start: UpdateStopperData
 End:   UpdateStopperData; Timer: cpu0=0.000 wall=0.001 
 Start: Saving text status in E:\UniFlight\flow\full_rocket20_fv\data\full_rocket20.status
 End:   Saving text status in E:\UniFlight\flow\full_rocket20_fv\data\full_rocket20.status; Timer: cpu0=0.000 wall=0.002 
 End:   ===== Time Step =====, Iter number =  31; Timer: cpu0=20.516 wall=2.804 

20.06.26 15:31:24  ===== Processing Layers =====
20.06.26 15:31:24    *SEND* for CScalarLayer, GUID=93D71ED0-037A-4648-BBF4-680D0FDCD798
 Start: ComputeVolumeCharacteristics
 End:   ComputeVolumeCharacteristics; Timer: cpu0=0.000 wall=0.004 
 Start: GetValueOnFacets
 End:   GetValueOnFacets; Timer: cpu0=0.125 wall=0.020 
20.06.26 15:31:24    *SEND* for CIntegralCharsLayer, GUID=4E090A0C-544B-E4A2-4242-BEC451D7CD2B
20.06.26 15:31:24    *SEND* for CIntegralCharsLayer, GUID=53BB5889-26C7-9FD5-3BE6-8D746C5C843A
20.06.26 15:31:24    *SEND* for CIntegralCharsLayer, GUID=FB58FBBB-1926-D59E-785F-29B9759925F3
 End:   ===== Processing Layers =====; Timer: cpu0=0.125 wall=0.050 

20.06.26 15:31:24  ===== New Time Step =====, Iter number =  32
 Start: TimeServis
 End:   TimeServis; Timer: cpu0=0.344 wall=0.037 
 Start: User modules' functions BeforeTimeStep() are calling
 End:   User modules' functions BeforeTimeStep() are calling; Timer: cpu0=0.000 wall=0.003 
 Start: Adaptation, TotalRealCellsCount= 107166 
 End:   Adaptation; Timer: cpu0=0.000 wall=0.005 
 Start: Initialize data arrays on chips
 End:   Initialize data arrays on chips, res= 0; Timer: cpu0=0.000 wall=0.003 
  ***** Maximum Geometrical Gauss = 1.52328e-14, cell= 55:0:1:1:0
  ***** Maximum MovingSurf  Gauss = 0, cell= 
 Start: Initialize data arrays on chips
 End:   Initialize data arrays on chips, res= 0; Timer: cpu0=0.000 wall=0.002 
 Start: TimeServis
 End:   TimeServis; Timer: cpu0=0.500 wall=0.052 
 Start: FindEnclaves
 End:   FindEnclaves; Timer: cpu0=0.094 wall=0.099 
 Start: VarValueService
 End:   VarValueService; Timer: cpu0=0.000 wall=0.001 
 Start: SolvePhaseEquation 
 End:   SolvePhaseEquation ; Timer: cpu0=13.578 wall=1.605 
 Start: SolidFiltersProcess: calculate forces and moments
 End:   SolidFiltersProcess: calculate forces and moments; Timer: cpu0=0.000 wall=0.001 
 Start: PrepareDataForNextStep
 End:   PrepareDataForNextStep; Timer: cpu0=0.344 wall=0.043 
 Start: VarValueService
 End:   VarValueService; Timer: cpu0=0.000 wall=0.002 
 Start: UpdateStopperData
 End:   UpdateStopperData; Timer: cpu0=0.000 wall=0.001 
 Start: Saving text status in E:\UniFlight\flow\full_rocket20_fv\data\full_rocket20.status
 End:   Saving text status in E:\UniFlight\flow\full_rocket20_fv\data\full_rocket20.status; Timer: cpu0=0.000 wall=0.002 
 End:   ===== Time Step =====, Iter number =  32; Timer: cpu0=15.188 wall=1.925 

20.06.26 15:31:27  ===== Processing Layers =====
20.06.26 15:31:27    *SEND* for CScalarLayer, GUID=93D71ED0-037A-4648-BBF4-680D0FDCD798
 Start: ComputeVolumeCharacteristics
 End:   ComputeVolumeCharacteristics; Timer: cpu0=0.000 wall=0.004 
 Start: GetValueOnFacets
 End:   GetValueOnFacets; Timer: cpu0=0.172 wall=0.014 
20.06.26 15:31:27    *SEND* for CIntegralCharsLayer, GUID=4E090A0C-544B-E4A2-4242-BEC451D7CD2B
20.06.26 15:31:27    *SEND* for CIntegralCharsLayer, GUID=53BB5889-26C7-9FD5-3BE6-8D746C5C843A
20.06.26 15:31:27    *SEND* for CIntegralCharsLayer, GUID=FB58FBBB-1926-D59E-785F-29B9759925F3
 End:   ===== Processing Layers =====; Timer: cpu0=0.188 wall=0.034 

20.06.26 15:31:27  ===== New Time Step =====, Iter number =  33
 Start: TimeServis
 End:   TimeServis; Timer: cpu0=0.328 wall=0.037 
 Start: User modules' functions BeforeTimeStep() are calling
 End:   User modules' functions BeforeTimeStep() are calling; Timer: cpu0=0.000 wall=0.003 
 Start: Adaptation, TotalRealCellsCount= 107166 
 End:   Adaptation; Timer: cpu0=0.000 wall=0.005 
 Start: Initialize data arrays on chips
 End:   Initialize data arrays on chips, res= 0; Timer: cpu0=0.000 wall=0.003 
  ***** Maximum Geometrical Gauss = 1.52328e-14, cell= 54:0:0:1:0
  ***** Maximum MovingSurf  Gauss = 0, cell= 
 Start: Initialize data arrays on chips
 End:   Initialize data arrays on chips, res= 0; Timer: cpu0=0.000 wall=0.003 
 Start: TimeServis
 End:   TimeServis; Timer: cpu0=0.344 wall=0.045 
 Start: FindEnclaves
 End:   FindEnclaves; Timer: cpu0=0.094 wall=0.089 
 Start: VarValueService
 End:   VarValueService; Timer: cpu0=0.000 wall=0.001 
 Start: SolvePhaseEquation 
 End:   SolvePhaseEquation ; Timer: cpu0=12.562 wall=1.578 
 Start: SolidFiltersProcess: calculate forces and moments
 End:   SolidFiltersProcess: calculate forces and moments; Timer: cpu0=0.000 wall=0.002 
 Start: PrepareDataForNextStep
 End:   PrepareDataForNextStep; Timer: cpu0=0.297 wall=0.044 
 Start: VarValueService
 End:   VarValueService; Timer: cpu0=0.000 wall=0.002 
 Start: UpdateStopperData
 End:   UpdateStopperData; Timer: cpu0=0.000 wall=0.000 
 Start: Saving text status in E:\UniFlight\flow\full_rocket20_fv\data\full_rocket20.status
 End:   Saving text status in E:\UniFlight\flow\full_rocket20_fv\data\full_rocket20.status; Timer: cpu0=0.000 wall=0.002 
 End:   ===== Time Step =====, Iter number =  33; Timer: cpu0=13.875 wall=1.881 

20.06.26 15:31:29  ===== Processing Layers =====
20.06.26 15:31:29    *SEND* for CScalarLayer, GUID=93D71ED0-037A-4648-BBF4-680D0FDCD798
 Start: ComputeVolumeCharacteristics
 End:   ComputeVolumeCharacteristics; Timer: cpu0=0.000 wall=0.005 
 Start: GetValueOnFacets
 End:   GetValueOnFacets; Timer: cpu0=0.156 wall=0.014 
20.06.26 15:31:29    *SEND* for CIntegralCharsLayer, GUID=4E090A0C-544B-E4A2-4242-BEC451D7CD2B
20.06.26 15:31:29    *SEND* for CIntegralCharsLayer, GUID=53BB5889-26C7-9FD5-3BE6-8D746C5C843A
20.06.26 15:31:29    *SEND* for CIntegralCharsLayer, GUID=FB58FBBB-1926-D59E-785F-29B9759925F3
 End:   ===== Processing Layers =====; Timer: cpu0=0.156 wall=0.037 

20.06.26 15:31:29  ===== New Time Step =====, Iter number =  34
 Start: TimeServis
 End:   TimeServis; Timer: cpu0=0.344 wall=0.038 
 Start: User modules' functions BeforeTimeStep() are calling
 End:   User modules' functions BeforeTimeStep() are calling; Timer: cpu0=0.000 wall=0.002 
 Start: Adaptation, TotalRealCellsCount= 107166 
 End:   Adaptation; Timer: cpu0=0.000 wall=0.005 
 Start: Initialize data arrays on chips
 End:   Initialize data arrays on chips, res= 0; Timer: cpu0=0.000 wall=0.002 
  ***** Maximum Geometrical Gauss = 1.52328e-14, cell= 54:0:0:1:0
  ***** Maximum MovingSurf  Gauss = 0, cell= 
 Start: Initialize data arrays on chips
 End:   Initialize data arrays on chips, res= 0; Timer: cpu0=0.000 wall=0.002 
 Start: TimeServis
 End:   TimeServis; Timer: cpu0=0.500 wall=0.043 
 Start: FindEnclaves
 End:   FindEnclaves; Timer: cpu0=0.250 wall=0.084 
 Start: VarValueService
 End:   VarValueService; Timer: cpu0=0.000 wall=0.001 
 Start: SolvePhaseEquation 
 End:   SolvePhaseEquation ; Timer: cpu0=12.969 wall=1.598 
 Start: SolidFiltersProcess: calculate forces and moments
 End:   SolidFiltersProcess: calculate forces and moments; Timer: cpu0=0.000 wall=0.002 
 Start: PrepareDataForNextStep
 End:   PrepareDataForNextStep; Timer: cpu0=0.344 wall=0.052 
 Start: VarValueService
 End:   VarValueService; Timer: cpu0=0.000 wall=0.001 
 Start: UpdateStopperData
 End:   UpdateStopperData; Timer: cpu0=0.000 wall=0.000 
 Start: Saving text status in E:\UniFlight\flow\full_rocket20_fv\data\full_rocket20.status
 End:   Saving text status in E:\UniFlight\flow\full_rocket20_fv\data\full_rocket20.status; Timer: cpu0=0.016 wall=0.002 
 End:   ===== Time Step =====, Iter number =  34; Timer: cpu0=14.734 wall=1.895 

20.06.26 15:31:31  ===== Processing Layers =====
20.06.26 15:31:31    *SEND* for CScalarLayer, GUID=93D71ED0-037A-4648-BBF4-680D0FDCD798
 Start: ComputeVolumeCharacteristics
 End:   ComputeVolumeCharacteristics; Timer: cpu0=0.000 wall=0.004 
 Start: GetValueOnFacets
 End:   GetValueOnFacets; Timer: cpu0=0.016 wall=0.014 
20.06.26 15:31:31    *SEND* for CIntegralCharsLayer, GUID=4E090A0C-544B-E4A2-4242-BEC451D7CD2B
20.06.26 15:31:31    *SEND* for CIntegralCharsLayer, GUID=53BB5889-26C7-9FD5-3BE6-8D746C5C843A
20.06.26 15:31:31    *SEND* for CIntegralCharsLayer, GUID=FB58FBBB-1926-D59E-785F-29B9759925F3
 End:   ===== Processing Layers =====; Timer: cpu0=0.016 wall=0.035 

20.06.26 15:31:31  ===== New Time Step =====, Iter number =  35
 Start: TimeServis
 End:   TimeServis; Timer: cpu0=0.344 wall=0.035 
 Start: User modules' functions BeforeTimeStep() are calling
 End:   User modules' functions BeforeTimeStep() are calling; Timer: cpu0=0.000 wall=0.002 
 Start: Adaptation, TotalRealCellsCount= 107166 
 End:   Adaptation; Timer: cpu0=0.156 wall=0.006 
 Start: Initialize data arrays on chips
 End:   Initialize data arrays on chips, res= 0; Timer: cpu0=0.000 wall=0.002 
  ***** Maximum Geometrical Gauss = 1.52328e-14, cell= 54:0:0:1:0
  ***** Maximum MovingSurf  Gauss = 0, cell= 
 Start: Initialize data arrays on chips
 End:   Initialize data arrays on chips, res= 0; Timer: cpu0=0.000 wall=0.002 
 Start: TimeServis
 End:   TimeServis; Timer: cpu0=0.375 wall=0.039 
 Start: FindEnclaves
 End:   FindEnclaves; Timer: cpu0=0.094 wall=0.090 
 Start: VarValueService
 End:   VarValueService; Timer: cpu0=0.000 wall=0.002 
 Start: SolvePhaseEquation 
 End:   SolvePhaseEquation ; Timer: cpu0=13.547 wall=1.594 
 Start: SolidFiltersProcess: calculate forces and moments
 End:   SolidFiltersProcess: calculate forces and moments; Timer: cpu0=0.000 wall=0.001 
 Start: PrepareDataForNextStep
 End:   PrepareDataForNextStep; Timer: cpu0=0.203 wall=0.045 
 Start: VarValueService
 End:   VarValueService; Timer: cpu0=0.000 wall=0.001 
 Start: UpdateStopperData
 End:   UpdateStopperData; Timer: cpu0=0.000 wall=0.000 
 Start: Saving text status in E:\UniFlight\flow\full_rocket20_fv\data\full_rocket20.status
 End:   Saving text status in E:\UniFlight\flow\full_rocket20_fv\data\full_rocket20.status; Timer: cpu0=0.000 wall=0.002 
 End:   ===== Time Step =====, Iter number =  35; Timer: cpu0=14.891 wall=1.885 

20.06.26 15:31:33  ===== Processing Layers =====
20.06.26 15:31:33    *SEND* for CScalarLayer, GUID=93D71ED0-037A-4648-BBF4-680D0FDCD798
 Start: ComputeVolumeCharacteristics
 End:   ComputeVolumeCharacteristics; Timer: cpu0=0.000 wall=0.005 
 Start: GetValueOnFacets
 End:   GetValueOnFacets; Timer: cpu0=0.016 wall=0.014 
20.06.26 15:31:33    *SEND* for CIntegralCharsLayer, GUID=4E090A0C-544B-E4A2-4242-BEC451D7CD2B
20.06.26 15:31:33    *SEND* for CIntegralCharsLayer, GUID=53BB5889-26C7-9FD5-3BE6-8D746C5C843A
20.06.26 15:31:33    *SEND* for CIntegralCharsLayer, GUID=FB58FBBB-1926-D59E-785F-29B9759925F3
 End:   ===== Processing Layers =====; Timer: cpu0=0.031 wall=0.035 

20.06.26 15:31:33  ===== New Time Step =====, Iter number =  36
 Start: TimeServis
 End:   TimeServis; Timer: cpu0=0.484 wall=0.034 
 Start: User modules' functions BeforeTimeStep() are calling
 End:   User modules' functions BeforeTimeStep() are calling; Timer: cpu0=0.000 wall=0.003 
 Start: Adaptation, TotalRealCellsCount= 107166 
 End:   Adaptation; Timer: cpu0=0.000 wall=0.005 
 Start: Initialize data arrays on chips
 End:   Initialize data arrays on chips, res= 0; Timer: cpu0=0.000 wall=0.002 
  ***** Maximum Geometrical Gauss = 1.52328e-14, cell= 55:0:1:1:0
  ***** Maximum MovingSurf  Gauss = 0, cell= 
 Start: Initialize data arrays on chips
 End:   Initialize data arrays on chips, res= 0; Timer: cpu0=0.000 wall=0.002 
 Start: TimeServis
 End:   TimeServis; Timer: cpu0=0.328 wall=0.041 
 Start: FindEnclaves
 End:   FindEnclaves; Timer: cpu0=0.094 wall=0.093 
 Start: VarValueService
 End:   VarValueService; Timer: cpu0=0.000 wall=0.002 
 Start: SolvePhaseEquation 
 End:   SolvePhaseEquation ; Timer: cpu0=13.719 wall=1.592 
 Start: SolidFiltersProcess: calculate forces and moments
 End:   SolidFiltersProcess: calculate forces and moments; Timer: cpu0=0.000 wall=0.002 
 Start: PrepareDataForNextStep
 End:   PrepareDataForNextStep; Timer: cpu0=0.203 wall=0.043 
 Start: VarValueService
 End:   VarValueService; Timer: cpu0=0.000 wall=0.001 
 Start: UpdateStopperData
 End:   UpdateStopperData; Timer: cpu0=0.000 wall=0.001 
 Start: Saving text status in E:\UniFlight\flow\full_rocket20_fv\data\full_rocket20.status
 End:   Saving text status in E:\UniFlight\flow\full_rocket20_fv\data\full_rocket20.status; Timer: cpu0=0.000 wall=0.003 
 End:   ===== Time Step =====, Iter number =  36; Timer: cpu0=15.000 wall=1.884 

20.06.26 15:31:35  ===== Processing Layers =====
20.06.26 15:31:35    *SEND* for CScalarLayer, GUID=93D71ED0-037A-4648-BBF4-680D0FDCD798
 Start: ComputeVolumeCharacteristics
 End:   ComputeVolumeCharacteristics; Timer: cpu0=0.000 wall=0.005 
 Start: GetValueOnFacets
 End:   GetValueOnFacets; Timer: cpu0=0.000 wall=0.012 
20.06.26 15:31:35    *SEND* for CIntegralCharsLayer, GUID=4E090A0C-544B-E4A2-4242-BEC451D7CD2B
20.06.26 15:31:35    *SEND* for CIntegralCharsLayer, GUID=53BB5889-26C7-9FD5-3BE6-8D746C5C843A
20.06.26 15:31:35    *SEND* for CIntegralCharsLayer, GUID=FB58FBBB-1926-D59E-785F-29B9759925F3
 End:   ===== Processing Layers =====; Timer: cpu0=0.000 wall=0.035 

20.06.26 15:31:35  ===== New Time Step =====, Iter number =  37
 Start: TimeServis
 End:   TimeServis; Timer: cpu0=0.328 wall=0.038 
 Start: User modules' functions BeforeTimeStep() are calling
 End:   User modules' functions BeforeTimeStep() are calling; Timer: cpu0=0.000 wall=0.003 
 Start: Adaptation, TotalRealCellsCount= 107166 
 End:   Adaptation; Timer: cpu0=0.000 wall=0.006 
 Start: Initialize data arrays on chips
 End:   Initialize data arrays on chips, res= 0; Timer: cpu0=0.000 wall=0.003 
  ***** Maximum Geometrical Gauss = 1.52328e-14, cell= 54:0:0:1:0
  ***** Maximum MovingSurf  Gauss = 0, cell= 
 Start: Initialize data arrays on chips
 End:   Initialize data arrays on chips, res= 0; Timer: cpu0=0.000 wall=0.003 
 Start: TimeServis
 End:   TimeServis; Timer: cpu0=0.500 wall=0.047 
 Start: FindEnclaves
 End:   FindEnclaves; Timer: cpu0=0.078 wall=0.089 
 Start: VarValueService
 End:   VarValueService; Timer: cpu0=0.000 wall=0.001 
 Start: SolvePhaseEquation 
 End:   SolvePhaseEquation ; Timer: cpu0=12.656 wall=1.576 
 Start: SolidFiltersProcess: calculate forces and moments
 End:   SolidFiltersProcess: calculate forces and moments; Timer: cpu0=0.000 wall=0.001 
 Start: PrepareDataForNextStep
 End:   PrepareDataForNextStep; Timer: cpu0=0.203 wall=0.043 
 Start: VarValueService
 End:   VarValueService; Timer: cpu0=0.000 wall=0.001 
 Start: UpdateStopperData
 End:   UpdateStopperData; Timer: cpu0=0.000 wall=0.001 
 Start: Saving text status in E:\UniFlight\flow\full_rocket20_fv\data\full_rocket20.status
 End:   Saving text status in E:\UniFlight\flow\full_rocket20_fv\data\full_rocket20.status; Timer: cpu0=0.000 wall=0.002 
 End:   ===== Time Step =====, Iter number =  37; Timer: cpu0=14.109 wall=1.883 

20.06.26 15:31:38  ===== Processing Layers =====
20.06.26 15:31:38    *SEND* for CScalarLayer, GUID=93D71ED0-037A-4648-BBF4-680D0FDCD798
 Start: ComputeVolumeCharacteristics
 End:   ComputeVolumeCharacteristics; Timer: cpu0=0.000 wall=0.005 
 Start: GetValueOnFacets
 End:   GetValueOnFacets; Timer: cpu0=0.016 wall=0.015 
20.06.26 15:31:38    *SEND* for CIntegralCharsLayer, GUID=4E090A0C-544B-E4A2-4242-BEC451D7CD2B
20.06.26 15:31:38    *SEND* for CIntegralCharsLayer, GUID=53BB5889-26C7-9FD5-3BE6-8D746C5C843A
20.06.26 15:31:38    *SEND* for CIntegralCharsLayer, GUID=FB58FBBB-1926-D59E-785F-29B9759925F3
 End:   ===== Processing Layers =====; Timer: cpu0=0.188 wall=0.036 

20.06.26 15:31:38  ===== New Time Step =====, Iter number =  38
 Start: TimeServis
 End:   TimeServis; Timer: cpu0=0.344 wall=0.035 
 Start: User modules' functions BeforeTimeStep() are calling
 End:   User modules' functions BeforeTimeStep() are calling; Timer: cpu0=0.000 wall=0.001 
 Start: Adaptation, TotalRealCellsCount= 107166 
 End:   Adaptation; Timer: cpu0=0.000 wall=0.004 
 Start: Initialize data arrays on chips
 End:   Initialize data arrays on chips, res= 0; Timer: cpu0=0.000 wall=0.001 
  ***** Maximum Geometrical Gauss = 1.52328e-14, cell= 54:0:0:1:0
  ***** Maximum MovingSurf  Gauss = 0, cell= 
 Start: Initialize data arrays on chips
 End:   Initialize data arrays on chips, res= 0; Timer: cpu0=0.000 wall=0.002 
 Start: TimeServis
 End:   TimeServis; Timer: cpu0=0.312 wall=0.042 
 Start: FindEnclaves
 End:   FindEnclaves; Timer: cpu0=0.094 wall=0.091 
 Start: VarValueService
 End:   VarValueService; Timer: cpu0=0.000 wall=0.001 
 Start: SolvePhaseEquation 
 End:   SolvePhaseEquation ; Timer: cpu0=13.516 wall=1.563 
 Start: SolidFiltersProcess: calculate forces and moments
 End:   SolidFiltersProcess: calculate forces and moments; Timer: cpu0=0.000 wall=0.001 
 Start: PrepareDataForNextStep
 End:   PrepareDataForNextStep; Timer: cpu0=0.375 wall=0.046 
 Start: VarValueService
 End:   VarValueService; Timer: cpu0=0.094 wall=0.002 
 Start: UpdateStopperData
 End:   UpdateStopperData; Timer: cpu0=0.000 wall=0.001 
 Start: Saving text status in E:\UniFlight\flow\full_rocket20_fv\data\full_rocket20.status
 End:   Saving text status in E:\UniFlight\flow\full_rocket20_fv\data\full_rocket20.status; Timer: cpu0=0.000 wall=0.002 
 End:   ===== Time Step =====, Iter number =  38; Timer: cpu0=15.078 wall=1.856 

20.06.26 15:31:40  ===== Processing Layers =====
20.06.26 15:31:40    *SEND* for CScalarLayer, GUID=93D71ED0-037A-4648-BBF4-680D0FDCD798
 Start: ComputeVolumeCharacteristics
 End:   ComputeVolumeCharacteristics; Timer: cpu0=0.000 wall=0.003 
 Start: GetValueOnFacets
 End:   GetValueOnFacets; Timer: cpu0=0.016 wall=0.014 
20.06.26 15:31:40    *SEND* for CIntegralCharsLayer, GUID=4E090A0C-544B-E4A2-4242-BEC451D7CD2B
20.06.26 15:31:40    *SEND* for CIntegralCharsLayer, GUID=53BB5889-26C7-9FD5-3BE6-8D746C5C843A
20.06.26 15:31:40    *SEND* for CIntegralCharsLayer, GUID=FB58FBBB-1926-D59E-785F-29B9759925F3
 End:   ===== Processing Layers =====; Timer: cpu0=0.031 wall=0.034 

20.06.26 15:31:40  ===== New Time Step =====, Iter number =  39
 Start: TimeServis
 End:   TimeServis; Timer: cpu0=0.312 wall=0.038 
 Start: User modules' functions BeforeTimeStep() are calling
 End:   User modules' functions BeforeTimeStep() are calling; Timer: cpu0=0.000 wall=0.003 
 Start: Adaptation, TotalRealCellsCount= 107166 
 End:   Adaptation; Timer: cpu0=0.000 wall=0.005 
 Start: Initialize data arrays on chips
 End:   Initialize data arrays on chips, res= 0; Timer: cpu0=0.000 wall=0.002 
  ***** Maximum Geometrical Gauss = 1.52328e-14, cell= 54:0:0:1:0
  ***** Maximum MovingSurf  Gauss = 0, cell= 
 Start: Initialize data arrays on chips
 End:   Initialize data arrays on chips, res= 0; Timer: cpu0=0.000 wall=0.002 
 Start: TimeServis
 End:   TimeServis; Timer: cpu0=0.297 wall=0.044 
 Start: FindEnclaves
 End:   FindEnclaves; Timer: cpu0=0.094 wall=0.093 
 Start: VarValueService
 End:   VarValueService; Timer: cpu0=0.000 wall=0.001 
 Start: SolvePhaseEquation 
 End:   SolvePhaseEquation ; Timer: cpu0=12.812 wall=1.592 
 Start: SolidFiltersProcess: calculate forces and moments
 End:   SolidFiltersProcess: calculate forces and moments; Timer: cpu0=0.000 wall=0.001 
 Start: PrepareDataForNextStep
 End:   PrepareDataForNextStep; Timer: cpu0=0.344 wall=0.046 
 Start: VarValueService
 End:   VarValueService; Timer: cpu0=0.000 wall=0.002 
 Start: UpdateStopperData
 End:   UpdateStopperData; Timer: cpu0=0.000 wall=0.001 
 Start: Saving text status in E:\UniFlight\flow\full_rocket20_fv\data\full_rocket20.status
 End:   Saving text status in E:\UniFlight\flow\full_rocket20_fv\data\full_rocket20.status; Timer: cpu0=0.000 wall=0.002 
 End:   ===== Time Step =====, Iter number =  39; Timer: cpu0=14.031 wall=1.922 

20.06.26 15:31:42  ===== Processing Layers =====
20.06.26 15:31:42    *SEND* for CScalarLayer, GUID=93D71ED0-037A-4648-BBF4-680D0FDCD798
 Start: ComputeVolumeCharacteristics
 End:   ComputeVolumeCharacteristics; Timer: cpu0=0.000 wall=0.005 
 Start: GetValueOnFacets
 End:   GetValueOnFacets; Timer: cpu0=0.000 wall=0.014 
20.06.26 15:31:42    *SEND* for CIntegralCharsLayer, GUID=4E090A0C-544B-E4A2-4242-BEC451D7CD2B
20.06.26 15:31:42    *SEND* for CIntegralCharsLayer, GUID=53BB5889-26C7-9FD5-3BE6-8D746C5C843A
20.06.26 15:31:42    *SEND* for CIntegralCharsLayer, GUID=FB58FBBB-1926-D59E-785F-29B9759925F3
 End:   ===== Processing Layers =====; Timer: cpu0=0.000 wall=0.034 

20.06.26 15:31:42  ===== New Time Step =====, Iter number =  40
 Start: TimeServis
 End:   TimeServis; Timer: cpu0=0.328 wall=0.037 
 Start: User modules' functions BeforeTimeStep() are calling
 End:   User modules' functions BeforeTimeStep() are calling; Timer: cpu0=0.000 wall=0.003 
 Start: Adaptation, TotalRealCellsCount= 107166 
 End:   Adaptation; Timer: cpu0=2.328 wall=0.374 
 Start: DistributeGridOnProcessors
 End:   DistributeGridOnProcessors, res= 0; Timer: cpu0=1.172 wall=0.229 
 Start: SetNeiHyperCells
 End:   SetNeiHyperCells, res= 0; Timer: cpu0=0.000 wall=0.007 
 Start: BuildFacetDistribution
 End:   BuildFacetDistribution; Timer: cpu0=0.000 wall=0.001 
 Start: Initialize data arrays on chips
 End:   Initialize data arrays on chips, res= 0; Timer: cpu0=0.000 wall=0.002 
  ***** Maximum Geometrical Gauss = 1.52328e-14, cell= 54:0:0:1:0
  ***** Maximum MovingSurf  Gauss = 1.75119e-14, cell= 35:2:0:2:0
 Start: Remove Small Cells
 End:   Remove Small Cells; Timer: cpu0=0.344 wall=0.020 
 Start: Initialize data arrays on chips
 End:   Initialize data arrays on chips, res= 0; Timer: cpu0=0.000 wall=0.003 
  ***** Maximum Geometrical Gauss = 1.52328e-14, cell= 54:0:0:1:0
  ***** Maximum MovingSurf  Gauss = 1.75119e-14, cell= 35:2:0:2:0
 Start: Initialize data arrays on chips
 End:   Initialize data arrays on chips, res= 0; Timer: cpu0=0.000 wall=0.002 
 Start: Modify Chip Data
 End:   Modify Chip Data; Timer: cpu0=0.312 wall=0.037 
 Start: TimeServis
 End:   TimeServis; Timer: cpu0=0.312 wall=0.039 
 Start: FindEnclaves
 End:   FindEnclaves; Timer: cpu0=0.250 wall=0.099 
 Start: VarValueService
 End:   VarValueService; Timer: cpu0=0.000 wall=0.001 
 Start: SolvePhaseEquation 
 End:   SolvePhaseEquation ; Timer: cpu0=11.656 wall=1.472 
 Start: SolidFiltersProcess: calculate forces and moments
 End:   SolidFiltersProcess: calculate forces and moments; Timer: cpu0=0.000 wall=0.002 
 Start: PrepareDataForNextStep
 End:   PrepareDataForNextStep; Timer: cpu0=0.328 wall=0.042 
 Start: VarValueService
 End:   VarValueService; Timer: cpu0=0.000 wall=0.002 
 Start: UpdateStopperData
 End:   UpdateStopperData; Timer: cpu0=0.000 wall=0.001 
 Start: Saving text status in E:\UniFlight\flow\full_rocket20_fv\data\full_rocket20.status
 End:   Saving text status in E:\UniFlight\flow\full_rocket20_fv\data\full_rocket20.status; Timer: cpu0=0.000 wall=0.002 
 End:   ===== Time Step =====, Iter number =  40; Timer: cpu0=17.375 wall=2.463 

20.06.26 15:31:45  ===== Processing Layers =====
20.06.26 15:31:45    *SEND* for CScalarLayer, GUID=93D71ED0-037A-4648-BBF4-680D0FDCD798
 Start: ComputeVolumeCharacteristics
 End:   ComputeVolumeCharacteristics; Timer: cpu0=0.000 wall=0.004 
 Start: GetValueOnFacets
 End:   GetValueOnFacets; Timer: cpu0=0.172 wall=0.015 
20.06.26 15:31:45    *SEND* for CIntegralCharsLayer, GUID=4E090A0C-544B-E4A2-4242-BEC451D7CD2B
20.06.26 15:31:45    *SEND* for CIntegralCharsLayer, GUID=53BB5889-26C7-9FD5-3BE6-8D746C5C843A
20.06.26 15:31:45    *SEND* for CIntegralCharsLayer, GUID=FB58FBBB-1926-D59E-785F-29B9759925F3
 End:   ===== Processing Layers =====; Timer: cpu0=0.344 wall=0.034 

20.06.26 15:31:45  ===== New Time Step =====, Iter number =  41
 Start: TimeServis
 End:   TimeServis; Timer: cpu0=0.344 wall=0.031 
 Start: User modules' functions BeforeTimeStep() are calling
 End:   User modules' functions BeforeTimeStep() are calling; Timer: cpu0=0.000 wall=0.003 
 Start: Adaptation, TotalRealCellsCount= 98031 
 End:   Adaptation; Timer: cpu0=3.375 wall=0.560 
 Start: DistributeGridOnProcessors
 End:   DistributeGridOnProcessors, res= 0; Timer: cpu0=0.672 wall=0.217 
 Start: SetNeiHyperCells
 End:   SetNeiHyperCells, res= 0; Timer: cpu0=0.000 wall=0.007 
 Start: BuildFacetDistribution
 End:   BuildFacetDistribution; Timer: cpu0=0.000 wall=0.002 
 Start: Initialize data arrays on chips
 End:   Initialize data arrays on chips, res= 0; Timer: cpu0=0.000 wall=0.002 
  ***** Maximum Geometrical Gauss = 1.61209e-14, cell= 299:7:7:3:0
  ***** Maximum MovingSurf  Gauss = 2.21474e-14, cell= 54:2:1:0:0
 Start: Remove Small Cells
 End:   Remove Small Cells; Timer: cpu0=0.344 wall=0.024 
 Start: Initialize data arrays on chips
 End:   Initialize data arrays on chips, res= 0; Timer: cpu0=0.000 wall=0.002 
  ***** Maximum Geometrical Gauss = 1.61209e-14, cell= 299:7:7:3:0
  ***** Maximum MovingSurf  Gauss = 2.21474e-14, cell= 54:2:1:0:0
 Start: Initialize data arrays on chips
 End:   Initialize data arrays on chips, res= 0; Timer: cpu0=0.000 wall=0.001 
 Start: Modify Chip Data
 End:   Modify Chip Data; Timer: cpu0=0.453 wall=0.040 
 Start: TimeServis
 End:   TimeServis; Timer: cpu0=0.484 wall=0.049 
 Start: FindEnclaves
 End:   FindEnclaves; Timer: cpu0=0.094 wall=0.101 
 Start: VarValueService
 End:   VarValueService; Timer: cpu0=0.094 wall=0.001 
 Start: SolvePhaseEquation 
 End:   SolvePhaseEquation ; Timer: cpu0=13.500 wall=1.630 
 Start: SolidFiltersProcess: calculate forces and moments
 End:   SolidFiltersProcess: calculate forces and moments; Timer: cpu0=0.000 wall=0.003 
 Start: PrepareDataForNextStep
 End:   PrepareDataForNextStep; Timer: cpu0=0.250 wall=0.052 
 Start: VarValueService
 End:   VarValueService; Timer: cpu0=0.000 wall=0.001 
 Start: UpdateStopperData
 End:   UpdateStopperData; Timer: cpu0=0.000 wall=0.000 
 Start: Saving text status in E:\UniFlight\flow\full_rocket20_fv\data\full_rocket20.status
 End:   Saving text status in E:\UniFlight\flow\full_rocket20_fv\data\full_rocket20.status; Timer: cpu0=0.000 wall=0.003 
 End:   ===== Time Step =====, Iter number =  41; Timer: cpu0=20.094 wall=2.820 

20.06.26 15:31:48  ===== Processing Layers =====
20.06.26 15:31:48    *SEND* for CScalarLayer, GUID=93D71ED0-037A-4648-BBF4-680D0FDCD798
 Start: ComputeVolumeCharacteristics
 End:   ComputeVolumeCharacteristics; Timer: cpu0=0.000 wall=0.005 
 Start: GetValueOnFacets
 End:   GetValueOnFacets; Timer: cpu0=0.016 wall=0.018 
20.06.26 15:31:48    *SEND* for CIntegralCharsLayer, GUID=4E090A0C-544B-E4A2-4242-BEC451D7CD2B
20.06.26 15:31:48    *SEND* for CIntegralCharsLayer, GUID=53BB5889-26C7-9FD5-3BE6-8D746C5C843A
20.06.26 15:31:48    *SEND* for CIntegralCharsLayer, GUID=FB58FBBB-1926-D59E-785F-29B9759925F3
 End:   ===== Processing Layers =====; Timer: cpu0=0.016 wall=0.038 

20.06.26 15:31:48  ===== New Time Step =====, Iter number =  42
 Start: TimeServis
 End:   TimeServis; Timer: cpu0=0.312 wall=0.035 
 Start: User modules' functions BeforeTimeStep() are calling
 End:   User modules' functions BeforeTimeStep() are calling; Timer: cpu0=0.000 wall=0.002 
 Start: Adaptation, TotalRealCellsCount= 107901 
 End:   Adaptation; Timer: cpu0=0.000 wall=0.006 
 Start: Initialize data arrays on chips
 End:   Initialize data arrays on chips, res= 0; Timer: cpu0=0.000 wall=0.003 
  ***** Maximum Geometrical Gauss = 1.61209e-14, cell= 299:7:7:3:0
  ***** Maximum MovingSurf  Gauss = 0, cell= 
 Start: Initialize data arrays on chips
 End:   Initialize data arrays on chips, res= 0; Timer: cpu0=0.000 wall=0.002 
 Start: TimeServis
 End:   TimeServis; Timer: cpu0=0.516 wall=0.061 
 Start: FindEnclaves
 End:   FindEnclaves; Timer: cpu0=0.109 wall=0.108 
 Start: VarValueService
 End:   VarValueService; Timer: cpu0=0.000 wall=0.001 
 Start: SolvePhaseEquation 
 End:   SolvePhaseEquation ; Timer: cpu0=13.031 wall=1.594 
 Start: SolidFiltersProcess: calculate forces and moments
 End:   SolidFiltersProcess: calculate forces and moments; Timer: cpu0=0.000 wall=0.002 
 Start: PrepareDataForNextStep
 End:   PrepareDataForNextStep; Timer: cpu0=0.250 wall=0.046 
 Start: VarValueService
 End:   VarValueService; Timer: cpu0=0.000 wall=0.002 
 Start: UpdateStopperData
 End:   UpdateStopperData; Timer: cpu0=0.000 wall=0.001 
 Start: Saving text status in E:\UniFlight\flow\full_rocket20_fv\data\full_rocket20.status
 End:   Saving text status in E:\UniFlight\flow\full_rocket20_fv\data\full_rocket20.status; Timer: cpu0=0.000 wall=0.002 
 End:   ===== Time Step =====, Iter number =  42; Timer: cpu0=14.562 wall=1.936 

20.06.26 15:31:50  ===== Processing Layers =====
20.06.26 15:31:50    *SEND* for CScalarLayer, GUID=93D71ED0-037A-4648-BBF4-680D0FDCD798
 Start: ComputeVolumeCharacteristics
 End:   ComputeVolumeCharacteristics; Timer: cpu0=0.000 wall=0.003 
 Start: GetValueOnFacets
 End:   GetValueOnFacets; Timer: cpu0=0.016 wall=0.013 
20.06.26 15:31:50    *SEND* for CIntegralCharsLayer, GUID=4E090A0C-544B-E4A2-4242-BEC451D7CD2B
20.06.26 15:31:50    *SEND* for CIntegralCharsLayer, GUID=53BB5889-26C7-9FD5-3BE6-8D746C5C843A
20.06.26 15:31:50    *SEND* for CIntegralCharsLayer, GUID=FB58FBBB-1926-D59E-785F-29B9759925F3
 End:   ===== Processing Layers =====; Timer: cpu0=0.016 wall=0.034 

20.06.26 15:31:50  ===== New Time Step =====, Iter number =  43
 Start: TimeServis
 End:   TimeServis; Timer: cpu0=0.312 wall=0.036 
 Start: User modules' functions BeforeTimeStep() are calling
 End:   User modules' functions BeforeTimeStep() are calling; Timer: cpu0=0.000 wall=0.002 
 Start: Adaptation, TotalRealCellsCount= 107901 
 End:   Adaptation; Timer: cpu0=0.172 wall=0.004 
 Start: Initialize data arrays on chips
 End:   Initialize data arrays on chips, res= 0; Timer: cpu0=0.000 wall=0.002 
  ***** Maximum Geometrical Gauss = 1.61209e-14, cell= 299:7:7:3:0
  ***** Maximum MovingSurf  Gauss = 0, cell= 
 Start: Initialize data arrays on chips
 End:   Initialize data arrays on chips, res= 0; Timer: cpu0=0.000 wall=0.002 
 Start: TimeServis
 End:   TimeServis; Timer: cpu0=0.344 wall=0.037 
 Start: FindEnclaves
 End:   FindEnclaves; Timer: cpu0=0.094 wall=0.095 
 Start: VarValueService
 End:   VarValueService; Timer: cpu0=0.000 wall=0.001 
 Start: SolvePhaseEquation 
 End:   SolvePhaseEquation ; Timer: cpu0=12.438 wall=1.675 
 Start: SolidFiltersProcess: calculate forces and moments
 End:   SolidFiltersProcess: calculate forces and moments; Timer: cpu0=0.109 wall=0.001 
 Start: PrepareDataForNextStep
 End:   PrepareDataForNextStep; Timer: cpu0=0.344 wall=0.049 
 Start: VarValueService
 End:   VarValueService; Timer: cpu0=0.000 wall=0.002 
 Start: UpdateStopperData
 End:   UpdateStopperData; Timer: cpu0=0.000 wall=0.001 
 Start: Saving text status in E:\UniFlight\flow\full_rocket20_fv\data\full_rocket20.status
 End:   Saving text status in E:\UniFlight\flow\full_rocket20_fv\data\full_rocket20.status; Timer: cpu0=0.000 wall=0.002 
 End:   ===== Time Step =====, Iter number =  43; Timer: cpu0=14.156 wall=1.969 

20.06.26 15:31:52  ===== Processing Layers =====
20.06.26 15:31:52    *SEND* for CScalarLayer, GUID=93D71ED0-037A-4648-BBF4-680D0FDCD798
 Start: ComputeVolumeCharacteristics
 End:   ComputeVolumeCharacteristics; Timer: cpu0=0.172 wall=0.004 
 Start: GetValueOnFacets
 End:   GetValueOnFacets; Timer: cpu0=0.016 wall=0.014 
20.06.26 15:31:52    *SEND* for CIntegralCharsLayer, GUID=4E090A0C-544B-E4A2-4242-BEC451D7CD2B
20.06.26 15:31:52    *SEND* for CIntegralCharsLayer, GUID=53BB5889-26C7-9FD5-3BE6-8D746C5C843A
20.06.26 15:31:52    *SEND* for CIntegralCharsLayer, GUID=FB58FBBB-1926-D59E-785F-29B9759925F3
 End:   ===== Processing Layers =====; Timer: cpu0=0.188 wall=0.035 

20.06.26 15:31:52  ===== New Time Step =====, Iter number =  44
 Start: TimeServis
 End:   TimeServis; Timer: cpu0=0.453 wall=0.042 
 Start: User modules' functions BeforeTimeStep() are calling
 End:   User modules' functions BeforeTimeStep() are calling; Timer: cpu0=0.000 wall=0.003 
 Start: Adaptation, TotalRealCellsCount= 107901 
 End:   Adaptation; Timer: cpu0=0.000 wall=0.006 
 Start: Initialize data arrays on chips
 End:   Initialize data arrays on chips, res= 0; Timer: cpu0=0.000 wall=0.002 
  ***** Maximum Geometrical Gauss = 1.61209e-14, cell= 299:7:7:3:0
  ***** Maximum MovingSurf  Gauss = 0, cell= 
 Start: Initialize data arrays on chips
 End:   Initialize data arrays on chips, res= 0; Timer: cpu0=0.156 wall=0.002 
 Start: TimeServis
 End:   TimeServis; Timer: cpu0=0.312 wall=0.037 
 Start: FindEnclaves
 End:   FindEnclaves; Timer: cpu0=0.219 wall=0.095 
 Start: VarValueService
 End:   VarValueService; Timer: cpu0=0.000 wall=0.001 
 Start: SolvePhaseEquation 
 End:   SolvePhaseEquation ; Timer: cpu0=13.031 wall=1.557 
 Start: SolidFiltersProcess: calculate forces and moments
 End:   SolidFiltersProcess: calculate forces and moments; Timer: cpu0=0.000 wall=0.002 
 Start: PrepareDataForNextStep
 End:   PrepareDataForNextStep; Timer: cpu0=0.516 wall=0.050 
 Start: VarValueService
 End:   VarValueService; Timer: cpu0=0.000 wall=0.001 
 Start: UpdateStopperData
 End:   UpdateStopperData; Timer: cpu0=0.000 wall=0.001 
 Start: Saving text status in E:\UniFlight\flow\full_rocket20_fv\data\full_rocket20.status
 End:   Saving text status in E:\UniFlight\flow\full_rocket20_fv\data\full_rocket20.status; Timer: cpu0=0.000 wall=0.002 
 End:   ===== Time Step =====, Iter number =  44; Timer: cpu0=14.859 wall=1.856 

20.06.26 15:31:55  ===== Processing Layers =====
20.06.26 15:31:55    *SEND* for CScalarLayer, GUID=93D71ED0-037A-4648-BBF4-680D0FDCD798
 Start: ComputeVolumeCharacteristics
 End:   ComputeVolumeCharacteristics; Timer: cpu0=0.000 wall=0.004 
 Start: GetValueOnFacets
 End:   GetValueOnFacets; Timer: cpu0=0.172 wall=0.014 
20.06.26 15:31:55    *SEND* for CIntegralCharsLayer, GUID=4E090A0C-544B-E4A2-4242-BEC451D7CD2B
20.06.26 15:31:55    *SEND* for CIntegralCharsLayer, GUID=53BB5889-26C7-9FD5-3BE6-8D746C5C843A
20.06.26 15:31:55    *SEND* for CIntegralCharsLayer, GUID=FB58FBBB-1926-D59E-785F-29B9759925F3
 End:   ===== Processing Layers =====; Timer: cpu0=0.344 wall=0.034 

20.06.26 15:31:55  ===== New Time Step =====, Iter number =  45
 Start: TimeServis
 End:   TimeServis; Timer: cpu0=0.359 wall=0.035 
 Start: User modules' functions BeforeTimeStep() are calling
 End:   User modules' functions BeforeTimeStep() are calling; Timer: cpu0=0.000 wall=0.001 
 Start: Adaptation, TotalRealCellsCount= 107901 
 End:   Adaptation; Timer: cpu0=0.000 wall=0.005 
 Start: Initialize data arrays on chips
 End:   Initialize data arrays on chips, res= 0; Timer: cpu0=0.000 wall=0.003 
  ***** Maximum Geometrical Gauss = 1.61209e-14, cell= 299:7:7:3:0
  ***** Maximum MovingSurf  Gauss = 0, cell= 
 Start: Initialize data arrays on chips
 End:   Initialize data arrays on chips, res= 0; Timer: cpu0=0.000 wall=0.003 
 Start: TimeServis
 End:   TimeServis; Timer: cpu0=0.422 wall=0.041 
 Start: FindEnclaves
 End:   FindEnclaves; Timer: cpu0=0.078 wall=0.097 
 Start: VarValueService
 End:   VarValueService; Timer: cpu0=0.000 wall=0.002 
 Start: SolvePhaseEquation 
 End:   SolvePhaseEquation ; Timer: cpu0=12.344 wall=1.556 
 Start: SolidFiltersProcess: calculate forces and moments
 End:   SolidFiltersProcess: calculate forces and moments; Timer: cpu0=0.000 wall=0.002 
 Start: PrepareDataForNextStep
 End:   PrepareDataForNextStep; Timer: cpu0=0.375 wall=0.052 
 Start: VarValueService
 End:   VarValueService; Timer: cpu0=0.000 wall=0.002 
 Start: UpdateStopperData
 End:   UpdateStopperData; Timer: cpu0=0.000 wall=0.001 
 Start: Saving text status in E:\UniFlight\flow\full_rocket20_fv\data\full_rocket20.status
 End:   Saving text status in E:\UniFlight\flow\full_rocket20_fv\data\full_rocket20.status; Timer: cpu0=0.000 wall=0.002 
 End:   ===== Time Step =====, Iter number =  45; Timer: cpu0=13.922 wall=1.871 

20.06.26 15:31:57  ===== Processing Layers =====
20.06.26 15:31:57    *SEND* for CScalarLayer, GUID=93D71ED0-037A-4648-BBF4-680D0FDCD798
 Start: ComputeVolumeCharacteristics
 End:   ComputeVolumeCharacteristics; Timer: cpu0=0.000 wall=0.006 
 Start: GetValueOnFacets
 End:   GetValueOnFacets; Timer: cpu0=0.000 wall=0.013 
20.06.26 15:31:57    *SEND* for CIntegralCharsLayer, GUID=4E090A0C-544B-E4A2-4242-BEC451D7CD2B
20.06.26 15:31:57    *SEND* for CIntegralCharsLayer, GUID=53BB5889-26C7-9FD5-3BE6-8D746C5C843A
20.06.26 15:31:57    *SEND* for CIntegralCharsLayer, GUID=FB58FBBB-1926-D59E-785F-29B9759925F3
 End:   ===== Processing Layers =====; Timer: cpu0=0.016 wall=0.036 

20.06.26 15:31:57  ===== New Time Step =====, Iter number =  46
 Start: TimeServis
 End:   TimeServis; Timer: cpu0=0.344 wall=0.035 
 Start: User modules' functions BeforeTimeStep() are calling
 End:   User modules' functions BeforeTimeStep() are calling; Timer: cpu0=0.000 wall=0.001 
 Start: Adaptation, TotalRealCellsCount= 107901 
 End:   Adaptation; Timer: cpu0=0.125 wall=0.005 
 Start: Initialize data arrays on chips
 End:   Initialize data arrays on chips, res= 0; Timer: cpu0=0.000 wall=0.003 
  ***** Maximum Geometrical Gauss = 1.61209e-14, cell= 299:7:7:3:0
  ***** Maximum MovingSurf  Gauss = 0, cell= 
 Start: Initialize data arrays on chips
 End:   Initialize data arrays on chips, res= 0; Timer: cpu0=0.000 wall=0.002 
 Start: TimeServis
 End:   TimeServis; Timer: cpu0=0.328 wall=0.039 
 Start: FindEnclaves
 End:   FindEnclaves; Timer: cpu0=0.109 wall=0.103 
 Start: VarValueService
 End:   VarValueService; Timer: cpu0=0.000 wall=0.001 
 Start: SolvePhaseEquation 
 End:   SolvePhaseEquation ; Timer: cpu0=13.484 wall=1.689 
 Start: SolidFiltersProcess: calculate forces and moments
 End:   SolidFiltersProcess: calculate forces and moments; Timer: cpu0=0.000 wall=0.001 
 Start: PrepareDataForNextStep
 End:   PrepareDataForNextStep; Timer: cpu0=0.359 wall=0.051 
 Start: VarValueService
 End:   VarValueService; Timer: cpu0=0.000 wall=0.002 
 Start: UpdateStopperData
 End:   UpdateStopperData; Timer: cpu0=0.000 wall=0.000 
 Start: Saving text status in E:\UniFlight\flow\full_rocket20_fv\data\full_rocket20.status
 End:   Saving text status in E:\UniFlight\flow\full_rocket20_fv\data\full_rocket20.status; Timer: cpu0=0.000 wall=0.002 
 End:   ===== Time Step =====, Iter number =  46; Timer: cpu0=14.953 wall=2.000 

20.06.26 15:31:59  ===== Processing Layers =====
20.06.26 15:31:59    *SEND* for CScalarLayer, GUID=93D71ED0-037A-4648-BBF4-680D0FDCD798
 Start: ComputeVolumeCharacteristics
 End:   ComputeVolumeCharacteristics; Timer: cpu0=0.000 wall=0.004 
 Start: GetValueOnFacets
 End:   GetValueOnFacets; Timer: cpu0=0.016 wall=0.014 
20.06.26 15:31:59    *SEND* for CIntegralCharsLayer, GUID=4E090A0C-544B-E4A2-4242-BEC451D7CD2B
20.06.26 15:31:59    *SEND* for CIntegralCharsLayer, GUID=53BB5889-26C7-9FD5-3BE6-8D746C5C843A
20.06.26 15:31:59    *SEND* for CIntegralCharsLayer, GUID=FB58FBBB-1926-D59E-785F-29B9759925F3
 End:   ===== Processing Layers =====; Timer: cpu0=0.016 wall=0.034 

20.06.26 15:31:59  ===== New Time Step =====, Iter number =  47
 Start: TimeServis
 End:   TimeServis; Timer: cpu0=0.438 wall=0.037 
 Start: User modules' functions BeforeTimeStep() are calling
 End:   User modules' functions BeforeTimeStep() are calling; Timer: cpu0=0.000 wall=0.002 
 Start: Adaptation, TotalRealCellsCount= 107901 
 End:   Adaptation; Timer: cpu0=0.172 wall=0.005 
 Start: Initialize data arrays on chips
 End:   Initialize data arrays on chips, res= 0; Timer: cpu0=0.000 wall=0.003 
  ***** Maximum Geometrical Gauss = 1.61209e-14, cell= 299:7:7:3:0
  ***** Maximum MovingSurf  Gauss = 0, cell= 
 Start: Initialize data arrays on chips
 End:   Initialize data arrays on chips, res= 0; Timer: cpu0=0.000 wall=0.002 
 Start: TimeServis
 End:   TimeServis; Timer: cpu0=0.344 wall=0.046 
 Start: FindEnclaves
 End:   FindEnclaves; Timer: cpu0=0.094 wall=0.099 
 Start: VarValueService
 End:   VarValueService; Timer: cpu0=0.000 wall=0.001 
 Start: SolvePhaseEquation 
 End:   SolvePhaseEquation ; Timer: cpu0=13.172 wall=1.614 
 Start: SolidFiltersProcess: calculate forces and moments
 End:   SolidFiltersProcess: calculate forces and moments; Timer: cpu0=0.000 wall=0.002 
 Start: PrepareDataForNextStep
 End:   PrepareDataForNextStep; Timer: cpu0=0.516 wall=0.051 
 Start: VarValueService
 End:   VarValueService; Timer: cpu0=0.000 wall=0.001 
 Start: UpdateStopperData
 End:   UpdateStopperData; Timer: cpu0=0.000 wall=0.001 
 Start: Saving text status in E:\UniFlight\flow\full_rocket20_fv\data\full_rocket20.status
 End:   Saving text status in E:\UniFlight\flow\full_rocket20_fv\data\full_rocket20.status; Timer: cpu0=0.000 wall=0.002 
 End:   ===== Time Step =====, Iter number =  47; Timer: cpu0=15.234 wall=1.938 

20.06.26 15:32:01  ===== Processing Layers =====
20.06.26 15:32:01    *SEND* for CScalarLayer, GUID=93D71ED0-037A-4648-BBF4-680D0FDCD798
 Start: ComputeVolumeCharacteristics
 End:   ComputeVolumeCharacteristics; Timer: cpu0=0.156 wall=0.005 
 Start: GetValueOnFacets
 End:   GetValueOnFacets; Timer: cpu0=0.016 wall=0.012 
20.06.26 15:32:01    *SEND* for CIntegralCharsLayer, GUID=4E090A0C-544B-E4A2-4242-BEC451D7CD2B
20.06.26 15:32:01    *SEND* for CIntegralCharsLayer, GUID=53BB5889-26C7-9FD5-3BE6-8D746C5C843A
20.06.26 15:32:01    *SEND* for CIntegralCharsLayer, GUID=FB58FBBB-1926-D59E-785F-29B9759925F3
 End:   ===== Processing Layers =====; Timer: cpu0=0.172 wall=0.036 

20.06.26 15:32:01  ===== New Time Step =====, Iter number =  48
 Start: TimeServis
 End:   TimeServis; Timer: cpu0=0.344 wall=0.034 
 Start: User modules' functions BeforeTimeStep() are calling
 End:   User modules' functions BeforeTimeStep() are calling; Timer: cpu0=0.000 wall=0.003 
 Start: Adaptation, TotalRealCellsCount= 107901 
 End:   Adaptation; Timer: cpu0=0.156 wall=0.005 
 Start: Initialize data arrays on chips
 End:   Initialize data arrays on chips, res= 0; Timer: cpu0=0.000 wall=0.002 
  ***** Maximum Geometrical Gauss = 1.61209e-14, cell= 299:7:7:3:0
  ***** Maximum MovingSurf  Gauss = 0, cell= 
 Start: Initialize data arrays on chips
 End:   Initialize data arrays on chips, res= 0; Timer: cpu0=0.000 wall=0.002 
 Start: TimeServis
 End:   TimeServis; Timer: cpu0=0.484 wall=0.040 
 Start: FindEnclaves
 End:   FindEnclaves; Timer: cpu0=0.234 wall=0.095 
 Start: VarValueService
 End:   VarValueService; Timer: cpu0=0.000 wall=0.002 
 Start: SolvePhaseEquation 
 End:   SolvePhaseEquation ; Timer: cpu0=12.906 wall=1.563 
 Start: SolidFiltersProcess: calculate forces and moments
 End:   SolidFiltersProcess: calculate forces and moments; Timer: cpu0=0.000 wall=0.001 
 Start: PrepareDataForNextStep
 End:   PrepareDataForNextStep; Timer: cpu0=0.328 wall=0.056 
 Start: VarValueService
 End:   VarValueService; Timer: cpu0=0.000 wall=0.002 
 Start: UpdateStopperData
 End:   UpdateStopperData; Timer: cpu0=0.000 wall=0.001 
 Start: Saving text status in E:\UniFlight\flow\full_rocket20_fv\data\full_rocket20.status
 End:   Saving text status in E:\UniFlight\flow\full_rocket20_fv\data\full_rocket20.status; Timer: cpu0=0.000 wall=0.002 
 End:   ===== Time Step =====, Iter number =  48; Timer: cpu0=14.781 wall=1.870 

20.06.26 15:32:03  ===== Processing Layers =====
20.06.26 15:32:03    *SEND* for CScalarLayer, GUID=93D71ED0-037A-4648-BBF4-680D0FDCD798
 Start: ComputeVolumeCharacteristics
 End:   ComputeVolumeCharacteristics; Timer: cpu0=0.000 wall=0.004 
 Start: GetValueOnFacets
 End:   GetValueOnFacets; Timer: cpu0=0.172 wall=0.014 
20.06.26 15:32:03    *SEND* for CIntegralCharsLayer, GUID=4E090A0C-544B-E4A2-4242-BEC451D7CD2B
20.06.26 15:32:03    *SEND* for CIntegralCharsLayer, GUID=53BB5889-26C7-9FD5-3BE6-8D746C5C843A
20.06.26 15:32:03    *SEND* for CIntegralCharsLayer, GUID=FB58FBBB-1926-D59E-785F-29B9759925F3
 End:   ===== Processing Layers =====; Timer: cpu0=0.344 wall=0.036 

20.06.26 15:32:03  ===== New Time Step =====, Iter number =  49
 Start: TimeServis
 End:   TimeServis; Timer: cpu0=0.344 wall=0.036 
 Start: User modules' functions BeforeTimeStep() are calling
 End:   User modules' functions BeforeTimeStep() are calling; Timer: cpu0=0.000 wall=0.001 
 Start: Adaptation, TotalRealCellsCount= 107901 
 End:   Adaptation; Timer: cpu0=0.000 wall=0.004 
 Start: Initialize data arrays on chips
 End:   Initialize data arrays on chips, res= 0; Timer: cpu0=0.000 wall=0.003 
  ***** Maximum Geometrical Gauss = 1.61209e-14, cell= 299:7:7:3:0
  ***** Maximum MovingSurf  Gauss = 0, cell= 
 Start: Initialize data arrays on chips
 End:   Initialize data arrays on chips, res= 0; Timer: cpu0=0.000 wall=0.001 
 Start: TimeServis
 End:   TimeServis; Timer: cpu0=0.344 wall=0.041 
 Start: FindEnclaves
 End:   FindEnclaves; Timer: cpu0=0.078 wall=0.090 
 Start: VarValueService
 End:   VarValueService; Timer: cpu0=0.000 wall=0.001 
 Start: SolvePhaseEquation 
 End:   SolvePhaseEquation ; Timer: cpu0=14.328 wall=1.565 
 Start: SolidFiltersProcess: calculate forces and moments
 End:   SolidFiltersProcess: calculate forces and moments; Timer: cpu0=0.000 wall=0.001 
 Start: PrepareDataForNextStep
 End:   PrepareDataForNextStep; Timer: cpu0=0.359 wall=0.047 
 Start: VarValueService
 End:   VarValueService; Timer: cpu0=0.000 wall=0.001 
 Start: UpdateStopperData
 End:   UpdateStopperData; Timer: cpu0=0.000 wall=0.001 
 Start: Saving text status in E:\UniFlight\flow\full_rocket20_fv\data\full_rocket20.status
 End:   Saving text status in E:\UniFlight\flow\full_rocket20_fv\data\full_rocket20.status; Timer: cpu0=0.000 wall=0.002 
 End:   ===== Time Step =====, Iter number =  49; Timer: cpu0=15.953 wall=1.859 

 Start: Saving values
 End:   Saving values, res= 0; Timer: cpu0=0.812 wall=0.102 
 Start: Saving grid
 End:   Saving grid, res= 0; Timer: cpu0=1.062 wall=0.110 
 Start: Saving grid index
 End:   Saving grid index, res= 0; Timer: cpu0=0.000 wall=0.002 
20.06.26 15:32:06  ===== Processing Layers =====
20.06.26 15:32:06    *SEND* for CScalarLayer, GUID=93D71ED0-037A-4648-BBF4-680D0FDCD798
 Start: ComputeVolumeCharacteristics
 End:   ComputeVolumeCharacteristics; Timer: cpu0=0.000 wall=0.005 
 Start: GetValueOnFacets
 End:   GetValueOnFacets; Timer: cpu0=0.172 wall=0.012 
20.06.26 15:32:06    *SEND* for CIntegralCharsLayer, GUID=4E090A0C-544B-E4A2-4242-BEC451D7CD2B
20.06.26 15:32:06    *SEND* for CIntegralCharsLayer, GUID=53BB5889-26C7-9FD5-3BE6-8D746C5C843A
20.06.26 15:32:06    *SEND* for CIntegralCharsLayer, GUID=FB58FBBB-1926-D59E-785F-29B9759925F3
 End:   ===== Processing Layers =====; Timer: cpu0=0.328 wall=0.032 

20.06.26 15:32:06  ===== New Time Step =====, Iter number =  50
 Start: TimeServis
 End:   TimeServis; Timer: cpu0=0.453 wall=0.039 
 Start: User modules' functions BeforeTimeStep() are calling
 End:   User modules' functions BeforeTimeStep() are calling; Timer: cpu0=0.000 wall=0.002 
 Start: Adaptation, TotalRealCellsCount= 107901 
 End:   Adaptation; Timer: cpu0=2.969 wall=0.394 
 Start: DistributeGridOnProcessors
 End:   DistributeGridOnProcessors, res= 0; Timer: cpu0=0.719 wall=0.199 
 Start: SetNeiHyperCells
 End:   SetNeiHyperCells, res= 0; Timer: cpu0=0.109 wall=0.006 
 Start: BuildFacetDistribution
 End:   BuildFacetDistribution; Timer: cpu0=0.000 wall=0.002 
 Start: Initialize data arrays on chips
 End:   Initialize data arrays on chips, res= 0; Timer: cpu0=0.000 wall=0.002 
  ***** Maximum Geometrical Gauss = 1.61209e-14, cell= 299:7:7:3:0
  ***** Maximum MovingSurf  Gauss = 1.83703e-14, cell= 696:7:2:0
 Start: Remove Small Cells
 End:   Remove Small Cells; Timer: cpu0=0.281 wall=0.021 
 Start: Initialize data arrays on chips
 End:   Initialize data arrays on chips, res= 0; Timer: cpu0=0.000 wall=0.002 
  ***** Maximum Geometrical Gauss = 1.61209e-14, cell= 299:7:7:3:0
  ***** Maximum MovingSurf  Gauss = 1.83703e-14, cell= 696:7:2:0
 Start: Initialize data arrays on chips
 End:   Initialize data arrays on chips, res= 0; Timer: cpu0=0.000 wall=0.002 
 Start: Modify Chip Data
 End:   Modify Chip Data; Timer: cpu0=0.328 wall=0.034 
 Start: TimeServis
 End:   TimeServis; Timer: cpu0=0.500 wall=0.041 
 Start: FindEnclaves
 End:   FindEnclaves; Timer: cpu0=0.094 wall=0.093 
 Start: VarValueService
 End:   VarValueService; Timer: cpu0=0.000 wall=0.002 
 Start: SolvePhaseEquation 
 End:   SolvePhaseEquation ; Timer: cpu0=11.984 wall=1.485 
 Start: SolidFiltersProcess: calculate forces and moments
 End:   SolidFiltersProcess: calculate forces and moments; Timer: cpu0=0.000 wall=0.002 
 Start: PrepareDataForNextStep
 End:   PrepareDataForNextStep; Timer: cpu0=0.516 wall=0.044 
 Start: VarValueService
 End:   VarValueService; Timer: cpu0=0.000 wall=0.002 
 Start: UpdateStopperData
 End:   UpdateStopperData; Timer: cpu0=0.000 wall=0.001 
 Start: Saving text status in E:\UniFlight\flow\full_rocket20_fv\data\full_rocket20.status
 End:   Saving text status in E:\UniFlight\flow\full_rocket20_fv\data\full_rocket20.status; Timer: cpu0=0.000 wall=0.002 
 End:   ===== Time Step =====, Iter number =  50; Timer: cpu0=18.125 wall=2.459 

20.06.26 15:32:09  ===== Processing Layers =====
20.06.26 15:32:09    *SEND* for CScalarLayer, GUID=93D71ED0-037A-4648-BBF4-680D0FDCD798
 Start: ComputeVolumeCharacteristics
 End:   ComputeVolumeCharacteristics; Timer: cpu0=0.000 wall=0.005 
 Start: GetValueOnFacets
 End:   GetValueOnFacets; Timer: cpu0=0.016 wall=0.013 
20.06.26 15:32:09    *SEND* for CIntegralCharsLayer, GUID=4E090A0C-544B-E4A2-4242-BEC451D7CD2B
20.06.26 15:32:09    *SEND* for CIntegralCharsLayer, GUID=53BB5889-26C7-9FD5-3BE6-8D746C5C843A
20.06.26 15:32:09    *SEND* for CIntegralCharsLayer, GUID=FB58FBBB-1926-D59E-785F-29B9759925F3
 End:   ===== Processing Layers =====; Timer: cpu0=0.172 wall=0.034 

20.06.26 15:32:09  ===== New Time Step =====, Iter number =  51
 Start: TimeServis
 End:   TimeServis; Timer: cpu0=0.344 wall=0.034 
 Start: User modules' functions BeforeTimeStep() are calling
 End:   User modules' functions BeforeTimeStep() are calling; Timer: cpu0=0.000 wall=0.003 
 Start: Adaptation, TotalRealCellsCount= 99452 
 End:   Adaptation; Timer: cpu0=3.953 wall=0.547 
 Start: DistributeGridOnProcessors
 End:   DistributeGridOnProcessors, res= 0; Timer: cpu0=0.781 wall=0.202 
 Start: SetNeiHyperCells
 End:   SetNeiHyperCells, res= 0; Timer: cpu0=0.156 wall=0.007 
 Start: BuildFacetDistribution
 End:   BuildFacetDistribution; Timer: cpu0=0.000 wall=0.001 
 Start: Initialize data arrays on chips
 End:   Initialize data arrays on chips, res= 0; Timer: cpu0=0.172 wall=0.002 
  ***** Maximum Geometrical Gauss = 1.61209e-14, cell= 299:7:7:3:0
  ***** Maximum MovingSurf  Gauss = 2.19757e-14, cell= 696:2:7:7:0
 Start: Remove Small Cells
 End:   Remove Small Cells; Timer: cpu0=0.328 wall=0.024 
 Start: Initialize data arrays on chips
 End:   Initialize data arrays on chips, res= 0; Timer: cpu0=0.000 wall=0.003 
  ***** Maximum Geometrical Gauss = 1.61209e-14, cell= 299:7:7:3:0
  ***** Maximum MovingSurf  Gauss = 2.19757e-14, cell= 696:2:7:7:0
 Start: Initialize data arrays on chips
 End:   Initialize data arrays on chips, res= 0; Timer: cpu0=0.000 wall=0.002 
 Start: Modify Chip Data
 End:   Modify Chip Data; Timer: cpu0=0.406 wall=0.040 
 Start: TimeServis
 End:   TimeServis; Timer: cpu0=0.562 wall=0.056 
 Start: FindEnclaves
 End:   FindEnclaves; Timer: cpu0=0.281 wall=0.115 
 Start: VarValueService
 End:   VarValueService; Timer: cpu0=0.000 wall=0.002 
 Start: SolvePhaseEquation 
 End:   SolvePhaseEquation ; Timer: cpu0=13.109 wall=1.666 
 Start: SolidFiltersProcess: calculate forces and moments
 End:   SolidFiltersProcess: calculate forces and moments; Timer: cpu0=0.000 wall=0.001 
 Start: PrepareDataForNextStep
 End:   PrepareDataForNextStep; Timer: cpu0=0.469 wall=0.045 
 Start: VarValueService
 End:   VarValueService; Timer: cpu0=0.000 wall=0.001 
 Start: UpdateStopperData
 End:   UpdateStopperData; Timer: cpu0=0.000 wall=0.002 
 Start: Saving text status in E:\UniFlight\flow\full_rocket20_fv\data\full_rocket20.status
 End:   Saving text status in E:\UniFlight\flow\full_rocket20_fv\data\full_rocket20.status; Timer: cpu0=0.000 wall=0.003 
 End:   ===== Time Step =====, Iter number =  51; Timer: cpu0=20.875 wall=2.853 

20.06.26 15:32:12  ===== Processing Layers =====
20.06.26 15:32:12    *SEND* for CScalarLayer, GUID=93D71ED0-037A-4648-BBF4-680D0FDCD798
 Start: ComputeVolumeCharacteristics
 End:   ComputeVolumeCharacteristics; Timer: cpu0=0.000 wall=0.005 
 Start: GetValueOnFacets
 End:   GetValueOnFacets; Timer: cpu0=0.016 wall=0.015 
20.06.26 15:32:12    *SEND* for CIntegralCharsLayer, GUID=4E090A0C-544B-E4A2-4242-BEC451D7CD2B
20.06.26 15:32:12    *SEND* for CIntegralCharsLayer, GUID=53BB5889-26C7-9FD5-3BE6-8D746C5C843A
20.06.26 15:32:12    *SEND* for CIntegralCharsLayer, GUID=FB58FBBB-1926-D59E-785F-29B9759925F3
 End:   ===== Processing Layers =====; Timer: cpu0=0.016 wall=0.035 

20.06.26 15:32:12  ===== New Time Step =====, Iter number =  52
 Start: TimeServis
 End:   TimeServis; Timer: cpu0=0.344 wall=0.037 
 Start: User modules' functions BeforeTimeStep() are calling
 End:   User modules' functions BeforeTimeStep() are calling; Timer: cpu0=0.000 wall=0.003 
 Start: Adaptation, TotalRealCellsCount= 108279 
 End:   Adaptation; Timer: cpu0=0.000 wall=0.005 
 Start: Initialize data arrays on chips
 End:   Initialize data arrays on chips, res= 0; Timer: cpu0=0.000 wall=0.002 
  ***** Maximum Geometrical Gauss = 1.61209e-14, cell= 299:7:7:3:0
  ***** Maximum MovingSurf  Gauss = 0, cell= 
 Start: Initialize data arrays on chips
 End:   Initialize data arrays on chips, res= 0; Timer: cpu0=0.000 wall=0.003 
 Start: TimeServis
 End:   TimeServis; Timer: cpu0=0.344 wall=0.042 
 Start: FindEnclaves
 End:   FindEnclaves; Timer: cpu0=0.094 wall=0.093 
 Start: VarValueService
 End:   VarValueService; Timer: cpu0=0.000 wall=0.001 
 Start: SolvePhaseEquation 
 End:   SolvePhaseEquation ; Timer: cpu0=13.141 wall=1.576 
 Start: SolidFiltersProcess: calculate forces and moments
 End:   SolidFiltersProcess: calculate forces and moments; Timer: cpu0=0.000 wall=0.002 
 Start: PrepareDataForNextStep
 End:   PrepareDataForNextStep; Timer: cpu0=0.375 wall=0.044 
 Start: VarValueService
 End:   VarValueService; Timer: cpu0=0.000 wall=0.001 
 Start: UpdateStopperData
 End:   UpdateStopperData; Timer: cpu0=0.000 wall=0.001 
 Start: Saving text status in E:\UniFlight\flow\full_rocket20_fv\data\full_rocket20.status
 End:   Saving text status in E:\UniFlight\flow\full_rocket20_fv\data\full_rocket20.status; Timer: cpu0=0.000 wall=0.003 
 End:   ===== Time Step =====, Iter number =  52; Timer: cpu0=14.656 wall=1.878 

20.06.26 15:32:14  ===== Processing Layers =====
20.06.26 15:32:14    *SEND* for CScalarLayer, GUID=93D71ED0-037A-4648-BBF4-680D0FDCD798
 Start: ComputeVolumeCharacteristics
 End:   ComputeVolumeCharacteristics; Timer: cpu0=0.078 wall=0.004 
 Start: GetValueOnFacets
 End:   GetValueOnFacets; Timer: cpu0=0.016 wall=0.015 
20.06.26 15:32:14    *SEND* for CIntegralCharsLayer, GUID=4E090A0C-544B-E4A2-4242-BEC451D7CD2B
20.06.26 15:32:14    *SEND* for CIntegralCharsLayer, GUID=53BB5889-26C7-9FD5-3BE6-8D746C5C843A
20.06.26 15:32:14    *SEND* for CIntegralCharsLayer, GUID=FB58FBBB-1926-D59E-785F-29B9759925F3
 End:   ===== Processing Layers =====; Timer: cpu0=0.094 wall=0.038 

20.06.26 15:32:14  ===== New Time Step =====, Iter number =  53
 Start: TimeServis
 End:   TimeServis; Timer: cpu0=0.281 wall=0.037 
 Start: User modules' functions BeforeTimeStep() are calling
 End:   User modules' functions BeforeTimeStep() are calling; Timer: cpu0=0.000 wall=0.004 
 Start: Adaptation, TotalRealCellsCount= 108279 
 End:   Adaptation; Timer: cpu0=0.000 wall=0.005 
 Start: Initialize data arrays on chips
 End:   Initialize data arrays on chips, res= 0; Timer: cpu0=0.000 wall=0.002 
  ***** Maximum Geometrical Gauss = 1.61209e-14, cell= 299:7:7:3:0
  ***** Maximum MovingSurf  Gauss = 0, cell= 
 Start: Initialize data arrays on chips
 End:   Initialize data arrays on chips, res= 0; Timer: cpu0=0.000 wall=0.002 
 Start: TimeServis
 End:   TimeServis; Timer: cpu0=0.328 wall=0.041 
 Start: FindEnclaves
 End:   FindEnclaves; Timer: cpu0=0.078 wall=0.091 
 Start: VarValueService
 End:   VarValueService; Timer: cpu0=0.000 wall=0.001 
 Start: SolvePhaseEquation 
 End:   SolvePhaseEquation ; Timer: cpu0=13.609 wall=1.615 
 Start: SolidFiltersProcess: calculate forces and moments
 End:   SolidFiltersProcess: calculate forces and moments; Timer: cpu0=0.000 wall=0.002 
 Start: PrepareDataForNextStep
 End:   PrepareDataForNextStep; Timer: cpu0=0.344 wall=0.043 
 Start: VarValueService
 End:   VarValueService; Timer: cpu0=0.000 wall=0.002 
 Start: UpdateStopperData
 End:   UpdateStopperData; Timer: cpu0=0.000 wall=0.001 
 Start: Saving text status in E:\UniFlight\flow\full_rocket20_fv\data\full_rocket20.status
 End:   Saving text status in E:\UniFlight\flow\full_rocket20_fv\data\full_rocket20.status; Timer: cpu0=0.000 wall=0.002 
 End:   ===== Time Step =====, Iter number =  53; Timer: cpu0=15.016 wall=1.907 

20.06.26 15:32:16  ===== Processing Layers =====
20.06.26 15:32:16    *SEND* for CScalarLayer, GUID=93D71ED0-037A-4648-BBF4-680D0FDCD798
 Start: ComputeVolumeCharacteristics
 End:   ComputeVolumeCharacteristics; Timer: cpu0=0.172 wall=0.004 
 Start: GetValueOnFacets
 End:   GetValueOnFacets; Timer: cpu0=0.016 wall=0.012 
20.06.26 15:32:16    *SEND* for CIntegralCharsLayer, GUID=4E090A0C-544B-E4A2-4242-BEC451D7CD2B
20.06.26 15:32:16    *SEND* for CIntegralCharsLayer, GUID=53BB5889-26C7-9FD5-3BE6-8D746C5C843A
20.06.26 15:32:16    *SEND* for CIntegralCharsLayer, GUID=FB58FBBB-1926-D59E-785F-29B9759925F3
 End:   ===== Processing Layers =====; Timer: cpu0=0.188 wall=0.032 

20.06.26 15:32:16  ===== New Time Step =====, Iter number =  54
 Start: TimeServis
 End:   TimeServis; Timer: cpu0=0.391 wall=0.039 
 Start: User modules' functions BeforeTimeStep() are calling
 End:   User modules' functions BeforeTimeStep() are calling; Timer: cpu0=0.000 wall=0.003 
 Start: Adaptation, TotalRealCellsCount= 108279 
 End:   Adaptation; Timer: cpu0=0.000 wall=0.005 
 Start: Initialize data arrays on chips
 End:   Initialize data arrays on chips, res= 0; Timer: cpu0=0.000 wall=0.002 
  ***** Maximum Geometrical Gauss = 1.61209e-14, cell= 299:7:7:3:0
  ***** Maximum MovingSurf  Gauss = 0, cell= 
 Start: Initialize data arrays on chips
 End:   Initialize data arrays on chips, res= 0; Timer: cpu0=0.000 wall=0.003 
 Start: TimeServis
 End:   TimeServis; Timer: cpu0=0.500 wall=0.045 
 Start: FindEnclaves
 End:   FindEnclaves; Timer: cpu0=0.094 wall=0.107 
 Start: VarValueService
 End:   VarValueService; Timer: cpu0=0.016 wall=0.003 
 Start: SolvePhaseEquation 
 End:   SolvePhaseEquation ; Timer: cpu0=13.297 wall=1.595 
 Start: SolidFiltersProcess: calculate forces and moments
 End:   SolidFiltersProcess: calculate forces and moments; Timer: cpu0=0.000 wall=0.001 
 Start: PrepareDataForNextStep
 End:   PrepareDataForNextStep; Timer: cpu0=0.516 wall=0.040 
 Start: VarValueService
 End:   VarValueService; Timer: cpu0=0.000 wall=0.001 
 Start: UpdateStopperData
 End:   UpdateStopperData; Timer: cpu0=0.000 wall=0.000 
 Start: Saving text status in E:\UniFlight\flow\full_rocket20_fv\data\full_rocket20.status
 End:   Saving text status in E:\UniFlight\flow\full_rocket20_fv\data\full_rocket20.status; Timer: cpu0=0.000 wall=0.002 
 End:   ===== Time Step =====, Iter number =  54; Timer: cpu0=15.156 wall=1.915 

20.06.26 15:32:18  ===== Processing Layers =====
20.06.26 15:32:19    *SEND* for CScalarLayer, GUID=93D71ED0-037A-4648-BBF4-680D0FDCD798
 Start: ComputeVolumeCharacteristics
 End:   ComputeVolumeCharacteristics; Timer: cpu0=0.000 wall=0.004 
 Start: GetValueOnFacets
 End:   GetValueOnFacets; Timer: cpu0=0.016 wall=0.014 
20.06.26 15:32:19    *SEND* for CIntegralCharsLayer, GUID=4E090A0C-544B-E4A2-4242-BEC451D7CD2B
20.06.26 15:32:19    *SEND* for CIntegralCharsLayer, GUID=53BB5889-26C7-9FD5-3BE6-8D746C5C843A
20.06.26 15:32:19    *SEND* for CIntegralCharsLayer, GUID=FB58FBBB-1926-D59E-785F-29B9759925F3
 End:   ===== Processing Layers =====; Timer: cpu0=0.188 wall=0.037 

20.06.26 15:32:19  ===== New Time Step =====, Iter number =  55
 Start: TimeServis
 End:   TimeServis; Timer: cpu0=0.250 wall=0.033 
 Start: User modules' functions BeforeTimeStep() are calling
 End:   User modules' functions BeforeTimeStep() are calling; Timer: cpu0=0.000 wall=0.002 
 Start: Adaptation, TotalRealCellsCount= 108279 
 End:   Adaptation; Timer: cpu0=0.000 wall=0.005 
 Start: Initialize data arrays on chips
 End:   Initialize data arrays on chips, res= 0; Timer: cpu0=0.000 wall=0.002 
  ***** Maximum Geometrical Gauss = 1.61209e-14, cell= 299:7:7:3:0
  ***** Maximum MovingSurf  Gauss = 0, cell= 
 Start: Initialize data arrays on chips
 End:   Initialize data arrays on chips, res= 0; Timer: cpu0=0.000 wall=0.002 
 Start: TimeServis
 End:   TimeServis; Timer: cpu0=0.375 wall=0.041 
 Start: FindEnclaves
 End:   FindEnclaves; Timer: cpu0=0.094 wall=0.095 
 Start: VarValueService
 End:   VarValueService; Timer: cpu0=0.000 wall=0.001 
 Start: SolvePhaseEquation 
 End:   SolvePhaseEquation ; Timer: cpu0=13.156 wall=1.574 
 Start: SolidFiltersProcess: calculate forces and moments
 End:   SolidFiltersProcess: calculate forces and moments; Timer: cpu0=0.000 wall=0.002 
 Start: PrepareDataForNextStep
 End:   PrepareDataForNextStep; Timer: cpu0=0.359 wall=0.045 
 Start: VarValueService
 End:   VarValueService; Timer: cpu0=0.000 wall=0.002 
 Start: UpdateStopperData
 End:   UpdateStopperData; Timer: cpu0=0.000 wall=0.002 
 Start: Saving text status in E:\UniFlight\flow\full_rocket20_fv\data\full_rocket20.status
 End:   Saving text status in E:\UniFlight\flow\full_rocket20_fv\data\full_rocket20.status; Timer: cpu0=0.000 wall=0.003 
 End:   ===== Time Step =====, Iter number =  55; Timer: cpu0=14.438 wall=1.870 

20.06.26 15:32:21  ===== Processing Layers =====
20.06.26 15:32:21    *SEND* for CScalarLayer, GUID=93D71ED0-037A-4648-BBF4-680D0FDCD798
 Start: ComputeVolumeCharacteristics
 End:   ComputeVolumeCharacteristics; Timer: cpu0=0.000 wall=0.005 
 Start: GetValueOnFacets
 End:   GetValueOnFacets; Timer: cpu0=0.000 wall=0.015 
20.06.26 15:32:21    *SEND* for CIntegralCharsLayer, GUID=4E090A0C-544B-E4A2-4242-BEC451D7CD2B
20.06.26 15:32:21    *SEND* for CIntegralCharsLayer, GUID=53BB5889-26C7-9FD5-3BE6-8D746C5C843A
20.06.26 15:32:21    *SEND* for CIntegralCharsLayer, GUID=FB58FBBB-1926-D59E-785F-29B9759925F3
 End:   ===== Processing Layers =====; Timer: cpu0=0.000 wall=0.037 

20.06.26 15:32:21  ===== New Time Step =====, Iter number =  56
 Start: TimeServis
 End:   TimeServis; Timer: cpu0=0.344 wall=0.035 
 Start: User modules' functions BeforeTimeStep() are calling
 End:   User modules' functions BeforeTimeStep() are calling; Timer: cpu0=0.000 wall=0.002 
 Start: Adaptation, TotalRealCellsCount= 108279 
 End:   Adaptation; Timer: cpu0=0.156 wall=0.005 
 Start: Initialize data arrays on chips
 End:   Initialize data arrays on chips, res= 0; Timer: cpu0=0.000 wall=0.002 
  ***** Maximum Geometrical Gauss = 1.61209e-14, cell= 299:7:7:3:0
  ***** Maximum MovingSurf  Gauss = 0, cell= 
 Start: Initialize data arrays on chips
 End:   Initialize data arrays on chips, res= 0; Timer: cpu0=0.000 wall=0.002 
 Start: TimeServis
 End:   TimeServis; Timer: cpu0=0.516 wall=0.044 
 Start: FindEnclaves
 End:   FindEnclaves; Timer: cpu0=0.109 wall=0.113 
 Start: VarValueService
 End:   VarValueService; Timer: cpu0=0.000 wall=0.001 
 Start: SolvePhaseEquation 
 End:   SolvePhaseEquation ; Timer: cpu0=13.438 wall=1.635 
 Start: SolidFiltersProcess: calculate forces and moments
 End:   SolidFiltersProcess: calculate forces and moments; Timer: cpu0=0.000 wall=0.002 
 Start: PrepareDataForNextStep
 End:   PrepareDataForNextStep; Timer: cpu0=0.375 wall=0.045 
 Start: VarValueService
 End:   VarValueService; Timer: cpu0=0.000 wall=0.002 
 Start: UpdateStopperData
 End:   UpdateStopperData; Timer: cpu0=0.000 wall=0.001 
 Start: Saving text status in E:\UniFlight\flow\full_rocket20_fv\data\full_rocket20.status
 End:   Saving text status in E:\UniFlight\flow\full_rocket20_fv\data\full_rocket20.status; Timer: cpu0=0.000 wall=0.002 
 End:   ===== Time Step =====, Iter number =  56; Timer: cpu0=15.359 wall=1.957 

20.06.26 15:32:23  ===== Processing Layers =====
20.06.26 15:32:23    *SEND* for CScalarLayer, GUID=93D71ED0-037A-4648-BBF4-680D0FDCD798
 Start: ComputeVolumeCharacteristics
 End:   ComputeVolumeCharacteristics; Timer: cpu0=0.000 wall=0.004 
 Start: GetValueOnFacets
 End:   GetValueOnFacets; Timer: cpu0=0.016 wall=0.014 
20.06.26 15:32:23    *SEND* for CIntegralCharsLayer, GUID=4E090A0C-544B-E4A2-4242-BEC451D7CD2B
20.06.26 15:32:23    *SEND* for CIntegralCharsLayer, GUID=53BB5889-26C7-9FD5-3BE6-8D746C5C843A
20.06.26 15:32:23    *SEND* for CIntegralCharsLayer, GUID=FB58FBBB-1926-D59E-785F-29B9759925F3
 End:   ===== Processing Layers =====; Timer: cpu0=0.016 wall=0.036 

20.06.26 15:32:23  ===== New Time Step =====, Iter number =  57
 Start: TimeServis
 End:   TimeServis; Timer: cpu0=0.344 wall=0.038 
 Start: User modules' functions BeforeTimeStep() are calling
 End:   User modules' functions BeforeTimeStep() are calling; Timer: cpu0=0.000 wall=0.003 
 Start: Adaptation, TotalRealCellsCount= 108279 
 End:   Adaptation; Timer: cpu0=0.000 wall=0.005 
 Start: Initialize data arrays on chips
 End:   Initialize data arrays on chips, res= 0; Timer: cpu0=0.000 wall=0.001 
  ***** Maximum Geometrical Gauss = 1.61209e-14, cell= 299:7:7:3:0
  ***** Maximum MovingSurf  Gauss = 0, cell= 
 Start: Initialize data arrays on chips
 End:   Initialize data arrays on chips, res= 0; Timer: cpu0=0.000 wall=0.002 
 Start: TimeServis
 End:   TimeServis; Timer: cpu0=0.500 wall=0.040 
 Start: FindEnclaves
 End:   FindEnclaves; Timer: cpu0=0.078 wall=0.093 
 Start: VarValueService
 End:   VarValueService; Timer: cpu0=0.000 wall=0.001 
 Start: SolvePhaseEquation 
 End:   SolvePhaseEquation ; Timer: cpu0=13.172 wall=1.589 
 Start: SolidFiltersProcess: calculate forces and moments
 End:   SolidFiltersProcess: calculate forces and moments; Timer: cpu0=0.000 wall=0.001 
 Start: PrepareDataForNextStep
 End:   PrepareDataForNextStep; Timer: cpu0=0.469 wall=0.046 
 Start: VarValueService
 End:   VarValueService; Timer: cpu0=0.000 wall=0.001 
 Start: UpdateStopperData
 End:   UpdateStopperData; Timer: cpu0=0.000 wall=0.001 
 Start: Saving text status in E:\UniFlight\flow\full_rocket20_fv\data\full_rocket20.status
 End:   Saving text status in E:\UniFlight\flow\full_rocket20_fv\data\full_rocket20.status; Timer: cpu0=0.000 wall=0.002 
 End:   ===== Time Step =====, Iter number =  57; Timer: cpu0=14.875 wall=1.892 

20.06.26 15:32:25  ===== Processing Layers =====
20.06.26 15:32:25    *SEND* for CScalarLayer, GUID=93D71ED0-037A-4648-BBF4-680D0FDCD798
 Start: ComputeVolumeCharacteristics
 End:   ComputeVolumeCharacteristics; Timer: cpu0=0.000 wall=0.004 
 Start: GetValueOnFacets
 End:   GetValueOnFacets; Timer: cpu0=0.000 wall=0.012 
20.06.26 15:32:25    *SEND* for CIntegralCharsLayer, GUID=4E090A0C-544B-E4A2-4242-BEC451D7CD2B
20.06.26 15:32:25    *SEND* for CIntegralCharsLayer, GUID=53BB5889-26C7-9FD5-3BE6-8D746C5C843A
20.06.26 15:32:25    *SEND* for CIntegralCharsLayer, GUID=FB58FBBB-1926-D59E-785F-29B9759925F3
 End:   ===== Processing Layers =====; Timer: cpu0=0.000 wall=0.033 

20.06.26 15:32:25  ===== New Time Step =====, Iter number =  58
 Start: TimeServis
 End:   TimeServis; Timer: cpu0=0.219 wall=0.038 
 Start: User modules' functions BeforeTimeStep() are calling
 End:   User modules' functions BeforeTimeStep() are calling; Timer: cpu0=0.016 wall=0.002 
 Start: Adaptation, TotalRealCellsCount= 108279 
 End:   Adaptation; Timer: cpu0=0.000 wall=0.004 
 Start: Initialize data arrays on chips
 End:   Initialize data arrays on chips, res= 0; Timer: cpu0=0.000 wall=0.002 
  ***** Maximum Geometrical Gauss = 1.61209e-14, cell= 299:7:7:3:0
  ***** Maximum MovingSurf  Gauss = 0, cell= 
 Start: Initialize data arrays on chips
 End:   Initialize data arrays on chips, res= 0; Timer: cpu0=0.000 wall=0.002 
 Start: TimeServis
 End:   TimeServis; Timer: cpu0=0.516 wall=0.039 
 Start: FindEnclaves
 End:   FindEnclaves; Timer: cpu0=0.094 wall=0.086 
 Start: VarValueService
 End:   VarValueService; Timer: cpu0=0.000 wall=0.002 
 Start: SolvePhaseEquation 
 End:   SolvePhaseEquation ; Timer: cpu0=13.188 wall=1.610 
 Start: SolidFiltersProcess: calculate forces and moments
 End:   SolidFiltersProcess: calculate forces and moments; Timer: cpu0=0.000 wall=0.002 
 Start: PrepareDataForNextStep
 End:   PrepareDataForNextStep; Timer: cpu0=0.188 wall=0.046 
 Start: VarValueService
 End:   VarValueService; Timer: cpu0=0.000 wall=0.001 
 Start: UpdateStopperData
 End:   UpdateStopperData; Timer: cpu0=0.000 wall=0.001 
 Start: Saving text status in E:\UniFlight\flow\full_rocket20_fv\data\full_rocket20.status
 End:   Saving text status in E:\UniFlight\flow\full_rocket20_fv\data\full_rocket20.status; Timer: cpu0=0.000 wall=0.002 
 End:   ===== Time Step =====, Iter number =  58; Timer: cpu0=14.406 wall=1.899 

20.06.26 15:32:27  ===== Processing Layers =====
20.06.26 15:32:27    *SEND* for CScalarLayer, GUID=93D71ED0-037A-4648-BBF4-680D0FDCD798
 Start: ComputeVolumeCharacteristics
 End:   ComputeVolumeCharacteristics; Timer: cpu0=0.000 wall=0.004 
 Start: GetValueOnFacets
 End:   GetValueOnFacets; Timer: cpu0=0.016 wall=0.014 
20.06.26 15:32:27    *SEND* for CIntegralCharsLayer, GUID=4E090A0C-544B-E4A2-4242-BEC451D7CD2B
20.06.26 15:32:27    *SEND* for CIntegralCharsLayer, GUID=53BB5889-26C7-9FD5-3BE6-8D746C5C843A
20.06.26 15:32:27    *SEND* for CIntegralCharsLayer, GUID=FB58FBBB-1926-D59E-785F-29B9759925F3
 End:   ===== Processing Layers =====; Timer: cpu0=0.172 wall=0.035 

20.06.26 15:32:27  ===== New Time Step =====, Iter number =  59
 Start: TimeServis
 End:   TimeServis; Timer: cpu0=0.516 wall=0.036 
 Start: User modules' functions BeforeTimeStep() are calling
 End:   User modules' functions BeforeTimeStep() are calling; Timer: cpu0=0.000 wall=0.003 
 Start: Adaptation, TotalRealCellsCount= 108279 
 End:   Adaptation; Timer: cpu0=0.156 wall=0.006 
 Start: Initialize data arrays on chips
 End:   Initialize data arrays on chips, res= 0; Timer: cpu0=0.000 wall=0.003 
  ***** Maximum Geometrical Gauss = 1.61209e-14, cell= 299:7:7:3:0
  ***** Maximum MovingSurf  Gauss = 0, cell= 
 Start: Initialize data arrays on chips
 End:   Initialize data arrays on chips, res= 0; Timer: cpu0=0.000 wall=0.003 
 Start: TimeServis
 End:   TimeServis; Timer: cpu0=0.359 wall=0.048 
 Start: FindEnclaves
 End:   FindEnclaves; Timer: cpu0=0.094 wall=0.100 
 Start: VarValueService
 End:   VarValueService; Timer: cpu0=0.000 wall=0.002 
 Start: SolvePhaseEquation 
 End:   SolvePhaseEquation ; Timer: cpu0=13.203 wall=1.605 
 Start: SolidFiltersProcess: calculate forces and moments
 End:   SolidFiltersProcess: calculate forces and moments; Timer: cpu0=0.000 wall=0.002 
 Start: PrepareDataForNextStep
 End:   PrepareDataForNextStep; Timer: cpu0=0.359 wall=0.042 
 Start: VarValueService
 End:   VarValueService; Timer: cpu0=0.000 wall=0.002 
 Start: UpdateStopperData
 End:   UpdateStopperData; Timer: cpu0=0.000 wall=0.001 
 Start: Saving text status in E:\UniFlight\flow\full_rocket20_fv\data\full_rocket20.status
 End:   Saving text status in E:\UniFlight\flow\full_rocket20_fv\data\full_rocket20.status; Timer: cpu0=0.000 wall=0.002 
 End:   ===== Time Step =====, Iter number =  59; Timer: cpu0=15.000 wall=1.923 

20.06.26 15:32:30  ===== Processing Layers =====
20.06.26 15:32:30    *SEND* for CScalarLayer, GUID=93D71ED0-037A-4648-BBF4-680D0FDCD798
 Start: ComputeVolumeCharacteristics
 End:   ComputeVolumeCharacteristics; Timer: cpu0=0.172 wall=0.005 
 Start: GetValueOnFacets
 End:   GetValueOnFacets; Timer: cpu0=0.031 wall=0.014 
20.06.26 15:32:30    *SEND* for CIntegralCharsLayer, GUID=4E090A0C-544B-E4A2-4242-BEC451D7CD2B
20.06.26 15:32:30    *SEND* for CIntegralCharsLayer, GUID=53BB5889-26C7-9FD5-3BE6-8D746C5C843A
20.06.26 15:32:30    *SEND* for CIntegralCharsLayer, GUID=FB58FBBB-1926-D59E-785F-29B9759925F3
 End:   ===== Processing Layers =====; Timer: cpu0=0.203 wall=0.040 

20.06.26 15:32:30  ===== New Time Step =====, Iter number =  60
 Start: TimeServis
 End:   TimeServis; Timer: cpu0=0.344 wall=0.032 
 Start: User modules' functions BeforeTimeStep() are calling
 End:   User modules' functions BeforeTimeStep() are calling; Timer: cpu0=0.000 wall=0.002 
 Start: Adaptation, TotalRealCellsCount= 108279 
 End:   Adaptation; Timer: cpu0=2.969 wall=0.388 
 Start: DistributeGridOnProcessors
 End:   DistributeGridOnProcessors, res= 0; Timer: cpu0=0.859 wall=0.211 
 Start: SetNeiHyperCells
 End:   SetNeiHyperCells, res= 0; Timer: cpu0=0.000 wall=0.008 
 Start: BuildFacetDistribution
 End:   BuildFacetDistribution; Timer: cpu0=0.000 wall=0.001 
 Start: Initialize data arrays on chips
 End:   Initialize data arrays on chips, res= 0; Timer: cpu0=0.000 wall=0.002 
  ***** Maximum Geometrical Gauss = 1.61209e-14, cell= 299:7:7:3:0
  ***** Maximum MovingSurf  Gauss = 2.19757e-14, cell= 696:2:7:0
 Start: Remove Small Cells
 End:   Remove Small Cells; Timer: cpu0=0.047 wall=0.022 
 Start: Initialize data arrays on chips
 End:   Initialize data arrays on chips, res= 0; Timer: cpu0=0.000 wall=0.002 
  ***** Maximum Geometrical Gauss = 1.61209e-14, cell= 299:7:7:3:0
  ***** Maximum MovingSurf  Gauss = 2.19757e-14, cell= 696:2:7:0
 Start: Initialize data arrays on chips
 End:   Initialize data arrays on chips, res= 0; Timer: cpu0=0.000 wall=0.003 
 Start: Modify Chip Data
 End:   Modify Chip Data; Timer: cpu0=0.344 wall=0.040 
 Start: TimeServis
 End:   TimeServis; Timer: cpu0=0.453 wall=0.047 
 Start: FindEnclaves
 End:   FindEnclaves; Timer: cpu0=0.250 wall=0.096 
 Start: VarValueService
 End:   VarValueService; Timer: cpu0=0.000 wall=0.001 
 Start: SolvePhaseEquation 
 End:   SolvePhaseEquation ; Timer: cpu0=12.219 wall=1.529 
 Start: SolidFiltersProcess: calculate forces and moments
 End:   SolidFiltersProcess: calculate forces and moments; Timer: cpu0=0.000 wall=0.001 
 Start: PrepareDataForNextStep
 End:   PrepareDataForNextStep; Timer: cpu0=0.375 wall=0.040 
 Start: VarValueService
 End:   VarValueService; Timer: cpu0=0.000 wall=0.001 
 Start: UpdateStopperData
 End:   UpdateStopperData; Timer: cpu0=0.000 wall=0.001 
 Start: Saving text status in E:\UniFlight\flow\full_rocket20_fv\data\full_rocket20.status
 End:   Saving text status in E:\UniFlight\flow\full_rocket20_fv\data\full_rocket20.status; Timer: cpu0=0.000 wall=0.002 
 End:   ===== Time Step =====, Iter number =  60; Timer: cpu0=18.297 wall=2.523 

20.06.26 15:32:32  ===== Processing Layers =====
20.06.26 15:32:32    *SEND* for CScalarLayer, GUID=93D71ED0-037A-4648-BBF4-680D0FDCD798
 Start: ComputeVolumeCharacteristics
 End:   ComputeVolumeCharacteristics; Timer: cpu0=0.000 wall=0.005 
 Start: GetValueOnFacets
 End:   GetValueOnFacets; Timer: cpu0=0.016 wall=0.015 
20.06.26 15:32:32    *SEND* for CIntegralCharsLayer, GUID=4E090A0C-544B-E4A2-4242-BEC451D7CD2B
20.06.26 15:32:32    *SEND* for CIntegralCharsLayer, GUID=53BB5889-26C7-9FD5-3BE6-8D746C5C843A
20.06.26 15:32:32    *SEND* for CIntegralCharsLayer, GUID=FB58FBBB-1926-D59E-785F-29B9759925F3
 End:   ===== Processing Layers =====; Timer: cpu0=0.016 wall=0.039 

20.06.26 15:32:32  ===== New Time Step =====, Iter number =  61
 Start: TimeServis
 End:   TimeServis; Timer: cpu0=0.328 wall=0.035 
 Start: User modules' functions BeforeTimeStep() are calling
 End:   User modules' functions BeforeTimeStep() are calling; Timer: cpu0=0.000 wall=0.001 
 Start: Adaptation, TotalRealCellsCount= 98836 
 End:   Adaptation; Timer: cpu0=4.250 wall=0.553 
 Start: DistributeGridOnProcessors
 End:   DistributeGridOnProcessors, res= 0; Timer: cpu0=1.016 wall=0.213 
 Start: SetNeiHyperCells
 End:   SetNeiHyperCells, res= 0; Timer: cpu0=0.000 wall=0.006 
 Start: BuildFacetDistribution
 End:   BuildFacetDistribution; Timer: cpu0=0.172 wall=0.002 
 Start: Initialize data arrays on chips
 End:   Initialize data arrays on chips, res= 0; Timer: cpu0=0.000 wall=0.001 
  ***** Maximum Geometrical Gauss = 1.61209e-14, cell= 299:7:3:7:0
  ***** Maximum MovingSurf  Gauss = 7.21078e-15, cell= 606:0:4:0
 Start: Remove Small Cells
 End:   Remove Small Cells; Timer: cpu0=0.094 wall=0.022 
 Start: Initialize data arrays on chips
 End:   Initialize data arrays on chips, res= 0; Timer: cpu0=0.000 wall=0.002 
  ***** Maximum Geometrical Gauss = 1.61209e-14, cell= 299:7:3:7:0
  ***** Maximum MovingSurf  Gauss = 7.21078e-15, cell= 606:0:4:0
 Start: Initialize data arrays on chips
 End:   Initialize data arrays on chips, res= 0; Timer: cpu0=0.000 wall=0.002 
 Start: Modify Chip Data
 End:   Modify Chip Data; Timer: cpu0=0.500 wall=0.042 
 Start: TimeServis
 End:   TimeServis; Timer: cpu0=0.516 wall=0.056 
 Start: FindEnclaves
 End:   FindEnclaves; Timer: cpu0=0.109 wall=0.118 
 Start: VarValueService
 End:   VarValueService; Timer: cpu0=0.000 wall=0.001 
 Start: SolvePhaseEquation 
 End:   SolvePhaseEquation ; Timer: cpu0=12.578 wall=1.603 
 Start: SolidFiltersProcess: calculate forces and moments
 End:   SolidFiltersProcess: calculate forces and moments; Timer: cpu0=0.000 wall=0.001 
 Start: PrepareDataForNextStep
 End:   PrepareDataForNextStep; Timer: cpu0=0.328 wall=0.046 
 Start: VarValueService
 End:   VarValueService; Timer: cpu0=0.000 wall=0.002 
 Start: UpdateStopperData
 End:   UpdateStopperData; Timer: cpu0=0.000 wall=0.001 
 Start: Saving text status in E:\UniFlight\flow\full_rocket20_fv\data\full_rocket20.status
 End:   Saving text status in E:\UniFlight\flow\full_rocket20_fv\data\full_rocket20.status; Timer: cpu0=0.000 wall=0.002 
 End:   ===== Time Step =====, Iter number =  61; Timer: cpu0=20.328 wall=2.805 

20.06.26 15:32:36  ===== Processing Layers =====
20.06.26 15:32:36    *SEND* for CScalarLayer, GUID=93D71ED0-037A-4648-BBF4-680D0FDCD798
 Start: ComputeVolumeCharacteristics
 End:   ComputeVolumeCharacteristics; Timer: cpu0=0.000 wall=0.004 
 Start: GetValueOnFacets
 End:   GetValueOnFacets; Timer: cpu0=0.016 wall=0.012 
20.06.26 15:32:36    *SEND* for CIntegralCharsLayer, GUID=4E090A0C-544B-E4A2-4242-BEC451D7CD2B
20.06.26 15:32:36    *SEND* for CIntegralCharsLayer, GUID=53BB5889-26C7-9FD5-3BE6-8D746C5C843A
20.06.26 15:32:36    *SEND* for CIntegralCharsLayer, GUID=FB58FBBB-1926-D59E-785F-29B9759925F3
 End:   ===== Processing Layers =====; Timer: cpu0=0.203 wall=0.034 

20.06.26 15:32:36  ===== New Time Step =====, Iter number =  62
 Start: TimeServis
 End:   TimeServis; Timer: cpu0=0.484 wall=0.036 
 Start: User modules' functions BeforeTimeStep() are calling
 End:   User modules' functions BeforeTimeStep() are calling; Timer: cpu0=0.000 wall=0.003 
 Start: Adaptation, TotalRealCellsCount= 108538 
 End:   Adaptation; Timer: cpu0=0.156 wall=0.004 
 Start: Initialize data arrays on chips
 End:   Initialize data arrays on chips, res= 0; Timer: cpu0=0.000 wall=0.002 
  ***** Maximum Geometrical Gauss = 1.61209e-14, cell= 299:7:3:7:0
  ***** Maximum MovingSurf  Gauss = 0, cell= 
 Start: Initialize data arrays on chips
 End:   Initialize data arrays on chips, res= 0; Timer: cpu0=0.000 wall=0.002 
 Start: TimeServis
 End:   TimeServis; Timer: cpu0=0.266 wall=0.042 
 Start: FindEnclaves
 End:   FindEnclaves; Timer: cpu0=0.094 wall=0.091 
 Start: VarValueService
 End:   VarValueService; Timer: cpu0=0.000 wall=0.001 
 Start: SolvePhaseEquation 
 End:   SolvePhaseEquation ; Timer: cpu0=12.562 wall=1.593 
 Start: SolidFiltersProcess: calculate forces and moments
 End:   SolidFiltersProcess: calculate forces and moments; Timer: cpu0=0.000 wall=0.001 
 Start: PrepareDataForNextStep
 End:   PrepareDataForNextStep; Timer: cpu0=0.281 wall=0.048 
 Start: VarValueService
 End:   VarValueService; Timer: cpu0=0.000 wall=0.001 
 Start: UpdateStopperData
 End:   UpdateStopperData; Timer: cpu0=0.000 wall=0.001 
 Start: Saving text status in E:\UniFlight\flow\full_rocket20_fv\data\full_rocket20.status
 End:   Saving text status in E:\UniFlight\flow\full_rocket20_fv\data\full_rocket20.status; Timer: cpu0=0.000 wall=0.003 
 End:   ===== Time Step =====, Iter number =  62; Timer: cpu0=14.188 wall=1.887 

20.06.26 15:32:38  ===== Processing Layers =====
20.06.26 15:32:38    *SEND* for CScalarLayer, GUID=93D71ED0-037A-4648-BBF4-680D0FDCD798
 Start: ComputeVolumeCharacteristics
 End:   ComputeVolumeCharacteristics; Timer: cpu0=0.000 wall=0.004 
 Start: GetValueOnFacets
 End:   GetValueOnFacets; Timer: cpu0=0.016 wall=0.014 
20.06.26 15:32:38    *SEND* for CIntegralCharsLayer, GUID=4E090A0C-544B-E4A2-4242-BEC451D7CD2B
20.06.26 15:32:38    *SEND* for CIntegralCharsLayer, GUID=53BB5889-26C7-9FD5-3BE6-8D746C5C843A
20.06.26 15:32:38    *SEND* for CIntegralCharsLayer, GUID=FB58FBBB-1926-D59E-785F-29B9759925F3
 End:   ===== Processing Layers =====; Timer: cpu0=0.188 wall=0.036 

20.06.26 15:32:38  ===== New Time Step =====, Iter number =  63
 Start: TimeServis
 End:   TimeServis; Timer: cpu0=0.500 wall=0.037 
 Start: User modules' functions BeforeTimeStep() are calling
 End:   User modules' functions BeforeTimeStep() are calling; Timer: cpu0=0.000 wall=0.003 
 Start: Adaptation, TotalRealCellsCount= 108538 
 End:   Adaptation; Timer: cpu0=0.172 wall=0.005 
 Start: Initialize data arrays on chips
 End:   Initialize data arrays on chips, res= 0; Timer: cpu0=0.000 wall=0.002 
  ***** Maximum Geometrical Gauss = 1.61209e-14, cell= 299:7:3:7:0
  ***** Maximum MovingSurf  Gauss = 0, cell= 
 Start: Initialize data arrays on chips
 End:   Initialize data arrays on chips, res= 0; Timer: cpu0=0.000 wall=0.002 
 Start: TimeServis
 End:   TimeServis; Timer: cpu0=0.391 wall=0.041 
 Start: FindEnclaves
 End:   FindEnclaves; Timer: cpu0=0.078 wall=0.096 
 Start: VarValueService
 End:   VarValueService; Timer: cpu0=0.000 wall=0.001 
 Start: SolvePhaseEquation 
 End:   SolvePhaseEquation ; Timer: cpu0=14.016 wall=1.597 
 Start: SolidFiltersProcess: calculate forces and moments
 End:   SolidFiltersProcess: calculate forces and moments; Timer: cpu0=0.000 wall=0.001 
 Start: PrepareDataForNextStep
 End:   PrepareDataForNextStep; Timer: cpu0=0.359 wall=0.043 
 Start: VarValueService
 End:   VarValueService; Timer: cpu0=0.000 wall=0.002 
 Start: UpdateStopperData
 End:   UpdateStopperData; Timer: cpu0=0.000 wall=0.001 
 Start: Saving text status in E:\UniFlight\flow\full_rocket20_fv\data\full_rocket20.status
 End:   Saving text status in E:\UniFlight\flow\full_rocket20_fv\data\full_rocket20.status; Timer: cpu0=0.000 wall=0.003 
 End:   ===== Time Step =====, Iter number =  63; Timer: cpu0=15.688 wall=1.897 

20.06.26 15:32:40  ===== Processing Layers =====
20.06.26 15:32:40    *SEND* for CScalarLayer, GUID=93D71ED0-037A-4648-BBF4-680D0FDCD798
 Start: ComputeVolumeCharacteristics
 End:   ComputeVolumeCharacteristics; Timer: cpu0=0.172 wall=0.004 
 Start: GetValueOnFacets
 End:   GetValueOnFacets; Timer: cpu0=0.000 wall=0.013 
20.06.26 15:32:40    *SEND* for CIntegralCharsLayer, GUID=4E090A0C-544B-E4A2-4242-BEC451D7CD2B
20.06.26 15:32:40    *SEND* for CIntegralCharsLayer, GUID=53BB5889-26C7-9FD5-3BE6-8D746C5C843A
20.06.26 15:32:40    *SEND* for CIntegralCharsLayer, GUID=FB58FBBB-1926-D59E-785F-29B9759925F3
 End:   ===== Processing Layers =====; Timer: cpu0=0.172 wall=0.034 

20.06.26 15:32:40  ===== New Time Step =====, Iter number =  64
 Start: TimeServis
 End:   TimeServis; Timer: cpu0=0.344 wall=0.034 
 Start: User modules' functions BeforeTimeStep() are calling
 End:   User modules' functions BeforeTimeStep() are calling; Timer: cpu0=0.000 wall=0.003 
 Start: Adaptation, TotalRealCellsCount= 108538 
 End:   Adaptation; Timer: cpu0=0.172 wall=0.004 
 Start: Initialize data arrays on chips
 End:   Initialize data arrays on chips, res= 0; Timer: cpu0=0.000 wall=0.002 
  ***** Maximum Geometrical Gauss = 1.61209e-14, cell= 290:6:6:2:0
  ***** Maximum MovingSurf  Gauss = 0, cell= 
 Start: Initialize data arrays on chips
 End:   Initialize data arrays on chips, res= 0; Timer: cpu0=0.000 wall=0.001 
 Start: TimeServis
 End:   TimeServis; Timer: cpu0=0.500 wall=0.046 
 Start: FindEnclaves
 End:   FindEnclaves; Timer: cpu0=0.172 wall=0.093 
 Start: VarValueService
 End:   VarValueService; Timer: cpu0=0.000 wall=0.002 
 Start: SolvePhaseEquation 
 End:   SolvePhaseEquation ; Timer: cpu0=13.734 wall=1.670 
 Start: SolidFiltersProcess: calculate forces and moments
 End:   SolidFiltersProcess: calculate forces and moments; Timer: cpu0=0.000 wall=0.002 
 Start: PrepareDataForNextStep
 End:   PrepareDataForNextStep; Timer: cpu0=0.297 wall=0.044 
 Start: VarValueService
 End:   VarValueService; Timer: cpu0=0.000 wall=0.002 
 Start: UpdateStopperData
 End:   UpdateStopperData; Timer: cpu0=0.000 wall=0.001 
 Start: Saving text status in E:\UniFlight\flow\full_rocket20_fv\data\full_rocket20.status
 End:   Saving text status in E:\UniFlight\flow\full_rocket20_fv\data\full_rocket20.status; Timer: cpu0=0.000 wall=0.002 
 End:   ===== Time Step =====, Iter number =  64; Timer: cpu0=15.578 wall=1.969 

20.06.26 15:32:42  ===== Processing Layers =====
20.06.26 15:32:42    *SEND* for CScalarLayer, GUID=93D71ED0-037A-4648-BBF4-680D0FDCD798
 Start: ComputeVolumeCharacteristics
 End:   ComputeVolumeCharacteristics; Timer: cpu0=0.000 wall=0.005 
 Start: GetValueOnFacets
 End:   GetValueOnFacets; Timer: cpu0=0.141 wall=0.014 
20.06.26 15:32:42    *SEND* for CIntegralCharsLayer, GUID=4E090A0C-544B-E4A2-4242-BEC451D7CD2B
20.06.26 15:32:42    *SEND* for CIntegralCharsLayer, GUID=53BB5889-26C7-9FD5-3BE6-8D746C5C843A
20.06.26 15:32:42    *SEND* for CIntegralCharsLayer, GUID=FB58FBBB-1926-D59E-785F-29B9759925F3
 End:   ===== Processing Layers =====; Timer: cpu0=0.141 wall=0.035 

20.06.26 15:32:42  ===== New Time Step =====, Iter number =  65
 Start: TimeServis
 End:   TimeServis; Timer: cpu0=0.344 wall=0.036 
 Start: User modules' functions BeforeTimeStep() are calling
 End:   User modules' functions BeforeTimeStep() are calling; Timer: cpu0=0.000 wall=0.004 
 Start: Adaptation, TotalRealCellsCount= 108538 
 End:   Adaptation; Timer: cpu0=0.000 wall=0.005 
 Start: Initialize data arrays on chips
 End:   Initialize data arrays on chips, res= 0; Timer: cpu0=0.000 wall=0.002 
  ***** Maximum Geometrical Gauss = 1.61209e-14, cell= 299:7:3:7:0
  ***** Maximum MovingSurf  Gauss = 0, cell= 
 Start: Initialize data arrays on chips
 End:   Initialize data arrays on chips, res= 0; Timer: cpu0=0.000 wall=0.002 
 Start: TimeServis
 End:   TimeServis; Timer: cpu0=0.344 wall=0.040 
 Start: FindEnclaves
 End:   FindEnclaves; Timer: cpu0=0.094 wall=0.096 
 Start: VarValueService
 End:   VarValueService; Timer: cpu0=0.000 wall=0.001 
 Start: SolvePhaseEquation 
 End:   SolvePhaseEquation ; Timer: cpu0=13.656 wall=1.635 
 Start: SolidFiltersProcess: calculate forces and moments
 End:   SolidFiltersProcess: calculate forces and moments; Timer: cpu0=0.000 wall=0.001 
 Start: PrepareDataForNextStep
 End:   PrepareDataForNextStep; Timer: cpu0=0.359 wall=0.039 
 Start: VarValueService
 End:   VarValueService; Timer: cpu0=0.000 wall=0.002 
 Start: UpdateStopperData
 End:   UpdateStopperData; Timer: cpu0=0.000 wall=0.000 
 Start: Saving text status in E:\UniFlight\flow\full_rocket20_fv\data\full_rocket20.status
 End:   Saving text status in E:\UniFlight\flow\full_rocket20_fv\data\full_rocket20.status; Timer: cpu0=0.000 wall=0.002 
 End:   ===== Time Step =====, Iter number =  65; Timer: cpu0=15.281 wall=1.928 

20.06.26 15:32:44  ===== Processing Layers =====
20.06.26 15:32:44    *SEND* for CScalarLayer, GUID=93D71ED0-037A-4648-BBF4-680D0FDCD798
 Start: ComputeVolumeCharacteristics
 End:   ComputeVolumeCharacteristics; Timer: cpu0=0.000 wall=0.006 
 Start: GetValueOnFacets
 End:   GetValueOnFacets; Timer: cpu0=0.016 wall=0.015 
20.06.26 15:32:44    *SEND* for CIntegralCharsLayer, GUID=4E090A0C-544B-E4A2-4242-BEC451D7CD2B
20.06.26 15:32:44    *SEND* for CIntegralCharsLayer, GUID=53BB5889-26C7-9FD5-3BE6-8D746C5C843A
20.06.26 15:32:44    *SEND* for CIntegralCharsLayer, GUID=FB58FBBB-1926-D59E-785F-29B9759925F3
 End:   ===== Processing Layers =====; Timer: cpu0=0.203 wall=0.040 

20.06.26 15:32:44  ===== New Time Step =====, Iter number =  66
 Start: TimeServis
 End:   TimeServis; Timer: cpu0=0.484 wall=0.036 
 Start: User modules' functions BeforeTimeStep() are calling
 End:   User modules' functions BeforeTimeStep() are calling; Timer: cpu0=0.000 wall=0.002 
 Start: Adaptation, TotalRealCellsCount= 108538 
 End:   Adaptation; Timer: cpu0=0.000 wall=0.006 
 Start: Initialize data arrays on chips
 End:   Initialize data arrays on chips, res= 0; Timer: cpu0=0.000 wall=0.002 
  ***** Maximum Geometrical Gauss = 1.61209e-14, cell= 299:7:3:7:0
  ***** Maximum MovingSurf  Gauss = 0, cell= 
 Start: Initialize data arrays on chips
 End:   Initialize data arrays on chips, res= 0; Timer: cpu0=0.000 wall=0.002 
 Start: TimeServis
 End:   TimeServis; Timer: cpu0=0.484 wall=0.045 
 Start: FindEnclaves
 End:   FindEnclaves; Timer: cpu0=0.266 wall=0.104 
 Start: VarValueService
 End:   VarValueService; Timer: cpu0=0.000 wall=0.002 
 Start: SolvePhaseEquation 
 End:   SolvePhaseEquation ; Timer: cpu0=13.594 wall=1.569 
 Start: SolidFiltersProcess: calculate forces and moments
 End:   SolidFiltersProcess: calculate forces and moments; Timer: cpu0=0.000 wall=0.001 
 Start: PrepareDataForNextStep
 End:   PrepareDataForNextStep; Timer: cpu0=0.406 wall=0.043 
 Start: VarValueService
 End:   VarValueService; Timer: cpu0=0.000 wall=0.001 
 Start: UpdateStopperData
 End:   UpdateStopperData; Timer: cpu0=0.000 wall=0.000 
 Start: Saving text status in E:\UniFlight\flow\full_rocket20_fv\data\full_rocket20.status
 End:   Saving text status in E:\UniFlight\flow\full_rocket20_fv\data\full_rocket20.status; Timer: cpu0=0.000 wall=0.002 
 End:   ===== Time Step =====, Iter number =  66; Timer: cpu0=15.406 wall=1.883 

20.06.26 15:32:47  ===== Processing Layers =====
20.06.26 15:32:47    *SEND* for CScalarLayer, GUID=93D71ED0-037A-4648-BBF4-680D0FDCD798
 Start: ComputeVolumeCharacteristics
 End:   ComputeVolumeCharacteristics; Timer: cpu0=0.000 wall=0.004 
 Start: GetValueOnFacets
 End:   GetValueOnFacets; Timer: cpu0=0.016 wall=0.014 
20.06.26 15:32:47    *SEND* for CIntegralCharsLayer, GUID=4E090A0C-544B-E4A2-4242-BEC451D7CD2B
20.06.26 15:32:47    *SEND* for CIntegralCharsLayer, GUID=53BB5889-26C7-9FD5-3BE6-8D746C5C843A
20.06.26 15:32:47    *SEND* for CIntegralCharsLayer, GUID=FB58FBBB-1926-D59E-785F-29B9759925F3
 End:   ===== Processing Layers =====; Timer: cpu0=0.031 wall=0.038 

20.06.26 15:32:47  ===== New Time Step =====, Iter number =  67
 Start: TimeServis
 End:   TimeServis; Timer: cpu0=0.484 wall=0.036 
 Start: User modules' functions BeforeTimeStep() are calling
 End:   User modules' functions BeforeTimeStep() are calling; Timer: cpu0=0.000 wall=0.002 
 Start: Adaptation, TotalRealCellsCount= 108538 
 End:   Adaptation; Timer: cpu0=0.000 wall=0.004 
 Start: Initialize data arrays on chips
 End:   Initialize data arrays on chips, res= 0; Timer: cpu0=0.000 wall=0.002 
  ***** Maximum Geometrical Gauss = 1.61209e-14, cell= 299:7:3:7:0
  ***** Maximum MovingSurf  Gauss = 0, cell= 
 Start: Initialize data arrays on chips
 End:   Initialize data arrays on chips, res= 0; Timer: cpu0=0.000 wall=0.002 
 Start: TimeServis
 End:   TimeServis; Timer: cpu0=0.594 wall=0.052 
 Start: FindEnclaves
 End:   FindEnclaves; Timer: cpu0=0.094 wall=0.099 
 Start: VarValueService
 End:   VarValueService; Timer: cpu0=0.000 wall=0.001 
 Start: SolvePhaseEquation 
 End:   SolvePhaseEquation ; Timer: cpu0=12.266 wall=1.626 
 Start: SolidFiltersProcess: calculate forces and moments
 End:   SolidFiltersProcess: calculate forces and moments; Timer: cpu0=0.000 wall=0.002 
 Start: PrepareDataForNextStep
 End:   PrepareDataForNextStep; Timer: cpu0=0.297 wall=0.049 
 Start: VarValueService
 End:   VarValueService; Timer: cpu0=0.000 wall=0.001 
 Start: UpdateStopperData
 End:   UpdateStopperData; Timer: cpu0=0.000 wall=0.001 
 Start: Saving text status in E:\UniFlight\flow\full_rocket20_fv\data\full_rocket20.status
 End:   Saving text status in E:\UniFlight\flow\full_rocket20_fv\data\full_rocket20.status; Timer: cpu0=0.000 wall=0.002 
 End:   ===== Time Step =====, Iter number =  67; Timer: cpu0=13.906 wall=1.950 

20.06.26 15:32:49  ===== Processing Layers =====
20.06.26 15:32:49    *SEND* for CScalarLayer, GUID=93D71ED0-037A-4648-BBF4-680D0FDCD798
 Start: ComputeVolumeCharacteristics
 End:   ComputeVolumeCharacteristics; Timer: cpu0=0.000 wall=0.005 
 Start: GetValueOnFacets
 End:   GetValueOnFacets; Timer: cpu0=0.016 wall=0.015 
20.06.26 15:32:49    *SEND* for CIntegralCharsLayer, GUID=4E090A0C-544B-E4A2-4242-BEC451D7CD2B
20.06.26 15:32:49    *SEND* for CIntegralCharsLayer, GUID=53BB5889-26C7-9FD5-3BE6-8D746C5C843A
20.06.26 15:32:49    *SEND* for CIntegralCharsLayer, GUID=FB58FBBB-1926-D59E-785F-29B9759925F3
 End:   ===== Processing Layers =====; Timer: cpu0=0.031 wall=0.039 

20.06.26 15:32:49  ===== New Time Step =====, Iter number =  68
 Start: TimeServis
 End:   TimeServis; Timer: cpu0=0.469 wall=0.036 
 Start: User modules' functions BeforeTimeStep() are calling
 End:   User modules' functions BeforeTimeStep() are calling; Timer: cpu0=0.000 wall=0.001 
 Start: Adaptation, TotalRealCellsCount= 108538 
 End:   Adaptation; Timer: cpu0=0.172 wall=0.005 
 Start: Initialize data arrays on chips
 End:   Initialize data arrays on chips, res= 0; Timer: cpu0=0.000 wall=0.003 
  ***** Maximum Geometrical Gauss = 1.61209e-14, cell= 290:6:6:2:0
  ***** Maximum MovingSurf  Gauss = 0, cell= 
 Start: Initialize data arrays on chips
 End:   Initialize data arrays on chips, res= 0; Timer: cpu0=0.000 wall=0.002 
 Start: TimeServis
 End:   TimeServis; Timer: cpu0=0.344 wall=0.042 
 Start: FindEnclaves
 End:   FindEnclaves; Timer: cpu0=0.266 wall=0.100 
 Start: VarValueService
 End:   VarValueService; Timer: cpu0=0.000 wall=0.002 
 Start: SolvePhaseEquation 
 End:   SolvePhaseEquation ; Timer: cpu0=12.438 wall=1.545 
 Start: SolidFiltersProcess: calculate forces and moments
 End:   SolidFiltersProcess: calculate forces and moments; Timer: cpu0=0.000 wall=0.002 
 Start: PrepareDataForNextStep
 End:   PrepareDataForNextStep; Timer: cpu0=0.391 wall=0.049 
 Start: VarValueService
 End:   VarValueService; Timer: cpu0=0.000 wall=0.001 
 Start: UpdateStopperData
 End:   UpdateStopperData; Timer: cpu0=0.000 wall=0.001 
 Start: Saving text status in E:\UniFlight\flow\full_rocket20_fv\data\full_rocket20.status
 End:   Saving text status in E:\UniFlight\flow\full_rocket20_fv\data\full_rocket20.status; Timer: cpu0=0.000 wall=0.003 
 End:   ===== Time Step =====, Iter number =  68; Timer: cpu0=14.406 wall=1.864 

20.06.26 15:32:51  ===== Processing Layers =====
20.06.26 15:32:51    *SEND* for CScalarLayer, GUID=93D71ED0-037A-4648-BBF4-680D0FDCD798
 Start: ComputeVolumeCharacteristics
 End:   ComputeVolumeCharacteristics; Timer: cpu0=0.000 wall=0.006 
 Start: GetValueOnFacets
 End:   GetValueOnFacets; Timer: cpu0=0.016 wall=0.015 
20.06.26 15:32:51    *SEND* for CIntegralCharsLayer, GUID=4E090A0C-544B-E4A2-4242-BEC451D7CD2B
20.06.26 15:32:51    *SEND* for CIntegralCharsLayer, GUID=53BB5889-26C7-9FD5-3BE6-8D746C5C843A
20.06.26 15:32:51    *SEND* for CIntegralCharsLayer, GUID=FB58FBBB-1926-D59E-785F-29B9759925F3
 End:   ===== Processing Layers =====; Timer: cpu0=0.016 wall=0.037 

20.06.26 15:32:51  ===== New Time Step =====, Iter number =  69
 Start: TimeServis
 End:   TimeServis; Timer: cpu0=0.328 wall=0.037 
 Start: User modules' functions BeforeTimeStep() are calling
 End:   User modules' functions BeforeTimeStep() are calling; Timer: cpu0=0.000 wall=0.003 
 Start: Adaptation, TotalRealCellsCount= 108538 
 End:   Adaptation; Timer: cpu0=0.000 wall=0.005 
 Start: Initialize data arrays on chips
 End:   Initialize data arrays on chips, res= 0; Timer: cpu0=0.000 wall=0.002 
  ***** Maximum Geometrical Gauss = 1.61209e-14, cell= 290:6:6:2:0
  ***** Maximum MovingSurf  Gauss = 0, cell= 
 Start: Initialize data arrays on chips
 End:   Initialize data arrays on chips, res= 0; Timer: cpu0=0.000 wall=0.002 
 Start: TimeServis
 End:   TimeServis; Timer: cpu0=0.516 wall=0.041 
 Start: FindEnclaves
 End:   FindEnclaves; Timer: cpu0=0.250 wall=0.106 
 Start: VarValueService
 End:   VarValueService; Timer: cpu0=0.000 wall=0.002 
 Start: SolvePhaseEquation 
 End:   SolvePhaseEquation ; Timer: cpu0=13.703 wall=1.614 
 Start: SolidFiltersProcess: calculate forces and moments
 End:   SolidFiltersProcess: calculate forces and moments; Timer: cpu0=0.000 wall=0.001 
 Start: PrepareDataForNextStep
 End:   PrepareDataForNextStep; Timer: cpu0=0.406 wall=0.046 
 Start: VarValueService
 End:   VarValueService; Timer: cpu0=0.000 wall=0.002 
 Start: UpdateStopperData
 End:   UpdateStopperData; Timer: cpu0=0.000 wall=0.001 
 Start: Saving text status in E:\UniFlight\flow\full_rocket20_fv\data\full_rocket20.status
 End:   Saving text status in E:\UniFlight\flow\full_rocket20_fv\data\full_rocket20.status; Timer: cpu0=0.000 wall=0.002 
 End:   ===== Time Step =====, Iter number =  69; Timer: cpu0=15.391 wall=1.924 

20.06.26 15:32:53  ===== Processing Layers =====
20.06.26 15:32:53    *SEND* for CScalarLayer, GUID=93D71ED0-037A-4648-BBF4-680D0FDCD798
 Start: ComputeVolumeCharacteristics
 End:   ComputeVolumeCharacteristics; Timer: cpu0=0.000 wall=0.004 
 Start: GetValueOnFacets
 End:   GetValueOnFacets; Timer: cpu0=0.016 wall=0.014 
20.06.26 15:32:53    *SEND* for CIntegralCharsLayer, GUID=4E090A0C-544B-E4A2-4242-BEC451D7CD2B
20.06.26 15:32:53    *SEND* for CIntegralCharsLayer, GUID=53BB5889-26C7-9FD5-3BE6-8D746C5C843A
20.06.26 15:32:53    *SEND* for CIntegralCharsLayer, GUID=FB58FBBB-1926-D59E-785F-29B9759925F3
 End:   ===== Processing Layers =====; Timer: cpu0=0.188 wall=0.037 

20.06.26 15:32:53  ===== New Time Step =====, Iter number =  70
 Start: TimeServis
 End:   TimeServis; Timer: cpu0=0.375 wall=0.035 
 Start: User modules' functions BeforeTimeStep() are calling
 End:   User modules' functions BeforeTimeStep() are calling; Timer: cpu0=0.000 wall=0.002 
 Start: Adaptation, TotalRealCellsCount= 108538 
 End:   Adaptation; Timer: cpu0=3.016 wall=0.404 
 Start: DistributeGridOnProcessors
 End:   DistributeGridOnProcessors, res= 0; Timer: cpu0=1.016 wall=0.227 
 Start: SetNeiHyperCells
 End:   SetNeiHyperCells, res= 0; Timer: cpu0=0.000 wall=0.007 
 Start: BuildFacetDistribution
 End:   BuildFacetDistribution; Timer: cpu0=0.000 wall=0.001 
 Start: Initialize data arrays on chips
 End:   Initialize data arrays on chips, res= 0; Timer: cpu0=0.000 wall=0.002 
  ***** Maximum Geometrical Gauss = 1.61209e-14, cell= 299:7:7:3:0
  ***** Maximum MovingSurf  Gauss = 7.0391e-15, cell= 606:0:0
 Start: Remove Small Cells
 End:   Remove Small Cells; Timer: cpu0=0.328 wall=0.020 
 Start: Initialize data arrays on chips
 End:   Initialize data arrays on chips, res= 0; Timer: cpu0=0.000 wall=0.002 
  ***** Maximum Geometrical Gauss = 1.61209e-14, cell= 290:6:6:2:0
  ***** Maximum MovingSurf  Gauss = 7.0391e-15, cell= 606:0:0
 Start: Initialize data arrays on chips
 End:   Initialize data arrays on chips, res= 0; Timer: cpu0=0.000 wall=0.002 
 Start: Modify Chip Data
 End:   Modify Chip Data; Timer: cpu0=0.328 wall=0.031 
 Start: TimeServis
 End:   TimeServis; Timer: cpu0=0.453 wall=0.040 
 Start: FindEnclaves
 End:   FindEnclaves; Timer: cpu0=0.094 wall=0.084 
 Start: VarValueService
 End:   VarValueService; Timer: cpu0=0.000 wall=0.001 
 Start: SolvePhaseEquation 
 End:   SolvePhaseEquation ; Timer: cpu0=12.547 wall=1.519 
 Start: SolidFiltersProcess: calculate forces and moments
 End:   SolidFiltersProcess: calculate forces and moments; Timer: cpu0=0.000 wall=0.002 
 Start: PrepareDataForNextStep
 End:   PrepareDataForNextStep; Timer: cpu0=0.375 wall=0.043 
 Start: VarValueService
 End:   VarValueService; Timer: cpu0=0.000 wall=0.001 
 Start: UpdateStopperData
 End:   UpdateStopperData; Timer: cpu0=0.000 wall=0.001 
 Start: Saving text status in E:\UniFlight\flow\full_rocket20_fv\data\full_rocket20.status
 End:   Saving text status in E:\UniFlight\flow\full_rocket20_fv\data\full_rocket20.status; Timer: cpu0=0.000 wall=0.002 
 End:   ===== Time Step =====, Iter number =  70; Timer: cpu0=18.703 wall=2.512 

20.06.26 15:32:56  ===== Processing Layers =====
20.06.26 15:32:56    *SEND* for CScalarLayer, GUID=93D71ED0-037A-4648-BBF4-680D0FDCD798
 Start: ComputeVolumeCharacteristics
 End:   ComputeVolumeCharacteristics; Timer: cpu0=0.172 wall=0.005 
 Start: GetValueOnFacets
 End:   GetValueOnFacets; Timer: cpu0=0.000 wall=0.012 
20.06.26 15:32:56    *SEND* for CIntegralCharsLayer, GUID=4E090A0C-544B-E4A2-4242-BEC451D7CD2B
20.06.26 15:32:56    *SEND* for CIntegralCharsLayer, GUID=53BB5889-26C7-9FD5-3BE6-8D746C5C843A
20.06.26 15:32:56    *SEND* for CIntegralCharsLayer, GUID=FB58FBBB-1926-D59E-785F-29B9759925F3
 End:   ===== Processing Layers =====; Timer: cpu0=0.172 wall=0.032 

20.06.26 15:32:56  ===== New Time Step =====, Iter number =  71
 Start: TimeServis
 End:   TimeServis; Timer: cpu0=0.328 wall=0.037 
 Start: User modules' functions BeforeTimeStep() are calling
 End:   User modules' functions BeforeTimeStep() are calling; Timer: cpu0=0.000 wall=0.002 
 Start: Adaptation, TotalRealCellsCount= 99515 
 End:   Adaptation; Timer: cpu0=3.891 wall=0.550 
 Start: DistributeGridOnProcessors
 End:   DistributeGridOnProcessors, res= 0; Timer: cpu0=0.875 wall=0.217 
 Start: SetNeiHyperCells
 End:   SetNeiHyperCells, res= 0; Timer: cpu0=0.172 wall=0.008 
 Start: BuildFacetDistribution
 End:   BuildFacetDistribution; Timer: cpu0=0.000 wall=0.001 
 Start: Initialize data arrays on chips
 End:   Initialize data arrays on chips, res= 0; Timer: cpu0=0.000 wall=0.002 
  ***** Maximum Geometrical Gauss = 1.80373e-14, cell= 299:7:1:5:0
  ***** Maximum MovingSurf  Gauss = 2.19757e-14, cell= 696:2:7:7:0
 Start: Remove Small Cells
 End:   Remove Small Cells; Timer: cpu0=0.172 wall=0.021 
 Start: Initialize data arrays on chips
 End:   Initialize data arrays on chips, res= 0; Timer: cpu0=0.000 wall=0.002 
  ***** Maximum Geometrical Gauss = 1.80373e-14, cell= 299:7:1:5:0
  ***** Maximum MovingSurf  Gauss = 2.19757e-14, cell= 696:2:7:7:0
 Start: Initialize data arrays on chips
 End:   Initialize data arrays on chips, res= 0; Timer: cpu0=0.000 wall=0.002 
 Start: Modify Chip Data
 End:   Modify Chip Data; Timer: cpu0=0.344 wall=0.040 
 Start: TimeServis
 End:   TimeServis; Timer: cpu0=0.438 wall=0.045 
 Start: FindEnclaves
 End:   FindEnclaves; Timer: cpu0=0.094 wall=0.107 
 Start: VarValueService
 End:   VarValueService; Timer: cpu0=0.000 wall=0.001 
 Start: SolvePhaseEquation 
 End:   SolvePhaseEquation ; Timer: cpu0=13.609 wall=1.645 
 Start: SolidFiltersProcess: calculate forces and moments
 End:   SolidFiltersProcess: calculate forces and moments; Timer: cpu0=0.000 wall=0.001 
 Start: PrepareDataForNextStep
 End:   PrepareDataForNextStep; Timer: cpu0=0.453 wall=0.045 
 Start: VarValueService
 End:   VarValueService; Timer: cpu0=0.000 wall=0.001 
 Start: UpdateStopperData
 End:   UpdateStopperData; Timer: cpu0=0.000 wall=0.001 
 Start: Saving text status in E:\UniFlight\flow\full_rocket20_fv\data\full_rocket20.status
 End:   Saving text status in E:\UniFlight\flow\full_rocket20_fv\data\full_rocket20.status; Timer: cpu0=0.000 wall=0.002 
 End:   ===== Time Step =====, Iter number =  71; Timer: cpu0=20.562 wall=2.825 

20.06.26 15:32:59  ===== Processing Layers =====
20.06.26 15:32:59    *SEND* for CScalarLayer, GUID=93D71ED0-037A-4648-BBF4-680D0FDCD798
 Start: ComputeVolumeCharacteristics
 End:   ComputeVolumeCharacteristics; Timer: cpu0=0.000 wall=0.006 
 Start: GetValueOnFacets
 End:   GetValueOnFacets; Timer: cpu0=0.172 wall=0.016 
20.06.26 15:32:59    *SEND* for CIntegralCharsLayer, GUID=4E090A0C-544B-E4A2-4242-BEC451D7CD2B
20.06.26 15:32:59    *SEND* for CIntegralCharsLayer, GUID=53BB5889-26C7-9FD5-3BE6-8D746C5C843A
20.06.26 15:32:59    *SEND* for CIntegralCharsLayer, GUID=FB58FBBB-1926-D59E-785F-29B9759925F3
 End:   ===== Processing Layers =====; Timer: cpu0=0.344 wall=0.038 

20.06.26 15:32:59  ===== New Time Step =====, Iter number =  72
 Start: TimeServis
 End:   TimeServis; Timer: cpu0=0.438 wall=0.038 
 Start: User modules' functions BeforeTimeStep() are calling
 End:   User modules' functions BeforeTimeStep() are calling; Timer: cpu0=0.000 wall=0.002 
 Start: Adaptation, TotalRealCellsCount= 108685 
 End:   Adaptation; Timer: cpu0=0.172 wall=0.005 
 Start: Initialize data arrays on chips
 End:   Initialize data arrays on chips, res= 0; Timer: cpu0=0.000 wall=0.002 
  ***** Maximum Geometrical Gauss = 1.80373e-14, cell= 299:7:1:5:0
  ***** Maximum MovingSurf  Gauss = 0, cell= 
 Start: Initialize data arrays on chips
 End:   Initialize data arrays on chips, res= 0; Timer: cpu0=0.000 wall=0.002 
 Start: TimeServis
 End:   TimeServis; Timer: cpu0=0.500 wall=0.045 
 Start: FindEnclaves
 End:   FindEnclaves; Timer: cpu0=0.172 wall=0.097 
 Start: VarValueService
 End:   VarValueService; Timer: cpu0=0.000 wall=0.001 
 Start: SolvePhaseEquation 
 End:   SolvePhaseEquation ; Timer: cpu0=14.047 wall=1.643 
 Start: SolidFiltersProcess: calculate forces and moments
 End:   SolidFiltersProcess: calculate forces and moments; Timer: cpu0=0.000 wall=0.002 
 Start: PrepareDataForNextStep
 End:   PrepareDataForNextStep; Timer: cpu0=0.469 wall=0.042 
 Start: VarValueService
 End:   VarValueService; Timer: cpu0=0.000 wall=0.001 
 Start: UpdateStopperData
 End:   UpdateStopperData; Timer: cpu0=0.000 wall=0.001 
 Start: Saving text status in E:\UniFlight\flow\full_rocket20_fv\data\full_rocket20.status
 End:   Saving text status in E:\UniFlight\flow\full_rocket20_fv\data\full_rocket20.status; Timer: cpu0=0.000 wall=0.002 
 End:   ===== Time Step =====, Iter number =  72; Timer: cpu0=15.969 wall=1.948 

20.06.26 15:33:01  ===== Processing Layers =====
20.06.26 15:33:01    *SEND* for CScalarLayer, GUID=93D71ED0-037A-4648-BBF4-680D0FDCD798
 Start: ComputeVolumeCharacteristics
 End:   ComputeVolumeCharacteristics; Timer: cpu0=0.172 wall=0.004 
 Start: GetValueOnFacets
 End:   GetValueOnFacets; Timer: cpu0=0.172 wall=0.019 
20.06.26 15:33:01    *SEND* for CIntegralCharsLayer, GUID=4E090A0C-544B-E4A2-4242-BEC451D7CD2B
20.06.26 15:33:01    *SEND* for CIntegralCharsLayer, GUID=53BB5889-26C7-9FD5-3BE6-8D746C5C843A
20.06.26 15:33:01    *SEND* for CIntegralCharsLayer, GUID=FB58FBBB-1926-D59E-785F-29B9759925F3
 End:   ===== Processing Layers =====; Timer: cpu0=0.344 wall=0.048 

20.06.26 15:33:01  ===== New Time Step =====, Iter number =  73
 Start: TimeServis
 End:   TimeServis; Timer: cpu0=0.344 wall=0.037 
 Start: User modules' functions BeforeTimeStep() are calling
 End:   User modules' functions BeforeTimeStep() are calling; Timer: cpu0=0.000 wall=0.003 
 Start: Adaptation, TotalRealCellsCount= 108685 
 End:   Adaptation; Timer: cpu0=0.000 wall=0.004 
 Start: Initialize data arrays on chips
 End:   Initialize data arrays on chips, res= 0; Timer: cpu0=0.000 wall=0.002 
  ***** Maximum Geometrical Gauss = 1.80373e-14, cell= 299:7:1:5:0
  ***** Maximum MovingSurf  Gauss = 0, cell= 
 Start: Initialize data arrays on chips
 End:   Initialize data arrays on chips, res= 0; Timer: cpu0=0.000 wall=0.002 
 Start: TimeServis
 End:   TimeServis; Timer: cpu0=0.328 wall=0.040 
 Start: FindEnclaves
 End:   FindEnclaves; Timer: cpu0=0.109 wall=0.111 
 Start: VarValueService
 End:   VarValueService; Timer: cpu0=0.000 wall=0.003 
 Start: SolvePhaseEquation 
 End:   SolvePhaseEquation ; Timer: cpu0=13.500 wall=1.603 
 Start: SolidFiltersProcess: calculate forces and moments
 End:   SolidFiltersProcess: calculate forces and moments; Timer: cpu0=0.000 wall=0.002 
 Start: PrepareDataForNextStep
 End:   PrepareDataForNextStep; Timer: cpu0=0.219 wall=0.044 
 Start: VarValueService
 End:   VarValueService; Timer: cpu0=0.000 wall=0.001 
 Start: UpdateStopperData
 End:   UpdateStopperData; Timer: cpu0=0.000 wall=0.001 
 Start: Saving text status in E:\UniFlight\flow\full_rocket20_fv\data\full_rocket20.status
 End:   Saving text status in E:\UniFlight\flow\full_rocket20_fv\data\full_rocket20.status; Timer: cpu0=0.000 wall=0.002 
 End:   ===== Time Step =====, Iter number =  73; Timer: cpu0=15.000 wall=1.923 

20.06.26 15:33:04  ===== Processing Layers =====
20.06.26 15:33:04    *SEND* for CScalarLayer, GUID=93D71ED0-037A-4648-BBF4-680D0FDCD798
 Start: ComputeVolumeCharacteristics
 End:   ComputeVolumeCharacteristics; Timer: cpu0=0.125 wall=0.005 
 Start: GetValueOnFacets
 End:   GetValueOnFacets; Timer: cpu0=0.156 wall=0.015 
20.06.26 15:33:04    *SEND* for CIntegralCharsLayer, GUID=4E090A0C-544B-E4A2-4242-BEC451D7CD2B
20.06.26 15:33:04    *SEND* for CIntegralCharsLayer, GUID=53BB5889-26C7-9FD5-3BE6-8D746C5C843A
20.06.26 15:33:04    *SEND* for CIntegralCharsLayer, GUID=FB58FBBB-1926-D59E-785F-29B9759925F3
 End:   ===== Processing Layers =====; Timer: cpu0=0.281 wall=0.034 

20.06.26 15:33:04  ===== New Time Step =====, Iter number =  74
 Start: TimeServis
 End:   TimeServis; Timer: cpu0=0.375 wall=0.038 
 Start: User modules' functions BeforeTimeStep() are calling
 End:   User modules' functions BeforeTimeStep() are calling; Timer: cpu0=0.000 wall=0.003 
 Start: Adaptation, TotalRealCellsCount= 108685 
 End:   Adaptation; Timer: cpu0=0.000 wall=0.006 
 Start: Initialize data arrays on chips
 End:   Initialize data arrays on chips, res= 0; Timer: cpu0=0.000 wall=0.002 
  ***** Maximum Geometrical Gauss = 1.80373e-14, cell= 299:7:1:5:0
  ***** Maximum MovingSurf  Gauss = 0, cell= 
 Start: Initialize data arrays on chips
 End:   Initialize data arrays on chips, res= 0; Timer: cpu0=0.016 wall=0.002 
 Start: TimeServis
 End:   TimeServis; Timer: cpu0=0.344 wall=0.041 
 Start: FindEnclaves
 End:   FindEnclaves; Timer: cpu0=0.094 wall=0.093 
 Start: VarValueService
 End:   VarValueService; Timer: cpu0=0.000 wall=0.001 
 Start: SolvePhaseEquation 
 End:   SolvePhaseEquation ; Timer: cpu0=13.594 wall=1.631 
 Start: SolidFiltersProcess: calculate forces and moments
 End:   SolidFiltersProcess: calculate forces and moments; Timer: cpu0=0.000 wall=0.002 
 Start: PrepareDataForNextStep
 End:   PrepareDataForNextStep; Timer: cpu0=0.469 wall=0.046 
 Start: VarValueService
 End:   VarValueService; Timer: cpu0=0.000 wall=0.001 
 Start: UpdateStopperData
 End:   UpdateStopperData; Timer: cpu0=0.000 wall=0.001 
 Start: Saving text status in E:\UniFlight\flow\full_rocket20_fv\data\full_rocket20.status
 End:   Saving text status in E:\UniFlight\flow\full_rocket20_fv\data\full_rocket20.status; Timer: cpu0=0.000 wall=0.003 
 End:   ===== Time Step =====, Iter number =  74; Timer: cpu0=15.219 wall=1.935 

20.06.26 15:33:06  ===== Processing Layers =====
20.06.26 15:33:06    *SEND* for CScalarLayer, GUID=93D71ED0-037A-4648-BBF4-680D0FDCD798
 Start: ComputeVolumeCharacteristics
 End:   ComputeVolumeCharacteristics; Timer: cpu0=0.000 wall=0.005 
 Start: GetValueOnFacets
 End:   GetValueOnFacets; Timer: cpu0=0.172 wall=0.014 
20.06.26 15:33:06    *SEND* for CIntegralCharsLayer, GUID=4E090A0C-544B-E4A2-4242-BEC451D7CD2B
20.06.26 15:33:06    *SEND* for CIntegralCharsLayer, GUID=53BB5889-26C7-9FD5-3BE6-8D746C5C843A
20.06.26 15:33:06    *SEND* for CIntegralCharsLayer, GUID=FB58FBBB-1926-D59E-785F-29B9759925F3
 End:   ===== Processing Layers =====; Timer: cpu0=0.172 wall=0.034 

20.06.26 15:33:06  ===== New Time Step =====, Iter number =  75
 Start: TimeServis
 End:   TimeServis; Timer: cpu0=0.422 wall=0.034 
 Start: User modules' functions BeforeTimeStep() are calling
 End:   User modules' functions BeforeTimeStep() are calling; Timer: cpu0=0.000 wall=0.001 
 Start: Adaptation, TotalRealCellsCount= 108685 
 End:   Adaptation; Timer: cpu0=0.000 wall=0.006 
 Start: Initialize data arrays on chips
 End:   Initialize data arrays on chips, res= 0; Timer: cpu0=0.000 wall=0.002 
  ***** Maximum Geometrical Gauss = 1.80373e-14, cell= 299:7:1:5:0
  ***** Maximum MovingSurf  Gauss = 0, cell= 
 Start: Initialize data arrays on chips
 End:   Initialize data arrays on chips, res= 0; Timer: cpu0=0.000 wall=0.002 
 Start: TimeServis
 End:   TimeServis; Timer: cpu0=0.344 wall=0.041 
 Start: FindEnclaves
 End:   FindEnclaves; Timer: cpu0=0.094 wall=0.092 
 Start: VarValueService
 End:   VarValueService; Timer: cpu0=0.000 wall=0.002 
 Start: SolvePhaseEquation 
 End:   SolvePhaseEquation ; Timer: cpu0=13.719 wall=1.590 
 Start: SolidFiltersProcess: calculate forces and moments
 End:   SolidFiltersProcess: calculate forces and moments; Timer: cpu0=0.000 wall=0.001 
 Start: PrepareDataForNextStep
 End:   PrepareDataForNextStep; Timer: cpu0=0.375 wall=0.041 
 Start: VarValueService
 End:   VarValueService; Timer: cpu0=0.000 wall=0.001 
 Start: UpdateStopperData
 End:   UpdateStopperData; Timer: cpu0=0.000 wall=0.001 
 Start: Saving text status in E:\UniFlight\flow\full_rocket20_fv\data\full_rocket20.status
 End:   Saving text status in E:\UniFlight\flow\full_rocket20_fv\data\full_rocket20.status; Timer: cpu0=0.000 wall=0.003 
 End:   ===== Time Step =====, Iter number =  75; Timer: cpu0=15.297 wall=1.881 

20.06.26 15:33:08  ===== Processing Layers =====
20.06.26 15:33:08    *SEND* for CScalarLayer, GUID=93D71ED0-037A-4648-BBF4-680D0FDCD798
 Start: ComputeVolumeCharacteristics
 End:   ComputeVolumeCharacteristics; Timer: cpu0=0.000 wall=0.004 
 Start: GetValueOnFacets
 End:   GetValueOnFacets; Timer: cpu0=0.016 wall=0.013 
20.06.26 15:33:08    *SEND* for CIntegralCharsLayer, GUID=4E090A0C-544B-E4A2-4242-BEC451D7CD2B
20.06.26 15:33:08    *SEND* for CIntegralCharsLayer, GUID=53BB5889-26C7-9FD5-3BE6-8D746C5C843A
20.06.26 15:33:08    *SEND* for CIntegralCharsLayer, GUID=FB58FBBB-1926-D59E-785F-29B9759925F3
 End:   ===== Processing Layers =====; Timer: cpu0=0.016 wall=0.034 

20.06.26 15:33:08  ===== New Time Step =====, Iter number =  76
 Start: TimeServis
 End:   TimeServis; Timer: cpu0=0.516 wall=0.036 
 Start: User modules' functions BeforeTimeStep() are calling
 End:   User modules' functions BeforeTimeStep() are calling; Timer: cpu0=0.000 wall=0.002 
 Start: Adaptation, TotalRealCellsCount= 108685 
 End:   Adaptation; Timer: cpu0=0.000 wall=0.004 
 Start: Initialize data arrays on chips
 End:   Initialize data arrays on chips, res= 0; Timer: cpu0=0.000 wall=0.003 
  ***** Maximum Geometrical Gauss = 1.80373e-14, cell= 299:7:1:5:0
  ***** Maximum MovingSurf  Gauss = 0, cell= 
 Start: Initialize data arrays on chips
 End:   Initialize data arrays on chips, res= 0; Timer: cpu0=0.000 wall=0.002 
 Start: TimeServis
 End:   TimeServis; Timer: cpu0=0.500 wall=0.046 
 Start: FindEnclaves
 End:   FindEnclaves; Timer: cpu0=0.156 wall=0.091 
 Start: VarValueService
 End:   VarValueService; Timer: cpu0=0.000 wall=0.001 
 Start: SolvePhaseEquation 
 End:   SolvePhaseEquation ; Timer: cpu0=12.938 wall=1.627 
 Start: SolidFiltersProcess: calculate forces and moments
 End:   SolidFiltersProcess: calculate forces and moments; Timer: cpu0=0.000 wall=0.001 
 Start: PrepareDataForNextStep
 End:   PrepareDataForNextStep; Timer: cpu0=0.375 wall=0.043 
 Start: VarValueService
 End:   VarValueService; Timer: cpu0=0.000 wall=0.001 
 Start: UpdateStopperData
 End:   UpdateStopperData; Timer: cpu0=0.000 wall=0.001 
 Start: Saving text status in E:\UniFlight\flow\full_rocket20_fv\data\full_rocket20.status
 End:   Saving text status in E:\UniFlight\flow\full_rocket20_fv\data\full_rocket20.status; Timer: cpu0=0.000 wall=0.002 
 End:   ===== Time Step =====, Iter number =  76; Timer: cpu0=14.547 wall=1.920 

20.06.26 15:33:10  ===== Processing Layers =====
20.06.26 15:33:10    *SEND* for CScalarLayer, GUID=93D71ED0-037A-4648-BBF4-680D0FDCD798
 Start: ComputeVolumeCharacteristics
 End:   ComputeVolumeCharacteristics; Timer: cpu0=0.000 wall=0.005 
 Start: GetValueOnFacets
 End:   GetValueOnFacets; Timer: cpu0=0.000 wall=0.014 
20.06.26 15:33:10    *SEND* for CIntegralCharsLayer, GUID=4E090A0C-544B-E4A2-4242-BEC451D7CD2B
20.06.26 15:33:10    *SEND* for CIntegralCharsLayer, GUID=53BB5889-26C7-9FD5-3BE6-8D746C5C843A
20.06.26 15:33:10    *SEND* for CIntegralCharsLayer, GUID=FB58FBBB-1926-D59E-785F-29B9759925F3
 End:   ===== Processing Layers =====; Timer: cpu0=0.000 wall=0.036 

20.06.26 15:33:10  ===== New Time Step =====, Iter number =  77
 Start: TimeServis
 End:   TimeServis; Timer: cpu0=0.328 wall=0.037 
 Start: User modules' functions BeforeTimeStep() are calling
 End:   User modules' functions BeforeTimeStep() are calling; Timer: cpu0=0.000 wall=0.002 
 Start: Adaptation, TotalRealCellsCount= 108685 
 End:   Adaptation; Timer: cpu0=0.156 wall=0.006 
 Start: Initialize data arrays on chips
 End:   Initialize data arrays on chips, res= 0; Timer: cpu0=0.000 wall=0.003 
  ***** Maximum Geometrical Gauss = 1.80373e-14, cell= 299:7:1:5:0
  ***** Maximum MovingSurf  Gauss = 0, cell= 
 Start: Initialize data arrays on chips
 End:   Initialize data arrays on chips, res= 0; Timer: cpu0=0.000 wall=0.003 
 Start: TimeServis
 End:   TimeServis; Timer: cpu0=0.516 wall=0.042 
 Start: FindEnclaves
 End:   FindEnclaves; Timer: cpu0=0.266 wall=0.099 
 Start: VarValueService
 End:   VarValueService; Timer: cpu0=0.000 wall=0.001 
 Start: SolvePhaseEquation 
 End:   SolvePhaseEquation ; Timer: cpu0=13.984 wall=1.615 
 Start: SolidFiltersProcess: calculate forces and moments
 End:   SolidFiltersProcess: calculate forces and moments; Timer: cpu0=0.000 wall=0.001 
 Start: PrepareDataForNextStep
 End:   PrepareDataForNextStep; Timer: cpu0=0.328 wall=0.040 
 Start: VarValueService
 End:   VarValueService; Timer: cpu0=0.000 wall=0.001 
 Start: UpdateStopperData
 End:   UpdateStopperData; Timer: cpu0=0.000 wall=0.000 
 Start: Saving text status in E:\UniFlight\flow\full_rocket20_fv\data\full_rocket20.status
 End:   Saving text status in E:\UniFlight\flow\full_rocket20_fv\data\full_rocket20.status; Timer: cpu0=0.000 wall=0.002 
 End:   ===== Time Step =====, Iter number =  77; Timer: cpu0=15.922 wall=1.913 

20.06.26 15:33:13  ===== Processing Layers =====
20.06.26 15:33:13    *SEND* for CScalarLayer, GUID=93D71ED0-037A-4648-BBF4-680D0FDCD798
 Start: ComputeVolumeCharacteristics
 End:   ComputeVolumeCharacteristics; Timer: cpu0=0.156 wall=0.005 
 Start: GetValueOnFacets
 End:   GetValueOnFacets; Timer: cpu0=0.047 wall=0.015 
20.06.26 15:33:13    *SEND* for CIntegralCharsLayer, GUID=4E090A0C-544B-E4A2-4242-BEC451D7CD2B
20.06.26 15:33:13    *SEND* for CIntegralCharsLayer, GUID=53BB5889-26C7-9FD5-3BE6-8D746C5C843A
20.06.26 15:33:13    *SEND* for CIntegralCharsLayer, GUID=FB58FBBB-1926-D59E-785F-29B9759925F3
 End:   ===== Processing Layers =====; Timer: cpu0=0.203 wall=0.035 

20.06.26 15:33:13  ===== New Time Step =====, Iter number =  78
 Start: TimeServis
 End:   TimeServis; Timer: cpu0=0.188 wall=0.037 
 Start: User modules' functions BeforeTimeStep() are calling
 End:   User modules' functions BeforeTimeStep() are calling; Timer: cpu0=0.000 wall=0.002 
 Start: Adaptation, TotalRealCellsCount= 108685 
 End:   Adaptation; Timer: cpu0=0.000 wall=0.005 
 Start: Initialize data arrays on chips
 End:   Initialize data arrays on chips, res= 0; Timer: cpu0=0.000 wall=0.002 
  ***** Maximum Geometrical Gauss = 1.80373e-14, cell= 299:7:1:5:0
  ***** Maximum MovingSurf  Gauss = 0, cell= 
 Start: Initialize data arrays on chips
 End:   Initialize data arrays on chips, res= 0; Timer: cpu0=0.000 wall=0.002 
 Start: TimeServis
 End:   TimeServis; Timer: cpu0=0.500 wall=0.042 
 Start: FindEnclaves
 End:   FindEnclaves; Timer: cpu0=0.094 wall=0.106 
 Start: VarValueService
 End:   VarValueService; Timer: cpu0=0.000 wall=0.002 
 Start: SolvePhaseEquation 
 End:   SolvePhaseEquation ; Timer: cpu0=12.891 wall=1.565 
 Start: SolidFiltersProcess: calculate forces and moments
 End:   SolidFiltersProcess: calculate forces and moments; Timer: cpu0=0.000 wall=0.002 
 Start: PrepareDataForNextStep
 End:   PrepareDataForNextStep; Timer: cpu0=0.500 wall=0.047 
 Start: VarValueService
 End:   VarValueService; Timer: cpu0=0.000 wall=0.001 
 Start: UpdateStopperData
 End:   UpdateStopperData; Timer: cpu0=0.000 wall=0.001 
 Start: Saving text status in E:\UniFlight\flow\full_rocket20_fv\data\full_rocket20.status
 End:   Saving text status in E:\UniFlight\flow\full_rocket20_fv\data\full_rocket20.status; Timer: cpu0=0.000 wall=0.003 
 End:   ===== Time Step =====, Iter number =  78; Timer: cpu0=14.438 wall=1.881 

20.06.26 15:33:15  ===== Processing Layers =====
20.06.26 15:33:15    *SEND* for CScalarLayer, GUID=93D71ED0-037A-4648-BBF4-680D0FDCD798
 Start: ComputeVolumeCharacteristics
 End:   ComputeVolumeCharacteristics; Timer: cpu0=0.000 wall=0.004 
 Start: GetValueOnFacets
 End:   GetValueOnFacets; Timer: cpu0=0.000 wall=0.014 
20.06.26 15:33:15    *SEND* for CIntegralCharsLayer, GUID=4E090A0C-544B-E4A2-4242-BEC451D7CD2B
20.06.26 15:33:15    *SEND* for CIntegralCharsLayer, GUID=53BB5889-26C7-9FD5-3BE6-8D746C5C843A
20.06.26 15:33:15    *SEND* for CIntegralCharsLayer, GUID=FB58FBBB-1926-D59E-785F-29B9759925F3
 End:   ===== Processing Layers =====; Timer: cpu0=0.016 wall=0.035 

20.06.26 15:33:15  ===== New Time Step =====, Iter number =  79
 Start: TimeServis
 End:   TimeServis; Timer: cpu0=0.281 wall=0.039 
 Start: User modules' functions BeforeTimeStep() are calling
 End:   User modules' functions BeforeTimeStep() are calling; Timer: cpu0=0.000 wall=0.003 
 Start: Adaptation, TotalRealCellsCount= 108685 
 End:   Adaptation; Timer: cpu0=0.000 wall=0.005 
 Start: Initialize data arrays on chips
 End:   Initialize data arrays on chips, res= 0; Timer: cpu0=0.141 wall=0.002 
  ***** Maximum Geometrical Gauss = 1.80373e-14, cell= 299:7:1:5:0
  ***** Maximum MovingSurf  Gauss = 0, cell= 
 Start: Initialize data arrays on chips
 End:   Initialize data arrays on chips, res= 0; Timer: cpu0=0.000 wall=0.002 
 Start: TimeServis
 End:   TimeServis; Timer: cpu0=0.297 wall=0.045 
 Start: FindEnclaves
 End:   FindEnclaves; Timer: cpu0=0.094 wall=0.098 
 Start: VarValueService
 End:   VarValueService; Timer: cpu0=0.000 wall=0.001 
 Start: SolvePhaseEquation 
 End:   SolvePhaseEquation ; Timer: cpu0=12.781 wall=1.614 
 Start: SolidFiltersProcess: calculate forces and moments
 End:   SolidFiltersProcess: calculate forces and moments; Timer: cpu0=0.000 wall=0.001 
 Start: PrepareDataForNextStep
 End:   PrepareDataForNextStep; Timer: cpu0=0.391 wall=0.044 
 Start: VarValueService
 End:   VarValueService; Timer: cpu0=0.000 wall=0.001 
 Start: UpdateStopperData
 End:   UpdateStopperData; Timer: cpu0=0.000 wall=0.001 
 Start: Saving text status in E:\UniFlight\flow\full_rocket20_fv\data\full_rocket20.status
 End:   Saving text status in E:\UniFlight\flow\full_rocket20_fv\data\full_rocket20.status; Timer: cpu0=0.000 wall=0.003 
 End:   ===== Time Step =====, Iter number =  79; Timer: cpu0=14.312 wall=1.927 

20.06.26 15:33:17  ===== Processing Layers =====
20.06.26 15:33:17    *SEND* for CScalarLayer, GUID=93D71ED0-037A-4648-BBF4-680D0FDCD798
 Start: ComputeVolumeCharacteristics
 End:   ComputeVolumeCharacteristics; Timer: cpu0=0.172 wall=0.004 
 Start: GetValueOnFacets
 End:   GetValueOnFacets; Timer: cpu0=0.016 wall=0.013 
20.06.26 15:33:17    *SEND* for CIntegralCharsLayer, GUID=4E090A0C-544B-E4A2-4242-BEC451D7CD2B
20.06.26 15:33:17    *SEND* for CIntegralCharsLayer, GUID=53BB5889-26C7-9FD5-3BE6-8D746C5C843A
20.06.26 15:33:17    *SEND* for CIntegralCharsLayer, GUID=FB58FBBB-1926-D59E-785F-29B9759925F3
 End:   ===== Processing Layers =====; Timer: cpu0=0.188 wall=0.032 

20.06.26 15:33:17  ===== New Time Step =====, Iter number =  80
 Start: TimeServis
 End:   TimeServis; Timer: cpu0=0.312 wall=0.038 
 Start: User modules' functions BeforeTimeStep() are calling
 End:   User modules' functions BeforeTimeStep() are calling; Timer: cpu0=0.000 wall=0.002 
 Start: Adaptation, TotalRealCellsCount= 108685 
 End:   Adaptation; Timer: cpu0=2.578 wall=0.389 
 Start: DistributeGridOnProcessors
 End:   DistributeGridOnProcessors, res= 0; Timer: cpu0=1.000 wall=0.215 
 Start: SetNeiHyperCells
 End:   SetNeiHyperCells, res= 0; Timer: cpu0=0.000 wall=0.006 
 Start: BuildFacetDistribution
 End:   BuildFacetDistribution; Timer: cpu0=0.094 wall=0.001 
 Start: Initialize data arrays on chips
 End:   Initialize data arrays on chips, res= 0; Timer: cpu0=0.000 wall=0.002 
  ***** Maximum Geometrical Gauss = 1.80373e-14, cell= 299:7:1:5:0
  ***** Maximum MovingSurf  Gauss = 2.19757e-14, cell= 696:2:7:0
 Start: Remove Small Cells
 End:   Remove Small Cells; Timer: cpu0=0.172 wall=0.023 
 Start: Initialize data arrays on chips
 End:   Initialize data arrays on chips, res= 0; Timer: cpu0=0.000 wall=0.002 
  ***** Maximum Geometrical Gauss = 1.80373e-14, cell= 299:7:1:5:0
  ***** Maximum MovingSurf  Gauss = 2.19757e-14, cell= 696:2:7:0
 Start: Initialize data arrays on chips
 End:   Initialize data arrays on chips, res= 0; Timer: cpu0=0.000 wall=0.003 
 Start: Modify Chip Data
 End:   Modify Chip Data; Timer: cpu0=0.516 wall=0.037 
 Start: TimeServis
 End:   TimeServis; Timer: cpu0=0.500 wall=0.040 
 Start: FindEnclaves
 End:   FindEnclaves; Timer: cpu0=0.094 wall=0.091 
 Start: VarValueService
 End:   VarValueService; Timer: cpu0=0.000 wall=0.001 
 Start: SolvePhaseEquation 
 End:   SolvePhaseEquation ; Timer: cpu0=12.234 wall=1.507 
 Start: SolidFiltersProcess: calculate forces and moments
 End:   SolidFiltersProcess: calculate forces and moments; Timer: cpu0=0.000 wall=0.002 
 Start: PrepareDataForNextStep
 End:   PrepareDataForNextStep; Timer: cpu0=0.297 wall=0.048 
 Start: VarValueService
 End:   VarValueService; Timer: cpu0=0.000 wall=0.002 
 Start: UpdateStopperData
 End:   UpdateStopperData; Timer: cpu0=0.000 wall=0.001 
 Start: Saving text status in E:\UniFlight\flow\full_rocket20_fv\data\full_rocket20.status
 End:   Saving text status in E:\UniFlight\flow\full_rocket20_fv\data\full_rocket20.status; Timer: cpu0=0.000 wall=0.002 
 End:   ===== Time Step =====, Iter number =  80; Timer: cpu0=17.922 wall=2.504 

20.06.26 15:33:20  ===== Processing Layers =====
20.06.26 15:33:20    *SEND* for CScalarLayer, GUID=93D71ED0-037A-4648-BBF4-680D0FDCD798
 Start: ComputeVolumeCharacteristics
 End:   ComputeVolumeCharacteristics; Timer: cpu0=0.000 wall=0.004 
 Start: GetValueOnFacets
 End:   GetValueOnFacets; Timer: cpu0=0.156 wall=0.015 
20.06.26 15:33:20    *SEND* for CIntegralCharsLayer, GUID=4E090A0C-544B-E4A2-4242-BEC451D7CD2B
20.06.26 15:33:20    *SEND* for CIntegralCharsLayer, GUID=53BB5889-26C7-9FD5-3BE6-8D746C5C843A
20.06.26 15:33:20    *SEND* for CIntegralCharsLayer, GUID=FB58FBBB-1926-D59E-785F-29B9759925F3
 End:   ===== Processing Layers =====; Timer: cpu0=0.156 wall=0.036 

20.06.26 15:33:20  ===== New Time Step =====, Iter number =  81
 Start: TimeServis
 End:   TimeServis; Timer: cpu0=0.344 wall=0.033 
 Start: User modules' functions BeforeTimeStep() are calling
 End:   User modules' functions BeforeTimeStep() are calling; Timer: cpu0=0.000 wall=0.001 
 Start: Adaptation, TotalRealCellsCount= 99655 
 End:   Adaptation; Timer: cpu0=3.812 wall=0.545 
 Start: DistributeGridOnProcessors
 End:   DistributeGridOnProcessors, res= 0; Timer: cpu0=0.875 wall=0.209 
 Start: SetNeiHyperCells
 End:   SetNeiHyperCells, res= 0; Timer: cpu0=0.000 wall=0.006 
 Start: BuildFacetDistribution
 End:   BuildFacetDistribution; Timer: cpu0=0.000 wall=0.002 
 Start: Initialize data arrays on chips
 End:   Initialize data arrays on chips, res= 0; Timer: cpu0=0.000 wall=0.002 
  ***** Maximum Geometrical Gauss = 1.80373e-14, cell= 299:7:5:1:0
  ***** Maximum MovingSurf  Gauss = 2.19757e-14, cell= 696:2:7:7:0
 Start: Remove Small Cells
 End:   Remove Small Cells; Timer: cpu0=0.156 wall=0.023 
 Start: Initialize data arrays on chips
 End:   Initialize data arrays on chips, res= 0; Timer: cpu0=0.000 wall=0.003 
  ***** Maximum Geometrical Gauss = 1.80373e-14, cell= 299:7:5:1:0
  ***** Maximum MovingSurf  Gauss = 2.19757e-14, cell= 696:2:7:7:0
 Start: Initialize data arrays on chips
 End:   Initialize data arrays on chips, res= 0; Timer: cpu0=0.000 wall=0.002 
 Start: Modify Chip Data
 End:   Modify Chip Data; Timer: cpu0=0.328 wall=0.039 
 Start: TimeServis
 End:   TimeServis; Timer: cpu0=0.453 wall=0.062 
 Start: FindEnclaves
 End:   FindEnclaves; Timer: cpu0=0.094 wall=0.102 
 Start: VarValueService
 End:   VarValueService; Timer: cpu0=0.000 wall=0.001 
 Start: SolvePhaseEquation 
 End:   SolvePhaseEquation ; Timer: cpu0=14.156 wall=1.705 
 Start: SolidFiltersProcess: calculate forces and moments
 End:   SolidFiltersProcess: calculate forces and moments; Timer: cpu0=0.000 wall=0.002 
 Start: PrepareDataForNextStep
 End:   PrepareDataForNextStep; Timer: cpu0=0.344 wall=0.046 
 Start: VarValueService
 End:   VarValueService; Timer: cpu0=0.172 wall=0.001 
 Start: UpdateStopperData
 End:   UpdateStopperData; Timer: cpu0=0.000 wall=0.001 
 Start: Saving text status in E:\UniFlight\flow\full_rocket20_fv\data\full_rocket20.status
 End:   Saving text status in E:\UniFlight\flow\full_rocket20_fv\data\full_rocket20.status; Timer: cpu0=0.000 wall=0.003 
 End:   ===== Time Step =====, Iter number =  81; Timer: cpu0=21.078 wall=2.878 

20.06.26 15:33:23  ===== Processing Layers =====
20.06.26 15:33:23    *SEND* for CScalarLayer, GUID=93D71ED0-037A-4648-BBF4-680D0FDCD798
 Start: ComputeVolumeCharacteristics
 End:   ComputeVolumeCharacteristics; Timer: cpu0=0.172 wall=0.004 
 Start: GetValueOnFacets
 End:   GetValueOnFacets; Timer: cpu0=0.016 wall=0.013 
20.06.26 15:33:23    *SEND* for CIntegralCharsLayer, GUID=4E090A0C-544B-E4A2-4242-BEC451D7CD2B
20.06.26 15:33:23    *SEND* for CIntegralCharsLayer, GUID=53BB5889-26C7-9FD5-3BE6-8D746C5C843A
20.06.26 15:33:23    *SEND* for CIntegralCharsLayer, GUID=FB58FBBB-1926-D59E-785F-29B9759925F3
 End:   ===== Processing Layers =====; Timer: cpu0=0.188 wall=0.033 

20.06.26 15:33:23  ===== New Time Step =====, Iter number =  82
 Start: TimeServis
 End:   TimeServis; Timer: cpu0=0.344 wall=0.036 
 Start: User modules' functions BeforeTimeStep() are calling
 End:   User modules' functions BeforeTimeStep() are calling; Timer: cpu0=0.000 wall=0.002 
 Start: Adaptation, TotalRealCellsCount= 108748 
 End:   Adaptation; Timer: cpu0=0.000 wall=0.005 
 Start: Initialize data arrays on chips
 End:   Initialize data arrays on chips, res= 0; Timer: cpu0=0.000 wall=0.002 
  ***** Maximum Geometrical Gauss = 1.80373e-14, cell= 299:7:5:1:0
  ***** Maximum MovingSurf  Gauss = 0, cell= 
 Start: Initialize data arrays on chips
 End:   Initialize data arrays on chips, res= 0; Timer: cpu0=0.000 wall=0.002 
 Start: TimeServis
 End:   TimeServis; Timer: cpu0=0.500 wall=0.038 
 Start: FindEnclaves
 End:   FindEnclaves; Timer: cpu0=0.250 wall=0.085 
 Start: VarValueService
 End:   VarValueService; Timer: cpu0=0.000 wall=0.001 
 Start: SolvePhaseEquation 
 End:   SolvePhaseEquation ; Timer: cpu0=14.156 wall=1.688 
 Start: SolidFiltersProcess: calculate forces and moments
 End:   SolidFiltersProcess: calculate forces and moments; Timer: cpu0=0.000 wall=0.001 
 Start: PrepareDataForNextStep
 End:   PrepareDataForNextStep; Timer: cpu0=0.484 wall=0.054 
 Start: VarValueService
 End:   VarValueService; Timer: cpu0=0.000 wall=0.002 
 Start: UpdateStopperData
 End:   UpdateStopperData; Timer: cpu0=0.000 wall=0.001 
 Start: Saving text status in E:\UniFlight\flow\full_rocket20_fv\data\full_rocket20.status
 End:   Saving text status in E:\UniFlight\flow\full_rocket20_fv\data\full_rocket20.status; Timer: cpu0=0.000 wall=0.002 
 End:   ===== Time Step =====, Iter number =  82; Timer: cpu0=16.031 wall=1.982 

20.06.26 15:33:25  ===== Processing Layers =====
20.06.26 15:33:25    *SEND* for CScalarLayer, GUID=93D71ED0-037A-4648-BBF4-680D0FDCD798
 Start: ComputeVolumeCharacteristics
 End:   ComputeVolumeCharacteristics; Timer: cpu0=0.172 wall=0.005 
 Start: GetValueOnFacets
 End:   GetValueOnFacets; Timer: cpu0=0.000 wall=0.013 
20.06.26 15:33:25    *SEND* for CIntegralCharsLayer, GUID=4E090A0C-544B-E4A2-4242-BEC451D7CD2B
20.06.26 15:33:25    *SEND* for CIntegralCharsLayer, GUID=53BB5889-26C7-9FD5-3BE6-8D746C5C843A
20.06.26 15:33:25    *SEND* for CIntegralCharsLayer, GUID=FB58FBBB-1926-D59E-785F-29B9759925F3
 End:   ===== Processing Layers =====; Timer: cpu0=0.172 wall=0.034 

20.06.26 15:33:25  ===== New Time Step =====, Iter number =  83
 Start: TimeServis
 End:   TimeServis; Timer: cpu0=0.312 wall=0.035 
 Start: User modules' functions BeforeTimeStep() are calling
 End:   User modules' functions BeforeTimeStep() are calling; Timer: cpu0=0.000 wall=0.002 
 Start: Adaptation, TotalRealCellsCount= 108748 
 End:   Adaptation; Timer: cpu0=0.000 wall=0.006 
 Start: Initialize data arrays on chips
 End:   Initialize data arrays on chips, res= 0; Timer: cpu0=0.000 wall=0.003 
  ***** Maximum Geometrical Gauss = 1.80373e-14, cell= 299:7:5:1:0
  ***** Maximum MovingSurf  Gauss = 0, cell= 
 Start: Initialize data arrays on chips
 End:   Initialize data arrays on chips, res= 0; Timer: cpu0=0.000 wall=0.002 
 Start: TimeServis
 End:   TimeServis; Timer: cpu0=0.438 wall=0.044 
 Start: FindEnclaves
 End:   FindEnclaves; Timer: cpu0=0.109 wall=0.115 
 Start: VarValueService
 End:   VarValueService; Timer: cpu0=0.000 wall=0.001 
 Start: SolvePhaseEquation 
 End:   SolvePhaseEquation ; Timer: cpu0=13.125 wall=1.609 
 Start: SolidFiltersProcess: calculate forces and moments
 End:   SolidFiltersProcess: calculate forces and moments; Timer: cpu0=0.016 wall=0.001 
 Start: PrepareDataForNextStep
 End:   PrepareDataForNextStep; Timer: cpu0=0.391 wall=0.046 
 Start: VarValueService
 End:   VarValueService; Timer: cpu0=0.000 wall=0.001 
 Start: UpdateStopperData
 End:   UpdateStopperData; Timer: cpu0=0.000 wall=0.001 
 Start: Saving text status in E:\UniFlight\flow\full_rocket20_fv\data\full_rocket20.status
 End:   Saving text status in E:\UniFlight\flow\full_rocket20_fv\data\full_rocket20.status; Timer: cpu0=0.000 wall=0.002 
 End:   ===== Time Step =====, Iter number =  83; Timer: cpu0=14.906 wall=1.932 

20.06.26 15:33:27  ===== Processing Layers =====
20.06.26 15:33:28    *SEND* for CScalarLayer, GUID=93D71ED0-037A-4648-BBF4-680D0FDCD798
 Start: ComputeVolumeCharacteristics
 End:   ComputeVolumeCharacteristics; Timer: cpu0=0.000 wall=0.005 
 Start: GetValueOnFacets
 End:   GetValueOnFacets; Timer: cpu0=0.016 wall=0.015 
20.06.26 15:33:28    *SEND* for CIntegralCharsLayer, GUID=4E090A0C-544B-E4A2-4242-BEC451D7CD2B
20.06.26 15:33:28    *SEND* for CIntegralCharsLayer, GUID=53BB5889-26C7-9FD5-3BE6-8D746C5C843A
20.06.26 15:33:28    *SEND* for CIntegralCharsLayer, GUID=FB58FBBB-1926-D59E-785F-29B9759925F3
 End:   ===== Processing Layers =====; Timer: cpu0=0.016 wall=0.041 

20.06.26 15:33:28  ===== New Time Step =====, Iter number =  84
 Start: TimeServis
 End:   TimeServis; Timer: cpu0=0.328 wall=0.035 
 Start: User modules' functions BeforeTimeStep() are calling
 End:   User modules' functions BeforeTimeStep() are calling; Timer: cpu0=0.000 wall=0.004 
 Start: Adaptation, TotalRealCellsCount= 108748 
 End:   Adaptation; Timer: cpu0=0.000 wall=0.006 
 Start: Initialize data arrays on chips
 End:   Initialize data arrays on chips, res= 0; Timer: cpu0=0.000 wall=0.003 
  ***** Maximum Geometrical Gauss = 1.80373e-14, cell= 299:7:5:1:0
  ***** Maximum MovingSurf  Gauss = 0, cell= 
 Start: Initialize data arrays on chips
 End:   Initialize data arrays on chips, res= 0; Timer: cpu0=0.000 wall=0.002 
 Start: TimeServis
 End:   TimeServis; Timer: cpu0=0.266 wall=0.044 
 Start: FindEnclaves
 End:   FindEnclaves; Timer: cpu0=0.109 wall=0.102 
 Start: VarValueService
 End:   VarValueService; Timer: cpu0=0.000 wall=0.001 
 Start: SolvePhaseEquation 
 End:   SolvePhaseEquation ; Timer: cpu0=13.672 wall=1.597 
 Start: SolidFiltersProcess: calculate forces and moments
 End:   SolidFiltersProcess: calculate forces and moments; Timer: cpu0=0.000 wall=0.002 
 Start: PrepareDataForNextStep
 End:   PrepareDataForNextStep; Timer: cpu0=0.250 wall=0.048 
 Start: VarValueService
 End:   VarValueService; Timer: cpu0=0.000 wall=0.002 
 Start: UpdateStopperData
 End:   UpdateStopperData; Timer: cpu0=0.000 wall=0.001 
 Start: Saving text status in E:\UniFlight\flow\full_rocket20_fv\data\full_rocket20.status
 End:   Saving text status in E:\UniFlight\flow\full_rocket20_fv\data\full_rocket20.status; Timer: cpu0=0.000 wall=0.002 
 End:   ===== Time Step =====, Iter number =  84; Timer: cpu0=14.984 wall=1.913 

20.06.26 15:33:30  ===== Processing Layers =====
20.06.26 15:33:30    *SEND* for CScalarLayer, GUID=93D71ED0-037A-4648-BBF4-680D0FDCD798
 Start: ComputeVolumeCharacteristics
 End:   ComputeVolumeCharacteristics; Timer: cpu0=0.000 wall=0.005 
 Start: GetValueOnFacets
 End:   GetValueOnFacets; Timer: cpu0=0.016 wall=0.014 
20.06.26 15:33:30    *SEND* for CIntegralCharsLayer, GUID=4E090A0C-544B-E4A2-4242-BEC451D7CD2B
20.06.26 15:33:30    *SEND* for CIntegralCharsLayer, GUID=53BB5889-26C7-9FD5-3BE6-8D746C5C843A
20.06.26 15:33:30    *SEND* for CIntegralCharsLayer, GUID=FB58FBBB-1926-D59E-785F-29B9759925F3
 End:   ===== Processing Layers =====; Timer: cpu0=0.016 wall=0.036 

20.06.26 15:33:30  ===== New Time Step =====, Iter number =  85
 Start: TimeServis
 End:   TimeServis; Timer: cpu0=0.328 wall=0.038 
 Start: User modules' functions BeforeTimeStep() are calling
 End:   User modules' functions BeforeTimeStep() are calling; Timer: cpu0=0.000 wall=0.002 
 Start: Adaptation, TotalRealCellsCount= 108748 
 End:   Adaptation; Timer: cpu0=0.172 wall=0.004 
 Start: Initialize data arrays on chips
 End:   Initialize data arrays on chips, res= 0; Timer: cpu0=0.000 wall=0.002 
  ***** Maximum Geometrical Gauss = 1.80373e-14, cell= 299:7:5:1:0
  ***** Maximum MovingSurf  Gauss = 0, cell= 
 Start: Initialize data arrays on chips
 End:   Initialize data arrays on chips, res= 0; Timer: cpu0=0.000 wall=0.002 
 Start: TimeServis
 End:   TimeServis; Timer: cpu0=0.453 wall=0.041 
 Start: FindEnclaves
 End:   FindEnclaves; Timer: cpu0=0.094 wall=0.090 
 Start: VarValueService
 End:   VarValueService; Timer: cpu0=0.000 wall=0.001 
 Start: SolvePhaseEquation 
 End:   SolvePhaseEquation ; Timer: cpu0=13.984 wall=1.633 
 Start: SolidFiltersProcess: calculate forces and moments
 End:   SolidFiltersProcess: calculate forces and moments; Timer: cpu0=0.000 wall=0.002 
 Start: PrepareDataForNextStep
 End:   PrepareDataForNextStep; Timer: cpu0=0.344 wall=0.053 
 Start: VarValueService
 End:   VarValueService; Timer: cpu0=0.000 wall=0.002 
 Start: UpdateStopperData
 End:   UpdateStopperData; Timer: cpu0=0.000 wall=0.002 
 Start: Saving text status in E:\UniFlight\flow\full_rocket20_fv\data\full_rocket20.status
 End:   Saving text status in E:\UniFlight\flow\full_rocket20_fv\data\full_rocket20.status; Timer: cpu0=0.000 wall=0.003 
 End:   ===== Time Step =====, Iter number =  85; Timer: cpu0=15.516 wall=1.938 

20.06.26 15:33:32  ===== Processing Layers =====
20.06.26 15:33:32    *SEND* for CScalarLayer, GUID=93D71ED0-037A-4648-BBF4-680D0FDCD798
 Start: ComputeVolumeCharacteristics
 End:   ComputeVolumeCharacteristics; Timer: cpu0=0.000 wall=0.005 
 Start: GetValueOnFacets
 End:   GetValueOnFacets; Timer: cpu0=0.016 wall=0.016 
20.06.26 15:33:32    *SEND* for CIntegralCharsLayer, GUID=4E090A0C-544B-E4A2-4242-BEC451D7CD2B
20.06.26 15:33:32    *SEND* for CIntegralCharsLayer, GUID=53BB5889-26C7-9FD5-3BE6-8D746C5C843A
20.06.26 15:33:32    *SEND* for CIntegralCharsLayer, GUID=FB58FBBB-1926-D59E-785F-29B9759925F3
 End:   ===== Processing Layers =====; Timer: cpu0=0.016 wall=0.039 

20.06.26 15:33:32  ===== New Time Step =====, Iter number =  86
 Start: TimeServis
 End:   TimeServis; Timer: cpu0=0.312 wall=0.035 
 Start: User modules' functions BeforeTimeStep() are calling
 End:   User modules' functions BeforeTimeStep() are calling; Timer: cpu0=0.000 wall=0.002 
 Start: Adaptation, TotalRealCellsCount= 108748 
 End:   Adaptation; Timer: cpu0=0.172 wall=0.005 
 Start: Initialize data arrays on chips
 End:   Initialize data arrays on chips, res= 0; Timer: cpu0=0.000 wall=0.002 
  ***** Maximum Geometrical Gauss = 1.80373e-14, cell= 299:7:5:1:0
  ***** Maximum MovingSurf  Gauss = 0, cell= 
 Start: Initialize data arrays on chips
 End:   Initialize data arrays on chips, res= 0; Timer: cpu0=0.000 wall=0.002 
 Start: TimeServis
 End:   TimeServis; Timer: cpu0=0.484 wall=0.041 
 Start: FindEnclaves
 End:   FindEnclaves; Timer: cpu0=0.234 wall=0.092 
 Start: VarValueService
 End:   VarValueService; Timer: cpu0=0.000 wall=0.001 
 Start: SolvePhaseEquation 
 End:   SolvePhaseEquation ; Timer: cpu0=13.328 wall=1.614 
 Start: SolidFiltersProcess: calculate forces and moments
 End:   SolidFiltersProcess: calculate forces and moments; Timer: cpu0=0.000 wall=0.002 
 Start: PrepareDataForNextStep
 End:   PrepareDataForNextStep; Timer: cpu0=0.516 wall=0.042 
 Start: VarValueService
 End:   VarValueService; Timer: cpu0=0.000 wall=0.002 
 Start: UpdateStopperData
 End:   UpdateStopperData; Timer: cpu0=0.000 wall=0.001 
 Start: Saving text status in E:\UniFlight\flow\full_rocket20_fv\data\full_rocket20.status
 End:   Saving text status in E:\UniFlight\flow\full_rocket20_fv\data\full_rocket20.status; Timer: cpu0=0.000 wall=0.002 
 End:   ===== Time Step =====, Iter number =  86; Timer: cpu0=15.281 wall=1.904 

20.06.26 15:33:34  ===== Processing Layers =====
20.06.26 15:33:34    *SEND* for CScalarLayer, GUID=93D71ED0-037A-4648-BBF4-680D0FDCD798
 Start: ComputeVolumeCharacteristics
 End:   ComputeVolumeCharacteristics; Timer: cpu0=0.172 wall=0.004 
 Start: GetValueOnFacets
 End:   GetValueOnFacets; Timer: cpu0=0.141 wall=0.014 
20.06.26 15:33:34    *SEND* for CIntegralCharsLayer, GUID=4E090A0C-544B-E4A2-4242-BEC451D7CD2B
20.06.26 15:33:34    *SEND* for CIntegralCharsLayer, GUID=53BB5889-26C7-9FD5-3BE6-8D746C5C843A
20.06.26 15:33:34    *SEND* for CIntegralCharsLayer, GUID=FB58FBBB-1926-D59E-785F-29B9759925F3
 End:   ===== Processing Layers =====; Timer: cpu0=0.312 wall=0.036 

20.06.26 15:33:34  ===== New Time Step =====, Iter number =  87
 Start: TimeServis
 End:   TimeServis; Timer: cpu0=0.500 wall=0.041 
 Start: User modules' functions BeforeTimeStep() are calling
 End:   User modules' functions BeforeTimeStep() are calling; Timer: cpu0=0.000 wall=0.003 
 Start: Adaptation, TotalRealCellsCount= 108748 
 End:   Adaptation; Timer: cpu0=0.000 wall=0.005 
 Start: Initialize data arrays on chips
 End:   Initialize data arrays on chips, res= 0; Timer: cpu0=0.000 wall=0.001 
  ***** Maximum Geometrical Gauss = 1.80373e-14, cell= 299:7:5:1:0
  ***** Maximum MovingSurf  Gauss = 0, cell= 
 Start: Initialize data arrays on chips
 End:   Initialize data arrays on chips, res= 0; Timer: cpu0=0.000 wall=0.002 
 Start: TimeServis
 End:   TimeServis; Timer: cpu0=0.297 wall=0.040 
 Start: FindEnclaves
 End:   FindEnclaves; Timer: cpu0=0.094 wall=0.119 
 Start: VarValueService
 End:   VarValueService; Timer: cpu0=0.000 wall=0.001 
 Start: SolvePhaseEquation 
 End:   SolvePhaseEquation ; Timer: cpu0=13.484 wall=1.588 
 Start: SolidFiltersProcess: calculate forces and moments
 End:   SolidFiltersProcess: calculate forces and moments; Timer: cpu0=0.000 wall=0.002 
 Start: PrepareDataForNextStep
 End:   PrepareDataForNextStep; Timer: cpu0=0.359 wall=0.043 
 Start: VarValueService
 End:   VarValueService; Timer: cpu0=0.000 wall=0.001 
 Start: UpdateStopperData
 End:   UpdateStopperData; Timer: cpu0=0.000 wall=0.000 
 Start: Saving text status in E:\UniFlight\flow\full_rocket20_fv\data\full_rocket20.status
 End:   Saving text status in E:\UniFlight\flow\full_rocket20_fv\data\full_rocket20.status; Timer: cpu0=0.000 wall=0.001 
 End:   ===== Time Step =====, Iter number =  87; Timer: cpu0=15.062 wall=1.912 

20.06.26 15:33:36  ===== Processing Layers =====
20.06.26 15:33:36    *SEND* for CScalarLayer, GUID=93D71ED0-037A-4648-BBF4-680D0FDCD798
 Start: ComputeVolumeCharacteristics
 End:   ComputeVolumeCharacteristics; Timer: cpu0=0.000 wall=0.006 
 Start: GetValueOnFacets
 End:   GetValueOnFacets; Timer: cpu0=0.078 wall=0.018 
20.06.26 15:33:36    *SEND* for CIntegralCharsLayer, GUID=4E090A0C-544B-E4A2-4242-BEC451D7CD2B
20.06.26 15:33:36    *SEND* for CIntegralCharsLayer, GUID=53BB5889-26C7-9FD5-3BE6-8D746C5C843A
20.06.26 15:33:36    *SEND* for CIntegralCharsLayer, GUID=FB58FBBB-1926-D59E-785F-29B9759925F3
 End:   ===== Processing Layers =====; Timer: cpu0=0.094 wall=0.046 

20.06.26 15:33:37  ===== New Time Step =====, Iter number =  88
 Start: TimeServis
 End:   TimeServis; Timer: cpu0=0.312 wall=0.035 
 Start: User modules' functions BeforeTimeStep() are calling
 End:   User modules' functions BeforeTimeStep() are calling; Timer: cpu0=0.000 wall=0.002 
 Start: Adaptation, TotalRealCellsCount= 108748 
 End:   Adaptation; Timer: cpu0=0.141 wall=0.005 
 Start: Initialize data arrays on chips
 End:   Initialize data arrays on chips, res= 0; Timer: cpu0=0.000 wall=0.003 
  ***** Maximum Geometrical Gauss = 1.80373e-14, cell= 299:7:5:1:0
  ***** Maximum MovingSurf  Gauss = 0, cell= 
 Start: Initialize data arrays on chips
 End:   Initialize data arrays on chips, res= 0; Timer: cpu0=0.000 wall=0.002 
 Start: TimeServis
 End:   TimeServis; Timer: cpu0=0.516 wall=0.042 
 Start: FindEnclaves
 End:   FindEnclaves; Timer: cpu0=0.250 wall=0.088 
 Start: VarValueService
 End:   VarValueService; Timer: cpu0=0.000 wall=0.002 
 Start: SolvePhaseEquation 
 End:   SolvePhaseEquation ; Timer: cpu0=13.156 wall=1.580 
 Start: SolidFiltersProcess: calculate forces and moments
 End:   SolidFiltersProcess: calculate forces and moments; Timer: cpu0=0.000 wall=0.001 
 Start: PrepareDataForNextStep
 End:   PrepareDataForNextStep; Timer: cpu0=0.500 wall=0.046 
 Start: VarValueService
 End:   VarValueService; Timer: cpu0=0.000 wall=0.001 
 Start: UpdateStopperData
 End:   UpdateStopperData; Timer: cpu0=0.000 wall=0.001 
 Start: Saving text status in E:\UniFlight\flow\full_rocket20_fv\data\full_rocket20.status
 End:   Saving text status in E:\UniFlight\flow\full_rocket20_fv\data\full_rocket20.status; Timer: cpu0=0.000 wall=0.002 
 End:   ===== Time Step =====, Iter number =  88; Timer: cpu0=15.047 wall=1.874 

20.06.26 15:33:39  ===== Processing Layers =====
20.06.26 15:33:39    *SEND* for CScalarLayer, GUID=93D71ED0-037A-4648-BBF4-680D0FDCD798
 Start: ComputeVolumeCharacteristics
 End:   ComputeVolumeCharacteristics; Timer: cpu0=0.000 wall=0.004 
 Start: GetValueOnFacets
 End:   GetValueOnFacets; Timer: cpu0=0.125 wall=0.013 
20.06.26 15:33:39    *SEND* for CIntegralCharsLayer, GUID=4E090A0C-544B-E4A2-4242-BEC451D7CD2B
20.06.26 15:33:39    *SEND* for CIntegralCharsLayer, GUID=53BB5889-26C7-9FD5-3BE6-8D746C5C843A
20.06.26 15:33:39    *SEND* for CIntegralCharsLayer, GUID=FB58FBBB-1926-D59E-785F-29B9759925F3
 End:   ===== Processing Layers =====; Timer: cpu0=0.125 wall=0.039 

20.06.26 15:33:39  ===== New Time Step =====, Iter number =  89
 Start: TimeServis
 End:   TimeServis; Timer: cpu0=0.344 wall=0.038 
 Start: User modules' functions BeforeTimeStep() are calling
 End:   User modules' functions BeforeTimeStep() are calling; Timer: cpu0=0.000 wall=0.002 
 Start: Adaptation, TotalRealCellsCount= 108748 
 End:   Adaptation; Timer: cpu0=0.000 wall=0.005 
 Start: Initialize data arrays on chips
 End:   Initialize data arrays on chips, res= 0; Timer: cpu0=0.000 wall=0.002 
  ***** Maximum Geometrical Gauss = 1.80373e-14, cell= 299:7:5:1:0
  ***** Maximum MovingSurf  Gauss = 0, cell= 
 Start: Initialize data arrays on chips
 End:   Initialize data arrays on chips, res= 0; Timer: cpu0=0.156 wall=0.002 
 Start: TimeServis
 End:   TimeServis; Timer: cpu0=0.469 wall=0.046 
 Start: FindEnclaves
 End:   FindEnclaves; Timer: cpu0=0.109 wall=0.116 
 Start: VarValueService
 End:   VarValueService; Timer: cpu0=0.000 wall=0.002 
 Start: SolvePhaseEquation 
 End:   SolvePhaseEquation ; Timer: cpu0=13.656 wall=1.709 
 Start: SolidFiltersProcess: calculate forces and moments
 End:   SolidFiltersProcess: calculate forces and moments; Timer: cpu0=0.000 wall=0.002 
 Start: PrepareDataForNextStep
 End:   PrepareDataForNextStep; Timer: cpu0=0.547 wall=0.053 
 Start: VarValueService
 End:   VarValueService; Timer: cpu0=0.000 wall=0.002 
 Start: UpdateStopperData
 End:   UpdateStopperData; Timer: cpu0=0.000 wall=0.001 
 Start: Saving text status in E:\UniFlight\flow\full_rocket20_fv\data\full_rocket20.status
 End:   Saving text status in E:\UniFlight\flow\full_rocket20_fv\data\full_rocket20.status; Timer: cpu0=0.000 wall=0.002 
 End:   ===== Time Step =====, Iter number =  89; Timer: cpu0=15.578 wall=2.058 

20.06.26 15:33:41  ===== Processing Layers =====
20.06.26 15:33:41    *SEND* for CScalarLayer, GUID=93D71ED0-037A-4648-BBF4-680D0FDCD798
 Start: ComputeVolumeCharacteristics
 End:   ComputeVolumeCharacteristics; Timer: cpu0=0.000 wall=0.005 
 Start: GetValueOnFacets
 End:   GetValueOnFacets; Timer: cpu0=0.016 wall=0.017 
20.06.26 15:33:41    *SEND* for CIntegralCharsLayer, GUID=4E090A0C-544B-E4A2-4242-BEC451D7CD2B
20.06.26 15:33:41    *SEND* for CIntegralCharsLayer, GUID=53BB5889-26C7-9FD5-3BE6-8D746C5C843A
20.06.26 15:33:41    *SEND* for CIntegralCharsLayer, GUID=FB58FBBB-1926-D59E-785F-29B9759925F3
 End:   ===== Processing Layers =====; Timer: cpu0=0.188 wall=0.042 

20.06.26 15:33:41  ===== New Time Step =====, Iter number =  90
 Start: TimeServis
 End:   TimeServis; Timer: cpu0=0.328 wall=0.036 
 Start: User modules' functions BeforeTimeStep() are calling
 End:   User modules' functions BeforeTimeStep() are calling; Timer: cpu0=0.000 wall=0.002 
 Start: Adaptation, TotalRealCellsCount= 108748 
 End:   Adaptation; Timer: cpu0=2.859 wall=0.475 
 Start: DistributeGridOnProcessors
 End:   DistributeGridOnProcessors, res= 0; Timer: cpu0=0.891 wall=0.239 
 Start: SetNeiHyperCells
 End:   SetNeiHyperCells, res= 0; Timer: cpu0=0.000 wall=0.006 
 Start: BuildFacetDistribution
 End:   BuildFacetDistribution; Timer: cpu0=0.000 wall=0.001 
 Start: Initialize data arrays on chips
 End:   Initialize data arrays on chips, res= 0; Timer: cpu0=0.000 wall=0.002 
  ***** Maximum Geometrical Gauss = 1.80373e-14, cell= 299:7:5:1:0
  ***** Maximum MovingSurf  Gauss = 2.19757e-14, cell= 696:2:7:0
 Start: Remove Small Cells
 End:   Remove Small Cells; Timer: cpu0=0.125 wall=0.024 
 Start: Initialize data arrays on chips
 End:   Initialize data arrays on chips, res= 0; Timer: cpu0=0.000 wall=0.003 
  ***** Maximum Geometrical Gauss = 1.80373e-14, cell= 299:7:5:1:0
  ***** Maximum MovingSurf  Gauss = 2.19757e-14, cell= 696:2:7:0
 Start: Initialize data arrays on chips
 End:   Initialize data arrays on chips, res= 0; Timer: cpu0=0.000 wall=0.002 
 Start: Modify Chip Data
 End:   Modify Chip Data; Timer: cpu0=0.484 wall=0.042 
 Start: TimeServis
 End:   TimeServis; Timer: cpu0=0.531 wall=0.057 
 Start: FindEnclaves
 End:   FindEnclaves; Timer: cpu0=0.094 wall=0.103 
 Start: VarValueService
 End:   VarValueService; Timer: cpu0=0.000 wall=0.001 
 Start: SolvePhaseEquation 
 End:   SolvePhaseEquation ; Timer: cpu0=11.734 wall=1.523 
 Start: SolidFiltersProcess: calculate forces and moments
 End:   SolidFiltersProcess: calculate forces and moments; Timer: cpu0=0.000 wall=0.001 
 Start: PrepareDataForNextStep
 End:   PrepareDataForNextStep; Timer: cpu0=0.203 wall=0.041 
 Start: VarValueService
 End:   VarValueService; Timer: cpu0=0.000 wall=0.001 
 Start: UpdateStopperData
 End:   UpdateStopperData; Timer: cpu0=0.000 wall=0.001 
 Start: Saving text status in E:\UniFlight\flow\full_rocket20_fv\data\full_rocket20.status
 End:   Saving text status in E:\UniFlight\flow\full_rocket20_fv\data\full_rocket20.status; Timer: cpu0=0.000 wall=0.003 
 End:   ===== Time Step =====, Iter number =  90; Timer: cpu0=17.688 wall=2.661 

20.06.26 15:33:44  ===== Processing Layers =====
20.06.26 15:33:44    *SEND* for CScalarLayer, GUID=93D71ED0-037A-4648-BBF4-680D0FDCD798
 Start: ComputeVolumeCharacteristics
 End:   ComputeVolumeCharacteristics; Timer: cpu0=0.172 wall=0.005 
 Start: GetValueOnFacets
 End:   GetValueOnFacets; Timer: cpu0=0.125 wall=0.014 
20.06.26 15:33:44    *SEND* for CIntegralCharsLayer, GUID=4E090A0C-544B-E4A2-4242-BEC451D7CD2B
20.06.26 15:33:44    *SEND* for CIntegralCharsLayer, GUID=53BB5889-26C7-9FD5-3BE6-8D746C5C843A
20.06.26 15:33:44    *SEND* for CIntegralCharsLayer, GUID=FB58FBBB-1926-D59E-785F-29B9759925F3
 End:   ===== Processing Layers =====; Timer: cpu0=0.297 wall=0.038 

20.06.26 15:33:44  ===== New Time Step =====, Iter number =  91
 Start: TimeServis
 End:   TimeServis; Timer: cpu0=0.203 wall=0.036 
 Start: User modules' functions BeforeTimeStep() are calling
 End:   User modules' functions BeforeTimeStep() are calling; Timer: cpu0=0.000 wall=0.003 
 Start: Adaptation, TotalRealCellsCount= 100341 
 End:   Adaptation; Timer: cpu0=2.406 wall=0.331 
 Start: Initialize data arrays on chips
 End:   Initialize data arrays on chips, res= 0; Timer: cpu0=0.000 wall=0.003 
  ***** Maximum Geometrical Gauss = 1.80373e-14, cell= 299:7:5:1:0
  ***** Maximum MovingSurf  Gauss = 2.57528e-15, cell= 696:7:3:0
 Start: Remove Small Cells
 End:   Remove Small Cells; Timer: cpu0=0.156 wall=0.023 
 Start: Initialize data arrays on chips
 End:   Initialize data arrays on chips, res= 0; Timer: cpu0=0.000 wall=0.003 
  ***** Maximum Geometrical Gauss = 1.80373e-14, cell= 299:7:5:1:0
  ***** Maximum MovingSurf  Gauss = 2.57528e-15, cell= 696:7:3:0
 Start: Initialize data arrays on chips
 End:   Initialize data arrays on chips, res= 0; Timer: cpu0=0.000 wall=0.002 
 Start: Modify Chip Data
 End:   Modify Chip Data; Timer: cpu0=0.500 wall=0.041 
 Start: TimeServis
 End:   TimeServis; Timer: cpu0=0.328 wall=0.044 
 Start: FindEnclaves
 End:   FindEnclaves; Timer: cpu0=0.094 wall=0.093 
 Start: VarValueService
 End:   VarValueService; Timer: cpu0=0.000 wall=0.001 
 Start: SolvePhaseEquation 
 End:   SolvePhaseEquation ; Timer: cpu0=12.234 wall=1.529 
 Start: SolidFiltersProcess: calculate forces and moments
 End:   SolidFiltersProcess: calculate forces and moments; Timer: cpu0=0.000 wall=0.002 
 Start: PrepareDataForNextStep
 End:   PrepareDataForNextStep; Timer: cpu0=0.516 wall=0.047 
 Start: VarValueService
 End:   VarValueService; Timer: cpu0=0.000 wall=0.001 
 Start: UpdateStopperData
 End:   UpdateStopperData; Timer: cpu0=0.016 wall=0.001 
 Start: Saving text status in E:\UniFlight\flow\full_rocket20_fv\data\full_rocket20.status
 End:   Saving text status in E:\UniFlight\flow\full_rocket20_fv\data\full_rocket20.status; Timer: cpu0=0.000 wall=0.002 
 End:   ===== Time Step =====, Iter number =  91; Timer: cpu0=16.969 wall=2.249 

20.06.26 15:33:47  ===== Processing Layers =====
20.06.26 15:33:47    *SEND* for CScalarLayer, GUID=93D71ED0-037A-4648-BBF4-680D0FDCD798
 Start: ComputeVolumeCharacteristics
 End:   ComputeVolumeCharacteristics; Timer: cpu0=0.141 wall=0.004 
 Start: GetValueOnFacets
 End:   GetValueOnFacets; Timer: cpu0=0.172 wall=0.017 
20.06.26 15:33:47    *SEND* for CIntegralCharsLayer, GUID=4E090A0C-544B-E4A2-4242-BEC451D7CD2B
20.06.26 15:33:47    *SEND* for CIntegralCharsLayer, GUID=53BB5889-26C7-9FD5-3BE6-8D746C5C843A
20.06.26 15:33:47    *SEND* for CIntegralCharsLayer, GUID=FB58FBBB-1926-D59E-785F-29B9759925F3
 End:   ===== Processing Layers =====; Timer: cpu0=0.312 wall=0.037 

20.06.26 15:33:47  ===== New Time Step =====, Iter number =  92
 Start: TimeServis
 End:   TimeServis; Timer: cpu0=0.344 wall=0.032 
 Start: User modules' functions BeforeTimeStep() are calling
 End:   User modules' functions BeforeTimeStep() are calling; Timer: cpu0=0.000 wall=0.002 
 Start: Adaptation, TotalRealCellsCount= 100478 
 End:   Adaptation; Timer: cpu0=0.000 wall=0.005 
 Start: Initialize data arrays on chips
 End:   Initialize data arrays on chips, res= 0; Timer: cpu0=0.172 wall=0.002 
  ***** Maximum Geometrical Gauss = 1.80373e-14, cell= 299:7:5:1:0
  ***** Maximum MovingSurf  Gauss = 0, cell= 
 Start: Initialize data arrays on chips
 End:   Initialize data arrays on chips, res= 0; Timer: cpu0=0.000 wall=0.002 
 Start: TimeServis
 End:   TimeServis; Timer: cpu0=0.344 wall=0.040 
 Start: FindEnclaves
 End:   FindEnclaves; Timer: cpu0=0.062 wall=0.087 
 Start: VarValueService
 End:   VarValueService; Timer: cpu0=0.000 wall=0.001 
 Start: SolvePhaseEquation 
 End:   SolvePhaseEquation ; Timer: cpu0=11.312 wall=1.452 
 Start: SolidFiltersProcess: calculate forces and moments
 End:   SolidFiltersProcess: calculate forces and moments; Timer: cpu0=0.000 wall=0.001 
 Start: PrepareDataForNextStep
 End:   PrepareDataForNextStep; Timer: cpu0=0.156 wall=0.041 
 Start: VarValueService
 End:   VarValueService; Timer: cpu0=0.172 wall=0.002 
 Start: UpdateStopperData
 End:   UpdateStopperData; Timer: cpu0=0.000 wall=0.001 
 Start: Saving text status in E:\UniFlight\flow\full_rocket20_fv\data\full_rocket20.status
 End:   Saving text status in E:\UniFlight\flow\full_rocket20_fv\data\full_rocket20.status; Timer: cpu0=0.000 wall=0.001 
 End:   ===== Time Step =====, Iter number =  92; Timer: cpu0=12.812 wall=1.734 

20.06.26 15:33:49  ===== Processing Layers =====
20.06.26 15:33:49    *SEND* for CScalarLayer, GUID=93D71ED0-037A-4648-BBF4-680D0FDCD798
 Start: ComputeVolumeCharacteristics
 End:   ComputeVolumeCharacteristics; Timer: cpu0=0.000 wall=0.005 
 Start: GetValueOnFacets
 End:   GetValueOnFacets; Timer: cpu0=0.016 wall=0.015 
20.06.26 15:33:49    *SEND* for CIntegralCharsLayer, GUID=4E090A0C-544B-E4A2-4242-BEC451D7CD2B
20.06.26 15:33:49    *SEND* for CIntegralCharsLayer, GUID=53BB5889-26C7-9FD5-3BE6-8D746C5C843A
20.06.26 15:33:49    *SEND* for CIntegralCharsLayer, GUID=FB58FBBB-1926-D59E-785F-29B9759925F3
 End:   ===== Processing Layers =====; Timer: cpu0=0.031 wall=0.035 

20.06.26 15:33:49  ===== New Time Step =====, Iter number =  93
 Start: TimeServis
 End:   TimeServis; Timer: cpu0=0.344 wall=0.032 
 Start: User modules' functions BeforeTimeStep() are calling
 End:   User modules' functions BeforeTimeStep() are calling; Timer: cpu0=0.000 wall=0.002 
 Start: Adaptation, TotalRealCellsCount= 100478 
 End:   Adaptation; Timer: cpu0=0.000 wall=0.005 
 Start: Initialize data arrays on chips
 End:   Initialize data arrays on chips, res= 0; Timer: cpu0=0.000 wall=0.002 
  ***** Maximum Geometrical Gauss = 1.80373e-14, cell= 299:7:5:1:0
  ***** Maximum MovingSurf  Gauss = 0, cell= 
 Start: Initialize data arrays on chips
 End:   Initialize data arrays on chips, res= 0; Timer: cpu0=0.172 wall=0.002 
 Start: TimeServis
 End:   TimeServis; Timer: cpu0=0.484 wall=0.046 
 Start: FindEnclaves
 End:   FindEnclaves; Timer: cpu0=0.078 wall=0.081 
 Start: VarValueService
 End:   VarValueService; Timer: cpu0=0.000 wall=0.001 
 Start: SolvePhaseEquation 
 End:   SolvePhaseEquation ; Timer: cpu0=11.906 wall=1.513 
 Start: SolidFiltersProcess: calculate forces and moments
 End:   SolidFiltersProcess: calculate forces and moments; Timer: cpu0=0.000 wall=0.002 
 Start: PrepareDataForNextStep
 End:   PrepareDataForNextStep; Timer: cpu0=0.328 wall=0.045 
 Start: VarValueService
 End:   VarValueService; Timer: cpu0=0.000 wall=0.001 
 Start: UpdateStopperData
 End:   UpdateStopperData; Timer: cpu0=0.000 wall=0.001 
 Start: Saving text status in E:\UniFlight\flow\full_rocket20_fv\data\full_rocket20.status
 End:   Saving text status in E:\UniFlight\flow\full_rocket20_fv\data\full_rocket20.status; Timer: cpu0=0.000 wall=0.002 
 End:   ===== Time Step =====, Iter number =  93; Timer: cpu0=13.672 wall=1.800 

20.06.26 15:33:51  ===== Processing Layers =====
20.06.26 15:33:51    *SEND* for CScalarLayer, GUID=93D71ED0-037A-4648-BBF4-680D0FDCD798
 Start: ComputeVolumeCharacteristics
 End:   ComputeVolumeCharacteristics; Timer: cpu0=0.000 wall=0.005 
 Start: GetValueOnFacets
 End:   GetValueOnFacets; Timer: cpu0=0.109 wall=0.015 
20.06.26 15:33:51    *SEND* for CIntegralCharsLayer, GUID=4E090A0C-544B-E4A2-4242-BEC451D7CD2B
20.06.26 15:33:51    *SEND* for CIntegralCharsLayer, GUID=53BB5889-26C7-9FD5-3BE6-8D746C5C843A
20.06.26 15:33:51    *SEND* for CIntegralCharsLayer, GUID=FB58FBBB-1926-D59E-785F-29B9759925F3
 End:   ===== Processing Layers =====; Timer: cpu0=0.109 wall=0.037 

20.06.26 15:33:51  ===== New Time Step =====, Iter number =  94
 Start: TimeServis
 End:   TimeServis; Timer: cpu0=0.328 wall=0.032 
 Start: User modules' functions BeforeTimeStep() are calling
 End:   User modules' functions BeforeTimeStep() are calling; Timer: cpu0=0.000 wall=0.003 
 Start: Adaptation, TotalRealCellsCount= 100478 
 End:   Adaptation; Timer: cpu0=0.000 wall=0.005 
 Start: Initialize data arrays on chips
 End:   Initialize data arrays on chips, res= 0; Timer: cpu0=0.000 wall=0.003 
  ***** Maximum Geometrical Gauss = 1.80373e-14, cell= 299:7:5:1:0
  ***** Maximum MovingSurf  Gauss = 0, cell= 
 Start: Initialize data arrays on chips
 End:   Initialize data arrays on chips, res= 0; Timer: cpu0=0.000 wall=0.002 
 Start: TimeServis
 End:   TimeServis; Timer: cpu0=0.484 wall=0.037 
 Start: FindEnclaves
 End:   FindEnclaves; Timer: cpu0=0.094 wall=0.091 
 Start: VarValueService
 End:   VarValueService; Timer: cpu0=0.000 wall=0.001 
 Start: SolvePhaseEquation 
 End:   SolvePhaseEquation ; Timer: cpu0=11.953 wall=1.539 
 Start: SolidFiltersProcess: calculate forces and moments
 End:   SolidFiltersProcess: calculate forces and moments; Timer: cpu0=0.000 wall=0.002 
 Start: PrepareDataForNextStep
 End:   PrepareDataForNextStep; Timer: cpu0=0.281 wall=0.045 
 Start: VarValueService
 End:   VarValueService; Timer: cpu0=0.000 wall=0.001 
 Start: UpdateStopperData
 End:   UpdateStopperData; Timer: cpu0=0.000 wall=0.001 
 Start: Saving text status in E:\UniFlight\flow\full_rocket20_fv\data\full_rocket20.status
 End:   Saving text status in E:\UniFlight\flow\full_rocket20_fv\data\full_rocket20.status; Timer: cpu0=0.000 wall=0.002 
 End:   ===== Time Step =====, Iter number =  94; Timer: cpu0=13.484 wall=1.827 

20.06.26 15:33:53  ===== Processing Layers =====
20.06.26 15:33:53    *SEND* for CScalarLayer, GUID=93D71ED0-037A-4648-BBF4-680D0FDCD798
 Start: ComputeVolumeCharacteristics
 End:   ComputeVolumeCharacteristics; Timer: cpu0=0.000 wall=0.004 
 Start: GetValueOnFacets
 End:   GetValueOnFacets; Timer: cpu0=0.172 wall=0.013 
20.06.26 15:33:53    *SEND* for CIntegralCharsLayer, GUID=4E090A0C-544B-E4A2-4242-BEC451D7CD2B
20.06.26 15:33:53    *SEND* for CIntegralCharsLayer, GUID=53BB5889-26C7-9FD5-3BE6-8D746C5C843A
20.06.26 15:33:53    *SEND* for CIntegralCharsLayer, GUID=FB58FBBB-1926-D59E-785F-29B9759925F3
 End:   ===== Processing Layers =====; Timer: cpu0=0.344 wall=0.035 

20.06.26 15:33:53  ===== New Time Step =====, Iter number =  95
 Start: TimeServis
 End:   TimeServis; Timer: cpu0=0.344 wall=0.034 
 Start: User modules' functions BeforeTimeStep() are calling
 End:   User modules' functions BeforeTimeStep() are calling; Timer: cpu0=0.000 wall=0.002 
 Start: Adaptation, TotalRealCellsCount= 100478 
 End:   Adaptation; Timer: cpu0=0.000 wall=0.005 
 Start: Initialize data arrays on chips
 End:   Initialize data arrays on chips, res= 0; Timer: cpu0=0.000 wall=0.003 
  ***** Maximum Geometrical Gauss = 1.80373e-14, cell= 299:7:5:1:0
  ***** Maximum MovingSurf  Gauss = 0, cell= 
 Start: Initialize data arrays on chips
 End:   Initialize data arrays on chips, res= 0; Timer: cpu0=0.000 wall=0.002 
 Start: TimeServis
 End:   TimeServis; Timer: cpu0=0.484 wall=0.036 
 Start: FindEnclaves
 End:   FindEnclaves; Timer: cpu0=0.078 wall=0.089 
 Start: VarValueService
 End:   VarValueService; Timer: cpu0=0.000 wall=0.001 
 Start: SolvePhaseEquation 
 End:   SolvePhaseEquation ; Timer: cpu0=11.891 wall=1.453 
 Start: SolidFiltersProcess: calculate forces and moments
 End:   SolidFiltersProcess: calculate forces and moments; Timer: cpu0=0.000 wall=0.002 
 Start: PrepareDataForNextStep
 End:   PrepareDataForNextStep; Timer: cpu0=0.359 wall=0.049 
 Start: VarValueService
 End:   VarValueService; Timer: cpu0=0.000 wall=0.001 
 Start: UpdateStopperData
 End:   UpdateStopperData; Timer: cpu0=0.000 wall=0.001 
 Start: Saving text status in E:\UniFlight\flow\full_rocket20_fv\data\full_rocket20.status
 End:   Saving text status in E:\UniFlight\flow\full_rocket20_fv\data\full_rocket20.status; Timer: cpu0=0.000 wall=0.002 
 End:   ===== Time Step =====, Iter number =  95; Timer: cpu0=13.312 wall=1.738 

20.06.26 15:33:55  ===== Processing Layers =====
20.06.26 15:33:55    *SEND* for CScalarLayer, GUID=93D71ED0-037A-4648-BBF4-680D0FDCD798
 Start: ComputeVolumeCharacteristics
 End:   ComputeVolumeCharacteristics; Timer: cpu0=0.000 wall=0.004 
 Start: GetValueOnFacets
 End:   GetValueOnFacets; Timer: cpu0=0.016 wall=0.014 
20.06.26 15:33:55    *SEND* for CIntegralCharsLayer, GUID=4E090A0C-544B-E4A2-4242-BEC451D7CD2B
20.06.26 15:33:55    *SEND* for CIntegralCharsLayer, GUID=53BB5889-26C7-9FD5-3BE6-8D746C5C843A
20.06.26 15:33:55    *SEND* for CIntegralCharsLayer, GUID=FB58FBBB-1926-D59E-785F-29B9759925F3
 End:   ===== Processing Layers =====; Timer: cpu0=0.016 wall=0.035 

20.06.26 15:33:55  ===== New Time Step =====, Iter number =  96
 Start: TimeServis
 End:   TimeServis; Timer: cpu0=0.281 wall=0.035 
 Start: User modules' functions BeforeTimeStep() are calling
 End:   User modules' functions BeforeTimeStep() are calling; Timer: cpu0=0.000 wall=0.003 
 Start: Adaptation, TotalRealCellsCount= 100478 
 End:   Adaptation; Timer: cpu0=0.172 wall=0.005 
 Start: Initialize data arrays on chips
 End:   Initialize data arrays on chips, res= 0; Timer: cpu0=0.000 wall=0.002 
  ***** Maximum Geometrical Gauss = 1.80373e-14, cell= 299:7:5:1:0
  ***** Maximum MovingSurf  Gauss = 0, cell= 
 Start: Initialize data arrays on chips
 End:   Initialize data arrays on chips, res= 0; Timer: cpu0=0.000 wall=0.002 
 Start: TimeServis
 End:   TimeServis; Timer: cpu0=0.203 wall=0.036 
 Start: FindEnclaves
 End:   FindEnclaves; Timer: cpu0=0.078 wall=0.094 
 Start: VarValueService
 End:   VarValueService; Timer: cpu0=0.000 wall=0.002 
 Start: SolvePhaseEquation 
 End:   SolvePhaseEquation ; Timer: cpu0=11.984 wall=1.480 
 Start: SolidFiltersProcess: calculate forces and moments
 End:   SolidFiltersProcess: calculate forces and moments; Timer: cpu0=0.000 wall=0.002 
 Start: PrepareDataForNextStep
 End:   PrepareDataForNextStep; Timer: cpu0=0.453 wall=0.046 
 Start: VarValueService
 End:   VarValueService; Timer: cpu0=0.000 wall=0.001 
 Start: UpdateStopperData
 End:   UpdateStopperData; Timer: cpu0=0.000 wall=0.001 
 Start: Saving text status in E:\UniFlight\flow\full_rocket20_fv\data\full_rocket20.status
 End:   Saving text status in E:\UniFlight\flow\full_rocket20_fv\data\full_rocket20.status; Timer: cpu0=0.000 wall=0.002 
 End:   ===== Time Step =====, Iter number =  96; Timer: cpu0=13.250 wall=1.766 

20.06.26 15:33:57  ===== Processing Layers =====
20.06.26 15:33:57    *SEND* for CScalarLayer, GUID=93D71ED0-037A-4648-BBF4-680D0FDCD798
 Start: ComputeVolumeCharacteristics
 End:   ComputeVolumeCharacteristics; Timer: cpu0=0.000 wall=0.005 
 Start: GetValueOnFacets
 End:   GetValueOnFacets; Timer: cpu0=0.172 wall=0.013 
20.06.26 15:33:57    *SEND* for CIntegralCharsLayer, GUID=4E090A0C-544B-E4A2-4242-BEC451D7CD2B
20.06.26 15:33:57    *SEND* for CIntegralCharsLayer, GUID=53BB5889-26C7-9FD5-3BE6-8D746C5C843A
20.06.26 15:33:57    *SEND* for CIntegralCharsLayer, GUID=FB58FBBB-1926-D59E-785F-29B9759925F3
 End:   ===== Processing Layers =====; Timer: cpu0=0.172 wall=0.036 

20.06.26 15:33:57  ===== New Time Step =====, Iter number =  97
 Start: TimeServis
 End:   TimeServis; Timer: cpu0=0.312 wall=0.035 
 Start: User modules' functions BeforeTimeStep() are calling
 End:   User modules' functions BeforeTimeStep() are calling; Timer: cpu0=0.000 wall=0.003 
 Start: Adaptation, TotalRealCellsCount= 100478 
 End:   Adaptation; Timer: cpu0=0.000 wall=0.007 
 Start: Initialize data arrays on chips
 End:   Initialize data arrays on chips, res= 0; Timer: cpu0=0.000 wall=0.002 
  ***** Maximum Geometrical Gauss = 1.80373e-14, cell= 299:7:5:1:0
  ***** Maximum MovingSurf  Gauss = 0, cell= 
 Start: Initialize data arrays on chips
 End:   Initialize data arrays on chips, res= 0; Timer: cpu0=0.000 wall=0.001 
 Start: TimeServis
 End:   TimeServis; Timer: cpu0=0.406 wall=0.038 
 Start: FindEnclaves
 End:   FindEnclaves; Timer: cpu0=0.094 wall=0.086 
 Start: VarValueService
 End:   VarValueService; Timer: cpu0=0.000 wall=0.002 
 Start: SolvePhaseEquation 
 End:   SolvePhaseEquation ; Timer: cpu0=12.516 wall=1.515 
 Start: SolidFiltersProcess: calculate forces and moments
 End:   SolidFiltersProcess: calculate forces and moments; Timer: cpu0=0.000 wall=0.002 
 Start: PrepareDataForNextStep
 End:   PrepareDataForNextStep; Timer: cpu0=0.359 wall=0.045 
 Start: VarValueService
 End:   VarValueService; Timer: cpu0=0.000 wall=0.002 
 Start: UpdateStopperData
 End:   UpdateStopperData; Timer: cpu0=0.000 wall=0.001 
 Start: Saving text status in E:\UniFlight\flow\full_rocket20_fv\data\full_rocket20.status
 End:   Saving text status in E:\UniFlight\flow\full_rocket20_fv\data\full_rocket20.status; Timer: cpu0=0.000 wall=0.001 
 End:   ===== Time Step =====, Iter number =  97; Timer: cpu0=13.859 wall=1.796 

20.06.26 15:33:59  ===== Processing Layers =====
20.06.26 15:33:59    *SEND* for CScalarLayer, GUID=93D71ED0-037A-4648-BBF4-680D0FDCD798
 Start: ComputeVolumeCharacteristics
 End:   ComputeVolumeCharacteristics; Timer: cpu0=0.000 wall=0.004 
 Start: GetValueOnFacets
 End:   GetValueOnFacets; Timer: cpu0=0.016 wall=0.013 
20.06.26 15:33:59    *SEND* for CIntegralCharsLayer, GUID=4E090A0C-544B-E4A2-4242-BEC451D7CD2B
20.06.26 15:33:59    *SEND* for CIntegralCharsLayer, GUID=53BB5889-26C7-9FD5-3BE6-8D746C5C843A
20.06.26 15:33:59    *SEND* for CIntegralCharsLayer, GUID=FB58FBBB-1926-D59E-785F-29B9759925F3
 End:   ===== Processing Layers =====; Timer: cpu0=0.031 wall=0.033 

20.06.26 15:33:59  ===== New Time Step =====, Iter number =  98
 Start: TimeServis
 End:   TimeServis; Timer: cpu0=0.328 wall=0.036 
 Start: User modules' functions BeforeTimeStep() are calling
 End:   User modules' functions BeforeTimeStep() are calling; Timer: cpu0=0.000 wall=0.003 
 Start: Adaptation, TotalRealCellsCount= 100478 
 End:   Adaptation; Timer: cpu0=0.172 wall=0.005 
 Start: Initialize data arrays on chips
 End:   Initialize data arrays on chips, res= 0; Timer: cpu0=0.000 wall=0.001 
  ***** Maximum Geometrical Gauss = 1.80373e-14, cell= 299:7:5:1:0
  ***** Maximum MovingSurf  Gauss = 0, cell= 
 Start: Initialize data arrays on chips
 End:   Initialize data arrays on chips, res= 0; Timer: cpu0=0.000 wall=0.002 
 Start: TimeServis
 End:   TimeServis; Timer: cpu0=0.344 wall=0.036 
 Start: FindEnclaves
 End:   FindEnclaves; Timer: cpu0=0.250 wall=0.095 
 Start: VarValueService
 End:   VarValueService; Timer: cpu0=0.000 wall=0.002 
 Start: SolvePhaseEquation 
 End:   SolvePhaseEquation ; Timer: cpu0=12.141 wall=1.524 
 Start: SolidFiltersProcess: calculate forces and moments
 End:   SolidFiltersProcess: calculate forces and moments; Timer: cpu0=0.000 wall=0.001 
 Start: PrepareDataForNextStep
 End:   PrepareDataForNextStep; Timer: cpu0=0.375 wall=0.042 
 Start: VarValueService
 End:   VarValueService; Timer: cpu0=0.000 wall=0.001 
 Start: UpdateStopperData
 End:   UpdateStopperData; Timer: cpu0=0.000 wall=0.001 
 Start: Saving text status in E:\UniFlight\flow\full_rocket20_fv\data\full_rocket20.status
 End:   Saving text status in E:\UniFlight\flow\full_rocket20_fv\data\full_rocket20.status; Timer: cpu0=0.000 wall=0.002 
 End:   ===== Time Step =====, Iter number =  98; Timer: cpu0=13.781 wall=1.804 

20.06.26 15:34:01  ===== Processing Layers =====
20.06.26 15:34:01    *SEND* for CScalarLayer, GUID=93D71ED0-037A-4648-BBF4-680D0FDCD798
 Start: ComputeVolumeCharacteristics
 End:   ComputeVolumeCharacteristics; Timer: cpu0=0.172 wall=0.004 
 Start: GetValueOnFacets
 End:   GetValueOnFacets; Timer: cpu0=0.000 wall=0.015 
20.06.26 15:34:01    *SEND* for CIntegralCharsLayer, GUID=4E090A0C-544B-E4A2-4242-BEC451D7CD2B
20.06.26 15:34:01    *SEND* for CIntegralCharsLayer, GUID=53BB5889-26C7-9FD5-3BE6-8D746C5C843A
20.06.26 15:34:01    *SEND* for CIntegralCharsLayer, GUID=FB58FBBB-1926-D59E-785F-29B9759925F3
 End:   ===== Processing Layers =====; Timer: cpu0=0.172 wall=0.035 

20.06.26 15:34:01  ===== New Time Step =====, Iter number =  99
 Start: TimeServis
 End:   TimeServis; Timer: cpu0=0.344 wall=0.032 
 Start: User modules' functions BeforeTimeStep() are calling
 End:   User modules' functions BeforeTimeStep() are calling; Timer: cpu0=0.000 wall=0.003 
 Start: Adaptation, TotalRealCellsCount= 100478 
 End:   Adaptation; Timer: cpu0=0.000 wall=0.005 
 Start: Initialize data arrays on chips
 End:   Initialize data arrays on chips, res= 0; Timer: cpu0=0.000 wall=0.002 
  ***** Maximum Geometrical Gauss = 1.80373e-14, cell= 299:7:5:1:0
  ***** Maximum MovingSurf  Gauss = 0, cell= 
 Start: Initialize data arrays on chips
 End:   Initialize data arrays on chips, res= 0; Timer: cpu0=0.000 wall=0.002 
 Start: TimeServis
 End:   TimeServis; Timer: cpu0=0.422 wall=0.039 
 Start: FindEnclaves
 End:   FindEnclaves; Timer: cpu0=0.109 wall=0.103 
 Start: VarValueService
 End:   VarValueService; Timer: cpu0=0.000 wall=0.001 
 Start: SolvePhaseEquation 
 End:   SolvePhaseEquation ; Timer: cpu0=12.281 wall=1.491 
 Start: SolidFiltersProcess: calculate forces and moments
 End:   SolidFiltersProcess: calculate forces and moments; Timer: cpu0=0.000 wall=0.002 
 Start: PrepareDataForNextStep
 End:   PrepareDataForNextStep; Timer: cpu0=0.188 wall=0.040 
 Start: VarValueService
 End:   VarValueService; Timer: cpu0=0.000 wall=0.001 
 Start: UpdateStopperData
 End:   UpdateStopperData; Timer: cpu0=0.000 wall=0.001 
 Start: Saving text status in E:\UniFlight\flow\full_rocket20_fv\data\full_rocket20.status
 End:   Saving text status in E:\UniFlight\flow\full_rocket20_fv\data\full_rocket20.status; Timer: cpu0=0.000 wall=0.002 
 End:   ===== Time Step =====, Iter number =  99; Timer: cpu0=13.672 wall=1.783 

 Start: Saving values
 End:   Saving values, res= 0; Timer: cpu0=0.750 wall=0.091 
 Start: Saving grid
 End:   Saving grid, res= 0; Timer: cpu0=0.859 wall=0.101 
 Start: Saving grid index
 End:   Saving grid index, res= 0; Timer: cpu0=0.000 wall=0.002 
20.06.26 15:34:04  ===== Processing Layers =====
20.06.26 15:34:04    *SEND* for CScalarLayer, GUID=93D71ED0-037A-4648-BBF4-680D0FDCD798
 Start: ComputeVolumeCharacteristics
 End:   ComputeVolumeCharacteristics; Timer: cpu0=0.000 wall=0.004 
 Start: GetValueOnFacets
 End:   GetValueOnFacets; Timer: cpu0=0.141 wall=0.012 
20.06.26 15:34:04    *SEND* for CIntegralCharsLayer, GUID=4E090A0C-544B-E4A2-4242-BEC451D7CD2B
20.06.26 15:34:04    *SEND* for CIntegralCharsLayer, GUID=53BB5889-26C7-9FD5-3BE6-8D746C5C843A
20.06.26 15:34:04    *SEND* for CIntegralCharsLayer, GUID=FB58FBBB-1926-D59E-785F-29B9759925F3
 End:   ===== Processing Layers =====; Timer: cpu0=0.281 wall=0.031 

20.06.26 15:34:04  ===== New Time Step =====, Iter number =  100
 Start: TimeServis
 End:   TimeServis; Timer: cpu0=0.344 wall=0.033 
 Start: User modules' functions BeforeTimeStep() are calling
 End:   User modules' functions BeforeTimeStep() are calling; Timer: cpu0=0.000 wall=0.002 
 Start: Adaptation, TotalRealCellsCount= 100478 
 End:   Adaptation; Timer: cpu0=1.672 wall=0.281 
 Start: Initialize data arrays on chips
 End:   Initialize data arrays on chips, res= 0; Timer: cpu0=0.000 wall=0.003 
  ***** Maximum Geometrical Gauss = 1.80373e-14, cell= 299:7:5:1:0
  ***** Maximum MovingSurf  Gauss = 1.71685e-16, cell= 155:0:6:4
 Start: Remove Small Cells
 End:   Remove Small Cells; Timer: cpu0=0.047 wall=0.025 
 Start: Initialize data arrays on chips
 End:   Initialize data arrays on chips, res= 0; Timer: cpu0=0.000 wall=0.003 
  ***** Maximum Geometrical Gauss = 1.80373e-14, cell= 299:7:5:1:0
  ***** Maximum MovingSurf  Gauss = 1.71685e-16, cell= 155:0:6:4
 Start: Initialize data arrays on chips
 End:   Initialize data arrays on chips, res= 0; Timer: cpu0=0.000 wall=0.003 
 Start: Modify Chip Data
 End:   Modify Chip Data; Timer: cpu0=0.516 wall=0.050 
 Start: TimeServis
 End:   TimeServis; Timer: cpu0=0.562 wall=0.056 
 Start: FindEnclaves
 End:   FindEnclaves; Timer: cpu0=0.109 wall=0.107 
 Start: VarValueService
 End:   VarValueService; Timer: cpu0=0.000 wall=0.001 
 Start: SolvePhaseEquation 
 End:   SolvePhaseEquation ; Timer: cpu0=12.422 wall=1.495 
 Start: SolidFiltersProcess: calculate forces and moments
 End:   SolidFiltersProcess: calculate forces and moments; Timer: cpu0=0.000 wall=0.002 
 Start: PrepareDataForNextStep
 End:   PrepareDataForNextStep; Timer: cpu0=0.219 wall=0.050 
 Start: VarValueService
 End:   VarValueService; Timer: cpu0=0.000 wall=0.001 
 Start: UpdateStopperData
 End:   UpdateStopperData; Timer: cpu0=0.000 wall=0.002 
 Start: Saving text status in E:\UniFlight\flow\full_rocket20_fv\data\full_rocket20.status
 End:   Saving text status in E:\UniFlight\flow\full_rocket20_fv\data\full_rocket20.status; Timer: cpu0=0.000 wall=0.003 
 End:   ===== Time Step =====, Iter number =  100; Timer: cpu0=16.391 wall=2.208 

20.06.26 15:34:06  ===== Processing Layers =====
20.06.26 15:34:06    *SEND* for CScalarLayer, GUID=93D71ED0-037A-4648-BBF4-680D0FDCD798
 Start: ComputeVolumeCharacteristics
 End:   ComputeVolumeCharacteristics; Timer: cpu0=0.000 wall=0.005 
 Start: GetValueOnFacets
 End:   GetValueOnFacets; Timer: cpu0=0.031 wall=0.014 
20.06.26 15:34:06    *SEND* for CIntegralCharsLayer, GUID=4E090A0C-544B-E4A2-4242-BEC451D7CD2B
20.06.26 15:34:06    *SEND* for CIntegralCharsLayer, GUID=53BB5889-26C7-9FD5-3BE6-8D746C5C843A
20.06.26 15:34:06    *SEND* for CIntegralCharsLayer, GUID=FB58FBBB-1926-D59E-785F-29B9759925F3
 End:   ===== Processing Layers =====; Timer: cpu0=0.203 wall=0.037 

20.06.26 15:34:06  ===== New Time Step =====, Iter number =  101
 Start: TimeServis
 End:   TimeServis; Timer: cpu0=0.375 wall=0.035 
 Start: User modules' functions BeforeTimeStep() are calling
 End:   User modules' functions BeforeTimeStep() are calling; Timer: cpu0=0.000 wall=0.003 
 Start: Adaptation, TotalRealCellsCount= 100520 
 End:   Adaptation; Timer: cpu0=2.078 wall=0.320 
 Start: Initialize data arrays on chips
 End:   Initialize data arrays on chips, res= 0; Timer: cpu0=0.000 wall=0.003 
  ***** Maximum Geometrical Gauss = 1.80373e-14, cell= 299:7:5:1:0
  ***** Maximum MovingSurf  Gauss = 5.8373e-15, cell= 53:1:1:0
 Start: Remove Small Cells
 End:   Remove Small Cells; Timer: cpu0=0.156 wall=0.025 
 Start: Initialize data arrays on chips
 End:   Initialize data arrays on chips, res= 0; Timer: cpu0=0.000 wall=0.003 
  ***** Maximum Geometrical Gauss = 1.80373e-14, cell= 299:7:5:1:0
  ***** Maximum MovingSurf  Gauss = 5.8373e-15, cell= 53:1:1:0
 Start: Initialize data arrays on chips
 End:   Initialize data arrays on chips, res= 0; Timer: cpu0=0.000 wall=0.002 
 Start: Modify Chip Data
 End:   Modify Chip Data; Timer: cpu0=0.484 wall=0.049 
 Start: TimeServis
 End:   TimeServis; Timer: cpu0=0.359 wall=0.045 
 Start: FindEnclaves
 End:   FindEnclaves; Timer: cpu0=0.094 wall=0.102 
 Start: VarValueService
 End:   VarValueService; Timer: cpu0=0.000 wall=0.002 
 Start: SolvePhaseEquation 
 End:   SolvePhaseEquation ; Timer: cpu0=11.797 wall=1.480 
 Start: SolidFiltersProcess: calculate forces and moments
 End:   SolidFiltersProcess: calculate forces and moments; Timer: cpu0=0.000 wall=0.002 
 Start: PrepareDataForNextStep
 End:   PrepareDataForNextStep; Timer: cpu0=0.453 wall=0.044 
 Start: VarValueService
 End:   VarValueService; Timer: cpu0=0.000 wall=0.002 
 Start: UpdateStopperData
 End:   UpdateStopperData; Timer: cpu0=0.000 wall=0.001 
 Start: Saving text status in E:\UniFlight\flow\full_rocket20_fv\data\full_rocket20.status
 End:   Saving text status in E:\UniFlight\flow\full_rocket20_fv\data\full_rocket20.status; Timer: cpu0=0.000 wall=0.003 
 End:   ===== Time Step =====, Iter number =  101; Timer: cpu0=16.297 wall=2.211 

20.06.26 15:34:09  ===== Processing Layers =====
20.06.26 15:34:09    *SEND* for CScalarLayer, GUID=93D71ED0-037A-4648-BBF4-680D0FDCD798
 Start: ComputeVolumeCharacteristics
 End:   ComputeVolumeCharacteristics; Timer: cpu0=0.000 wall=0.004 
 Start: GetValueOnFacets
 End:   GetValueOnFacets; Timer: cpu0=0.141 wall=0.014 
20.06.26 15:34:09    *SEND* for CIntegralCharsLayer, GUID=4E090A0C-544B-E4A2-4242-BEC451D7CD2B
20.06.26 15:34:09    *SEND* for CIntegralCharsLayer, GUID=53BB5889-26C7-9FD5-3BE6-8D746C5C843A
20.06.26 15:34:09    *SEND* for CIntegralCharsLayer, GUID=FB58FBBB-1926-D59E-785F-29B9759925F3
 End:   ===== Processing Layers =====; Timer: cpu0=0.156 wall=0.036 

20.06.26 15:34:09  ===== New Time Step =====, Iter number =  102
 Start: TimeServis
 End:   TimeServis; Timer: cpu0=0.406 wall=0.034 
 Start: User modules' functions BeforeTimeStep() are calling
 End:   User modules' functions BeforeTimeStep() are calling; Timer: cpu0=0.000 wall=0.002 
 Start: Adaptation, TotalRealCellsCount= 100554 
 End:   Adaptation; Timer: cpu0=0.000 wall=0.004 
 Start: Initialize data arrays on chips
 End:   Initialize data arrays on chips, res= 0; Timer: cpu0=0.000 wall=0.002 
  ***** Maximum Geometrical Gauss = 1.80373e-14, cell= 299:7:5:1:0
  ***** Maximum MovingSurf  Gauss = 0, cell= 
 Start: Initialize data arrays on chips
 End:   Initialize data arrays on chips, res= 0; Timer: cpu0=0.000 wall=0.002 
 Start: TimeServis
 End:   TimeServis; Timer: cpu0=0.344 wall=0.037 
 Start: FindEnclaves
 End:   FindEnclaves; Timer: cpu0=0.250 wall=0.090 
 Start: VarValueService
 End:   VarValueService; Timer: cpu0=0.000 wall=0.002 
 Start: SolvePhaseEquation 
 End:   SolvePhaseEquation ; Timer: cpu0=12.156 wall=1.477 
 Start: SolidFiltersProcess: calculate forces and moments
 End:   SolidFiltersProcess: calculate forces and moments; Timer: cpu0=0.000 wall=0.002 
 Start: PrepareDataForNextStep
 End:   PrepareDataForNextStep; Timer: cpu0=0.312 wall=0.047 
 Start: VarValueService
 End:   VarValueService; Timer: cpu0=0.000 wall=0.002 
 Start: UpdateStopperData
 End:   UpdateStopperData; Timer: cpu0=0.000 wall=0.001 
 Start: Saving text status in E:\UniFlight\flow\full_rocket20_fv\data\full_rocket20.status
 End:   Saving text status in E:\UniFlight\flow\full_rocket20_fv\data\full_rocket20.status; Timer: cpu0=0.000 wall=0.002 
 End:   ===== Time Step =====, Iter number =  102; Timer: cpu0=13.656 wall=1.763 

20.06.26 15:34:11  ===== Processing Layers =====
20.06.26 15:34:11    *SEND* for CScalarLayer, GUID=93D71ED0-037A-4648-BBF4-680D0FDCD798
 Start: ComputeVolumeCharacteristics
 End:   ComputeVolumeCharacteristics; Timer: cpu0=0.000 wall=0.005 
 Start: GetValueOnFacets
 End:   GetValueOnFacets; Timer: cpu0=0.172 wall=0.014 
20.06.26 15:34:11    *SEND* for CIntegralCharsLayer, GUID=4E090A0C-544B-E4A2-4242-BEC451D7CD2B
20.06.26 15:34:11    *SEND* for CIntegralCharsLayer, GUID=53BB5889-26C7-9FD5-3BE6-8D746C5C843A
20.06.26 15:34:11    *SEND* for CIntegralCharsLayer, GUID=FB58FBBB-1926-D59E-785F-29B9759925F3
 End:   ===== Processing Layers =====; Timer: cpu0=0.344 wall=0.035 

20.06.26 15:34:11  ===== New Time Step =====, Iter number =  103
 Start: TimeServis
 End:   TimeServis; Timer: cpu0=0.344 wall=0.034 
 Start: User modules' functions BeforeTimeStep() are calling
 End:   User modules' functions BeforeTimeStep() are calling; Timer: cpu0=0.000 wall=0.002 
 Start: Adaptation, TotalRealCellsCount= 100554 
 End:   Adaptation; Timer: cpu0=0.000 wall=0.005 
 Start: Initialize data arrays on chips
 End:   Initialize data arrays on chips, res= 0; Timer: cpu0=0.000 wall=0.002 
  ***** Maximum Geometrical Gauss = 1.80373e-14, cell= 299:7:5:1:0
  ***** Maximum MovingSurf  Gauss = 0, cell= 
 Start: Initialize data arrays on chips
 End:   Initialize data arrays on chips, res= 0; Timer: cpu0=0.000 wall=0.003 
 Start: TimeServis
 End:   TimeServis; Timer: cpu0=0.422 wall=0.038 
 Start: FindEnclaves
 End:   FindEnclaves; Timer: cpu0=0.078 wall=0.082 
 Start: VarValueService
 End:   VarValueService; Timer: cpu0=0.000 wall=0.001 
 Start: SolvePhaseEquation 
 End:   SolvePhaseEquation ; Timer: cpu0=11.875 wall=1.490 
 Start: SolidFiltersProcess: calculate forces and moments
 End:   SolidFiltersProcess: calculate forces and moments; Timer: cpu0=0.000 wall=0.001 
 Start: PrepareDataForNextStep
 End:   PrepareDataForNextStep; Timer: cpu0=0.250 wall=0.047 
 Start: VarValueService
 End:   VarValueService; Timer: cpu0=0.000 wall=0.002 
 Start: UpdateStopperData
 End:   UpdateStopperData; Timer: cpu0=0.000 wall=0.001 
 Start: Saving text status in E:\UniFlight\flow\full_rocket20_fv\data\full_rocket20.status
 End:   Saving text status in E:\UniFlight\flow\full_rocket20_fv\data\full_rocket20.status; Timer: cpu0=0.000 wall=0.003 
 End:   ===== Time Step =====, Iter number =  103; Timer: cpu0=13.141 wall=1.770 

20.06.26 15:34:13  ===== Processing Layers =====
20.06.26 15:34:13    *SEND* for CScalarLayer, GUID=93D71ED0-037A-4648-BBF4-680D0FDCD798
 Start: ComputeVolumeCharacteristics
 End:   ComputeVolumeCharacteristics; Timer: cpu0=0.000 wall=0.004 
 Start: GetValueOnFacets
 End:   GetValueOnFacets; Timer: cpu0=0.016 wall=0.013 
20.06.26 15:34:13    *SEND* for CIntegralCharsLayer, GUID=4E090A0C-544B-E4A2-4242-BEC451D7CD2B
20.06.26 15:34:13    *SEND* for CIntegralCharsLayer, GUID=53BB5889-26C7-9FD5-3BE6-8D746C5C843A
20.06.26 15:34:13    *SEND* for CIntegralCharsLayer, GUID=FB58FBBB-1926-D59E-785F-29B9759925F3
 End:   ===== Processing Layers =====; Timer: cpu0=0.016 wall=0.033 

20.06.26 15:34:13  ===== New Time Step =====, Iter number =  104
 Start: TimeServis
 End:   TimeServis; Timer: cpu0=0.328 wall=0.034 
 Start: User modules' functions BeforeTimeStep() are calling
 End:   User modules' functions BeforeTimeStep() are calling; Timer: cpu0=0.000 wall=0.003 
 Start: Adaptation, TotalRealCellsCount= 100554 
 End:   Adaptation; Timer: cpu0=0.000 wall=0.004 
 Start: Initialize data arrays on chips
 End:   Initialize data arrays on chips, res= 0; Timer: cpu0=0.172 wall=0.002 
  ***** Maximum Geometrical Gauss = 1.80373e-14, cell= 299:7:5:1:0
  ***** Maximum MovingSurf  Gauss = 0, cell= 
 Start: Initialize data arrays on chips
 End:   Initialize data arrays on chips, res= 0; Timer: cpu0=0.000 wall=0.002 
 Start: TimeServis
 End:   TimeServis; Timer: cpu0=0.453 wall=0.037 
 Start: FindEnclaves
 End:   FindEnclaves; Timer: cpu0=0.078 wall=0.085 
 Start: VarValueService
 End:   VarValueService; Timer: cpu0=0.000 wall=0.001 
 Start: SolvePhaseEquation 
 End:   SolvePhaseEquation ; Timer: cpu0=12.516 wall=1.473 
 Start: SolidFiltersProcess: calculate forces and moments
 End:   SolidFiltersProcess: calculate forces and moments; Timer: cpu0=0.000 wall=0.001 
 Start: PrepareDataForNextStep
 End:   PrepareDataForNextStep; Timer: cpu0=0.328 wall=0.048 
 Start: VarValueService
 End:   VarValueService; Timer: cpu0=0.000 wall=0.002 
 Start: UpdateStopperData
 End:   UpdateStopperData; Timer: cpu0=0.000 wall=0.001 
 Start: Saving text status in E:\UniFlight\flow\full_rocket20_fv\data\full_rocket20.status
 End:   Saving text status in E:\UniFlight\flow\full_rocket20_fv\data\full_rocket20.status; Timer: cpu0=0.000 wall=0.002 
 End:   ===== Time Step =====, Iter number =  104; Timer: cpu0=14.031 wall=1.750 

20.06.26 15:34:15  ===== Processing Layers =====
20.06.26 15:34:15    *SEND* for CScalarLayer, GUID=93D71ED0-037A-4648-BBF4-680D0FDCD798
 Start: ComputeVolumeCharacteristics
 End:   ComputeVolumeCharacteristics; Timer: cpu0=0.000 wall=0.005 
 Start: GetValueOnFacets
 End:   GetValueOnFacets; Timer: cpu0=0.016 wall=0.013 
20.06.26 15:34:15    *SEND* for CIntegralCharsLayer, GUID=4E090A0C-544B-E4A2-4242-BEC451D7CD2B
20.06.26 15:34:15    *SEND* for CIntegralCharsLayer, GUID=53BB5889-26C7-9FD5-3BE6-8D746C5C843A
20.06.26 15:34:15    *SEND* for CIntegralCharsLayer, GUID=FB58FBBB-1926-D59E-785F-29B9759925F3
 End:   ===== Processing Layers =====; Timer: cpu0=0.016 wall=0.033 

20.06.26 15:34:15  ===== New Time Step =====, Iter number =  105
 Start: TimeServis
 End:   TimeServis; Timer: cpu0=0.297 wall=0.035 
 Start: User modules' functions BeforeTimeStep() are calling
 End:   User modules' functions BeforeTimeStep() are calling; Timer: cpu0=0.000 wall=0.002 
 Start: Adaptation, TotalRealCellsCount= 100554 
 End:   Adaptation; Timer: cpu0=0.141 wall=0.005 
 Start: Initialize data arrays on chips
 End:   Initialize data arrays on chips, res= 0; Timer: cpu0=0.000 wall=0.003 
  ***** Maximum Geometrical Gauss = 1.80373e-14, cell= 299:7:5:1:0
  ***** Maximum MovingSurf  Gauss = 0, cell= 
 Start: Initialize data arrays on chips
 End:   Initialize data arrays on chips, res= 0; Timer: cpu0=0.000 wall=0.002 
 Start: TimeServis
 End:   TimeServis; Timer: cpu0=0.344 wall=0.036 
 Start: FindEnclaves
 End:   FindEnclaves; Timer: cpu0=0.078 wall=0.084 
 Start: VarValueService
 End:   VarValueService; Timer: cpu0=0.000 wall=0.001 
 Start: SolvePhaseEquation 
 End:   SolvePhaseEquation ; Timer: cpu0=12.297 wall=1.469 
 Start: SolidFiltersProcess: calculate forces and moments
 End:   SolidFiltersProcess: calculate forces and moments; Timer: cpu0=0.000 wall=0.002 
 Start: PrepareDataForNextStep
 End:   PrepareDataForNextStep; Timer: cpu0=0.375 wall=0.047 
 Start: VarValueService
 End:   VarValueService; Timer: cpu0=0.000 wall=0.001 
 Start: UpdateStopperData
 End:   UpdateStopperData; Timer: cpu0=0.000 wall=0.002 
 Start: Saving text status in E:\UniFlight\flow\full_rocket20_fv\data\full_rocket20.status
 End:   Saving text status in E:\UniFlight\flow\full_rocket20_fv\data\full_rocket20.status; Timer: cpu0=0.000 wall=0.002 
 End:   ===== Time Step =====, Iter number =  105; Timer: cpu0=13.703 wall=1.747 

20.06.26 15:34:17  ===== Processing Layers =====
20.06.26 15:34:17    *SEND* for CScalarLayer, GUID=93D71ED0-037A-4648-BBF4-680D0FDCD798
 Start: ComputeVolumeCharacteristics
 End:   ComputeVolumeCharacteristics; Timer: cpu0=0.000 wall=0.005 
 Start: GetValueOnFacets
 End:   GetValueOnFacets; Timer: cpu0=0.141 wall=0.014 
20.06.26 15:34:17    *SEND* for CIntegralCharsLayer, GUID=4E090A0C-544B-E4A2-4242-BEC451D7CD2B
20.06.26 15:34:17    *SEND* for CIntegralCharsLayer, GUID=53BB5889-26C7-9FD5-3BE6-8D746C5C843A
20.06.26 15:34:17    *SEND* for CIntegralCharsLayer, GUID=FB58FBBB-1926-D59E-785F-29B9759925F3
 End:   ===== Processing Layers =====; Timer: cpu0=0.141 wall=0.034 

20.06.26 15:34:17  ===== New Time Step =====, Iter number =  106
 Start: TimeServis
 End:   TimeServis; Timer: cpu0=0.344 wall=0.035 
 Start: User modules' functions BeforeTimeStep() are calling
 End:   User modules' functions BeforeTimeStep() are calling; Timer: cpu0=0.000 wall=0.002 
 Start: Adaptation, TotalRealCellsCount= 100554 
 End:   Adaptation; Timer: cpu0=0.000 wall=0.004 
 Start: Initialize data arrays on chips
 End:   Initialize data arrays on chips, res= 0; Timer: cpu0=0.000 wall=0.002 
  ***** Maximum Geometrical Gauss = 1.80373e-14, cell= 299:7:5:1:0
  ***** Maximum MovingSurf  Gauss = 0, cell= 
 Start: Initialize data arrays on chips
 End:   Initialize data arrays on chips, res= 0; Timer: cpu0=0.000 wall=0.002 
 Start: TimeServis
 End:   TimeServis; Timer: cpu0=0.328 wall=0.042 
 Start: FindEnclaves
 End:   FindEnclaves; Timer: cpu0=0.078 wall=0.085 
 Start: VarValueService
 End:   VarValueService; Timer: cpu0=0.000 wall=0.001 
 Start: SolvePhaseEquation 
 End:   SolvePhaseEquation ; Timer: cpu0=12.422 wall=1.488 
 Start: SolidFiltersProcess: calculate forces and moments
 End:   SolidFiltersProcess: calculate forces and moments; Timer: cpu0=0.000 wall=0.002 
 Start: PrepareDataForNextStep
 End:   PrepareDataForNextStep; Timer: cpu0=0.516 wall=0.045 
 Start: VarValueService
 End:   VarValueService; Timer: cpu0=0.000 wall=0.002 
 Start: UpdateStopperData
 End:   UpdateStopperData; Timer: cpu0=0.000 wall=0.001 
 Start: Saving text status in E:\UniFlight\flow\full_rocket20_fv\data\full_rocket20.status
 End:   Saving text status in E:\UniFlight\flow\full_rocket20_fv\data\full_rocket20.status; Timer: cpu0=0.000 wall=0.002 
 End:   ===== Time Step =====, Iter number =  106; Timer: cpu0=14.062 wall=1.774 

20.06.26 15:34:19  ===== Processing Layers =====
20.06.26 15:34:19    *SEND* for CScalarLayer, GUID=93D71ED0-037A-4648-BBF4-680D0FDCD798
 Start: ComputeVolumeCharacteristics
 End:   ComputeVolumeCharacteristics; Timer: cpu0=0.000 wall=0.005 
 Start: GetValueOnFacets
 End:   GetValueOnFacets; Timer: cpu0=0.172 wall=0.014 
20.06.26 15:34:19    *SEND* for CIntegralCharsLayer, GUID=4E090A0C-544B-E4A2-4242-BEC451D7CD2B
20.06.26 15:34:19    *SEND* for CIntegralCharsLayer, GUID=53BB5889-26C7-9FD5-3BE6-8D746C5C843A
20.06.26 15:34:19    *SEND* for CIntegralCharsLayer, GUID=FB58FBBB-1926-D59E-785F-29B9759925F3
 End:   ===== Processing Layers =====; Timer: cpu0=0.344 wall=0.034 

20.06.26 15:34:19  ===== New Time Step =====, Iter number =  107
 Start: TimeServis
 End:   TimeServis; Timer: cpu0=0.359 wall=0.035 
 Start: User modules' functions BeforeTimeStep() are calling
 End:   User modules' functions BeforeTimeStep() are calling; Timer: cpu0=0.000 wall=0.003 
 Start: Adaptation, TotalRealCellsCount= 100554 
 End:   Adaptation; Timer: cpu0=0.000 wall=0.005 
 Start: Initialize data arrays on chips
 End:   Initialize data arrays on chips, res= 0; Timer: cpu0=0.000 wall=0.002 
  ***** Maximum Geometrical Gauss = 1.80373e-14, cell= 299:7:5:1:0
  ***** Maximum MovingSurf  Gauss = 0, cell= 
 Start: Initialize data arrays on chips
 End:   Initialize data arrays on chips, res= 0; Timer: cpu0=0.000 wall=0.002 
 Start: TimeServis
 End:   TimeServis; Timer: cpu0=0.344 wall=0.036 
 Start: FindEnclaves
 End:   FindEnclaves; Timer: cpu0=0.250 wall=0.082 
 Start: VarValueService
 End:   VarValueService; Timer: cpu0=0.000 wall=0.002 
 Start: SolvePhaseEquation 
 End:   SolvePhaseEquation ; Timer: cpu0=12.328 wall=1.484 
 Start: SolidFiltersProcess: calculate forces and moments
 End:   SolidFiltersProcess: calculate forces and moments; Timer: cpu0=0.000 wall=0.002 
 Start: PrepareDataForNextStep
 End:   PrepareDataForNextStep; Timer: cpu0=0.375 wall=0.050 
 Start: VarValueService
 End:   VarValueService; Timer: cpu0=0.000 wall=0.001 
 Start: UpdateStopperData
 End:   UpdateStopperData; Timer: cpu0=0.000 wall=0.002 
 Start: Saving text status in E:\UniFlight\flow\full_rocket20_fv\data\full_rocket20.status
 End:   Saving text status in E:\UniFlight\flow\full_rocket20_fv\data\full_rocket20.status; Timer: cpu0=0.000 wall=0.002 
 End:   ===== Time Step =====, Iter number =  107; Timer: cpu0=14.000 wall=1.768 

20.06.26 15:34:21  ===== Processing Layers =====
20.06.26 15:34:21    *SEND* for CScalarLayer, GUID=93D71ED0-037A-4648-BBF4-680D0FDCD798
 Start: ComputeVolumeCharacteristics
 End:   ComputeVolumeCharacteristics; Timer: cpu0=0.000 wall=0.004 
 Start: GetValueOnFacets
 End:   GetValueOnFacets; Timer: cpu0=0.016 wall=0.014 
20.06.26 15:34:21    *SEND* for CIntegralCharsLayer, GUID=4E090A0C-544B-E4A2-4242-BEC451D7CD2B
20.06.26 15:34:21    *SEND* for CIntegralCharsLayer, GUID=53BB5889-26C7-9FD5-3BE6-8D746C5C843A
20.06.26 15:34:21    *SEND* for CIntegralCharsLayer, GUID=FB58FBBB-1926-D59E-785F-29B9759925F3
 End:   ===== Processing Layers =====; Timer: cpu0=0.016 wall=0.036 

20.06.26 15:34:21  ===== New Time Step =====, Iter number =  108
 Start: TimeServis
 End:   TimeServis; Timer: cpu0=0.312 wall=0.034 
 Start: User modules' functions BeforeTimeStep() are calling
 End:   User modules' functions BeforeTimeStep() are calling; Timer: cpu0=0.000 wall=0.002 
 Start: Adaptation, TotalRealCellsCount= 100554 
 End:   Adaptation; Timer: cpu0=0.000 wall=0.005 
 Start: Initialize data arrays on chips
 End:   Initialize data arrays on chips, res= 0; Timer: cpu0=0.000 wall=0.002 
  ***** Maximum Geometrical Gauss = 1.80373e-14, cell= 299:7:5:1:0
  ***** Maximum MovingSurf  Gauss = 0, cell= 
 Start: Initialize data arrays on chips
 End:   Initialize data arrays on chips, res= 0; Timer: cpu0=0.000 wall=0.002 
 Start: TimeServis
 End:   TimeServis; Timer: cpu0=0.281 wall=0.033 
 Start: FindEnclaves
 End:   FindEnclaves; Timer: cpu0=0.078 wall=0.080 
 Start: VarValueService
 End:   VarValueService; Timer: cpu0=0.000 wall=0.002 
 Start: SolvePhaseEquation 
 End:   SolvePhaseEquation ; Timer: cpu0=12.234 wall=1.523 
 Start: SolidFiltersProcess: calculate forces and moments
 End:   SolidFiltersProcess: calculate forces and moments; Timer: cpu0=0.000 wall=0.002 
 Start: PrepareDataForNextStep
 End:   PrepareDataForNextStep; Timer: cpu0=0.328 wall=0.048 
 Start: VarValueService
 End:   VarValueService; Timer: cpu0=0.000 wall=0.001 
 Start: UpdateStopperData
 End:   UpdateStopperData; Timer: cpu0=0.000 wall=0.001 
 Start: Saving text status in E:\UniFlight\flow\full_rocket20_fv\data\full_rocket20.status
 End:   Saving text status in E:\UniFlight\flow\full_rocket20_fv\data\full_rocket20.status; Timer: cpu0=0.000 wall=0.002 
 End:   ===== Time Step =====, Iter number =  108; Timer: cpu0=13.422 wall=1.791 

20.06.26 15:34:23  ===== Processing Layers =====
20.06.26 15:34:23    *SEND* for CScalarLayer, GUID=93D71ED0-037A-4648-BBF4-680D0FDCD798
 Start: ComputeVolumeCharacteristics
 End:   ComputeVolumeCharacteristics; Timer: cpu0=0.000 wall=0.004 
 Start: GetValueOnFacets
 End:   GetValueOnFacets; Timer: cpu0=0.000 wall=0.012 
20.06.26 15:34:23    *SEND* for CIntegralCharsLayer, GUID=4E090A0C-544B-E4A2-4242-BEC451D7CD2B
20.06.26 15:34:23    *SEND* for CIntegralCharsLayer, GUID=53BB5889-26C7-9FD5-3BE6-8D746C5C843A
20.06.26 15:34:23    *SEND* for CIntegralCharsLayer, GUID=FB58FBBB-1926-D59E-785F-29B9759925F3
 End:   ===== Processing Layers =====; Timer: cpu0=0.000 wall=0.036 

20.06.26 15:34:23  ===== New Time Step =====, Iter number =  109
 Start: TimeServis
 End:   TimeServis; Timer: cpu0=0.344 wall=0.036 
 Start: User modules' functions BeforeTimeStep() are calling
 End:   User modules' functions BeforeTimeStep() are calling; Timer: cpu0=0.000 wall=0.002 
 Start: Adaptation, TotalRealCellsCount= 100554 
 End:   Adaptation; Timer: cpu0=0.172 wall=0.004 
 Start: Initialize data arrays on chips
 End:   Initialize data arrays on chips, res= 0; Timer: cpu0=0.000 wall=0.003 
  ***** Maximum Geometrical Gauss = 1.80373e-14, cell= 299:7:5:1:0
  ***** Maximum MovingSurf  Gauss = 0, cell= 
 Start: Initialize data arrays on chips
 End:   Initialize data arrays on chips, res= 0; Timer: cpu0=0.000 wall=0.002 
 Start: TimeServis
 End:   TimeServis; Timer: cpu0=0.484 wall=0.039 
 Start: FindEnclaves
 End:   FindEnclaves; Timer: cpu0=0.094 wall=0.090 
 Start: VarValueService
 End:   VarValueService; Timer: cpu0=0.000 wall=0.001 
 Start: SolvePhaseEquation 
 End:   SolvePhaseEquation ; Timer: cpu0=11.828 wall=1.460 
 Start: SolidFiltersProcess: calculate forces and moments
 End:   SolidFiltersProcess: calculate forces and moments; Timer: cpu0=0.000 wall=0.001 
 Start: PrepareDataForNextStep
 End:   PrepareDataForNextStep; Timer: cpu0=0.219 wall=0.041 
 Start: VarValueService
 End:   VarValueService; Timer: cpu0=0.000 wall=0.001 
 Start: UpdateStopperData
 End:   UpdateStopperData; Timer: cpu0=0.000 wall=0.001 
 Start: Saving text status in E:\UniFlight\flow\full_rocket20_fv\data\full_rocket20.status
 End:   Saving text status in E:\UniFlight\flow\full_rocket20_fv\data\full_rocket20.status; Timer: cpu0=0.000 wall=0.002 
 End:   ===== Time Step =====, Iter number =  109; Timer: cpu0=13.469 wall=1.744 

20.06.26 15:34:25  ===== Processing Layers =====
20.06.26 15:34:25    *SEND* for CScalarLayer, GUID=93D71ED0-037A-4648-BBF4-680D0FDCD798
 Start: ComputeVolumeCharacteristics
 End:   ComputeVolumeCharacteristics; Timer: cpu0=0.000 wall=0.004 
 Start: GetValueOnFacets
 End:   GetValueOnFacets; Timer: cpu0=0.000 wall=0.014 
20.06.26 15:34:25    *SEND* for CIntegralCharsLayer, GUID=4E090A0C-544B-E4A2-4242-BEC451D7CD2B
20.06.26 15:34:25    *SEND* for CIntegralCharsLayer, GUID=53BB5889-26C7-9FD5-3BE6-8D746C5C843A
20.06.26 15:34:25    *SEND* for CIntegralCharsLayer, GUID=FB58FBBB-1926-D59E-785F-29B9759925F3
 End:   ===== Processing Layers =====; Timer: cpu0=0.016 wall=0.036 

20.06.26 15:34:25  ===== New Time Step =====, Iter number =  110
 Start: TimeServis
 End:   TimeServis; Timer: cpu0=0.344 wall=0.035 
 Start: User modules' functions BeforeTimeStep() are calling
 End:   User modules' functions BeforeTimeStep() are calling; Timer: cpu0=0.000 wall=0.002 
 Start: Adaptation, TotalRealCellsCount= 100554 
 End:   Adaptation; Timer: cpu0=3.219 wall=0.593 
 Start: DistributeGridOnProcessors
 End:   DistributeGridOnProcessors, res= 0; Timer: cpu0=0.844 wall=0.218 
 Start: SetNeiHyperCells
 End:   SetNeiHyperCells, res= 0; Timer: cpu0=0.000 wall=0.007 
 Start: BuildFacetDistribution
 End:   BuildFacetDistribution; Timer: cpu0=0.000 wall=0.002 
 Start: Initialize data arrays on chips
 End:   Initialize data arrays on chips, res= 0; Timer: cpu0=0.000 wall=0.003 
  ***** Maximum Geometrical Gauss = 1.61209e-14, cell= 599:3:3:7:0
  ***** Maximum MovingSurf  Gauss = 1.11595e-14, cell= 55:3:1:0
 Start: Remove Small Cells
 End:   Remove Small Cells; Timer: cpu0=0.156 wall=0.022 
 Start: Initialize data arrays on chips
 End:   Initialize data arrays on chips, res= 0; Timer: cpu0=0.000 wall=0.004 
  ***** Maximum Geometrical Gauss = 1.61209e-14, cell= 590:2:2:6:0
  ***** Maximum MovingSurf  Gauss = 1.11595e-14, cell= 55:3:1:0
 Start: Initialize data arrays on chips
 End:   Initialize data arrays on chips, res= 0; Timer: cpu0=0.000 wall=0.002 
 Start: Modify Chip Data
 End:   Modify Chip Data; Timer: cpu0=0.344 wall=0.043 
 Start: TimeServis
 End:   TimeServis; Timer: cpu0=0.688 wall=0.060 
 Start: FindEnclaves
 End:   FindEnclaves; Timer: cpu0=0.109 wall=0.110 
 Start: VarValueService
 End:   VarValueService; Timer: cpu0=0.000 wall=0.003 
 Start: SolvePhaseEquation 
 End:   SolvePhaseEquation ; Timer: cpu0=14.062 wall=1.657 
 Start: SolidFiltersProcess: calculate forces and moments
 End:   SolidFiltersProcess: calculate forces and moments; Timer: cpu0=0.000 wall=0.002 
 Start: PrepareDataForNextStep
 End:   PrepareDataForNextStep; Timer: cpu0=0.250 wall=0.041 
 Start: VarValueService
 End:   VarValueService; Timer: cpu0=0.000 wall=0.002 
 Start: UpdateStopperData
 End:   UpdateStopperData; Timer: cpu0=0.000 wall=0.001 
 Start: Saving text status in E:\UniFlight\flow\full_rocket20_fv\data\full_rocket20.status
 End:   Saving text status in E:\UniFlight\flow\full_rocket20_fv\data\full_rocket20.status; Timer: cpu0=0.000 wall=0.002 
 End:   ===== Time Step =====, Iter number =  110; Timer: cpu0=20.516 wall=2.910 

20.06.26 15:34:29  ===== Processing Layers =====
20.06.26 15:34:29    *SEND* for CScalarLayer, GUID=93D71ED0-037A-4648-BBF4-680D0FDCD798
 Start: ComputeVolumeCharacteristics
 End:   ComputeVolumeCharacteristics; Timer: cpu0=0.172 wall=0.004 
 Start: GetValueOnFacets
 End:   GetValueOnFacets; Timer: cpu0=0.016 wall=0.014 
20.06.26 15:34:29    *SEND* for CIntegralCharsLayer, GUID=4E090A0C-544B-E4A2-4242-BEC451D7CD2B
20.06.26 15:34:29    *SEND* for CIntegralCharsLayer, GUID=53BB5889-26C7-9FD5-3BE6-8D746C5C843A
20.06.26 15:34:29    *SEND* for CIntegralCharsLayer, GUID=FB58FBBB-1926-D59E-785F-29B9759925F3
 End:   ===== Processing Layers =====; Timer: cpu0=0.188 wall=0.036 

20.06.26 15:34:29  ===== New Time Step =====, Iter number =  111
 Start: TimeServis
 End:   TimeServis; Timer: cpu0=0.344 wall=0.037 
 Start: User modules' functions BeforeTimeStep() are calling
 End:   User modules' functions BeforeTimeStep() are calling; Timer: cpu0=0.000 wall=0.003 
 Start: Adaptation, TotalRealCellsCount= 109084 
 End:   Adaptation; Timer: cpu0=3.625 wall=0.514 
 Start: DistributeGridOnProcessors
 End:   DistributeGridOnProcessors, res= 0; Timer: cpu0=0.875 wall=0.209 
 Start: SetNeiHyperCells
 End:   SetNeiHyperCells, res= 0; Timer: cpu0=0.125 wall=0.007 
 Start: BuildFacetDistribution
 End:   BuildFacetDistribution; Timer: cpu0=0.000 wall=0.002 
 Start: Initialize data arrays on chips
 End:   Initialize data arrays on chips, res= 0; Timer: cpu0=0.000 wall=0.002 
  ***** Maximum Geometrical Gauss = 1.61209e-14, cell= 599:3:3:7:0
  ***** Maximum MovingSurf  Gauss = 1.08162e-14, cell= 55:1:3:0
 Start: Remove Small Cells
 End:   Remove Small Cells; Timer: cpu0=0.016 wall=0.020 
 Start: Initialize data arrays on chips
 End:   Initialize data arrays on chips, res= 0; Timer: cpu0=0.000 wall=0.002 
  ***** Maximum Geometrical Gauss = 1.61209e-14, cell= 599:3:3:7:0
  ***** Maximum MovingSurf  Gauss = 1.08162e-14, cell= 55:1:3:0
 Start: Initialize data arrays on chips
 End:   Initialize data arrays on chips, res= 0; Timer: cpu0=0.000 wall=0.002 
 Start: Modify Chip Data
 End:   Modify Chip Data; Timer: cpu0=0.234 wall=0.031 
 Start: TimeServis
 End:   TimeServis; Timer: cpu0=0.312 wall=0.037 
 Start: FindEnclaves
 End:   FindEnclaves; Timer: cpu0=0.078 wall=0.085 
 Start: VarValueService
 End:   VarValueService; Timer: cpu0=0.000 wall=0.001 
 Start: SolvePhaseEquation 
 End:   SolvePhaseEquation ; Timer: cpu0=11.391 wall=1.432 
 Start: SolidFiltersProcess: calculate forces and moments
 End:   SolidFiltersProcess: calculate forces and moments; Timer: cpu0=0.000 wall=0.001 
 Start: PrepareDataForNextStep
 End:   PrepareDataForNextStep; Timer: cpu0=0.344 wall=0.034 
 Start: VarValueService
 End:   VarValueService; Timer: cpu0=0.000 wall=0.001 
 Start: UpdateStopperData
 End:   UpdateStopperData; Timer: cpu0=0.000 wall=0.001 
 Start: Saving text status in E:\UniFlight\flow\full_rocket20_fv\data\full_rocket20.status
 End:   Saving text status in E:\UniFlight\flow\full_rocket20_fv\data\full_rocket20.status; Timer: cpu0=0.000 wall=0.002 
 End:   ===== Time Step =====, Iter number =  111; Timer: cpu0=17.672 wall=2.505 

20.06.26 15:34:31  ===== Processing Layers =====
20.06.26 15:34:31    *SEND* for CScalarLayer, GUID=93D71ED0-037A-4648-BBF4-680D0FDCD798
 Start: ComputeVolumeCharacteristics
 End:   ComputeVolumeCharacteristics; Timer: cpu0=0.000 wall=0.003 
 Start: GetValueOnFacets
 End:   GetValueOnFacets; Timer: cpu0=0.141 wall=0.017 
20.06.26 15:34:31    *SEND* for CIntegralCharsLayer, GUID=4E090A0C-544B-E4A2-4242-BEC451D7CD2B
20.06.26 15:34:31    *SEND* for CIntegralCharsLayer, GUID=53BB5889-26C7-9FD5-3BE6-8D746C5C843A
20.06.26 15:34:31    *SEND* for CIntegralCharsLayer, GUID=FB58FBBB-1926-D59E-785F-29B9759925F3
 End:   ===== Processing Layers =====; Timer: cpu0=0.141 wall=0.038 

20.06.26 15:34:31  ===== New Time Step =====, Iter number =  112
 Start: TimeServis
 End:   TimeServis; Timer: cpu0=0.344 wall=0.035 
 Start: User modules' functions BeforeTimeStep() are calling
 End:   User modules' functions BeforeTimeStep() are calling; Timer: cpu0=0.000 wall=0.003 
 Start: Adaptation, TotalRealCellsCount= 94622 
 End:   Adaptation; Timer: cpu0=0.000 wall=0.004 
 Start: Initialize data arrays on chips
 End:   Initialize data arrays on chips, res= 0; Timer: cpu0=0.000 wall=0.003 
  ***** Maximum Geometrical Gauss = 1.61209e-14, cell= 599:3:3:7:0
  ***** Maximum MovingSurf  Gauss = 0, cell= 
 Start: Initialize data arrays on chips
 End:   Initialize data arrays on chips, res= 0; Timer: cpu0=0.000 wall=0.002 
 Start: TimeServis
 End:   TimeServis; Timer: cpu0=0.438 wall=0.038 
 Start: FindEnclaves
 End:   FindEnclaves; Timer: cpu0=0.219 wall=0.080 
 Start: VarValueService
 End:   VarValueService; Timer: cpu0=0.000 wall=0.001 
 Start: SolvePhaseEquation 
 End:   SolvePhaseEquation ; Timer: cpu0=11.531 wall=1.350 
 Start: SolidFiltersProcess: calculate forces and moments
 End:   SolidFiltersProcess: calculate forces and moments; Timer: cpu0=0.000 wall=0.002 
 Start: PrepareDataForNextStep
 End:   PrepareDataForNextStep; Timer: cpu0=0.297 wall=0.037 
 Start: VarValueService
 End:   VarValueService; Timer: cpu0=0.000 wall=0.001 
 Start: UpdateStopperData
 End:   UpdateStopperData; Timer: cpu0=0.000 wall=0.001 
 Start: Saving text status in E:\UniFlight\flow\full_rocket20_fv\data\full_rocket20.status
 End:   Saving text status in E:\UniFlight\flow\full_rocket20_fv\data\full_rocket20.status; Timer: cpu0=0.000 wall=0.002 
 End:   ===== Time Step =====, Iter number =  112; Timer: cpu0=13.156 wall=1.625 

20.06.26 15:34:33  ===== Processing Layers =====
20.06.26 15:34:33    *SEND* for CScalarLayer, GUID=93D71ED0-037A-4648-BBF4-680D0FDCD798
 Start: ComputeVolumeCharacteristics
 End:   ComputeVolumeCharacteristics; Timer: cpu0=0.000 wall=0.004 
 Start: GetValueOnFacets
 End:   GetValueOnFacets; Timer: cpu0=0.125 wall=0.014 
20.06.26 15:34:33    *SEND* for CIntegralCharsLayer, GUID=4E090A0C-544B-E4A2-4242-BEC451D7CD2B
20.06.26 15:34:33    *SEND* for CIntegralCharsLayer, GUID=53BB5889-26C7-9FD5-3BE6-8D746C5C843A
20.06.26 15:34:33    *SEND* for CIntegralCharsLayer, GUID=FB58FBBB-1926-D59E-785F-29B9759925F3
 End:   ===== Processing Layers =====; Timer: cpu0=0.125 wall=0.034 

20.06.26 15:34:33  ===== New Time Step =====, Iter number =  113
 Start: TimeServis
 End:   TimeServis; Timer: cpu0=0.328 wall=0.035 
 Start: User modules' functions BeforeTimeStep() are calling
 End:   User modules' functions BeforeTimeStep() are calling; Timer: cpu0=0.000 wall=0.001 
 Start: Adaptation, TotalRealCellsCount= 94622 
 End:   Adaptation; Timer: cpu0=0.000 wall=0.004 
 Start: Initialize data arrays on chips
 End:   Initialize data arrays on chips, res= 0; Timer: cpu0=0.141 wall=0.003 
  ***** Maximum Geometrical Gauss = 1.61209e-14, cell= 599:3:3:7:0
  ***** Maximum MovingSurf  Gauss = 0, cell= 
 Start: Initialize data arrays on chips
 End:   Initialize data arrays on chips, res= 0; Timer: cpu0=0.000 wall=0.003 
 Start: TimeServis
 End:   TimeServis; Timer: cpu0=0.500 wall=0.038 
 Start: FindEnclaves
 End:   FindEnclaves; Timer: cpu0=0.250 wall=0.081 
 Start: VarValueService
 End:   VarValueService; Timer: cpu0=0.000 wall=0.001 
 Start: SolvePhaseEquation 
 End:   SolvePhaseEquation ; Timer: cpu0=11.172 wall=1.387 
 Start: SolidFiltersProcess: calculate forces and moments
 End:   SolidFiltersProcess: calculate forces and moments; Timer: cpu0=0.000 wall=0.001 
 Start: PrepareDataForNextStep
 End:   PrepareDataForNextStep; Timer: cpu0=0.312 wall=0.033 
 Start: VarValueService
 End:   VarValueService; Timer: cpu0=0.000 wall=0.001 
 Start: UpdateStopperData
 End:   UpdateStopperData; Timer: cpu0=0.000 wall=0.001 
 Start: Saving text status in E:\UniFlight\flow\full_rocket20_fv\data\full_rocket20.status
 End:   Saving text status in E:\UniFlight\flow\full_rocket20_fv\data\full_rocket20.status; Timer: cpu0=0.000 wall=0.002 
 End:   ===== Time Step =====, Iter number =  113; Timer: cpu0=12.859 wall=1.650 

20.06.26 15:34:35  ===== Processing Layers =====
20.06.26 15:34:35    *SEND* for CScalarLayer, GUID=93D71ED0-037A-4648-BBF4-680D0FDCD798
 Start: ComputeVolumeCharacteristics
 End:   ComputeVolumeCharacteristics; Timer: cpu0=0.000 wall=0.004 
 Start: GetValueOnFacets
 End:   GetValueOnFacets; Timer: cpu0=0.016 wall=0.012 
20.06.26 15:34:35    *SEND* for CIntegralCharsLayer, GUID=4E090A0C-544B-E4A2-4242-BEC451D7CD2B
20.06.26 15:34:35    *SEND* for CIntegralCharsLayer, GUID=53BB5889-26C7-9FD5-3BE6-8D746C5C843A
20.06.26 15:34:35    *SEND* for CIntegralCharsLayer, GUID=FB58FBBB-1926-D59E-785F-29B9759925F3
 End:   ===== Processing Layers =====; Timer: cpu0=0.016 wall=0.032 

20.06.26 15:34:35  ===== New Time Step =====, Iter number =  114
 Start: TimeServis
 End:   TimeServis; Timer: cpu0=0.344 wall=0.032 
 Start: User modules' functions BeforeTimeStep() are calling
 End:   User modules' functions BeforeTimeStep() are calling; Timer: cpu0=0.000 wall=0.001 
 Start: Adaptation, TotalRealCellsCount= 94622 
 End:   Adaptation; Timer: cpu0=0.000 wall=0.004 
 Start: Initialize data arrays on chips
 End:   Initialize data arrays on chips, res= 0; Timer: cpu0=0.000 wall=0.002 
  ***** Maximum Geometrical Gauss = 1.61209e-14, cell= 599:3:3:7:0
  ***** Maximum MovingSurf  Gauss = 0, cell= 
 Start: Initialize data arrays on chips
 End:   Initialize data arrays on chips, res= 0; Timer: cpu0=0.000 wall=0.004 
 Start: TimeServis
 End:   TimeServis; Timer: cpu0=0.328 wall=0.038 
 Start: FindEnclaves
 End:   FindEnclaves; Timer: cpu0=0.094 wall=0.089 
 Start: VarValueService
 End:   VarValueService; Timer: cpu0=0.000 wall=0.001 
 Start: SolvePhaseEquation 
 End:   SolvePhaseEquation ; Timer: cpu0=11.016 wall=1.366 
 Start: SolidFiltersProcess: calculate forces and moments
 End:   SolidFiltersProcess: calculate forces and moments; Timer: cpu0=0.000 wall=0.002 
 Start: PrepareDataForNextStep
 End:   PrepareDataForNextStep; Timer: cpu0=0.250 wall=0.036 
 Start: VarValueService
 End:   VarValueService; Timer: cpu0=0.000 wall=0.001 
 Start: UpdateStopperData
 End:   UpdateStopperData; Timer: cpu0=0.000 wall=0.001 
 Start: Saving text status in E:\UniFlight\flow\full_rocket20_fv\data\full_rocket20.status
 End:   Saving text status in E:\UniFlight\flow\full_rocket20_fv\data\full_rocket20.status; Timer: cpu0=0.000 wall=0.002 
 End:   ===== Time Step =====, Iter number =  114; Timer: cpu0=12.172 wall=1.642 

20.06.26 15:34:37  ===== Processing Layers =====
20.06.26 15:34:37    *SEND* for CScalarLayer, GUID=93D71ED0-037A-4648-BBF4-680D0FDCD798
 Start: ComputeVolumeCharacteristics
 End:   ComputeVolumeCharacteristics; Timer: cpu0=0.031 wall=0.005 
 Start: GetValueOnFacets
 End:   GetValueOnFacets; Timer: cpu0=0.047 wall=0.017 
20.06.26 15:34:37    *SEND* for CIntegralCharsLayer, GUID=4E090A0C-544B-E4A2-4242-BEC451D7CD2B
20.06.26 15:34:37    *SEND* for CIntegralCharsLayer, GUID=53BB5889-26C7-9FD5-3BE6-8D746C5C843A
20.06.26 15:34:37    *SEND* for CIntegralCharsLayer, GUID=FB58FBBB-1926-D59E-785F-29B9759925F3
 End:   ===== Processing Layers =====; Timer: cpu0=0.078 wall=0.042 

20.06.26 15:34:37  ===== New Time Step =====, Iter number =  115
 Start: TimeServis
 End:   TimeServis; Timer: cpu0=0.312 wall=0.042 
 Start: User modules' functions BeforeTimeStep() are calling
 End:   User modules' functions BeforeTimeStep() are calling; Timer: cpu0=0.000 wall=0.003 
 Start: Adaptation, TotalRealCellsCount= 94622 
 End:   Adaptation; Timer: cpu0=0.141 wall=0.006 
 Start: Initialize data arrays on chips
 End:   Initialize data arrays on chips, res= 0; Timer: cpu0=0.000 wall=0.002 
  ***** Maximum Geometrical Gauss = 1.61209e-14, cell= 599:3:3:7:0
  ***** Maximum MovingSurf  Gauss = 0, cell= 
 Start: Initialize data arrays on chips
 End:   Initialize data arrays on chips, res= 0; Timer: cpu0=0.000 wall=0.002 
 Start: TimeServis
 End:   TimeServis; Timer: cpu0=0.422 wall=0.041 
 Start: FindEnclaves
 End:   FindEnclaves; Timer: cpu0=0.094 wall=0.092 
 Start: VarValueService
 End:   VarValueService; Timer: cpu0=0.000 wall=0.001 
 Start: SolvePhaseEquation 
 End:   SolvePhaseEquation ; Timer: cpu0=11.016 wall=1.356 
 Start: SolidFiltersProcess: calculate forces and moments
 End:   SolidFiltersProcess: calculate forces and moments; Timer: cpu0=0.000 wall=0.001 
 Start: PrepareDataForNextStep
 End:   PrepareDataForNextStep; Timer: cpu0=0.344 wall=0.034 
 Start: VarValueService
 End:   VarValueService; Timer: cpu0=0.000 wall=0.002 
 Start: UpdateStopperData
 End:   UpdateStopperData; Timer: cpu0=0.000 wall=0.001 
 Start: Saving text status in E:\UniFlight\flow\full_rocket20_fv\data\full_rocket20.status
 End:   Saving text status in E:\UniFlight\flow\full_rocket20_fv\data\full_rocket20.status; Timer: cpu0=0.000 wall=0.002 
 End:   ===== Time Step =====, Iter number =  115; Timer: cpu0=12.625 wall=1.651 

20.06.26 15:34:39  ===== Processing Layers =====
20.06.26 15:34:39    *SEND* for CScalarLayer, GUID=93D71ED0-037A-4648-BBF4-680D0FDCD798
 Start: ComputeVolumeCharacteristics
 End:   ComputeVolumeCharacteristics; Timer: cpu0=0.000 wall=0.005 
 Start: GetValueOnFacets
 End:   GetValueOnFacets; Timer: cpu0=0.000 wall=0.014 
20.06.26 15:34:39    *SEND* for CIntegralCharsLayer, GUID=4E090A0C-544B-E4A2-4242-BEC451D7CD2B
20.06.26 15:34:39    *SEND* for CIntegralCharsLayer, GUID=53BB5889-26C7-9FD5-3BE6-8D746C5C843A
20.06.26 15:34:39    *SEND* for CIntegralCharsLayer, GUID=FB58FBBB-1926-D59E-785F-29B9759925F3
 End:   ===== Processing Layers =====; Timer: cpu0=0.000 wall=0.036 

20.06.26 15:34:39  ===== New Time Step =====, Iter number =  116
 Start: TimeServis
 End:   TimeServis; Timer: cpu0=0.297 wall=0.040 
 Start: User modules' functions BeforeTimeStep() are calling
 End:   User modules' functions BeforeTimeStep() are calling; Timer: cpu0=0.000 wall=0.005 
 Start: Adaptation, TotalRealCellsCount= 94622 
 End:   Adaptation; Timer: cpu0=0.000 wall=0.004 
 Start: Initialize data arrays on chips
 End:   Initialize data arrays on chips, res= 0; Timer: cpu0=0.000 wall=0.004 
  ***** Maximum Geometrical Gauss = 1.61209e-14, cell= 590:2:2:6:0
  ***** Maximum MovingSurf  Gauss = 0, cell= 
 Start: Initialize data arrays on chips
 End:   Initialize data arrays on chips, res= 0; Timer: cpu0=0.172 wall=0.001 
 Start: TimeServis
 End:   TimeServis; Timer: cpu0=0.344 wall=0.037 
 Start: FindEnclaves
 End:   FindEnclaves; Timer: cpu0=0.109 wall=0.101 
 Start: VarValueService
 End:   VarValueService; Timer: cpu0=0.000 wall=0.001 
 Start: SolvePhaseEquation 
 End:   SolvePhaseEquation ; Timer: cpu0=11.203 wall=1.357 
 Start: SolidFiltersProcess: calculate forces and moments
 End:   SolidFiltersProcess: calculate forces and moments; Timer: cpu0=0.000 wall=0.001 
 Start: PrepareDataForNextStep
 End:   PrepareDataForNextStep; Timer: cpu0=0.375 wall=0.036 
 Start: VarValueService
 End:   VarValueService; Timer: cpu0=0.000 wall=0.001 
 Start: UpdateStopperData
 End:   UpdateStopperData; Timer: cpu0=0.000 wall=0.001 
 Start: Saving text status in E:\UniFlight\flow\full_rocket20_fv\data\full_rocket20.status
 End:   Saving text status in E:\UniFlight\flow\full_rocket20_fv\data\full_rocket20.status; Timer: cpu0=0.000 wall=0.002 
 End:   ===== Time Step =====, Iter number =  116; Timer: cpu0=12.672 wall=1.653 

20.06.26 15:34:41  ===== Processing Layers =====
20.06.26 15:34:41    *SEND* for CScalarLayer, GUID=93D71ED0-037A-4648-BBF4-680D0FDCD798
 Start: ComputeVolumeCharacteristics
 End:   ComputeVolumeCharacteristics; Timer: cpu0=0.000 wall=0.005 
 Start: GetValueOnFacets
 End:   GetValueOnFacets; Timer: cpu0=0.078 wall=0.013 
20.06.26 15:34:41    *SEND* for CIntegralCharsLayer, GUID=4E090A0C-544B-E4A2-4242-BEC451D7CD2B
20.06.26 15:34:41    *SEND* for CIntegralCharsLayer, GUID=53BB5889-26C7-9FD5-3BE6-8D746C5C843A
20.06.26 15:34:41    *SEND* for CIntegralCharsLayer, GUID=FB58FBBB-1926-D59E-785F-29B9759925F3
 End:   ===== Processing Layers =====; Timer: cpu0=0.250 wall=0.036 

20.06.26 15:34:41  ===== New Time Step =====, Iter number =  117
 Start: TimeServis
 End:   TimeServis; Timer: cpu0=0.359 wall=0.036 
 Start: User modules' functions BeforeTimeStep() are calling
 End:   User modules' functions BeforeTimeStep() are calling; Timer: cpu0=0.000 wall=0.002 
 Start: Adaptation, TotalRealCellsCount= 94622 
 End:   Adaptation; Timer: cpu0=0.000 wall=0.004 
 Start: Initialize data arrays on chips
 End:   Initialize data arrays on chips, res= 0; Timer: cpu0=0.000 wall=0.002 
  ***** Maximum Geometrical Gauss = 1.61209e-14, cell= 590:2:2:6:0
  ***** Maximum MovingSurf  Gauss = 0, cell= 
 Start: Initialize data arrays on chips
 End:   Initialize data arrays on chips, res= 0; Timer: cpu0=0.000 wall=0.002 
 Start: TimeServis
 End:   TimeServis; Timer: cpu0=0.312 wall=0.033 
 Start: FindEnclaves
 End:   FindEnclaves; Timer: cpu0=0.078 wall=0.079 
 Start: VarValueService
 End:   VarValueService; Timer: cpu0=0.000 wall=0.001 
 Start: SolvePhaseEquation 
 End:   SolvePhaseEquation ; Timer: cpu0=11.234 wall=1.474 
 Start: SolidFiltersProcess: calculate forces and moments
 End:   SolidFiltersProcess: calculate forces and moments; Timer: cpu0=0.000 wall=0.002 
 Start: PrepareDataForNextStep
 End:   PrepareDataForNextStep; Timer: cpu0=0.328 wall=0.033 
 Start: VarValueService
 End:   VarValueService; Timer: cpu0=0.000 wall=0.001 
 Start: UpdateStopperData
 End:   UpdateStopperData; Timer: cpu0=0.000 wall=0.001 
 Start: Saving text status in E:\UniFlight\flow\full_rocket20_fv\data\full_rocket20.status
 End:   Saving text status in E:\UniFlight\flow\full_rocket20_fv\data\full_rocket20.status; Timer: cpu0=0.000 wall=0.002 
 End:   ===== Time Step =====, Iter number =  117; Timer: cpu0=12.656 wall=1.730 

20.06.26 15:34:43  ===== Processing Layers =====
20.06.26 15:34:43    *SEND* for CScalarLayer, GUID=93D71ED0-037A-4648-BBF4-680D0FDCD798
 Start: ComputeVolumeCharacteristics
 End:   ComputeVolumeCharacteristics; Timer: cpu0=0.172 wall=0.003 
 Start: GetValueOnFacets
 End:   GetValueOnFacets; Timer: cpu0=0.031 wall=0.015 
20.06.26 15:34:43    *SEND* for CIntegralCharsLayer, GUID=4E090A0C-544B-E4A2-4242-BEC451D7CD2B
20.06.26 15:34:43    *SEND* for CIntegralCharsLayer, GUID=53BB5889-26C7-9FD5-3BE6-8D746C5C843A
20.06.26 15:34:43    *SEND* for CIntegralCharsLayer, GUID=FB58FBBB-1926-D59E-785F-29B9759925F3
 End:   ===== Processing Layers =====; Timer: cpu0=0.203 wall=0.036 

20.06.26 15:34:43  ===== New Time Step =====, Iter number =  118
 Start: TimeServis
 End:   TimeServis; Timer: cpu0=0.328 wall=0.033 
 Start: User modules' functions BeforeTimeStep() are calling
 End:   User modules' functions BeforeTimeStep() are calling; Timer: cpu0=0.000 wall=0.001 
 Start: Adaptation, TotalRealCellsCount= 94622 
 End:   Adaptation; Timer: cpu0=0.141 wall=0.004 
 Start: Initialize data arrays on chips
 End:   Initialize data arrays on chips, res= 0; Timer: cpu0=0.000 wall=0.002 
  ***** Maximum Geometrical Gauss = 1.61209e-14, cell= 599:3:3:7:0
  ***** Maximum MovingSurf  Gauss = 0, cell= 
 Start: Initialize data arrays on chips
 End:   Initialize data arrays on chips, res= 0; Timer: cpu0=0.000 wall=0.002 
 Start: TimeServis
 End:   TimeServis; Timer: cpu0=0.203 wall=0.041 
 Start: FindEnclaves
 End:   FindEnclaves; Timer: cpu0=0.078 wall=0.083 
 Start: VarValueService
 End:   VarValueService; Timer: cpu0=0.000 wall=0.002 
 Start: SolvePhaseEquation 
 End:   SolvePhaseEquation ; Timer: cpu0=10.922 wall=1.403 
 Start: SolidFiltersProcess: calculate forces and moments
 End:   SolidFiltersProcess: calculate forces and moments; Timer: cpu0=0.000 wall=0.002 
 Start: PrepareDataForNextStep
 End:   PrepareDataForNextStep; Timer: cpu0=0.328 wall=0.040 
 Start: VarValueService
 End:   VarValueService; Timer: cpu0=0.000 wall=0.002 
 Start: UpdateStopperData
 End:   UpdateStopperData; Timer: cpu0=0.000 wall=0.001 
 Start: Saving text status in E:\UniFlight\flow\full_rocket20_fv\data\full_rocket20.status
 End:   Saving text status in E:\UniFlight\flow\full_rocket20_fv\data\full_rocket20.status; Timer: cpu0=0.000 wall=0.002 
 End:   ===== Time Step =====, Iter number =  118; Timer: cpu0=12.312 wall=1.675 

20.06.26 15:34:45  ===== Processing Layers =====
20.06.26 15:34:45    *SEND* for CScalarLayer, GUID=93D71ED0-037A-4648-BBF4-680D0FDCD798
 Start: ComputeVolumeCharacteristics
 End:   ComputeVolumeCharacteristics; Timer: cpu0=0.000 wall=0.005 
 Start: GetValueOnFacets
 End:   GetValueOnFacets; Timer: cpu0=0.047 wall=0.013 
20.06.26 15:34:45    *SEND* for CIntegralCharsLayer, GUID=4E090A0C-544B-E4A2-4242-BEC451D7CD2B
20.06.26 15:34:45    *SEND* for CIntegralCharsLayer, GUID=53BB5889-26C7-9FD5-3BE6-8D746C5C843A
20.06.26 15:34:45    *SEND* for CIntegralCharsLayer, GUID=FB58FBBB-1926-D59E-785F-29B9759925F3
 End:   ===== Processing Layers =====; Timer: cpu0=0.219 wall=0.037 

20.06.26 15:34:45  ===== New Time Step =====, Iter number =  119
 Start: TimeServis
 End:   TimeServis; Timer: cpu0=0.344 wall=0.033 
 Start: User modules' functions BeforeTimeStep() are calling
 End:   User modules' functions BeforeTimeStep() are calling; Timer: cpu0=0.000 wall=0.002 
 Start: Adaptation, TotalRealCellsCount= 94622 
 End:   Adaptation; Timer: cpu0=0.000 wall=0.004 
 Start: Initialize data arrays on chips
 End:   Initialize data arrays on chips, res= 0; Timer: cpu0=0.016 wall=0.003 
  ***** Maximum Geometrical Gauss = 1.61209e-14, cell= 590:2:2:6:0
  ***** Maximum MovingSurf  Gauss = 0, cell= 
 Start: Initialize data arrays on chips
 End:   Initialize data arrays on chips, res= 0; Timer: cpu0=0.000 wall=0.002 
 Start: TimeServis
 End:   TimeServis; Timer: cpu0=0.328 wall=0.045 
 Start: FindEnclaves
 End:   FindEnclaves; Timer: cpu0=0.109 wall=0.120 
 Start: VarValueService
 End:   VarValueService; Timer: cpu0=0.000 wall=0.002 
 Start: SolvePhaseEquation 
 End:   SolvePhaseEquation ; Timer: cpu0=11.406 wall=1.474 
 Start: SolidFiltersProcess: calculate forces and moments
 End:   SolidFiltersProcess: calculate forces and moments; Timer: cpu0=0.000 wall=0.001 
 Start: PrepareDataForNextStep
 End:   PrepareDataForNextStep; Timer: cpu0=0.172 wall=0.039 
 Start: VarValueService
 End:   VarValueService; Timer: cpu0=0.000 wall=0.001 
 Start: UpdateStopperData
 End:   UpdateStopperData; Timer: cpu0=0.000 wall=0.000 
 Start: Saving text status in E:\UniFlight\flow\full_rocket20_fv\data\full_rocket20.status
 End:   Saving text status in E:\UniFlight\flow\full_rocket20_fv\data\full_rocket20.status; Timer: cpu0=0.016 wall=0.003 
 End:   ===== Time Step =====, Iter number =  119; Timer: cpu0=12.719 wall=1.792 

Simulation time end is reached, stopping solution.
SOLUTION STOPPED (TIME=255.131s, MPITIME=255.131s)

20.06.26 15:34:47  ===== Processing Layers =====
20.06.26 15:34:47    *SEND* for CScalarLayer, GUID=93D71ED0-037A-4648-BBF4-680D0FDCD798
 Start: ComputeVolumeCharacteristics
 End:   ComputeVolumeCharacteristics; Timer: cpu0=0.000 wall=0.006 
 Start: GetValueOnFacets
 End:   GetValueOnFacets; Timer: cpu0=0.016 wall=0.016 
20.06.26 15:34:47    *SEND* for CIntegralCharsLayer, GUID=4E090A0C-544B-E4A2-4242-BEC451D7CD2B
20.06.26 15:34:47    *SEND* for CIntegralCharsLayer, GUID=53BB5889-26C7-9FD5-3BE6-8D746C5C843A
20.06.26 15:34:47    *SEND* for CIntegralCharsLayer, GUID=FB58FBBB-1926-D59E-785F-29B9759925F3
 End:   ===== Processing Layers =====; Timer: cpu0=0.172 wall=0.037 
 Start: Saving values
 End:   Saving values, res= 0; Timer: cpu0=0.625 wall=0.077 
 Start: Saving grid
 End:   Saving grid, res= 0; Timer: cpu0=0.766 wall=0.136 
 Start: Saving grid index
 End:   Saving grid index, res= 0; Timer: cpu0=0.000 wall=0.001 
