 Start: ComputeIntegralCharacteristics
 End:   ComputeIntegralCharacteristics; Timer: cpu0=0.000 wall=0.002 
RESTART SOLUTION

Project name: full_rocket10
Project path: E:\UniFlight\flow\full_rocket10_fv\data\full_rocket10.fvproj
Current node: 0 (step=0, time=0)

Current input data
------------------
Region:
   LocalFrameRef=(none)
   Rotation=(none)
   GeneralSettings:
      RefValue:
         Temp=273
         Pres=101000
      Gravity:
         x=0
         y=0
         z=0
      GPOINT:
         x=0
         y=0
         z=0
      g_density=0
   Substances[0l]:
      UIName=Substance #0
      Type=standart
      State=gas
      Properties[0l]:
         Dimension=kg/mole
         Value=0.029
      Properties[1l]:
         Dimension=kg/m^3
         Value=Ideal gas law
         dRodP=0
         dRodT=0
      Properties[2l]:
         Dimension=kg/(m*s)
         Value=2e-05
      Properties[3l]:
         Dimension=W/(m*K)
         Value=0.022
      Properties[4l]:
         Dimension=J/(kg*K)
         Value=1000
      Properties[5l]:
         Dimension=J/kg
         Value=0
      Properties[6l]:
         Dimension=J/kg
         Value=Linear function
      Properties[7l]:
         Dimension=Pa
         Value=0
      Properties[8l]:
         Dimension=A
         Value=0
      Properties[9l]:
         Dimension=K
         Value=0
      Properties[10l]:
         Dimension=1/(Ohm*m)
         Value=0
      Properties[11l]:
         Dimension=Relative
         Value=0
      Properties[12l]:
         Dimension=Relative
         Value=0
   Phases[0l]:
      UIName=Phase #0
      Type=Continuum
      MuMixingModel=MODEL2_MU
      LbMixingModel=MODEL2_LB
      Substances[0l]=Region.Substances[0]
      Equations:
         EquationClasses[0l]=(none)
         EquationClasses[1l]=(none)
         EquationClasses[2l]=CNavierStokesEqSys
         EquationClasses[3l]=(none)
         EquationClasses[4l]=(none)
         EquationClasses[5l]=(none)
         EquationClasses[6l]=(none)
      Diam_Groups_Number_D=1
   Models[0l]:
      UIName=Model #0
      Phases[0l]=Region.Phases[0]
      InitialData[0l]:
         UIName=Init. data #0
         IniVars[0l]:
            Value:
               x=-103
               y=-5
               z=0
         IniVars[1l]:
            Value=0
      GapModel=(none)
      GapModelType=(none)
      Averaging:
         AveragingStartTime=0
   VisObjects[0l]:
      Users[0l]:
         Settings:
            MIndex=0
         Constraints=(none)
         normal:
            x=0
            y=0
            z=0
         IceSurface=False
         EnclaveAnalysis:
            Enabled=False
            SmallPolicy=KEEP
            VolThreshold=0
      Users[1l]:
         UIName=Init. condition #0
         Constraints=(none)
         ViewObject=Region.VisObjects[0]
         IniData=Region.Models[0].InitialData[0]
         Type=WholeCell
   VisObjects[1l]:
      UIName=Тело 3
      Users[0l]:
         UIName=Тело 3
         Object=Region.VisObjects[1]
         Constraints=(none)
         MarkCellsMode=BY_BOX
         Activation:
            Kind=PERMANENT
            TimeStart=0
            TimeDuration=0
            TimePeriod=0
            IterStart=1
            IterDuration=1
            IterPeriod=1
         Update:
            Kind=NON
            Time=0
            Iteration=1
         MassProperty:
            Mass=0
            CenterInertia:
               x=0
               y=0
               z=0
            MomentInertia0:
               x=0
               y=0
               z=0
            MomentInertia1:
               x=0
               y=0
               z=0
            MomentInertia2:
               x=0
               y=0
               z=0
         Movement:
            TimeVel:
               x=0
               y=0
               z=0
            Velocity:
               x=0
               y=0
               z=0
            TimeForce:
               x=0
               y=0
               z=0
            Force:
               x=0
               y=0
               z=0
            HydroForce:
               x=True
               y=True
               z=True
            Omega=1
         Rotation:
            UseCenterInertia=True
            Center:
               x=0
               y=0
               z=0
            TimeVel:
               x=0
               y=0
               z=0
            Velocity:
               x=0
               y=0
               z=0
            TimeMoment:
               x=0
               y=0
               z=0
            Moment:
               x=0
               y=0
               z=0
            HydroMoment:
               x=True
               y=True
               z=True
            Omega=1
         Location:
            Origin:
               x=0
               y=0
               z=0
            Def=CUSTOM_AXIS
            Angle=0
            Axis:
               x=1
               y=0
               z=0
            DefEuler=AVIA_RUS_ANGLES
            DefUser=THREE_AXES_XYZ
            Gamma=0
            Alpha=0
            Beta=0
            VIS_Ort0:
               x=1
               y=0
               z=0
            VIS_Ort1:
               x=0
               y=1
               z=0
            VIS_Ort2:
               x=0
               y=0
               z=1
            VIS_Scale=1
         Limitation:
            LimiterClass=CNoPositionLimiter
            Limiter=Region.VisObjects[1].Users[0].Limitation.Limiter
         DOF:
            Type=NO_LIMITS
            Point1:
               x=0
               y=0
               z=0
            Point2:
               x=1
               y=1
               z=1
            Translation=True
            Rotation=True
         FsiParams:
            ArtCompres=False
            MB_flexibility=0
            MB_mobility=0
         InsideOut=False
      Location:
         Origin:
            x=0
            y=0
            z=0
         Ort0:
            x=1
            y=0
            z=0
         Ort1:
            x=0
            y=1
            z=0
         Ort2:
            x=0
            y=0
            z=1
         Scale=1
      Source=E:\UniFlight\flow\\full_rocket10_fv\data/Тело 3.vtk
      Information:
         NumGroups=0
         NumFacets=0
         NumPoints=0
         Dim:
            Center:
               x=0
               y=0
               z=0
            Size:
               x=0
               y=0
               z=0
            BoxMin:
               x=0
               y=0
               z=0
            BoxMax:
               x=0
               y=0
               z=0
      MinLengthOfEdge=0.0452404
   VisObjects[2l]:
      UIName=Тело 1
      Users[0l]:
         UIName=Тело 1
         Object=Region.VisObjects[2]
         Constraints=(none)
         MarkCellsMode=BY_BOX
         Activation:
            Kind=PERMANENT
            TimeStart=0
            TimeDuration=0
            TimePeriod=0
            IterStart=1
            IterDuration=1
            IterPeriod=1
         Update:
            Kind=NON
            Time=0
            Iteration=1
         MassProperty:
            Mass=0
            CenterInertia:
               x=0
               y=0
               z=0
            MomentInertia0:
               x=0
               y=0
               z=0
            MomentInertia1:
               x=0
               y=0
               z=0
            MomentInertia2:
               x=0
               y=0
               z=0
         Movement:
            TimeVel:
               x=0
               y=0
               z=0
            Velocity:
               x=0
               y=0
               z=0
            TimeForce:
               x=0
               y=0
               z=0
            Force:
               x=0
               y=0
               z=0
            HydroForce:
               x=True
               y=True
               z=True
            Omega=1
         Rotation:
            UseCenterInertia=True
            Center:
               x=0
               y=0
               z=0
            TimeVel:
               x=0
               y=0
               z=0
            Velocity:
               x=0
               y=0
               z=0
            TimeMoment:
               x=0
               y=0
               z=0
            Moment:
               x=0
               y=0
               z=0
            HydroMoment:
               x=True
               y=True
               z=True
            Omega=1
         Location:
            Origin:
               x=0
               y=0
               z=0
            Def=CUSTOM_AXIS
            Angle=0
            Axis:
               x=1
               y=0
               z=0
            DefEuler=AVIA_RUS_ANGLES
            DefUser=THREE_AXES_XYZ
            Gamma=0
            Alpha=0
            Beta=0
            VIS_Ort0:
               x=1
               y=0
               z=0
            VIS_Ort1:
               x=0
               y=1
               z=0
            VIS_Ort2:
               x=0
               y=0
               z=1
            VIS_Scale=1
         Limitation:
            LimiterClass=CNoPositionLimiter
            Limiter=Region.VisObjects[2].Users[0].Limitation.Limiter
         DOF:
            Type=NO_LIMITS
            Point1:
               x=0
               y=0
               z=0
            Point2:
               x=1
               y=1
               z=1
            Translation=True
            Rotation=True
         FsiParams:
            ArtCompres=False
            MB_flexibility=0
            MB_mobility=0
         InsideOut=False
      Location:
         Origin:
            x=0
            y=0
            z=0
         Ort0:
            x=1
            y=0
            z=0
         Ort1:
            x=0
            y=1
            z=0
         Ort2:
            x=0
            y=0
            z=1
         Scale=1
      Source=E:\UniFlight\flow\\full_rocket10_fv\data/Тело 1.vtk
      Information:
         NumGroups=0
         NumFacets=0
         NumPoints=0
         Dim:
            Center:
               x=0
               y=0
               z=0
            Size:
               x=0
               y=0
               z=0
            BoxMin:
               x=0
               y=0
               z=0
            BoxMax:
               x=0
               y=0
               z=0
      MinLengthOfEdge=0.526565
   VisObjects[3l]:
      UIName=Смещенная плоскость:1
      center:
         x=0.0005
         y=0.0005
         z=0.01
      normal:
         x=0
         y=0
         z=1
      shiftAlongNormal=0
      planePoint:
         x=0.0005
         y=0.0005
         z=0.01
      Distance=0.01
   VisObjects[4l]:
      UIName=Supergroup #0
      Users[0l]:
         UIName=Характеристика Результат #1
         Object=Region.VisObjects[4]
         Settings:
            MIndex=0
         Constraints=(none)
         SubRegion=Region.VisObjects[4].Users[0].SubRegion
         MomentPt:
            x=0
            y=0
            z=0
         normal:
            x=0
            y=0
            z=0
         Var:
            Comp=SOURCE
         IceSurface=False
         ExtendedData=False
         EnclaveAnalysis:
            Enabled=False
            SmallPolicy=KEEP
            VolThreshold=0
   VisObjects[5l]:
      UIName=Supergroup #1
      Users[0l]:
         UIName=Характеристика Результат #2
         Object=Region.VisObjects[5]
         Settings:
            MIndex=0
         Constraints=(none)
         SubRegion=Region.VisObjects[4].Users[0].SubRegion
         MomentPt:
            x=0
            y=0
            z=0
         normal:
            x=0
            y=0
            z=0
         Var:
            Comp=SOURCE
         IceSurface=False
         ExtendedData=False
         EnclaveAnalysis:
            Enabled=False
            SmallPolicy=KEEP
            VolThreshold=0
   VisCharacteristics[0l]:
      Settings:
         MIndex=0
      Constraints=(none)
      normal:
         x=0
         y=0
         z=0
      IceSurface=False
      EnclaveAnalysis:
         Enabled=False
         SmallPolicy=KEEP
         VolThreshold=0
   VisCharacteristics[1l]:
      UIName=Характеристика Результат #1
      Object=Region.VisObjects[4]
      Settings:
         MIndex=0
      Constraints=(none)
      SubRegion=Region.VisObjects[4].Users[0].SubRegion
      MomentPt:
         x=0
         y=0
         z=0
      normal:
         x=0
         y=0
         z=0
      Var:
         Comp=SOURCE
      IceSurface=False
      ExtendedData=False
      EnclaveAnalysis:
         Enabled=False
         SmallPolicy=KEEP
         VolThreshold=0
   VisCharacteristics[2l]:
      UIName=Характеристика Результат #2
      Object=Region.VisObjects[5]
      Settings:
         MIndex=0
      Constraints=(none)
      SubRegion=Region.VisObjects[4].Users[0].SubRegion
      MomentPt:
         x=0
         y=0
         z=0
      normal:
         x=0
         y=0
         z=0
      Var:
         Comp=SOURCE
      IceSurface=False
      ExtendedData=False
      EnclaveAnalysis:
         Enabled=False
         SmallPolicy=KEEP
         VolThreshold=0
   VisibleSubRegs[0l]:
      UIName=SubRegion #0
      Model=Region.Models[0]
      Volume=1.28973e+06
      LocalFrameRef=(none)
      Rotation=(none)
      BConditions[0l]:
         UIName=Граничное условие
         Type=WALL
         WallTypes[0l]=WALLFUNC_EQUIL
         Roughness=0
         Wetangle=90
         GapSealing=-1
         AlphaWall=-1
         GapThermalConductance=-1
         LocalFrameRef=(none)
         Rotation=(none)
         Translation=(none)
         VarConditions[0l]:
            PhaseName=Phase #0
            Type=CBVelWallNonSlip
         Color=0x00ff0000
         Area=883.836
         VarTypes[0l]=CBVelWallNonSlip
         NumberOfSectors=0
         BinderCondition=(none)
         Binder=(none)
      BConditions[1l]:
         UIName=EXTENDED_INLET
         Type=INLETOUTLET
         WallTypes[0l]=WALLFUNC_EQUIL
         Roughness=0
         Wetangle=90
         GapSealing=-1
         AlphaWall=-1
         GapThermalConductance=-1
         LocalFrameRef=(none)
         Rotation=(none)
         Translation=(none)
         VarConditions[0l]:
            PhaseName=Phase #0
            Type=CBVelVectorPres
            VelVector:
               x=-103
               y=-5
               z=0
            VIS_Pres=0
         Color=0x00ff0000
         Area=0
         VarTypes[0l]=CBVelVectorPres
         NumberOfSectors=0
         BinderCondition=(none)
         Binder=(none)
      BConditions[2l]:
         UIName=EXTENDED_OUTLET
         Type=FREEOUTLET
         WallTypes[0l]=WALLFUNC_EQUIL
         Roughness=0
         Wetangle=90
         GapSealing=-1
         AlphaWall=-1
         GapThermalConductance=-1
         LocalFrameRef=(none)
         Rotation=(none)
         Translation=(none)
         VarConditions[0l]:
            PhaseName=Phase #0
            Type=CBVelOutlet
            Pressure=0
         Color=0x00ff0000
         Area=0
         VarTypes[0l]=CBVelOutlet
         NumberOfSectors=0
         BinderCondition=(none)
         Binder=(none)
      BConditions[3l]:
         UIName=EXTENDED_NONREFLECT
         Type=NONREFLECT
         WallTypes[0l]=WALLFUNC_EQUIL
         Roughness=0
         Wetangle=90
         GapSealing=-1
         AlphaWall=-1
         GapThermalConductance=-1
         LocalFrameRef=(none)
         Rotation=(none)
         Translation=(none)
         VarConditions[0l]:
            PhaseName=Phase #0
            Type=CBVelRiemann
            VelInf:
               x=-103
               y=-5
               z=0
            PresInf=0
         Color=0x00ff0000
         Area=78116.8
         VarTypes[0l]=CBVelRiemann
         NumberOfSectors=0
         BinderCondition=(none)
         Binder=(none)
      Filters[0l]:
         UIName=Тело 3
         Object=Region.VisObjects[1]
         Constraints=(none)
         MarkCellsMode=BY_BOX
         Activation:
            Kind=PERMANENT
            TimeStart=0
            TimeDuration=0
            TimePeriod=0
            IterStart=1
            IterDuration=1
            IterPeriod=1
         Update:
            Kind=NON
            Time=0
            Iteration=1
         MassProperty:
            Mass=0
            CenterInertia:
               x=0
               y=0
               z=0
            MomentInertia0:
               x=0
               y=0
               z=0
            MomentInertia1:
               x=0
               y=0
               z=0
            MomentInertia2:
               x=0
               y=0
               z=0
         Movement:
            TimeVel:
               x=0
               y=0
               z=0
            Velocity:
               x=0
               y=0
               z=0
            TimeForce:
               x=0
               y=0
               z=0
            Force:
               x=0
               y=0
               z=0
            HydroForce:
               x=True
               y=True
               z=True
            Omega=1
         Rotation:
            UseCenterInertia=True
            Center:
               x=0
               y=0
               z=0
            TimeVel:
               x=0
               y=0
               z=0
            Velocity:
               x=0
               y=0
               z=0
            TimeMoment:
               x=0
               y=0
               z=0
            Moment:
               x=0
               y=0
               z=0
            HydroMoment:
               x=True
               y=True
               z=True
            Omega=1
         Location:
            Origin:
               x=0
               y=0
               z=0
            Def=CUSTOM_AXIS
            Angle=0
            Axis:
               x=1
               y=0
               z=0
            DefEuler=AVIA_RUS_ANGLES
            DefUser=THREE_AXES_XYZ
            Gamma=0
            Alpha=0
            Beta=0
            VIS_Ort0:
               x=1
               y=0
               z=0
            VIS_Ort1:
               x=0
               y=1
               z=0
            VIS_Ort2:
               x=0
               y=0
               z=1
            VIS_Scale=1
         Limitation:
            LimiterClass=CNoPositionLimiter
            Limiter=Region.VisObjects[1].Users[0].Limitation.Limiter
         DOF:
            Type=NO_LIMITS
            Point1:
               x=0
               y=0
               z=0
            Point2:
               x=1
               y=1
               z=1
            Translation=True
            Rotation=True
         FsiParams:
            ArtCompres=False
            MB_flexibility=0
            MB_mobility=0
         InsideOut=False
      Filters[1l]:
         UIName=Тело 1
         Object=Region.VisObjects[2]
         Constraints=(none)
         MarkCellsMode=BY_BOX
         Activation:
            Kind=PERMANENT
            TimeStart=0
            TimeDuration=0
            TimePeriod=0
            IterStart=1
            IterDuration=1
            IterPeriod=1
         Update:
            Kind=NON
            Time=0
            Iteration=1
         MassProperty:
            Mass=0
            CenterInertia:
               x=0
               y=0
               z=0
            MomentInertia0:
               x=0
               y=0
               z=0
            MomentInertia1:
               x=0
               y=0
               z=0
            MomentInertia2:
               x=0
               y=0
               z=0
         Movement:
            TimeVel:
               x=0
               y=0
               z=0
            Velocity:
               x=0
               y=0
               z=0
            TimeForce:
               x=0
               y=0
               z=0
            Force:
               x=0
               y=0
               z=0
            HydroForce:
               x=True
               y=True
               z=True
            Omega=1
         Rotation:
            UseCenterInertia=True
            Center:
               x=0
               y=0
               z=0
            TimeVel:
               x=0
               y=0
               z=0
            Velocity:
               x=0
               y=0
               z=0
            TimeMoment:
               x=0
               y=0
               z=0
            Moment:
               x=0
               y=0
               z=0
            HydroMoment:
               x=True
               y=True
               z=True
            Omega=1
         Location:
            Origin:
               x=0
               y=0
               z=0
            Def=CUSTOM_AXIS
            Angle=0
            Axis:
               x=1
               y=0
               z=0
            DefEuler=AVIA_RUS_ANGLES
            DefUser=THREE_AXES_XYZ
            Gamma=0
            Alpha=0
            Beta=0
            VIS_Ort0:
               x=1
               y=0
               z=0
            VIS_Ort1:
               x=0
               y=1
               z=0
            VIS_Ort2:
               x=0
               y=0
               z=1
            VIS_Scale=1
         Limitation:
            LimiterClass=CNoPositionLimiter
            Limiter=Region.VisObjects[2].Users[0].Limitation.Limiter
         DOF:
            Type=NO_LIMITS
            Point1:
               x=0
               y=0
               z=0
            Point2:
               x=1
               y=1
               z=1
            Translation=True
            Rotation=True
         FsiParams:
            ArtCompres=False
            MB_flexibility=0
            MB_mobility=0
         InsideOut=False
      InitialData[0l]:
         UIName=Init. condition #0
         Constraints=(none)
         ViewObject=Region.VisObjects[0]
         IniData=Region.Models[0].InitialData[0]
         Type=WholeCell
   BinderLinks:
   ExtInteractions:
      ExchangeTime:
         Type=Region.ExtInteractions.ExchangeTime.Type
         UserStep=0.01
         UndefStep=0.001
         StepCoef=1
      OldOffsetMethod=True
      SaveAfterReceive=False
   GridParameters:
      InitialGrid:
         GridStruct=GRID_3D
         GridPlane=PLANE_XY
         GridDirect=DIRECT_X
         nx=10
         X[0l]=-105.023
         X[1l]=-84.0193
         X[2l]=-63.0156
         X[3l]=-42.0118
         X[4l]=-21.0081
         X[5l]=-0.0043407
         X[6l]=20.9994
         X[7l]=42.0031
         X[8l]=63.0069
         X[9l]=84.0106
         X[10l]=105.014
         ny=10
         Y[0l]=-39.3074
         Y[1l]=-31.435
         Y[2l]=-23.5626
         Y[3l]=-15.6902
         Y[4l]=-7.81775
         Y[5l]=0.054671
         Y[6l]=7.92709
         Y[7l]=15.7995
         Y[8l]=23.6719
         Y[9l]=31.5443
         Y[10l]=39.4168
         nz=10
         Z[0l]=-39
         Z[1l]=-31.2
         Z[2l]=-23.4
         Z[3l]=-15.6
         Z[4l]=-7.8
         Z[5l]=0
         Z[6l]=7.8
         Z[7l]=15.6
         Z[8l]=23.4
         Z[9l]=31.2
         Z[10l]=39
      Adaptation:
         Activation:
            Kind=BYITER
            TimeStart=0
            TimeDuration=0
            TimePeriod=0
            IterStart=-1
            IterDuration=2
            IterPeriod=1000000
         Criteria[0l]:
            UIName=Adaptation #0
            Activation=True
            maxLevel=0
            subregArray[0l]=Region.VisObjects[4].Users[0].SubRegion
            placeArray[0l]:
               Place=Region.VisObjects[0]
               Settings:
                  MIndex=0
            AdpStatType=MERGE
            TwoChips=True
            Concavity=True
            OpSameBC=True
            OpDiffConj=True
            AdpToCurvParams:
               IsActive=False
               AddLevels=2
               SurfCurvMaxAngle=15
               SurfCurvUpperLimit=120
            AdpToEdgeParams:
               IsActive=False
               AddLevels=2
               SharpEdgeAngle=60
            layerCounts[0l]=1
         Criteria[1l]:
            UIName=Адаптация #1
            Activation=True
            maxLevel=3
            subregArray[0l]=Region.VisObjects[4].Users[0].SubRegion
            placeArray[0l]:
               Place=Region.VisibleSubRegs[0].BConditions[0]
               Settings:
                  MIndex=0
            AdpStatType=DIVIDE
            TwoChips=True
            Concavity=True
            OpSameBC=True
            OpDiffConj=True
            AdpToCurvParams:
               IsActive=False
               AddLevels=2
               SurfCurvMaxAngle=15
               SurfCurvUpperLimit=120
            AdpToEdgeParams:
               IsActive=False
               AddLevels=2
               SharpEdgeAngle=60
            layerCounts[0l]=3
            layerCounts[1l]=3
            layerCounts[2l]=3
      AdaptationToCond:
         Activation:
            Kind=PERMANENT
            TimeStart=0
            TimeDuration=0
            TimePeriod=0
            IterStart=1
            IterDuration=1
            IterPeriod=1
      AdaptationToSolution:
         Activation:
            Kind=BYITER
            TimeStart=0
            TimeDuration=0
            TimePeriod=0
            IterStart=10
            IterDuration=2
            IterPeriod=10
         Criteria[0l]:
            UIName=Adaptation to solution #0
            Activation=True
            maxLevel=3
            subregArray[0l]=Region.VisObjects[4].Users[0].SubRegion
            placeArray[0l]:
               Place=Region.VisObjects[0]
               Settings:
                  MIndex=0
            varArray[0l]:
               Variable:
                  Comp=SOURCE
               Type=GRADIENT
               Value=0
               Weight=1
         cellCount=100000
      OBLGrids:
         Activation:
            Type=PERMANENT
            IterStart=0
            TimeStart=0
   DllManager:
   Source=E:\UniFlight\flow\\full_rocket10_fv\data/full_rocket10.vtk
   Information:
      NumGroups=6
      NumFacets=12
      NumPoints=8
      Dim:
         Center:
            x=-0.0043407
            y=0.054671
            z=3.55271e-15
         Size:
            x=210.037
            y=78.7242
            z=78
         BoxMin:
            x=-105.023
            y=-39.3074
            z=-39
         BoxMax:
            x=105.014
            y=39.4168
            z=39
   Tolerance=1e-08
   MinLengthOfEdge=78



Current controls data
------------------
Controls:
   TimeStep:
      Type=CFL
      Step=0.001
      CFL=10
      CFLSURF=1e+20
      CFLDIFF=1e+20
      CFLSLIDE=1
      CFLFILM=5
      Maximum=0.1
      Minimum=1e-20
      DisConvergenceLimit=1e-10
      GradP_use=True
      ImplicitMotion:
         MassCorrectionCoeff=1
         Enabled=False
         MaxIterations=10
         IterDuration=5
         MaxResidual=0.01
         Relaxation=0.5
         ArtCompressCoeff=0.75
   Advanced:
      Scheme:
         Type=Smooth
         Skew=False
         SchemeType=Implicit
         TimeStepping:
            Method=Standard
            NumCoupling=1
         SideGradAppr=True
         PresGrad=Simple
         PresTotal=PtotSimple
         OffSpeed=False
         densDependendConc=False
         AddSmoothByAdapt=False
         JointSol=False
      LES:
         SolverType=AST
         RelTol=1e-10
         UseA=True
         MaxIterA=100
         UseS=True
         MaxIterS=250
         FinalizeSQD=False
         UseT=True
         MaxIterT=400
      LimValue:
         StresMax=1e+20
         PresMin=-1e+20
         PresMax=1e+20
         Extrapolation=False
         FluxMax=1e+20
      MHDParameters:
         iterationsnumber=1
         useMHDtimestep=False
         diffaktor=0
      VOFParameters:
         conservative_VOF=True
         relaxation_VOF=1
         VOF_CFL=0
         useVOFtimestep=True
         useVOFSRCtimestep=False
         usedroplets=False
         vof_LEV=0.0001
         useConservativeVelocity=False
         useSigmaSurfGradCalc=False
      DISPERSEDparam:
         Type=Upwind
         FitaDmin=0.001
         useFilmTimeStep=False
         IcingActivation:
            Type=OFF
            IterStart=0
            TimeStart=0
      CheckGrid=False
      AdaptThroughGap=True
      Balancing:
         Kind=NON
         TimeStart=0
         TimeDuration=0
         TimePeriod=0
         IterStart=1
         IterDuration=1
         IterPeriod=1
      TurbulenceParameters:
         DistViaPotential=True
         StandardWF=False
         Fr_background=0.09
         T_profile=3
         T_Kader=False
         T_variation=False
      ChemistryParameters:
         MatrixSolver=False
      ExportLoadings:
         SaveData:
            Kind=NON
            Time=0
            Iteration=1
            Filename=loadings.glo
            Mode=APPEND
            UpdateOnStop=False
            Format=(none)
         Subject=NODE_LOADINGS
      MainLog:
         WriteMainLog=True
         MainLogDepth=1
      SlideSurface:
         Type=Sliding
      SmoothDiffFluxes=False
   Limiters:
      CalcLimiters:
         CommonCalcLims:
            K_volumedata=0.5
         PhaseCalcLims[0l]:
            EditValues[0l]=1e-10
            EditValues[1l]=1e+20
            EditValues[2l]=-1e+20
            EditValues[3l]=1e+20
            SmallCellParameters:
               Type=ABSOLUTE
               Criteria=0.2
               DynamicCriteria=0.2
            VeryViscouseFlow=False
   AutoSave:
      NonStationary=False
      Frequency:
         Kind=BYITER
         Time=0
         Iteration=50
      SaveVTK:
         Enabled=False
         Binary=True
      EnSight:
         Enabled=False
         Binary=True
   LayerAutoSave:
      NonStationary=False
      Frequency:
         Kind=NON
         Time=0
         Iteration=50
      SaveSolids=True
   TortAutoSave:
      Enabled=False
      AdaptLevel=3
      Method=Multiply
   ExportLMS:
      SubRegion=(none)
      OnSurface:
         Enabled=False
         SplitSources=False
      InVolume:
         Enabled=False
         Box=(none)
         Grid:
            LocalSystem=True
            Nodes1_i=101
            Nodes2_i=101
            Nodes3_i=101
            Nodes1_s=101
            Nodes2_s=101
            Nodes3_s=101
      Start:
         Kind=BYTIME
         TimeStart=0
         IterStart=1
      Transformation:
         Origin:
            x=0
            y=0
            z=0
         Ort0:
            x=1
            y=0
            z=0
         Ort1:
            x=0
            y=1
            z=0
         Ort2:
            x=0
            y=0
            z=1
         Scale=1
   Stoppers:
      TimeSpan:
         begin=0
         end=8
      Iterations:
         Number=1000000
      StopperResidual[0l]:
         Level=0
         Averaging=COMMON
         AveragingSettings:
            Kind=BYTIME
            Time=0
            Iteration=1
         Color=0x00006312
      StopperResidual[1l]:
         Level=0
         Averaging=COMMON
         AveragingSettings:
            Kind=BYTIME
            Time=0
            Iteration=1
         Color=0x004b4bf4
      StopperUser[0l]:
         UIName=Результат #1
         Level=0
         Averaging=COMMON
         AveragingSettings:
            Kind=BYTIME
            Time=0
            Iteration=1
         Color=0x00006312
         Object=Controls.Stoppers.StopperUser[0].Object
         Group=0
         UGV=14
         Comp=X
      StopperUser[1l]:
         UIName=Результат #2
         Level=0
         Averaging=COMMON
         AveragingSettings:
            Kind=BYTIME
            Time=0
            Iteration=1
         Color=0x004b4bf4
         Object=Controls.Stoppers.StopperUser[1].Object
         Group=0
         UGV=14
         Comp=Y
      Update:
         Kind=BYTIME
         Time=0
         Iteration=1
      StopIterations=5
      StartSettings:
         CheckMode=CHECKITER
         StartTime=0
         StartIter=0


------------------

SOLUTION STARTED
FlowVision Solver, version 3.13.01-W64 build 20240822 changeset 0.

20.06.26 15:41:23  ===== PreSolve Step =====
 Grid rebuild type:  1
 Start: DistributeGridOnProcessors
 End:   DistributeGridOnProcessors, res= 0; Timer: cpu0=0.000 wall=0.003 
 Start: DistributeFacet
 End:   DistributeFacet, res= 0; Timer: cpu0=0.000 wall=0.000 
 Start: DistributeGridOnProcessors
 End:   DistributeGridOnProcessors, res= 0; Timer: cpu0=0.000 wall=0.002 
 Start: DistributeFacet
 End:   DistributeFacet, res= 0; Timer: cpu0=0.000 wall=0.001 
 Start: BuildRealCells
 End:   BuildRealCells, res= 0; Timer: cpu0=0.125 wall=0.012 
 Start: SetNeiHyperCells
 End:   SetNeiHyperCells, res= 0; Timer: cpu0=0.000 wall=0.002 
 Start: SetNeiHyperCells
 End:   SetNeiHyperCells, res= 0; Timer: cpu0=0.000 wall=0.001 
 Start: TransferSubregs
 End:   TransferSubregs, res= 0; Timer: cpu0=0.000 wall=0.001 
 Start: CreateData
 End:   CreateData, res= 0; Timer: cpu0=0.000 wall=0.001 
 Start: Adaptation, TotalRealCellsCount= 1000 
 End:   Adaptation; Timer: cpu0=0.000 wall=0.002 
 Start: DistributeGridOnProcessors
 End:   DistributeGridOnProcessors, res= 0; Timer: cpu0=0.000 wall=0.007 
 Start: SetNeiHyperCells
 End:   SetNeiHyperCells, res= 0; Timer: cpu0=0.000 wall=0.001 
 Start: DataInitialization
 End:   DataInitialization; Timer: cpu0=0.000 wall=0.003 
 End:   ===== PreSolve Step =====; Timer: cpu0=0.141 wall=0.063 
20.06.26 15:41:23  ===== Processing Layers =====
20.06.26 15:41:23    *SEND* for CScalarLayer, GUID=35D5BC16-A80B-49DF-A4AB-2D8A3E454FDC
 Start: ComputeVolumeCharacteristics
 End:   ComputeVolumeCharacteristics; Timer: cpu0=0.000 wall=0.000 
 Start: GetValueOnFacets
 End:   GetValueOnFacets; Timer: cpu0=0.000 wall=0.001 
20.06.26 15:41:23    *SEND* for CIntegralCharsLayer, GUID=4E090A0C-544B-E4A2-4242-BEC451D7CD2B
20.06.26 15:41:23    *SEND* for CIntegralCharsLayer, GUID=DA27EECF-558C-D390-7112-31A961279F88
20.06.26 15:41:23    *SEND* for CIntegralCharsLayer, GUID=D073F2AC-92DF-84C7-2F9D-1DD60ACD790B
 End:   ===== Processing Layers =====; Timer: cpu0=0.000 wall=0.011 

20.06.26 15:41:23  ===== New Time Step =====, Iter number =  0
 Start: SolidFiltersProcess
 End:   SolidFiltersProcess, res= 0; Timer: cpu0=0.172 wall=0.012 
 Start: TimeServis
 End:   TimeServis; Timer: cpu0=0.000 wall=0.002 
 Start: User modules' functions BeforeTimeStep() are calling
 End:   User modules' functions BeforeTimeStep() are calling; Timer: cpu0=0.000 wall=0.001 
 Start: Adaptation, TotalRealCellsCount= 1016 
 End:   Adaptation; Timer: cpu0=1.203 wall=0.289 
 Start: DistributeGridOnProcessors
 End:   DistributeGridOnProcessors, res= 0; Timer: cpu0=0.047 wall=0.021 
 Start: SetNeiHyperCells
 End:   SetNeiHyperCells, res= 0; Timer: cpu0=0.000 wall=0.001 
 Start: BuildFacetDistribution
 End:   BuildFacetDistribution; Timer: cpu0=0.000 wall=0.001 
 Start: Initialize data arrays on chips
 End:   Initialize data arrays on chips, res= 0; Timer: cpu0=0.000 wall=0.001 
  ***** Maximum Geometrical Gauss = 3.69559e-15, cell= 654:5:1:2:1:0
  ***** Maximum MovingSurf  Gauss = 6.74187e-14, cell= 644:3:7:5:1:0
 Start: Remove Small Cells
 End:   Remove Small Cells; Timer: cpu0=0.000 wall=0.003 
 Start: Initialize data arrays on chips
 End:   Initialize data arrays on chips, res= 0; Timer: cpu0=0.000 wall=0.001 
  ***** Maximum Geometrical Gauss = 6.03336e-15, cell= 644:7:3:1:1:0
  ***** Maximum MovingSurf  Gauss = 8.61699e-15, cell= 655:4:0:4:1:0
 Start: Initialize data arrays on chips
 End:   Initialize data arrays on chips, res= 0; Timer: cpu0=0.000 wall=0.001 
 Start: Modify Chip Data
 End:   Modify Chip Data; Timer: cpu0=0.000 wall=0.004 
 Start: TimeServis
 End:   TimeServis; Timer: cpu0=0.000 wall=0.004 
 Start: FindEnclaves
 End:   FindEnclaves; Timer: cpu0=0.000 wall=0.002 
 Start: VarValueService
 End:   VarValueService; Timer: cpu0=0.000 wall=0.000 
 Start: SolvePhaseEquation 
 End:   SolvePhaseEquation ; Timer: cpu0=0.766 wall=0.102 
 Start: SolidFiltersProcess: calculate forces and moments
 End:   SolidFiltersProcess: calculate forces and moments; Timer: cpu0=0.000 wall=0.001 
 Start: PrepareDataForNextStep
 End:   PrepareDataForNextStep; Timer: cpu0=0.094 wall=0.008 
 Start: VarValueService
 End:   VarValueService; Timer: cpu0=0.000 wall=0.000 
 Start: UpdateStopperData
 End:   UpdateStopperData; Timer: cpu0=0.000 wall=0.001 
 Start: Saving text status in E:\UniFlight\flow\full_rocket10_fv\data\full_rocket10.status
 End:   Saving text status in E:\UniFlight\flow\full_rocket10_fv\data\full_rocket10.status; Timer: cpu0=0.000 wall=0.002 
 End:   ===== Time Step =====, Iter number =  0; Timer: cpu0=2.281 wall=0.491 

20.06.26 15:41:25  ===== Processing Layers =====
20.06.26 15:41:25    *SEND* for CScalarLayer, GUID=35D5BC16-A80B-49DF-A4AB-2D8A3E454FDC
 Start: ComputeVolumeCharacteristics
 End:   ComputeVolumeCharacteristics; Timer: cpu0=0.000 wall=0.001 
 Start: GetValueOnFacets
 End:   GetValueOnFacets; Timer: cpu0=0.016 wall=0.004 
20.06.26 15:41:25    *SEND* for CIntegralCharsLayer, GUID=4E090A0C-544B-E4A2-4242-BEC451D7CD2B
20.06.26 15:41:25    *SEND* for CIntegralCharsLayer, GUID=DA27EECF-558C-D390-7112-31A961279F88
20.06.26 15:41:25    *SEND* for CIntegralCharsLayer, GUID=D073F2AC-92DF-84C7-2F9D-1DD60ACD790B
 End:   ===== Processing Layers =====; Timer: cpu0=0.016 wall=0.015 

20.06.26 15:41:25  ===== New Time Step =====, Iter number =  1
 Start: TimeServis
 End:   TimeServis; Timer: cpu0=0.000 wall=0.003 
 Start: User modules' functions BeforeTimeStep() are calling
 End:   User modules' functions BeforeTimeStep() are calling; Timer: cpu0=0.000 wall=0.001 
 Start: Adaptation, TotalRealCellsCount= 7556 
 End:   Adaptation; Timer: cpu0=0.000 wall=0.001 
 Start: Initialize data arrays on chips
 End:   Initialize data arrays on chips, res= 0; Timer: cpu0=0.000 wall=0.001 
  ***** Maximum Geometrical Gauss = 6.03336e-15, cell= 644:7:3:1:1:0
  ***** Maximum MovingSurf  Gauss = 0, cell= 
 Start: Initialize data arrays on chips
 End:   Initialize data arrays on chips, res= 0; Timer: cpu0=0.000 wall=0.001 
 Start: TimeServis
 End:   TimeServis; Timer: cpu0=0.000 wall=0.004 
 Start: FindEnclaves
 End:   FindEnclaves; Timer: cpu0=0.000 wall=0.003 
 Start: VarValueService
 End:   VarValueService; Timer: cpu0=0.000 wall=0.000 
 Start: SolvePhaseEquation 
 End:   SolvePhaseEquation ; Timer: cpu0=0.688 wall=0.103 
 Start: SolidFiltersProcess: calculate forces and moments
 End:   SolidFiltersProcess: calculate forces and moments; Timer: cpu0=0.000 wall=0.001 
 Start: PrepareDataForNextStep
 End:   PrepareDataForNextStep; Timer: cpu0=0.000 wall=0.007 
 Start: VarValueService
 End:   VarValueService; Timer: cpu0=0.000 wall=0.000 
 Start: UpdateStopperData
 End:   UpdateStopperData; Timer: cpu0=0.000 wall=0.000 
 Start: Saving text status in E:\UniFlight\flow\full_rocket10_fv\data\full_rocket10.status
 End:   Saving text status in E:\UniFlight\flow\full_rocket10_fv\data\full_rocket10.status; Timer: cpu0=0.000 wall=0.002 
 End:   ===== Time Step =====, Iter number =  1; Timer: cpu0=0.688 wall=0.149 

20.06.26 15:41:25  ===== Processing Layers =====
20.06.26 15:41:25    *SEND* for CScalarLayer, GUID=35D5BC16-A80B-49DF-A4AB-2D8A3E454FDC
 Start: ComputeVolumeCharacteristics
 End:   ComputeVolumeCharacteristics; Timer: cpu0=0.000 wall=0.001 
 Start: GetValueOnFacets
 End:   GetValueOnFacets; Timer: cpu0=0.000 wall=0.004 
20.06.26 15:41:25    *SEND* for CIntegralCharsLayer, GUID=4E090A0C-544B-E4A2-4242-BEC451D7CD2B
20.06.26 15:41:25    *SEND* for CIntegralCharsLayer, GUID=DA27EECF-558C-D390-7112-31A961279F88
20.06.26 15:41:25    *SEND* for CIntegralCharsLayer, GUID=D073F2AC-92DF-84C7-2F9D-1DD60ACD790B
 End:   ===== Processing Layers =====; Timer: cpu0=0.000 wall=0.013 

20.06.26 15:41:25  ===== New Time Step =====, Iter number =  2
 Start: TimeServis
 End:   TimeServis; Timer: cpu0=0.000 wall=0.003 
 Start: User modules' functions BeforeTimeStep() are calling
 End:   User modules' functions BeforeTimeStep() are calling; Timer: cpu0=0.000 wall=0.001 
 Start: Adaptation, TotalRealCellsCount= 7556 
 End:   Adaptation; Timer: cpu0=0.000 wall=0.001 
 Start: Initialize data arrays on chips
 End:   Initialize data arrays on chips, res= 0; Timer: cpu0=0.000 wall=0.001 
  ***** Maximum Geometrical Gauss = 6.03336e-15, cell= 644:7:3:1:1:0
  ***** Maximum MovingSurf  Gauss = 0, cell= 
 Start: Initialize data arrays on chips
 End:   Initialize data arrays on chips, res= 0; Timer: cpu0=0.000 wall=0.001 
 Start: TimeServis
 End:   TimeServis; Timer: cpu0=0.000 wall=0.004 
 Start: FindEnclaves
 End:   FindEnclaves; Timer: cpu0=0.016 wall=0.003 
 Start: VarValueService
 End:   VarValueService; Timer: cpu0=0.000 wall=0.001 
 Start: SolvePhaseEquation 
 End:   SolvePhaseEquation ; Timer: cpu0=0.484 wall=0.103 
 Start: SolidFiltersProcess: calculate forces and moments
 End:   SolidFiltersProcess: calculate forces and moments; Timer: cpu0=0.000 wall=0.001 
 Start: PrepareDataForNextStep
 End:   PrepareDataForNextStep; Timer: cpu0=0.000 wall=0.009 
 Start: VarValueService
 End:   VarValueService; Timer: cpu0=0.000 wall=0.001 
 Start: UpdateStopperData
 End:   UpdateStopperData; Timer: cpu0=0.000 wall=0.001 
 Start: Saving text status in E:\UniFlight\flow\full_rocket10_fv\data\full_rocket10.status
 End:   Saving text status in E:\UniFlight\flow\full_rocket10_fv\data\full_rocket10.status; Timer: cpu0=0.000 wall=0.007 
 End:   ===== Time Step =====, Iter number =  2; Timer: cpu0=0.500 wall=0.165 

20.06.26 15:41:26  ===== Processing Layers =====
20.06.26 15:41:26    *SEND* for CScalarLayer, GUID=35D5BC16-A80B-49DF-A4AB-2D8A3E454FDC
 Start: ComputeVolumeCharacteristics
 End:   ComputeVolumeCharacteristics; Timer: cpu0=0.000 wall=0.001 
 Start: GetValueOnFacets
 End:   GetValueOnFacets; Timer: cpu0=0.000 wall=0.004 
20.06.26 15:41:26    *SEND* for CIntegralCharsLayer, GUID=4E090A0C-544B-E4A2-4242-BEC451D7CD2B
20.06.26 15:41:26    *SEND* for CIntegralCharsLayer, GUID=DA27EECF-558C-D390-7112-31A961279F88
20.06.26 15:41:26    *SEND* for CIntegralCharsLayer, GUID=D073F2AC-92DF-84C7-2F9D-1DD60ACD790B
 End:   ===== Processing Layers =====; Timer: cpu0=0.000 wall=0.016 

20.06.26 15:41:26  ===== New Time Step =====, Iter number =  3
 Start: TimeServis
 End:   TimeServis; Timer: cpu0=0.000 wall=0.004 
 Start: User modules' functions BeforeTimeStep() are calling
 End:   User modules' functions BeforeTimeStep() are calling; Timer: cpu0=0.000 wall=0.001 
 Start: Adaptation, TotalRealCellsCount= 7556 
 End:   Adaptation; Timer: cpu0=0.000 wall=0.001 
 Start: Initialize data arrays on chips
 End:   Initialize data arrays on chips, res= 0; Timer: cpu0=0.000 wall=0.001 
  ***** Maximum Geometrical Gauss = 6.03336e-15, cell= 644:7:3:1:1:0
  ***** Maximum MovingSurf  Gauss = 0, cell= 
 Start: Initialize data arrays on chips
 End:   Initialize data arrays on chips, res= 0; Timer: cpu0=0.000 wall=0.001 
 Start: TimeServis
 End:   TimeServis; Timer: cpu0=0.109 wall=0.005 
 Start: FindEnclaves
 End:   FindEnclaves; Timer: cpu0=0.000 wall=0.003 
 Start: VarValueService
 End:   VarValueService; Timer: cpu0=0.000 wall=0.001 
 Start: SolvePhaseEquation 
 End:   SolvePhaseEquation ; Timer: cpu0=0.734 wall=0.111 
 Start: SolidFiltersProcess: calculate forces and moments
 End:   SolidFiltersProcess: calculate forces and moments; Timer: cpu0=0.000 wall=0.001 
 Start: PrepareDataForNextStep
 End:   PrepareDataForNextStep; Timer: cpu0=0.047 wall=0.010 
 Start: VarValueService
 End:   VarValueService; Timer: cpu0=0.000 wall=0.001 
 Start: UpdateStopperData
 End:   UpdateStopperData; Timer: cpu0=0.000 wall=0.001 
 Start: Saving text status in E:\UniFlight\flow\full_rocket10_fv\data\full_rocket10.status
 End:   Saving text status in E:\UniFlight\flow\full_rocket10_fv\data\full_rocket10.status; Timer: cpu0=0.000 wall=0.004 
 End:   ===== Time Step =====, Iter number =  3; Timer: cpu0=0.891 wall=0.183 

20.06.26 15:41:26  ===== Processing Layers =====
20.06.26 15:41:26    *SEND* for CScalarLayer, GUID=35D5BC16-A80B-49DF-A4AB-2D8A3E454FDC
 Start: ComputeVolumeCharacteristics
 End:   ComputeVolumeCharacteristics; Timer: cpu0=0.000 wall=0.001 
 Start: GetValueOnFacets
 End:   GetValueOnFacets; Timer: cpu0=0.000 wall=0.004 
20.06.26 15:41:26    *SEND* for CIntegralCharsLayer, GUID=4E090A0C-544B-E4A2-4242-BEC451D7CD2B
20.06.26 15:41:26    *SEND* for CIntegralCharsLayer, GUID=DA27EECF-558C-D390-7112-31A961279F88
20.06.26 15:41:26    *SEND* for CIntegralCharsLayer, GUID=D073F2AC-92DF-84C7-2F9D-1DD60ACD790B
 End:   ===== Processing Layers =====; Timer: cpu0=0.000 wall=0.017 

20.06.26 15:41:26  ===== New Time Step =====, Iter number =  4
 Start: TimeServis
 End:   TimeServis; Timer: cpu0=0.000 wall=0.003 
 Start: User modules' functions BeforeTimeStep() are calling
 End:   User modules' functions BeforeTimeStep() are calling; Timer: cpu0=0.000 wall=0.001 
 Start: Adaptation, TotalRealCellsCount= 7556 
 End:   Adaptation; Timer: cpu0=0.000 wall=0.002 
 Start: Initialize data arrays on chips
 End:   Initialize data arrays on chips, res= 0; Timer: cpu0=0.000 wall=0.001 
  ***** Maximum Geometrical Gauss = 6.03336e-15, cell= 644:7:3:1:1:0
  ***** Maximum MovingSurf  Gauss = 0, cell= 
 Start: Initialize data arrays on chips
 End:   Initialize data arrays on chips, res= 0; Timer: cpu0=0.000 wall=0.001 
 Start: TimeServis
 End:   TimeServis; Timer: cpu0=0.000 wall=0.004 
 Start: FindEnclaves
 End:   FindEnclaves; Timer: cpu0=0.000 wall=0.003 
 Start: VarValueService
 End:   VarValueService; Timer: cpu0=0.000 wall=0.001 
 Start: SolvePhaseEquation 
 End:   SolvePhaseEquation ; Timer: cpu0=0.688 wall=0.111 
 Start: SolidFiltersProcess: calculate forces and moments
 End:   SolidFiltersProcess: calculate forces and moments; Timer: cpu0=0.000 wall=0.001 
 Start: PrepareDataForNextStep
 End:   PrepareDataForNextStep; Timer: cpu0=0.109 wall=0.010 
 Start: VarValueService
 End:   VarValueService; Timer: cpu0=0.000 wall=0.001 
 Start: UpdateStopperData
 End:   UpdateStopperData; Timer: cpu0=0.000 wall=0.001 
 Start: Saving text status in E:\UniFlight\flow\full_rocket10_fv\data\full_rocket10.status
 End:   Saving text status in E:\UniFlight\flow\full_rocket10_fv\data\full_rocket10.status; Timer: cpu0=0.000 wall=0.003 
 End:   ===== Time Step =====, Iter number =  4; Timer: cpu0=0.797 wall=0.173 

20.06.26 15:41:27  ===== Processing Layers =====
20.06.26 15:41:27    *SEND* for CScalarLayer, GUID=35D5BC16-A80B-49DF-A4AB-2D8A3E454FDC
 Start: ComputeVolumeCharacteristics
 End:   ComputeVolumeCharacteristics; Timer: cpu0=0.000 wall=0.001 
 Start: GetValueOnFacets
 End:   GetValueOnFacets; Timer: cpu0=0.000 wall=0.005 
20.06.26 15:41:27    *SEND* for CIntegralCharsLayer, GUID=4E090A0C-544B-E4A2-4242-BEC451D7CD2B
20.06.26 15:41:27    *SEND* for CIntegralCharsLayer, GUID=DA27EECF-558C-D390-7112-31A961279F88
20.06.26 15:41:27    *SEND* for CIntegralCharsLayer, GUID=D073F2AC-92DF-84C7-2F9D-1DD60ACD790B
 End:   ===== Processing Layers =====; Timer: cpu0=0.000 wall=0.017 

20.06.26 15:41:27  ===== New Time Step =====, Iter number =  5
 Start: TimeServis
 End:   TimeServis; Timer: cpu0=0.000 wall=0.004 
 Start: User modules' functions BeforeTimeStep() are calling
 End:   User modules' functions BeforeTimeStep() are calling; Timer: cpu0=0.000 wall=0.003 
 Start: Adaptation, TotalRealCellsCount= 7556 
 End:   Adaptation; Timer: cpu0=0.000 wall=0.002 
 Start: Initialize data arrays on chips
 End:   Initialize data arrays on chips, res= 0; Timer: cpu0=0.000 wall=0.000 
  ***** Maximum Geometrical Gauss = 6.03336e-15, cell= 644:7:3:1:1:0
  ***** Maximum MovingSurf  Gauss = 0, cell= 
 Start: Initialize data arrays on chips
 End:   Initialize data arrays on chips, res= 0; Timer: cpu0=0.000 wall=0.001 
 Start: TimeServis
 End:   TimeServis; Timer: cpu0=0.000 wall=0.004 
 Start: FindEnclaves
 End:   FindEnclaves; Timer: cpu0=0.016 wall=0.003 
 Start: VarValueService
 End:   VarValueService; Timer: cpu0=0.000 wall=0.000 
 Start: SolvePhaseEquation 
 End:   SolvePhaseEquation ; Timer: cpu0=0.609 wall=0.120 
 Start: SolidFiltersProcess: calculate forces and moments
 End:   SolidFiltersProcess: calculate forces and moments; Timer: cpu0=0.000 wall=0.002 
 Start: PrepareDataForNextStep
 End:   PrepareDataForNextStep; Timer: cpu0=0.000 wall=0.010 
 Start: VarValueService
 End:   VarValueService; Timer: cpu0=0.000 wall=0.002 
 Start: UpdateStopperData
 End:   UpdateStopperData; Timer: cpu0=0.000 wall=0.001 
 Start: Saving text status in E:\UniFlight\flow\full_rocket10_fv\data\full_rocket10.status
 End:   Saving text status in E:\UniFlight\flow\full_rocket10_fv\data\full_rocket10.status; Timer: cpu0=0.000 wall=0.003 
 End:   ===== Time Step =====, Iter number =  5; Timer: cpu0=0.625 wall=0.186 

20.06.26 15:41:28  ===== Processing Layers =====
20.06.26 15:41:28    *SEND* for CScalarLayer, GUID=35D5BC16-A80B-49DF-A4AB-2D8A3E454FDC
 Start: ComputeVolumeCharacteristics
 End:   ComputeVolumeCharacteristics; Timer: cpu0=0.000 wall=0.002 
 Start: GetValueOnFacets
 End:   GetValueOnFacets; Timer: cpu0=0.000 wall=0.006 
20.06.26 15:41:28    *SEND* for CIntegralCharsLayer, GUID=4E090A0C-544B-E4A2-4242-BEC451D7CD2B
20.06.26 15:41:28    *SEND* for CIntegralCharsLayer, GUID=DA27EECF-558C-D390-7112-31A961279F88
20.06.26 15:41:28    *SEND* for CIntegralCharsLayer, GUID=D073F2AC-92DF-84C7-2F9D-1DD60ACD790B
 End:   ===== Processing Layers =====; Timer: cpu0=0.000 wall=0.037 

20.06.26 15:41:28  ===== New Time Step =====, Iter number =  6
 Start: TimeServis
 End:   TimeServis; Timer: cpu0=0.000 wall=0.010 
 Start: User modules' functions BeforeTimeStep() are calling
 End:   User modules' functions BeforeTimeStep() are calling; Timer: cpu0=0.000 wall=0.005 
 Start: Adaptation, TotalRealCellsCount= 7556 
 End:   Adaptation; Timer: cpu0=0.000 wall=0.004 
 Start: Initialize data arrays on chips
 End:   Initialize data arrays on chips, res= 0; Timer: cpu0=0.000 wall=0.003 
  ***** Maximum Geometrical Gauss = 6.03336e-15, cell= 644:7:3:1:1:0
  ***** Maximum MovingSurf  Gauss = 0, cell= 
 Start: Initialize data arrays on chips
 End:   Initialize data arrays on chips, res= 0; Timer: cpu0=0.000 wall=0.002 
 Start: TimeServis
 End:   TimeServis; Timer: cpu0=0.016 wall=0.011 
 Start: FindEnclaves
 End:   FindEnclaves; Timer: cpu0=0.000 wall=0.007 
 Start: VarValueService
 End:   VarValueService; Timer: cpu0=0.000 wall=0.002 
 Start: SolvePhaseEquation 
 End:   SolvePhaseEquation ; Timer: cpu0=1.141 wall=0.147 
 Start: SolidFiltersProcess: calculate forces and moments
 End:   SolidFiltersProcess: calculate forces and moments; Timer: cpu0=0.000 wall=0.002 
 Start: PrepareDataForNextStep
 End:   PrepareDataForNextStep; Timer: cpu0=0.000 wall=0.011 
 Start: VarValueService
 End:   VarValueService; Timer: cpu0=0.000 wall=0.001 
 Start: UpdateStopperData
 End:   UpdateStopperData; Timer: cpu0=0.000 wall=0.001 
 Start: Saving text status in E:\UniFlight\flow\full_rocket10_fv\data\full_rocket10.status
 End:   Saving text status in E:\UniFlight\flow\full_rocket10_fv\data\full_rocket10.status; Timer: cpu0=0.000 wall=0.002 
 End:   ===== Time Step =====, Iter number =  6; Timer: cpu0=1.172 wall=0.276 

20.06.26 15:41:28  ===== Processing Layers =====
20.06.26 15:41:28    *SEND* for CScalarLayer, GUID=35D5BC16-A80B-49DF-A4AB-2D8A3E454FDC
 Start: ComputeVolumeCharacteristics
 End:   ComputeVolumeCharacteristics; Timer: cpu0=0.000 wall=0.002 
 Start: GetValueOnFacets
 End:   GetValueOnFacets; Timer: cpu0=0.000 wall=0.008 
20.06.26 15:41:28    *SEND* for CIntegralCharsLayer, GUID=4E090A0C-544B-E4A2-4242-BEC451D7CD2B
20.06.26 15:41:28    *SEND* for CIntegralCharsLayer, GUID=DA27EECF-558C-D390-7112-31A961279F88
20.06.26 15:41:28    *SEND* for CIntegralCharsLayer, GUID=D073F2AC-92DF-84C7-2F9D-1DD60ACD790B
 End:   ===== Processing Layers =====; Timer: cpu0=0.078 wall=0.029 

20.06.26 15:41:28  ===== New Time Step =====, Iter number =  7
 Start: TimeServis
 End:   TimeServis; Timer: cpu0=0.031 wall=0.005 
 Start: User modules' functions BeforeTimeStep() are calling
 End:   User modules' functions BeforeTimeStep() are calling; Timer: cpu0=0.000 wall=0.001 
 Start: Adaptation, TotalRealCellsCount= 7556 
 End:   Adaptation; Timer: cpu0=0.000 wall=0.002 
 Start: Initialize data arrays on chips
 End:   Initialize data arrays on chips, res= 0; Timer: cpu0=0.000 wall=0.002 
  ***** Maximum Geometrical Gauss = 6.03336e-15, cell= 644:7:3:1:1:0
  ***** Maximum MovingSurf  Gauss = 0, cell= 
 Start: Initialize data arrays on chips
 End:   Initialize data arrays on chips, res= 0; Timer: cpu0=0.000 wall=0.001 
 Start: TimeServis
 End:   TimeServis; Timer: cpu0=0.000 wall=0.004 
 Start: FindEnclaves
 End:   FindEnclaves; Timer: cpu0=0.000 wall=0.005 
 Start: VarValueService
 End:   VarValueService; Timer: cpu0=0.000 wall=0.001 
 Start: SolvePhaseEquation 
 End:   SolvePhaseEquation ; Timer: cpu0=0.859 wall=0.188 
 Start: SolidFiltersProcess: calculate forces and moments
 End:   SolidFiltersProcess: calculate forces and moments; Timer: cpu0=0.000 wall=0.003 
 Start: PrepareDataForNextStep
 End:   PrepareDataForNextStep; Timer: cpu0=0.031 wall=0.016 
 Start: VarValueService
 End:   VarValueService; Timer: cpu0=0.000 wall=0.002 
 Start: UpdateStopperData
 End:   UpdateStopperData; Timer: cpu0=0.000 wall=0.001 
 Start: Saving text status in E:\UniFlight\flow\full_rocket10_fv\data\full_rocket10.status
 End:   Saving text status in E:\UniFlight\flow\full_rocket10_fv\data\full_rocket10.status; Timer: cpu0=0.000 wall=0.003 
 End:   ===== Time Step =====, Iter number =  7; Timer: cpu0=0.922 wall=0.277 

20.06.26 15:41:29  ===== Processing Layers =====
20.06.26 15:41:29    *SEND* for CScalarLayer, GUID=35D5BC16-A80B-49DF-A4AB-2D8A3E454FDC
 Start: ComputeVolumeCharacteristics
 End:   ComputeVolumeCharacteristics; Timer: cpu0=0.000 wall=0.001 
 Start: GetValueOnFacets
 End:   GetValueOnFacets; Timer: cpu0=0.016 wall=0.008 
20.06.26 15:41:29    *SEND* for CIntegralCharsLayer, GUID=4E090A0C-544B-E4A2-4242-BEC451D7CD2B
20.06.26 15:41:29    *SEND* for CIntegralCharsLayer, GUID=DA27EECF-558C-D390-7112-31A961279F88
20.06.26 15:41:29    *SEND* for CIntegralCharsLayer, GUID=D073F2AC-92DF-84C7-2F9D-1DD60ACD790B
 End:   ===== Processing Layers =====; Timer: cpu0=0.016 wall=0.029 

20.06.26 15:41:29  ===== New Time Step =====, Iter number =  8
 Start: TimeServis
 End:   TimeServis; Timer: cpu0=0.094 wall=0.006 
 Start: User modules' functions BeforeTimeStep() are calling
 End:   User modules' functions BeforeTimeStep() are calling; Timer: cpu0=0.000 wall=0.002 
 Start: Adaptation, TotalRealCellsCount= 7556 
 End:   Adaptation; Timer: cpu0=0.000 wall=0.001 
 Start: Initialize data arrays on chips
 End:   Initialize data arrays on chips, res= 0; Timer: cpu0=0.000 wall=0.001 
  ***** Maximum Geometrical Gauss = 6.03336e-15, cell= 644:7:3:1:1:0
  ***** Maximum MovingSurf  Gauss = 0, cell= 
 Start: Initialize data arrays on chips
 End:   Initialize data arrays on chips, res= 0; Timer: cpu0=0.000 wall=0.002 
 Start: TimeServis
 End:   TimeServis; Timer: cpu0=0.094 wall=0.007 
 Start: FindEnclaves
 End:   FindEnclaves; Timer: cpu0=0.000 wall=0.007 
 Start: VarValueService
 End:   VarValueService; Timer: cpu0=0.000 wall=0.002 
 Start: SolvePhaseEquation 
 End:   SolvePhaseEquation ; Timer: cpu0=0.938 wall=0.194 
 Start: SolidFiltersProcess: calculate forces and moments
 End:   SolidFiltersProcess: calculate forces and moments; Timer: cpu0=0.000 wall=0.003 
 Start: PrepareDataForNextStep
 End:   PrepareDataForNextStep; Timer: cpu0=0.031 wall=0.019 
 Start: VarValueService
 End:   VarValueService; Timer: cpu0=0.000 wall=0.002 
 Start: UpdateStopperData
 End:   UpdateStopperData; Timer: cpu0=0.000 wall=0.002 
 Start: Saving text status in E:\UniFlight\flow\full_rocket10_fv\data\full_rocket10.status
 End:   Saving text status in E:\UniFlight\flow\full_rocket10_fv\data\full_rocket10.status; Timer: cpu0=0.000 wall=0.003 
 End:   ===== Time Step =====, Iter number =  8; Timer: cpu0=1.156 wall=0.302 

20.06.26 15:41:29  ===== Processing Layers =====
20.06.26 15:41:29    *SEND* for CScalarLayer, GUID=35D5BC16-A80B-49DF-A4AB-2D8A3E454FDC
 Start: ComputeVolumeCharacteristics
 End:   ComputeVolumeCharacteristics; Timer: cpu0=0.000 wall=0.001 
 Start: GetValueOnFacets
 End:   GetValueOnFacets; Timer: cpu0=0.016 wall=0.007 
20.06.26 15:41:29    *SEND* for CIntegralCharsLayer, GUID=4E090A0C-544B-E4A2-4242-BEC451D7CD2B
20.06.26 15:41:29    *SEND* for CIntegralCharsLayer, GUID=DA27EECF-558C-D390-7112-31A961279F88
20.06.26 15:41:29    *SEND* for CIntegralCharsLayer, GUID=D073F2AC-92DF-84C7-2F9D-1DD60ACD790B
 End:   ===== Processing Layers =====; Timer: cpu0=0.016 wall=0.022 

20.06.26 15:41:29  ===== New Time Step =====, Iter number =  9
 Start: TimeServis
 End:   TimeServis; Timer: cpu0=0.000 wall=0.005 
 Start: User modules' functions BeforeTimeStep() are calling
 End:   User modules' functions BeforeTimeStep() are calling; Timer: cpu0=0.000 wall=0.001 
 Start: Adaptation, TotalRealCellsCount= 7556 
 End:   Adaptation; Timer: cpu0=0.000 wall=0.001 
 Start: Initialize data arrays on chips
 End:   Initialize data arrays on chips, res= 0; Timer: cpu0=0.000 wall=0.002 
  ***** Maximum Geometrical Gauss = 6.03336e-15, cell= 644:7:3:1:1:0
  ***** Maximum MovingSurf  Gauss = 0, cell= 
 Start: Initialize data arrays on chips
 End:   Initialize data arrays on chips, res= 0; Timer: cpu0=0.000 wall=0.001 
 Start: TimeServis
 End:   TimeServis; Timer: cpu0=0.094 wall=0.006 
 Start: FindEnclaves
 End:   FindEnclaves; Timer: cpu0=0.000 wall=0.007 
 Start: VarValueService
 End:   VarValueService; Timer: cpu0=0.000 wall=0.001 
 Start: SolvePhaseEquation 
 End:   SolvePhaseEquation ; Timer: cpu0=0.875 wall=0.142 
 Start: SolidFiltersProcess: calculate forces and moments
 End:   SolidFiltersProcess: calculate forces and moments; Timer: cpu0=0.000 wall=0.001 
 Start: PrepareDataForNextStep
 End:   PrepareDataForNextStep; Timer: cpu0=0.000 wall=0.011 
 Start: VarValueService
 End:   VarValueService; Timer: cpu0=0.000 wall=0.001 
 Start: UpdateStopperData
 End:   UpdateStopperData; Timer: cpu0=0.000 wall=0.001 
 Start: Saving text status in E:\UniFlight\flow\full_rocket10_fv\data\full_rocket10.status
 End:   Saving text status in E:\UniFlight\flow\full_rocket10_fv\data\full_rocket10.status; Timer: cpu0=0.000 wall=0.002 
 End:   ===== Time Step =====, Iter number =  9; Timer: cpu0=0.969 wall=0.216 

20.06.26 15:41:30  ===== Processing Layers =====
20.06.26 15:41:30    *SEND* for CScalarLayer, GUID=35D5BC16-A80B-49DF-A4AB-2D8A3E454FDC
 Start: ComputeVolumeCharacteristics
 End:   ComputeVolumeCharacteristics; Timer: cpu0=0.000 wall=0.003 
 Start: GetValueOnFacets
 End:   GetValueOnFacets; Timer: cpu0=0.016 wall=0.011 
20.06.26 15:41:30    *SEND* for CIntegralCharsLayer, GUID=4E090A0C-544B-E4A2-4242-BEC451D7CD2B
20.06.26 15:41:30    *SEND* for CIntegralCharsLayer, GUID=DA27EECF-558C-D390-7112-31A961279F88
20.06.26 15:41:30    *SEND* for CIntegralCharsLayer, GUID=D073F2AC-92DF-84C7-2F9D-1DD60ACD790B
 End:   ===== Processing Layers =====; Timer: cpu0=0.016 wall=0.050 

20.06.26 15:41:30  ===== New Time Step =====, Iter number =  10
 Start: TimeServis
 End:   TimeServis; Timer: cpu0=0.000 wall=0.010 
 Start: User modules' functions BeforeTimeStep() are calling
 End:   User modules' functions BeforeTimeStep() are calling; Timer: cpu0=0.000 wall=0.002 
 Start: Adaptation, TotalRealCellsCount= 7556 
 End:   Adaptation; Timer: cpu0=2.766 wall=0.660 
 Start: DistributeGridOnProcessors
 End:   DistributeGridOnProcessors, res= 0; Timer: cpu0=0.250 wall=0.107 
 Start: SetNeiHyperCells
 End:   SetNeiHyperCells, res= 0; Timer: cpu0=0.000 wall=0.005 
 Start: BuildFacetDistribution
 End:   BuildFacetDistribution; Timer: cpu0=0.000 wall=0.002 
 Start: Initialize data arrays on chips
 End:   Initialize data arrays on chips, res= 0; Timer: cpu0=0.000 wall=0.002 
  ***** Maximum Geometrical Gauss = 5.09144e-15, cell= 99:1:0
  ***** Maximum MovingSurf  Gauss = 9.34366e-15, cell= 998:6:0
 Start: Remove Small Cells
 End:   Remove Small Cells; Timer: cpu0=0.125 wall=0.024 
 Start: Initialize data arrays on chips
 End:   Initialize data arrays on chips, res= 0; Timer: cpu0=0.000 wall=0.003 
  ***** Maximum Geometrical Gauss = 6.03336e-15, cell= 644:7:3:1:1:0
  ***** Maximum MovingSurf  Gauss = 9.34366e-15, cell= 998:6:0
 Start: Initialize data arrays on chips
 End:   Initialize data arrays on chips, res= 0; Timer: cpu0=0.000 wall=0.006 
 Start: Modify Chip Data
 End:   Modify Chip Data; Timer: cpu0=0.078 wall=0.024 
 Start: TimeServis
 End:   TimeServis; Timer: cpu0=0.234 wall=0.042 
 Start: FindEnclaves
 End:   FindEnclaves; Timer: cpu0=0.047 wall=0.056 
 Start: VarValueService
 End:   VarValueService; Timer: cpu0=0.000 wall=0.001 
 Start: SolvePhaseEquation 
 End:   SolvePhaseEquation ; Timer: cpu0=4.297 wall=0.634 
 Start: SolidFiltersProcess: calculate forces and moments
 End:   SolidFiltersProcess: calculate forces and moments; Timer: cpu0=0.000 wall=0.002 
 Start: PrepareDataForNextStep
 End:   PrepareDataForNextStep; Timer: cpu0=0.141 wall=0.022 
 Start: VarValueService
 End:   VarValueService; Timer: cpu0=0.000 wall=0.001 
 Start: UpdateStopperData
 End:   UpdateStopperData; Timer: cpu0=0.000 wall=0.001 
 Start: Saving text status in E:\UniFlight\flow\full_rocket10_fv\data\full_rocket10.status
 End:   Saving text status in E:\UniFlight\flow\full_rocket10_fv\data\full_rocket10.status; Timer: cpu0=0.000 wall=0.002 
 End:   ===== Time Step =====, Iter number =  10; Timer: cpu0=8.141 wall=1.715 

20.06.26 15:41:32  ===== Processing Layers =====
20.06.26 15:41:32    *SEND* for CScalarLayer, GUID=35D5BC16-A80B-49DF-A4AB-2D8A3E454FDC
 Start: ComputeVolumeCharacteristics
 End:   ComputeVolumeCharacteristics; Timer: cpu0=0.000 wall=0.002 
 Start: GetValueOnFacets
 End:   GetValueOnFacets; Timer: cpu0=0.016 wall=0.011 
20.06.26 15:41:32    *SEND* for CIntegralCharsLayer, GUID=4E090A0C-544B-E4A2-4242-BEC451D7CD2B
20.06.26 15:41:32    *SEND* for CIntegralCharsLayer, GUID=DA27EECF-558C-D390-7112-31A961279F88
20.06.26 15:41:32    *SEND* for CIntegralCharsLayer, GUID=D073F2AC-92DF-84C7-2F9D-1DD60ACD790B
 End:   ===== Processing Layers =====; Timer: cpu0=0.016 wall=0.026 

20.06.26 15:41:32  ===== New Time Step =====, Iter number =  11
 Start: TimeServis
 End:   TimeServis; Timer: cpu0=0.172 wall=0.015 
 Start: User modules' functions BeforeTimeStep() are calling
 End:   User modules' functions BeforeTimeStep() are calling; Timer: cpu0=0.000 wall=0.002 
 Start: Adaptation, TotalRealCellsCount= 39301 
 End:   Adaptation; Timer: cpu0=4.438 wall=0.677 
 Start: DistributeGridOnProcessors
 End:   DistributeGridOnProcessors, res= 0; Timer: cpu0=0.781 wall=0.195 
 Start: SetNeiHyperCells
 End:   SetNeiHyperCells, res= 0; Timer: cpu0=0.031 wall=0.008 
 Start: BuildFacetDistribution
 End:   BuildFacetDistribution; Timer: cpu0=0.000 wall=0.002 
 Start: Initialize data arrays on chips
 End:   Initialize data arrays on chips, res= 0; Timer: cpu0=0.000 wall=0.002 
  ***** Maximum Geometrical Gauss = 5.78572e-15, cell= 590:6:4:0
  ***** Maximum MovingSurf  Gauss = 9.34366e-15, cell= 998:0
 Start: Remove Small Cells
 End:   Remove Small Cells; Timer: cpu0=0.344 wall=0.021 
 Start: Initialize data arrays on chips
 End:   Initialize data arrays on chips, res= 0; Timer: cpu0=0.000 wall=0.003 
  ***** Maximum Geometrical Gauss = 6.03336e-15, cell= 644:7:3:1:1:0
  ***** Maximum MovingSurf  Gauss = 9.34366e-15, cell= 998:0
 Start: Initialize data arrays on chips
 End:   Initialize data arrays on chips, res= 0; Timer: cpu0=0.000 wall=0.002 
 Start: Modify Chip Data
 End:   Modify Chip Data; Timer: cpu0=0.344 wall=0.035 
 Start: TimeServis
 End:   TimeServis; Timer: cpu0=0.438 wall=0.049 
 Start: FindEnclaves
 End:   FindEnclaves; Timer: cpu0=0.234 wall=0.094 
 Start: VarValueService
 End:   VarValueService; Timer: cpu0=0.000 wall=0.001 
 Start: SolvePhaseEquation 
 End:   SolvePhaseEquation ; Timer: cpu0=12.703 wall=1.652 
 Start: SolidFiltersProcess: calculate forces and moments
 End:   SolidFiltersProcess: calculate forces and moments; Timer: cpu0=0.000 wall=0.002 
 Start: PrepareDataForNextStep
 End:   PrepareDataForNextStep; Timer: cpu0=0.391 wall=0.046 
 Start: VarValueService
 End:   VarValueService; Timer: cpu0=0.000 wall=0.002 
 Start: UpdateStopperData
 End:   UpdateStopperData; Timer: cpu0=0.000 wall=0.001 
 Start: Saving text status in E:\UniFlight\flow\full_rocket10_fv\data\full_rocket10.status
 End:   Saving text status in E:\UniFlight\flow\full_rocket10_fv\data\full_rocket10.status; Timer: cpu0=0.000 wall=0.002 
 End:   ===== Time Step =====, Iter number =  11; Timer: cpu0=20.391 wall=2.902 

20.06.26 15:41:35  ===== Processing Layers =====
20.06.26 15:41:35    *SEND* for CScalarLayer, GUID=35D5BC16-A80B-49DF-A4AB-2D8A3E454FDC
 Start: ComputeVolumeCharacteristics
 End:   ComputeVolumeCharacteristics; Timer: cpu0=0.000 wall=0.004 
 Start: GetValueOnFacets
 End:   GetValueOnFacets; Timer: cpu0=0.016 wall=0.015 
20.06.26 15:41:35    *SEND* for CIntegralCharsLayer, GUID=4E090A0C-544B-E4A2-4242-BEC451D7CD2B
20.06.26 15:41:35    *SEND* for CIntegralCharsLayer, GUID=DA27EECF-558C-D390-7112-31A961279F88
20.06.26 15:41:35    *SEND* for CIntegralCharsLayer, GUID=D073F2AC-92DF-84C7-2F9D-1DD60ACD790B
 End:   ===== Processing Layers =====; Timer: cpu0=0.016 wall=0.036 

20.06.26 15:41:35  ===== New Time Step =====, Iter number =  12
 Start: TimeServis
 End:   TimeServis; Timer: cpu0=0.344 wall=0.038 
 Start: User modules' functions BeforeTimeStep() are calling
 End:   User modules' functions BeforeTimeStep() are calling; Timer: cpu0=0.000 wall=0.002 
 Start: Adaptation, TotalRealCellsCount= 105654 
 End:   Adaptation; Timer: cpu0=0.172 wall=0.005 
 Start: Initialize data arrays on chips
 End:   Initialize data arrays on chips, res= 0; Timer: cpu0=0.000 wall=0.002 
  ***** Maximum Geometrical Gauss = 6.03336e-15, cell= 644:7:3:1:1:0
  ***** Maximum MovingSurf  Gauss = 0, cell= 
 Start: Initialize data arrays on chips
 End:   Initialize data arrays on chips, res= 0; Timer: cpu0=0.000 wall=0.002 
 Start: TimeServis
 End:   TimeServis; Timer: cpu0=0.500 wall=0.048 
 Start: FindEnclaves
 End:   FindEnclaves; Timer: cpu0=0.094 wall=0.091 
 Start: VarValueService
 End:   VarValueService; Timer: cpu0=0.000 wall=0.001 
 Start: SolvePhaseEquation 
 End:   SolvePhaseEquation ; Timer: cpu0=14.438 wall=1.765 
 Start: SolidFiltersProcess: calculate forces and moments
 End:   SolidFiltersProcess: calculate forces and moments; Timer: cpu0=0.000 wall=0.001 
 Start: PrepareDataForNextStep
 End:   PrepareDataForNextStep; Timer: cpu0=0.344 wall=0.056 
 Start: VarValueService
 End:   VarValueService; Timer: cpu0=0.000 wall=0.001 
 Start: UpdateStopperData
 End:   UpdateStopperData; Timer: cpu0=0.000 wall=0.001 
 Start: Saving text status in E:\UniFlight\flow\full_rocket10_fv\data\full_rocket10.status
 End:   Saving text status in E:\UniFlight\flow\full_rocket10_fv\data\full_rocket10.status; Timer: cpu0=0.000 wall=0.002 
 End:   ===== Time Step =====, Iter number =  12; Timer: cpu0=16.062 wall=2.085 

20.06.26 15:41:37  ===== Processing Layers =====
20.06.26 15:41:37    *SEND* for CScalarLayer, GUID=35D5BC16-A80B-49DF-A4AB-2D8A3E454FDC
 Start: ComputeVolumeCharacteristics
 End:   ComputeVolumeCharacteristics; Timer: cpu0=0.000 wall=0.006 
 Start: GetValueOnFacets
 End:   GetValueOnFacets; Timer: cpu0=0.047 wall=0.025 
20.06.26 15:41:37    *SEND* for CIntegralCharsLayer, GUID=4E090A0C-544B-E4A2-4242-BEC451D7CD2B
20.06.26 15:41:38    *SEND* for CIntegralCharsLayer, GUID=DA27EECF-558C-D390-7112-31A961279F88
20.06.26 15:41:38    *SEND* for CIntegralCharsLayer, GUID=D073F2AC-92DF-84C7-2F9D-1DD60ACD790B
 End:   ===== Processing Layers =====; Timer: cpu0=0.188 wall=0.071 

20.06.26 15:41:38  ===== New Time Step =====, Iter number =  13
 Start: TimeServis
 End:   TimeServis; Timer: cpu0=0.562 wall=0.088 
 Start: User modules' functions BeforeTimeStep() are calling
 End:   User modules' functions BeforeTimeStep() are calling; Timer: cpu0=0.000 wall=0.002 
 Start: Adaptation, TotalRealCellsCount= 105654 
 End:   Adaptation; Timer: cpu0=0.000 wall=0.007 
 Start: Initialize data arrays on chips
 End:   Initialize data arrays on chips, res= 0; Timer: cpu0=0.000 wall=0.005 
  ***** Maximum Geometrical Gauss = 6.03336e-15, cell= 644:7:3:1:1:0
  ***** Maximum MovingSurf  Gauss = 0, cell= 
 Start: Initialize data arrays on chips
 End:   Initialize data arrays on chips, res= 0; Timer: cpu0=0.000 wall=0.003 
 Start: TimeServis
 End:   TimeServis; Timer: cpu0=0.609 wall=0.065 
 Start: FindEnclaves
 End:   FindEnclaves; Timer: cpu0=0.078 wall=0.116 
 Start: VarValueService
 End:   VarValueService; Timer: cpu0=0.000 wall=0.001 
 Start: SolvePhaseEquation 
 End:   SolvePhaseEquation ; Timer: cpu0=15.016 wall=2.062 
 Start: SolidFiltersProcess: calculate forces and moments
 End:   SolidFiltersProcess: calculate forces and moments; Timer: cpu0=0.000 wall=0.002 
 Start: PrepareDataForNextStep
 End:   PrepareDataForNextStep; Timer: cpu0=0.266 wall=0.056 
 Start: VarValueService
 End:   VarValueService; Timer: cpu0=0.000 wall=0.001 
 Start: UpdateStopperData
 End:   UpdateStopperData; Timer: cpu0=0.000 wall=0.000 
 Start: Saving text status in E:\UniFlight\flow\full_rocket10_fv\data\full_rocket10.status
 End:   Saving text status in E:\UniFlight\flow\full_rocket10_fv\data\full_rocket10.status; Timer: cpu0=0.000 wall=0.003 
 End:   ===== Time Step =====, Iter number =  13; Timer: cpu0=16.953 wall=2.507 

20.06.26 15:41:40  ===== Processing Layers =====
20.06.26 15:41:40    *SEND* for CScalarLayer, GUID=35D5BC16-A80B-49DF-A4AB-2D8A3E454FDC
 Start: ComputeVolumeCharacteristics
 End:   ComputeVolumeCharacteristics; Timer: cpu0=0.156 wall=0.007 
 Start: GetValueOnFacets
 End:   GetValueOnFacets; Timer: cpu0=0.016 wall=0.025 
20.06.26 15:41:40    *SEND* for CIntegralCharsLayer, GUID=4E090A0C-544B-E4A2-4242-BEC451D7CD2B
20.06.26 15:41:40    *SEND* for CIntegralCharsLayer, GUID=DA27EECF-558C-D390-7112-31A961279F88
20.06.26 15:41:40    *SEND* for CIntegralCharsLayer, GUID=D073F2AC-92DF-84C7-2F9D-1DD60ACD790B
 End:   ===== Processing Layers =====; Timer: cpu0=0.172 wall=0.058 

20.06.26 15:41:40  ===== New Time Step =====, Iter number =  14
 Start: TimeServis
 End:   TimeServis; Timer: cpu0=0.641 wall=0.052 
 Start: User modules' functions BeforeTimeStep() are calling
 End:   User modules' functions BeforeTimeStep() are calling; Timer: cpu0=0.000 wall=0.003 
 Start: Adaptation, TotalRealCellsCount= 105654 
 End:   Adaptation; Timer: cpu0=0.156 wall=0.006 
 Start: Initialize data arrays on chips
 End:   Initialize data arrays on chips, res= 0; Timer: cpu0=0.000 wall=0.004 
  ***** Maximum Geometrical Gauss = 6.03336e-15, cell= 644:7:3:1:1:0
  ***** Maximum MovingSurf  Gauss = 0, cell= 
 Start: Initialize data arrays on chips
 End:   Initialize data arrays on chips, res= 0; Timer: cpu0=0.000 wall=0.003 
 Start: TimeServis
 End:   TimeServis; Timer: cpu0=0.703 wall=0.078 
 Start: FindEnclaves
 End:   FindEnclaves; Timer: cpu0=0.094 wall=0.119 
 Start: VarValueService
 End:   VarValueService; Timer: cpu0=0.000 wall=0.002 
 Start: SolvePhaseEquation 
 End:   SolvePhaseEquation ; Timer: cpu0=14.219 wall=1.961 
 Start: SolidFiltersProcess: calculate forces and moments
 End:   SolidFiltersProcess: calculate forces and moments; Timer: cpu0=0.000 wall=0.002 
 Start: PrepareDataForNextStep
 End:   PrepareDataForNextStep; Timer: cpu0=0.344 wall=0.069 
 Start: VarValueService
 End:   VarValueService; Timer: cpu0=0.000 wall=0.002 
 Start: UpdateStopperData
 End:   UpdateStopperData; Timer: cpu0=0.000 wall=0.001 
 Start: Saving text status in E:\UniFlight\flow\full_rocket10_fv\data\full_rocket10.status
 End:   Saving text status in E:\UniFlight\flow\full_rocket10_fv\data\full_rocket10.status; Timer: cpu0=0.000 wall=0.002 
 End:   ===== Time Step =====, Iter number =  14; Timer: cpu0=16.734 wall=2.390 

20.06.26 15:41:43  ===== Processing Layers =====
20.06.26 15:41:43    *SEND* for CScalarLayer, GUID=35D5BC16-A80B-49DF-A4AB-2D8A3E454FDC
 Start: ComputeVolumeCharacteristics
 End:   ComputeVolumeCharacteristics; Timer: cpu0=0.000 wall=0.004 
 Start: GetValueOnFacets
 End:   GetValueOnFacets; Timer: cpu0=0.016 wall=0.015 
20.06.26 15:41:43    *SEND* for CIntegralCharsLayer, GUID=4E090A0C-544B-E4A2-4242-BEC451D7CD2B
20.06.26 15:41:43    *SEND* for CIntegralCharsLayer, GUID=DA27EECF-558C-D390-7112-31A961279F88
20.06.26 15:41:43    *SEND* for CIntegralCharsLayer, GUID=D073F2AC-92DF-84C7-2F9D-1DD60ACD790B
 End:   ===== Processing Layers =====; Timer: cpu0=0.188 wall=0.036 

20.06.26 15:41:43  ===== New Time Step =====, Iter number =  15
 Start: TimeServis
 End:   TimeServis; Timer: cpu0=0.438 wall=0.042 
 Start: User modules' functions BeforeTimeStep() are calling
 End:   User modules' functions BeforeTimeStep() are calling; Timer: cpu0=0.000 wall=0.002 
 Start: Adaptation, TotalRealCellsCount= 105654 
 End:   Adaptation; Timer: cpu0=0.000 wall=0.006 
 Start: Initialize data arrays on chips
 End:   Initialize data arrays on chips, res= 0; Timer: cpu0=0.000 wall=0.002 
  ***** Maximum Geometrical Gauss = 6.03336e-15, cell= 644:7:3:1:1:0
  ***** Maximum MovingSurf  Gauss = 0, cell= 
 Start: Initialize data arrays on chips
 End:   Initialize data arrays on chips, res= 0; Timer: cpu0=0.000 wall=0.003 
 Start: TimeServis
 End:   TimeServis; Timer: cpu0=0.453 wall=0.056 
 Start: FindEnclaves
 End:   FindEnclaves; Timer: cpu0=0.109 wall=0.137 
 Start: VarValueService
 End:   VarValueService; Timer: cpu0=0.000 wall=0.003 
 Start: SolvePhaseEquation 
 End:   SolvePhaseEquation ; Timer: cpu0=13.109 wall=1.754 
 Start: SolidFiltersProcess: calculate forces and moments
 End:   SolidFiltersProcess: calculate forces and moments; Timer: cpu0=0.000 wall=0.001 
 Start: PrepareDataForNextStep
 End:   PrepareDataForNextStep; Timer: cpu0=0.500 wall=0.047 
 Start: VarValueService
 End:   VarValueService; Timer: cpu0=0.000 wall=0.001 
 Start: UpdateStopperData
 End:   UpdateStopperData; Timer: cpu0=0.000 wall=0.001 
 Start: Saving text status in E:\UniFlight\flow\full_rocket10_fv\data\full_rocket10.status
 End:   Saving text status in E:\UniFlight\flow\full_rocket10_fv\data\full_rocket10.status; Timer: cpu0=0.000 wall=0.001 
 End:   ===== Time Step =====, Iter number =  15; Timer: cpu0=14.938 wall=2.128 

20.06.26 15:41:45  ===== Processing Layers =====
20.06.26 15:41:45    *SEND* for CScalarLayer, GUID=35D5BC16-A80B-49DF-A4AB-2D8A3E454FDC
 Start: ComputeVolumeCharacteristics
 End:   ComputeVolumeCharacteristics; Timer: cpu0=0.172 wall=0.003 
 Start: GetValueOnFacets
 End:   GetValueOnFacets; Timer: cpu0=0.000 wall=0.013 
20.06.26 15:41:45    *SEND* for CIntegralCharsLayer, GUID=4E090A0C-544B-E4A2-4242-BEC451D7CD2B
20.06.26 15:41:45    *SEND* for CIntegralCharsLayer, GUID=DA27EECF-558C-D390-7112-31A961279F88
20.06.26 15:41:45    *SEND* for CIntegralCharsLayer, GUID=D073F2AC-92DF-84C7-2F9D-1DD60ACD790B
 End:   ===== Processing Layers =====; Timer: cpu0=0.172 wall=0.035 

20.06.26 15:41:45  ===== New Time Step =====, Iter number =  16
 Start: TimeServis
 End:   TimeServis; Timer: cpu0=0.203 wall=0.033 
 Start: User modules' functions BeforeTimeStep() are calling
 End:   User modules' functions BeforeTimeStep() are calling; Timer: cpu0=0.000 wall=0.003 
 Start: Adaptation, TotalRealCellsCount= 105654 
 End:   Adaptation; Timer: cpu0=0.000 wall=0.005 
 Start: Initialize data arrays on chips
 End:   Initialize data arrays on chips, res= 0; Timer: cpu0=0.000 wall=0.002 
  ***** Maximum Geometrical Gauss = 6.03336e-15, cell= 644:7:3:1:1:0
  ***** Maximum MovingSurf  Gauss = 0, cell= 
 Start: Initialize data arrays on chips
 End:   Initialize data arrays on chips, res= 0; Timer: cpu0=0.000 wall=0.002 
 Start: TimeServis
 End:   TimeServis; Timer: cpu0=0.438 wall=0.045 
 Start: FindEnclaves
 End:   FindEnclaves; Timer: cpu0=0.078 wall=0.083 
 Start: VarValueService
 End:   VarValueService; Timer: cpu0=0.000 wall=0.001 
 Start: SolvePhaseEquation 
 End:   SolvePhaseEquation ; Timer: cpu0=12.797 wall=1.559 
 Start: SolidFiltersProcess: calculate forces and moments
 End:   SolidFiltersProcess: calculate forces and moments; Timer: cpu0=0.000 wall=0.002 
 Start: PrepareDataForNextStep
 End:   PrepareDataForNextStep; Timer: cpu0=0.391 wall=0.048 
 Start: VarValueService
 End:   VarValueService; Timer: cpu0=0.000 wall=0.002 
 Start: UpdateStopperData
 End:   UpdateStopperData; Timer: cpu0=0.000 wall=0.001 
 Start: Saving text status in E:\UniFlight\flow\full_rocket10_fv\data\full_rocket10.status
 End:   Saving text status in E:\UniFlight\flow\full_rocket10_fv\data\full_rocket10.status; Timer: cpu0=0.000 wall=0.003 
 End:   ===== Time Step =====, Iter number =  16; Timer: cpu0=14.172 wall=1.854 

20.06.26 15:41:48  ===== Processing Layers =====
20.06.26 15:41:48    *SEND* for CScalarLayer, GUID=35D5BC16-A80B-49DF-A4AB-2D8A3E454FDC
 Start: ComputeVolumeCharacteristics
 End:   ComputeVolumeCharacteristics; Timer: cpu0=0.000 wall=0.005 
 Start: GetValueOnFacets
 End:   GetValueOnFacets; Timer: cpu0=0.016 wall=0.017 
20.06.26 15:41:48    *SEND* for CIntegralCharsLayer, GUID=4E090A0C-544B-E4A2-4242-BEC451D7CD2B
20.06.26 15:41:48    *SEND* for CIntegralCharsLayer, GUID=DA27EECF-558C-D390-7112-31A961279F88
20.06.26 15:41:48    *SEND* for CIntegralCharsLayer, GUID=D073F2AC-92DF-84C7-2F9D-1DD60ACD790B
 End:   ===== Processing Layers =====; Timer: cpu0=0.016 wall=0.039 

20.06.26 15:41:48  ===== New Time Step =====, Iter number =  17
 Start: TimeServis
 End:   TimeServis; Timer: cpu0=0.328 wall=0.038 
 Start: User modules' functions BeforeTimeStep() are calling
 End:   User modules' functions BeforeTimeStep() are calling; Timer: cpu0=0.000 wall=0.002 
 Start: Adaptation, TotalRealCellsCount= 105654 
 End:   Adaptation; Timer: cpu0=0.000 wall=0.005 
 Start: Initialize data arrays on chips
 End:   Initialize data arrays on chips, res= 0; Timer: cpu0=0.000 wall=0.003 
  ***** Maximum Geometrical Gauss = 6.03336e-15, cell= 644:7:3:1:1:0
  ***** Maximum MovingSurf  Gauss = 0, cell= 
 Start: Initialize data arrays on chips
 End:   Initialize data arrays on chips, res= 0; Timer: cpu0=0.000 wall=0.002 
 Start: TimeServis
 End:   TimeServis; Timer: cpu0=0.391 wall=0.045 
 Start: FindEnclaves
 End:   FindEnclaves; Timer: cpu0=0.094 wall=0.099 
 Start: VarValueService
 End:   VarValueService; Timer: cpu0=0.000 wall=0.001 
 Start: SolvePhaseEquation 
 End:   SolvePhaseEquation ; Timer: cpu0=13.125 wall=1.521 
 Start: SolidFiltersProcess: calculate forces and moments
 End:   SolidFiltersProcess: calculate forces and moments; Timer: cpu0=0.000 wall=0.002 
 Start: PrepareDataForNextStep
 End:   PrepareDataForNextStep; Timer: cpu0=0.219 wall=0.045 
 Start: VarValueService
 End:   VarValueService; Timer: cpu0=0.000 wall=0.002 
 Start: UpdateStopperData
 End:   UpdateStopperData; Timer: cpu0=0.000 wall=0.001 
 Start: Saving text status in E:\UniFlight\flow\full_rocket10_fv\data\full_rocket10.status
 End:   Saving text status in E:\UniFlight\flow\full_rocket10_fv\data\full_rocket10.status; Timer: cpu0=0.000 wall=0.002 
 End:   ===== Time Step =====, Iter number =  17; Timer: cpu0=14.500 wall=1.836 

20.06.26 15:41:50  ===== Processing Layers =====
20.06.26 15:41:50    *SEND* for CScalarLayer, GUID=35D5BC16-A80B-49DF-A4AB-2D8A3E454FDC
 Start: ComputeVolumeCharacteristics
 End:   ComputeVolumeCharacteristics; Timer: cpu0=0.000 wall=0.004 
 Start: GetValueOnFacets
 End:   GetValueOnFacets; Timer: cpu0=0.172 wall=0.013 
20.06.26 15:41:50    *SEND* for CIntegralCharsLayer, GUID=4E090A0C-544B-E4A2-4242-BEC451D7CD2B
20.06.26 15:41:50    *SEND* for CIntegralCharsLayer, GUID=DA27EECF-558C-D390-7112-31A961279F88
20.06.26 15:41:50    *SEND* for CIntegralCharsLayer, GUID=D073F2AC-92DF-84C7-2F9D-1DD60ACD790B
 End:   ===== Processing Layers =====; Timer: cpu0=0.344 wall=0.033 

20.06.26 15:41:50  ===== New Time Step =====, Iter number =  18
 Start: TimeServis
 End:   TimeServis; Timer: cpu0=0.312 wall=0.035 
 Start: User modules' functions BeforeTimeStep() are calling
 End:   User modules' functions BeforeTimeStep() are calling; Timer: cpu0=0.000 wall=0.001 
 Start: Adaptation, TotalRealCellsCount= 105654 
 End:   Adaptation; Timer: cpu0=0.000 wall=0.004 
 Start: Initialize data arrays on chips
 End:   Initialize data arrays on chips, res= 0; Timer: cpu0=0.000 wall=0.002 
  ***** Maximum Geometrical Gauss = 6.03336e-15, cell= 644:7:3:1:1:0
  ***** Maximum MovingSurf  Gauss = 0, cell= 
 Start: Initialize data arrays on chips
 End:   Initialize data arrays on chips, res= 0; Timer: cpu0=0.000 wall=0.002 
 Start: TimeServis
 End:   TimeServis; Timer: cpu0=0.484 wall=0.037 
 Start: FindEnclaves
 End:   FindEnclaves; Timer: cpu0=0.078 wall=0.085 
 Start: VarValueService
 End:   VarValueService; Timer: cpu0=0.000 wall=0.001 
 Start: SolvePhaseEquation 
 End:   SolvePhaseEquation ; Timer: cpu0=13.156 wall=1.503 
 Start: SolidFiltersProcess: calculate forces and moments
 End:   SolidFiltersProcess: calculate forces and moments; Timer: cpu0=0.000 wall=0.002 
 Start: PrepareDataForNextStep
 End:   PrepareDataForNextStep; Timer: cpu0=0.297 wall=0.044 
 Start: VarValueService
 End:   VarValueService; Timer: cpu0=0.000 wall=0.001 
 Start: UpdateStopperData
 End:   UpdateStopperData; Timer: cpu0=0.000 wall=0.001 
 Start: Saving text status in E:\UniFlight\flow\full_rocket10_fv\data\full_rocket10.status
 End:   Saving text status in E:\UniFlight\flow\full_rocket10_fv\data\full_rocket10.status; Timer: cpu0=0.000 wall=0.002 
 End:   ===== Time Step =====, Iter number =  18; Timer: cpu0=14.500 wall=1.776 

20.06.26 15:41:52  ===== Processing Layers =====
20.06.26 15:41:52    *SEND* for CScalarLayer, GUID=35D5BC16-A80B-49DF-A4AB-2D8A3E454FDC
 Start: ComputeVolumeCharacteristics
 End:   ComputeVolumeCharacteristics; Timer: cpu0=0.000 wall=0.004 
 Start: GetValueOnFacets
 End:   GetValueOnFacets; Timer: cpu0=0.000 wall=0.014 
20.06.26 15:41:52    *SEND* for CIntegralCharsLayer, GUID=4E090A0C-544B-E4A2-4242-BEC451D7CD2B
20.06.26 15:41:52    *SEND* for CIntegralCharsLayer, GUID=DA27EECF-558C-D390-7112-31A961279F88
20.06.26 15:41:52    *SEND* for CIntegralCharsLayer, GUID=D073F2AC-92DF-84C7-2F9D-1DD60ACD790B
 End:   ===== Processing Layers =====; Timer: cpu0=0.000 wall=0.034 

20.06.26 15:41:52  ===== New Time Step =====, Iter number =  19
 Start: TimeServis
 End:   TimeServis; Timer: cpu0=0.234 wall=0.036 
 Start: User modules' functions BeforeTimeStep() are calling
 End:   User modules' functions BeforeTimeStep() are calling; Timer: cpu0=0.000 wall=0.003 
 Start: Adaptation, TotalRealCellsCount= 105654 
 End:   Adaptation; Timer: cpu0=0.000 wall=0.006 
 Start: Initialize data arrays on chips
 End:   Initialize data arrays on chips, res= 0; Timer: cpu0=0.000 wall=0.002 
  ***** Maximum Geometrical Gauss = 6.03336e-15, cell= 644:7:3:1:1:0
  ***** Maximum MovingSurf  Gauss = 0, cell= 
 Start: Initialize data arrays on chips
 End:   Initialize data arrays on chips, res= 0; Timer: cpu0=0.000 wall=0.002 
 Start: TimeServis
 End:   TimeServis; Timer: cpu0=0.344 wall=0.038 
 Start: FindEnclaves
 End:   FindEnclaves; Timer: cpu0=0.062 wall=0.088 
 Start: VarValueService
 End:   VarValueService; Timer: cpu0=0.000 wall=0.002 
 Start: SolvePhaseEquation 
 End:   SolvePhaseEquation ; Timer: cpu0=11.469 wall=1.519 
 Start: SolidFiltersProcess: calculate forces and moments
 End:   SolidFiltersProcess: calculate forces and moments; Timer: cpu0=0.000 wall=0.002 
 Start: PrepareDataForNextStep
 End:   PrepareDataForNextStep; Timer: cpu0=0.375 wall=0.051 
 Start: VarValueService
 End:   VarValueService; Timer: cpu0=0.000 wall=0.002 
 Start: UpdateStopperData
 End:   UpdateStopperData; Timer: cpu0=0.000 wall=0.003 
 Start: Saving text status in E:\UniFlight\flow\full_rocket10_fv\data\full_rocket10.status
 End:   Saving text status in E:\UniFlight\flow\full_rocket10_fv\data\full_rocket10.status; Timer: cpu0=0.000 wall=0.002 
 End:   ===== Time Step =====, Iter number =  19; Timer: cpu0=12.828 wall=1.820 

20.06.26 15:41:54  ===== Processing Layers =====
20.06.26 15:41:54    *SEND* for CScalarLayer, GUID=35D5BC16-A80B-49DF-A4AB-2D8A3E454FDC
 Start: ComputeVolumeCharacteristics
 End:   ComputeVolumeCharacteristics; Timer: cpu0=0.000 wall=0.005 
 Start: GetValueOnFacets
 End:   GetValueOnFacets; Timer: cpu0=0.141 wall=0.013 
20.06.26 15:41:54    *SEND* for CIntegralCharsLayer, GUID=4E090A0C-544B-E4A2-4242-BEC451D7CD2B
20.06.26 15:41:54    *SEND* for CIntegralCharsLayer, GUID=DA27EECF-558C-D390-7112-31A961279F88
20.06.26 15:41:54    *SEND* for CIntegralCharsLayer, GUID=D073F2AC-92DF-84C7-2F9D-1DD60ACD790B
 End:   ===== Processing Layers =====; Timer: cpu0=0.141 wall=0.033 

20.06.26 15:41:54  ===== New Time Step =====, Iter number =  20
 Start: TimeServis
 End:   TimeServis; Timer: cpu0=0.344 wall=0.033 
 Start: User modules' functions BeforeTimeStep() are calling
 End:   User modules' functions BeforeTimeStep() are calling; Timer: cpu0=0.000 wall=0.002 
 Start: Adaptation, TotalRealCellsCount= 105654 
 End:   Adaptation; Timer: cpu0=6.953 wall=0.904 
 Start: DistributeGridOnProcessors
 End:   DistributeGridOnProcessors, res= 0; Timer: cpu0=0.781 wall=0.226 
 Start: SetNeiHyperCells
 End:   SetNeiHyperCells, res= 0; Timer: cpu0=0.000 wall=0.006 
 Start: BuildFacetDistribution
 End:   BuildFacetDistribution; Timer: cpu0=0.000 wall=0.003 
 Start: Initialize data arrays on chips
 End:   Initialize data arrays on chips, res= 0; Timer: cpu0=0.141 wall=0.002 
  ***** Maximum Geometrical Gauss = 1.12243e-14, cell= 594:3:6:2:0
  ***** Maximum MovingSurf  Gauss = 4.19583e-14, cell= 44:0:0:0:0
 Start: Remove Small Cells
 End:   Remove Small Cells; Timer: cpu0=0.172 wall=0.021 
 Start: Initialize data arrays on chips
 End:   Initialize data arrays on chips, res= 0; Timer: cpu0=0.000 wall=0.002 
  ***** Maximum Geometrical Gauss = 1.12243e-14, cell= 594:3:6:2:0
  ***** Maximum MovingSurf  Gauss = 4.19583e-14, cell= 44:0:0:0:0
 Start: Initialize data arrays on chips
 End:   Initialize data arrays on chips, res= 0; Timer: cpu0=0.000 wall=0.002 
 Start: Modify Chip Data
 End:   Modify Chip Data; Timer: cpu0=0.391 wall=0.037 
 Start: TimeServis
 End:   TimeServis; Timer: cpu0=0.516 wall=0.045 
 Start: FindEnclaves
 End:   FindEnclaves; Timer: cpu0=0.266 wall=0.097 
 Start: VarValueService
 End:   VarValueService; Timer: cpu0=0.000 wall=0.001 
 Start: SolvePhaseEquation 
 End:   SolvePhaseEquation ; Timer: cpu0=13.625 wall=1.718 
 Start: SolidFiltersProcess: calculate forces and moments
 End:   SolidFiltersProcess: calculate forces and moments; Timer: cpu0=0.000 wall=0.002 
 Start: PrepareDataForNextStep
 End:   PrepareDataForNextStep; Timer: cpu0=0.516 wall=0.046 
 Start: VarValueService
 End:   VarValueService; Timer: cpu0=0.000 wall=0.002 
 Start: UpdateStopperData
 End:   UpdateStopperData; Timer: cpu0=0.000 wall=0.001 
 Start: Saving text status in E:\UniFlight\flow\full_rocket10_fv\data\full_rocket10.status
 End:   Saving text status in E:\UniFlight\flow\full_rocket10_fv\data\full_rocket10.status; Timer: cpu0=0.000 wall=0.003 
 End:   ===== Time Step =====, Iter number =  20; Timer: cpu0=23.969 wall=3.247 

20.06.26 15:41:58  ===== Processing Layers =====
20.06.26 15:41:58    *SEND* for CScalarLayer, GUID=35D5BC16-A80B-49DF-A4AB-2D8A3E454FDC
 Start: ComputeVolumeCharacteristics
 End:   ComputeVolumeCharacteristics; Timer: cpu0=0.000 wall=0.005 
 Start: GetValueOnFacets
 End:   GetValueOnFacets; Timer: cpu0=0.000 wall=0.015 
20.06.26 15:41:58    *SEND* for CIntegralCharsLayer, GUID=4E090A0C-544B-E4A2-4242-BEC451D7CD2B
20.06.26 15:41:58    *SEND* for CIntegralCharsLayer, GUID=DA27EECF-558C-D390-7112-31A961279F88
20.06.26 15:41:58    *SEND* for CIntegralCharsLayer, GUID=D073F2AC-92DF-84C7-2F9D-1DD60ACD790B
 End:   ===== Processing Layers =====; Timer: cpu0=0.016 wall=0.036 

20.06.26 15:41:58  ===== New Time Step =====, Iter number =  21
 Start: TimeServis
 End:   TimeServis; Timer: cpu0=0.281 wall=0.042 
 Start: User modules' functions BeforeTimeStep() are calling
 End:   User modules' functions BeforeTimeStep() are calling; Timer: cpu0=0.000 wall=0.002 
 Start: Adaptation, TotalRealCellsCount= 108692 
 End:   Adaptation; Timer: cpu0=5.656 wall=0.767 
 Start: DistributeGridOnProcessors
 End:   DistributeGridOnProcessors, res= 0; Timer: cpu0=0.984 wall=0.211 
 Start: SetNeiHyperCells
 End:   SetNeiHyperCells, res= 0; Timer: cpu0=0.000 wall=0.007 
 Start: BuildFacetDistribution
 End:   BuildFacetDistribution; Timer: cpu0=0.000 wall=0.003 
 Start: Initialize data arrays on chips
 End:   Initialize data arrays on chips, res= 0; Timer: cpu0=0.000 wall=0.001 
  ***** Maximum Geometrical Gauss = 1.88615e-14, cell= 390:2:7:3:0
  ***** Maximum MovingSurf  Gauss = 4.19583e-14, cell= 44:0:0:0
 Start: Remove Small Cells
 End:   Remove Small Cells; Timer: cpu0=0.172 wall=0.020 
 Start: Initialize data arrays on chips
 End:   Initialize data arrays on chips, res= 0; Timer: cpu0=0.000 wall=0.003 
  ***** Maximum Geometrical Gauss = 1.88615e-14, cell= 390:2:7:3:0
  ***** Maximum MovingSurf  Gauss = 4.19583e-14, cell= 44:0:0:0
 Start: Initialize data arrays on chips
 End:   Initialize data arrays on chips, res= 0; Timer: cpu0=0.000 wall=0.003 
 Start: Modify Chip Data
 End:   Modify Chip Data; Timer: cpu0=0.344 wall=0.033 
 Start: TimeServis
 End:   TimeServis; Timer: cpu0=0.172 wall=0.044 
 Start: FindEnclaves
 End:   FindEnclaves; Timer: cpu0=0.094 wall=0.094 
 Start: VarValueService
 End:   VarValueService; Timer: cpu0=0.000 wall=0.002 
 Start: SolvePhaseEquation 
 End:   SolvePhaseEquation ; Timer: cpu0=11.344 wall=1.453 
 Start: SolidFiltersProcess: calculate forces and moments
 End:   SolidFiltersProcess: calculate forces and moments; Timer: cpu0=0.000 wall=0.001 
 Start: PrepareDataForNextStep
 End:   PrepareDataForNextStep; Timer: cpu0=0.297 wall=0.037 
 Start: VarValueService
 End:   VarValueService; Timer: cpu0=0.000 wall=0.002 
 Start: UpdateStopperData
 End:   UpdateStopperData; Timer: cpu0=0.000 wall=0.001 
 Start: Saving text status in E:\UniFlight\flow\full_rocket10_fv\data\full_rocket10.status
 End:   Saving text status in E:\UniFlight\flow\full_rocket10_fv\data\full_rocket10.status; Timer: cpu0=0.000 wall=0.002 
 End:   ===== Time Step =====, Iter number =  21; Timer: cpu0=19.844 wall=2.813 

20.06.26 15:42:01  ===== Processing Layers =====
20.06.26 15:42:01    *SEND* for CScalarLayer, GUID=35D5BC16-A80B-49DF-A4AB-2D8A3E454FDC
 Start: ComputeVolumeCharacteristics
 End:   ComputeVolumeCharacteristics; Timer: cpu0=0.000 wall=0.004 
 Start: GetValueOnFacets
 End:   GetValueOnFacets; Timer: cpu0=0.062 wall=0.013 
20.06.26 15:42:01    *SEND* for CIntegralCharsLayer, GUID=4E090A0C-544B-E4A2-4242-BEC451D7CD2B
20.06.26 15:42:01    *SEND* for CIntegralCharsLayer, GUID=DA27EECF-558C-D390-7112-31A961279F88
20.06.26 15:42:01    *SEND* for CIntegralCharsLayer, GUID=D073F2AC-92DF-84C7-2F9D-1DD60ACD790B
 End:   ===== Processing Layers =====; Timer: cpu0=0.062 wall=0.033 

20.06.26 15:42:01  ===== New Time Step =====, Iter number =  22
 Start: TimeServis
 End:   TimeServis; Timer: cpu0=0.328 wall=0.035 
 Start: User modules' functions BeforeTimeStep() are calling
 End:   User modules' functions BeforeTimeStep() are calling; Timer: cpu0=0.000 wall=0.003 
 Start: Adaptation, TotalRealCellsCount= 95819 
 End:   Adaptation; Timer: cpu0=0.156 wall=0.004 
 Start: Initialize data arrays on chips
 End:   Initialize data arrays on chips, res= 0; Timer: cpu0=0.000 wall=0.002 
  ***** Maximum Geometrical Gauss = 1.88615e-14, cell= 390:2:7:3:0
  ***** Maximum MovingSurf  Gauss = 0, cell= 
 Start: Initialize data arrays on chips
 End:   Initialize data arrays on chips, res= 0; Timer: cpu0=0.000 wall=0.003 
 Start: TimeServis
 End:   TimeServis; Timer: cpu0=0.359 wall=0.038 
 Start: FindEnclaves
 End:   FindEnclaves; Timer: cpu0=0.078 wall=0.075 
 Start: VarValueService
 End:   VarValueService; Timer: cpu0=0.000 wall=0.002 
 Start: SolvePhaseEquation 
 End:   SolvePhaseEquation ; Timer: cpu0=11.094 wall=1.368 
 Start: SolidFiltersProcess: calculate forces and moments
 End:   SolidFiltersProcess: calculate forces and moments; Timer: cpu0=0.000 wall=0.001 
 Start: PrepareDataForNextStep
 End:   PrepareDataForNextStep; Timer: cpu0=0.344 wall=0.035 
 Start: VarValueService
 End:   VarValueService; Timer: cpu0=0.000 wall=0.002 
 Start: UpdateStopperData
 End:   UpdateStopperData; Timer: cpu0=0.000 wall=0.001 
 Start: Saving text status in E:\UniFlight\flow\full_rocket10_fv\data\full_rocket10.status
 End:   Saving text status in E:\UniFlight\flow\full_rocket10_fv\data\full_rocket10.status; Timer: cpu0=0.000 wall=0.003 
 End:   ===== Time Step =====, Iter number =  22; Timer: cpu0=12.516 wall=1.635 

20.06.26 15:42:03  ===== Processing Layers =====
20.06.26 15:42:03    *SEND* for CScalarLayer, GUID=35D5BC16-A80B-49DF-A4AB-2D8A3E454FDC
 Start: ComputeVolumeCharacteristics
 End:   ComputeVolumeCharacteristics; Timer: cpu0=0.000 wall=0.004 
 Start: GetValueOnFacets
 End:   GetValueOnFacets; Timer: cpu0=0.172 wall=0.015 
20.06.26 15:42:03    *SEND* for CIntegralCharsLayer, GUID=4E090A0C-544B-E4A2-4242-BEC451D7CD2B
20.06.26 15:42:03    *SEND* for CIntegralCharsLayer, GUID=DA27EECF-558C-D390-7112-31A961279F88
20.06.26 15:42:03    *SEND* for CIntegralCharsLayer, GUID=D073F2AC-92DF-84C7-2F9D-1DD60ACD790B
 End:   ===== Processing Layers =====; Timer: cpu0=0.234 wall=0.036 

20.06.26 15:42:03  ===== New Time Step =====, Iter number =  23
 Start: TimeServis
 End:   TimeServis; Timer: cpu0=0.344 wall=0.033 
 Start: User modules' functions BeforeTimeStep() are calling
 End:   User modules' functions BeforeTimeStep() are calling; Timer: cpu0=0.000 wall=0.003 
 Start: Adaptation, TotalRealCellsCount= 95819 
 End:   Adaptation; Timer: cpu0=0.000 wall=0.005 
 Start: Initialize data arrays on chips
 End:   Initialize data arrays on chips, res= 0; Timer: cpu0=0.000 wall=0.002 
  ***** Maximum Geometrical Gauss = 1.88615e-14, cell= 390:2:7:3:0
  ***** Maximum MovingSurf  Gauss = 0, cell= 
 Start: Initialize data arrays on chips
 End:   Initialize data arrays on chips, res= 0; Timer: cpu0=0.000 wall=0.002 
 Start: TimeServis
 End:   TimeServis; Timer: cpu0=0.344 wall=0.034 
 Start: FindEnclaves
 End:   FindEnclaves; Timer: cpu0=0.078 wall=0.086 
 Start: VarValueService
 End:   VarValueService; Timer: cpu0=0.000 wall=0.002 
 Start: SolvePhaseEquation 
 End:   SolvePhaseEquation ; Timer: cpu0=10.953 wall=1.367 
 Start: SolidFiltersProcess: calculate forces and moments
 End:   SolidFiltersProcess: calculate forces and moments; Timer: cpu0=0.000 wall=0.001 
 Start: PrepareDataForNextStep
 End:   PrepareDataForNextStep; Timer: cpu0=0.344 wall=0.037 
 Start: VarValueService
 End:   VarValueService; Timer: cpu0=0.000 wall=0.002 
 Start: UpdateStopperData
 End:   UpdateStopperData; Timer: cpu0=0.000 wall=0.002 
 Start: Saving text status in E:\UniFlight\flow\full_rocket10_fv\data\full_rocket10.status
 End:   Saving text status in E:\UniFlight\flow\full_rocket10_fv\data\full_rocket10.status; Timer: cpu0=0.000 wall=0.003 
 End:   ===== Time Step =====, Iter number =  23; Timer: cpu0=12.078 wall=1.636 

20.06.26 15:42:04  ===== Processing Layers =====
20.06.26 15:42:04    *SEND* for CScalarLayer, GUID=35D5BC16-A80B-49DF-A4AB-2D8A3E454FDC
 Start: ComputeVolumeCharacteristics
 End:   ComputeVolumeCharacteristics; Timer: cpu0=0.172 wall=0.003 
 Start: GetValueOnFacets
 End:   GetValueOnFacets; Timer: cpu0=0.062 wall=0.016 
20.06.26 15:42:05    *SEND* for CIntegralCharsLayer, GUID=4E090A0C-544B-E4A2-4242-BEC451D7CD2B
20.06.26 15:42:05    *SEND* for CIntegralCharsLayer, GUID=DA27EECF-558C-D390-7112-31A961279F88
20.06.26 15:42:05    *SEND* for CIntegralCharsLayer, GUID=D073F2AC-92DF-84C7-2F9D-1DD60ACD790B
 End:   ===== Processing Layers =====; Timer: cpu0=0.234 wall=0.038 

20.06.26 15:42:05  ===== New Time Step =====, Iter number =  24
 Start: TimeServis
 End:   TimeServis; Timer: cpu0=0.250 wall=0.033 
 Start: User modules' functions BeforeTimeStep() are calling
 End:   User modules' functions BeforeTimeStep() are calling; Timer: cpu0=0.000 wall=0.002 
 Start: Adaptation, TotalRealCellsCount= 95819 
 End:   Adaptation; Timer: cpu0=0.000 wall=0.005 
 Start: Initialize data arrays on chips
 End:   Initialize data arrays on chips, res= 0; Timer: cpu0=0.000 wall=0.003 
  ***** Maximum Geometrical Gauss = 1.88615e-14, cell= 390:2:7:3:0
  ***** Maximum MovingSurf  Gauss = 0, cell= 
 Start: Initialize data arrays on chips
 End:   Initialize data arrays on chips, res= 0; Timer: cpu0=0.000 wall=0.002 
 Start: TimeServis
 End:   TimeServis; Timer: cpu0=0.375 wall=0.038 
 Start: FindEnclaves
 End:   FindEnclaves; Timer: cpu0=0.078 wall=0.084 
 Start: VarValueService
 End:   VarValueService; Timer: cpu0=0.000 wall=0.001 
 Start: SolvePhaseEquation 
 End:   SolvePhaseEquation ; Timer: cpu0=12.672 wall=1.445 
 Start: SolidFiltersProcess: calculate forces and moments
 End:   SolidFiltersProcess: calculate forces and moments; Timer: cpu0=0.000 wall=0.002 
 Start: PrepareDataForNextStep
 End:   PrepareDataForNextStep; Timer: cpu0=0.344 wall=0.036 
 Start: VarValueService
 End:   VarValueService; Timer: cpu0=0.000 wall=0.001 
 Start: UpdateStopperData
 End:   UpdateStopperData; Timer: cpu0=0.000 wall=0.001 
 Start: Saving text status in E:\UniFlight\flow\full_rocket10_fv\data\full_rocket10.status
 End:   Saving text status in E:\UniFlight\flow\full_rocket10_fv\data\full_rocket10.status; Timer: cpu0=0.000 wall=0.001 
 End:   ===== Time Step =====, Iter number =  24; Timer: cpu0=14.062 wall=1.712 

20.06.26 15:42:07  ===== Processing Layers =====
20.06.26 15:42:07    *SEND* for CScalarLayer, GUID=35D5BC16-A80B-49DF-A4AB-2D8A3E454FDC
 Start: ComputeVolumeCharacteristics
 End:   ComputeVolumeCharacteristics; Timer: cpu0=0.172 wall=0.004 
 Start: GetValueOnFacets
 End:   GetValueOnFacets; Timer: cpu0=0.016 wall=0.012 
20.06.26 15:42:07    *SEND* for CIntegralCharsLayer, GUID=4E090A0C-544B-E4A2-4242-BEC451D7CD2B
20.06.26 15:42:07    *SEND* for CIntegralCharsLayer, GUID=DA27EECF-558C-D390-7112-31A961279F88
20.06.26 15:42:07    *SEND* for CIntegralCharsLayer, GUID=D073F2AC-92DF-84C7-2F9D-1DD60ACD790B
 End:   ===== Processing Layers =====; Timer: cpu0=0.188 wall=0.033 

20.06.26 15:42:07  ===== New Time Step =====, Iter number =  25
 Start: TimeServis
 End:   TimeServis; Timer: cpu0=0.312 wall=0.037 
 Start: User modules' functions BeforeTimeStep() are calling
 End:   User modules' functions BeforeTimeStep() are calling; Timer: cpu0=0.000 wall=0.003 
 Start: Adaptation, TotalRealCellsCount= 95819 
 End:   Adaptation; Timer: cpu0=0.000 wall=0.004 
 Start: Initialize data arrays on chips
 End:   Initialize data arrays on chips, res= 0; Timer: cpu0=0.000 wall=0.003 
  ***** Maximum Geometrical Gauss = 1.88615e-14, cell= 390:2:7:3:0
  ***** Maximum MovingSurf  Gauss = 0, cell= 
 Start: Initialize data arrays on chips
 End:   Initialize data arrays on chips, res= 0; Timer: cpu0=0.000 wall=0.002 
 Start: TimeServis
 End:   TimeServis; Timer: cpu0=0.328 wall=0.037 
 Start: FindEnclaves
 End:   FindEnclaves; Timer: cpu0=0.078 wall=0.096 
 Start: VarValueService
 End:   VarValueService; Timer: cpu0=0.000 wall=0.001 
 Start: SolvePhaseEquation 
 End:   SolvePhaseEquation ; Timer: cpu0=11.844 wall=1.644 
 Start: SolidFiltersProcess: calculate forces and moments
 End:   SolidFiltersProcess: calculate forces and moments; Timer: cpu0=0.000 wall=0.003 
 Start: PrepareDataForNextStep
 End:   PrepareDataForNextStep; Timer: cpu0=0.469 wall=0.049 
 Start: VarValueService
 End:   VarValueService; Timer: cpu0=0.000 wall=0.002 
 Start: UpdateStopperData
 End:   UpdateStopperData; Timer: cpu0=0.000 wall=0.002 
 Start: Saving text status in E:\UniFlight\flow\full_rocket10_fv\data\full_rocket10.status
 End:   Saving text status in E:\UniFlight\flow\full_rocket10_fv\data\full_rocket10.status; Timer: cpu0=0.000 wall=0.002 
 End:   ===== Time Step =====, Iter number =  25; Timer: cpu0=13.203 wall=1.950 

20.06.26 15:42:09  ===== Processing Layers =====
20.06.26 15:42:09    *SEND* for CScalarLayer, GUID=35D5BC16-A80B-49DF-A4AB-2D8A3E454FDC
 Start: ComputeVolumeCharacteristics
 End:   ComputeVolumeCharacteristics; Timer: cpu0=0.000 wall=0.004 
 Start: GetValueOnFacets
 End:   GetValueOnFacets; Timer: cpu0=0.016 wall=0.014 
20.06.26 15:42:09    *SEND* for CIntegralCharsLayer, GUID=4E090A0C-544B-E4A2-4242-BEC451D7CD2B
20.06.26 15:42:09    *SEND* for CIntegralCharsLayer, GUID=DA27EECF-558C-D390-7112-31A961279F88
20.06.26 15:42:09    *SEND* for CIntegralCharsLayer, GUID=D073F2AC-92DF-84C7-2F9D-1DD60ACD790B
 End:   ===== Processing Layers =====; Timer: cpu0=0.016 wall=0.035 

20.06.26 15:42:09  ===== New Time Step =====, Iter number =  26
 Start: TimeServis
 End:   TimeServis; Timer: cpu0=0.219 wall=0.033 
 Start: User modules' functions BeforeTimeStep() are calling
 End:   User modules' functions BeforeTimeStep() are calling; Timer: cpu0=0.000 wall=0.001 
 Start: Adaptation, TotalRealCellsCount= 95819 
 End:   Adaptation; Timer: cpu0=0.000 wall=0.004 
 Start: Initialize data arrays on chips
 End:   Initialize data arrays on chips, res= 0; Timer: cpu0=0.000 wall=0.003 
  ***** Maximum Geometrical Gauss = 1.88615e-14, cell= 390:2:7:3:0
  ***** Maximum MovingSurf  Gauss = 0, cell= 
 Start: Initialize data arrays on chips
 End:   Initialize data arrays on chips, res= 0; Timer: cpu0=0.141 wall=0.002 
 Start: TimeServis
 End:   TimeServis; Timer: cpu0=0.406 wall=0.042 
 Start: FindEnclaves
 End:   FindEnclaves; Timer: cpu0=0.062 wall=0.084 
 Start: VarValueService
 End:   VarValueService; Timer: cpu0=0.172 wall=0.001 
 Start: SolvePhaseEquation 
 End:   SolvePhaseEquation ; Timer: cpu0=13.656 wall=1.908 
 Start: SolidFiltersProcess: calculate forces and moments
 End:   SolidFiltersProcess: calculate forces and moments; Timer: cpu0=0.000 wall=0.004 
 Start: PrepareDataForNextStep
 End:   PrepareDataForNextStep; Timer: cpu0=0.609 wall=0.071 
 Start: VarValueService
 End:   VarValueService; Timer: cpu0=0.000 wall=0.002 
 Start: UpdateStopperData
 End:   UpdateStopperData; Timer: cpu0=0.000 wall=0.002 
 Start: Saving text status in E:\UniFlight\flow\full_rocket10_fv\data\full_rocket10.status
 End:   Saving text status in E:\UniFlight\flow\full_rocket10_fv\data\full_rocket10.status; Timer: cpu0=0.000 wall=0.003 
 End:   ===== Time Step =====, Iter number =  26; Timer: cpu0=15.594 wall=2.226 

20.06.26 15:42:11  ===== Processing Layers =====
20.06.26 15:42:11    *SEND* for CScalarLayer, GUID=35D5BC16-A80B-49DF-A4AB-2D8A3E454FDC
 Start: ComputeVolumeCharacteristics
 End:   ComputeVolumeCharacteristics; Timer: cpu0=0.141 wall=0.005 
 Start: GetValueOnFacets
 End:   GetValueOnFacets; Timer: cpu0=0.156 wall=0.018 
20.06.26 15:42:11    *SEND* for CIntegralCharsLayer, GUID=4E090A0C-544B-E4A2-4242-BEC451D7CD2B
20.06.26 15:42:11    *SEND* for CIntegralCharsLayer, GUID=DA27EECF-558C-D390-7112-31A961279F88
20.06.26 15:42:11    *SEND* for CIntegralCharsLayer, GUID=D073F2AC-92DF-84C7-2F9D-1DD60ACD790B
 End:   ===== Processing Layers =====; Timer: cpu0=0.297 wall=0.046 

20.06.26 15:42:11  ===== New Time Step =====, Iter number =  27
 Start: TimeServis
 End:   TimeServis; Timer: cpu0=0.406 wall=0.046 
 Start: User modules' functions BeforeTimeStep() are calling
 End:   User modules' functions BeforeTimeStep() are calling; Timer: cpu0=0.000 wall=0.003 
 Start: Adaptation, TotalRealCellsCount= 95819 
 End:   Adaptation; Timer: cpu0=0.156 wall=0.005 
 Start: Initialize data arrays on chips
 End:   Initialize data arrays on chips, res= 0; Timer: cpu0=0.000 wall=0.004 
  ***** Maximum Geometrical Gauss = 1.88615e-14, cell= 390:2:7:3:0
  ***** Maximum MovingSurf  Gauss = 0, cell= 
 Start: Initialize data arrays on chips
 End:   Initialize data arrays on chips, res= 0; Timer: cpu0=0.000 wall=0.002 
 Start: TimeServis
 End:   TimeServis; Timer: cpu0=0.500 wall=0.047 
 Start: FindEnclaves
 End:   FindEnclaves; Timer: cpu0=0.078 wall=0.093 
 Start: VarValueService
 End:   VarValueService; Timer: cpu0=0.000 wall=0.001 
 Start: SolvePhaseEquation 
 End:   SolvePhaseEquation ; Timer: cpu0=12.672 wall=1.740 
 Start: SolidFiltersProcess: calculate forces and moments
 End:   SolidFiltersProcess: calculate forces and moments; Timer: cpu0=0.000 wall=0.003 
 Start: PrepareDataForNextStep
 End:   PrepareDataForNextStep; Timer: cpu0=0.422 wall=0.096 
 Start: VarValueService
 End:   VarValueService; Timer: cpu0=0.000 wall=0.002 
 Start: UpdateStopperData
 End:   UpdateStopperData; Timer: cpu0=0.000 wall=0.002 
 Start: Saving text status in E:\UniFlight\flow\full_rocket10_fv\data\full_rocket10.status
 End:   Saving text status in E:\UniFlight\flow\full_rocket10_fv\data\full_rocket10.status; Timer: cpu0=0.000 wall=0.003 
 End:   ===== Time Step =====, Iter number =  27; Timer: cpu0=14.719 wall=2.146 

20.06.26 15:42:14  ===== Processing Layers =====
20.06.26 15:42:14    *SEND* for CScalarLayer, GUID=35D5BC16-A80B-49DF-A4AB-2D8A3E454FDC
 Start: ComputeVolumeCharacteristics
 End:   ComputeVolumeCharacteristics; Timer: cpu0=0.000 wall=0.003 
 Start: GetValueOnFacets
 End:   GetValueOnFacets; Timer: cpu0=0.016 wall=0.016 
20.06.26 15:42:14    *SEND* for CIntegralCharsLayer, GUID=4E090A0C-544B-E4A2-4242-BEC451D7CD2B
20.06.26 15:42:14    *SEND* for CIntegralCharsLayer, GUID=DA27EECF-558C-D390-7112-31A961279F88
20.06.26 15:42:14    *SEND* for CIntegralCharsLayer, GUID=D073F2AC-92DF-84C7-2F9D-1DD60ACD790B
 End:   ===== Processing Layers =====; Timer: cpu0=0.016 wall=0.041 

20.06.26 15:42:14  ===== New Time Step =====, Iter number =  28
 Start: TimeServis
 End:   TimeServis; Timer: cpu0=0.344 wall=0.030 
 Start: User modules' functions BeforeTimeStep() are calling
 End:   User modules' functions BeforeTimeStep() are calling; Timer: cpu0=0.000 wall=0.001 
 Start: Adaptation, TotalRealCellsCount= 95819 
 End:   Adaptation; Timer: cpu0=0.000 wall=0.005 
 Start: Initialize data arrays on chips
 End:   Initialize data arrays on chips, res= 0; Timer: cpu0=0.000 wall=0.002 
  ***** Maximum Geometrical Gauss = 1.88615e-14, cell= 390:2:7:3:0
  ***** Maximum MovingSurf  Gauss = 0, cell= 
 Start: Initialize data arrays on chips
 End:   Initialize data arrays on chips, res= 0; Timer: cpu0=0.172 wall=0.002 
 Start: TimeServis
 End:   TimeServis; Timer: cpu0=0.344 wall=0.038 
 Start: FindEnclaves
 End:   FindEnclaves; Timer: cpu0=0.078 wall=0.081 
 Start: VarValueService
 End:   VarValueService; Timer: cpu0=0.000 wall=0.001 
 Start: SolvePhaseEquation 
 End:   SolvePhaseEquation ; Timer: cpu0=12.859 wall=1.649 
 Start: SolidFiltersProcess: calculate forces and moments
 End:   SolidFiltersProcess: calculate forces and moments; Timer: cpu0=0.000 wall=0.002 
 Start: PrepareDataForNextStep
 End:   PrepareDataForNextStep; Timer: cpu0=0.219 wall=0.042 
 Start: VarValueService
 End:   VarValueService; Timer: cpu0=0.000 wall=0.002 
 Start: UpdateStopperData
 End:   UpdateStopperData; Timer: cpu0=0.000 wall=0.001 
 Start: Saving text status in E:\UniFlight\flow\full_rocket10_fv\data\full_rocket10.status
 End:   Saving text status in E:\UniFlight\flow\full_rocket10_fv\data\full_rocket10.status; Timer: cpu0=0.000 wall=0.002 
 End:   ===== Time Step =====, Iter number =  28; Timer: cpu0=14.328 wall=1.920 

20.06.26 15:42:16  ===== Processing Layers =====
20.06.26 15:42:16    *SEND* for CScalarLayer, GUID=35D5BC16-A80B-49DF-A4AB-2D8A3E454FDC
 Start: ComputeVolumeCharacteristics
 End:   ComputeVolumeCharacteristics; Timer: cpu0=0.156 wall=0.004 
 Start: GetValueOnFacets
 End:   GetValueOnFacets; Timer: cpu0=0.109 wall=0.014 
20.06.26 15:42:16    *SEND* for CIntegralCharsLayer, GUID=4E090A0C-544B-E4A2-4242-BEC451D7CD2B
20.06.26 15:42:16    *SEND* for CIntegralCharsLayer, GUID=DA27EECF-558C-D390-7112-31A961279F88
20.06.26 15:42:16    *SEND* for CIntegralCharsLayer, GUID=D073F2AC-92DF-84C7-2F9D-1DD60ACD790B
 End:   ===== Processing Layers =====; Timer: cpu0=0.266 wall=0.037 

20.06.26 15:42:16  ===== New Time Step =====, Iter number =  29
 Start: TimeServis
 End:   TimeServis; Timer: cpu0=0.297 wall=0.038 
 Start: User modules' functions BeforeTimeStep() are calling
 End:   User modules' functions BeforeTimeStep() are calling; Timer: cpu0=0.000 wall=0.003 
 Start: Adaptation, TotalRealCellsCount= 95819 
 End:   Adaptation; Timer: cpu0=0.000 wall=0.004 
 Start: Initialize data arrays on chips
 End:   Initialize data arrays on chips, res= 0; Timer: cpu0=0.000 wall=0.003 
  ***** Maximum Geometrical Gauss = 1.88615e-14, cell= 390:2:7:3:0
  ***** Maximum MovingSurf  Gauss = 0, cell= 
 Start: Initialize data arrays on chips
 End:   Initialize data arrays on chips, res= 0; Timer: cpu0=0.000 wall=0.002 
 Start: TimeServis
 End:   TimeServis; Timer: cpu0=0.562 wall=0.070 
 Start: FindEnclaves
 End:   FindEnclaves; Timer: cpu0=0.156 wall=0.152 
 Start: VarValueService
 End:   VarValueService; Timer: cpu0=0.000 wall=0.002 
 Start: SolvePhaseEquation 
 End:   SolvePhaseEquation ; Timer: cpu0=12.172 wall=1.484 
 Start: SolidFiltersProcess: calculate forces and moments
 End:   SolidFiltersProcess: calculate forces and moments; Timer: cpu0=0.000 wall=0.001 
 Start: PrepareDataForNextStep
 End:   PrepareDataForNextStep; Timer: cpu0=0.312 wall=0.039 
 Start: VarValueService
 End:   VarValueService; Timer: cpu0=0.000 wall=0.001 
 Start: UpdateStopperData
 End:   UpdateStopperData; Timer: cpu0=0.000 wall=0.001 
 Start: Saving text status in E:\UniFlight\flow\full_rocket10_fv\data\full_rocket10.status
 End:   Saving text status in E:\UniFlight\flow\full_rocket10_fv\data\full_rocket10.status; Timer: cpu0=0.000 wall=0.002 
 End:   ===== Time Step =====, Iter number =  29; Timer: cpu0=13.875 wall=1.886 

20.06.26 15:42:18  ===== Processing Layers =====
20.06.26 15:42:18    *SEND* for CScalarLayer, GUID=35D5BC16-A80B-49DF-A4AB-2D8A3E454FDC
 Start: ComputeVolumeCharacteristics
 End:   ComputeVolumeCharacteristics; Timer: cpu0=0.000 wall=0.005 
 Start: GetValueOnFacets
 End:   GetValueOnFacets; Timer: cpu0=0.000 wall=0.013 
20.06.26 15:42:18    *SEND* for CIntegralCharsLayer, GUID=4E090A0C-544B-E4A2-4242-BEC451D7CD2B
20.06.26 15:42:18    *SEND* for CIntegralCharsLayer, GUID=DA27EECF-558C-D390-7112-31A961279F88
20.06.26 15:42:18    *SEND* for CIntegralCharsLayer, GUID=D073F2AC-92DF-84C7-2F9D-1DD60ACD790B
 End:   ===== Processing Layers =====; Timer: cpu0=0.000 wall=0.034 

20.06.26 15:42:18  ===== New Time Step =====, Iter number =  30
 Start: TimeServis
 End:   TimeServis; Timer: cpu0=0.328 wall=0.036 
 Start: User modules' functions BeforeTimeStep() are calling
 End:   User modules' functions BeforeTimeStep() are calling; Timer: cpu0=0.000 wall=0.002 
 Start: Adaptation, TotalRealCellsCount= 95819 
 End:   Adaptation; Timer: cpu0=6.062 wall=0.841 
 Start: DistributeGridOnProcessors
 End:   DistributeGridOnProcessors, res= 0; Timer: cpu0=0.719 wall=0.245 
 Start: SetNeiHyperCells
 End:   SetNeiHyperCells, res= 0; Timer: cpu0=0.000 wall=0.009 
 Start: BuildFacetDistribution
 End:   BuildFacetDistribution; Timer: cpu0=0.000 wall=0.002 
 Start: Initialize data arrays on chips
 End:   Initialize data arrays on chips, res= 0; Timer: cpu0=0.000 wall=0.003 
  ***** Maximum Geometrical Gauss = 1.46957e-14, cell= 540:2:6:0:0
  ***** Maximum MovingSurf  Gauss = 3.66694e-14, cell= 99:3:3:0
 Start: Remove Small Cells
 End:   Remove Small Cells; Timer: cpu0=0.172 wall=0.022 
 Start: Initialize data arrays on chips
 End:   Initialize data arrays on chips, res= 0; Timer: cpu0=0.000 wall=0.002 
  ***** Maximum Geometrical Gauss = 1.46957e-14, cell= 540:2:6:0:0
  ***** Maximum MovingSurf  Gauss = 3.66694e-14, cell= 99:3:3:0
 Start: Initialize data arrays on chips
 End:   Initialize data arrays on chips, res= 0; Timer: cpu0=0.000 wall=0.002 
 Start: Modify Chip Data
 End:   Modify Chip Data; Timer: cpu0=0.500 wall=0.038 
 Start: TimeServis
 End:   TimeServis; Timer: cpu0=0.516 wall=0.047 
 Start: FindEnclaves
 End:   FindEnclaves; Timer: cpu0=0.094 wall=0.095 
 Start: VarValueService
 End:   VarValueService; Timer: cpu0=0.000 wall=0.001 
 Start: SolvePhaseEquation 
 End:   SolvePhaseEquation ; Timer: cpu0=13.766 wall=1.642 
 Start: SolidFiltersProcess: calculate forces and moments
 End:   SolidFiltersProcess: calculate forces and moments; Timer: cpu0=0.000 wall=0.002 
 Start: PrepareDataForNextStep
 End:   PrepareDataForNextStep; Timer: cpu0=0.500 wall=0.052 
 Start: VarValueService
 End:   VarValueService; Timer: cpu0=0.000 wall=0.001 
 Start: UpdateStopperData
 End:   UpdateStopperData; Timer: cpu0=0.000 wall=0.001 
 Start: Saving text status in E:\UniFlight\flow\full_rocket10_fv\data\full_rocket10.status
 End:   Saving text status in E:\UniFlight\flow\full_rocket10_fv\data\full_rocket10.status; Timer: cpu0=0.000 wall=0.003 
 End:   ===== Time Step =====, Iter number =  30; Timer: cpu0=23.141 wall=3.142 

20.06.26 15:42:22  ===== Processing Layers =====
20.06.26 15:42:22    *SEND* for CScalarLayer, GUID=35D5BC16-A80B-49DF-A4AB-2D8A3E454FDC
 Start: ComputeVolumeCharacteristics
 End:   ComputeVolumeCharacteristics; Timer: cpu0=0.000 wall=0.004 
 Start: GetValueOnFacets
 End:   GetValueOnFacets; Timer: cpu0=0.016 wall=0.015 
20.06.26 15:42:22    *SEND* for CIntegralCharsLayer, GUID=4E090A0C-544B-E4A2-4242-BEC451D7CD2B
20.06.26 15:42:22    *SEND* for CIntegralCharsLayer, GUID=DA27EECF-558C-D390-7112-31A961279F88
20.06.26 15:42:22    *SEND* for CIntegralCharsLayer, GUID=D073F2AC-92DF-84C7-2F9D-1DD60ACD790B
 End:   ===== Processing Layers =====; Timer: cpu0=0.016 wall=0.035 

20.06.26 15:42:22  ===== New Time Step =====, Iter number =  31
 Start: TimeServis
 End:   TimeServis; Timer: cpu0=0.344 wall=0.036 
 Start: User modules' functions BeforeTimeStep() are calling
 End:   User modules' functions BeforeTimeStep() are calling; Timer: cpu0=0.000 wall=0.001 
 Start: Adaptation, TotalRealCellsCount= 106998 
 End:   Adaptation; Timer: cpu0=6.672 wall=0.868 
 Start: DistributeGridOnProcessors
 End:   DistributeGridOnProcessors, res= 0; Timer: cpu0=1.000 wall=0.227 
 Start: SetNeiHyperCells
 End:   SetNeiHyperCells, res= 0; Timer: cpu0=0.000 wall=0.009 
 Start: BuildFacetDistribution
 End:   BuildFacetDistribution; Timer: cpu0=0.172 wall=0.002 
 Start: Initialize data arrays on chips
 End:   Initialize data arrays on chips, res= 0; Timer: cpu0=0.000 wall=0.002 
  ***** Maximum Geometrical Gauss = 1.77043e-14, cell= 399:7:7:7:0
  ***** Maximum MovingSurf  Gauss = 1.76295e-14, cell= 99:0:2:0
 Start: Remove Small Cells
 End:   Remove Small Cells; Timer: cpu0=0.172 wall=0.022 
 Start: Initialize data arrays on chips
 End:   Initialize data arrays on chips, res= 0; Timer: cpu0=0.000 wall=0.002 
  ***** Maximum Geometrical Gauss = 1.77043e-14, cell= 399:7:7:7:0
  ***** Maximum MovingSurf  Gauss = 1.76295e-14, cell= 99:0:2:0
 Start: Initialize data arrays on chips
 End:   Initialize data arrays on chips, res= 0; Timer: cpu0=0.000 wall=0.002 
 Start: Modify Chip Data
 End:   Modify Chip Data; Timer: cpu0=0.516 wall=0.044 
 Start: TimeServis
 End:   TimeServis; Timer: cpu0=0.281 wall=0.054 
 Start: FindEnclaves
 End:   FindEnclaves; Timer: cpu0=0.094 wall=0.105 
 Start: VarValueService
 End:   VarValueService; Timer: cpu0=0.000 wall=0.001 
 Start: SolvePhaseEquation 
 End:   SolvePhaseEquation ; Timer: cpu0=14.203 wall=1.681 
 Start: SolidFiltersProcess: calculate forces and moments
 End:   SolidFiltersProcess: calculate forces and moments; Timer: cpu0=0.000 wall=0.003 
 Start: PrepareDataForNextStep
 End:   PrepareDataForNextStep; Timer: cpu0=0.234 wall=0.055 
 Start: VarValueService
 End:   VarValueService; Timer: cpu0=0.016 wall=0.002 
 Start: UpdateStopperData
 End:   UpdateStopperData; Timer: cpu0=0.000 wall=0.003 
 Start: Saving text status in E:\UniFlight\flow\full_rocket10_fv\data\full_rocket10.status
 End:   Saving text status in E:\UniFlight\flow\full_rocket10_fv\data\full_rocket10.status; Timer: cpu0=0.000 wall=0.003 
 End:   ===== Time Step =====, Iter number =  31; Timer: cpu0=24.047 wall=3.216 

20.06.26 15:42:25  ===== Processing Layers =====
20.06.26 15:42:25    *SEND* for CScalarLayer, GUID=35D5BC16-A80B-49DF-A4AB-2D8A3E454FDC
 Start: ComputeVolumeCharacteristics
 End:   ComputeVolumeCharacteristics; Timer: cpu0=0.000 wall=0.004 
 Start: GetValueOnFacets
 End:   GetValueOnFacets; Timer: cpu0=0.172 wall=0.014 
20.06.26 15:42:25    *SEND* for CIntegralCharsLayer, GUID=4E090A0C-544B-E4A2-4242-BEC451D7CD2B
20.06.26 15:42:25    *SEND* for CIntegralCharsLayer, GUID=DA27EECF-558C-D390-7112-31A961279F88
20.06.26 15:42:25    *SEND* for CIntegralCharsLayer, GUID=D073F2AC-92DF-84C7-2F9D-1DD60ACD790B
 End:   ===== Processing Layers =====; Timer: cpu0=0.172 wall=0.036 

20.06.26 15:42:25  ===== New Time Step =====, Iter number =  32
 Start: TimeServis
 End:   TimeServis; Timer: cpu0=0.516 wall=0.038 
 Start: User modules' functions BeforeTimeStep() are calling
 End:   User modules' functions BeforeTimeStep() are calling; Timer: cpu0=0.000 wall=0.002 
 Start: Adaptation, TotalRealCellsCount= 109651 
 End:   Adaptation; Timer: cpu0=0.156 wall=0.006 
 Start: Initialize data arrays on chips
 End:   Initialize data arrays on chips, res= 0; Timer: cpu0=0.000 wall=0.002 
  ***** Maximum Geometrical Gauss = 1.77043e-14, cell= 399:7:7:7:0
  ***** Maximum MovingSurf  Gauss = 0, cell= 
 Start: Initialize data arrays on chips
 End:   Initialize data arrays on chips, res= 0; Timer: cpu0=0.000 wall=0.002 
 Start: TimeServis
 End:   TimeServis; Timer: cpu0=0.266 wall=0.039 
 Start: FindEnclaves
 End:   FindEnclaves; Timer: cpu0=0.109 wall=0.106 
 Start: VarValueService
 End:   VarValueService; Timer: cpu0=0.000 wall=0.002 
 Start: SolvePhaseEquation 
 End:   SolvePhaseEquation ; Timer: cpu0=13.406 wall=1.714 
 Start: SolidFiltersProcess: calculate forces and moments
 End:   SolidFiltersProcess: calculate forces and moments; Timer: cpu0=0.000 wall=0.001 
 Start: PrepareDataForNextStep
 End:   PrepareDataForNextStep; Timer: cpu0=0.406 wall=0.040 
 Start: VarValueService
 End:   VarValueService; Timer: cpu0=0.000 wall=0.002 
 Start: UpdateStopperData
 End:   UpdateStopperData; Timer: cpu0=0.000 wall=0.001 
 Start: Saving text status in E:\UniFlight\flow\full_rocket10_fv\data\full_rocket10.status
 End:   Saving text status in E:\UniFlight\flow\full_rocket10_fv\data\full_rocket10.status; Timer: cpu0=0.000 wall=0.003 
 End:   ===== Time Step =====, Iter number =  32; Timer: cpu0=14.922 wall=2.017 

20.06.26 15:42:27  ===== Processing Layers =====
20.06.26 15:42:27    *SEND* for CScalarLayer, GUID=35D5BC16-A80B-49DF-A4AB-2D8A3E454FDC
 Start: ComputeVolumeCharacteristics
 End:   ComputeVolumeCharacteristics; Timer: cpu0=0.172 wall=0.004 
 Start: GetValueOnFacets
 End:   GetValueOnFacets; Timer: cpu0=0.172 wall=0.019 
20.06.26 15:42:28    *SEND* for CIntegralCharsLayer, GUID=4E090A0C-544B-E4A2-4242-BEC451D7CD2B
20.06.26 15:42:28    *SEND* for CIntegralCharsLayer, GUID=DA27EECF-558C-D390-7112-31A961279F88
20.06.26 15:42:28    *SEND* for CIntegralCharsLayer, GUID=D073F2AC-92DF-84C7-2F9D-1DD60ACD790B
 End:   ===== Processing Layers =====; Timer: cpu0=0.344 wall=0.040 

20.06.26 15:42:28  ===== New Time Step =====, Iter number =  33
 Start: TimeServis
 End:   TimeServis; Timer: cpu0=0.328 wall=0.036 
 Start: User modules' functions BeforeTimeStep() are calling
 End:   User modules' functions BeforeTimeStep() are calling; Timer: cpu0=0.000 wall=0.002 
 Start: Adaptation, TotalRealCellsCount= 109651 
 End:   Adaptation; Timer: cpu0=0.000 wall=0.006 
 Start: Initialize data arrays on chips
 End:   Initialize data arrays on chips, res= 0; Timer: cpu0=0.000 wall=0.003 
  ***** Maximum Geometrical Gauss = 1.77043e-14, cell= 399:7:7:7:0
  ***** Maximum MovingSurf  Gauss = 0, cell= 
 Start: Initialize data arrays on chips
 End:   Initialize data arrays on chips, res= 0; Timer: cpu0=0.000 wall=0.002 
 Start: TimeServis
 End:   TimeServis; Timer: cpu0=0.516 wall=0.045 
 Start: FindEnclaves
 End:   FindEnclaves; Timer: cpu0=0.250 wall=0.098 
 Start: VarValueService
 End:   VarValueService; Timer: cpu0=0.000 wall=0.002 
 Start: SolvePhaseEquation 
 End:   SolvePhaseEquation ; Timer: cpu0=13.703 wall=1.685 
 Start: SolidFiltersProcess: calculate forces and moments
 End:   SolidFiltersProcess: calculate forces and moments; Timer: cpu0=0.000 wall=0.001 
 Start: PrepareDataForNextStep
 End:   PrepareDataForNextStep; Timer: cpu0=0.500 wall=0.041 
 Start: VarValueService
 End:   VarValueService; Timer: cpu0=0.000 wall=0.002 
 Start: UpdateStopperData
 End:   UpdateStopperData; Timer: cpu0=0.000 wall=0.001 
 Start: Saving text status in E:\UniFlight\flow\full_rocket10_fv\data\full_rocket10.status
 End:   Saving text status in E:\UniFlight\flow\full_rocket10_fv\data\full_rocket10.status; Timer: cpu0=0.000 wall=0.002 
 End:   ===== Time Step =====, Iter number =  33; Timer: cpu0=15.484 wall=1.993 

20.06.26 15:42:30  ===== Processing Layers =====
20.06.26 15:42:30    *SEND* for CScalarLayer, GUID=35D5BC16-A80B-49DF-A4AB-2D8A3E454FDC
 Start: ComputeVolumeCharacteristics
 End:   ComputeVolumeCharacteristics; Timer: cpu0=0.000 wall=0.004 
 Start: GetValueOnFacets
 End:   GetValueOnFacets; Timer: cpu0=0.000 wall=0.014 
20.06.26 15:42:30    *SEND* for CIntegralCharsLayer, GUID=4E090A0C-544B-E4A2-4242-BEC451D7CD2B
20.06.26 15:42:30    *SEND* for CIntegralCharsLayer, GUID=DA27EECF-558C-D390-7112-31A961279F88
20.06.26 15:42:30    *SEND* for CIntegralCharsLayer, GUID=D073F2AC-92DF-84C7-2F9D-1DD60ACD790B
 End:   ===== Processing Layers =====; Timer: cpu0=0.000 wall=0.036 

20.06.26 15:42:30  ===== New Time Step =====, Iter number =  34
 Start: TimeServis
 End:   TimeServis; Timer: cpu0=0.234 wall=0.037 
 Start: User modules' functions BeforeTimeStep() are calling
 End:   User modules' functions BeforeTimeStep() are calling; Timer: cpu0=0.016 wall=0.002 
 Start: Adaptation, TotalRealCellsCount= 109651 
 End:   Adaptation; Timer: cpu0=0.000 wall=0.006 
 Start: Initialize data arrays on chips
 End:   Initialize data arrays on chips, res= 0; Timer: cpu0=0.000 wall=0.002 
  ***** Maximum Geometrical Gauss = 1.77043e-14, cell= 399:7:7:7:0
  ***** Maximum MovingSurf  Gauss = 0, cell= 
 Start: Initialize data arrays on chips
 End:   Initialize data arrays on chips, res= 0; Timer: cpu0=0.000 wall=0.002 
 Start: TimeServis
 End:   TimeServis; Timer: cpu0=0.344 wall=0.044 
 Start: FindEnclaves
 End:   FindEnclaves; Timer: cpu0=0.094 wall=0.094 
 Start: VarValueService
 End:   VarValueService; Timer: cpu0=0.000 wall=0.001 
 Start: SolvePhaseEquation 
 End:   SolvePhaseEquation ; Timer: cpu0=13.750 wall=1.653 
 Start: SolidFiltersProcess: calculate forces and moments
 End:   SolidFiltersProcess: calculate forces and moments; Timer: cpu0=0.000 wall=0.002 
 Start: PrepareDataForNextStep
 End:   PrepareDataForNextStep; Timer: cpu0=0.312 wall=0.042 
 Start: VarValueService
 End:   VarValueService; Timer: cpu0=0.000 wall=0.001 
 Start: UpdateStopperData
 End:   UpdateStopperData; Timer: cpu0=0.000 wall=0.000 
 Start: Saving text status in E:\UniFlight\flow\full_rocket10_fv\data\full_rocket10.status
 End:   Saving text status in E:\UniFlight\flow\full_rocket10_fv\data\full_rocket10.status; Timer: cpu0=0.000 wall=0.002 
 End:   ===== Time Step =====, Iter number =  34; Timer: cpu0=14.922 wall=1.956 

20.06.26 15:42:32  ===== Processing Layers =====
20.06.26 15:42:32    *SEND* for CScalarLayer, GUID=35D5BC16-A80B-49DF-A4AB-2D8A3E454FDC
 Start: ComputeVolumeCharacteristics
 End:   ComputeVolumeCharacteristics; Timer: cpu0=0.000 wall=0.004 
 Start: GetValueOnFacets
 End:   GetValueOnFacets; Timer: cpu0=0.016 wall=0.014 
20.06.26 15:42:32    *SEND* for CIntegralCharsLayer, GUID=4E090A0C-544B-E4A2-4242-BEC451D7CD2B
20.06.26 15:42:32    *SEND* for CIntegralCharsLayer, GUID=DA27EECF-558C-D390-7112-31A961279F88
20.06.26 15:42:32    *SEND* for CIntegralCharsLayer, GUID=D073F2AC-92DF-84C7-2F9D-1DD60ACD790B
 End:   ===== Processing Layers =====; Timer: cpu0=0.172 wall=0.038 

20.06.26 15:42:32  ===== New Time Step =====, Iter number =  35
 Start: TimeServis
 End:   TimeServis; Timer: cpu0=0.469 wall=0.038 
 Start: User modules' functions BeforeTimeStep() are calling
 End:   User modules' functions BeforeTimeStep() are calling; Timer: cpu0=0.000 wall=0.001 
 Start: Adaptation, TotalRealCellsCount= 109651 
 End:   Adaptation; Timer: cpu0=0.000 wall=0.005 
 Start: Initialize data arrays on chips
 End:   Initialize data arrays on chips, res= 0; Timer: cpu0=0.000 wall=0.002 
  ***** Maximum Geometrical Gauss = 1.77043e-14, cell= 399:7:7:7:0
  ***** Maximum MovingSurf  Gauss = 0, cell= 
 Start: Initialize data arrays on chips
 End:   Initialize data arrays on chips, res= 0; Timer: cpu0=0.000 wall=0.002 
 Start: TimeServis
 End:   TimeServis; Timer: cpu0=0.344 wall=0.040 
 Start: FindEnclaves
 End:   FindEnclaves; Timer: cpu0=0.094 wall=0.090 
 Start: VarValueService
 End:   VarValueService; Timer: cpu0=0.000 wall=0.002 
 Start: SolvePhaseEquation 
 End:   SolvePhaseEquation ; Timer: cpu0=12.953 wall=1.651 
 Start: SolidFiltersProcess: calculate forces and moments
 End:   SolidFiltersProcess: calculate forces and moments; Timer: cpu0=0.000 wall=0.001 
 Start: PrepareDataForNextStep
 End:   PrepareDataForNextStep; Timer: cpu0=0.422 wall=0.041 
 Start: VarValueService
 End:   VarValueService; Timer: cpu0=0.000 wall=0.001 
 Start: UpdateStopperData
 End:   UpdateStopperData; Timer: cpu0=0.000 wall=0.001 
 Start: Saving text status in E:\UniFlight\flow\full_rocket10_fv\data\full_rocket10.status
 End:   Saving text status in E:\UniFlight\flow\full_rocket10_fv\data\full_rocket10.status; Timer: cpu0=0.000 wall=0.002 
 End:   ===== Time Step =====, Iter number =  35; Timer: cpu0=14.328 wall=1.939 

20.06.26 15:42:34  ===== Processing Layers =====
20.06.26 15:42:34    *SEND* for CScalarLayer, GUID=35D5BC16-A80B-49DF-A4AB-2D8A3E454FDC
 Start: ComputeVolumeCharacteristics
 End:   ComputeVolumeCharacteristics; Timer: cpu0=0.000 wall=0.005 
 Start: GetValueOnFacets
 End:   GetValueOnFacets; Timer: cpu0=0.016 wall=0.016 
20.06.26 15:42:34    *SEND* for CIntegralCharsLayer, GUID=4E090A0C-544B-E4A2-4242-BEC451D7CD2B
20.06.26 15:42:34    *SEND* for CIntegralCharsLayer, GUID=DA27EECF-558C-D390-7112-31A961279F88
20.06.26 15:42:34    *SEND* for CIntegralCharsLayer, GUID=D073F2AC-92DF-84C7-2F9D-1DD60ACD790B
 End:   ===== Processing Layers =====; Timer: cpu0=0.188 wall=0.039 

20.06.26 15:42:34  ===== New Time Step =====, Iter number =  36
 Start: TimeServis
 End:   TimeServis; Timer: cpu0=0.516 wall=0.038 
 Start: User modules' functions BeforeTimeStep() are calling
 End:   User modules' functions BeforeTimeStep() are calling; Timer: cpu0=0.000 wall=0.003 
 Start: Adaptation, TotalRealCellsCount= 109651 
 End:   Adaptation; Timer: cpu0=0.000 wall=0.005 
 Start: Initialize data arrays on chips
 End:   Initialize data arrays on chips, res= 0; Timer: cpu0=0.000 wall=0.003 
  ***** Maximum Geometrical Gauss = 1.77043e-14, cell= 399:7:7:7:0
  ***** Maximum MovingSurf  Gauss = 0, cell= 
 Start: Initialize data arrays on chips
 End:   Initialize data arrays on chips, res= 0; Timer: cpu0=0.000 wall=0.003 
 Start: TimeServis
 End:   TimeServis; Timer: cpu0=0.469 wall=0.049 
 Start: FindEnclaves
 End:   FindEnclaves; Timer: cpu0=0.094 wall=0.096 
 Start: VarValueService
 End:   VarValueService; Timer: cpu0=0.000 wall=0.002 
 Start: SolvePhaseEquation 
 End:   SolvePhaseEquation ; Timer: cpu0=13.797 wall=1.783 
 Start: SolidFiltersProcess: calculate forces and moments
 End:   SolidFiltersProcess: calculate forces and moments; Timer: cpu0=0.000 wall=0.002 
 Start: PrepareDataForNextStep
 End:   PrepareDataForNextStep; Timer: cpu0=0.516 wall=0.043 
 Start: VarValueService
 End:   VarValueService; Timer: cpu0=0.000 wall=0.001 
 Start: UpdateStopperData
 End:   UpdateStopperData; Timer: cpu0=0.000 wall=0.001 
 Start: Saving text status in E:\UniFlight\flow\full_rocket10_fv\data\full_rocket10.status
 End:   Saving text status in E:\UniFlight\flow\full_rocket10_fv\data\full_rocket10.status; Timer: cpu0=0.000 wall=0.001 
 End:   ===== Time Step =====, Iter number =  36; Timer: cpu0=15.562 wall=2.100 

20.06.26 15:42:37  ===== Processing Layers =====
20.06.26 15:42:37    *SEND* for CScalarLayer, GUID=35D5BC16-A80B-49DF-A4AB-2D8A3E454FDC
 Start: ComputeVolumeCharacteristics
 End:   ComputeVolumeCharacteristics; Timer: cpu0=0.000 wall=0.003 
 Start: GetValueOnFacets
 End:   GetValueOnFacets; Timer: cpu0=0.125 wall=0.014 
20.06.26 15:42:37    *SEND* for CIntegralCharsLayer, GUID=4E090A0C-544B-E4A2-4242-BEC451D7CD2B
20.06.26 15:42:37    *SEND* for CIntegralCharsLayer, GUID=DA27EECF-558C-D390-7112-31A961279F88
20.06.26 15:42:37    *SEND* for CIntegralCharsLayer, GUID=D073F2AC-92DF-84C7-2F9D-1DD60ACD790B
 End:   ===== Processing Layers =====; Timer: cpu0=0.125 wall=0.035 

20.06.26 15:42:37  ===== New Time Step =====, Iter number =  37
 Start: TimeServis
 End:   TimeServis; Timer: cpu0=0.422 wall=0.040 
 Start: User modules' functions BeforeTimeStep() are calling
 End:   User modules' functions BeforeTimeStep() are calling; Timer: cpu0=0.000 wall=0.002 
 Start: Adaptation, TotalRealCellsCount= 109651 
 End:   Adaptation; Timer: cpu0=0.172 wall=0.007 
 Start: Initialize data arrays on chips
 End:   Initialize data arrays on chips, res= 0; Timer: cpu0=0.000 wall=0.002 
  ***** Maximum Geometrical Gauss = 1.77043e-14, cell= 399:7:7:7:0
  ***** Maximum MovingSurf  Gauss = 0, cell= 
 Start: Initialize data arrays on chips
 End:   Initialize data arrays on chips, res= 0; Timer: cpu0=0.000 wall=0.002 
 Start: TimeServis
 End:   TimeServis; Timer: cpu0=0.453 wall=0.046 
 Start: FindEnclaves
 End:   FindEnclaves; Timer: cpu0=0.078 wall=0.092 
 Start: VarValueService
 End:   VarValueService; Timer: cpu0=0.000 wall=0.001 
 Start: SolvePhaseEquation 
 End:   SolvePhaseEquation ; Timer: cpu0=13.094 wall=1.671 
 Start: SolidFiltersProcess: calculate forces and moments
 End:   SolidFiltersProcess: calculate forces and moments; Timer: cpu0=0.000 wall=0.002 
 Start: PrepareDataForNextStep
 End:   PrepareDataForNextStep; Timer: cpu0=0.422 wall=0.045 
 Start: VarValueService
 End:   VarValueService; Timer: cpu0=0.000 wall=0.002 
 Start: UpdateStopperData
 End:   UpdateStopperData; Timer: cpu0=0.000 wall=0.001 
 Start: Saving text status in E:\UniFlight\flow\full_rocket10_fv\data\full_rocket10.status
 End:   Saving text status in E:\UniFlight\flow\full_rocket10_fv\data\full_rocket10.status; Timer: cpu0=0.000 wall=0.002 
 End:   ===== Time Step =====, Iter number =  37; Timer: cpu0=14.984 wall=1.979 

20.06.26 15:42:39  ===== Processing Layers =====
20.06.26 15:42:39    *SEND* for CScalarLayer, GUID=35D5BC16-A80B-49DF-A4AB-2D8A3E454FDC
 Start: ComputeVolumeCharacteristics
 End:   ComputeVolumeCharacteristics; Timer: cpu0=0.000 wall=0.004 
 Start: GetValueOnFacets
 End:   GetValueOnFacets; Timer: cpu0=0.172 wall=0.014 
20.06.26 15:42:39    *SEND* for CIntegralCharsLayer, GUID=4E090A0C-544B-E4A2-4242-BEC451D7CD2B
20.06.26 15:42:39    *SEND* for CIntegralCharsLayer, GUID=DA27EECF-558C-D390-7112-31A961279F88
20.06.26 15:42:39    *SEND* for CIntegralCharsLayer, GUID=D073F2AC-92DF-84C7-2F9D-1DD60ACD790B
 End:   ===== Processing Layers =====; Timer: cpu0=0.344 wall=0.036 

20.06.26 15:42:39  ===== New Time Step =====, Iter number =  38
 Start: TimeServis
 End:   TimeServis; Timer: cpu0=0.375 wall=0.037 
 Start: User modules' functions BeforeTimeStep() are calling
 End:   User modules' functions BeforeTimeStep() are calling; Timer: cpu0=0.000 wall=0.002 
 Start: Adaptation, TotalRealCellsCount= 109651 
 End:   Adaptation; Timer: cpu0=0.016 wall=0.007 
 Start: Initialize data arrays on chips
 End:   Initialize data arrays on chips, res= 0; Timer: cpu0=0.000 wall=0.003 
  ***** Maximum Geometrical Gauss = 1.77043e-14, cell= 399:7:7:7:0
  ***** Maximum MovingSurf  Gauss = 0, cell= 
 Start: Initialize data arrays on chips
 End:   Initialize data arrays on chips, res= 0; Timer: cpu0=0.000 wall=0.002 
 Start: TimeServis
 End:   TimeServis; Timer: cpu0=0.344 wall=0.046 
 Start: FindEnclaves
 End:   FindEnclaves; Timer: cpu0=0.094 wall=0.097 
 Start: VarValueService
 End:   VarValueService; Timer: cpu0=0.000 wall=0.001 
 Start: SolvePhaseEquation 
 End:   SolvePhaseEquation ; Timer: cpu0=12.578 wall=1.613 
 Start: SolidFiltersProcess: calculate forces and moments
 End:   SolidFiltersProcess: calculate forces and moments; Timer: cpu0=0.000 wall=0.001 
 Start: PrepareDataForNextStep
 End:   PrepareDataForNextStep; Timer: cpu0=0.344 wall=0.040 
 Start: VarValueService
 End:   VarValueService; Timer: cpu0=0.000 wall=0.001 
 Start: UpdateStopperData
 End:   UpdateStopperData; Timer: cpu0=0.000 wall=0.000 
 Start: Saving text status in E:\UniFlight\flow\full_rocket10_fv\data\full_rocket10.status
 End:   Saving text status in E:\UniFlight\flow\full_rocket10_fv\data\full_rocket10.status; Timer: cpu0=0.000 wall=0.002 
 End:   ===== Time Step =====, Iter number =  38; Timer: cpu0=14.234 wall=1.923 

20.06.26 15:42:41  ===== Processing Layers =====
20.06.26 15:42:41    *SEND* for CScalarLayer, GUID=35D5BC16-A80B-49DF-A4AB-2D8A3E454FDC
 Start: ComputeVolumeCharacteristics
 End:   ComputeVolumeCharacteristics; Timer: cpu0=0.000 wall=0.004 
 Start: GetValueOnFacets
 End:   GetValueOnFacets; Timer: cpu0=0.016 wall=0.016 
20.06.26 15:42:41    *SEND* for CIntegralCharsLayer, GUID=4E090A0C-544B-E4A2-4242-BEC451D7CD2B
20.06.26 15:42:41    *SEND* for CIntegralCharsLayer, GUID=DA27EECF-558C-D390-7112-31A961279F88
20.06.26 15:42:41    *SEND* for CIntegralCharsLayer, GUID=D073F2AC-92DF-84C7-2F9D-1DD60ACD790B
 End:   ===== Processing Layers =====; Timer: cpu0=0.016 wall=0.039 

20.06.26 15:42:41  ===== New Time Step =====, Iter number =  39
 Start: TimeServis
 End:   TimeServis; Timer: cpu0=0.344 wall=0.035 
 Start: User modules' functions BeforeTimeStep() are calling
 End:   User modules' functions BeforeTimeStep() are calling; Timer: cpu0=0.000 wall=0.002 
 Start: Adaptation, TotalRealCellsCount= 109651 
 End:   Adaptation; Timer: cpu0=0.000 wall=0.005 
 Start: Initialize data arrays on chips
 End:   Initialize data arrays on chips, res= 0; Timer: cpu0=0.000 wall=0.002 
  ***** Maximum Geometrical Gauss = 1.77043e-14, cell= 399:7:7:7:0
  ***** Maximum MovingSurf  Gauss = 0, cell= 
 Start: Initialize data arrays on chips
 End:   Initialize data arrays on chips, res= 0; Timer: cpu0=0.000 wall=0.002 
 Start: TimeServis
 End:   TimeServis; Timer: cpu0=0.516 wall=0.047 
 Start: FindEnclaves
 End:   FindEnclaves; Timer: cpu0=0.094 wall=0.093 
 Start: VarValueService
 End:   VarValueService; Timer: cpu0=0.000 wall=0.001 
 Start: SolvePhaseEquation 
 End:   SolvePhaseEquation ; Timer: cpu0=12.844 wall=1.644 
 Start: SolidFiltersProcess: calculate forces and moments
 End:   SolidFiltersProcess: calculate forces and moments; Timer: cpu0=0.000 wall=0.001 
 Start: PrepareDataForNextStep
 End:   PrepareDataForNextStep; Timer: cpu0=0.344 wall=0.042 
 Start: VarValueService
 End:   VarValueService; Timer: cpu0=0.000 wall=0.002 
 Start: UpdateStopperData
 End:   UpdateStopperData; Timer: cpu0=0.000 wall=0.001 
 Start: Saving text status in E:\UniFlight\flow\full_rocket10_fv\data\full_rocket10.status
 End:   Saving text status in E:\UniFlight\flow\full_rocket10_fv\data\full_rocket10.status; Timer: cpu0=0.000 wall=0.002 
 End:   ===== Time Step =====, Iter number =  39; Timer: cpu0=14.641 wall=1.939 

20.06.26 15:42:43  ===== Processing Layers =====
20.06.26 15:42:43    *SEND* for CScalarLayer, GUID=35D5BC16-A80B-49DF-A4AB-2D8A3E454FDC
 Start: ComputeVolumeCharacteristics
 End:   ComputeVolumeCharacteristics; Timer: cpu0=0.172 wall=0.005 
 Start: GetValueOnFacets
 End:   GetValueOnFacets; Timer: cpu0=0.016 wall=0.013 
20.06.26 15:42:43    *SEND* for CIntegralCharsLayer, GUID=4E090A0C-544B-E4A2-4242-BEC451D7CD2B
20.06.26 15:42:43    *SEND* for CIntegralCharsLayer, GUID=DA27EECF-558C-D390-7112-31A961279F88
20.06.26 15:42:43    *SEND* for CIntegralCharsLayer, GUID=D073F2AC-92DF-84C7-2F9D-1DD60ACD790B
 End:   ===== Processing Layers =====; Timer: cpu0=0.188 wall=0.036 

20.06.26 15:42:43  ===== New Time Step =====, Iter number =  40
 Start: TimeServis
 End:   TimeServis; Timer: cpu0=0.344 wall=0.039 
 Start: User modules' functions BeforeTimeStep() are calling
 End:   User modules' functions BeforeTimeStep() are calling; Timer: cpu0=0.000 wall=0.008 
 Start: Adaptation, TotalRealCellsCount= 109651 
 End:   Adaptation; Timer: cpu0=6.812 wall=0.911 
 Start: DistributeGridOnProcessors
 End:   DistributeGridOnProcessors, res= 0; Timer: cpu0=0.984 wall=0.242 
 Start: SetNeiHyperCells
 End:   SetNeiHyperCells, res= 0; Timer: cpu0=0.000 wall=0.007 
 Start: BuildFacetDistribution
 End:   BuildFacetDistribution; Timer: cpu0=0.000 wall=0.002 
 Start: Initialize data arrays on chips
 End:   Initialize data arrays on chips, res= 0; Timer: cpu0=0.000 wall=0.002 
  ***** Maximum Geometrical Gauss = 1.88615e-14, cell= 390:2:7:3:0
  ***** Maximum MovingSurf  Gauss = 1.90399e-14, cell= 34:2:2:0:0
 Start: Remove Small Cells
 End:   Remove Small Cells; Timer: cpu0=0.016 wall=0.023 
 Start: Initialize data arrays on chips
 End:   Initialize data arrays on chips, res= 0; Timer: cpu0=0.000 wall=0.003 
  ***** Maximum Geometrical Gauss = 1.88615e-14, cell= 390:2:7:3:0
  ***** Maximum MovingSurf  Gauss = 1.90399e-14, cell= 34:2:2:0:0
 Start: Initialize data arrays on chips
 End:   Initialize data arrays on chips, res= 0; Timer: cpu0=0.000 wall=0.002 
 Start: Modify Chip Data
 End:   Modify Chip Data; Timer: cpu0=0.438 wall=0.041 
 Start: TimeServis
 End:   TimeServis; Timer: cpu0=0.500 wall=0.049 
 Start: FindEnclaves
 End:   FindEnclaves; Timer: cpu0=0.094 wall=0.094 
 Start: VarValueService
 End:   VarValueService; Timer: cpu0=0.000 wall=0.002 
 Start: SolvePhaseEquation 
 End:   SolvePhaseEquation ; Timer: cpu0=14.688 wall=1.670 
 Start: SolidFiltersProcess: calculate forces and moments
 End:   SolidFiltersProcess: calculate forces and moments; Timer: cpu0=0.000 wall=0.002 
 Start: PrepareDataForNextStep
 End:   PrepareDataForNextStep; Timer: cpu0=0.422 wall=0.048 
 Start: VarValueService
 End:   VarValueService; Timer: cpu0=0.000 wall=0.002 
 Start: UpdateStopperData
 End:   UpdateStopperData; Timer: cpu0=0.000 wall=0.000 
 Start: Saving text status in E:\UniFlight\flow\full_rocket10_fv\data\full_rocket10.status
 End:   Saving text status in E:\UniFlight\flow\full_rocket10_fv\data\full_rocket10.status; Timer: cpu0=0.000 wall=0.003 
 End:   ===== Time Step =====, Iter number =  40; Timer: cpu0=24.797 wall=3.245 

20.06.26 15:42:47  ===== Processing Layers =====
20.06.26 15:42:47    *SEND* for CScalarLayer, GUID=35D5BC16-A80B-49DF-A4AB-2D8A3E454FDC
 Start: ComputeVolumeCharacteristics
 End:   ComputeVolumeCharacteristics; Timer: cpu0=0.000 wall=0.004 
 Start: GetValueOnFacets
 End:   GetValueOnFacets; Timer: cpu0=0.016 wall=0.016 
20.06.26 15:42:47    *SEND* for CIntegralCharsLayer, GUID=4E090A0C-544B-E4A2-4242-BEC451D7CD2B
20.06.26 15:42:47    *SEND* for CIntegralCharsLayer, GUID=DA27EECF-558C-D390-7112-31A961279F88
20.06.26 15:42:47    *SEND* for CIntegralCharsLayer, GUID=D073F2AC-92DF-84C7-2F9D-1DD60ACD790B
 End:   ===== Processing Layers =====; Timer: cpu0=0.031 wall=0.039 

20.06.26 15:42:47  ===== New Time Step =====, Iter number =  41
 Start: TimeServis
 End:   TimeServis; Timer: cpu0=0.312 wall=0.038 
 Start: User modules' functions BeforeTimeStep() are calling
 End:   User modules' functions BeforeTimeStep() are calling; Timer: cpu0=0.000 wall=0.003 
 Start: Adaptation, TotalRealCellsCount= 107901 
 End:   Adaptation; Timer: cpu0=6.578 wall=0.877 
 Start: DistributeGridOnProcessors
 End:   DistributeGridOnProcessors, res= 0; Timer: cpu0=0.969 wall=0.249 
 Start: SetNeiHyperCells
 End:   SetNeiHyperCells, res= 0; Timer: cpu0=0.000 wall=0.008 
 Start: BuildFacetDistribution
 End:   BuildFacetDistribution; Timer: cpu0=0.000 wall=0.002 
 Start: Initialize data arrays on chips
 End:   Initialize data arrays on chips, res= 0; Timer: cpu0=0.000 wall=0.002 
  ***** Maximum Geometrical Gauss = 1.88615e-14, cell= 390:6:7:7:0
  ***** Maximum MovingSurf  Gauss = 3.66694e-14, cell= 99:3:0
 Start: Remove Small Cells
 End:   Remove Small Cells; Timer: cpu0=0.078 wall=0.025 
 Start: Initialize data arrays on chips
 End:   Initialize data arrays on chips, res= 0; Timer: cpu0=0.000 wall=0.002 
  ***** Maximum Geometrical Gauss = 1.88615e-14, cell= 390:6:7:7:0
  ***** Maximum MovingSurf  Gauss = 3.66694e-14, cell= 99:3:0
 Start: Initialize data arrays on chips
 End:   Initialize data arrays on chips, res= 0; Timer: cpu0=0.156 wall=0.002 
 Start: Modify Chip Data
 End:   Modify Chip Data; Timer: cpu0=0.344 wall=0.043 
 Start: TimeServis
 End:   TimeServis; Timer: cpu0=0.500 wall=0.052 
 Start: FindEnclaves
 End:   FindEnclaves; Timer: cpu0=0.109 wall=0.118 
 Start: VarValueService
 End:   VarValueService; Timer: cpu0=0.000 wall=0.001 
 Start: SolvePhaseEquation 
 End:   SolvePhaseEquation ; Timer: cpu0=14.203 wall=1.749 
 Start: SolidFiltersProcess: calculate forces and moments
 End:   SolidFiltersProcess: calculate forces and moments; Timer: cpu0=0.000 wall=0.002 
 Start: PrepareDataForNextStep
 End:   PrepareDataForNextStep; Timer: cpu0=0.500 wall=0.048 
 Start: VarValueService
 End:   VarValueService; Timer: cpu0=0.000 wall=0.002 
 Start: UpdateStopperData
 End:   UpdateStopperData; Timer: cpu0=0.000 wall=0.001 
 Start: Saving text status in E:\UniFlight\flow\full_rocket10_fv\data\full_rocket10.status
 End:   Saving text status in E:\UniFlight\flow\full_rocket10_fv\data\full_rocket10.status; Timer: cpu0=0.000 wall=0.003 
 End:   ===== Time Step =====, Iter number =  41; Timer: cpu0=24.281 wall=3.321 

20.06.26 15:42:51  ===== Processing Layers =====
20.06.26 15:42:51    *SEND* for CScalarLayer, GUID=35D5BC16-A80B-49DF-A4AB-2D8A3E454FDC
 Start: ComputeVolumeCharacteristics
 End:   ComputeVolumeCharacteristics; Timer: cpu0=0.000 wall=0.005 
 Start: GetValueOnFacets
 End:   GetValueOnFacets; Timer: cpu0=0.172 wall=0.021 
20.06.26 15:42:51    *SEND* for CIntegralCharsLayer, GUID=4E090A0C-544B-E4A2-4242-BEC451D7CD2B
20.06.26 15:42:51    *SEND* for CIntegralCharsLayer, GUID=DA27EECF-558C-D390-7112-31A961279F88
20.06.26 15:42:51    *SEND* for CIntegralCharsLayer, GUID=D073F2AC-92DF-84C7-2F9D-1DD60ACD790B
 End:   ===== Processing Layers =====; Timer: cpu0=0.172 wall=0.048 

20.06.26 15:42:51  ===== New Time Step =====, Iter number =  42
 Start: TimeServis
 End:   TimeServis; Timer: cpu0=0.203 wall=0.042 
 Start: User modules' functions BeforeTimeStep() are calling
 End:   User modules' functions BeforeTimeStep() are calling; Timer: cpu0=0.000 wall=0.002 
 Start: Adaptation, TotalRealCellsCount= 109791 
 End:   Adaptation; Timer: cpu0=0.000 wall=0.005 
 Start: Initialize data arrays on chips
 End:   Initialize data arrays on chips, res= 0; Timer: cpu0=0.000 wall=0.002 
  ***** Maximum Geometrical Gauss = 1.88615e-14, cell= 390:6:7:7:0
  ***** Maximum MovingSurf  Gauss = 0, cell= 
 Start: Initialize data arrays on chips
 End:   Initialize data arrays on chips, res= 0; Timer: cpu0=0.000 wall=0.002 
 Start: TimeServis
 End:   TimeServis; Timer: cpu0=0.578 wall=0.058 
 Start: FindEnclaves
 End:   FindEnclaves; Timer: cpu0=0.266 wall=0.112 
 Start: VarValueService
 End:   VarValueService; Timer: cpu0=0.000 wall=0.002 
 Start: SolvePhaseEquation 
 End:   SolvePhaseEquation ; Timer: cpu0=14.016 wall=1.667 
 Start: SolidFiltersProcess: calculate forces and moments
 End:   SolidFiltersProcess: calculate forces and moments; Timer: cpu0=0.000 wall=0.002 
 Start: PrepareDataForNextStep
 End:   PrepareDataForNextStep; Timer: cpu0=0.266 wall=0.055 
 Start: VarValueService
 End:   VarValueService; Timer: cpu0=0.000 wall=0.002 
 Start: UpdateStopperData
 End:   UpdateStopperData; Timer: cpu0=0.000 wall=0.001 
 Start: Saving text status in E:\UniFlight\flow\full_rocket10_fv\data\full_rocket10.status
 End:   Saving text status in E:\UniFlight\flow\full_rocket10_fv\data\full_rocket10.status; Timer: cpu0=0.000 wall=0.002 
 End:   ===== Time Step =====, Iter number =  42; Timer: cpu0=15.672 wall=2.029 

20.06.26 15:42:53  ===== Processing Layers =====
20.06.26 15:42:53    *SEND* for CScalarLayer, GUID=35D5BC16-A80B-49DF-A4AB-2D8A3E454FDC
 Start: ComputeVolumeCharacteristics
 End:   ComputeVolumeCharacteristics; Timer: cpu0=0.000 wall=0.004 
 Start: GetValueOnFacets
 End:   GetValueOnFacets; Timer: cpu0=0.000 wall=0.012 
20.06.26 15:42:53    *SEND* for CIntegralCharsLayer, GUID=4E090A0C-544B-E4A2-4242-BEC451D7CD2B
20.06.26 15:42:53    *SEND* for CIntegralCharsLayer, GUID=DA27EECF-558C-D390-7112-31A961279F88
20.06.26 15:42:53    *SEND* for CIntegralCharsLayer, GUID=D073F2AC-92DF-84C7-2F9D-1DD60ACD790B
 End:   ===== Processing Layers =====; Timer: cpu0=0.016 wall=0.033 

20.06.26 15:42:53  ===== New Time Step =====, Iter number =  43
 Start: TimeServis
 End:   TimeServis; Timer: cpu0=0.219 wall=0.039 
 Start: User modules' functions BeforeTimeStep() are calling
 End:   User modules' functions BeforeTimeStep() are calling; Timer: cpu0=0.000 wall=0.004 
 Start: Adaptation, TotalRealCellsCount= 109791 
 End:   Adaptation; Timer: cpu0=0.000 wall=0.005 
 Start: Initialize data arrays on chips
 End:   Initialize data arrays on chips, res= 0; Timer: cpu0=0.000 wall=0.002 
  ***** Maximum Geometrical Gauss = 1.88615e-14, cell= 390:6:7:7:0
  ***** Maximum MovingSurf  Gauss = 0, cell= 
 Start: Initialize data arrays on chips
 End:   Initialize data arrays on chips, res= 0; Timer: cpu0=0.000 wall=0.002 
 Start: TimeServis
 End:   TimeServis; Timer: cpu0=0.484 wall=0.048 
 Start: FindEnclaves
 End:   FindEnclaves; Timer: cpu0=0.266 wall=0.110 
 Start: VarValueService
 End:   VarValueService; Timer: cpu0=0.000 wall=0.001 
 Start: SolvePhaseEquation 
 End:   SolvePhaseEquation ; Timer: cpu0=13.125 wall=1.640 
 Start: SolidFiltersProcess: calculate forces and moments
 End:   SolidFiltersProcess: calculate forces and moments; Timer: cpu0=0.000 wall=0.001 
 Start: PrepareDataForNextStep
 End:   PrepareDataForNextStep; Timer: cpu0=0.516 wall=0.047 
 Start: VarValueService
 End:   VarValueService; Timer: cpu0=0.000 wall=0.002 
 Start: UpdateStopperData
 End:   UpdateStopperData; Timer: cpu0=0.000 wall=0.001 
 Start: Saving text status in E:\UniFlight\flow\full_rocket10_fv\data\full_rocket10.status
 End:   Saving text status in E:\UniFlight\flow\full_rocket10_fv\data\full_rocket10.status; Timer: cpu0=0.000 wall=0.002 
 End:   ===== Time Step =====, Iter number =  43; Timer: cpu0=14.781 wall=1.973 

20.06.26 15:42:55  ===== Processing Layers =====
20.06.26 15:42:55    *SEND* for CScalarLayer, GUID=35D5BC16-A80B-49DF-A4AB-2D8A3E454FDC
 Start: ComputeVolumeCharacteristics
 End:   ComputeVolumeCharacteristics; Timer: cpu0=0.000 wall=0.004 
 Start: GetValueOnFacets
 End:   GetValueOnFacets; Timer: cpu0=0.000 wall=0.014 
20.06.26 15:42:55    *SEND* for CIntegralCharsLayer, GUID=4E090A0C-544B-E4A2-4242-BEC451D7CD2B
20.06.26 15:42:55    *SEND* for CIntegralCharsLayer, GUID=DA27EECF-558C-D390-7112-31A961279F88
20.06.26 15:42:55    *SEND* for CIntegralCharsLayer, GUID=D073F2AC-92DF-84C7-2F9D-1DD60ACD790B
 End:   ===== Processing Layers =====; Timer: cpu0=0.000 wall=0.035 

20.06.26 15:42:55  ===== New Time Step =====, Iter number =  44
 Start: TimeServis
 End:   TimeServis; Timer: cpu0=0.297 wall=0.042 
 Start: User modules' functions BeforeTimeStep() are calling
 End:   User modules' functions BeforeTimeStep() are calling; Timer: cpu0=0.000 wall=0.003 
 Start: Adaptation, TotalRealCellsCount= 109791 
 End:   Adaptation; Timer: cpu0=0.000 wall=0.004 
 Start: Initialize data arrays on chips
 End:   Initialize data arrays on chips, res= 0; Timer: cpu0=0.000 wall=0.002 
  ***** Maximum Geometrical Gauss = 1.88615e-14, cell= 390:6:7:7:0
  ***** Maximum MovingSurf  Gauss = 0, cell= 
 Start: Initialize data arrays on chips
 End:   Initialize data arrays on chips, res= 0; Timer: cpu0=0.156 wall=0.002 
 Start: TimeServis
 End:   TimeServis; Timer: cpu0=0.453 wall=0.045 
 Start: FindEnclaves
 End:   FindEnclaves; Timer: cpu0=0.094 wall=0.101 
 Start: VarValueService
 End:   VarValueService; Timer: cpu0=0.000 wall=0.002 
 Start: SolvePhaseEquation 
 End:   SolvePhaseEquation ; Timer: cpu0=14.281 wall=1.665 
 Start: SolidFiltersProcess: calculate forces and moments
 End:   SolidFiltersProcess: calculate forces and moments; Timer: cpu0=0.000 wall=0.002 
 Start: PrepareDataForNextStep
 End:   PrepareDataForNextStep; Timer: cpu0=0.375 wall=0.048 
 Start: VarValueService
 End:   VarValueService; Timer: cpu0=0.000 wall=0.001 
 Start: UpdateStopperData
 End:   UpdateStopperData; Timer: cpu0=0.000 wall=0.000 
 Start: Saving text status in E:\UniFlight\flow\full_rocket10_fv\data\full_rocket10.status
 End:   Saving text status in E:\UniFlight\flow\full_rocket10_fv\data\full_rocket10.status; Timer: cpu0=0.000 wall=0.003 
 End:   ===== Time Step =====, Iter number =  44; Timer: cpu0=16.000 wall=1.986 

20.06.26 15:42:58  ===== Processing Layers =====
20.06.26 15:42:58    *SEND* for CScalarLayer, GUID=35D5BC16-A80B-49DF-A4AB-2D8A3E454FDC
 Start: ComputeVolumeCharacteristics
 End:   ComputeVolumeCharacteristics; Timer: cpu0=0.000 wall=0.004 
 Start: GetValueOnFacets
 End:   GetValueOnFacets; Timer: cpu0=0.016 wall=0.014 
20.06.26 15:42:58    *SEND* for CIntegralCharsLayer, GUID=4E090A0C-544B-E4A2-4242-BEC451D7CD2B
20.06.26 15:42:58    *SEND* for CIntegralCharsLayer, GUID=DA27EECF-558C-D390-7112-31A961279F88
20.06.26 15:42:58    *SEND* for CIntegralCharsLayer, GUID=D073F2AC-92DF-84C7-2F9D-1DD60ACD790B
 End:   ===== Processing Layers =====; Timer: cpu0=0.016 wall=0.036 

20.06.26 15:42:58  ===== New Time Step =====, Iter number =  45
 Start: TimeServis
 End:   TimeServis; Timer: cpu0=0.344 wall=0.037 
 Start: User modules' functions BeforeTimeStep() are calling
 End:   User modules' functions BeforeTimeStep() are calling; Timer: cpu0=0.000 wall=0.002 
 Start: Adaptation, TotalRealCellsCount= 109791 
 End:   Adaptation; Timer: cpu0=0.000 wall=0.006 
 Start: Initialize data arrays on chips
 End:   Initialize data arrays on chips, res= 0; Timer: cpu0=0.000 wall=0.002 
  ***** Maximum Geometrical Gauss = 1.88615e-14, cell= 390:6:7:7:0
  ***** Maximum MovingSurf  Gauss = 0, cell= 
 Start: Initialize data arrays on chips
 End:   Initialize data arrays on chips, res= 0; Timer: cpu0=0.000 wall=0.003 
 Start: TimeServis
 End:   TimeServis; Timer: cpu0=0.281 wall=0.050 
 Start: FindEnclaves
 End:   FindEnclaves; Timer: cpu0=0.266 wall=0.103 
 Start: VarValueService
 End:   VarValueService; Timer: cpu0=0.000 wall=0.001 
 Start: SolvePhaseEquation 
 End:   SolvePhaseEquation ; Timer: cpu0=12.688 wall=1.619 
 Start: SolidFiltersProcess: calculate forces and moments
 End:   SolidFiltersProcess: calculate forces and moments; Timer: cpu0=0.000 wall=0.001 
 Start: PrepareDataForNextStep
 End:   PrepareDataForNextStep; Timer: cpu0=0.328 wall=0.050 
 Start: VarValueService
 End:   VarValueService; Timer: cpu0=0.000 wall=0.002 
 Start: UpdateStopperData
 End:   UpdateStopperData; Timer: cpu0=0.000 wall=0.001 
 Start: Saving text status in E:\UniFlight\flow\full_rocket10_fv\data\full_rocket10.status
 End:   Saving text status in E:\UniFlight\flow\full_rocket10_fv\data\full_rocket10.status; Timer: cpu0=0.000 wall=0.003 
 End:   ===== Time Step =====, Iter number =  45; Timer: cpu0=14.406 wall=1.949 

20.06.26 15:43:00  ===== Processing Layers =====
20.06.26 15:43:00    *SEND* for CScalarLayer, GUID=35D5BC16-A80B-49DF-A4AB-2D8A3E454FDC
 Start: ComputeVolumeCharacteristics
 End:   ComputeVolumeCharacteristics; Timer: cpu0=0.000 wall=0.005 
 Start: GetValueOnFacets
 End:   GetValueOnFacets; Timer: cpu0=0.016 wall=0.014 
20.06.26 15:43:00    *SEND* for CIntegralCharsLayer, GUID=4E090A0C-544B-E4A2-4242-BEC451D7CD2B
20.06.26 15:43:00    *SEND* for CIntegralCharsLayer, GUID=DA27EECF-558C-D390-7112-31A961279F88
20.06.26 15:43:00    *SEND* for CIntegralCharsLayer, GUID=D073F2AC-92DF-84C7-2F9D-1DD60ACD790B
 End:   ===== Processing Layers =====; Timer: cpu0=0.031 wall=0.035 

20.06.26 15:43:00  ===== New Time Step =====, Iter number =  46
 Start: TimeServis
 End:   TimeServis; Timer: cpu0=0.344 wall=0.039 
 Start: User modules' functions BeforeTimeStep() are calling
 End:   User modules' functions BeforeTimeStep() are calling; Timer: cpu0=0.000 wall=0.002 
 Start: Adaptation, TotalRealCellsCount= 109791 
 End:   Adaptation; Timer: cpu0=0.000 wall=0.005 
 Start: Initialize data arrays on chips
 End:   Initialize data arrays on chips, res= 0; Timer: cpu0=0.000 wall=0.002 
  ***** Maximum Geometrical Gauss = 1.88615e-14, cell= 390:6:7:7:0
  ***** Maximum MovingSurf  Gauss = 0, cell= 
 Start: Initialize data arrays on chips
 End:   Initialize data arrays on chips, res= 0; Timer: cpu0=0.000 wall=0.002 
 Start: TimeServis
 End:   TimeServis; Timer: cpu0=0.469 wall=0.041 
 Start: FindEnclaves
 End:   FindEnclaves; Timer: cpu0=0.078 wall=0.093 
 Start: VarValueService
 End:   VarValueService; Timer: cpu0=0.000 wall=0.001 
 Start: SolvePhaseEquation 
 End:   SolvePhaseEquation ; Timer: cpu0=13.094 wall=1.657 
 Start: SolidFiltersProcess: calculate forces and moments
 End:   SolidFiltersProcess: calculate forces and moments; Timer: cpu0=0.000 wall=0.002 
 Start: PrepareDataForNextStep
 End:   PrepareDataForNextStep; Timer: cpu0=0.219 wall=0.044 
 Start: VarValueService
 End:   VarValueService; Timer: cpu0=0.000 wall=0.001 
 Start: UpdateStopperData
 End:   UpdateStopperData; Timer: cpu0=0.000 wall=0.001 
 Start: Saving text status in E:\UniFlight\flow\full_rocket10_fv\data\full_rocket10.status
 End:   Saving text status in E:\UniFlight\flow\full_rocket10_fv\data\full_rocket10.status; Timer: cpu0=0.000 wall=0.002 
 End:   ===== Time Step =====, Iter number =  46; Timer: cpu0=14.406 wall=1.955 

20.06.26 15:43:02  ===== Processing Layers =====
20.06.26 15:43:02    *SEND* for CScalarLayer, GUID=35D5BC16-A80B-49DF-A4AB-2D8A3E454FDC
 Start: ComputeVolumeCharacteristics
 End:   ComputeVolumeCharacteristics; Timer: cpu0=0.000 wall=0.005 
 Start: GetValueOnFacets
 End:   GetValueOnFacets; Timer: cpu0=0.000 wall=0.013 
20.06.26 15:43:02    *SEND* for CIntegralCharsLayer, GUID=4E090A0C-544B-E4A2-4242-BEC451D7CD2B
20.06.26 15:43:02    *SEND* for CIntegralCharsLayer, GUID=DA27EECF-558C-D390-7112-31A961279F88
20.06.26 15:43:02    *SEND* for CIntegralCharsLayer, GUID=D073F2AC-92DF-84C7-2F9D-1DD60ACD790B
 End:   ===== Processing Layers =====; Timer: cpu0=0.000 wall=0.034 

20.06.26 15:43:02  ===== New Time Step =====, Iter number =  47
 Start: TimeServis
 End:   TimeServis; Timer: cpu0=0.344 wall=0.038 
 Start: User modules' functions BeforeTimeStep() are calling
 End:   User modules' functions BeforeTimeStep() are calling; Timer: cpu0=0.000 wall=0.002 
 Start: Adaptation, TotalRealCellsCount= 109791 
 End:   Adaptation; Timer: cpu0=0.000 wall=0.005 
 Start: Initialize data arrays on chips
 End:   Initialize data arrays on chips, res= 0; Timer: cpu0=0.000 wall=0.002 
  ***** Maximum Geometrical Gauss = 1.88615e-14, cell= 390:6:7:7:0
  ***** Maximum MovingSurf  Gauss = 0, cell= 
 Start: Initialize data arrays on chips
 End:   Initialize data arrays on chips, res= 0; Timer: cpu0=0.000 wall=0.002 
 Start: TimeServis
 End:   TimeServis; Timer: cpu0=0.484 wall=0.043 
 Start: FindEnclaves
 End:   FindEnclaves; Timer: cpu0=0.094 wall=0.094 
 Start: VarValueService
 End:   VarValueService; Timer: cpu0=0.000 wall=0.001 
 Start: SolvePhaseEquation 
 End:   SolvePhaseEquation ; Timer: cpu0=14.656 wall=1.753 
 Start: SolidFiltersProcess: calculate forces and moments
 End:   SolidFiltersProcess: calculate forces and moments; Timer: cpu0=0.000 wall=0.001 
 Start: PrepareDataForNextStep
 End:   PrepareDataForNextStep; Timer: cpu0=0.375 wall=0.049 
 Start: VarValueService
 End:   VarValueService; Timer: cpu0=0.000 wall=0.001 
 Start: UpdateStopperData
 End:   UpdateStopperData; Timer: cpu0=0.000 wall=0.001 
 Start: Saving text status in E:\UniFlight\flow\full_rocket10_fv\data\full_rocket10.status
 End:   Saving text status in E:\UniFlight\flow\full_rocket10_fv\data\full_rocket10.status; Timer: cpu0=0.000 wall=0.002 
 End:   ===== Time Step =====, Iter number =  47; Timer: cpu0=16.297 wall=2.061 

20.06.26 15:43:04  ===== Processing Layers =====
20.06.26 15:43:04    *SEND* for CScalarLayer, GUID=35D5BC16-A80B-49DF-A4AB-2D8A3E454FDC
 Start: ComputeVolumeCharacteristics
 End:   ComputeVolumeCharacteristics; Timer: cpu0=0.000 wall=0.004 
 Start: GetValueOnFacets
 End:   GetValueOnFacets; Timer: cpu0=0.172 wall=0.016 
20.06.26 15:43:04    *SEND* for CIntegralCharsLayer, GUID=4E090A0C-544B-E4A2-4242-BEC451D7CD2B
20.06.26 15:43:04    *SEND* for CIntegralCharsLayer, GUID=DA27EECF-558C-D390-7112-31A961279F88
20.06.26 15:43:04    *SEND* for CIntegralCharsLayer, GUID=D073F2AC-92DF-84C7-2F9D-1DD60ACD790B
 End:   ===== Processing Layers =====; Timer: cpu0=0.344 wall=0.036 

20.06.26 15:43:04  ===== New Time Step =====, Iter number =  48
 Start: TimeServis
 End:   TimeServis; Timer: cpu0=0.469 wall=0.039 
 Start: User modules' functions BeforeTimeStep() are calling
 End:   User modules' functions BeforeTimeStep() are calling; Timer: cpu0=0.000 wall=0.003 
 Start: Adaptation, TotalRealCellsCount= 109791 
 End:   Adaptation; Timer: cpu0=0.078 wall=0.006 
 Start: Initialize data arrays on chips
 End:   Initialize data arrays on chips, res= 0; Timer: cpu0=0.000 wall=0.002 
  ***** Maximum Geometrical Gauss = 1.88615e-14, cell= 390:6:7:7:0
  ***** Maximum MovingSurf  Gauss = 0, cell= 
 Start: Initialize data arrays on chips
 End:   Initialize data arrays on chips, res= 0; Timer: cpu0=0.000 wall=0.002 
 Start: TimeServis
 End:   TimeServis; Timer: cpu0=0.594 wall=0.056 
 Start: FindEnclaves
 End:   FindEnclaves; Timer: cpu0=0.266 wall=0.101 
 Start: VarValueService
 End:   VarValueService; Timer: cpu0=0.000 wall=0.001 
 Start: SolvePhaseEquation 
 End:   SolvePhaseEquation ; Timer: cpu0=13.531 wall=1.695 
 Start: SolidFiltersProcess: calculate forces and moments
 End:   SolidFiltersProcess: calculate forces and moments; Timer: cpu0=0.000 wall=0.001 
 Start: PrepareDataForNextStep
 End:   PrepareDataForNextStep; Timer: cpu0=0.500 wall=0.052 
 Start: VarValueService
 End:   VarValueService; Timer: cpu0=0.000 wall=0.002 
 Start: UpdateStopperData
 End:   UpdateStopperData; Timer: cpu0=0.000 wall=0.001 
 Start: Saving text status in E:\UniFlight\flow\full_rocket10_fv\data\full_rocket10.status
 End:   Saving text status in E:\UniFlight\flow\full_rocket10_fv\data\full_rocket10.status; Timer: cpu0=0.000 wall=0.003 
 End:   ===== Time Step =====, Iter number =  48; Timer: cpu0=15.766 wall=2.028 

20.06.26 15:43:07  ===== Processing Layers =====
20.06.26 15:43:07    *SEND* for CScalarLayer, GUID=35D5BC16-A80B-49DF-A4AB-2D8A3E454FDC
 Start: ComputeVolumeCharacteristics
 End:   ComputeVolumeCharacteristics; Timer: cpu0=0.000 wall=0.004 
 Start: GetValueOnFacets
 End:   GetValueOnFacets; Timer: cpu0=0.172 wall=0.015 
20.06.26 15:43:07    *SEND* for CIntegralCharsLayer, GUID=4E090A0C-544B-E4A2-4242-BEC451D7CD2B
20.06.26 15:43:07    *SEND* for CIntegralCharsLayer, GUID=DA27EECF-558C-D390-7112-31A961279F88
20.06.26 15:43:07    *SEND* for CIntegralCharsLayer, GUID=D073F2AC-92DF-84C7-2F9D-1DD60ACD790B
 End:   ===== Processing Layers =====; Timer: cpu0=0.344 wall=0.038 

20.06.26 15:43:07  ===== New Time Step =====, Iter number =  49
 Start: TimeServis
 End:   TimeServis; Timer: cpu0=0.359 wall=0.039 
 Start: User modules' functions BeforeTimeStep() are calling
 End:   User modules' functions BeforeTimeStep() are calling; Timer: cpu0=0.000 wall=0.002 
 Start: Adaptation, TotalRealCellsCount= 109791 
 End:   Adaptation; Timer: cpu0=0.000 wall=0.004 
 Start: Initialize data arrays on chips
 End:   Initialize data arrays on chips, res= 0; Timer: cpu0=0.000 wall=0.003 
  ***** Maximum Geometrical Gauss = 1.88615e-14, cell= 390:6:7:7:0
  ***** Maximum MovingSurf  Gauss = 0, cell= 
 Start: Initialize data arrays on chips
 End:   Initialize data arrays on chips, res= 0; Timer: cpu0=0.000 wall=0.002 
 Start: TimeServis
 End:   TimeServis; Timer: cpu0=0.516 wall=0.045 
 Start: FindEnclaves
 End:   FindEnclaves; Timer: cpu0=0.266 wall=0.095 
 Start: VarValueService
 End:   VarValueService; Timer: cpu0=0.000 wall=0.001 
 Start: SolvePhaseEquation 
 End:   SolvePhaseEquation ; Timer: cpu0=13.688 wall=1.801 
 Start: SolidFiltersProcess: calculate forces and moments
 End:   SolidFiltersProcess: calculate forces and moments; Timer: cpu0=0.000 wall=0.002 
 Start: PrepareDataForNextStep
 End:   PrepareDataForNextStep; Timer: cpu0=0.500 wall=0.053 
 Start: VarValueService
 End:   VarValueService; Timer: cpu0=0.000 wall=0.001 
 Start: UpdateStopperData
 End:   UpdateStopperData; Timer: cpu0=0.000 wall=0.000 
 Start: Saving text status in E:\UniFlight\flow\full_rocket10_fv\data\full_rocket10.status
 End:   Saving text status in E:\UniFlight\flow\full_rocket10_fv\data\full_rocket10.status; Timer: cpu0=0.000 wall=0.002 
 End:   ===== Time Step =====, Iter number =  49; Timer: cpu0=15.672 wall=2.120 

 Start: Saving values
 End:   Saving values, res= 0; Timer: cpu0=0.781 wall=0.092 
 Start: Saving grid
 End:   Saving grid, res= 0; Timer: cpu0=0.891 wall=0.106 
 Start: Saving grid index
 End:   Saving grid index, res= 0; Timer: cpu0=0.000 wall=0.002 
20.06.26 15:43:10  ===== Processing Layers =====
20.06.26 15:43:10    *SEND* for CScalarLayer, GUID=35D5BC16-A80B-49DF-A4AB-2D8A3E454FDC
 Start: ComputeVolumeCharacteristics
 End:   ComputeVolumeCharacteristics; Timer: cpu0=0.000 wall=0.005 
 Start: GetValueOnFacets
 End:   GetValueOnFacets; Timer: cpu0=0.016 wall=0.014 
20.06.26 15:43:10    *SEND* for CIntegralCharsLayer, GUID=4E090A0C-544B-E4A2-4242-BEC451D7CD2B
20.06.26 15:43:10    *SEND* for CIntegralCharsLayer, GUID=DA27EECF-558C-D390-7112-31A961279F88
20.06.26 15:43:10    *SEND* for CIntegralCharsLayer, GUID=D073F2AC-92DF-84C7-2F9D-1DD60ACD790B
 End:   ===== Processing Layers =====; Timer: cpu0=0.188 wall=0.036 

20.06.26 15:43:10  ===== New Time Step =====, Iter number =  50
 Start: TimeServis
 End:   TimeServis; Timer: cpu0=0.344 wall=0.040 
 Start: User modules' functions BeforeTimeStep() are calling
 End:   User modules' functions BeforeTimeStep() are calling; Timer: cpu0=0.000 wall=0.002 
 Start: Adaptation, TotalRealCellsCount= 109791 
 End:   Adaptation; Timer: cpu0=6.688 wall=0.869 
 Start: DistributeGridOnProcessors
 End:   DistributeGridOnProcessors, res= 0; Timer: cpu0=1.000 wall=0.249 
 Start: SetNeiHyperCells
 End:   SetNeiHyperCells, res= 0; Timer: cpu0=0.031 wall=0.008 
 Start: BuildFacetDistribution
 End:   BuildFacetDistribution; Timer: cpu0=0.000 wall=0.002 
 Start: Initialize data arrays on chips
 End:   Initialize data arrays on chips, res= 0; Timer: cpu0=0.172 wall=0.001 
  ***** Maximum Geometrical Gauss = 1.88615e-14, cell= 299:7:6:6:0
  ***** Maximum MovingSurf  Gauss = 3.66694e-14, cell= 99:3:3:0
 Start: Remove Small Cells
 End:   Remove Small Cells; Timer: cpu0=0.344 wall=0.022 
 Start: Initialize data arrays on chips
 End:   Initialize data arrays on chips, res= 0; Timer: cpu0=0.000 wall=0.004 
  ***** Maximum Geometrical Gauss = 1.88615e-14, cell= 299:7:6:6:0
  ***** Maximum MovingSurf  Gauss = 3.66694e-14, cell= 99:3:3:0
 Start: Initialize data arrays on chips
 End:   Initialize data arrays on chips, res= 0; Timer: cpu0=0.000 wall=0.002 
 Start: Modify Chip Data
 End:   Modify Chip Data; Timer: cpu0=0.391 wall=0.044 
 Start: TimeServis
 End:   TimeServis; Timer: cpu0=0.516 wall=0.047 
 Start: FindEnclaves
 End:   FindEnclaves; Timer: cpu0=0.094 wall=0.106 
 Start: VarValueService
 End:   VarValueService; Timer: cpu0=0.000 wall=0.002 
 Start: SolvePhaseEquation 
 End:   SolvePhaseEquation ; Timer: cpu0=13.469 wall=1.637 
 Start: SolidFiltersProcess: calculate forces and moments
 End:   SolidFiltersProcess: calculate forces and moments; Timer: cpu0=0.000 wall=0.002 
 Start: PrepareDataForNextStep
 End:   PrepareDataForNextStep; Timer: cpu0=0.422 wall=0.043 
 Start: VarValueService
 End:   VarValueService; Timer: cpu0=0.000 wall=0.002 
 Start: UpdateStopperData
 End:   UpdateStopperData; Timer: cpu0=0.000 wall=0.001 
 Start: Saving text status in E:\UniFlight\flow\full_rocket10_fv\data\full_rocket10.status
 End:   Saving text status in E:\UniFlight\flow\full_rocket10_fv\data\full_rocket10.status; Timer: cpu0=0.000 wall=0.002 
 End:   ===== Time Step =====, Iter number =  50; Timer: cpu0=23.828 wall=3.174 

20.06.26 15:43:13  ===== Processing Layers =====
20.06.26 15:43:13    *SEND* for CScalarLayer, GUID=35D5BC16-A80B-49DF-A4AB-2D8A3E454FDC
 Start: ComputeVolumeCharacteristics
 End:   ComputeVolumeCharacteristics; Timer: cpu0=0.000 wall=0.005 
 Start: GetValueOnFacets
 End:   GetValueOnFacets; Timer: cpu0=0.188 wall=0.018 
20.06.26 15:43:13    *SEND* for CIntegralCharsLayer, GUID=4E090A0C-544B-E4A2-4242-BEC451D7CD2B
20.06.26 15:43:13    *SEND* for CIntegralCharsLayer, GUID=DA27EECF-558C-D390-7112-31A961279F88
20.06.26 15:43:13    *SEND* for CIntegralCharsLayer, GUID=D073F2AC-92DF-84C7-2F9D-1DD60ACD790B
 End:   ===== Processing Layers =====; Timer: cpu0=0.188 wall=0.044 

20.06.26 15:43:13  ===== New Time Step =====, Iter number =  51
 Start: TimeServis
 End:   TimeServis; Timer: cpu0=0.453 wall=0.039 
 Start: User modules' functions BeforeTimeStep() are calling
 End:   User modules' functions BeforeTimeStep() are calling; Timer: cpu0=0.000 wall=0.003 
 Start: Adaptation, TotalRealCellsCount= 108510 
 End:   Adaptation; Timer: cpu0=7.250 wall=0.888 
 Start: DistributeGridOnProcessors
 End:   DistributeGridOnProcessors, res= 0; Timer: cpu0=1.047 wall=0.231 
 Start: SetNeiHyperCells
 End:   SetNeiHyperCells, res= 0; Timer: cpu0=0.000 wall=0.007 
 Start: BuildFacetDistribution
 End:   BuildFacetDistribution; Timer: cpu0=0.000 wall=0.002 
 Start: Initialize data arrays on chips
 End:   Initialize data arrays on chips, res= 0; Timer: cpu0=0.000 wall=0.002 
  ***** Maximum Geometrical Gauss = 1.77043e-14, cell= 399:7:7:7:0
  ***** Maximum MovingSurf  Gauss = 3.66694e-14, cell= 99:3:0
 Start: Remove Small Cells
 End:   Remove Small Cells; Timer: cpu0=0.266 wall=0.023 
 Start: Initialize data arrays on chips
 End:   Initialize data arrays on chips, res= 0; Timer: cpu0=0.000 wall=0.004 
  ***** Maximum Geometrical Gauss = 1.77043e-14, cell= 399:7:7:7:0
  ***** Maximum MovingSurf  Gauss = 3.66694e-14, cell= 99:3:0
 Start: Initialize data arrays on chips
 End:   Initialize data arrays on chips, res= 0; Timer: cpu0=0.000 wall=0.002 
 Start: Modify Chip Data
 End:   Modify Chip Data; Timer: cpu0=0.516 wall=0.050 
 Start: TimeServis
 End:   TimeServis; Timer: cpu0=0.641 wall=0.060 
 Start: FindEnclaves
 End:   FindEnclaves; Timer: cpu0=0.250 wall=0.106 
 Start: VarValueService
 End:   VarValueService; Timer: cpu0=0.000 wall=0.002 
 Start: SolvePhaseEquation 
 End:   SolvePhaseEquation ; Timer: cpu0=13.391 wall=1.718 
 Start: SolidFiltersProcess: calculate forces and moments
 End:   SolidFiltersProcess: calculate forces and moments; Timer: cpu0=0.000 wall=0.002 
 Start: PrepareDataForNextStep
 End:   PrepareDataForNextStep; Timer: cpu0=0.375 wall=0.063 
 Start: VarValueService
 End:   VarValueService; Timer: cpu0=0.000 wall=0.002 
 Start: UpdateStopperData
 End:   UpdateStopperData; Timer: cpu0=0.000 wall=0.001 
 Start: Saving text status in E:\UniFlight\flow\full_rocket10_fv\data\full_rocket10.status
 End:   Saving text status in E:\UniFlight\flow\full_rocket10_fv\data\full_rocket10.status; Timer: cpu0=0.000 wall=0.003 
 End:   ===== Time Step =====, Iter number =  51; Timer: cpu0=24.656 wall=3.307 

20.06.26 15:43:17  ===== Processing Layers =====
20.06.26 15:43:17    *SEND* for CScalarLayer, GUID=35D5BC16-A80B-49DF-A4AB-2D8A3E454FDC
 Start: ComputeVolumeCharacteristics
 End:   ComputeVolumeCharacteristics; Timer: cpu0=0.172 wall=0.005 
 Start: GetValueOnFacets
 End:   GetValueOnFacets; Timer: cpu0=0.172 wall=0.021 
20.06.26 15:43:17    *SEND* for CIntegralCharsLayer, GUID=4E090A0C-544B-E4A2-4242-BEC451D7CD2B
20.06.26 15:43:17    *SEND* for CIntegralCharsLayer, GUID=DA27EECF-558C-D390-7112-31A961279F88
20.06.26 15:43:17    *SEND* for CIntegralCharsLayer, GUID=D073F2AC-92DF-84C7-2F9D-1DD60ACD790B
 End:   ===== Processing Layers =====; Timer: cpu0=0.344 wall=0.049 

20.06.26 15:43:17  ===== New Time Step =====, Iter number =  52
 Start: TimeServis
 End:   TimeServis; Timer: cpu0=0.453 wall=0.054 
 Start: User modules' functions BeforeTimeStep() are calling
 End:   User modules' functions BeforeTimeStep() are calling; Timer: cpu0=0.000 wall=0.002 
 Start: Adaptation, TotalRealCellsCount= 109945 
 End:   Adaptation; Timer: cpu0=0.000 wall=0.006 
 Start: Initialize data arrays on chips
 End:   Initialize data arrays on chips, res= 0; Timer: cpu0=0.000 wall=0.005 
  ***** Maximum Geometrical Gauss = 1.77043e-14, cell= 399:7:7:7:0
  ***** Maximum MovingSurf  Gauss = 0, cell= 
 Start: Initialize data arrays on chips
 End:   Initialize data arrays on chips, res= 0; Timer: cpu0=0.000 wall=0.003 
 Start: TimeServis
 End:   TimeServis; Timer: cpu0=0.625 wall=0.095 
 Start: FindEnclaves
 End:   FindEnclaves; Timer: cpu0=0.156 wall=0.168 
 Start: VarValueService
 End:   VarValueService; Timer: cpu0=0.000 wall=0.002 
 Start: SolvePhaseEquation 
 End:   SolvePhaseEquation ; Timer: cpu0=14.125 wall=1.856 
 Start: SolidFiltersProcess: calculate forces and moments
 End:   SolidFiltersProcess: calculate forces and moments; Timer: cpu0=0.000 wall=0.002 
 Start: PrepareDataForNextStep
 End:   PrepareDataForNextStep; Timer: cpu0=0.359 wall=0.049 
 Start: VarValueService
 End:   VarValueService; Timer: cpu0=0.000 wall=0.001 
 Start: UpdateStopperData
 End:   UpdateStopperData; Timer: cpu0=0.000 wall=0.000 
 Start: Saving text status in E:\UniFlight\flow\full_rocket10_fv\data\full_rocket10.status
 End:   Saving text status in E:\UniFlight\flow\full_rocket10_fv\data\full_rocket10.status; Timer: cpu0=0.000 wall=0.003 
 End:   ===== Time Step =====, Iter number =  52; Timer: cpu0=16.234 wall=2.342 

20.06.26 15:43:19  ===== Processing Layers =====
20.06.26 15:43:19    *SEND* for CScalarLayer, GUID=35D5BC16-A80B-49DF-A4AB-2D8A3E454FDC
 Start: ComputeVolumeCharacteristics
 End:   ComputeVolumeCharacteristics; Timer: cpu0=0.000 wall=0.006 
 Start: GetValueOnFacets
 End:   GetValueOnFacets; Timer: cpu0=0.031 wall=0.021 
20.06.26 15:43:19    *SEND* for CIntegralCharsLayer, GUID=4E090A0C-544B-E4A2-4242-BEC451D7CD2B
20.06.26 15:43:19    *SEND* for CIntegralCharsLayer, GUID=DA27EECF-558C-D390-7112-31A961279F88
20.06.26 15:43:19    *SEND* for CIntegralCharsLayer, GUID=D073F2AC-92DF-84C7-2F9D-1DD60ACD790B
 End:   ===== Processing Layers =====; Timer: cpu0=0.203 wall=0.051 

20.06.26 15:43:19  ===== New Time Step =====, Iter number =  53
 Start: TimeServis
 End:   TimeServis; Timer: cpu0=0.594 wall=0.062 
 Start: User modules' functions BeforeTimeStep() are calling
 End:   User modules' functions BeforeTimeStep() are calling; Timer: cpu0=0.000 wall=0.002 
 Start: Adaptation, TotalRealCellsCount= 109945 
 End:   Adaptation; Timer: cpu0=0.000 wall=0.006 
 Start: Initialize data arrays on chips
 End:   Initialize data arrays on chips, res= 0; Timer: cpu0=0.000 wall=0.004 
  ***** Maximum Geometrical Gauss = 1.77043e-14, cell= 399:7:7:7:0
  ***** Maximum MovingSurf  Gauss = 0, cell= 
 Start: Initialize data arrays on chips
 End:   Initialize data arrays on chips, res= 0; Timer: cpu0=0.000 wall=0.004 
 Start: TimeServis
 End:   TimeServis; Timer: cpu0=0.672 wall=0.093 
 Start: FindEnclaves
 End:   FindEnclaves; Timer: cpu0=0.141 wall=0.154 
 Start: VarValueService
 End:   VarValueService; Timer: cpu0=0.000 wall=0.003 
 Start: SolvePhaseEquation 
 End:   SolvePhaseEquation ; Timer: cpu0=14.969 wall=2.301 
 Start: SolidFiltersProcess: calculate forces and moments
 End:   SolidFiltersProcess: calculate forces and moments; Timer: cpu0=0.000 wall=0.003 
 Start: PrepareDataForNextStep
 End:   PrepareDataForNextStep; Timer: cpu0=0.719 wall=0.110 
 Start: VarValueService
 End:   VarValueService; Timer: cpu0=0.000 wall=0.001 
 Start: UpdateStopperData
 End:   UpdateStopperData; Timer: cpu0=0.000 wall=0.002 
 Start: Saving text status in E:\UniFlight\flow\full_rocket10_fv\data\full_rocket10.status
 End:   Saving text status in E:\UniFlight\flow\full_rocket10_fv\data\full_rocket10.status; Timer: cpu0=0.000 wall=0.003 
 End:   ===== Time Step =====, Iter number =  53; Timer: cpu0=17.641 wall=2.855 

20.06.26 15:43:23  ===== Processing Layers =====
20.06.26 15:43:23    *SEND* for CScalarLayer, GUID=35D5BC16-A80B-49DF-A4AB-2D8A3E454FDC
 Start: ComputeVolumeCharacteristics
 End:   ComputeVolumeCharacteristics; Timer: cpu0=0.141 wall=0.006 
 Start: GetValueOnFacets
 End:   GetValueOnFacets; Timer: cpu0=0.125 wall=0.018 
20.06.26 15:43:23    *SEND* for CIntegralCharsLayer, GUID=4E090A0C-544B-E4A2-4242-BEC451D7CD2B
20.06.26 15:43:23    *SEND* for CIntegralCharsLayer, GUID=DA27EECF-558C-D390-7112-31A961279F88
20.06.26 15:43:23    *SEND* for CIntegralCharsLayer, GUID=D073F2AC-92DF-84C7-2F9D-1DD60ACD790B
 End:   ===== Processing Layers =====; Timer: cpu0=0.266 wall=0.045 

20.06.26 15:43:23  ===== New Time Step =====, Iter number =  54
 Start: TimeServis
 End:   TimeServis; Timer: cpu0=0.344 wall=0.037 
 Start: User modules' functions BeforeTimeStep() are calling
 End:   User modules' functions BeforeTimeStep() are calling; Timer: cpu0=0.000 wall=0.002 
 Start: Adaptation, TotalRealCellsCount= 109945 
 End:   Adaptation; Timer: cpu0=0.000 wall=0.004 
 Start: Initialize data arrays on chips
 End:   Initialize data arrays on chips, res= 0; Timer: cpu0=0.000 wall=0.002 
  ***** Maximum Geometrical Gauss = 1.77043e-14, cell= 399:7:7:7:0
  ***** Maximum MovingSurf  Gauss = 0, cell= 
 Start: Initialize data arrays on chips
 End:   Initialize data arrays on chips, res= 0; Timer: cpu0=0.000 wall=0.002 
 Start: TimeServis
 End:   TimeServis; Timer: cpu0=0.516 wall=0.047 
 Start: FindEnclaves
 End:   FindEnclaves; Timer: cpu0=0.250 wall=0.094 
 Start: VarValueService
 End:   VarValueService; Timer: cpu0=0.000 wall=0.001 
 Start: SolvePhaseEquation 
 End:   SolvePhaseEquation ; Timer: cpu0=13.359 wall=1.598 
 Start: SolidFiltersProcess: calculate forces and moments
 End:   SolidFiltersProcess: calculate forces and moments; Timer: cpu0=0.000 wall=0.001 
 Start: PrepareDataForNextStep
 End:   PrepareDataForNextStep; Timer: cpu0=0.547 wall=0.051 
 Start: VarValueService
 End:   VarValueService; Timer: cpu0=0.000 wall=0.002 
 Start: UpdateStopperData
 End:   UpdateStopperData; Timer: cpu0=0.000 wall=0.001 
 Start: Saving text status in E:\UniFlight\flow\full_rocket10_fv\data\full_rocket10.status
 End:   Saving text status in E:\UniFlight\flow\full_rocket10_fv\data\full_rocket10.status; Timer: cpu0=0.000 wall=0.002 
 End:   ===== Time Step =====, Iter number =  54; Timer: cpu0=15.359 wall=1.916 

20.06.26 15:43:25  ===== Processing Layers =====
20.06.26 15:43:25    *SEND* for CScalarLayer, GUID=35D5BC16-A80B-49DF-A4AB-2D8A3E454FDC
 Start: ComputeVolumeCharacteristics
 End:   ComputeVolumeCharacteristics; Timer: cpu0=0.000 wall=0.004 
 Start: GetValueOnFacets
 End:   GetValueOnFacets; Timer: cpu0=0.094 wall=0.015 
20.06.26 15:43:25    *SEND* for CIntegralCharsLayer, GUID=4E090A0C-544B-E4A2-4242-BEC451D7CD2B
20.06.26 15:43:25    *SEND* for CIntegralCharsLayer, GUID=DA27EECF-558C-D390-7112-31A961279F88
20.06.26 15:43:25    *SEND* for CIntegralCharsLayer, GUID=D073F2AC-92DF-84C7-2F9D-1DD60ACD790B
 End:   ===== Processing Layers =====; Timer: cpu0=0.266 wall=0.039 

20.06.26 15:43:25  ===== New Time Step =====, Iter number =  55
 Start: TimeServis
 End:   TimeServis; Timer: cpu0=0.453 wall=0.036 
 Start: User modules' functions BeforeTimeStep() are calling
 End:   User modules' functions BeforeTimeStep() are calling; Timer: cpu0=0.000 wall=0.001 
 Start: Adaptation, TotalRealCellsCount= 109945 
 End:   Adaptation; Timer: cpu0=0.000 wall=0.005 
 Start: Initialize data arrays on chips
 End:   Initialize data arrays on chips, res= 0; Timer: cpu0=0.000 wall=0.003 
  ***** Maximum Geometrical Gauss = 1.77043e-14, cell= 399:7:7:7:0
  ***** Maximum MovingSurf  Gauss = 0, cell= 
 Start: Initialize data arrays on chips
 End:   Initialize data arrays on chips, res= 0; Timer: cpu0=0.000 wall=0.003 
 Start: TimeServis
 End:   TimeServis; Timer: cpu0=0.500 wall=0.048 
 Start: FindEnclaves
 End:   FindEnclaves; Timer: cpu0=0.078 wall=0.089 
 Start: VarValueService
 End:   VarValueService; Timer: cpu0=0.000 wall=0.001 
 Start: SolvePhaseEquation 
 End:   SolvePhaseEquation ; Timer: cpu0=13.250 wall=1.914 
 Start: SolidFiltersProcess: calculate forces and moments
 End:   SolidFiltersProcess: calculate forces and moments; Timer: cpu0=0.000 wall=0.002 
 Start: PrepareDataForNextStep
 End:   PrepareDataForNextStep; Timer: cpu0=0.500 wall=0.060 
 Start: VarValueService
 End:   VarValueService; Timer: cpu0=0.000 wall=0.001 
 Start: UpdateStopperData
 End:   UpdateStopperData; Timer: cpu0=0.000 wall=0.001 
 Start: Saving text status in E:\UniFlight\flow\full_rocket10_fv\data\full_rocket10.status
 End:   Saving text status in E:\UniFlight\flow\full_rocket10_fv\data\full_rocket10.status; Timer: cpu0=0.000 wall=0.002 
 End:   ===== Time Step =====, Iter number =  55; Timer: cpu0=15.000 wall=2.231 

20.06.26 15:43:27  ===== Processing Layers =====
20.06.26 15:43:27    *SEND* for CScalarLayer, GUID=35D5BC16-A80B-49DF-A4AB-2D8A3E454FDC
 Start: ComputeVolumeCharacteristics
 End:   ComputeVolumeCharacteristics; Timer: cpu0=0.000 wall=0.005 
 Start: GetValueOnFacets
 End:   GetValueOnFacets; Timer: cpu0=0.016 wall=0.019 
20.06.26 15:43:27    *SEND* for CIntegralCharsLayer, GUID=4E090A0C-544B-E4A2-4242-BEC451D7CD2B
20.06.26 15:43:27    *SEND* for CIntegralCharsLayer, GUID=DA27EECF-558C-D390-7112-31A961279F88
20.06.26 15:43:27    *SEND* for CIntegralCharsLayer, GUID=D073F2AC-92DF-84C7-2F9D-1DD60ACD790B
 End:   ===== Processing Layers =====; Timer: cpu0=0.016 wall=0.049 

20.06.26 15:43:27  ===== New Time Step =====, Iter number =  56
 Start: TimeServis
 End:   TimeServis; Timer: cpu0=0.438 wall=0.049 
 Start: User modules' functions BeforeTimeStep() are calling
 End:   User modules' functions BeforeTimeStep() are calling; Timer: cpu0=0.000 wall=0.004 
 Start: Adaptation, TotalRealCellsCount= 109945 
 End:   Adaptation; Timer: cpu0=0.000 wall=0.006 
 Start: Initialize data arrays on chips
 End:   Initialize data arrays on chips, res= 0; Timer: cpu0=0.000 wall=0.003 
  ***** Maximum Geometrical Gauss = 1.77043e-14, cell= 399:7:7:7:0
  ***** Maximum MovingSurf  Gauss = 0, cell= 
 Start: Initialize data arrays on chips
 End:   Initialize data arrays on chips, res= 0; Timer: cpu0=0.000 wall=0.003 
 Start: TimeServis
 End:   TimeServis; Timer: cpu0=0.719 wall=0.082 
 Start: FindEnclaves
 End:   FindEnclaves; Timer: cpu0=0.266 wall=0.116 
 Start: VarValueService
 End:   VarValueService; Timer: cpu0=0.000 wall=0.002 
 Start: SolvePhaseEquation 
 End:   SolvePhaseEquation ; Timer: cpu0=14.266 wall=1.820 
 Start: SolidFiltersProcess: calculate forces and moments
 End:   SolidFiltersProcess: calculate forces and moments; Timer: cpu0=0.000 wall=0.001 
 Start: PrepareDataForNextStep
 End:   PrepareDataForNextStep; Timer: cpu0=0.266 wall=0.050 
 Start: VarValueService
 End:   VarValueService; Timer: cpu0=0.000 wall=0.001 
 Start: UpdateStopperData
 End:   UpdateStopperData; Timer: cpu0=0.000 wall=0.001 
 Start: Saving text status in E:\UniFlight\flow\full_rocket10_fv\data\full_rocket10.status
 End:   Saving text status in E:\UniFlight\flow\full_rocket10_fv\data\full_rocket10.status; Timer: cpu0=0.000 wall=0.003 
 End:   ===== Time Step =====, Iter number =  56; Timer: cpu0=16.531 wall=2.245 

20.06.26 15:43:30  ===== Processing Layers =====
20.06.26 15:43:30    *SEND* for CScalarLayer, GUID=35D5BC16-A80B-49DF-A4AB-2D8A3E454FDC
 Start: ComputeVolumeCharacteristics
 End:   ComputeVolumeCharacteristics; Timer: cpu0=0.172 wall=0.004 
 Start: GetValueOnFacets
 End:   GetValueOnFacets; Timer: cpu0=0.016 wall=0.014 
20.06.26 15:43:30    *SEND* for CIntegralCharsLayer, GUID=4E090A0C-544B-E4A2-4242-BEC451D7CD2B
20.06.26 15:43:30    *SEND* for CIntegralCharsLayer, GUID=DA27EECF-558C-D390-7112-31A961279F88
20.06.26 15:43:30    *SEND* for CIntegralCharsLayer, GUID=D073F2AC-92DF-84C7-2F9D-1DD60ACD790B
 End:   ===== Processing Layers =====; Timer: cpu0=0.188 wall=0.036 

20.06.26 15:43:30  ===== New Time Step =====, Iter number =  57
 Start: TimeServis
 End:   TimeServis; Timer: cpu0=0.344 wall=0.037 
 Start: User modules' functions BeforeTimeStep() are calling
 End:   User modules' functions BeforeTimeStep() are calling; Timer: cpu0=0.000 wall=0.002 
 Start: Adaptation, TotalRealCellsCount= 109945 
 End:   Adaptation; Timer: cpu0=0.000 wall=0.006 
 Start: Initialize data arrays on chips
 End:   Initialize data arrays on chips, res= 0; Timer: cpu0=0.000 wall=0.002 
  ***** Maximum Geometrical Gauss = 1.77043e-14, cell= 399:7:7:7:0
  ***** Maximum MovingSurf  Gauss = 0, cell= 
 Start: Initialize data arrays on chips
 End:   Initialize data arrays on chips, res= 0; Timer: cpu0=0.000 wall=0.002 
 Start: TimeServis
 End:   TimeServis; Timer: cpu0=0.328 wall=0.042 
 Start: FindEnclaves
 End:   FindEnclaves; Timer: cpu0=0.094 wall=0.091 
 Start: VarValueService
 End:   VarValueService; Timer: cpu0=0.000 wall=0.002 
 Start: SolvePhaseEquation 
 End:   SolvePhaseEquation ; Timer: cpu0=13.672 wall=1.770 
 Start: SolidFiltersProcess: calculate forces and moments
 End:   SolidFiltersProcess: calculate forces and moments; Timer: cpu0=0.000 wall=0.002 
 Start: PrepareDataForNextStep
 End:   PrepareDataForNextStep; Timer: cpu0=0.391 wall=0.049 
 Start: VarValueService
 End:   VarValueService; Timer: cpu0=0.000 wall=0.001 
 Start: UpdateStopperData
 End:   UpdateStopperData; Timer: cpu0=0.000 wall=0.001 
 Start: Saving text status in E:\UniFlight\flow\full_rocket10_fv\data\full_rocket10.status
 End:   Saving text status in E:\UniFlight\flow\full_rocket10_fv\data\full_rocket10.status; Timer: cpu0=0.000 wall=0.003 
 End:   ===== Time Step =====, Iter number =  57; Timer: cpu0=15.266 wall=2.072 

20.06.26 15:43:32  ===== Processing Layers =====
20.06.26 15:43:32    *SEND* for CScalarLayer, GUID=35D5BC16-A80B-49DF-A4AB-2D8A3E454FDC
 Start: ComputeVolumeCharacteristics
 End:   ComputeVolumeCharacteristics; Timer: cpu0=0.000 wall=0.004 
 Start: GetValueOnFacets
 End:   GetValueOnFacets; Timer: cpu0=0.016 wall=0.014 
20.06.26 15:43:32    *SEND* for CIntegralCharsLayer, GUID=4E090A0C-544B-E4A2-4242-BEC451D7CD2B
20.06.26 15:43:32    *SEND* for CIntegralCharsLayer, GUID=DA27EECF-558C-D390-7112-31A961279F88
20.06.26 15:43:32    *SEND* for CIntegralCharsLayer, GUID=D073F2AC-92DF-84C7-2F9D-1DD60ACD790B
 End:   ===== Processing Layers =====; Timer: cpu0=0.016 wall=0.034 

20.06.26 15:43:32  ===== New Time Step =====, Iter number =  58
 Start: TimeServis
 End:   TimeServis; Timer: cpu0=0.344 wall=0.039 
 Start: User modules' functions BeforeTimeStep() are calling
 End:   User modules' functions BeforeTimeStep() are calling; Timer: cpu0=0.000 wall=0.003 
 Start: Adaptation, TotalRealCellsCount= 109945 
 End:   Adaptation; Timer: cpu0=0.000 wall=0.006 
 Start: Initialize data arrays on chips
 End:   Initialize data arrays on chips, res= 0; Timer: cpu0=0.000 wall=0.004 
  ***** Maximum Geometrical Gauss = 1.77043e-14, cell= 399:7:7:7:0
  ***** Maximum MovingSurf  Gauss = 0, cell= 
 Start: Initialize data arrays on chips
 End:   Initialize data arrays on chips, res= 0; Timer: cpu0=0.000 wall=0.003 
 Start: TimeServis
 End:   TimeServis; Timer: cpu0=0.516 wall=0.050 
 Start: FindEnclaves
 End:   FindEnclaves; Timer: cpu0=0.109 wall=0.111 
 Start: VarValueService
 End:   VarValueService; Timer: cpu0=0.000 wall=0.002 
 Start: SolvePhaseEquation 
 End:   SolvePhaseEquation ; Timer: cpu0=13.281 wall=1.627 
 Start: SolidFiltersProcess: calculate forces and moments
 End:   SolidFiltersProcess: calculate forces and moments; Timer: cpu0=0.000 wall=0.001 
 Start: PrepareDataForNextStep
 End:   PrepareDataForNextStep; Timer: cpu0=0.328 wall=0.048 
 Start: VarValueService
 End:   VarValueService; Timer: cpu0=0.000 wall=0.001 
 Start: UpdateStopperData
 End:   UpdateStopperData; Timer: cpu0=0.000 wall=0.001 
 Start: Saving text status in E:\UniFlight\flow\full_rocket10_fv\data\full_rocket10.status
 End:   Saving text status in E:\UniFlight\flow\full_rocket10_fv\data\full_rocket10.status; Timer: cpu0=0.000 wall=0.002 
 End:   ===== Time Step =====, Iter number =  58; Timer: cpu0=14.922 wall=1.965 

20.06.26 15:43:35  ===== Processing Layers =====
20.06.26 15:43:35    *SEND* for CScalarLayer, GUID=35D5BC16-A80B-49DF-A4AB-2D8A3E454FDC
 Start: ComputeVolumeCharacteristics
 End:   ComputeVolumeCharacteristics; Timer: cpu0=0.000 wall=0.005 
 Start: GetValueOnFacets
 End:   GetValueOnFacets; Timer: cpu0=0.016 wall=0.017 
20.06.26 15:43:35    *SEND* for CIntegralCharsLayer, GUID=4E090A0C-544B-E4A2-4242-BEC451D7CD2B
20.06.26 15:43:35    *SEND* for CIntegralCharsLayer, GUID=DA27EECF-558C-D390-7112-31A961279F88
20.06.26 15:43:35    *SEND* for CIntegralCharsLayer, GUID=D073F2AC-92DF-84C7-2F9D-1DD60ACD790B
 End:   ===== Processing Layers =====; Timer: cpu0=0.016 wall=0.041 

20.06.26 15:43:35  ===== New Time Step =====, Iter number =  59
 Start: TimeServis
 End:   TimeServis; Timer: cpu0=0.344 wall=0.036 
 Start: User modules' functions BeforeTimeStep() are calling
 End:   User modules' functions BeforeTimeStep() are calling; Timer: cpu0=0.000 wall=0.002 
 Start: Adaptation, TotalRealCellsCount= 109945 
 End:   Adaptation; Timer: cpu0=0.000 wall=0.005 
 Start: Initialize data arrays on chips
 End:   Initialize data arrays on chips, res= 0; Timer: cpu0=0.000 wall=0.002 
  ***** Maximum Geometrical Gauss = 1.77043e-14, cell= 399:7:7:7:0
  ***** Maximum MovingSurf  Gauss = 0, cell= 
 Start: Initialize data arrays on chips
 End:   Initialize data arrays on chips, res= 0; Timer: cpu0=0.000 wall=0.002 
 Start: TimeServis
 End:   TimeServis; Timer: cpu0=0.344 wall=0.043 
 Start: FindEnclaves
 End:   FindEnclaves; Timer: cpu0=0.094 wall=0.091 
 Start: VarValueService
 End:   VarValueService; Timer: cpu0=0.000 wall=0.001 
 Start: SolvePhaseEquation 
 End:   SolvePhaseEquation ; Timer: cpu0=12.844 wall=1.621 
 Start: SolidFiltersProcess: calculate forces and moments
 End:   SolidFiltersProcess: calculate forces and moments; Timer: cpu0=0.000 wall=0.002 
 Start: PrepareDataForNextStep
 End:   PrepareDataForNextStep; Timer: cpu0=0.484 wall=0.045 
 Start: VarValueService
 End:   VarValueService; Timer: cpu0=0.000 wall=0.001 
 Start: UpdateStopperData
 End:   UpdateStopperData; Timer: cpu0=0.000 wall=0.000 
 Start: Saving text status in E:\UniFlight\flow\full_rocket10_fv\data\full_rocket10.status
 End:   Saving text status in E:\UniFlight\flow\full_rocket10_fv\data\full_rocket10.status; Timer: cpu0=0.000 wall=0.002 
 End:   ===== Time Step =====, Iter number =  59; Timer: cpu0=14.547 wall=1.915 

20.06.26 15:43:37  ===== Processing Layers =====
20.06.26 15:43:37    *SEND* for CScalarLayer, GUID=35D5BC16-A80B-49DF-A4AB-2D8A3E454FDC
 Start: ComputeVolumeCharacteristics
 End:   ComputeVolumeCharacteristics; Timer: cpu0=0.000 wall=0.004 
 Start: GetValueOnFacets
 End:   GetValueOnFacets; Timer: cpu0=0.172 wall=0.013 
20.06.26 15:43:37    *SEND* for CIntegralCharsLayer, GUID=4E090A0C-544B-E4A2-4242-BEC451D7CD2B
20.06.26 15:43:37    *SEND* for CIntegralCharsLayer, GUID=DA27EECF-558C-D390-7112-31A961279F88
20.06.26 15:43:37    *SEND* for CIntegralCharsLayer, GUID=D073F2AC-92DF-84C7-2F9D-1DD60ACD790B
 End:   ===== Processing Layers =====; Timer: cpu0=0.344 wall=0.035 

20.06.26 15:43:37  ===== New Time Step =====, Iter number =  60
 Start: TimeServis
 End:   TimeServis; Timer: cpu0=0.422 wall=0.039 
 Start: User modules' functions BeforeTimeStep() are calling
 End:   User modules' functions BeforeTimeStep() are calling; Timer: cpu0=0.000 wall=0.001 
 Start: Adaptation, TotalRealCellsCount= 109945 
 End:   Adaptation; Timer: cpu0=6.484 wall=0.841 
 Start: DistributeGridOnProcessors
 End:   DistributeGridOnProcessors, res= 0; Timer: cpu0=0.984 wall=0.234 
 Start: SetNeiHyperCells
 End:   SetNeiHyperCells, res= 0; Timer: cpu0=0.172 wall=0.009 
 Start: BuildFacetDistribution
 End:   BuildFacetDistribution; Timer: cpu0=0.000 wall=0.002 
 Start: Initialize data arrays on chips
 End:   Initialize data arrays on chips, res= 0; Timer: cpu0=0.000 wall=0.002 
  ***** Maximum Geometrical Gauss = 1.88615e-14, cell= 390:2:3:2:0
  ***** Maximum MovingSurf  Gauss = 4.19583e-14, cell= 44:0:0:0:0
 Start: Remove Small Cells
 End:   Remove Small Cells; Timer: cpu0=0.344 wall=0.021 
 Start: Initialize data arrays on chips
 End:   Initialize data arrays on chips, res= 0; Timer: cpu0=0.000 wall=0.002 
  ***** Maximum Geometrical Gauss = 1.88615e-14, cell= 390:2:3:2:0
  ***** Maximum MovingSurf  Gauss = 4.19583e-14, cell= 44:0:0:0:0
 Start: Initialize data arrays on chips
 End:   Initialize data arrays on chips, res= 0; Timer: cpu0=0.000 wall=0.002 
 Start: Modify Chip Data
 End:   Modify Chip Data; Timer: cpu0=0.406 wall=0.043 
 Start: TimeServis
 End:   TimeServis; Timer: cpu0=0.500 wall=0.045 
 Start: FindEnclaves
 End:   FindEnclaves; Timer: cpu0=0.094 wall=0.105 
 Start: VarValueService
 End:   VarValueService; Timer: cpu0=0.000 wall=0.001 
 Start: SolvePhaseEquation 
 End:   SolvePhaseEquation ; Timer: cpu0=14.000 wall=1.643 
 Start: SolidFiltersProcess: calculate forces and moments
 End:   SolidFiltersProcess: calculate forces and moments; Timer: cpu0=0.000 wall=0.002 
 Start: PrepareDataForNextStep
 End:   PrepareDataForNextStep; Timer: cpu0=0.453 wall=0.042 
 Start: VarValueService
 End:   VarValueService; Timer: cpu0=0.000 wall=0.001 
 Start: UpdateStopperData
 End:   UpdateStopperData; Timer: cpu0=0.000 wall=0.001 
 Start: Saving text status in E:\UniFlight\flow\full_rocket10_fv\data\full_rocket10.status
 End:   Saving text status in E:\UniFlight\flow\full_rocket10_fv\data\full_rocket10.status; Timer: cpu0=0.000 wall=0.002 
 End:   ===== Time Step =====, Iter number =  60; Timer: cpu0=24.359 wall=3.135 

20.06.26 15:43:40  ===== Processing Layers =====
20.06.26 15:43:40    *SEND* for CScalarLayer, GUID=35D5BC16-A80B-49DF-A4AB-2D8A3E454FDC
 Start: ComputeVolumeCharacteristics
 End:   ComputeVolumeCharacteristics; Timer: cpu0=0.000 wall=0.005 
 Start: GetValueOnFacets
 End:   GetValueOnFacets; Timer: cpu0=0.016 wall=0.015 
20.06.26 15:43:40    *SEND* for CIntegralCharsLayer, GUID=4E090A0C-544B-E4A2-4242-BEC451D7CD2B
20.06.26 15:43:40    *SEND* for CIntegralCharsLayer, GUID=DA27EECF-558C-D390-7112-31A961279F88
20.06.26 15:43:40    *SEND* for CIntegralCharsLayer, GUID=D073F2AC-92DF-84C7-2F9D-1DD60ACD790B
 End:   ===== Processing Layers =====; Timer: cpu0=0.016 wall=0.038 

20.06.26 15:43:40  ===== New Time Step =====, Iter number =  61
 Start: TimeServis
 End:   TimeServis; Timer: cpu0=0.500 wall=0.037 
 Start: User modules' functions BeforeTimeStep() are calling
 End:   User modules' functions BeforeTimeStep() are calling; Timer: cpu0=0.000 wall=0.002 
 Start: Adaptation, TotalRealCellsCount= 108615 
 End:   Adaptation; Timer: cpu0=6.094 wall=0.809 
 Start: DistributeGridOnProcessors
 End:   DistributeGridOnProcessors, res= 0; Timer: cpu0=1.172 wall=0.218 
 Start: SetNeiHyperCells
 End:   SetNeiHyperCells, res= 0; Timer: cpu0=0.156 wall=0.009 
 Start: BuildFacetDistribution
 End:   BuildFacetDistribution; Timer: cpu0=0.000 wall=0.002 
 Start: Initialize data arrays on chips
 End:   Initialize data arrays on chips, res= 0; Timer: cpu0=0.000 wall=0.002 
  ***** Maximum Geometrical Gauss = 1.88615e-14, cell= 390:2:3:2:0
  ***** Maximum MovingSurf  Gauss = 3.66694e-14, cell= 99:3:0
 Start: Remove Small Cells
 End:   Remove Small Cells; Timer: cpu0=0.344 wall=0.022 
 Start: Initialize data arrays on chips
 End:   Initialize data arrays on chips, res= 0; Timer: cpu0=0.000 wall=0.002 
  ***** Maximum Geometrical Gauss = 1.88615e-14, cell= 390:2:3:2:0
  ***** Maximum MovingSurf  Gauss = 3.66694e-14, cell= 99:3:0
 Start: Initialize data arrays on chips
 End:   Initialize data arrays on chips, res= 0; Timer: cpu0=0.000 wall=0.002 
 Start: Modify Chip Data
 End:   Modify Chip Data; Timer: cpu0=0.469 wall=0.042 
 Start: TimeServis
 End:   TimeServis; Timer: cpu0=0.516 wall=0.056 
 Start: FindEnclaves
 End:   FindEnclaves; Timer: cpu0=0.109 wall=0.121 
 Start: VarValueService
 End:   VarValueService; Timer: cpu0=0.000 wall=0.002 
 Start: SolvePhaseEquation 
 End:   SolvePhaseEquation ; Timer: cpu0=13.641 wall=1.672 
 Start: SolidFiltersProcess: calculate forces and moments
 End:   SolidFiltersProcess: calculate forces and moments; Timer: cpu0=0.000 wall=0.001 
 Start: PrepareDataForNextStep
 End:   PrepareDataForNextStep; Timer: cpu0=0.484 wall=0.041 
 Start: VarValueService
 End:   VarValueService; Timer: cpu0=0.000 wall=0.001 
 Start: UpdateStopperData
 End:   UpdateStopperData; Timer: cpu0=0.000 wall=0.001 
 Start: Saving text status in E:\UniFlight\flow\full_rocket10_fv\data\full_rocket10.status
 End:   Saving text status in E:\UniFlight\flow\full_rocket10_fv\data\full_rocket10.status; Timer: cpu0=0.000 wall=0.002 
 End:   ===== Time Step =====, Iter number =  61; Timer: cpu0=23.734 wall=3.143 

20.06.26 15:43:44  ===== Processing Layers =====
20.06.26 15:43:44    *SEND* for CScalarLayer, GUID=35D5BC16-A80B-49DF-A4AB-2D8A3E454FDC
 Start: ComputeVolumeCharacteristics
 End:   ComputeVolumeCharacteristics; Timer: cpu0=0.000 wall=0.004 
 Start: GetValueOnFacets
 End:   GetValueOnFacets; Timer: cpu0=0.016 wall=0.014 
20.06.26 15:43:44    *SEND* for CIntegralCharsLayer, GUID=4E090A0C-544B-E4A2-4242-BEC451D7CD2B
20.06.26 15:43:44    *SEND* for CIntegralCharsLayer, GUID=DA27EECF-558C-D390-7112-31A961279F88
20.06.26 15:43:44    *SEND* for CIntegralCharsLayer, GUID=D073F2AC-92DF-84C7-2F9D-1DD60ACD790B
 End:   ===== Processing Layers =====; Timer: cpu0=0.016 wall=0.034 

20.06.26 15:43:44  ===== New Time Step =====, Iter number =  62
 Start: TimeServis
 End:   TimeServis; Timer: cpu0=0.344 wall=0.039 
 Start: User modules' functions BeforeTimeStep() are calling
 End:   User modules' functions BeforeTimeStep() are calling; Timer: cpu0=0.000 wall=0.001 
 Start: Adaptation, TotalRealCellsCount= 109812 
 End:   Adaptation; Timer: cpu0=0.172 wall=0.005 
 Start: Initialize data arrays on chips
 End:   Initialize data arrays on chips, res= 0; Timer: cpu0=0.000 wall=0.002 
  ***** Maximum Geometrical Gauss = 1.88615e-14, cell= 390:2:3:2:0
  ***** Maximum MovingSurf  Gauss = 0, cell= 
 Start: Initialize data arrays on chips
 End:   Initialize data arrays on chips, res= 0; Timer: cpu0=0.000 wall=0.002 
 Start: TimeServis
 End:   TimeServis; Timer: cpu0=0.516 wall=0.043 
 Start: FindEnclaves
 End:   FindEnclaves; Timer: cpu0=0.203 wall=0.090 
 Start: VarValueService
 End:   VarValueService; Timer: cpu0=0.000 wall=0.001 
 Start: SolvePhaseEquation 
 End:   SolvePhaseEquation ; Timer: cpu0=13.641 wall=1.636 
 Start: SolidFiltersProcess: calculate forces and moments
 End:   SolidFiltersProcess: calculate forces and moments; Timer: cpu0=0.000 wall=0.001 
 Start: PrepareDataForNextStep
 End:   PrepareDataForNextStep; Timer: cpu0=0.203 wall=0.042 
 Start: VarValueService
 End:   VarValueService; Timer: cpu0=0.000 wall=0.001 
 Start: UpdateStopperData
 End:   UpdateStopperData; Timer: cpu0=0.000 wall=0.001 
 Start: Saving text status in E:\UniFlight\flow\full_rocket10_fv\data\full_rocket10.status
 End:   Saving text status in E:\UniFlight\flow\full_rocket10_fv\data\full_rocket10.status; Timer: cpu0=0.000 wall=0.002 
 End:   ===== Time Step =====, Iter number =  62; Timer: cpu0=15.422 wall=1.931 

20.06.26 15:43:46  ===== Processing Layers =====
20.06.26 15:43:46    *SEND* for CScalarLayer, GUID=35D5BC16-A80B-49DF-A4AB-2D8A3E454FDC
 Start: ComputeVolumeCharacteristics
 End:   ComputeVolumeCharacteristics; Timer: cpu0=0.172 wall=0.005 
 Start: GetValueOnFacets
 End:   GetValueOnFacets; Timer: cpu0=0.016 wall=0.012 
20.06.26 15:43:46    *SEND* for CIntegralCharsLayer, GUID=4E090A0C-544B-E4A2-4242-BEC451D7CD2B
20.06.26 15:43:46    *SEND* for CIntegralCharsLayer, GUID=DA27EECF-558C-D390-7112-31A961279F88
20.06.26 15:43:46    *SEND* for CIntegralCharsLayer, GUID=D073F2AC-92DF-84C7-2F9D-1DD60ACD790B
 End:   ===== Processing Layers =====; Timer: cpu0=0.188 wall=0.032 

20.06.26 15:43:46  ===== New Time Step =====, Iter number =  63
 Start: TimeServis
 End:   TimeServis; Timer: cpu0=0.422 wall=0.039 
 Start: User modules' functions BeforeTimeStep() are calling
 End:   User modules' functions BeforeTimeStep() are calling; Timer: cpu0=0.000 wall=0.002 
 Start: Adaptation, TotalRealCellsCount= 109812 
 End:   Adaptation; Timer: cpu0=0.000 wall=0.005 
 Start: Initialize data arrays on chips
 End:   Initialize data arrays on chips, res= 0; Timer: cpu0=0.000 wall=0.002 
  ***** Maximum Geometrical Gauss = 1.88615e-14, cell= 390:2:3:2:0
  ***** Maximum MovingSurf  Gauss = 0, cell= 
 Start: Initialize data arrays on chips
 End:   Initialize data arrays on chips, res= 0; Timer: cpu0=0.000 wall=0.003 
 Start: TimeServis
 End:   TimeServis; Timer: cpu0=0.516 wall=0.043 
 Start: FindEnclaves
 End:   FindEnclaves; Timer: cpu0=0.266 wall=0.097 
 Start: VarValueService
 End:   VarValueService; Timer: cpu0=0.000 wall=0.002 
 Start: SolvePhaseEquation 
 End:   SolvePhaseEquation ; Timer: cpu0=13.844 wall=1.626 
 Start: SolidFiltersProcess: calculate forces and moments
 End:   SolidFiltersProcess: calculate forces and moments; Timer: cpu0=0.000 wall=0.002 
 Start: PrepareDataForNextStep
 End:   PrepareDataForNextStep; Timer: cpu0=0.375 wall=0.042 
 Start: VarValueService
 End:   VarValueService; Timer: cpu0=0.000 wall=0.001 
 Start: UpdateStopperData
 End:   UpdateStopperData; Timer: cpu0=0.000 wall=0.001 
 Start: Saving text status in E:\UniFlight\flow\full_rocket10_fv\data\full_rocket10.status
 End:   Saving text status in E:\UniFlight\flow\full_rocket10_fv\data\full_rocket10.status; Timer: cpu0=0.000 wall=0.003 
 End:   ===== Time Step =====, Iter number =  63; Timer: cpu0=15.594 wall=1.935 

20.06.26 15:43:48  ===== Processing Layers =====
20.06.26 15:43:48    *SEND* for CScalarLayer, GUID=35D5BC16-A80B-49DF-A4AB-2D8A3E454FDC
 Start: ComputeVolumeCharacteristics
 End:   ComputeVolumeCharacteristics; Timer: cpu0=0.000 wall=0.004 
 Start: GetValueOnFacets
 End:   GetValueOnFacets; Timer: cpu0=0.016 wall=0.015 
20.06.26 15:43:48    *SEND* for CIntegralCharsLayer, GUID=4E090A0C-544B-E4A2-4242-BEC451D7CD2B
20.06.26 15:43:48    *SEND* for CIntegralCharsLayer, GUID=DA27EECF-558C-D390-7112-31A961279F88
20.06.26 15:43:48    *SEND* for CIntegralCharsLayer, GUID=D073F2AC-92DF-84C7-2F9D-1DD60ACD790B
 End:   ===== Processing Layers =====; Timer: cpu0=0.016 wall=0.038 

20.06.26 15:43:48  ===== New Time Step =====, Iter number =  64
 Start: TimeServis
 End:   TimeServis; Timer: cpu0=0.312 wall=0.038 
 Start: User modules' functions BeforeTimeStep() are calling
 End:   User modules' functions BeforeTimeStep() are calling; Timer: cpu0=0.000 wall=0.002 
 Start: Adaptation, TotalRealCellsCount= 109812 
 End:   Adaptation; Timer: cpu0=0.000 wall=0.005 
 Start: Initialize data arrays on chips
 End:   Initialize data arrays on chips, res= 0; Timer: cpu0=0.000 wall=0.003 
  ***** Maximum Geometrical Gauss = 1.88615e-14, cell= 390:2:3:2:0
  ***** Maximum MovingSurf  Gauss = 0, cell= 
 Start: Initialize data arrays on chips
 End:   Initialize data arrays on chips, res= 0; Timer: cpu0=0.000 wall=0.002 
 Start: TimeServis
 End:   TimeServis; Timer: cpu0=0.328 wall=0.045 
 Start: FindEnclaves
 End:   FindEnclaves; Timer: cpu0=0.094 wall=0.116 
 Start: VarValueService
 End:   VarValueService; Timer: cpu0=0.000 wall=0.001 
 Start: SolvePhaseEquation 
 End:   SolvePhaseEquation ; Timer: cpu0=13.281 wall=1.643 
 Start: SolidFiltersProcess: calculate forces and moments
 End:   SolidFiltersProcess: calculate forces and moments; Timer: cpu0=0.000 wall=0.001 
 Start: PrepareDataForNextStep
 End:   PrepareDataForNextStep; Timer: cpu0=0.328 wall=0.041 
 Start: VarValueService
 End:   VarValueService; Timer: cpu0=0.000 wall=0.001 
 Start: UpdateStopperData
 End:   UpdateStopperData; Timer: cpu0=0.000 wall=0.001 
 Start: Saving text status in E:\UniFlight\flow\full_rocket10_fv\data\full_rocket10.status
 End:   Saving text status in E:\UniFlight\flow\full_rocket10_fv\data\full_rocket10.status; Timer: cpu0=0.000 wall=0.002 
 End:   ===== Time Step =====, Iter number =  64; Timer: cpu0=14.750 wall=1.968 

20.06.26 15:43:50  ===== Processing Layers =====
20.06.26 15:43:50    *SEND* for CScalarLayer, GUID=35D5BC16-A80B-49DF-A4AB-2D8A3E454FDC
 Start: ComputeVolumeCharacteristics
 End:   ComputeVolumeCharacteristics; Timer: cpu0=0.000 wall=0.004 
 Start: GetValueOnFacets
 End:   GetValueOnFacets; Timer: cpu0=0.031 wall=0.017 
20.06.26 15:43:50    *SEND* for CIntegralCharsLayer, GUID=4E090A0C-544B-E4A2-4242-BEC451D7CD2B
20.06.26 15:43:50    *SEND* for CIntegralCharsLayer, GUID=DA27EECF-558C-D390-7112-31A961279F88
20.06.26 15:43:50    *SEND* for CIntegralCharsLayer, GUID=D073F2AC-92DF-84C7-2F9D-1DD60ACD790B
 End:   ===== Processing Layers =====; Timer: cpu0=0.031 wall=0.039 

20.06.26 15:43:50  ===== New Time Step =====, Iter number =  65
 Start: TimeServis
 End:   TimeServis; Timer: cpu0=0.344 wall=0.036 
 Start: User modules' functions BeforeTimeStep() are calling
 End:   User modules' functions BeforeTimeStep() are calling; Timer: cpu0=0.000 wall=0.001 
 Start: Adaptation, TotalRealCellsCount= 109812 
 End:   Adaptation; Timer: cpu0=0.172 wall=0.005 
 Start: Initialize data arrays on chips
 End:   Initialize data arrays on chips, res= 0; Timer: cpu0=0.000 wall=0.003 
  ***** Maximum Geometrical Gauss = 1.88615e-14, cell= 390:2:3:2:0
  ***** Maximum MovingSurf  Gauss = 0, cell= 
 Start: Initialize data arrays on chips
 End:   Initialize data arrays on chips, res= 0; Timer: cpu0=0.000 wall=0.002 
 Start: TimeServis
 End:   TimeServis; Timer: cpu0=0.500 wall=0.046 
 Start: FindEnclaves
 End:   FindEnclaves; Timer: cpu0=0.062 wall=0.094 
 Start: VarValueService
 End:   VarValueService; Timer: cpu0=0.000 wall=0.001 
 Start: SolvePhaseEquation 
 End:   SolvePhaseEquation ; Timer: cpu0=13.812 wall=1.657 
 Start: SolidFiltersProcess: calculate forces and moments
 End:   SolidFiltersProcess: calculate forces and moments; Timer: cpu0=0.000 wall=0.001 
 Start: PrepareDataForNextStep
 End:   PrepareDataForNextStep; Timer: cpu0=0.234 wall=0.043 
 Start: VarValueService
 End:   VarValueService; Timer: cpu0=0.000 wall=0.001 
 Start: UpdateStopperData
 End:   UpdateStopperData; Timer: cpu0=0.000 wall=0.001 
 Start: Saving text status in E:\UniFlight\flow\full_rocket10_fv\data\full_rocket10.status
 End:   Saving text status in E:\UniFlight\flow\full_rocket10_fv\data\full_rocket10.status; Timer: cpu0=0.016 wall=0.002 
 End:   ===== Time Step =====, Iter number =  65; Timer: cpu0=15.453 wall=1.954 

20.06.26 15:43:53  ===== Processing Layers =====
20.06.26 15:43:53    *SEND* for CScalarLayer, GUID=35D5BC16-A80B-49DF-A4AB-2D8A3E454FDC
 Start: ComputeVolumeCharacteristics
 End:   ComputeVolumeCharacteristics; Timer: cpu0=0.125 wall=0.006 
 Start: GetValueOnFacets
 End:   GetValueOnFacets; Timer: cpu0=0.125 wall=0.014 
20.06.26 15:43:53    *SEND* for CIntegralCharsLayer, GUID=4E090A0C-544B-E4A2-4242-BEC451D7CD2B
20.06.26 15:43:53    *SEND* for CIntegralCharsLayer, GUID=DA27EECF-558C-D390-7112-31A961279F88
20.06.26 15:43:53    *SEND* for CIntegralCharsLayer, GUID=D073F2AC-92DF-84C7-2F9D-1DD60ACD790B
 End:   ===== Processing Layers =====; Timer: cpu0=0.250 wall=0.036 

20.06.26 15:43:53  ===== New Time Step =====, Iter number =  66
 Start: TimeServis
 End:   TimeServis; Timer: cpu0=0.344 wall=0.039 
 Start: User modules' functions BeforeTimeStep() are calling
 End:   User modules' functions BeforeTimeStep() are calling; Timer: cpu0=0.000 wall=0.003 
 Start: Adaptation, TotalRealCellsCount= 109812 
 End:   Adaptation; Timer: cpu0=0.000 wall=0.005 
 Start: Initialize data arrays on chips
 End:   Initialize data arrays on chips, res= 0; Timer: cpu0=0.000 wall=0.002 
  ***** Maximum Geometrical Gauss = 1.88615e-14, cell= 390:2:3:2:0
  ***** Maximum MovingSurf  Gauss = 0, cell= 
 Start: Initialize data arrays on chips
 End:   Initialize data arrays on chips, res= 0; Timer: cpu0=0.000 wall=0.002 
 Start: TimeServis
 End:   TimeServis; Timer: cpu0=0.500 wall=0.048 
 Start: FindEnclaves
 End:   FindEnclaves; Timer: cpu0=0.250 wall=0.101 
 Start: VarValueService
 End:   VarValueService; Timer: cpu0=0.000 wall=0.001 
 Start: SolvePhaseEquation 
 End:   SolvePhaseEquation ; Timer: cpu0=13.297 wall=1.658 
 Start: SolidFiltersProcess: calculate forces and moments
 End:   SolidFiltersProcess: calculate forces and moments; Timer: cpu0=0.000 wall=0.002 
 Start: PrepareDataForNextStep
 End:   PrepareDataForNextStep; Timer: cpu0=0.328 wall=0.043 
 Start: VarValueService
 End:   VarValueService; Timer: cpu0=0.000 wall=0.001 
 Start: UpdateStopperData
 End:   UpdateStopperData; Timer: cpu0=0.000 wall=0.001 
 Start: Saving text status in E:\UniFlight\flow\full_rocket10_fv\data\full_rocket10.status
 End:   Saving text status in E:\UniFlight\flow\full_rocket10_fv\data\full_rocket10.status; Timer: cpu0=0.000 wall=0.003 
 End:   ===== Time Step =====, Iter number =  66; Timer: cpu0=14.828 wall=1.973 

20.06.26 15:43:55  ===== Processing Layers =====
20.06.26 15:43:55    *SEND* for CScalarLayer, GUID=35D5BC16-A80B-49DF-A4AB-2D8A3E454FDC
 Start: ComputeVolumeCharacteristics
 End:   ComputeVolumeCharacteristics; Timer: cpu0=0.172 wall=0.004 
 Start: GetValueOnFacets
 End:   GetValueOnFacets; Timer: cpu0=0.172 wall=0.016 
20.06.26 15:43:55    *SEND* for CIntegralCharsLayer, GUID=4E090A0C-544B-E4A2-4242-BEC451D7CD2B
20.06.26 15:43:55    *SEND* for CIntegralCharsLayer, GUID=DA27EECF-558C-D390-7112-31A961279F88
20.06.26 15:43:55    *SEND* for CIntegralCharsLayer, GUID=D073F2AC-92DF-84C7-2F9D-1DD60ACD790B
 End:   ===== Processing Layers =====; Timer: cpu0=0.344 wall=0.040 

20.06.26 15:43:55  ===== New Time Step =====, Iter number =  67
 Start: TimeServis
 End:   TimeServis; Timer: cpu0=0.344 wall=0.037 
 Start: User modules' functions BeforeTimeStep() are calling
 End:   User modules' functions BeforeTimeStep() are calling; Timer: cpu0=0.000 wall=0.002 
 Start: Adaptation, TotalRealCellsCount= 109812 
 End:   Adaptation; Timer: cpu0=0.000 wall=0.006 
 Start: Initialize data arrays on chips
 End:   Initialize data arrays on chips, res= 0; Timer: cpu0=0.000 wall=0.003 
  ***** Maximum Geometrical Gauss = 1.88615e-14, cell= 390:2:3:2:0
  ***** Maximum MovingSurf  Gauss = 0, cell= 
 Start: Initialize data arrays on chips
 End:   Initialize data arrays on chips, res= 0; Timer: cpu0=0.000 wall=0.002 
 Start: TimeServis
 End:   TimeServis; Timer: cpu0=0.344 wall=0.040 
 Start: FindEnclaves
 End:   FindEnclaves; Timer: cpu0=0.094 wall=0.094 
 Start: VarValueService
 End:   VarValueService; Timer: cpu0=0.000 wall=0.001 
 Start: SolvePhaseEquation 
 End:   SolvePhaseEquation ; Timer: cpu0=13.422 wall=1.644 
 Start: SolidFiltersProcess: calculate forces and moments
 End:   SolidFiltersProcess: calculate forces and moments; Timer: cpu0=0.000 wall=0.001 
 Start: PrepareDataForNextStep
 End:   PrepareDataForNextStep; Timer: cpu0=0.312 wall=0.045 
 Start: VarValueService
 End:   VarValueService; Timer: cpu0=0.000 wall=0.002 
 Start: UpdateStopperData
 End:   UpdateStopperData; Timer: cpu0=0.000 wall=0.001 
 Start: Saving text status in E:\UniFlight\flow\full_rocket10_fv\data\full_rocket10.status
 End:   Saving text status in E:\UniFlight\flow\full_rocket10_fv\data\full_rocket10.status; Timer: cpu0=0.000 wall=0.002 
 End:   ===== Time Step =====, Iter number =  67; Timer: cpu0=14.875 wall=1.943 

20.06.26 15:43:57  ===== Processing Layers =====
20.06.26 15:43:57    *SEND* for CScalarLayer, GUID=35D5BC16-A80B-49DF-A4AB-2D8A3E454FDC
 Start: ComputeVolumeCharacteristics
 End:   ComputeVolumeCharacteristics; Timer: cpu0=0.172 wall=0.004 
 Start: GetValueOnFacets
 End:   GetValueOnFacets; Timer: cpu0=0.141 wall=0.016 
20.06.26 15:43:57    *SEND* for CIntegralCharsLayer, GUID=4E090A0C-544B-E4A2-4242-BEC451D7CD2B
20.06.26 15:43:57    *SEND* for CIntegralCharsLayer, GUID=DA27EECF-558C-D390-7112-31A961279F88
20.06.26 15:43:57    *SEND* for CIntegralCharsLayer, GUID=D073F2AC-92DF-84C7-2F9D-1DD60ACD790B
 End:   ===== Processing Layers =====; Timer: cpu0=0.312 wall=0.037 

20.06.26 15:43:57  ===== New Time Step =====, Iter number =  68
 Start: TimeServis
 End:   TimeServis; Timer: cpu0=0.312 wall=0.039 
 Start: User modules' functions BeforeTimeStep() are calling
 End:   User modules' functions BeforeTimeStep() are calling; Timer: cpu0=0.000 wall=0.002 
 Start: Adaptation, TotalRealCellsCount= 109812 
 End:   Adaptation; Timer: cpu0=0.000 wall=0.005 
 Start: Initialize data arrays on chips
 End:   Initialize data arrays on chips, res= 0; Timer: cpu0=0.000 wall=0.002 
  ***** Maximum Geometrical Gauss = 1.88615e-14, cell= 390:2:3:2:0
  ***** Maximum MovingSurf  Gauss = 0, cell= 
 Start: Initialize data arrays on chips
 End:   Initialize data arrays on chips, res= 0; Timer: cpu0=0.000 wall=0.003 
 Start: TimeServis
 End:   TimeServis; Timer: cpu0=0.516 wall=0.048 
 Start: FindEnclaves
 End:   FindEnclaves; Timer: cpu0=0.078 wall=0.119 
 Start: VarValueService
 End:   VarValueService; Timer: cpu0=0.000 wall=0.001 
 Start: SolvePhaseEquation 
 End:   SolvePhaseEquation ; Timer: cpu0=13.594 wall=1.641 
 Start: SolidFiltersProcess: calculate forces and moments
 End:   SolidFiltersProcess: calculate forces and moments; Timer: cpu0=0.000 wall=0.002 
 Start: PrepareDataForNextStep
 End:   PrepareDataForNextStep; Timer: cpu0=0.234 wall=0.038 
 Start: VarValueService
 End:   VarValueService; Timer: cpu0=0.000 wall=0.001 
 Start: UpdateStopperData
 End:   UpdateStopperData; Timer: cpu0=0.000 wall=0.001 
 Start: Saving text status in E:\UniFlight\flow\full_rocket10_fv\data\full_rocket10.status
 End:   Saving text status in E:\UniFlight\flow\full_rocket10_fv\data\full_rocket10.status; Timer: cpu0=0.000 wall=0.002 
 End:   ===== Time Step =====, Iter number =  68; Timer: cpu0=15.062 wall=1.974 

20.06.26 15:43:59  ===== Processing Layers =====
20.06.26 15:43:59    *SEND* for CScalarLayer, GUID=35D5BC16-A80B-49DF-A4AB-2D8A3E454FDC
 Start: ComputeVolumeCharacteristics
 End:   ComputeVolumeCharacteristics; Timer: cpu0=0.172 wall=0.005 
 Start: GetValueOnFacets
 End:   GetValueOnFacets; Timer: cpu0=0.016 wall=0.014 
20.06.26 15:43:59    *SEND* for CIntegralCharsLayer, GUID=4E090A0C-544B-E4A2-4242-BEC451D7CD2B
20.06.26 15:43:59    *SEND* for CIntegralCharsLayer, GUID=DA27EECF-558C-D390-7112-31A961279F88
20.06.26 15:43:59    *SEND* for CIntegralCharsLayer, GUID=D073F2AC-92DF-84C7-2F9D-1DD60ACD790B
 End:   ===== Processing Layers =====; Timer: cpu0=0.188 wall=0.037 

20.06.26 15:43:59  ===== New Time Step =====, Iter number =  69
 Start: TimeServis
 End:   TimeServis; Timer: cpu0=0.344 wall=0.038 
 Start: User modules' functions BeforeTimeStep() are calling
 End:   User modules' functions BeforeTimeStep() are calling; Timer: cpu0=0.000 wall=0.003 
 Start: Adaptation, TotalRealCellsCount= 109812 
 End:   Adaptation; Timer: cpu0=0.000 wall=0.005 
 Start: Initialize data arrays on chips
 End:   Initialize data arrays on chips, res= 0; Timer: cpu0=0.000 wall=0.001 
  ***** Maximum Geometrical Gauss = 1.88615e-14, cell= 390:2:3:2:0
  ***** Maximum MovingSurf  Gauss = 0, cell= 
 Start: Initialize data arrays on chips
 End:   Initialize data arrays on chips, res= 0; Timer: cpu0=0.000 wall=0.001 
 Start: TimeServis
 End:   TimeServis; Timer: cpu0=0.328 wall=0.047 
 Start: FindEnclaves
 End:   FindEnclaves; Timer: cpu0=0.109 wall=0.111 
 Start: VarValueService
 End:   VarValueService; Timer: cpu0=0.000 wall=0.001 
 Start: SolvePhaseEquation 
 End:   SolvePhaseEquation ; Timer: cpu0=12.438 wall=1.619 
 Start: SolidFiltersProcess: calculate forces and moments
 End:   SolidFiltersProcess: calculate forces and moments; Timer: cpu0=0.000 wall=0.001 
 Start: PrepareDataForNextStep
 End:   PrepareDataForNextStep; Timer: cpu0=0.203 wall=0.041 
 Start: VarValueService
 End:   VarValueService; Timer: cpu0=0.000 wall=0.002 
 Start: UpdateStopperData
 End:   UpdateStopperData; Timer: cpu0=0.000 wall=0.001 
 Start: Saving text status in E:\UniFlight\flow\full_rocket10_fv\data\full_rocket10.status
 End:   Saving text status in E:\UniFlight\flow\full_rocket10_fv\data\full_rocket10.status; Timer: cpu0=0.000 wall=0.002 
 End:   ===== Time Step =====, Iter number =  69; Timer: cpu0=13.922 wall=1.938 

20.06.26 15:44:02  ===== Processing Layers =====
20.06.26 15:44:02    *SEND* for CScalarLayer, GUID=35D5BC16-A80B-49DF-A4AB-2D8A3E454FDC
 Start: ComputeVolumeCharacteristics
 End:   ComputeVolumeCharacteristics; Timer: cpu0=0.000 wall=0.006 
 Start: GetValueOnFacets
 End:   GetValueOnFacets; Timer: cpu0=0.016 wall=0.014 
20.06.26 15:44:02    *SEND* for CIntegralCharsLayer, GUID=4E090A0C-544B-E4A2-4242-BEC451D7CD2B
20.06.26 15:44:02    *SEND* for CIntegralCharsLayer, GUID=DA27EECF-558C-D390-7112-31A961279F88
20.06.26 15:44:02    *SEND* for CIntegralCharsLayer, GUID=D073F2AC-92DF-84C7-2F9D-1DD60ACD790B
 End:   ===== Processing Layers =====; Timer: cpu0=0.188 wall=0.037 

20.06.26 15:44:02  ===== New Time Step =====, Iter number =  70
 Start: TimeServis
 End:   TimeServis; Timer: cpu0=0.422 wall=0.037 
 Start: User modules' functions BeforeTimeStep() are calling
 End:   User modules' functions BeforeTimeStep() are calling; Timer: cpu0=0.000 wall=0.002 
 Start: Adaptation, TotalRealCellsCount= 109812 
 End:   Adaptation; Timer: cpu0=6.844 wall=0.825 
 Start: DistributeGridOnProcessors
 End:   DistributeGridOnProcessors, res= 0; Timer: cpu0=0.828 wall=0.219 
 Start: SetNeiHyperCells
 End:   SetNeiHyperCells, res= 0; Timer: cpu0=0.172 wall=0.007 
 Start: BuildFacetDistribution
 End:   BuildFacetDistribution; Timer: cpu0=0.000 wall=0.002 
 Start: Initialize data arrays on chips
 End:   Initialize data arrays on chips, res= 0; Timer: cpu0=0.000 wall=0.002 
  ***** Maximum Geometrical Gauss = 1.77043e-14, cell= 399:7:7:7:0
  ***** Maximum MovingSurf  Gauss = 1.90399e-14, cell= 34:2:2:0
 Start: Remove Small Cells
 End:   Remove Small Cells; Timer: cpu0=0.328 wall=0.022 
 Start: Initialize data arrays on chips
 End:   Initialize data arrays on chips, res= 0; Timer: cpu0=0.000 wall=0.002 
  ***** Maximum Geometrical Gauss = 1.77043e-14, cell= 399:7:7:7:0
  ***** Maximum MovingSurf  Gauss = 1.90399e-14, cell= 34:2:2:0
 Start: Initialize data arrays on chips
 End:   Initialize data arrays on chips, res= 0; Timer: cpu0=0.000 wall=0.002 
 Start: Modify Chip Data
 End:   Modify Chip Data; Timer: cpu0=0.406 wall=0.044 
 Start: TimeServis
 End:   TimeServis; Timer: cpu0=0.641 wall=0.056 
 Start: FindEnclaves
 End:   FindEnclaves; Timer: cpu0=0.266 wall=0.102 
 Start: VarValueService
 End:   VarValueService; Timer: cpu0=0.000 wall=0.002 
 Start: SolvePhaseEquation 
 End:   SolvePhaseEquation ; Timer: cpu0=13.531 wall=1.635 
 Start: SolidFiltersProcess: calculate forces and moments
 End:   SolidFiltersProcess: calculate forces and moments; Timer: cpu0=0.000 wall=0.001 
 Start: PrepareDataForNextStep
 End:   PrepareDataForNextStep; Timer: cpu0=0.312 wall=0.045 
 Start: VarValueService
 End:   VarValueService; Timer: cpu0=0.000 wall=0.001 
 Start: UpdateStopperData
 End:   UpdateStopperData; Timer: cpu0=0.000 wall=0.001 
 Start: Saving text status in E:\UniFlight\flow\full_rocket10_fv\data\full_rocket10.status
 End:   Saving text status in E:\UniFlight\flow\full_rocket10_fv\data\full_rocket10.status; Timer: cpu0=0.000 wall=0.003 
 End:   ===== Time Step =====, Iter number =  70; Timer: cpu0=24.125 wall=3.107 

20.06.26 15:44:05  ===== Processing Layers =====
20.06.26 15:44:05    *SEND* for CScalarLayer, GUID=35D5BC16-A80B-49DF-A4AB-2D8A3E454FDC
 Start: ComputeVolumeCharacteristics
 End:   ComputeVolumeCharacteristics; Timer: cpu0=0.141 wall=0.004 
 Start: GetValueOnFacets
 End:   GetValueOnFacets; Timer: cpu0=0.156 wall=0.014 
20.06.26 15:44:05    *SEND* for CIntegralCharsLayer, GUID=4E090A0C-544B-E4A2-4242-BEC451D7CD2B
20.06.26 15:44:05    *SEND* for CIntegralCharsLayer, GUID=DA27EECF-558C-D390-7112-31A961279F88
20.06.26 15:44:05    *SEND* for CIntegralCharsLayer, GUID=D073F2AC-92DF-84C7-2F9D-1DD60ACD790B
 End:   ===== Processing Layers =====; Timer: cpu0=0.297 wall=0.038 

20.06.26 15:44:05  ===== New Time Step =====, Iter number =  71
 Start: TimeServis
 End:   TimeServis; Timer: cpu0=0.344 wall=0.036 
 Start: User modules' functions BeforeTimeStep() are calling
 End:   User modules' functions BeforeTimeStep() are calling; Timer: cpu0=0.000 wall=0.001 
 Start: Adaptation, TotalRealCellsCount= 107271 
 End:   Adaptation; Timer: cpu0=5.656 wall=0.807 
 Start: DistributeGridOnProcessors
 End:   DistributeGridOnProcessors, res= 0; Timer: cpu0=0.969 wall=0.240 
 Start: SetNeiHyperCells
 End:   SetNeiHyperCells, res= 0; Timer: cpu0=0.000 wall=0.007 
 Start: BuildFacetDistribution
 End:   BuildFacetDistribution; Timer: cpu0=0.000 wall=0.001 
 Start: Initialize data arrays on chips
 End:   Initialize data arrays on chips, res= 0; Timer: cpu0=0.000 wall=0.002 
  ***** Maximum Geometrical Gauss = 1.77043e-14, cell= 399:7:7:7:0
  ***** Maximum MovingSurf  Gauss = 1.2517e-14, cell= 696:7:2:0
 Start: Remove Small Cells
 End:   Remove Small Cells; Timer: cpu0=0.016 wall=0.022 
 Start: Initialize data arrays on chips
 End:   Initialize data arrays on chips, res= 0; Timer: cpu0=0.000 wall=0.002 
  ***** Maximum Geometrical Gauss = 1.77043e-14, cell= 399:7:7:7:0
  ***** Maximum MovingSurf  Gauss = 1.2517e-14, cell= 696:7:2:0
 Start: Initialize data arrays on chips
 End:   Initialize data arrays on chips, res= 0; Timer: cpu0=0.000 wall=0.002 
 Start: Modify Chip Data
 End:   Modify Chip Data; Timer: cpu0=0.344 wall=0.038 
 Start: TimeServis
 End:   TimeServis; Timer: cpu0=0.406 wall=0.050 
 Start: FindEnclaves
 End:   FindEnclaves; Timer: cpu0=0.078 wall=0.106 
 Start: VarValueService
 End:   VarValueService; Timer: cpu0=0.000 wall=0.001 
 Start: SolvePhaseEquation 
 End:   SolvePhaseEquation ; Timer: cpu0=13.750 wall=1.656 
 Start: SolidFiltersProcess: calculate forces and moments
 End:   SolidFiltersProcess: calculate forces and moments; Timer: cpu0=0.000 wall=0.001 
 Start: PrepareDataForNextStep
 End:   PrepareDataForNextStep; Timer: cpu0=0.328 wall=0.040 
 Start: VarValueService
 End:   VarValueService; Timer: cpu0=0.000 wall=0.001 
 Start: UpdateStopperData
 End:   UpdateStopperData; Timer: cpu0=0.000 wall=0.001 
 Start: Saving text status in E:\UniFlight\flow\full_rocket10_fv\data\full_rocket10.status
 End:   Saving text status in E:\UniFlight\flow\full_rocket10_fv\data\full_rocket10.status; Timer: cpu0=0.000 wall=0.002 
 End:   ===== Time Step =====, Iter number =  71; Timer: cpu0=22.375 wall=3.107 

20.06.26 15:44:08  ===== Processing Layers =====
20.06.26 15:44:08    *SEND* for CScalarLayer, GUID=35D5BC16-A80B-49DF-A4AB-2D8A3E454FDC
 Start: ComputeVolumeCharacteristics
 End:   ComputeVolumeCharacteristics; Timer: cpu0=0.000 wall=0.005 
 Start: GetValueOnFacets
 End:   GetValueOnFacets; Timer: cpu0=0.016 wall=0.016 
20.06.26 15:44:08    *SEND* for CIntegralCharsLayer, GUID=4E090A0C-544B-E4A2-4242-BEC451D7CD2B
20.06.26 15:44:08    *SEND* for CIntegralCharsLayer, GUID=DA27EECF-558C-D390-7112-31A961279F88
20.06.26 15:44:08    *SEND* for CIntegralCharsLayer, GUID=D073F2AC-92DF-84C7-2F9D-1DD60ACD790B
 End:   ===== Processing Layers =====; Timer: cpu0=0.016 wall=0.039 

20.06.26 15:44:08  ===== New Time Step =====, Iter number =  72
 Start: TimeServis
 End:   TimeServis; Timer: cpu0=0.344 wall=0.040 
 Start: User modules' functions BeforeTimeStep() are calling
 End:   User modules' functions BeforeTimeStep() are calling; Timer: cpu0=0.000 wall=0.002 
 Start: Adaptation, TotalRealCellsCount= 108944 
 End:   Adaptation; Timer: cpu0=0.000 wall=0.005 
 Start: Initialize data arrays on chips
 End:   Initialize data arrays on chips, res= 0; Timer: cpu0=0.000 wall=0.003 
  ***** Maximum Geometrical Gauss = 1.77043e-14, cell= 399:7:7:7:0
  ***** Maximum MovingSurf  Gauss = 0, cell= 
 Start: Initialize data arrays on chips
 End:   Initialize data arrays on chips, res= 0; Timer: cpu0=0.000 wall=0.002 
 Start: TimeServis
 End:   TimeServis; Timer: cpu0=0.469 wall=0.048 
 Start: FindEnclaves
 End:   FindEnclaves; Timer: cpu0=0.266 wall=0.100 
 Start: VarValueService
 End:   VarValueService; Timer: cpu0=0.000 wall=0.003 
 Start: SolvePhaseEquation 
 End:   SolvePhaseEquation ; Timer: cpu0=13.234 wall=1.636 
 Start: SolidFiltersProcess: calculate forces and moments
 End:   SolidFiltersProcess: calculate forces and moments; Timer: cpu0=0.000 wall=0.002 
 Start: PrepareDataForNextStep
 End:   PrepareDataForNextStep; Timer: cpu0=0.312 wall=0.075 
 Start: VarValueService
 End:   VarValueService; Timer: cpu0=0.078 wall=0.002 
 Start: UpdateStopperData
 End:   UpdateStopperData; Timer: cpu0=0.000 wall=0.001 
 Start: Saving text status in E:\UniFlight\flow\full_rocket10_fv\data\full_rocket10.status
 End:   Saving text status in E:\UniFlight\flow\full_rocket10_fv\data\full_rocket10.status; Timer: cpu0=0.000 wall=0.004 
 End:   ===== Time Step =====, Iter number =  72; Timer: cpu0=14.891 wall=2.000 

20.06.26 15:44:11  ===== Processing Layers =====
20.06.26 15:44:11    *SEND* for CScalarLayer, GUID=35D5BC16-A80B-49DF-A4AB-2D8A3E454FDC
 Start: ComputeVolumeCharacteristics
 End:   ComputeVolumeCharacteristics; Timer: cpu0=0.047 wall=0.005 
 Start: GetValueOnFacets
 End:   GetValueOnFacets; Timer: cpu0=0.109 wall=0.016 
20.06.26 15:44:11    *SEND* for CIntegralCharsLayer, GUID=4E090A0C-544B-E4A2-4242-BEC451D7CD2B
20.06.26 15:44:11    *SEND* for CIntegralCharsLayer, GUID=DA27EECF-558C-D390-7112-31A961279F88
20.06.26 15:44:11    *SEND* for CIntegralCharsLayer, GUID=D073F2AC-92DF-84C7-2F9D-1DD60ACD790B
 End:   ===== Processing Layers =====; Timer: cpu0=0.156 wall=0.040 

20.06.26 15:44:11  ===== New Time Step =====, Iter number =  73
 Start: TimeServis
 End:   TimeServis; Timer: cpu0=0.297 wall=0.038 
 Start: User modules' functions BeforeTimeStep() are calling
 End:   User modules' functions BeforeTimeStep() are calling; Timer: cpu0=0.000 wall=0.002 
 Start: Adaptation, TotalRealCellsCount= 108944 
 End:   Adaptation; Timer: cpu0=0.000 wall=0.005 
 Start: Initialize data arrays on chips
 End:   Initialize data arrays on chips, res= 0; Timer: cpu0=0.000 wall=0.003 
  ***** Maximum Geometrical Gauss = 1.77043e-14, cell= 399:7:7:7:0
  ***** Maximum MovingSurf  Gauss = 0, cell= 
 Start: Initialize data arrays on chips
 End:   Initialize data arrays on chips, res= 0; Timer: cpu0=0.172 wall=0.004 
 Start: TimeServis
 End:   TimeServis; Timer: cpu0=0.422 wall=0.044 
 Start: FindEnclaves
 End:   FindEnclaves; Timer: cpu0=0.094 wall=0.100 
 Start: VarValueService
 End:   VarValueService; Timer: cpu0=0.000 wall=0.001 
 Start: SolvePhaseEquation 
 End:   SolvePhaseEquation ; Timer: cpu0=13.281 wall=1.607 
 Start: SolidFiltersProcess: calculate forces and moments
 End:   SolidFiltersProcess: calculate forces and moments; Timer: cpu0=0.000 wall=0.001 
 Start: PrepareDataForNextStep
 End:   PrepareDataForNextStep; Timer: cpu0=0.234 wall=0.042 
 Start: VarValueService
 End:   VarValueService; Timer: cpu0=0.000 wall=0.001 
 Start: UpdateStopperData
 End:   UpdateStopperData; Timer: cpu0=0.000 wall=0.001 
 Start: Saving text status in E:\UniFlight\flow\full_rocket10_fv\data\full_rocket10.status
 End:   Saving text status in E:\UniFlight\flow\full_rocket10_fv\data\full_rocket10.status; Timer: cpu0=0.000 wall=0.002 
 End:   ===== Time Step =====, Iter number =  73; Timer: cpu0=14.656 wall=1.919 

20.06.26 15:44:13  ===== Processing Layers =====
20.06.26 15:44:13    *SEND* for CScalarLayer, GUID=35D5BC16-A80B-49DF-A4AB-2D8A3E454FDC
 Start: ComputeVolumeCharacteristics
 End:   ComputeVolumeCharacteristics; Timer: cpu0=0.000 wall=0.005 
 Start: GetValueOnFacets
 End:   GetValueOnFacets; Timer: cpu0=0.172 wall=0.013 
20.06.26 15:44:13    *SEND* for CIntegralCharsLayer, GUID=4E090A0C-544B-E4A2-4242-BEC451D7CD2B
20.06.26 15:44:13    *SEND* for CIntegralCharsLayer, GUID=DA27EECF-558C-D390-7112-31A961279F88
20.06.26 15:44:13    *SEND* for CIntegralCharsLayer, GUID=D073F2AC-92DF-84C7-2F9D-1DD60ACD790B
 End:   ===== Processing Layers =====; Timer: cpu0=0.344 wall=0.035 

20.06.26 15:44:13  ===== New Time Step =====, Iter number =  74
 Start: TimeServis
 End:   TimeServis; Timer: cpu0=0.328 wall=0.037 
 Start: User modules' functions BeforeTimeStep() are calling
 End:   User modules' functions BeforeTimeStep() are calling; Timer: cpu0=0.000 wall=0.003 
 Start: Adaptation, TotalRealCellsCount= 108944 
 End:   Adaptation; Timer: cpu0=0.000 wall=0.006 
 Start: Initialize data arrays on chips
 End:   Initialize data arrays on chips, res= 0; Timer: cpu0=0.000 wall=0.002 
  ***** Maximum Geometrical Gauss = 1.77043e-14, cell= 399:7:7:7:0
  ***** Maximum MovingSurf  Gauss = 0, cell= 
 Start: Initialize data arrays on chips
 End:   Initialize data arrays on chips, res= 0; Timer: cpu0=0.000 wall=0.002 
 Start: TimeServis
 End:   TimeServis; Timer: cpu0=0.312 wall=0.043 
 Start: FindEnclaves
 End:   FindEnclaves; Timer: cpu0=0.078 wall=0.083 
 Start: VarValueService
 End:   VarValueService; Timer: cpu0=0.000 wall=0.001 
 Start: SolvePhaseEquation 
 End:   SolvePhaseEquation ; Timer: cpu0=13.219 wall=1.633 
 Start: SolidFiltersProcess: calculate forces and moments
 End:   SolidFiltersProcess: calculate forces and moments; Timer: cpu0=0.000 wall=0.002 
 Start: PrepareDataForNextStep
 End:   PrepareDataForNextStep; Timer: cpu0=0.516 wall=0.041 
 Start: VarValueService
 End:   VarValueService; Timer: cpu0=0.000 wall=0.002 
 Start: UpdateStopperData
 End:   UpdateStopperData; Timer: cpu0=0.000 wall=0.001 
 Start: Saving text status in E:\UniFlight\flow\full_rocket10_fv\data\full_rocket10.status
 End:   Saving text status in E:\UniFlight\flow\full_rocket10_fv\data\full_rocket10.status; Timer: cpu0=0.000 wall=0.002 
 End:   ===== Time Step =====, Iter number =  74; Timer: cpu0=14.797 wall=1.918 

20.06.26 15:44:15  ===== Processing Layers =====
20.06.26 15:44:15    *SEND* for CScalarLayer, GUID=35D5BC16-A80B-49DF-A4AB-2D8A3E454FDC
 Start: ComputeVolumeCharacteristics
 End:   ComputeVolumeCharacteristics; Timer: cpu0=0.000 wall=0.005 
 Start: GetValueOnFacets
 End:   GetValueOnFacets; Timer: cpu0=0.016 wall=0.017 
20.06.26 15:44:15    *SEND* for CIntegralCharsLayer, GUID=4E090A0C-544B-E4A2-4242-BEC451D7CD2B
20.06.26 15:44:15    *SEND* for CIntegralCharsLayer, GUID=DA27EECF-558C-D390-7112-31A961279F88
20.06.26 15:44:15    *SEND* for CIntegralCharsLayer, GUID=D073F2AC-92DF-84C7-2F9D-1DD60ACD790B
 End:   ===== Processing Layers =====; Timer: cpu0=0.188 wall=0.037 

20.06.26 15:44:15  ===== New Time Step =====, Iter number =  75
 Start: TimeServis
 End:   TimeServis; Timer: cpu0=0.453 wall=0.038 
 Start: User modules' functions BeforeTimeStep() are calling
 End:   User modules' functions BeforeTimeStep() are calling; Timer: cpu0=0.000 wall=0.002 
 Start: Adaptation, TotalRealCellsCount= 108944 
 End:   Adaptation; Timer: cpu0=0.000 wall=0.005 
 Start: Initialize data arrays on chips
 End:   Initialize data arrays on chips, res= 0; Timer: cpu0=0.000 wall=0.001 
  ***** Maximum Geometrical Gauss = 1.77043e-14, cell= 399:7:7:7:0
  ***** Maximum MovingSurf  Gauss = 0, cell= 
 Start: Initialize data arrays on chips
 End:   Initialize data arrays on chips, res= 0; Timer: cpu0=0.000 wall=0.002 
 Start: TimeServis
 End:   TimeServis; Timer: cpu0=0.359 wall=0.045 
 Start: FindEnclaves
 End:   FindEnclaves; Timer: cpu0=0.109 wall=0.109 
 Start: VarValueService
 End:   VarValueService; Timer: cpu0=0.000 wall=0.002 
 Start: SolvePhaseEquation 
 End:   SolvePhaseEquation ; Timer: cpu0=12.375 wall=1.616 
 Start: SolidFiltersProcess: calculate forces and moments
 End:   SolidFiltersProcess: calculate forces and moments; Timer: cpu0=0.000 wall=0.001 
 Start: PrepareDataForNextStep
 End:   PrepareDataForNextStep; Timer: cpu0=0.406 wall=0.044 
 Start: VarValueService
 End:   VarValueService; Timer: cpu0=0.000 wall=0.002 
 Start: UpdateStopperData
 End:   UpdateStopperData; Timer: cpu0=0.000 wall=0.001 
 Start: Saving text status in E:\UniFlight\flow\full_rocket10_fv\data\full_rocket10.status
 End:   Saving text status in E:\UniFlight\flow\full_rocket10_fv\data\full_rocket10.status; Timer: cpu0=0.000 wall=0.002 
 End:   ===== Time Step =====, Iter number =  75; Timer: cpu0=13.875 wall=1.933 

20.06.26 15:44:17  ===== Processing Layers =====
20.06.26 15:44:17    *SEND* for CScalarLayer, GUID=35D5BC16-A80B-49DF-A4AB-2D8A3E454FDC
 Start: ComputeVolumeCharacteristics
 End:   ComputeVolumeCharacteristics; Timer: cpu0=0.000 wall=0.006 
 Start: GetValueOnFacets
 End:   GetValueOnFacets; Timer: cpu0=0.016 wall=0.019 
20.06.26 15:44:17    *SEND* for CIntegralCharsLayer, GUID=4E090A0C-544B-E4A2-4242-BEC451D7CD2B
20.06.26 15:44:17    *SEND* for CIntegralCharsLayer, GUID=DA27EECF-558C-D390-7112-31A961279F88
20.06.26 15:44:17    *SEND* for CIntegralCharsLayer, GUID=D073F2AC-92DF-84C7-2F9D-1DD60ACD790B
 End:   ===== Processing Layers =====; Timer: cpu0=0.016 wall=0.046 

20.06.26 15:44:17  ===== New Time Step =====, Iter number =  76
 Start: TimeServis
 End:   TimeServis; Timer: cpu0=0.391 wall=0.039 
 Start: User modules' functions BeforeTimeStep() are calling
 End:   User modules' functions BeforeTimeStep() are calling; Timer: cpu0=0.000 wall=0.005 
 Start: Adaptation, TotalRealCellsCount= 108944 
 End:   Adaptation; Timer: cpu0=0.125 wall=0.004 
 Start: Initialize data arrays on chips
 End:   Initialize data arrays on chips, res= 0; Timer: cpu0=0.000 wall=0.003 
  ***** Maximum Geometrical Gauss = 1.77043e-14, cell= 399:7:7:7:0
  ***** Maximum MovingSurf  Gauss = 0, cell= 
 Start: Initialize data arrays on chips
 End:   Initialize data arrays on chips, res= 0; Timer: cpu0=0.000 wall=0.002 
 Start: TimeServis
 End:   TimeServis; Timer: cpu0=0.531 wall=0.050 
 Start: FindEnclaves
 End:   FindEnclaves; Timer: cpu0=0.094 wall=0.098 
 Start: VarValueService
 End:   VarValueService; Timer: cpu0=0.000 wall=0.002 
 Start: SolvePhaseEquation 
 End:   SolvePhaseEquation ; Timer: cpu0=14.047 wall=2.089 
 Start: SolidFiltersProcess: calculate forces and moments
 End:   SolidFiltersProcess: calculate forces and moments; Timer: cpu0=0.000 wall=0.002 
 Start: PrepareDataForNextStep
 End:   PrepareDataForNextStep; Timer: cpu0=0.375 wall=0.047 
 Start: VarValueService
 End:   VarValueService; Timer: cpu0=0.000 wall=0.001 
 Start: UpdateStopperData
 End:   UpdateStopperData; Timer: cpu0=0.000 wall=0.001 
 Start: Saving text status in E:\UniFlight\flow\full_rocket10_fv\data\full_rocket10.status
 End:   Saving text status in E:\UniFlight\flow\full_rocket10_fv\data\full_rocket10.status; Timer: cpu0=0.000 wall=0.002 
 End:   ===== Time Step =====, Iter number =  76; Timer: cpu0=15.875 wall=2.421 

20.06.26 15:44:20  ===== Processing Layers =====
20.06.26 15:44:20    *SEND* for CScalarLayer, GUID=35D5BC16-A80B-49DF-A4AB-2D8A3E454FDC
 Start: ComputeVolumeCharacteristics
 End:   ComputeVolumeCharacteristics; Timer: cpu0=0.000 wall=0.005 
 Start: GetValueOnFacets
 End:   GetValueOnFacets; Timer: cpu0=0.016 wall=0.017 
20.06.26 15:44:20    *SEND* for CIntegralCharsLayer, GUID=4E090A0C-544B-E4A2-4242-BEC451D7CD2B
20.06.26 15:44:20    *SEND* for CIntegralCharsLayer, GUID=DA27EECF-558C-D390-7112-31A961279F88
20.06.26 15:44:20    *SEND* for CIntegralCharsLayer, GUID=D073F2AC-92DF-84C7-2F9D-1DD60ACD790B
 End:   ===== Processing Layers =====; Timer: cpu0=0.016 wall=0.042 

20.06.26 15:44:20  ===== New Time Step =====, Iter number =  77
 Start: TimeServis
 End:   TimeServis; Timer: cpu0=0.328 wall=0.045 
 Start: User modules' functions BeforeTimeStep() are calling
 End:   User modules' functions BeforeTimeStep() are calling; Timer: cpu0=0.000 wall=0.002 
 Start: Adaptation, TotalRealCellsCount= 108944 
 End:   Adaptation; Timer: cpu0=0.016 wall=0.007 
 Start: Initialize data arrays on chips
 End:   Initialize data arrays on chips, res= 0; Timer: cpu0=0.000 wall=0.002 
  ***** Maximum Geometrical Gauss = 1.77043e-14, cell= 399:7:7:7:0
  ***** Maximum MovingSurf  Gauss = 0, cell= 
 Start: Initialize data arrays on chips
 End:   Initialize data arrays on chips, res= 0; Timer: cpu0=0.000 wall=0.002 
 Start: TimeServis
 End:   TimeServis; Timer: cpu0=0.484 wall=0.070 
 Start: FindEnclaves
 End:   FindEnclaves; Timer: cpu0=0.172 wall=0.116 
 Start: VarValueService
 End:   VarValueService; Timer: cpu0=0.000 wall=0.002 
 Start: SolvePhaseEquation 
 End:   SolvePhaseEquation ; Timer: cpu0=16.906 wall=2.207 
 Start: SolidFiltersProcess: calculate forces and moments
 End:   SolidFiltersProcess: calculate forces and moments; Timer: cpu0=0.000 wall=0.001 
 Start: PrepareDataForNextStep
 End:   PrepareDataForNextStep; Timer: cpu0=0.469 wall=0.052 
 Start: VarValueService
 End:   VarValueService; Timer: cpu0=0.000 wall=0.002 
 Start: UpdateStopperData
 End:   UpdateStopperData; Timer: cpu0=0.000 wall=0.001 
 Start: Saving text status in E:\UniFlight\flow\full_rocket10_fv\data\full_rocket10.status
 End:   Saving text status in E:\UniFlight\flow\full_rocket10_fv\data\full_rocket10.status; Timer: cpu0=0.000 wall=0.002 
 End:   ===== Time Step =====, Iter number =  77; Timer: cpu0=18.672 wall=2.599 

20.06.26 15:44:23  ===== Processing Layers =====
20.06.26 15:44:23    *SEND* for CScalarLayer, GUID=35D5BC16-A80B-49DF-A4AB-2D8A3E454FDC
 Start: ComputeVolumeCharacteristics
 End:   ComputeVolumeCharacteristics; Timer: cpu0=0.047 wall=0.005 
 Start: GetValueOnFacets
 End:   GetValueOnFacets; Timer: cpu0=0.031 wall=0.031 
20.06.26 15:44:23    *SEND* for CIntegralCharsLayer, GUID=4E090A0C-544B-E4A2-4242-BEC451D7CD2B
20.06.26 15:44:23    *SEND* for CIntegralCharsLayer, GUID=DA27EECF-558C-D390-7112-31A961279F88
20.06.26 15:44:23    *SEND* for CIntegralCharsLayer, GUID=D073F2AC-92DF-84C7-2F9D-1DD60ACD790B
 End:   ===== Processing Layers =====; Timer: cpu0=0.078 wall=0.063 

20.06.26 15:44:23  ===== New Time Step =====, Iter number =  78
 Start: TimeServis
 End:   TimeServis; Timer: cpu0=0.500 wall=0.057 
 Start: User modules' functions BeforeTimeStep() are calling
 End:   User modules' functions BeforeTimeStep() are calling; Timer: cpu0=0.000 wall=0.002 
 Start: Adaptation, TotalRealCellsCount= 108944 
 End:   Adaptation; Timer: cpu0=0.000 wall=0.006 
 Start: Initialize data arrays on chips
 End:   Initialize data arrays on chips, res= 0; Timer: cpu0=0.000 wall=0.003 
  ***** Maximum Geometrical Gauss = 1.77043e-14, cell= 399:7:7:7:0
  ***** Maximum MovingSurf  Gauss = 0, cell= 
 Start: Initialize data arrays on chips
 End:   Initialize data arrays on chips, res= 0; Timer: cpu0=0.000 wall=0.004 
 Start: TimeServis
 End:   TimeServis; Timer: cpu0=0.469 wall=0.055 
 Start: FindEnclaves
 End:   FindEnclaves; Timer: cpu0=0.125 wall=0.127 
 Start: VarValueService
 End:   VarValueService; Timer: cpu0=0.000 wall=0.002 
 Start: SolvePhaseEquation 
 End:   SolvePhaseEquation ; Timer: cpu0=14.922 wall=1.914 
 Start: SolidFiltersProcess: calculate forces and moments
 End:   SolidFiltersProcess: calculate forces and moments; Timer: cpu0=0.000 wall=0.003 
 Start: PrepareDataForNextStep
 End:   PrepareDataForNextStep; Timer: cpu0=0.578 wall=0.086 
 Start: VarValueService
 End:   VarValueService; Timer: cpu0=0.000 wall=0.003 
 Start: UpdateStopperData
 End:   UpdateStopperData; Timer: cpu0=0.000 wall=0.002 
 Start: Saving text status in E:\UniFlight\flow\full_rocket10_fv\data\full_rocket10.status
 End:   Saving text status in E:\UniFlight\flow\full_rocket10_fv\data\full_rocket10.status; Timer: cpu0=0.000 wall=0.003 
 End:   ===== Time Step =====, Iter number =  78; Timer: cpu0=17.094 wall=2.354 

20.06.26 15:44:26  ===== Processing Layers =====
20.06.26 15:44:26    *SEND* for CScalarLayer, GUID=35D5BC16-A80B-49DF-A4AB-2D8A3E454FDC
 Start: ComputeVolumeCharacteristics
 End:   ComputeVolumeCharacteristics; Timer: cpu0=0.156 wall=0.005 
 Start: GetValueOnFacets
 End:   GetValueOnFacets; Timer: cpu0=0.172 wall=0.016 
20.06.26 15:44:26    *SEND* for CIntegralCharsLayer, GUID=4E090A0C-544B-E4A2-4242-BEC451D7CD2B
20.06.26 15:44:26    *SEND* for CIntegralCharsLayer, GUID=DA27EECF-558C-D390-7112-31A961279F88
20.06.26 15:44:26    *SEND* for CIntegralCharsLayer, GUID=D073F2AC-92DF-84C7-2F9D-1DD60ACD790B
 End:   ===== Processing Layers =====; Timer: cpu0=0.328 wall=0.045 

20.06.26 15:44:26  ===== New Time Step =====, Iter number =  79
 Start: TimeServis
 End:   TimeServis; Timer: cpu0=0.266 wall=0.039 
 Start: User modules' functions BeforeTimeStep() are calling
 End:   User modules' functions BeforeTimeStep() are calling; Timer: cpu0=0.000 wall=0.003 
 Start: Adaptation, TotalRealCellsCount= 108944 
 End:   Adaptation; Timer: cpu0=0.000 wall=0.004 
 Start: Initialize data arrays on chips
 End:   Initialize data arrays on chips, res= 0; Timer: cpu0=0.000 wall=0.002 
  ***** Maximum Geometrical Gauss = 1.77043e-14, cell= 399:7:7:7:0
  ***** Maximum MovingSurf  Gauss = 0, cell= 
 Start: Initialize data arrays on chips
 End:   Initialize data arrays on chips, res= 0; Timer: cpu0=0.141 wall=0.003 
 Start: TimeServis
 End:   TimeServis; Timer: cpu0=0.609 wall=0.062 
 Start: FindEnclaves
 End:   FindEnclaves; Timer: cpu0=0.109 wall=0.117 
 Start: VarValueService
 End:   VarValueService; Timer: cpu0=0.000 wall=0.002 
 Start: SolvePhaseEquation 
 End:   SolvePhaseEquation ; Timer: cpu0=13.656 wall=1.816 
 Start: SolidFiltersProcess: calculate forces and moments
 End:   SolidFiltersProcess: calculate forces and moments; Timer: cpu0=0.000 wall=0.002 
 Start: PrepareDataForNextStep
 End:   PrepareDataForNextStep; Timer: cpu0=0.578 wall=0.051 
 Start: VarValueService
 End:   VarValueService; Timer: cpu0=0.000 wall=0.002 
 Start: UpdateStopperData
 End:   UpdateStopperData; Timer: cpu0=0.000 wall=0.001 
 Start: Saving text status in E:\UniFlight\flow\full_rocket10_fv\data\full_rocket10.status
 End:   Saving text status in E:\UniFlight\flow\full_rocket10_fv\data\full_rocket10.status; Timer: cpu0=0.000 wall=0.003 
 End:   ===== Time Step =====, Iter number =  79; Timer: cpu0=15.688 wall=2.186 

20.06.26 15:44:28  ===== Processing Layers =====
20.06.26 15:44:28    *SEND* for CScalarLayer, GUID=35D5BC16-A80B-49DF-A4AB-2D8A3E454FDC
 Start: ComputeVolumeCharacteristics
 End:   ComputeVolumeCharacteristics; Timer: cpu0=0.000 wall=0.004 
 Start: GetValueOnFacets
 End:   GetValueOnFacets; Timer: cpu0=0.016 wall=0.018 
20.06.26 15:44:28    *SEND* for CIntegralCharsLayer, GUID=4E090A0C-544B-E4A2-4242-BEC451D7CD2B
20.06.26 15:44:28    *SEND* for CIntegralCharsLayer, GUID=DA27EECF-558C-D390-7112-31A961279F88
20.06.26 15:44:28    *SEND* for CIntegralCharsLayer, GUID=D073F2AC-92DF-84C7-2F9D-1DD60ACD790B
 End:   ===== Processing Layers =====; Timer: cpu0=0.188 wall=0.039 

20.06.26 15:44:28  ===== New Time Step =====, Iter number =  80
 Start: TimeServis
 End:   TimeServis; Timer: cpu0=0.422 wall=0.041 
 Start: User modules' functions BeforeTimeStep() are calling
 End:   User modules' functions BeforeTimeStep() are calling; Timer: cpu0=0.000 wall=0.003 
 Start: Adaptation, TotalRealCellsCount= 108944 
 End:   Adaptation; Timer: cpu0=6.719 wall=0.933 
 Start: DistributeGridOnProcessors
 End:   DistributeGridOnProcessors, res= 0; Timer: cpu0=1.094 wall=0.226 
 Start: SetNeiHyperCells
 End:   SetNeiHyperCells, res= 0; Timer: cpu0=0.000 wall=0.008 
 Start: BuildFacetDistribution
 End:   BuildFacetDistribution; Timer: cpu0=0.000 wall=0.003 
 Start: Initialize data arrays on chips
 End:   Initialize data arrays on chips, res= 0; Timer: cpu0=0.000 wall=0.002 
  ***** Maximum Geometrical Gauss = 1.88615e-14, cell= 499:3:2:6:0
  ***** Maximum MovingSurf  Gauss = 4.19583e-14, cell= 44:0:0:0
 Start: Remove Small Cells
 End:   Remove Small Cells; Timer: cpu0=0.141 wall=0.023 
 Start: Initialize data arrays on chips
 End:   Initialize data arrays on chips, res= 0; Timer: cpu0=0.172 wall=0.003 
  ***** Maximum Geometrical Gauss = 1.88615e-14, cell= 499:3:2:6:0
  ***** Maximum MovingSurf  Gauss = 4.19583e-14, cell= 44:0:0:0
 Start: Initialize data arrays on chips
 End:   Initialize data arrays on chips, res= 0; Timer: cpu0=0.000 wall=0.002 
 Start: Modify Chip Data
 End:   Modify Chip Data; Timer: cpu0=0.516 wall=0.042 
 Start: TimeServis
 End:   TimeServis; Timer: cpu0=0.516 wall=0.057 
 Start: FindEnclaves
 End:   FindEnclaves; Timer: cpu0=0.109 wall=0.106 
 Start: VarValueService
 End:   VarValueService; Timer: cpu0=0.000 wall=0.002 
 Start: SolvePhaseEquation 
 End:   SolvePhaseEquation ; Timer: cpu0=14.203 wall=1.704 
 Start: SolidFiltersProcess: calculate forces and moments
 End:   SolidFiltersProcess: calculate forces and moments; Timer: cpu0=0.000 wall=0.002 
 Start: PrepareDataForNextStep
 End:   PrepareDataForNextStep; Timer: cpu0=0.203 wall=0.046 
 Start: VarValueService
 End:   VarValueService; Timer: cpu0=0.000 wall=0.002 
 Start: UpdateStopperData
 End:   UpdateStopperData; Timer: cpu0=0.000 wall=0.001 
 Start: Saving text status in E:\UniFlight\flow\full_rocket10_fv\data\full_rocket10.status
 End:   Saving text status in E:\UniFlight\flow\full_rocket10_fv\data\full_rocket10.status; Timer: cpu0=0.000 wall=0.002 
 End:   ===== Time Step =====, Iter number =  80; Timer: cpu0=24.516 wall=3.296 

20.06.26 15:44:32  ===== Processing Layers =====
20.06.26 15:44:32    *SEND* for CScalarLayer, GUID=35D5BC16-A80B-49DF-A4AB-2D8A3E454FDC
 Start: ComputeVolumeCharacteristics
 End:   ComputeVolumeCharacteristics; Timer: cpu0=0.000 wall=0.005 
 Start: GetValueOnFacets
 End:   GetValueOnFacets; Timer: cpu0=0.016 wall=0.013 
20.06.26 15:44:32    *SEND* for CIntegralCharsLayer, GUID=4E090A0C-544B-E4A2-4242-BEC451D7CD2B
20.06.26 15:44:32    *SEND* for CIntegralCharsLayer, GUID=DA27EECF-558C-D390-7112-31A961279F88
20.06.26 15:44:32    *SEND* for CIntegralCharsLayer, GUID=D073F2AC-92DF-84C7-2F9D-1DD60ACD790B
 End:   ===== Processing Layers =====; Timer: cpu0=0.016 wall=0.034 

20.06.26 15:44:32  ===== New Time Step =====, Iter number =  81
 Start: TimeServis
 End:   TimeServis; Timer: cpu0=0.312 wall=0.039 
 Start: User modules' functions BeforeTimeStep() are calling
 End:   User modules' functions BeforeTimeStep() are calling; Timer: cpu0=0.000 wall=0.003 
 Start: Adaptation, TotalRealCellsCount= 108958 
 End:   Adaptation; Timer: cpu0=6.391 wall=0.830 
 Start: DistributeGridOnProcessors
 End:   DistributeGridOnProcessors, res= 0; Timer: cpu0=0.844 wall=0.218 
 Start: SetNeiHyperCells
 End:   SetNeiHyperCells, res= 0; Timer: cpu0=0.000 wall=0.008 
 Start: BuildFacetDistribution
 End:   BuildFacetDistribution; Timer: cpu0=0.000 wall=0.002 
 Start: Initialize data arrays on chips
 End:   Initialize data arrays on chips, res= 0; Timer: cpu0=0.000 wall=0.003 
  ***** Maximum Geometrical Gauss = 1.88615e-14, cell= 499:3:2:6:0
  ***** Maximum MovingSurf  Gauss = 4.19583e-14, cell= 44:0:0:0:0
 Start: Remove Small Cells
 End:   Remove Small Cells; Timer: cpu0=0.156 wall=0.021 
 Start: Initialize data arrays on chips
 End:   Initialize data arrays on chips, res= 0; Timer: cpu0=0.000 wall=0.003 
  ***** Maximum Geometrical Gauss = 1.88615e-14, cell= 499:3:2:6:0
  ***** Maximum MovingSurf  Gauss = 4.19583e-14, cell= 44:0:0:0:0
 Start: Initialize data arrays on chips
 End:   Initialize data arrays on chips, res= 0; Timer: cpu0=0.172 wall=0.002 
 Start: Modify Chip Data
 End:   Modify Chip Data; Timer: cpu0=0.391 wall=0.044 
 Start: TimeServis
 End:   TimeServis; Timer: cpu0=0.656 wall=0.057 
 Start: FindEnclaves
 End:   FindEnclaves; Timer: cpu0=0.266 wall=0.115 
 Start: VarValueService
 End:   VarValueService; Timer: cpu0=0.000 wall=0.001 
 Start: SolvePhaseEquation 
 End:   SolvePhaseEquation ; Timer: cpu0=14.359 wall=1.846 
 Start: SolidFiltersProcess: calculate forces and moments
 End:   SolidFiltersProcess: calculate forces and moments; Timer: cpu0=0.000 wall=0.001 
 Start: PrepareDataForNextStep
 End:   PrepareDataForNextStep; Timer: cpu0=0.328 wall=0.046 
 Start: VarValueService
 End:   VarValueService; Timer: cpu0=0.000 wall=0.001 
 Start: UpdateStopperData
 End:   UpdateStopperData; Timer: cpu0=0.000 wall=0.001 
 Start: Saving text status in E:\UniFlight\flow\full_rocket10_fv\data\full_rocket10.status
 End:   Saving text status in E:\UniFlight\flow\full_rocket10_fv\data\full_rocket10.status; Timer: cpu0=0.000 wall=0.002 
 End:   ===== Time Step =====, Iter number =  81; Timer: cpu0=24.219 wall=3.336 

20.06.26 15:44:35  ===== Processing Layers =====
20.06.26 15:44:35    *SEND* for CScalarLayer, GUID=35D5BC16-A80B-49DF-A4AB-2D8A3E454FDC
 Start: ComputeVolumeCharacteristics
 End:   ComputeVolumeCharacteristics; Timer: cpu0=0.000 wall=0.006 
 Start: GetValueOnFacets
 End:   GetValueOnFacets; Timer: cpu0=0.016 wall=0.019 
20.06.26 15:44:35    *SEND* for CIntegralCharsLayer, GUID=4E090A0C-544B-E4A2-4242-BEC451D7CD2B
20.06.26 15:44:35    *SEND* for CIntegralCharsLayer, GUID=DA27EECF-558C-D390-7112-31A961279F88
20.06.26 15:44:35    *SEND* for CIntegralCharsLayer, GUID=D073F2AC-92DF-84C7-2F9D-1DD60ACD790B
 End:   ===== Processing Layers =====; Timer: cpu0=0.016 wall=0.049 

20.06.26 15:44:35  ===== New Time Step =====, Iter number =  82
 Start: TimeServis
 End:   TimeServis; Timer: cpu0=0.312 wall=0.042 
 Start: User modules' functions BeforeTimeStep() are calling
 End:   User modules' functions BeforeTimeStep() are calling; Timer: cpu0=0.000 wall=0.003 
 Start: Adaptation, TotalRealCellsCount= 109651 
 End:   Adaptation; Timer: cpu0=0.000 wall=0.005 
 Start: Initialize data arrays on chips
 End:   Initialize data arrays on chips, res= 0; Timer: cpu0=0.000 wall=0.002 
  ***** Maximum Geometrical Gauss = 1.88615e-14, cell= 499:3:2:6:0
  ***** Maximum MovingSurf  Gauss = 0, cell= 
 Start: Initialize data arrays on chips
 End:   Initialize data arrays on chips, res= 0; Timer: cpu0=0.000 wall=0.002 
 Start: TimeServis
 End:   TimeServis; Timer: cpu0=0.250 wall=0.047 
 Start: FindEnclaves
 End:   FindEnclaves; Timer: cpu0=0.094 wall=0.095 
 Start: VarValueService
 End:   VarValueService; Timer: cpu0=0.000 wall=0.001 
 Start: SolvePhaseEquation 
 End:   SolvePhaseEquation ; Timer: cpu0=13.688 wall=1.621 
 Start: SolidFiltersProcess: calculate forces and moments
 End:   SolidFiltersProcess: calculate forces and moments; Timer: cpu0=0.000 wall=0.002 
 Start: PrepareDataForNextStep
 End:   PrepareDataForNextStep; Timer: cpu0=0.344 wall=0.045 
 Start: VarValueService
 End:   VarValueService; Timer: cpu0=0.000 wall=0.001 
 Start: UpdateStopperData
 End:   UpdateStopperData; Timer: cpu0=0.000 wall=0.001 
 Start: Saving text status in E:\UniFlight\flow\full_rocket10_fv\data\full_rocket10.status
 End:   Saving text status in E:\UniFlight\flow\full_rocket10_fv\data\full_rocket10.status; Timer: cpu0=0.000 wall=0.002 
 End:   ===== Time Step =====, Iter number =  82; Timer: cpu0=14.984 wall=1.942 

20.06.26 15:44:38  ===== Processing Layers =====
20.06.26 15:44:38    *SEND* for CScalarLayer, GUID=35D5BC16-A80B-49DF-A4AB-2D8A3E454FDC
 Start: ComputeVolumeCharacteristics
 End:   ComputeVolumeCharacteristics; Timer: cpu0=0.000 wall=0.005 
 Start: GetValueOnFacets
 End:   GetValueOnFacets; Timer: cpu0=0.000 wall=0.013 
20.06.26 15:44:38    *SEND* for CIntegralCharsLayer, GUID=4E090A0C-544B-E4A2-4242-BEC451D7CD2B
20.06.26 15:44:38    *SEND* for CIntegralCharsLayer, GUID=DA27EECF-558C-D390-7112-31A961279F88
20.06.26 15:44:38    *SEND* for CIntegralCharsLayer, GUID=D073F2AC-92DF-84C7-2F9D-1DD60ACD790B
 End:   ===== Processing Layers =====; Timer: cpu0=0.172 wall=0.035 

20.06.26 15:44:38  ===== New Time Step =====, Iter number =  83
 Start: TimeServis
 End:   TimeServis; Timer: cpu0=0.438 wall=0.038 
 Start: User modules' functions BeforeTimeStep() are calling
 End:   User modules' functions BeforeTimeStep() are calling; Timer: cpu0=0.000 wall=0.002 
 Start: Adaptation, TotalRealCellsCount= 109651 
 End:   Adaptation; Timer: cpu0=0.000 wall=0.005 
 Start: Initialize data arrays on chips
 End:   Initialize data arrays on chips, res= 0; Timer: cpu0=0.000 wall=0.002 
  ***** Maximum Geometrical Gauss = 1.88615e-14, cell= 499:3:2:6:0
  ***** Maximum MovingSurf  Gauss = 0, cell= 
 Start: Initialize data arrays on chips
 End:   Initialize data arrays on chips, res= 0; Timer: cpu0=0.000 wall=0.003 
 Start: TimeServis
 End:   TimeServis; Timer: cpu0=0.453 wall=0.041 
 Start: FindEnclaves
 End:   FindEnclaves; Timer: cpu0=0.078 wall=0.095 
 Start: VarValueService
 End:   VarValueService; Timer: cpu0=0.000 wall=0.002 
 Start: SolvePhaseEquation 
 End:   SolvePhaseEquation ; Timer: cpu0=13.312 wall=1.637 
 Start: SolidFiltersProcess: calculate forces and moments
 End:   SolidFiltersProcess: calculate forces and moments; Timer: cpu0=0.016 wall=0.002 
 Start: PrepareDataForNextStep
 End:   PrepareDataForNextStep; Timer: cpu0=0.250 wall=0.045 
 Start: VarValueService
 End:   VarValueService; Timer: cpu0=0.000 wall=0.002 
 Start: UpdateStopperData
 End:   UpdateStopperData; Timer: cpu0=0.000 wall=0.001 
 Start: Saving text status in E:\UniFlight\flow\full_rocket10_fv\data\full_rocket10.status
 End:   Saving text status in E:\UniFlight\flow\full_rocket10_fv\data\full_rocket10.status; Timer: cpu0=0.000 wall=0.002 
 End:   ===== Time Step =====, Iter number =  83; Timer: cpu0=14.719 wall=1.942 

20.06.26 15:44:40  ===== Processing Layers =====
20.06.26 15:44:40    *SEND* for CScalarLayer, GUID=35D5BC16-A80B-49DF-A4AB-2D8A3E454FDC
 Start: ComputeVolumeCharacteristics
 End:   ComputeVolumeCharacteristics; Timer: cpu0=0.000 wall=0.005 
 Start: GetValueOnFacets
 End:   GetValueOnFacets; Timer: cpu0=0.016 wall=0.013 
20.06.26 15:44:40    *SEND* for CIntegralCharsLayer, GUID=4E090A0C-544B-E4A2-4242-BEC451D7CD2B
20.06.26 15:44:40    *SEND* for CIntegralCharsLayer, GUID=DA27EECF-558C-D390-7112-31A961279F88
20.06.26 15:44:40    *SEND* for CIntegralCharsLayer, GUID=D073F2AC-92DF-84C7-2F9D-1DD60ACD790B
 End:   ===== Processing Layers =====; Timer: cpu0=0.188 wall=0.036 

20.06.26 15:44:40  ===== New Time Step =====, Iter number =  84
 Start: TimeServis
 End:   TimeServis; Timer: cpu0=0.453 wall=0.038 
 Start: User modules' functions BeforeTimeStep() are calling
 End:   User modules' functions BeforeTimeStep() are calling; Timer: cpu0=0.000 wall=0.002 
 Start: Adaptation, TotalRealCellsCount= 109651 
 End:   Adaptation; Timer: cpu0=0.000 wall=0.005 
 Start: Initialize data arrays on chips
 End:   Initialize data arrays on chips, res= 0; Timer: cpu0=0.000 wall=0.003 
  ***** Maximum Geometrical Gauss = 1.88615e-14, cell= 499:3:2:6:0
  ***** Maximum MovingSurf  Gauss = 0, cell= 
 Start: Initialize data arrays on chips
 End:   Initialize data arrays on chips, res= 0; Timer: cpu0=0.000 wall=0.002 
 Start: TimeServis
 End:   TimeServis; Timer: cpu0=0.312 wall=0.040 
 Start: FindEnclaves
 End:   FindEnclaves; Timer: cpu0=0.094 wall=0.094 
 Start: VarValueService
 End:   VarValueService; Timer: cpu0=0.000 wall=0.001 
 Start: SolvePhaseEquation 
 End:   SolvePhaseEquation ; Timer: cpu0=14.234 wall=1.621 
 Start: SolidFiltersProcess: calculate forces and moments
 End:   SolidFiltersProcess: calculate forces and moments; Timer: cpu0=0.000 wall=0.001 
 Start: PrepareDataForNextStep
 End:   PrepareDataForNextStep; Timer: cpu0=0.359 wall=0.043 
 Start: VarValueService
 End:   VarValueService; Timer: cpu0=0.000 wall=0.001 
 Start: UpdateStopperData
 End:   UpdateStopperData; Timer: cpu0=0.000 wall=0.001 
 Start: Saving text status in E:\UniFlight\flow\full_rocket10_fv\data\full_rocket10.status
 End:   Saving text status in E:\UniFlight\flow\full_rocket10_fv\data\full_rocket10.status; Timer: cpu0=0.000 wall=0.002 
 End:   ===== Time Step =====, Iter number =  84; Timer: cpu0=15.703 wall=1.917 

20.06.26 15:44:42  ===== Processing Layers =====
20.06.26 15:44:42    *SEND* for CScalarLayer, GUID=35D5BC16-A80B-49DF-A4AB-2D8A3E454FDC
 Start: ComputeVolumeCharacteristics
 End:   ComputeVolumeCharacteristics; Timer: cpu0=0.000 wall=0.004 
 Start: GetValueOnFacets
 End:   GetValueOnFacets; Timer: cpu0=0.141 wall=0.013 
20.06.26 15:44:42    *SEND* for CIntegralCharsLayer, GUID=4E090A0C-544B-E4A2-4242-BEC451D7CD2B
20.06.26 15:44:42    *SEND* for CIntegralCharsLayer, GUID=DA27EECF-558C-D390-7112-31A961279F88
20.06.26 15:44:42    *SEND* for CIntegralCharsLayer, GUID=D073F2AC-92DF-84C7-2F9D-1DD60ACD790B
 End:   ===== Processing Layers =====; Timer: cpu0=0.141 wall=0.035 

20.06.26 15:44:42  ===== New Time Step =====, Iter number =  85
 Start: TimeServis
 End:   TimeServis; Timer: cpu0=0.406 wall=0.039 
 Start: User modules' functions BeforeTimeStep() are calling
 End:   User modules' functions BeforeTimeStep() are calling; Timer: cpu0=0.000 wall=0.001 
 Start: Adaptation, TotalRealCellsCount= 109651 
 End:   Adaptation; Timer: cpu0=0.000 wall=0.005 
 Start: Initialize data arrays on chips
 End:   Initialize data arrays on chips, res= 0; Timer: cpu0=0.000 wall=0.001 
  ***** Maximum Geometrical Gauss = 1.88615e-14, cell= 499:3:2:6:0
  ***** Maximum MovingSurf  Gauss = 0, cell= 
 Start: Initialize data arrays on chips
 End:   Initialize data arrays on chips, res= 0; Timer: cpu0=0.172 wall=0.003 
 Start: TimeServis
 End:   TimeServis; Timer: cpu0=0.266 wall=0.038 
 Start: FindEnclaves
 End:   FindEnclaves; Timer: cpu0=0.078 wall=0.093 
 Start: VarValueService
 End:   VarValueService; Timer: cpu0=0.000 wall=0.001 
 Start: SolvePhaseEquation 
 End:   SolvePhaseEquation ; Timer: cpu0=14.031 wall=1.630 
 Start: SolidFiltersProcess: calculate forces and moments
 End:   SolidFiltersProcess: calculate forces and moments; Timer: cpu0=0.000 wall=0.001 
 Start: PrepareDataForNextStep
 End:   PrepareDataForNextStep; Timer: cpu0=0.203 wall=0.044 
 Start: VarValueService
 End:   VarValueService; Timer: cpu0=0.000 wall=0.001 
 Start: UpdateStopperData
 End:   UpdateStopperData; Timer: cpu0=0.000 wall=0.001 
 Start: Saving text status in E:\UniFlight\flow\full_rocket10_fv\data\full_rocket10.status
 End:   Saving text status in E:\UniFlight\flow\full_rocket10_fv\data\full_rocket10.status; Timer: cpu0=0.000 wall=0.002 
 End:   ===== Time Step =====, Iter number =  85; Timer: cpu0=15.359 wall=1.923 

20.06.26 15:44:44  ===== Processing Layers =====
20.06.26 15:44:44    *SEND* for CScalarLayer, GUID=35D5BC16-A80B-49DF-A4AB-2D8A3E454FDC
 Start: ComputeVolumeCharacteristics
 End:   ComputeVolumeCharacteristics; Timer: cpu0=0.000 wall=0.004 
 Start: GetValueOnFacets
 End:   GetValueOnFacets; Timer: cpu0=0.016 wall=0.016 
20.06.26 15:44:44    *SEND* for CIntegralCharsLayer, GUID=4E090A0C-544B-E4A2-4242-BEC451D7CD2B
20.06.26 15:44:44    *SEND* for CIntegralCharsLayer, GUID=DA27EECF-558C-D390-7112-31A961279F88
20.06.26 15:44:44    *SEND* for CIntegralCharsLayer, GUID=D073F2AC-92DF-84C7-2F9D-1DD60ACD790B
 End:   ===== Processing Layers =====; Timer: cpu0=0.016 wall=0.037 

20.06.26 15:44:44  ===== New Time Step =====, Iter number =  86
 Start: TimeServis
 End:   TimeServis; Timer: cpu0=0.469 wall=0.038 
 Start: User modules' functions BeforeTimeStep() are calling
 End:   User modules' functions BeforeTimeStep() are calling; Timer: cpu0=0.000 wall=0.002 
 Start: Adaptation, TotalRealCellsCount= 109651 
 End:   Adaptation; Timer: cpu0=0.031 wall=0.006 
 Start: Initialize data arrays on chips
 End:   Initialize data arrays on chips, res= 0; Timer: cpu0=0.000 wall=0.002 
  ***** Maximum Geometrical Gauss = 1.88615e-14, cell= 499:3:2:6:0
  ***** Maximum MovingSurf  Gauss = 0, cell= 
 Start: Initialize data arrays on chips
 End:   Initialize data arrays on chips, res= 0; Timer: cpu0=0.000 wall=0.003 
 Start: TimeServis
 End:   TimeServis; Timer: cpu0=0.359 wall=0.049 
 Start: FindEnclaves
 End:   FindEnclaves; Timer: cpu0=0.094 wall=0.094 
 Start: VarValueService
 End:   VarValueService; Timer: cpu0=0.000 wall=0.002 
 Start: SolvePhaseEquation 
 End:   SolvePhaseEquation ; Timer: cpu0=13.828 wall=1.616 
 Start: SolidFiltersProcess: calculate forces and moments
 End:   SolidFiltersProcess: calculate forces and moments; Timer: cpu0=0.000 wall=0.002 
 Start: PrepareDataForNextStep
 End:   PrepareDataForNextStep; Timer: cpu0=0.344 wall=0.046 
 Start: VarValueService
 End:   VarValueService; Timer: cpu0=0.000 wall=0.002 
 Start: UpdateStopperData
 End:   UpdateStopperData; Timer: cpu0=0.000 wall=0.001 
 Start: Saving text status in E:\UniFlight\flow\full_rocket10_fv\data\full_rocket10.status
 End:   Saving text status in E:\UniFlight\flow\full_rocket10_fv\data\full_rocket10.status; Timer: cpu0=0.000 wall=0.003 
 End:   ===== Time Step =====, Iter number =  86; Timer: cpu0=15.453 wall=1.932 

20.06.26 15:44:47  ===== Processing Layers =====
20.06.26 15:44:47    *SEND* for CScalarLayer, GUID=35D5BC16-A80B-49DF-A4AB-2D8A3E454FDC
 Start: ComputeVolumeCharacteristics
 End:   ComputeVolumeCharacteristics; Timer: cpu0=0.000 wall=0.004 
 Start: GetValueOnFacets
 End:   GetValueOnFacets; Timer: cpu0=0.172 wall=0.014 
20.06.26 15:44:47    *SEND* for CIntegralCharsLayer, GUID=4E090A0C-544B-E4A2-4242-BEC451D7CD2B
20.06.26 15:44:47    *SEND* for CIntegralCharsLayer, GUID=DA27EECF-558C-D390-7112-31A961279F88
20.06.26 15:44:47    *SEND* for CIntegralCharsLayer, GUID=D073F2AC-92DF-84C7-2F9D-1DD60ACD790B
 End:   ===== Processing Layers =====; Timer: cpu0=0.344 wall=0.036 

20.06.26 15:44:47  ===== New Time Step =====, Iter number =  87
 Start: TimeServis
 End:   TimeServis; Timer: cpu0=0.484 wall=0.039 
 Start: User modules' functions BeforeTimeStep() are calling
 End:   User modules' functions BeforeTimeStep() are calling; Timer: cpu0=0.000 wall=0.001 
 Start: Adaptation, TotalRealCellsCount= 109651 
 End:   Adaptation; Timer: cpu0=0.000 wall=0.005 
 Start: Initialize data arrays on chips
 End:   Initialize data arrays on chips, res= 0; Timer: cpu0=0.000 wall=0.003 
  ***** Maximum Geometrical Gauss = 1.88615e-14, cell= 499:3:2:6:0
  ***** Maximum MovingSurf  Gauss = 0, cell= 
 Start: Initialize data arrays on chips
 End:   Initialize data arrays on chips, res= 0; Timer: cpu0=0.000 wall=0.003 
 Start: TimeServis
 End:   TimeServis; Timer: cpu0=0.469 wall=0.041 
 Start: FindEnclaves
 End:   FindEnclaves; Timer: cpu0=0.094 wall=0.094 
 Start: VarValueService
 End:   VarValueService; Timer: cpu0=0.000 wall=0.002 
 Start: SolvePhaseEquation 
 End:   SolvePhaseEquation ; Timer: cpu0=14.062 wall=1.668 
 Start: SolidFiltersProcess: calculate forces and moments
 End:   SolidFiltersProcess: calculate forces and moments; Timer: cpu0=0.000 wall=0.002 
 Start: PrepareDataForNextStep
 End:   PrepareDataForNextStep; Timer: cpu0=0.234 wall=0.055 
 Start: VarValueService
 End:   VarValueService; Timer: cpu0=0.000 wall=0.001 
 Start: UpdateStopperData
 End:   UpdateStopperData; Timer: cpu0=0.000 wall=0.002 
 Start: Saving text status in E:\UniFlight\flow\full_rocket10_fv\data\full_rocket10.status
 End:   Saving text status in E:\UniFlight\flow\full_rocket10_fv\data\full_rocket10.status; Timer: cpu0=0.000 wall=0.003 
 End:   ===== Time Step =====, Iter number =  87; Timer: cpu0=15.516 wall=1.990 

20.06.26 15:44:49  ===== Processing Layers =====
20.06.26 15:44:49    *SEND* for CScalarLayer, GUID=35D5BC16-A80B-49DF-A4AB-2D8A3E454FDC
 Start: ComputeVolumeCharacteristics
 End:   ComputeVolumeCharacteristics; Timer: cpu0=0.000 wall=0.005 
 Start: GetValueOnFacets
 End:   GetValueOnFacets; Timer: cpu0=0.016 wall=0.018 
20.06.26 15:44:49    *SEND* for CIntegralCharsLayer, GUID=4E090A0C-544B-E4A2-4242-BEC451D7CD2B
20.06.26 15:44:49    *SEND* for CIntegralCharsLayer, GUID=DA27EECF-558C-D390-7112-31A961279F88
20.06.26 15:44:49    *SEND* for CIntegralCharsLayer, GUID=D073F2AC-92DF-84C7-2F9D-1DD60ACD790B
 End:   ===== Processing Layers =====; Timer: cpu0=0.016 wall=0.044 

20.06.26 15:44:49  ===== New Time Step =====, Iter number =  88
 Start: TimeServis
 End:   TimeServis; Timer: cpu0=0.266 wall=0.037 
 Start: User modules' functions BeforeTimeStep() are calling
 End:   User modules' functions BeforeTimeStep() are calling; Timer: cpu0=0.000 wall=0.002 
 Start: Adaptation, TotalRealCellsCount= 109651 
 End:   Adaptation; Timer: cpu0=0.000 wall=0.005 
 Start: Initialize data arrays on chips
 End:   Initialize data arrays on chips, res= 0; Timer: cpu0=0.000 wall=0.002 
  ***** Maximum Geometrical Gauss = 1.88615e-14, cell= 499:3:2:6:0
  ***** Maximum MovingSurf  Gauss = 0, cell= 
 Start: Initialize data arrays on chips
 End:   Initialize data arrays on chips, res= 0; Timer: cpu0=0.000 wall=0.002 
 Start: TimeServis
 End:   TimeServis; Timer: cpu0=0.234 wall=0.044 
 Start: FindEnclaves
 End:   FindEnclaves; Timer: cpu0=0.094 wall=0.098 
 Start: VarValueService
 End:   VarValueService; Timer: cpu0=0.000 wall=0.001 
 Start: SolvePhaseEquation 
 End:   SolvePhaseEquation ; Timer: cpu0=14.203 wall=1.747 
 Start: SolidFiltersProcess: calculate forces and moments
 End:   SolidFiltersProcess: calculate forces and moments; Timer: cpu0=0.000 wall=0.002 
 Start: PrepareDataForNextStep
 End:   PrepareDataForNextStep; Timer: cpu0=0.438 wall=0.057 
 Start: VarValueService
 End:   VarValueService; Timer: cpu0=0.000 wall=0.001 
 Start: UpdateStopperData
 End:   UpdateStopperData; Timer: cpu0=0.000 wall=0.001 
 Start: Saving text status in E:\UniFlight\flow\full_rocket10_fv\data\full_rocket10.status
 End:   Saving text status in E:\UniFlight\flow\full_rocket10_fv\data\full_rocket10.status; Timer: cpu0=0.000 wall=0.003 
 End:   ===== Time Step =====, Iter number =  88; Timer: cpu0=15.438 wall=2.073 

20.06.26 15:44:51  ===== Processing Layers =====
20.06.26 15:44:51    *SEND* for CScalarLayer, GUID=35D5BC16-A80B-49DF-A4AB-2D8A3E454FDC
 Start: ComputeVolumeCharacteristics
 End:   ComputeVolumeCharacteristics; Timer: cpu0=0.000 wall=0.005 
 Start: GetValueOnFacets
 End:   GetValueOnFacets; Timer: cpu0=0.016 wall=0.015 
20.06.26 15:44:51    *SEND* for CIntegralCharsLayer, GUID=4E090A0C-544B-E4A2-4242-BEC451D7CD2B
20.06.26 15:44:51    *SEND* for CIntegralCharsLayer, GUID=DA27EECF-558C-D390-7112-31A961279F88
20.06.26 15:44:51    *SEND* for CIntegralCharsLayer, GUID=D073F2AC-92DF-84C7-2F9D-1DD60ACD790B
 End:   ===== Processing Layers =====; Timer: cpu0=0.016 wall=0.036 

20.06.26 15:44:51  ===== New Time Step =====, Iter number =  89
 Start: TimeServis
 End:   TimeServis; Timer: cpu0=0.516 wall=0.036 
 Start: User modules' functions BeforeTimeStep() are calling
 End:   User modules' functions BeforeTimeStep() are calling; Timer: cpu0=0.000 wall=0.001 
 Start: Adaptation, TotalRealCellsCount= 109651 
 End:   Adaptation; Timer: cpu0=0.172 wall=0.005 
 Start: Initialize data arrays on chips
 End:   Initialize data arrays on chips, res= 0; Timer: cpu0=0.000 wall=0.002 
  ***** Maximum Geometrical Gauss = 1.88615e-14, cell= 499:3:2:6:0
  ***** Maximum MovingSurf  Gauss = 0, cell= 
 Start: Initialize data arrays on chips
 End:   Initialize data arrays on chips, res= 0; Timer: cpu0=0.000 wall=0.003 
 Start: TimeServis
 End:   TimeServis; Timer: cpu0=0.391 wall=0.041 
 Start: FindEnclaves
 End:   FindEnclaves; Timer: cpu0=0.109 wall=0.111 
 Start: VarValueService
 End:   VarValueService; Timer: cpu0=0.000 wall=0.001 
 Start: SolvePhaseEquation 
 End:   SolvePhaseEquation ; Timer: cpu0=13.047 wall=1.593 
 Start: SolidFiltersProcess: calculate forces and moments
 End:   SolidFiltersProcess: calculate forces and moments; Timer: cpu0=0.000 wall=0.002 
 Start: PrepareDataForNextStep
 End:   PrepareDataForNextStep; Timer: cpu0=0.359 wall=0.050 
 Start: VarValueService
 End:   VarValueService; Timer: cpu0=0.000 wall=0.001 
 Start: UpdateStopperData
 End:   UpdateStopperData; Timer: cpu0=0.000 wall=0.001 
 Start: Saving text status in E:\UniFlight\flow\full_rocket10_fv\data\full_rocket10.status
 End:   Saving text status in E:\UniFlight\flow\full_rocket10_fv\data\full_rocket10.status; Timer: cpu0=0.000 wall=0.002 
 End:   ===== Time Step =====, Iter number =  89; Timer: cpu0=14.766 wall=1.913 

20.06.26 15:44:54  ===== Processing Layers =====
20.06.26 15:44:54    *SEND* for CScalarLayer, GUID=35D5BC16-A80B-49DF-A4AB-2D8A3E454FDC
 Start: ComputeVolumeCharacteristics
 End:   ComputeVolumeCharacteristics; Timer: cpu0=0.172 wall=0.004 
 Start: GetValueOnFacets
 End:   GetValueOnFacets; Timer: cpu0=0.000 wall=0.012 
20.06.26 15:44:54    *SEND* for CIntegralCharsLayer, GUID=4E090A0C-544B-E4A2-4242-BEC451D7CD2B
20.06.26 15:44:54    *SEND* for CIntegralCharsLayer, GUID=DA27EECF-558C-D390-7112-31A961279F88
20.06.26 15:44:54    *SEND* for CIntegralCharsLayer, GUID=D073F2AC-92DF-84C7-2F9D-1DD60ACD790B
 End:   ===== Processing Layers =====; Timer: cpu0=0.172 wall=0.033 

20.06.26 15:44:54  ===== New Time Step =====, Iter number =  90
 Start: TimeServis
 End:   TimeServis; Timer: cpu0=0.344 wall=0.037 
 Start: User modules' functions BeforeTimeStep() are calling
 End:   User modules' functions BeforeTimeStep() are calling; Timer: cpu0=0.000 wall=0.003 
 Start: Adaptation, TotalRealCellsCount= 109651 
 End:   Adaptation; Timer: cpu0=6.297 wall=0.806 
 Start: DistributeGridOnProcessors
 End:   DistributeGridOnProcessors, res= 0; Timer: cpu0=0.969 wall=0.230 
 Start: SetNeiHyperCells
 End:   SetNeiHyperCells, res= 0; Timer: cpu0=0.000 wall=0.008 
 Start: BuildFacetDistribution
 End:   BuildFacetDistribution; Timer: cpu0=0.000 wall=0.002 
 Start: Initialize data arrays on chips
 End:   Initialize data arrays on chips, res= 0; Timer: cpu0=0.000 wall=0.003 
  ***** Maximum Geometrical Gauss = 1.56135e-14, cell= 499:7:7:1:0
  ***** Maximum MovingSurf  Gauss = 1.23407e-14, cell= 696:7:2:6:0
 Start: Remove Small Cells
 End:   Remove Small Cells; Timer: cpu0=0.172 wall=0.024 
 Start: Initialize data arrays on chips
 End:   Initialize data arrays on chips, res= 0; Timer: cpu0=0.000 wall=0.003 
  ***** Maximum Geometrical Gauss = 1.56135e-14, cell= 499:7:7:1:0
  ***** Maximum MovingSurf  Gauss = 1.23407e-14, cell= 696:7:2:6:0
 Start: Initialize data arrays on chips
 End:   Initialize data arrays on chips, res= 0; Timer: cpu0=0.000 wall=0.001 
 Start: Modify Chip Data
 End:   Modify Chip Data; Timer: cpu0=0.344 wall=0.041 
 Start: TimeServis
 End:   TimeServis; Timer: cpu0=0.375 wall=0.047 
 Start: FindEnclaves
 End:   FindEnclaves; Timer: cpu0=0.109 wall=0.107 
 Start: VarValueService
 End:   VarValueService; Timer: cpu0=0.000 wall=0.002 
 Start: SolvePhaseEquation 
 End:   SolvePhaseEquation ; Timer: cpu0=13.219 wall=1.622 
 Start: SolidFiltersProcess: calculate forces and moments
 End:   SolidFiltersProcess: calculate forces and moments; Timer: cpu0=0.000 wall=0.001 
 Start: PrepareDataForNextStep
 End:   PrepareDataForNextStep; Timer: cpu0=0.219 wall=0.038 
 Start: VarValueService
 End:   VarValueService; Timer: cpu0=0.000 wall=0.002 
 Start: UpdateStopperData
 End:   UpdateStopperData; Timer: cpu0=0.000 wall=0.001 
 Start: Saving text status in E:\UniFlight\flow\full_rocket10_fv\data\full_rocket10.status
 End:   Saving text status in E:\UniFlight\flow\full_rocket10_fv\data\full_rocket10.status; Timer: cpu0=0.000 wall=0.002 
 End:   ===== Time Step =====, Iter number =  90; Timer: cpu0=22.484 wall=3.072 

20.06.26 15:44:57  ===== Processing Layers =====
20.06.26 15:44:57    *SEND* for CScalarLayer, GUID=35D5BC16-A80B-49DF-A4AB-2D8A3E454FDC
 Start: ComputeVolumeCharacteristics
 End:   ComputeVolumeCharacteristics; Timer: cpu0=0.000 wall=0.006 
 Start: GetValueOnFacets
 End:   GetValueOnFacets; Timer: cpu0=0.094 wall=0.013 
20.06.26 15:44:57    *SEND* for CIntegralCharsLayer, GUID=4E090A0C-544B-E4A2-4242-BEC451D7CD2B
20.06.26 15:44:57    *SEND* for CIntegralCharsLayer, GUID=DA27EECF-558C-D390-7112-31A961279F88
20.06.26 15:44:57    *SEND* for CIntegralCharsLayer, GUID=D073F2AC-92DF-84C7-2F9D-1DD60ACD790B
 End:   ===== Processing Layers =====; Timer: cpu0=0.094 wall=0.035 

20.06.26 15:44:57  ===== New Time Step =====, Iter number =  91
 Start: TimeServis
 End:   TimeServis; Timer: cpu0=0.422 wall=0.040 
 Start: User modules' functions BeforeTimeStep() are calling
 End:   User modules' functions BeforeTimeStep() are calling; Timer: cpu0=0.000 wall=0.004 
 Start: Adaptation, TotalRealCellsCount= 107523 
 End:   Adaptation; Timer: cpu0=6.453 wall=0.925 
 Start: DistributeGridOnProcessors
 End:   DistributeGridOnProcessors, res= 0; Timer: cpu0=0.844 wall=0.259 
 Start: SetNeiHyperCells
 End:   SetNeiHyperCells, res= 0; Timer: cpu0=0.172 wall=0.007 
 Start: BuildFacetDistribution
 End:   BuildFacetDistribution; Timer: cpu0=0.000 wall=0.001 
 Start: Initialize data arrays on chips
 End:   Initialize data arrays on chips, res= 0; Timer: cpu0=0.000 wall=0.002 
  ***** Maximum Geometrical Gauss = 1.59605e-14, cell= 569:5:1:5:0
  ***** Maximum MovingSurf  Gauss = 1.48088e-14, cell= 45:1:3:3:0
 Start: Remove Small Cells
 End:   Remove Small Cells; Timer: cpu0=0.312 wall=0.029 
 Start: Initialize data arrays on chips
 End:   Initialize data arrays on chips, res= 0; Timer: cpu0=0.000 wall=0.002 
  ***** Maximum Geometrical Gauss = 1.59605e-14, cell= 559:7:3:7:0
  ***** Maximum MovingSurf  Gauss = 1.48088e-14, cell= 45:1:3:3:0
 Start: Initialize data arrays on chips
 End:   Initialize data arrays on chips, res= 0; Timer: cpu0=0.000 wall=0.002 
 Start: Modify Chip Data
 End:   Modify Chip Data; Timer: cpu0=0.500 wall=0.040 
 Start: TimeServis
 End:   TimeServis; Timer: cpu0=0.359 wall=0.042 
 Start: FindEnclaves
 End:   FindEnclaves; Timer: cpu0=0.094 wall=0.102 
 Start: VarValueService
 End:   VarValueService; Timer: cpu0=0.000 wall=0.002 
 Start: SolvePhaseEquation 
 End:   SolvePhaseEquation ; Timer: cpu0=13.578 wall=1.677 
 Start: SolidFiltersProcess: calculate forces and moments
 End:   SolidFiltersProcess: calculate forces and moments; Timer: cpu0=0.000 wall=0.002 
 Start: PrepareDataForNextStep
 End:   PrepareDataForNextStep; Timer: cpu0=0.375 wall=0.044 
 Start: VarValueService
 End:   VarValueService; Timer: cpu0=0.000 wall=0.002 
 Start: UpdateStopperData
 End:   UpdateStopperData; Timer: cpu0=0.000 wall=0.001 
 Start: Saving text status in E:\UniFlight\flow\full_rocket10_fv\data\full_rocket10.status
 End:   Saving text status in E:\UniFlight\flow\full_rocket10_fv\data\full_rocket10.status; Timer: cpu0=0.000 wall=0.002 
 End:   ===== Time Step =====, Iter number =  91; Timer: cpu0=23.531 wall=3.279 

20.06.26 15:45:01  ===== Processing Layers =====
20.06.26 15:45:01    *SEND* for CScalarLayer, GUID=35D5BC16-A80B-49DF-A4AB-2D8A3E454FDC
 Start: ComputeVolumeCharacteristics
 End:   ComputeVolumeCharacteristics; Timer: cpu0=0.000 wall=0.005 
 Start: GetValueOnFacets
 End:   GetValueOnFacets; Timer: cpu0=0.141 wall=0.013 
20.06.26 15:45:01    *SEND* for CIntegralCharsLayer, GUID=4E090A0C-544B-E4A2-4242-BEC451D7CD2B
20.06.26 15:45:01    *SEND* for CIntegralCharsLayer, GUID=DA27EECF-558C-D390-7112-31A961279F88
20.06.26 15:45:01    *SEND* for CIntegralCharsLayer, GUID=D073F2AC-92DF-84C7-2F9D-1DD60ACD790B
 End:   ===== Processing Layers =====; Timer: cpu0=0.312 wall=0.035 

20.06.26 15:45:01  ===== New Time Step =====, Iter number =  92
 Start: TimeServis
 End:   TimeServis; Timer: cpu0=0.469 wall=0.039 
 Start: User modules' functions BeforeTimeStep() are calling
 End:   User modules' functions BeforeTimeStep() are calling; Timer: cpu0=0.000 wall=0.001 
 Start: Adaptation, TotalRealCellsCount= 109350 
 End:   Adaptation; Timer: cpu0=0.172 wall=0.005 
 Start: Initialize data arrays on chips
 End:   Initialize data arrays on chips, res= 0; Timer: cpu0=0.000 wall=0.002 
  ***** Maximum Geometrical Gauss = 1.59605e-14, cell= 569:5:1:5:0
  ***** Maximum MovingSurf  Gauss = 0, cell= 
 Start: Initialize data arrays on chips
 End:   Initialize data arrays on chips, res= 0; Timer: cpu0=0.000 wall=0.002 
 Start: TimeServis
 End:   TimeServis; Timer: cpu0=0.297 wall=0.040 
 Start: FindEnclaves
 End:   FindEnclaves; Timer: cpu0=0.094 wall=0.091 
 Start: VarValueService
 End:   VarValueService; Timer: cpu0=0.000 wall=0.001 
 Start: SolvePhaseEquation 
 End:   SolvePhaseEquation ; Timer: cpu0=14.453 wall=1.611 
 Start: SolidFiltersProcess: calculate forces and moments
 End:   SolidFiltersProcess: calculate forces and moments; Timer: cpu0=0.000 wall=0.002 
 Start: PrepareDataForNextStep
 End:   PrepareDataForNextStep; Timer: cpu0=0.328 wall=0.043 
 Start: VarValueService
 End:   VarValueService; Timer: cpu0=0.000 wall=0.002 
 Start: UpdateStopperData
 End:   UpdateStopperData; Timer: cpu0=0.000 wall=0.001 
 Start: Saving text status in E:\UniFlight\flow\full_rocket10_fv\data\full_rocket10.status
 End:   Saving text status in E:\UniFlight\flow\full_rocket10_fv\data\full_rocket10.status; Timer: cpu0=0.000 wall=0.003 
 End:   ===== Time Step =====, Iter number =  92; Timer: cpu0=15.953 wall=1.905 

20.06.26 15:45:03  ===== Processing Layers =====
20.06.26 15:45:03    *SEND* for CScalarLayer, GUID=35D5BC16-A80B-49DF-A4AB-2D8A3E454FDC
 Start: ComputeVolumeCharacteristics
 End:   ComputeVolumeCharacteristics; Timer: cpu0=0.094 wall=0.005 
 Start: GetValueOnFacets
 End:   GetValueOnFacets; Timer: cpu0=0.141 wall=0.016 
20.06.26 15:45:03    *SEND* for CIntegralCharsLayer, GUID=4E090A0C-544B-E4A2-4242-BEC451D7CD2B
20.06.26 15:45:03    *SEND* for CIntegralCharsLayer, GUID=DA27EECF-558C-D390-7112-31A961279F88
20.06.26 15:45:03    *SEND* for CIntegralCharsLayer, GUID=D073F2AC-92DF-84C7-2F9D-1DD60ACD790B
 End:   ===== Processing Layers =====; Timer: cpu0=0.234 wall=0.037 

20.06.26 15:45:03  ===== New Time Step =====, Iter number =  93
 Start: TimeServis
 End:   TimeServis; Timer: cpu0=0.281 wall=0.034 
 Start: User modules' functions BeforeTimeStep() are calling
 End:   User modules' functions BeforeTimeStep() are calling; Timer: cpu0=0.000 wall=0.002 
 Start: Adaptation, TotalRealCellsCount= 109350 
 End:   Adaptation; Timer: cpu0=0.000 wall=0.005 
 Start: Initialize data arrays on chips
 End:   Initialize data arrays on chips, res= 0; Timer: cpu0=0.000 wall=0.003 
  ***** Maximum Geometrical Gauss = 1.59605e-14, cell= 569:5:1:5:0
  ***** Maximum MovingSurf  Gauss = 0, cell= 
 Start: Initialize data arrays on chips
 End:   Initialize data arrays on chips, res= 0; Timer: cpu0=0.000 wall=0.002 
 Start: TimeServis
 End:   TimeServis; Timer: cpu0=0.516 wall=0.047 
 Start: FindEnclaves
 End:   FindEnclaves; Timer: cpu0=0.094 wall=0.105 
 Start: VarValueService
 End:   VarValueService; Timer: cpu0=0.000 wall=0.002 
 Start: SolvePhaseEquation 
 End:   SolvePhaseEquation ; Timer: cpu0=13.281 wall=1.630 
 Start: SolidFiltersProcess: calculate forces and moments
 End:   SolidFiltersProcess: calculate forces and moments; Timer: cpu0=0.000 wall=0.002 
 Start: PrepareDataForNextStep
 End:   PrepareDataForNextStep; Timer: cpu0=0.219 wall=0.041 
 Start: VarValueService
 End:   VarValueService; Timer: cpu0=0.000 wall=0.002 
 Start: UpdateStopperData
 End:   UpdateStopperData; Timer: cpu0=0.000 wall=0.001 
 Start: Saving text status in E:\UniFlight\flow\full_rocket10_fv\data\full_rocket10.status
 End:   Saving text status in E:\UniFlight\flow\full_rocket10_fv\data\full_rocket10.status; Timer: cpu0=0.000 wall=0.002 
 End:   ===== Time Step =====, Iter number =  93; Timer: cpu0=14.750 wall=1.941 

20.06.26 15:45:05  ===== Processing Layers =====
20.06.26 15:45:05    *SEND* for CScalarLayer, GUID=35D5BC16-A80B-49DF-A4AB-2D8A3E454FDC
 Start: ComputeVolumeCharacteristics
 End:   ComputeVolumeCharacteristics; Timer: cpu0=0.000 wall=0.003 
 Start: GetValueOnFacets
 End:   GetValueOnFacets; Timer: cpu0=0.000 wall=0.014 
20.06.26 15:45:05    *SEND* for CIntegralCharsLayer, GUID=4E090A0C-544B-E4A2-4242-BEC451D7CD2B
20.06.26 15:45:05    *SEND* for CIntegralCharsLayer, GUID=DA27EECF-558C-D390-7112-31A961279F88
20.06.26 15:45:05    *SEND* for CIntegralCharsLayer, GUID=D073F2AC-92DF-84C7-2F9D-1DD60ACD790B
 End:   ===== Processing Layers =====; Timer: cpu0=0.000 wall=0.035 

20.06.26 15:45:05  ===== New Time Step =====, Iter number =  94
 Start: TimeServis
 End:   TimeServis; Timer: cpu0=0.188 wall=0.041 
 Start: User modules' functions BeforeTimeStep() are calling
 End:   User modules' functions BeforeTimeStep() are calling; Timer: cpu0=0.000 wall=0.002 
 Start: Adaptation, TotalRealCellsCount= 109350 
 End:   Adaptation; Timer: cpu0=0.000 wall=0.005 
 Start: Initialize data arrays on chips
 End:   Initialize data arrays on chips, res= 0; Timer: cpu0=0.000 wall=0.002 
  ***** Maximum Geometrical Gauss = 1.59605e-14, cell= 559:7:3:7:0
  ***** Maximum MovingSurf  Gauss = 0, cell= 
 Start: Initialize data arrays on chips
 End:   Initialize data arrays on chips, res= 0; Timer: cpu0=0.000 wall=0.002 
 Start: TimeServis
 End:   TimeServis; Timer: cpu0=0.344 wall=0.042 
 Start: FindEnclaves
 End:   FindEnclaves; Timer: cpu0=0.078 wall=0.095 
 Start: VarValueService
 End:   VarValueService; Timer: cpu0=0.000 wall=0.002 
 Start: SolvePhaseEquation 
 End:   SolvePhaseEquation ; Timer: cpu0=12.797 wall=1.628 
 Start: SolidFiltersProcess: calculate forces and moments
 End:   SolidFiltersProcess: calculate forces and moments; Timer: cpu0=0.000 wall=0.002 
 Start: PrepareDataForNextStep
 End:   PrepareDataForNextStep; Timer: cpu0=0.328 wall=0.041 
 Start: VarValueService
 End:   VarValueService; Timer: cpu0=0.156 wall=0.002 
 Start: UpdateStopperData
 End:   UpdateStopperData; Timer: cpu0=0.000 wall=0.001 
 Start: Saving text status in E:\UniFlight\flow\full_rocket10_fv\data\full_rocket10.status
 End:   Saving text status in E:\UniFlight\flow\full_rocket10_fv\data\full_rocket10.status; Timer: cpu0=0.000 wall=0.003 
 End:   ===== Time Step =====, Iter number =  94; Timer: cpu0=14.266 wall=1.927 

20.06.26 15:45:07  ===== Processing Layers =====
20.06.26 15:45:07    *SEND* for CScalarLayer, GUID=35D5BC16-A80B-49DF-A4AB-2D8A3E454FDC
 Start: ComputeVolumeCharacteristics
 End:   ComputeVolumeCharacteristics; Timer: cpu0=0.172 wall=0.005 
 Start: GetValueOnFacets
 End:   GetValueOnFacets; Timer: cpu0=0.156 wall=0.016 
20.06.26 15:45:07    *SEND* for CIntegralCharsLayer, GUID=4E090A0C-544B-E4A2-4242-BEC451D7CD2B
20.06.26 15:45:07    *SEND* for CIntegralCharsLayer, GUID=DA27EECF-558C-D390-7112-31A961279F88
20.06.26 15:45:07    *SEND* for CIntegralCharsLayer, GUID=D073F2AC-92DF-84C7-2F9D-1DD60ACD790B
 End:   ===== Processing Layers =====; Timer: cpu0=0.328 wall=0.038 

20.06.26 15:45:07  ===== New Time Step =====, Iter number =  95
 Start: TimeServis
 End:   TimeServis; Timer: cpu0=0.375 wall=0.039 
 Start: User modules' functions BeforeTimeStep() are calling
 End:   User modules' functions BeforeTimeStep() are calling; Timer: cpu0=0.000 wall=0.003 
 Start: Adaptation, TotalRealCellsCount= 109350 
 End:   Adaptation; Timer: cpu0=0.000 wall=0.004 
 Start: Initialize data arrays on chips
 End:   Initialize data arrays on chips, res= 0; Timer: cpu0=0.000 wall=0.002 
  ***** Maximum Geometrical Gauss = 1.59605e-14, cell= 569:5:1:5:0
  ***** Maximum MovingSurf  Gauss = 0, cell= 
 Start: Initialize data arrays on chips
 End:   Initialize data arrays on chips, res= 0; Timer: cpu0=0.172 wall=0.002 
 Start: TimeServis
 End:   TimeServis; Timer: cpu0=0.203 wall=0.040 
 Start: FindEnclaves
 End:   FindEnclaves; Timer: cpu0=0.062 wall=0.090 
 Start: VarValueService
 End:   VarValueService; Timer: cpu0=0.000 wall=0.003 
 Start: SolvePhaseEquation 
 End:   SolvePhaseEquation ; Timer: cpu0=13.172 wall=1.628 
 Start: SolidFiltersProcess: calculate forces and moments
 End:   SolidFiltersProcess: calculate forces and moments; Timer: cpu0=0.000 wall=0.002 
 Start: PrepareDataForNextStep
 End:   PrepareDataForNextStep; Timer: cpu0=0.328 wall=0.041 
 Start: VarValueService
 End:   VarValueService; Timer: cpu0=0.000 wall=0.002 
 Start: UpdateStopperData
 End:   UpdateStopperData; Timer: cpu0=0.000 wall=0.001 
 Start: Saving text status in E:\UniFlight\flow\full_rocket10_fv\data\full_rocket10.status
 End:   Saving text status in E:\UniFlight\flow\full_rocket10_fv\data\full_rocket10.status; Timer: cpu0=0.000 wall=0.002 
 End:   ===== Time Step =====, Iter number =  95; Timer: cpu0=14.625 wall=1.920 

20.06.26 15:45:10  ===== Processing Layers =====
20.06.26 15:45:10    *SEND* for CScalarLayer, GUID=35D5BC16-A80B-49DF-A4AB-2D8A3E454FDC
 Start: ComputeVolumeCharacteristics
 End:   ComputeVolumeCharacteristics; Timer: cpu0=0.000 wall=0.004 
 Start: GetValueOnFacets
 End:   GetValueOnFacets; Timer: cpu0=0.172 wall=0.013 
20.06.26 15:45:10    *SEND* for CIntegralCharsLayer, GUID=4E090A0C-544B-E4A2-4242-BEC451D7CD2B
20.06.26 15:45:10    *SEND* for CIntegralCharsLayer, GUID=DA27EECF-558C-D390-7112-31A961279F88
20.06.26 15:45:10    *SEND* for CIntegralCharsLayer, GUID=D073F2AC-92DF-84C7-2F9D-1DD60ACD790B
 End:   ===== Processing Layers =====; Timer: cpu0=0.172 wall=0.033 

20.06.26 15:45:10  ===== New Time Step =====, Iter number =  96
 Start: TimeServis
 End:   TimeServis; Timer: cpu0=0.344 wall=0.036 
 Start: User modules' functions BeforeTimeStep() are calling
 End:   User modules' functions BeforeTimeStep() are calling; Timer: cpu0=0.000 wall=0.003 
 Start: Adaptation, TotalRealCellsCount= 109350 
 End:   Adaptation; Timer: cpu0=0.000 wall=0.006 
 Start: Initialize data arrays on chips
 End:   Initialize data arrays on chips, res= 0; Timer: cpu0=0.000 wall=0.003 
  ***** Maximum Geometrical Gauss = 1.59605e-14, cell= 569:5:1:5:0
  ***** Maximum MovingSurf  Gauss = 0, cell= 
 Start: Initialize data arrays on chips
 End:   Initialize data arrays on chips, res= 0; Timer: cpu0=0.000 wall=0.002 
 Start: TimeServis
 End:   TimeServis; Timer: cpu0=0.281 wall=0.041 
 Start: FindEnclaves
 End:   FindEnclaves; Timer: cpu0=0.094 wall=0.097 
 Start: VarValueService
 End:   VarValueService; Timer: cpu0=0.000 wall=0.002 
 Start: SolvePhaseEquation 
 End:   SolvePhaseEquation ; Timer: cpu0=12.453 wall=1.618 
 Start: SolidFiltersProcess: calculate forces and moments
 End:   SolidFiltersProcess: calculate forces and moments; Timer: cpu0=0.000 wall=0.001 
 Start: PrepareDataForNextStep
 End:   PrepareDataForNextStep; Timer: cpu0=0.484 wall=0.046 
 Start: VarValueService
 End:   VarValueService; Timer: cpu0=0.000 wall=0.002 
 Start: UpdateStopperData
 End:   UpdateStopperData; Timer: cpu0=0.000 wall=0.001 
 Start: Saving text status in E:\UniFlight\flow\full_rocket10_fv\data\full_rocket10.status
 End:   Saving text status in E:\UniFlight\flow\full_rocket10_fv\data\full_rocket10.status; Timer: cpu0=0.000 wall=0.002 
 End:   ===== Time Step =====, Iter number =  96; Timer: cpu0=14.172 wall=1.926 

20.06.26 15:45:12  ===== Processing Layers =====
20.06.26 15:45:12    *SEND* for CScalarLayer, GUID=35D5BC16-A80B-49DF-A4AB-2D8A3E454FDC
 Start: ComputeVolumeCharacteristics
 End:   ComputeVolumeCharacteristics; Timer: cpu0=0.156 wall=0.004 
 Start: GetValueOnFacets
 End:   GetValueOnFacets; Timer: cpu0=0.016 wall=0.015 
20.06.26 15:45:12    *SEND* for CIntegralCharsLayer, GUID=4E090A0C-544B-E4A2-4242-BEC451D7CD2B
20.06.26 15:45:12    *SEND* for CIntegralCharsLayer, GUID=DA27EECF-558C-D390-7112-31A961279F88
20.06.26 15:45:12    *SEND* for CIntegralCharsLayer, GUID=D073F2AC-92DF-84C7-2F9D-1DD60ACD790B
 End:   ===== Processing Layers =====; Timer: cpu0=0.172 wall=0.037 

20.06.26 15:45:12  ===== New Time Step =====, Iter number =  97
 Start: TimeServis
 End:   TimeServis; Timer: cpu0=0.328 wall=0.036 
 Start: User modules' functions BeforeTimeStep() are calling
 End:   User modules' functions BeforeTimeStep() are calling; Timer: cpu0=0.000 wall=0.003 
 Start: Adaptation, TotalRealCellsCount= 109350 
 End:   Adaptation; Timer: cpu0=0.000 wall=0.005 
 Start: Initialize data arrays on chips
 End:   Initialize data arrays on chips, res= 0; Timer: cpu0=0.000 wall=0.002 
  ***** Maximum Geometrical Gauss = 1.59605e-14, cell= 569:5:1:5:0
  ***** Maximum MovingSurf  Gauss = 0, cell= 
 Start: Initialize data arrays on chips
 End:   Initialize data arrays on chips, res= 0; Timer: cpu0=0.000 wall=0.002 
 Start: TimeServis
 End:   TimeServis; Timer: cpu0=0.516 wall=0.053 
 Start: FindEnclaves
 End:   FindEnclaves; Timer: cpu0=0.219 wall=0.091 
 Start: VarValueService
 End:   VarValueService; Timer: cpu0=0.000 wall=0.002 
 Start: SolvePhaseEquation 
 End:   SolvePhaseEquation ; Timer: cpu0=13.250 wall=1.589 
 Start: SolidFiltersProcess: calculate forces and moments
 End:   SolidFiltersProcess: calculate forces and moments; Timer: cpu0=0.000 wall=0.002 
 Start: PrepareDataForNextStep
 End:   PrepareDataForNextStep; Timer: cpu0=0.438 wall=0.045 
 Start: VarValueService
 End:   VarValueService; Timer: cpu0=0.000 wall=0.001 
 Start: UpdateStopperData
 End:   UpdateStopperData; Timer: cpu0=0.000 wall=0.001 
 Start: Saving text status in E:\UniFlight\flow\full_rocket10_fv\data\full_rocket10.status
 End:   Saving text status in E:\UniFlight\flow\full_rocket10_fv\data\full_rocket10.status; Timer: cpu0=0.000 wall=0.002 
 End:   ===== Time Step =====, Iter number =  97; Timer: cpu0=15.266 wall=1.898 

20.06.26 15:45:14  ===== Processing Layers =====
20.06.26 15:45:14    *SEND* for CScalarLayer, GUID=35D5BC16-A80B-49DF-A4AB-2D8A3E454FDC
 Start: ComputeVolumeCharacteristics
 End:   ComputeVolumeCharacteristics; Timer: cpu0=0.031 wall=0.005 
 Start: GetValueOnFacets
 End:   GetValueOnFacets; Timer: cpu0=0.016 wall=0.013 
20.06.26 15:45:14    *SEND* for CIntegralCharsLayer, GUID=4E090A0C-544B-E4A2-4242-BEC451D7CD2B
20.06.26 15:45:14    *SEND* for CIntegralCharsLayer, GUID=DA27EECF-558C-D390-7112-31A961279F88
20.06.26 15:45:14    *SEND* for CIntegralCharsLayer, GUID=D073F2AC-92DF-84C7-2F9D-1DD60ACD790B
 End:   ===== Processing Layers =====; Timer: cpu0=0.047 wall=0.035 

20.06.26 15:45:14  ===== New Time Step =====, Iter number =  98
 Start: TimeServis
 End:   TimeServis; Timer: cpu0=0.266 wall=0.037 
 Start: User modules' functions BeforeTimeStep() are calling
 End:   User modules' functions BeforeTimeStep() are calling; Timer: cpu0=0.000 wall=0.004 
 Start: Adaptation, TotalRealCellsCount= 109350 
 End:   Adaptation; Timer: cpu0=0.000 wall=0.004 
 Start: Initialize data arrays on chips
 End:   Initialize data arrays on chips, res= 0; Timer: cpu0=0.172 wall=0.001 
  ***** Maximum Geometrical Gauss = 1.59605e-14, cell= 569:5:1:5:0
  ***** Maximum MovingSurf  Gauss = 0, cell= 
 Start: Initialize data arrays on chips
 End:   Initialize data arrays on chips, res= 0; Timer: cpu0=0.000 wall=0.002 
 Start: TimeServis
 End:   TimeServis; Timer: cpu0=0.281 wall=0.047 
 Start: FindEnclaves
 End:   FindEnclaves; Timer: cpu0=0.078 wall=0.098 
 Start: VarValueService
 End:   VarValueService; Timer: cpu0=0.000 wall=0.001 
 Start: SolvePhaseEquation 
 End:   SolvePhaseEquation ; Timer: cpu0=14.188 wall=1.628 
 Start: SolidFiltersProcess: calculate forces and moments
 End:   SolidFiltersProcess: calculate forces and moments; Timer: cpu0=0.000 wall=0.001 
 Start: PrepareDataForNextStep
 End:   PrepareDataForNextStep; Timer: cpu0=0.516 wall=0.042 
 Start: VarValueService
 End:   VarValueService; Timer: cpu0=0.000 wall=0.001 
 Start: UpdateStopperData
 End:   UpdateStopperData; Timer: cpu0=0.000 wall=0.000 
 Start: Saving text status in E:\UniFlight\flow\full_rocket10_fv\data\full_rocket10.status
 End:   Saving text status in E:\UniFlight\flow\full_rocket10_fv\data\full_rocket10.status; Timer: cpu0=0.000 wall=0.002 
 End:   ===== Time Step =====, Iter number =  98; Timer: cpu0=15.844 wall=1.934 

20.06.26 15:45:16  ===== Processing Layers =====
20.06.26 15:45:16    *SEND* for CScalarLayer, GUID=35D5BC16-A80B-49DF-A4AB-2D8A3E454FDC
 Start: ComputeVolumeCharacteristics
 End:   ComputeVolumeCharacteristics; Timer: cpu0=0.000 wall=0.004 
 Start: GetValueOnFacets
 End:   GetValueOnFacets; Timer: cpu0=0.000 wall=0.012 
20.06.26 15:45:16    *SEND* for CIntegralCharsLayer, GUID=4E090A0C-544B-E4A2-4242-BEC451D7CD2B
20.06.26 15:45:16    *SEND* for CIntegralCharsLayer, GUID=DA27EECF-558C-D390-7112-31A961279F88
20.06.26 15:45:16    *SEND* for CIntegralCharsLayer, GUID=D073F2AC-92DF-84C7-2F9D-1DD60ACD790B
 End:   ===== Processing Layers =====; Timer: cpu0=0.000 wall=0.034 

20.06.26 15:45:16  ===== New Time Step =====, Iter number =  99
 Start: TimeServis
 End:   TimeServis; Timer: cpu0=0.250 wall=0.037 
 Start: User modules' functions BeforeTimeStep() are calling
 End:   User modules' functions BeforeTimeStep() are calling; Timer: cpu0=0.000 wall=0.002 
 Start: Adaptation, TotalRealCellsCount= 109350 
 End:   Adaptation; Timer: cpu0=0.000 wall=0.006 
 Start: Initialize data arrays on chips
 End:   Initialize data arrays on chips, res= 0; Timer: cpu0=0.172 wall=0.003 
  ***** Maximum Geometrical Gauss = 1.59605e-14, cell= 559:7:3:7:0
  ***** Maximum MovingSurf  Gauss = 0, cell= 
 Start: Initialize data arrays on chips
 End:   Initialize data arrays on chips, res= 0; Timer: cpu0=0.000 wall=0.002 
 Start: TimeServis
 End:   TimeServis; Timer: cpu0=0.328 wall=0.039 
 Start: FindEnclaves
 End:   FindEnclaves; Timer: cpu0=0.078 wall=0.094 
 Start: VarValueService
 End:   VarValueService; Timer: cpu0=0.000 wall=0.002 
 Start: SolvePhaseEquation 
 End:   SolvePhaseEquation ; Timer: cpu0=13.078 wall=1.616 
 Start: SolidFiltersProcess: calculate forces and moments
 End:   SolidFiltersProcess: calculate forces and moments; Timer: cpu0=0.000 wall=0.002 
 Start: PrepareDataForNextStep
 End:   PrepareDataForNextStep; Timer: cpu0=0.344 wall=0.043 
 Start: VarValueService
 End:   VarValueService; Timer: cpu0=0.000 wall=0.002 
 Start: UpdateStopperData
 End:   UpdateStopperData; Timer: cpu0=0.000 wall=0.001 
 Start: Saving text status in E:\UniFlight\flow\full_rocket10_fv\data\full_rocket10.status
 End:   Saving text status in E:\UniFlight\flow\full_rocket10_fv\data\full_rocket10.status; Timer: cpu0=0.000 wall=0.002 
 End:   ===== Time Step =====, Iter number =  99; Timer: cpu0=14.594 wall=1.914 

 Start: Saving values
 End:   Saving values, res= 0; Timer: cpu0=0.828 wall=0.102 
 Start: Saving grid
 End:   Saving grid, res= 0; Timer: cpu0=1.250 wall=0.129 
 Start: Saving grid index
 End:   Saving grid index, res= 0; Timer: cpu0=0.000 wall=0.002 
20.06.26 15:45:19  ===== Processing Layers =====
20.06.26 15:45:19    *SEND* for CScalarLayer, GUID=35D5BC16-A80B-49DF-A4AB-2D8A3E454FDC
 Start: ComputeVolumeCharacteristics
 End:   ComputeVolumeCharacteristics; Timer: cpu0=0.000 wall=0.004 
 Start: GetValueOnFacets
 End:   GetValueOnFacets; Timer: cpu0=0.016 wall=0.012 
20.06.26 15:45:19    *SEND* for CIntegralCharsLayer, GUID=4E090A0C-544B-E4A2-4242-BEC451D7CD2B
20.06.26 15:45:19    *SEND* for CIntegralCharsLayer, GUID=DA27EECF-558C-D390-7112-31A961279F88
20.06.26 15:45:19    *SEND* for CIntegralCharsLayer, GUID=D073F2AC-92DF-84C7-2F9D-1DD60ACD790B
 End:   ===== Processing Layers =====; Timer: cpu0=0.031 wall=0.034 

20.06.26 15:45:19  ===== New Time Step =====, Iter number =  100
 Start: TimeServis
 End:   TimeServis; Timer: cpu0=0.250 wall=0.036 
 Start: User modules' functions BeforeTimeStep() are calling
 End:   User modules' functions BeforeTimeStep() are calling; Timer: cpu0=0.000 wall=0.001 
 Start: Adaptation, TotalRealCellsCount= 109350 
 End:   Adaptation; Timer: cpu0=5.922 wall=0.811 
 Start: DistributeGridOnProcessors
 End:   DistributeGridOnProcessors, res= 0; Timer: cpu0=0.688 wall=0.211 
 Start: SetNeiHyperCells
 End:   SetNeiHyperCells, res= 0; Timer: cpu0=0.172 wall=0.008 
 Start: BuildFacetDistribution
 End:   BuildFacetDistribution; Timer: cpu0=0.000 wall=0.002 
 Start: Initialize data arrays on chips
 End:   Initialize data arrays on chips, res= 0; Timer: cpu0=0.000 wall=0.001 
  ***** Maximum Geometrical Gauss = 1.59605e-14, cell= 569:5:1:5:0
  ***** Maximum MovingSurf  Gauss = 4.19583e-14, cell= 44:0:0:0
 Start: Remove Small Cells
 End:   Remove Small Cells; Timer: cpu0=0.344 wall=0.025 
 Start: Initialize data arrays on chips
 End:   Initialize data arrays on chips, res= 0; Timer: cpu0=0.000 wall=0.002 
  ***** Maximum Geometrical Gauss = 1.59605e-14, cell= 569:5:1:5:0
  ***** Maximum MovingSurf  Gauss = 4.19583e-14, cell= 44:0:0:0
 Start: Initialize data arrays on chips
 End:   Initialize data arrays on chips, res= 0; Timer: cpu0=0.000 wall=0.002 
 Start: Modify Chip Data
 End:   Modify Chip Data; Timer: cpu0=0.500 wall=0.041 
 Start: TimeServis
 End:   TimeServis; Timer: cpu0=0.516 wall=0.048 
 Start: FindEnclaves
 End:   FindEnclaves; Timer: cpu0=0.141 wall=0.156 
 Start: VarValueService
 End:   VarValueService; Timer: cpu0=0.000 wall=0.002 
 Start: SolvePhaseEquation 
 End:   SolvePhaseEquation ; Timer: cpu0=13.719 wall=1.641 
 Start: SolidFiltersProcess: calculate forces and moments
 End:   SolidFiltersProcess: calculate forces and moments; Timer: cpu0=0.000 wall=0.002 
 Start: PrepareDataForNextStep
 End:   PrepareDataForNextStep; Timer: cpu0=0.344 wall=0.046 
 Start: VarValueService
 End:   VarValueService; Timer: cpu0=0.000 wall=0.002 
 Start: UpdateStopperData
 End:   UpdateStopperData; Timer: cpu0=0.000 wall=0.001 
 Start: Saving text status in E:\UniFlight\flow\full_rocket10_fv\data\full_rocket10.status
 End:   Saving text status in E:\UniFlight\flow\full_rocket10_fv\data\full_rocket10.status; Timer: cpu0=0.000 wall=0.002 
 End:   ===== Time Step =====, Iter number =  100; Timer: cpu0=23.016 wall=3.134 

20.06.26 15:45:22  ===== Processing Layers =====
20.06.26 15:45:22    *SEND* for CScalarLayer, GUID=35D5BC16-A80B-49DF-A4AB-2D8A3E454FDC
 Start: ComputeVolumeCharacteristics
 End:   ComputeVolumeCharacteristics; Timer: cpu0=0.000 wall=0.006 
 Start: GetValueOnFacets
 End:   GetValueOnFacets; Timer: cpu0=0.156 wall=0.020 
20.06.26 15:45:22    *SEND* for CIntegralCharsLayer, GUID=4E090A0C-544B-E4A2-4242-BEC451D7CD2B
20.06.26 15:45:22    *SEND* for CIntegralCharsLayer, GUID=DA27EECF-558C-D390-7112-31A961279F88
20.06.26 15:45:22    *SEND* for CIntegralCharsLayer, GUID=D073F2AC-92DF-84C7-2F9D-1DD60ACD790B
 End:   ===== Processing Layers =====; Timer: cpu0=0.156 wall=0.046 

20.06.26 15:45:22  ===== New Time Step =====, Iter number =  101
 Start: TimeServis
 End:   TimeServis; Timer: cpu0=0.328 wall=0.035 
 Start: User modules' functions BeforeTimeStep() are calling
 End:   User modules' functions BeforeTimeStep() are calling; Timer: cpu0=0.000 wall=0.002 
 Start: Adaptation, TotalRealCellsCount= 108930 
 End:   Adaptation; Timer: cpu0=6.219 wall=0.810 
 Start: DistributeGridOnProcessors
 End:   DistributeGridOnProcessors, res= 0; Timer: cpu0=0.938 wall=0.242 
 Start: SetNeiHyperCells
 End:   SetNeiHyperCells, res= 0; Timer: cpu0=0.000 wall=0.007 
 Start: BuildFacetDistribution
 End:   BuildFacetDistribution; Timer: cpu0=0.000 wall=0.002 
 Start: Initialize data arrays on chips
 End:   Initialize data arrays on chips, res= 0; Timer: cpu0=0.000 wall=0.002 
  ***** Maximum Geometrical Gauss = 1.59605e-14, cell= 569:5:1:5:0
  ***** Maximum MovingSurf  Gauss = 2.67969e-14, cell= 696:7:7:0
 Start: Remove Small Cells
 End:   Remove Small Cells; Timer: cpu0=0.109 wall=0.024 
 Start: Initialize data arrays on chips
 End:   Initialize data arrays on chips, res= 0; Timer: cpu0=0.000 wall=0.003 
  ***** Maximum Geometrical Gauss = 1.59605e-14, cell= 569:5:1:5:0
  ***** Maximum MovingSurf  Gauss = 2.67969e-14, cell= 696:7:7:0
 Start: Initialize data arrays on chips
 End:   Initialize data arrays on chips, res= 0; Timer: cpu0=0.000 wall=0.002 
 Start: Modify Chip Data
 End:   Modify Chip Data; Timer: cpu0=0.312 wall=0.040 
 Start: TimeServis
 End:   TimeServis; Timer: cpu0=0.516 wall=0.053 
 Start: FindEnclaves
 End:   FindEnclaves; Timer: cpu0=0.094 wall=0.096 
 Start: VarValueService
 End:   VarValueService; Timer: cpu0=0.000 wall=0.001 
 Start: SolvePhaseEquation 
 End:   SolvePhaseEquation ; Timer: cpu0=13.938 wall=1.664 
 Start: SolidFiltersProcess: calculate forces and moments
 End:   SolidFiltersProcess: calculate forces and moments; Timer: cpu0=0.000 wall=0.001 
 Start: PrepareDataForNextStep
 End:   PrepareDataForNextStep; Timer: cpu0=0.453 wall=0.043 
 Start: VarValueService
 End:   VarValueService; Timer: cpu0=0.000 wall=0.001 
 Start: UpdateStopperData
 End:   UpdateStopperData; Timer: cpu0=0.000 wall=0.000 
 Start: Saving text status in E:\UniFlight\flow\full_rocket10_fv\data\full_rocket10.status
 End:   Saving text status in E:\UniFlight\flow\full_rocket10_fv\data\full_rocket10.status; Timer: cpu0=0.000 wall=0.002 
 End:   ===== Time Step =====, Iter number =  101; Timer: cpu0=23.250 wall=3.129 

20.06.26 15:45:26  ===== Processing Layers =====
20.06.26 15:45:26    *SEND* for CScalarLayer, GUID=35D5BC16-A80B-49DF-A4AB-2D8A3E454FDC
 Start: ComputeVolumeCharacteristics
 End:   ComputeVolumeCharacteristics; Timer: cpu0=0.109 wall=0.004 
 Start: GetValueOnFacets
 End:   GetValueOnFacets; Timer: cpu0=0.141 wall=0.015 
20.06.26 15:45:26    *SEND* for CIntegralCharsLayer, GUID=4E090A0C-544B-E4A2-4242-BEC451D7CD2B
20.06.26 15:45:26    *SEND* for CIntegralCharsLayer, GUID=DA27EECF-558C-D390-7112-31A961279F88
20.06.26 15:45:26    *SEND* for CIntegralCharsLayer, GUID=D073F2AC-92DF-84C7-2F9D-1DD60ACD790B
 End:   ===== Processing Layers =====; Timer: cpu0=0.250 wall=0.037 

20.06.26 15:45:26  ===== New Time Step =====, Iter number =  102
 Start: TimeServis
 End:   TimeServis; Timer: cpu0=0.312 wall=0.036 
 Start: User modules' functions BeforeTimeStep() are calling
 End:   User modules' functions BeforeTimeStep() are calling; Timer: cpu0=0.000 wall=0.003 
 Start: Adaptation, TotalRealCellsCount= 109567 
 End:   Adaptation; Timer: cpu0=0.000 wall=0.005 
 Start: Initialize data arrays on chips
 End:   Initialize data arrays on chips, res= 0; Timer: cpu0=0.000 wall=0.002 
  ***** Maximum Geometrical Gauss = 1.59605e-14, cell= 559:7:3:7:0
  ***** Maximum MovingSurf  Gauss = 0, cell= 
 Start: Initialize data arrays on chips
 End:   Initialize data arrays on chips, res= 0; Timer: cpu0=0.000 wall=0.002 
 Start: TimeServis
 End:   TimeServis; Timer: cpu0=0.453 wall=0.046 
 Start: FindEnclaves
 End:   FindEnclaves; Timer: cpu0=0.078 wall=0.085 
 Start: VarValueService
 End:   VarValueService; Timer: cpu0=0.000 wall=0.001 
 Start: SolvePhaseEquation 
 End:   SolvePhaseEquation ; Timer: cpu0=13.938 wall=1.652 
 Start: SolidFiltersProcess: calculate forces and moments
 End:   SolidFiltersProcess: calculate forces and moments; Timer: cpu0=0.000 wall=0.002 
 Start: PrepareDataForNextStep
 End:   PrepareDataForNextStep; Timer: cpu0=0.422 wall=0.044 
 Start: VarValueService
 End:   VarValueService; Timer: cpu0=0.000 wall=0.002 
 Start: UpdateStopperData
 End:   UpdateStopperData; Timer: cpu0=0.000 wall=0.001 
 Start: Saving text status in E:\UniFlight\flow\full_rocket10_fv\data\full_rocket10.status
 End:   Saving text status in E:\UniFlight\flow\full_rocket10_fv\data\full_rocket10.status; Timer: cpu0=0.000 wall=0.003 
 End:   ===== Time Step =====, Iter number =  102; Timer: cpu0=15.375 wall=1.948 

20.06.26 15:45:28  ===== Processing Layers =====
20.06.26 15:45:28    *SEND* for CScalarLayer, GUID=35D5BC16-A80B-49DF-A4AB-2D8A3E454FDC
 Start: ComputeVolumeCharacteristics
 End:   ComputeVolumeCharacteristics; Timer: cpu0=0.000 wall=0.004 
 Start: GetValueOnFacets
 End:   GetValueOnFacets; Timer: cpu0=0.172 wall=0.014 
20.06.26 15:45:28    *SEND* for CIntegralCharsLayer, GUID=4E090A0C-544B-E4A2-4242-BEC451D7CD2B
20.06.26 15:45:28    *SEND* for CIntegralCharsLayer, GUID=DA27EECF-558C-D390-7112-31A961279F88
20.06.26 15:45:28    *SEND* for CIntegralCharsLayer, GUID=D073F2AC-92DF-84C7-2F9D-1DD60ACD790B
 End:   ===== Processing Layers =====; Timer: cpu0=0.344 wall=0.036 

20.06.26 15:45:28  ===== New Time Step =====, Iter number =  103
 Start: TimeServis
 End:   TimeServis; Timer: cpu0=0.500 wall=0.038 
 Start: User modules' functions BeforeTimeStep() are calling
 End:   User modules' functions BeforeTimeStep() are calling; Timer: cpu0=0.000 wall=0.002 
 Start: Adaptation, TotalRealCellsCount= 109567 
 End:   Adaptation; Timer: cpu0=0.172 wall=0.005 
 Start: Initialize data arrays on chips
 End:   Initialize data arrays on chips, res= 0; Timer: cpu0=0.000 wall=0.002 
  ***** Maximum Geometrical Gauss = 1.59605e-14, cell= 559:7:3:7:0
  ***** Maximum MovingSurf  Gauss = 0, cell= 
 Start: Initialize data arrays on chips
 End:   Initialize data arrays on chips, res= 0; Timer: cpu0=0.000 wall=0.002 
 Start: TimeServis
 End:   TimeServis; Timer: cpu0=0.359 wall=0.046 
 Start: FindEnclaves
 End:   FindEnclaves; Timer: cpu0=0.109 wall=0.110 
 Start: VarValueService
 End:   VarValueService; Timer: cpu0=0.000 wall=0.002 
 Start: SolvePhaseEquation 
 End:   SolvePhaseEquation ; Timer: cpu0=14.172 wall=1.649 
 Start: SolidFiltersProcess: calculate forces and moments
 End:   SolidFiltersProcess: calculate forces and moments; Timer: cpu0=0.000 wall=0.001 
 Start: PrepareDataForNextStep
 End:   PrepareDataForNextStep; Timer: cpu0=0.469 wall=0.041 
 Start: VarValueService
 End:   VarValueService; Timer: cpu0=0.000 wall=0.002 
 Start: UpdateStopperData
 End:   UpdateStopperData; Timer: cpu0=0.000 wall=0.001 
 Start: Saving text status in E:\UniFlight\flow\full_rocket10_fv\data\full_rocket10.status
 End:   Saving text status in E:\UniFlight\flow\full_rocket10_fv\data\full_rocket10.status; Timer: cpu0=0.000 wall=0.002 
 End:   ===== Time Step =====, Iter number =  103; Timer: cpu0=16.266 wall=1.976 

20.06.26 15:45:30  ===== Processing Layers =====
20.06.26 15:45:30    *SEND* for CScalarLayer, GUID=35D5BC16-A80B-49DF-A4AB-2D8A3E454FDC
 Start: ComputeVolumeCharacteristics
 End:   ComputeVolumeCharacteristics; Timer: cpu0=0.000 wall=0.004 
 Start: GetValueOnFacets
 End:   GetValueOnFacets; Timer: cpu0=0.000 wall=0.015 
20.06.26 15:45:30    *SEND* for CIntegralCharsLayer, GUID=4E090A0C-544B-E4A2-4242-BEC451D7CD2B
20.06.26 15:45:30    *SEND* for CIntegralCharsLayer, GUID=DA27EECF-558C-D390-7112-31A961279F88
20.06.26 15:45:30    *SEND* for CIntegralCharsLayer, GUID=D073F2AC-92DF-84C7-2F9D-1DD60ACD790B
 End:   ===== Processing Layers =====; Timer: cpu0=0.000 wall=0.036 

20.06.26 15:45:30  ===== New Time Step =====, Iter number =  104
 Start: TimeServis
 End:   TimeServis; Timer: cpu0=0.344 wall=0.037 
 Start: User modules' functions BeforeTimeStep() are calling
 End:   User modules' functions BeforeTimeStep() are calling; Timer: cpu0=0.000 wall=0.002 
 Start: Adaptation, TotalRealCellsCount= 109567 
 End:   Adaptation; Timer: cpu0=0.000 wall=0.006 
 Start: Initialize data arrays on chips
 End:   Initialize data arrays on chips, res= 0; Timer: cpu0=0.000 wall=0.003 
  ***** Maximum Geometrical Gauss = 1.59605e-14, cell= 559:7:3:7:0
  ***** Maximum MovingSurf  Gauss = 0, cell= 
 Start: Initialize data arrays on chips
 End:   Initialize data arrays on chips, res= 0; Timer: cpu0=0.000 wall=0.002 
 Start: TimeServis
 End:   TimeServis; Timer: cpu0=0.328 wall=0.043 
 Start: FindEnclaves
 End:   FindEnclaves; Timer: cpu0=0.094 wall=0.098 
 Start: VarValueService
 End:   VarValueService; Timer: cpu0=0.000 wall=0.002 
 Start: SolvePhaseEquation 
 End:   SolvePhaseEquation ; Timer: cpu0=13.766 wall=1.615 
 Start: SolidFiltersProcess: calculate forces and moments
 End:   SolidFiltersProcess: calculate forces and moments; Timer: cpu0=0.000 wall=0.002 
 Start: PrepareDataForNextStep
 End:   PrepareDataForNextStep; Timer: cpu0=0.469 wall=0.045 
 Start: VarValueService
 End:   VarValueService; Timer: cpu0=0.000 wall=0.001 
 Start: UpdateStopperData
 End:   UpdateStopperData; Timer: cpu0=0.000 wall=0.001 
 Start: Saving text status in E:\UniFlight\flow\full_rocket10_fv\data\full_rocket10.status
 End:   Saving text status in E:\UniFlight\flow\full_rocket10_fv\data\full_rocket10.status; Timer: cpu0=0.000 wall=0.002 
 End:   ===== Time Step =====, Iter number =  104; Timer: cpu0=15.312 wall=1.920 

20.06.26 15:45:33  ===== Processing Layers =====
20.06.26 15:45:33    *SEND* for CScalarLayer, GUID=35D5BC16-A80B-49DF-A4AB-2D8A3E454FDC
 Start: ComputeVolumeCharacteristics
 End:   ComputeVolumeCharacteristics; Timer: cpu0=0.000 wall=0.006 
 Start: GetValueOnFacets
 End:   GetValueOnFacets; Timer: cpu0=0.016 wall=0.014 
20.06.26 15:45:33    *SEND* for CIntegralCharsLayer, GUID=4E090A0C-544B-E4A2-4242-BEC451D7CD2B
20.06.26 15:45:33    *SEND* for CIntegralCharsLayer, GUID=DA27EECF-558C-D390-7112-31A961279F88
20.06.26 15:45:33    *SEND* for CIntegralCharsLayer, GUID=D073F2AC-92DF-84C7-2F9D-1DD60ACD790B
 End:   ===== Processing Layers =====; Timer: cpu0=0.016 wall=0.036 

20.06.26 15:45:33  ===== New Time Step =====, Iter number =  105
 Start: TimeServis
 End:   TimeServis; Timer: cpu0=0.516 wall=0.036 
 Start: User modules' functions BeforeTimeStep() are calling
 End:   User modules' functions BeforeTimeStep() are calling; Timer: cpu0=0.000 wall=0.002 
 Start: Adaptation, TotalRealCellsCount= 109567 
 End:   Adaptation; Timer: cpu0=0.000 wall=0.005 
 Start: Initialize data arrays on chips
 End:   Initialize data arrays on chips, res= 0; Timer: cpu0=0.000 wall=0.003 
  ***** Maximum Geometrical Gauss = 1.59605e-14, cell= 569:5:1:5:0
  ***** Maximum MovingSurf  Gauss = 0, cell= 
 Start: Initialize data arrays on chips
 End:   Initialize data arrays on chips, res= 0; Timer: cpu0=0.000 wall=0.002 
 Start: TimeServis
 End:   TimeServis; Timer: cpu0=0.500 wall=0.048 
 Start: FindEnclaves
 End:   FindEnclaves; Timer: cpu0=0.094 wall=0.091 
 Start: VarValueService
 End:   VarValueService; Timer: cpu0=0.000 wall=0.002 
 Start: SolvePhaseEquation 
 End:   SolvePhaseEquation ; Timer: cpu0=14.531 wall=1.641 
 Start: SolidFiltersProcess: calculate forces and moments
 End:   SolidFiltersProcess: calculate forces and moments; Timer: cpu0=0.000 wall=0.002 
 Start: PrepareDataForNextStep
 End:   PrepareDataForNextStep; Timer: cpu0=0.422 wall=0.043 
 Start: VarValueService
 End:   VarValueService; Timer: cpu0=0.000 wall=0.001 
 Start: UpdateStopperData
 End:   UpdateStopperData; Timer: cpu0=0.000 wall=0.001 
 Start: Saving text status in E:\UniFlight\flow\full_rocket10_fv\data\full_rocket10.status
 End:   Saving text status in E:\UniFlight\flow\full_rocket10_fv\data\full_rocket10.status; Timer: cpu0=0.000 wall=0.003 
 End:   ===== Time Step =====, Iter number =  105; Timer: cpu0=16.406 wall=1.945 

20.06.26 15:45:35  ===== Processing Layers =====
20.06.26 15:45:35    *SEND* for CScalarLayer, GUID=35D5BC16-A80B-49DF-A4AB-2D8A3E454FDC
 Start: ComputeVolumeCharacteristics
 End:   ComputeVolumeCharacteristics; Timer: cpu0=0.000 wall=0.004 
 Start: GetValueOnFacets
 End:   GetValueOnFacets; Timer: cpu0=0.016 wall=0.015 
20.06.26 15:45:35    *SEND* for CIntegralCharsLayer, GUID=4E090A0C-544B-E4A2-4242-BEC451D7CD2B
20.06.26 15:45:35    *SEND* for CIntegralCharsLayer, GUID=DA27EECF-558C-D390-7112-31A961279F88
20.06.26 15:45:35    *SEND* for CIntegralCharsLayer, GUID=D073F2AC-92DF-84C7-2F9D-1DD60ACD790B
 End:   ===== Processing Layers =====; Timer: cpu0=0.016 wall=0.038 

20.06.26 15:45:35  ===== New Time Step =====, Iter number =  106
 Start: TimeServis
 End:   TimeServis; Timer: cpu0=0.344 wall=0.033 
 Start: User modules' functions BeforeTimeStep() are calling
 End:   User modules' functions BeforeTimeStep() are calling; Timer: cpu0=0.000 wall=0.002 
 Start: Adaptation, TotalRealCellsCount= 109567 
 End:   Adaptation; Timer: cpu0=0.000 wall=0.005 
 Start: Initialize data arrays on chips
 End:   Initialize data arrays on chips, res= 0; Timer: cpu0=0.000 wall=0.002 
  ***** Maximum Geometrical Gauss = 1.59605e-14, cell= 569:5:1:5:0
  ***** Maximum MovingSurf  Gauss = 0, cell= 
 Start: Initialize data arrays on chips
 End:   Initialize data arrays on chips, res= 0; Timer: cpu0=0.016 wall=0.003 
 Start: TimeServis
 End:   TimeServis; Timer: cpu0=0.438 wall=0.046 
 Start: FindEnclaves
 End:   FindEnclaves; Timer: cpu0=0.094 wall=0.097 
 Start: VarValueService
 End:   VarValueService; Timer: cpu0=0.000 wall=0.001 
 Start: SolvePhaseEquation 
 End:   SolvePhaseEquation ; Timer: cpu0=13.812 wall=1.614 
 Start: SolidFiltersProcess: calculate forces and moments
 End:   SolidFiltersProcess: calculate forces and moments; Timer: cpu0=0.000 wall=0.001 
 Start: PrepareDataForNextStep
 End:   PrepareDataForNextStep; Timer: cpu0=0.375 wall=0.042 
 Start: VarValueService
 End:   VarValueService; Timer: cpu0=0.000 wall=0.001 
 Start: UpdateStopperData
 End:   UpdateStopperData; Timer: cpu0=0.000 wall=0.001 
 Start: Saving text status in E:\UniFlight\flow\full_rocket10_fv\data\full_rocket10.status
 End:   Saving text status in E:\UniFlight\flow\full_rocket10_fv\data\full_rocket10.status; Timer: cpu0=0.000 wall=0.002 
 End:   ===== Time Step =====, Iter number =  106; Timer: cpu0=15.422 wall=1.916 

20.06.26 15:45:37  ===== Processing Layers =====
20.06.26 15:45:37    *SEND* for CScalarLayer, GUID=35D5BC16-A80B-49DF-A4AB-2D8A3E454FDC
 Start: ComputeVolumeCharacteristics
 End:   ComputeVolumeCharacteristics; Timer: cpu0=0.172 wall=0.005 
 Start: GetValueOnFacets
 End:   GetValueOnFacets; Timer: cpu0=0.016 wall=0.012 
20.06.26 15:45:37    *SEND* for CIntegralCharsLayer, GUID=4E090A0C-544B-E4A2-4242-BEC451D7CD2B
20.06.26 15:45:37    *SEND* for CIntegralCharsLayer, GUID=DA27EECF-558C-D390-7112-31A961279F88
20.06.26 15:45:37    *SEND* for CIntegralCharsLayer, GUID=D073F2AC-92DF-84C7-2F9D-1DD60ACD790B
 End:   ===== Processing Layers =====; Timer: cpu0=0.188 wall=0.034 

20.06.26 15:45:37  ===== New Time Step =====, Iter number =  107
 Start: TimeServis
 End:   TimeServis; Timer: cpu0=0.344 wall=0.038 
 Start: User modules' functions BeforeTimeStep() are calling
 End:   User modules' functions BeforeTimeStep() are calling; Timer: cpu0=0.000 wall=0.003 
 Start: Adaptation, TotalRealCellsCount= 109567 
 End:   Adaptation; Timer: cpu0=0.000 wall=0.005 
 Start: Initialize data arrays on chips
 End:   Initialize data arrays on chips, res= 0; Timer: cpu0=0.000 wall=0.002 
  ***** Maximum Geometrical Gauss = 1.59605e-14, cell= 559:7:3:7:0
  ***** Maximum MovingSurf  Gauss = 0, cell= 
 Start: Initialize data arrays on chips
 End:   Initialize data arrays on chips, res= 0; Timer: cpu0=0.000 wall=0.002 
 Start: TimeServis
 End:   TimeServis; Timer: cpu0=0.516 wall=0.044 
 Start: FindEnclaves
 End:   FindEnclaves; Timer: cpu0=0.094 wall=0.102 
 Start: VarValueService
 End:   VarValueService; Timer: cpu0=0.000 wall=0.001 
 Start: SolvePhaseEquation 
 End:   SolvePhaseEquation ; Timer: cpu0=13.141 wall=1.612 
 Start: SolidFiltersProcess: calculate forces and moments
 End:   SolidFiltersProcess: calculate forces and moments; Timer: cpu0=0.000 wall=0.002 
 Start: PrepareDataForNextStep
 End:   PrepareDataForNextStep; Timer: cpu0=0.500 wall=0.043 
 Start: VarValueService
 End:   VarValueService; Timer: cpu0=0.000 wall=0.002 
 Start: UpdateStopperData
 End:   UpdateStopperData; Timer: cpu0=0.000 wall=0.001 
 Start: Saving text status in E:\UniFlight\flow\full_rocket10_fv\data\full_rocket10.status
 End:   Saving text status in E:\UniFlight\flow\full_rocket10_fv\data\full_rocket10.status; Timer: cpu0=0.000 wall=0.002 
 End:   ===== Time Step =====, Iter number =  107; Timer: cpu0=15.078 wall=1.927 

20.06.26 15:45:39  ===== Processing Layers =====
20.06.26 15:45:39    *SEND* for CScalarLayer, GUID=35D5BC16-A80B-49DF-A4AB-2D8A3E454FDC
 Start: ComputeVolumeCharacteristics
 End:   ComputeVolumeCharacteristics; Timer: cpu0=0.172 wall=0.005 
 Start: GetValueOnFacets
 End:   GetValueOnFacets; Timer: cpu0=0.141 wall=0.017 
20.06.26 15:45:39    *SEND* for CIntegralCharsLayer, GUID=4E090A0C-544B-E4A2-4242-BEC451D7CD2B
20.06.26 15:45:39    *SEND* for CIntegralCharsLayer, GUID=DA27EECF-558C-D390-7112-31A961279F88
20.06.26 15:45:39    *SEND* for CIntegralCharsLayer, GUID=D073F2AC-92DF-84C7-2F9D-1DD60ACD790B
 End:   ===== Processing Layers =====; Timer: cpu0=0.312 wall=0.038 

20.06.26 15:45:39  ===== New Time Step =====, Iter number =  108
 Start: TimeServis
 End:   TimeServis; Timer: cpu0=0.344 wall=0.037 
 Start: User modules' functions BeforeTimeStep() are calling
 End:   User modules' functions BeforeTimeStep() are calling; Timer: cpu0=0.000 wall=0.002 
 Start: Adaptation, TotalRealCellsCount= 109567 
 End:   Adaptation; Timer: cpu0=0.000 wall=0.004 
 Start: Initialize data arrays on chips
 End:   Initialize data arrays on chips, res= 0; Timer: cpu0=0.000 wall=0.002 
  ***** Maximum Geometrical Gauss = 1.59605e-14, cell= 569:5:1:5:0
  ***** Maximum MovingSurf  Gauss = 0, cell= 
 Start: Initialize data arrays on chips
 End:   Initialize data arrays on chips, res= 0; Timer: cpu0=0.000 wall=0.002 
 Start: TimeServis
 End:   TimeServis; Timer: cpu0=0.297 wall=0.042 
 Start: FindEnclaves
 End:   FindEnclaves; Timer: cpu0=0.094 wall=0.093 
 Start: VarValueService
 End:   VarValueService; Timer: cpu0=0.000 wall=0.002 
 Start: SolvePhaseEquation 
 End:   SolvePhaseEquation ; Timer: cpu0=13.203 wall=1.612 
 Start: SolidFiltersProcess: calculate forces and moments
 End:   SolidFiltersProcess: calculate forces and moments; Timer: cpu0=0.000 wall=0.002 
 Start: PrepareDataForNextStep
 End:   PrepareDataForNextStep; Timer: cpu0=0.344 wall=0.045 
 Start: VarValueService
 End:   VarValueService; Timer: cpu0=0.000 wall=0.001 
 Start: UpdateStopperData
 End:   UpdateStopperData; Timer: cpu0=0.000 wall=0.001 
 Start: Saving text status in E:\UniFlight\flow\full_rocket10_fv\data\full_rocket10.status
 End:   Saving text status in E:\UniFlight\flow\full_rocket10_fv\data\full_rocket10.status; Timer: cpu0=0.000 wall=0.003 
 End:   ===== Time Step =====, Iter number =  108; Timer: cpu0=14.656 wall=1.911 

20.06.26 15:45:42  ===== Processing Layers =====
20.06.26 15:45:42    *SEND* for CScalarLayer, GUID=35D5BC16-A80B-49DF-A4AB-2D8A3E454FDC
 Start: ComputeVolumeCharacteristics
 End:   ComputeVolumeCharacteristics; Timer: cpu0=0.000 wall=0.004 
 Start: GetValueOnFacets
 End:   GetValueOnFacets; Timer: cpu0=0.016 wall=0.013 
20.06.26 15:45:42    *SEND* for CIntegralCharsLayer, GUID=4E090A0C-544B-E4A2-4242-BEC451D7CD2B
20.06.26 15:45:42    *SEND* for CIntegralCharsLayer, GUID=DA27EECF-558C-D390-7112-31A961279F88
20.06.26 15:45:42    *SEND* for CIntegralCharsLayer, GUID=D073F2AC-92DF-84C7-2F9D-1DD60ACD790B
 End:   ===== Processing Layers =====; Timer: cpu0=0.016 wall=0.034 

20.06.26 15:45:42  ===== New Time Step =====, Iter number =  109
 Start: TimeServis
 End:   TimeServis; Timer: cpu0=0.438 wall=0.035 
 Start: User modules' functions BeforeTimeStep() are calling
 End:   User modules' functions BeforeTimeStep() are calling; Timer: cpu0=0.000 wall=0.002 
 Start: Adaptation, TotalRealCellsCount= 109567 
 End:   Adaptation; Timer: cpu0=0.156 wall=0.005 
 Start: Initialize data arrays on chips
 End:   Initialize data arrays on chips, res= 0; Timer: cpu0=0.000 wall=0.003 
  ***** Maximum Geometrical Gauss = 1.59605e-14, cell= 559:7:3:7:0
  ***** Maximum MovingSurf  Gauss = 0, cell= 
 Start: Initialize data arrays on chips
 End:   Initialize data arrays on chips, res= 0; Timer: cpu0=0.000 wall=0.003 
 Start: TimeServis
 End:   TimeServis; Timer: cpu0=0.344 wall=0.047 
 Start: FindEnclaves
 End:   FindEnclaves; Timer: cpu0=0.094 wall=0.096 
 Start: VarValueService
 End:   VarValueService; Timer: cpu0=0.000 wall=0.001 
 Start: SolvePhaseEquation 
 End:   SolvePhaseEquation ; Timer: cpu0=13.688 wall=1.579 
 Start: SolidFiltersProcess: calculate forces and moments
 End:   SolidFiltersProcess: calculate forces and moments; Timer: cpu0=0.000 wall=0.001 
 Start: PrepareDataForNextStep
 End:   PrepareDataForNextStep; Timer: cpu0=0.500 wall=0.044 
 Start: VarValueService
 End:   VarValueService; Timer: cpu0=0.000 wall=0.002 
 Start: UpdateStopperData
 End:   UpdateStopperData; Timer: cpu0=0.000 wall=0.001 
 Start: Saving text status in E:\UniFlight\flow\full_rocket10_fv\data\full_rocket10.status
 End:   Saving text status in E:\UniFlight\flow\full_rocket10_fv\data\full_rocket10.status; Timer: cpu0=0.000 wall=0.002 
 End:   ===== Time Step =====, Iter number =  109; Timer: cpu0=15.391 wall=1.890 

20.06.26 15:45:44  ===== Processing Layers =====
20.06.26 15:45:44    *SEND* for CScalarLayer, GUID=35D5BC16-A80B-49DF-A4AB-2D8A3E454FDC
 Start: ComputeVolumeCharacteristics
 End:   ComputeVolumeCharacteristics; Timer: cpu0=0.000 wall=0.004 
 Start: GetValueOnFacets
 End:   GetValueOnFacets; Timer: cpu0=0.016 wall=0.014 
20.06.26 15:45:44    *SEND* for CIntegralCharsLayer, GUID=4E090A0C-544B-E4A2-4242-BEC451D7CD2B
20.06.26 15:45:44    *SEND* for CIntegralCharsLayer, GUID=DA27EECF-558C-D390-7112-31A961279F88
20.06.26 15:45:44    *SEND* for CIntegralCharsLayer, GUID=D073F2AC-92DF-84C7-2F9D-1DD60ACD790B
 End:   ===== Processing Layers =====; Timer: cpu0=0.016 wall=0.034 

20.06.26 15:45:44  ===== New Time Step =====, Iter number =  110
 Start: TimeServis
 End:   TimeServis; Timer: cpu0=0.266 wall=0.037 
 Start: User modules' functions BeforeTimeStep() are calling
 End:   User modules' functions BeforeTimeStep() are calling; Timer: cpu0=0.000 wall=0.003 
 Start: Adaptation, TotalRealCellsCount= 109567 
 End:   Adaptation; Timer: cpu0=6.281 wall=0.857 
 Start: DistributeGridOnProcessors
 End:   DistributeGridOnProcessors, res= 0; Timer: cpu0=0.781 wall=0.227 
 Start: SetNeiHyperCells
 End:   SetNeiHyperCells, res= 0; Timer: cpu0=0.000 wall=0.007 
 Start: BuildFacetDistribution
 End:   BuildFacetDistribution; Timer: cpu0=0.000 wall=0.001 
 Start: Initialize data arrays on chips
 End:   Initialize data arrays on chips, res= 0; Timer: cpu0=0.172 wall=0.002 
  ***** Maximum Geometrical Gauss = 1.57372e-14, cell= 339:5:5:1:0
  ***** Maximum MovingSurf  Gauss = 4.19583e-14, cell= 44:0:0:0:0
 Start: Remove Small Cells
 End:   Remove Small Cells; Timer: cpu0=0.047 wall=0.022 
 Start: Initialize data arrays on chips
 End:   Initialize data arrays on chips, res= 0; Timer: cpu0=0.000 wall=0.003 
  ***** Maximum Geometrical Gauss = 1.57372e-14, cell= 339:5:5:1:0
  ***** Maximum MovingSurf  Gauss = 4.19583e-14, cell= 44:0:0:0:0
 Start: Initialize data arrays on chips
 End:   Initialize data arrays on chips, res= 0; Timer: cpu0=0.000 wall=0.002 
 Start: Modify Chip Data
 End:   Modify Chip Data; Timer: cpu0=0.344 wall=0.037 
 Start: TimeServis
 End:   TimeServis; Timer: cpu0=0.484 wall=0.051 
 Start: FindEnclaves
 End:   FindEnclaves; Timer: cpu0=0.109 wall=0.111 
 Start: VarValueService
 End:   VarValueService; Timer: cpu0=0.000 wall=0.004 
 Start: SolvePhaseEquation 
 End:   SolvePhaseEquation ; Timer: cpu0=13.531 wall=1.613 
 Start: SolidFiltersProcess: calculate forces and moments
 End:   SolidFiltersProcess: calculate forces and moments; Timer: cpu0=0.000 wall=0.002 
 Start: PrepareDataForNextStep
 End:   PrepareDataForNextStep; Timer: cpu0=0.375 wall=0.046 
 Start: VarValueService
 End:   VarValueService; Timer: cpu0=0.000 wall=0.001 
 Start: UpdateStopperData
 End:   UpdateStopperData; Timer: cpu0=0.000 wall=0.001 
 Start: Saving text status in E:\UniFlight\flow\full_rocket10_fv\data\full_rocket10.status
 End:   Saving text status in E:\UniFlight\flow\full_rocket10_fv\data\full_rocket10.status; Timer: cpu0=0.000 wall=0.003 
 End:   ===== Time Step =====, Iter number =  110; Timer: cpu0=22.719 wall=3.122 

20.06.26 15:45:47  ===== Processing Layers =====
20.06.26 15:45:47    *SEND* for CScalarLayer, GUID=35D5BC16-A80B-49DF-A4AB-2D8A3E454FDC
 Start: ComputeVolumeCharacteristics
 End:   ComputeVolumeCharacteristics; Timer: cpu0=0.000 wall=0.005 
 Start: GetValueOnFacets
 End:   GetValueOnFacets; Timer: cpu0=0.000 wall=0.015 
20.06.26 15:45:47    *SEND* for CIntegralCharsLayer, GUID=4E090A0C-544B-E4A2-4242-BEC451D7CD2B
20.06.26 15:45:47    *SEND* for CIntegralCharsLayer, GUID=DA27EECF-558C-D390-7112-31A961279F88
20.06.26 15:45:47    *SEND* for CIntegralCharsLayer, GUID=D073F2AC-92DF-84C7-2F9D-1DD60ACD790B
 End:   ===== Processing Layers =====; Timer: cpu0=0.000 wall=0.037 

20.06.26 15:45:47  ===== New Time Step =====, Iter number =  111
 Start: TimeServis
 End:   TimeServis; Timer: cpu0=0.375 wall=0.061 
 Start: User modules' functions BeforeTimeStep() are calling
 End:   User modules' functions BeforeTimeStep() are calling; Timer: cpu0=0.000 wall=0.003 
 Start: Adaptation, TotalRealCellsCount= 107887 
 End:   Adaptation; Timer: cpu0=6.281 wall=0.878 
 Start: DistributeGridOnProcessors
 End:   DistributeGridOnProcessors, res= 0; Timer: cpu0=0.797 wall=0.254 
 Start: SetNeiHyperCells
 End:   SetNeiHyperCells, res= 0; Timer: cpu0=0.000 wall=0.008 
 Start: BuildFacetDistribution
 End:   BuildFacetDistribution; Timer: cpu0=0.000 wall=0.002 
 Start: Initialize data arrays on chips
 End:   Initialize data arrays on chips, res= 0; Timer: cpu0=0.000 wall=0.002 
  ***** Maximum Geometrical Gauss = 1.57372e-14, cell= 339:5:5:1:0
  ***** Maximum MovingSurf  Gauss = 4.19583e-14, cell= 44:0:0:0
 Start: Remove Small Cells
 End:   Remove Small Cells; Timer: cpu0=0.172 wall=0.023 
 Start: Initialize data arrays on chips
 End:   Initialize data arrays on chips, res= 0; Timer: cpu0=0.172 wall=0.002 
  ***** Maximum Geometrical Gauss = 1.57372e-14, cell= 339:5:5:1:0
  ***** Maximum MovingSurf  Gauss = 4.19583e-14, cell= 44:0:0:0
 Start: Initialize data arrays on chips
 End:   Initialize data arrays on chips, res= 0; Timer: cpu0=0.000 wall=0.002 
 Start: Modify Chip Data
 End:   Modify Chip Data; Timer: cpu0=0.344 wall=0.038 
 Start: TimeServis
 End:   TimeServis; Timer: cpu0=0.484 wall=0.047 
 Start: FindEnclaves
 End:   FindEnclaves; Timer: cpu0=0.094 wall=0.095 
 Start: VarValueService
 End:   VarValueService; Timer: cpu0=0.000 wall=0.001 
 Start: SolvePhaseEquation 
 End:   SolvePhaseEquation ; Timer: cpu0=13.734 wall=1.657 
 Start: SolidFiltersProcess: calculate forces and moments
 End:   SolidFiltersProcess: calculate forces and moments; Timer: cpu0=0.000 wall=0.001 
 Start: PrepareDataForNextStep
 End:   PrepareDataForNextStep; Timer: cpu0=0.359 wall=0.044 
 Start: VarValueService
 End:   VarValueService; Timer: cpu0=0.000 wall=0.001 
 Start: UpdateStopperData
 End:   UpdateStopperData; Timer: cpu0=0.000 wall=0.001 
 Start: Saving text status in E:\UniFlight\flow\full_rocket10_fv\data\full_rocket10.status
 End:   Saving text status in E:\UniFlight\flow\full_rocket10_fv\data\full_rocket10.status; Timer: cpu0=0.000 wall=0.003 
 End:   ===== Time Step =====, Iter number =  111; Timer: cpu0=23.141 wall=3.215 

20.06.26 15:45:51  ===== Processing Layers =====
20.06.26 15:45:51    *SEND* for CScalarLayer, GUID=35D5BC16-A80B-49DF-A4AB-2D8A3E454FDC
 Start: ComputeVolumeCharacteristics
 End:   ComputeVolumeCharacteristics; Timer: cpu0=0.000 wall=0.004 
 Start: GetValueOnFacets
 End:   GetValueOnFacets; Timer: cpu0=0.141 wall=0.014 
20.06.26 15:45:51    *SEND* for CIntegralCharsLayer, GUID=4E090A0C-544B-E4A2-4242-BEC451D7CD2B
20.06.26 15:45:51    *SEND* for CIntegralCharsLayer, GUID=DA27EECF-558C-D390-7112-31A961279F88
20.06.26 15:45:51    *SEND* for CIntegralCharsLayer, GUID=D073F2AC-92DF-84C7-2F9D-1DD60ACD790B
 End:   ===== Processing Layers =====; Timer: cpu0=0.141 wall=0.040 

20.06.26 15:45:51  ===== New Time Step =====, Iter number =  112
 Start: TimeServis
 End:   TimeServis; Timer: cpu0=0.500 wall=0.042 
 Start: User modules' functions BeforeTimeStep() are calling
 End:   User modules' functions BeforeTimeStep() are calling; Timer: cpu0=0.000 wall=0.001 
 Start: Adaptation, TotalRealCellsCount= 109294 
 End:   Adaptation; Timer: cpu0=0.172 wall=0.005 
 Start: Initialize data arrays on chips
 End:   Initialize data arrays on chips, res= 0; Timer: cpu0=0.000 wall=0.002 
  ***** Maximum Geometrical Gauss = 1.57372e-14, cell= 339:5:5:1:0
  ***** Maximum MovingSurf  Gauss = 0, cell= 
 Start: Initialize data arrays on chips
 End:   Initialize data arrays on chips, res= 0; Timer: cpu0=0.000 wall=0.003 
 Start: TimeServis
 End:   TimeServis; Timer: cpu0=0.484 wall=0.046 
 Start: FindEnclaves
 End:   FindEnclaves; Timer: cpu0=0.062 wall=0.092 
 Start: VarValueService
 End:   VarValueService; Timer: cpu0=0.000 wall=0.001 
 Start: SolvePhaseEquation 
 End:   SolvePhaseEquation ; Timer: cpu0=14.516 wall=1.616 
 Start: SolidFiltersProcess: calculate forces and moments
 End:   SolidFiltersProcess: calculate forces and moments; Timer: cpu0=0.000 wall=0.002 
 Start: PrepareDataForNextStep
 End:   PrepareDataForNextStep; Timer: cpu0=0.312 wall=0.045 
 Start: VarValueService
 End:   VarValueService; Timer: cpu0=0.000 wall=0.001 
 Start: UpdateStopperData
 End:   UpdateStopperData; Timer: cpu0=0.000 wall=0.001 
 Start: Saving text status in E:\UniFlight\flow\full_rocket10_fv\data\full_rocket10.status
 End:   Saving text status in E:\UniFlight\flow\full_rocket10_fv\data\full_rocket10.status; Timer: cpu0=0.000 wall=0.002 
 End:   ===== Time Step =====, Iter number =  112; Timer: cpu0=16.266 wall=1.923 

20.06.26 15:45:53  ===== Processing Layers =====
20.06.26 15:45:53    *SEND* for CScalarLayer, GUID=35D5BC16-A80B-49DF-A4AB-2D8A3E454FDC
 Start: ComputeVolumeCharacteristics
 End:   ComputeVolumeCharacteristics; Timer: cpu0=0.000 wall=0.004 
 Start: GetValueOnFacets
 End:   GetValueOnFacets; Timer: cpu0=0.172 wall=0.014 
20.06.26 15:45:53    *SEND* for CIntegralCharsLayer, GUID=4E090A0C-544B-E4A2-4242-BEC451D7CD2B
20.06.26 15:45:53    *SEND* for CIntegralCharsLayer, GUID=DA27EECF-558C-D390-7112-31A961279F88
20.06.26 15:45:53    *SEND* for CIntegralCharsLayer, GUID=D073F2AC-92DF-84C7-2F9D-1DD60ACD790B
 End:   ===== Processing Layers =====; Timer: cpu0=0.344 wall=0.036 

20.06.26 15:45:53  ===== New Time Step =====, Iter number =  113
 Start: TimeServis
 End:   TimeServis; Timer: cpu0=0.438 wall=0.038 
 Start: User modules' functions BeforeTimeStep() are calling
 End:   User modules' functions BeforeTimeStep() are calling; Timer: cpu0=0.000 wall=0.003 
 Start: Adaptation, TotalRealCellsCount= 109294 
 End:   Adaptation; Timer: cpu0=0.156 wall=0.005 
 Start: Initialize data arrays on chips
 End:   Initialize data arrays on chips, res= 0; Timer: cpu0=0.000 wall=0.002 
  ***** Maximum Geometrical Gauss = 1.57372e-14, cell= 339:5:5:1:0
  ***** Maximum MovingSurf  Gauss = 0, cell= 
 Start: Initialize data arrays on chips
 End:   Initialize data arrays on chips, res= 0; Timer: cpu0=0.000 wall=0.002 
 Start: TimeServis
 End:   TimeServis; Timer: cpu0=0.438 wall=0.041 
 Start: FindEnclaves
 End:   FindEnclaves; Timer: cpu0=0.078 wall=0.093 
 Start: VarValueService
 End:   VarValueService; Timer: cpu0=0.000 wall=0.001 
 Start: SolvePhaseEquation 
 End:   SolvePhaseEquation ; Timer: cpu0=13.297 wall=1.627 
 Start: SolidFiltersProcess: calculate forces and moments
 End:   SolidFiltersProcess: calculate forces and moments; Timer: cpu0=0.000 wall=0.002 
 Start: PrepareDataForNextStep
 End:   PrepareDataForNextStep; Timer: cpu0=0.344 wall=0.041 
 Start: VarValueService
 End:   VarValueService; Timer: cpu0=0.000 wall=0.002 
 Start: UpdateStopperData
 End:   UpdateStopperData; Timer: cpu0=0.000 wall=0.001 
 Start: Saving text status in E:\UniFlight\flow\full_rocket10_fv\data\full_rocket10.status
 End:   Saving text status in E:\UniFlight\flow\full_rocket10_fv\data\full_rocket10.status; Timer: cpu0=0.000 wall=0.002 
 End:   ===== Time Step =====, Iter number =  113; Timer: cpu0=14.906 wall=1.921 

20.06.26 15:45:55  ===== Processing Layers =====
20.06.26 15:45:55    *SEND* for CScalarLayer, GUID=35D5BC16-A80B-49DF-A4AB-2D8A3E454FDC
 Start: ComputeVolumeCharacteristics
 End:   ComputeVolumeCharacteristics; Timer: cpu0=0.000 wall=0.006 
 Start: GetValueOnFacets
 End:   GetValueOnFacets; Timer: cpu0=0.016 wall=0.015 
20.06.26 15:45:55    *SEND* for CIntegralCharsLayer, GUID=4E090A0C-544B-E4A2-4242-BEC451D7CD2B
20.06.26 15:45:55    *SEND* for CIntegralCharsLayer, GUID=DA27EECF-558C-D390-7112-31A961279F88
20.06.26 15:45:55    *SEND* for CIntegralCharsLayer, GUID=D073F2AC-92DF-84C7-2F9D-1DD60ACD790B
 End:   ===== Processing Layers =====; Timer: cpu0=0.016 wall=0.037 

20.06.26 15:45:55  ===== New Time Step =====, Iter number =  114
 Start: TimeServis
 End:   TimeServis; Timer: cpu0=0.344 wall=0.038 
 Start: User modules' functions BeforeTimeStep() are calling
 End:   User modules' functions BeforeTimeStep() are calling; Timer: cpu0=0.000 wall=0.002 
 Start: Adaptation, TotalRealCellsCount= 109294 
 End:   Adaptation; Timer: cpu0=0.000 wall=0.005 
 Start: Initialize data arrays on chips
 End:   Initialize data arrays on chips, res= 0; Timer: cpu0=0.000 wall=0.002 
  ***** Maximum Geometrical Gauss = 1.57372e-14, cell= 339:5:5:1:0
  ***** Maximum MovingSurf  Gauss = 0, cell= 
 Start: Initialize data arrays on chips
 End:   Initialize data arrays on chips, res= 0; Timer: cpu0=0.000 wall=0.002 
 Start: TimeServis
 End:   TimeServis; Timer: cpu0=0.516 wall=0.041 
 Start: FindEnclaves
 End:   FindEnclaves; Timer: cpu0=0.266 wall=0.106 
 Start: VarValueService
 End:   VarValueService; Timer: cpu0=0.000 wall=0.003 
 Start: SolvePhaseEquation 
 End:   SolvePhaseEquation ; Timer: cpu0=13.172 wall=1.779 
 Start: SolidFiltersProcess: calculate forces and moments
 End:   SolidFiltersProcess: calculate forces and moments; Timer: cpu0=0.000 wall=0.002 
 Start: PrepareDataForNextStep
 End:   PrepareDataForNextStep; Timer: cpu0=0.203 wall=0.045 
 Start: VarValueService
 End:   VarValueService; Timer: cpu0=0.000 wall=0.001 
 Start: UpdateStopperData
 End:   UpdateStopperData; Timer: cpu0=0.000 wall=0.001 
 Start: Saving text status in E:\UniFlight\flow\full_rocket10_fv\data\full_rocket10.status
 End:   Saving text status in E:\UniFlight\flow\full_rocket10_fv\data\full_rocket10.status; Timer: cpu0=0.000 wall=0.002 
 End:   ===== Time Step =====, Iter number =  114; Timer: cpu0=14.812 wall=2.103 

20.06.26 15:45:58  ===== Processing Layers =====
20.06.26 15:45:58    *SEND* for CScalarLayer, GUID=35D5BC16-A80B-49DF-A4AB-2D8A3E454FDC
 Start: ComputeVolumeCharacteristics
 End:   ComputeVolumeCharacteristics; Timer: cpu0=0.000 wall=0.004 
 Start: GetValueOnFacets
 End:   GetValueOnFacets; Timer: cpu0=0.016 wall=0.014 
20.06.26 15:45:58    *SEND* for CIntegralCharsLayer, GUID=4E090A0C-544B-E4A2-4242-BEC451D7CD2B
20.06.26 15:45:58    *SEND* for CIntegralCharsLayer, GUID=DA27EECF-558C-D390-7112-31A961279F88
20.06.26 15:45:58    *SEND* for CIntegralCharsLayer, GUID=D073F2AC-92DF-84C7-2F9D-1DD60ACD790B
 End:   ===== Processing Layers =====; Timer: cpu0=0.016 wall=0.037 

20.06.26 15:45:58  ===== New Time Step =====, Iter number =  115
 Start: TimeServis
 End:   TimeServis; Timer: cpu0=0.344 wall=0.037 
 Start: User modules' functions BeforeTimeStep() are calling
 End:   User modules' functions BeforeTimeStep() are calling; Timer: cpu0=0.000 wall=0.003 
 Start: Adaptation, TotalRealCellsCount= 109294 
 End:   Adaptation; Timer: cpu0=0.172 wall=0.004 
 Start: Initialize data arrays on chips
 End:   Initialize data arrays on chips, res= 0; Timer: cpu0=0.000 wall=0.002 
  ***** Maximum Geometrical Gauss = 1.57372e-14, cell= 339:5:5:1:0
  ***** Maximum MovingSurf  Gauss = 0, cell= 
 Start: Initialize data arrays on chips
 End:   Initialize data arrays on chips, res= 0; Timer: cpu0=0.000 wall=0.002 
 Start: TimeServis
 End:   TimeServis; Timer: cpu0=0.406 wall=0.046 
 Start: FindEnclaves
 End:   FindEnclaves; Timer: cpu0=0.109 wall=0.107 
 Start: VarValueService
 End:   VarValueService; Timer: cpu0=0.000 wall=0.001 
 Start: SolvePhaseEquation 
 End:   SolvePhaseEquation ; Timer: cpu0=14.734 wall=1.752 
 Start: SolidFiltersProcess: calculate forces and moments
 End:   SolidFiltersProcess: calculate forces and moments; Timer: cpu0=0.000 wall=0.001 
 Start: PrepareDataForNextStep
 End:   PrepareDataForNextStep; Timer: cpu0=0.484 wall=0.049 
 Start: VarValueService
 End:   VarValueService; Timer: cpu0=0.000 wall=0.002 
 Start: UpdateStopperData
 End:   UpdateStopperData; Timer: cpu0=0.000 wall=0.001 
 Start: Saving text status in E:\UniFlight\flow\full_rocket10_fv\data\full_rocket10.status
 End:   Saving text status in E:\UniFlight\flow\full_rocket10_fv\data\full_rocket10.status; Timer: cpu0=0.000 wall=0.002 
 End:   ===== Time Step =====, Iter number =  115; Timer: cpu0=16.719 wall=2.084 

20.06.26 15:46:00  ===== Processing Layers =====
20.06.26 15:46:00    *SEND* for CScalarLayer, GUID=35D5BC16-A80B-49DF-A4AB-2D8A3E454FDC
 Start: ComputeVolumeCharacteristics
 End:   ComputeVolumeCharacteristics; Timer: cpu0=0.172 wall=0.006 
 Start: GetValueOnFacets
 End:   GetValueOnFacets; Timer: cpu0=0.156 wall=0.019 
20.06.26 15:46:00    *SEND* for CIntegralCharsLayer, GUID=4E090A0C-544B-E4A2-4242-BEC451D7CD2B
20.06.26 15:46:00    *SEND* for CIntegralCharsLayer, GUID=DA27EECF-558C-D390-7112-31A961279F88
20.06.26 15:46:00    *SEND* for CIntegralCharsLayer, GUID=D073F2AC-92DF-84C7-2F9D-1DD60ACD790B
 End:   ===== Processing Layers =====; Timer: cpu0=0.328 wall=0.058 

20.06.26 15:46:00  ===== New Time Step =====, Iter number =  116
 Start: TimeServis
 End:   TimeServis; Timer: cpu0=0.438 wall=0.047 
 Start: User modules' functions BeforeTimeStep() are calling
 End:   User modules' functions BeforeTimeStep() are calling; Timer: cpu0=0.000 wall=0.002 
 Start: Adaptation, TotalRealCellsCount= 109294 
 End:   Adaptation; Timer: cpu0=0.000 wall=0.008 
 Start: Initialize data arrays on chips
 End:   Initialize data arrays on chips, res= 0; Timer: cpu0=0.000 wall=0.003 
  ***** Maximum Geometrical Gauss = 1.57372e-14, cell= 339:5:5:1:0
  ***** Maximum MovingSurf  Gauss = 0, cell= 
 Start: Initialize data arrays on chips
 End:   Initialize data arrays on chips, res= 0; Timer: cpu0=0.000 wall=0.002 
 Start: TimeServis
 End:   TimeServis; Timer: cpu0=0.641 wall=0.072 
 Start: FindEnclaves
 End:   FindEnclaves; Timer: cpu0=0.109 wall=0.116 
 Start: VarValueService
 End:   VarValueService; Timer: cpu0=0.000 wall=0.001 
 Start: SolvePhaseEquation 
 End:   SolvePhaseEquation ; Timer: cpu0=14.172 wall=1.896 
 Start: SolidFiltersProcess: calculate forces and moments
 End:   SolidFiltersProcess: calculate forces and moments; Timer: cpu0=0.000 wall=0.002 
 Start: PrepareDataForNextStep
 End:   PrepareDataForNextStep; Timer: cpu0=0.391 wall=0.061 
 Start: VarValueService
 End:   VarValueService; Timer: cpu0=0.000 wall=0.002 
 Start: UpdateStopperData
 End:   UpdateStopperData; Timer: cpu0=0.000 wall=0.001 
 Start: Saving text status in E:\UniFlight\flow\full_rocket10_fv\data\full_rocket10.status
 End:   Saving text status in E:\UniFlight\flow\full_rocket10_fv\data\full_rocket10.status; Timer: cpu0=0.000 wall=0.003 
 End:   ===== Time Step =====, Iter number =  116; Timer: cpu0=16.078 wall=2.296 

20.06.26 15:46:03  ===== Processing Layers =====
20.06.26 15:46:03    *SEND* for CScalarLayer, GUID=35D5BC16-A80B-49DF-A4AB-2D8A3E454FDC
 Start: ComputeVolumeCharacteristics
 End:   ComputeVolumeCharacteristics; Timer: cpu0=0.000 wall=0.005 
 Start: GetValueOnFacets
 End:   GetValueOnFacets; Timer: cpu0=0.016 wall=0.017 
20.06.26 15:46:03    *SEND* for CIntegralCharsLayer, GUID=4E090A0C-544B-E4A2-4242-BEC451D7CD2B
20.06.26 15:46:03    *SEND* for CIntegralCharsLayer, GUID=DA27EECF-558C-D390-7112-31A961279F88
20.06.26 15:46:03    *SEND* for CIntegralCharsLayer, GUID=D073F2AC-92DF-84C7-2F9D-1DD60ACD790B
 End:   ===== Processing Layers =====; Timer: cpu0=0.016 wall=0.042 

20.06.26 15:46:03  ===== New Time Step =====, Iter number =  117
 Start: TimeServis
 End:   TimeServis; Timer: cpu0=0.328 wall=0.039 
 Start: User modules' functions BeforeTimeStep() are calling
 End:   User modules' functions BeforeTimeStep() are calling; Timer: cpu0=0.000 wall=0.002 
 Start: Adaptation, TotalRealCellsCount= 109294 
 End:   Adaptation; Timer: cpu0=0.000 wall=0.005 
 Start: Initialize data arrays on chips
 End:   Initialize data arrays on chips, res= 0; Timer: cpu0=0.000 wall=0.004 
  ***** Maximum Geometrical Gauss = 1.57372e-14, cell= 339:5:5:1:0
  ***** Maximum MovingSurf  Gauss = 0, cell= 
 Start: Initialize data arrays on chips
 End:   Initialize data arrays on chips, res= 0; Timer: cpu0=0.000 wall=0.003 
 Start: TimeServis
 End:   TimeServis; Timer: cpu0=0.516 wall=0.061 
 Start: FindEnclaves
 End:   FindEnclaves; Timer: cpu0=0.266 wall=0.104 
 Start: VarValueService
 End:   VarValueService; Timer: cpu0=0.000 wall=0.003 
 Start: SolvePhaseEquation 
 End:   SolvePhaseEquation ; Timer: cpu0=13.719 wall=1.743 
 Start: SolidFiltersProcess: calculate forces and moments
 End:   SolidFiltersProcess: calculate forces and moments; Timer: cpu0=0.000 wall=0.002 
 Start: PrepareDataForNextStep
 End:   PrepareDataForNextStep; Timer: cpu0=0.359 wall=0.043 
 Start: VarValueService
 End:   VarValueService; Timer: cpu0=0.000 wall=0.002 
 Start: UpdateStopperData
 End:   UpdateStopperData; Timer: cpu0=0.000 wall=0.001 
 Start: Saving text status in E:\UniFlight\flow\full_rocket10_fv\data\full_rocket10.status
 End:   Saving text status in E:\UniFlight\flow\full_rocket10_fv\data\full_rocket10.status; Timer: cpu0=0.000 wall=0.003 
 End:   ===== Time Step =====, Iter number =  117; Timer: cpu0=15.516 wall=2.085 

20.06.26 15:46:05  ===== Processing Layers =====
20.06.26 15:46:05    *SEND* for CScalarLayer, GUID=35D5BC16-A80B-49DF-A4AB-2D8A3E454FDC
 Start: ComputeVolumeCharacteristics
 End:   ComputeVolumeCharacteristics; Timer: cpu0=0.000 wall=0.005 
 Start: GetValueOnFacets
 End:   GetValueOnFacets; Timer: cpu0=0.000 wall=0.014 
20.06.26 15:46:05    *SEND* for CIntegralCharsLayer, GUID=4E090A0C-544B-E4A2-4242-BEC451D7CD2B
20.06.26 15:46:05    *SEND* for CIntegralCharsLayer, GUID=DA27EECF-558C-D390-7112-31A961279F88
20.06.26 15:46:05    *SEND* for CIntegralCharsLayer, GUID=D073F2AC-92DF-84C7-2F9D-1DD60ACD790B
 End:   ===== Processing Layers =====; Timer: cpu0=0.016 wall=0.037 

20.06.26 15:46:05  ===== New Time Step =====, Iter number =  118
 Start: TimeServis
 End:   TimeServis; Timer: cpu0=0.312 wall=0.033 
 Start: User modules' functions BeforeTimeStep() are calling
 End:   User modules' functions BeforeTimeStep() are calling; Timer: cpu0=0.000 wall=0.002 
 Start: Adaptation, TotalRealCellsCount= 109294 
 End:   Adaptation; Timer: cpu0=0.172 wall=0.005 
 Start: Initialize data arrays on chips
 End:   Initialize data arrays on chips, res= 0; Timer: cpu0=0.000 wall=0.002 
  ***** Maximum Geometrical Gauss = 1.57372e-14, cell= 339:5:5:1:0
  ***** Maximum MovingSurf  Gauss = 0, cell= 
 Start: Initialize data arrays on chips
 End:   Initialize data arrays on chips, res= 0; Timer: cpu0=0.000 wall=0.002 
 Start: TimeServis
 End:   TimeServis; Timer: cpu0=0.500 wall=0.042 
 Start: FindEnclaves
 End:   FindEnclaves; Timer: cpu0=0.078 wall=0.092 
 Start: VarValueService
 End:   VarValueService; Timer: cpu0=0.000 wall=0.001 
 Start: SolvePhaseEquation 
 End:   SolvePhaseEquation ; Timer: cpu0=12.625 wall=1.639 
 Start: SolidFiltersProcess: calculate forces and moments
 End:   SolidFiltersProcess: calculate forces and moments; Timer: cpu0=0.000 wall=0.001 
 Start: PrepareDataForNextStep
 End:   PrepareDataForNextStep; Timer: cpu0=0.516 wall=0.045 
 Start: VarValueService
 End:   VarValueService; Timer: cpu0=0.000 wall=0.001 
 Start: UpdateStopperData
 End:   UpdateStopperData; Timer: cpu0=0.000 wall=0.001 
 Start: Saving text status in E:\UniFlight\flow\full_rocket10_fv\data\full_rocket10.status
 End:   Saving text status in E:\UniFlight\flow\full_rocket10_fv\data\full_rocket10.status; Timer: cpu0=0.000 wall=0.003 
 End:   ===== Time Step =====, Iter number =  118; Timer: cpu0=14.359 wall=1.936 

20.06.26 15:46:07  ===== Processing Layers =====
20.06.26 15:46:07    *SEND* for CScalarLayer, GUID=35D5BC16-A80B-49DF-A4AB-2D8A3E454FDC
 Start: ComputeVolumeCharacteristics
 End:   ComputeVolumeCharacteristics; Timer: cpu0=0.172 wall=0.006 
 Start: GetValueOnFacets
 End:   GetValueOnFacets; Timer: cpu0=0.172 wall=0.016 
20.06.26 15:46:07    *SEND* for CIntegralCharsLayer, GUID=4E090A0C-544B-E4A2-4242-BEC451D7CD2B
20.06.26 15:46:07    *SEND* for CIntegralCharsLayer, GUID=DA27EECF-558C-D390-7112-31A961279F88
20.06.26 15:46:07    *SEND* for CIntegralCharsLayer, GUID=D073F2AC-92DF-84C7-2F9D-1DD60ACD790B
 End:   ===== Processing Layers =====; Timer: cpu0=0.344 wall=0.039 

20.06.26 15:46:07  ===== New Time Step =====, Iter number =  119
 Start: TimeServis
 End:   TimeServis; Timer: cpu0=0.391 wall=0.045 
 Start: User modules' functions BeforeTimeStep() are calling
 End:   User modules' functions BeforeTimeStep() are calling; Timer: cpu0=0.000 wall=0.002 
 Start: Adaptation, TotalRealCellsCount= 109294 
 End:   Adaptation; Timer: cpu0=0.000 wall=0.005 
 Start: Initialize data arrays on chips
 End:   Initialize data arrays on chips, res= 0; Timer: cpu0=0.000 wall=0.002 
  ***** Maximum Geometrical Gauss = 1.57372e-14, cell= 339:5:5:1:0
  ***** Maximum MovingSurf  Gauss = 0, cell= 
 Start: Initialize data arrays on chips
 End:   Initialize data arrays on chips, res= 0; Timer: cpu0=0.000 wall=0.003 
 Start: TimeServis
 End:   TimeServis; Timer: cpu0=0.500 wall=0.051 
 Start: FindEnclaves
 End:   FindEnclaves; Timer: cpu0=0.094 wall=0.112 
 Start: VarValueService
 End:   VarValueService; Timer: cpu0=0.000 wall=0.001 
 Start: SolvePhaseEquation 
 End:   SolvePhaseEquation ; Timer: cpu0=13.688 wall=1.711 
 Start: SolidFiltersProcess: calculate forces and moments
 End:   SolidFiltersProcess: calculate forces and moments; Timer: cpu0=0.000 wall=0.002 
 Start: PrepareDataForNextStep
 End:   PrepareDataForNextStep; Timer: cpu0=0.281 wall=0.049 
 Start: VarValueService
 End:   VarValueService; Timer: cpu0=0.000 wall=0.002 
 Start: UpdateStopperData
 End:   UpdateStopperData; Timer: cpu0=0.000 wall=0.000 
 Start: Saving text status in E:\UniFlight\flow\full_rocket10_fv\data\full_rocket10.status
 End:   Saving text status in E:\UniFlight\flow\full_rocket10_fv\data\full_rocket10.status; Timer: cpu0=0.000 wall=0.002 
 End:   ===== Time Step =====, Iter number =  119; Timer: cpu0=14.969 wall=2.055 

20.06.26 15:46:10  ===== Processing Layers =====
20.06.26 15:46:10    *SEND* for CScalarLayer, GUID=35D5BC16-A80B-49DF-A4AB-2D8A3E454FDC
 Start: ComputeVolumeCharacteristics
 End:   ComputeVolumeCharacteristics; Timer: cpu0=0.000 wall=0.004 
 Start: GetValueOnFacets
 End:   GetValueOnFacets; Timer: cpu0=0.000 wall=0.013 
20.06.26 15:46:10    *SEND* for CIntegralCharsLayer, GUID=4E090A0C-544B-E4A2-4242-BEC451D7CD2B
20.06.26 15:46:10    *SEND* for CIntegralCharsLayer, GUID=DA27EECF-558C-D390-7112-31A961279F88
20.06.26 15:46:10    *SEND* for CIntegralCharsLayer, GUID=D073F2AC-92DF-84C7-2F9D-1DD60ACD790B
 End:   ===== Processing Layers =====; Timer: cpu0=0.000 wall=0.035 

20.06.26 15:46:10  ===== New Time Step =====, Iter number =  120
 Start: TimeServis
 End:   TimeServis; Timer: cpu0=0.344 wall=0.037 
 Start: User modules' functions BeforeTimeStep() are calling
 End:   User modules' functions BeforeTimeStep() are calling; Timer: cpu0=0.000 wall=0.003 
 Start: Adaptation, TotalRealCellsCount= 109294 
 End:   Adaptation; Timer: cpu0=7.094 wall=0.943 
 Start: DistributeGridOnProcessors
 End:   DistributeGridOnProcessors, res= 0; Timer: cpu0=0.938 wall=0.253 
 Start: SetNeiHyperCells
 End:   SetNeiHyperCells, res= 0; Timer: cpu0=0.000 wall=0.008 
 Start: BuildFacetDistribution
 End:   BuildFacetDistribution; Timer: cpu0=0.000 wall=0.002 
 Start: Initialize data arrays on chips
 End:   Initialize data arrays on chips, res= 0; Timer: cpu0=0.000 wall=0.002 
  ***** Maximum Geometrical Gauss = 1.88615e-14, cell= 490:2:3:3:0
  ***** Maximum MovingSurf  Gauss = 1.42799e-14, cell= 43:1:3:0:0
 Start: Remove Small Cells
 End:   Remove Small Cells; Timer: cpu0=0.125 wall=0.026 
 Start: Initialize data arrays on chips
 End:   Initialize data arrays on chips, res= 0; Timer: cpu0=0.000 wall=0.002 
  ***** Maximum Geometrical Gauss = 1.88615e-14, cell= 490:2:3:3:0
  ***** Maximum MovingSurf  Gauss = 1.42799e-14, cell= 43:1:3:0:0
 Start: Initialize data arrays on chips
 End:   Initialize data arrays on chips, res= 0; Timer: cpu0=0.000 wall=0.002 
 Start: Modify Chip Data
 End:   Modify Chip Data; Timer: cpu0=0.391 wall=0.044 
 Start: TimeServis
 End:   TimeServis; Timer: cpu0=0.562 wall=0.053 
 Start: FindEnclaves
 End:   FindEnclaves; Timer: cpu0=0.109 wall=0.109 
 Start: VarValueService
 End:   VarValueService; Timer: cpu0=0.000 wall=0.003 
 Start: SolvePhaseEquation 
 End:   SolvePhaseEquation ; Timer: cpu0=14.953 wall=1.895 
 Start: SolidFiltersProcess: calculate forces and moments
 End:   SolidFiltersProcess: calculate forces and moments; Timer: cpu0=0.000 wall=0.002 
 Start: PrepareDataForNextStep
 End:   PrepareDataForNextStep; Timer: cpu0=0.484 wall=0.046 
 Start: VarValueService
 End:   VarValueService; Timer: cpu0=0.000 wall=0.001 
 Start: UpdateStopperData
 End:   UpdateStopperData; Timer: cpu0=0.000 wall=0.000 
 Start: Saving text status in E:\UniFlight\flow\full_rocket10_fv\data\full_rocket10.status
 End:   Saving text status in E:\UniFlight\flow\full_rocket10_fv\data\full_rocket10.status; Timer: cpu0=0.000 wall=0.002 
 End:   ===== Time Step =====, Iter number =  120; Timer: cpu0=25.312 wall=3.552 

20.06.26 15:46:14  ===== Processing Layers =====
20.06.26 15:46:14    *SEND* for CScalarLayer, GUID=35D5BC16-A80B-49DF-A4AB-2D8A3E454FDC
 Start: ComputeVolumeCharacteristics
 End:   ComputeVolumeCharacteristics; Timer: cpu0=0.000 wall=0.004 
 Start: GetValueOnFacets
 End:   GetValueOnFacets; Timer: cpu0=0.172 wall=0.013 
20.06.26 15:46:14    *SEND* for CIntegralCharsLayer, GUID=4E090A0C-544B-E4A2-4242-BEC451D7CD2B
20.06.26 15:46:14    *SEND* for CIntegralCharsLayer, GUID=DA27EECF-558C-D390-7112-31A961279F88
20.06.26 15:46:14    *SEND* for CIntegralCharsLayer, GUID=D073F2AC-92DF-84C7-2F9D-1DD60ACD790B
 End:   ===== Processing Layers =====; Timer: cpu0=0.344 wall=0.033 

20.06.26 15:46:14  ===== New Time Step =====, Iter number =  121
 Start: TimeServis
 End:   TimeServis; Timer: cpu0=0.391 wall=0.037 
 Start: User modules' functions BeforeTimeStep() are calling
 End:   User modules' functions BeforeTimeStep() are calling; Timer: cpu0=0.000 wall=0.002 
 Start: Adaptation, TotalRealCellsCount= 108839 
 End:   Adaptation; Timer: cpu0=6.422 wall=0.830 
 Start: DistributeGridOnProcessors
 End:   DistributeGridOnProcessors, res= 0; Timer: cpu0=1.078 wall=0.218 
 Start: SetNeiHyperCells
 End:   SetNeiHyperCells, res= 0; Timer: cpu0=0.016 wall=0.008 
 Start: BuildFacetDistribution
 End:   BuildFacetDistribution; Timer: cpu0=0.000 wall=0.002 
 Start: Initialize data arrays on chips
 End:   Initialize data arrays on chips, res= 0; Timer: cpu0=0.000 wall=0.002 
  ***** Maximum Geometrical Gauss = 1.88615e-14, cell= 490:2:3:3:0
  ***** Maximum MovingSurf  Gauss = 1.41036e-14, cell= 43:1:3:0
 Start: Remove Small Cells
 End:   Remove Small Cells; Timer: cpu0=0.188 wall=0.022 
 Start: Initialize data arrays on chips
 End:   Initialize data arrays on chips, res= 0; Timer: cpu0=0.000 wall=0.002 
  ***** Maximum Geometrical Gauss = 1.88615e-14, cell= 490:2:3:3:0
  ***** Maximum MovingSurf  Gauss = 1.41036e-14, cell= 43:1:3:0
 Start: Initialize data arrays on chips
 End:   Initialize data arrays on chips, res= 0; Timer: cpu0=0.000 wall=0.002 
 Start: Modify Chip Data
 End:   Modify Chip Data; Timer: cpu0=0.359 wall=0.043 
 Start: TimeServis
 End:   TimeServis; Timer: cpu0=0.500 wall=0.054 
 Start: FindEnclaves
 End:   FindEnclaves; Timer: cpu0=0.109 wall=0.105 
 Start: VarValueService
 End:   VarValueService; Timer: cpu0=0.000 wall=0.002 
 Start: SolvePhaseEquation 
 End:   SolvePhaseEquation ; Timer: cpu0=13.891 wall=1.607 
 Start: SolidFiltersProcess: calculate forces and moments
 End:   SolidFiltersProcess: calculate forces and moments; Timer: cpu0=0.000 wall=0.002 
 Start: PrepareDataForNextStep
 End:   PrepareDataForNextStep; Timer: cpu0=0.500 wall=0.040 
 Start: VarValueService
 End:   VarValueService; Timer: cpu0=0.000 wall=0.002 
 Start: UpdateStopperData
 End:   UpdateStopperData; Timer: cpu0=0.000 wall=0.001 
 Start: Saving text status in E:\UniFlight\flow\full_rocket10_fv\data\full_rocket10.status
 End:   Saving text status in E:\UniFlight\flow\full_rocket10_fv\data\full_rocket10.status; Timer: cpu0=0.000 wall=0.002 
 End:   ===== Time Step =====, Iter number =  121; Timer: cpu0=23.625 wall=3.069 

20.06.26 15:46:17  ===== Processing Layers =====
20.06.26 15:46:17    *SEND* for CScalarLayer, GUID=35D5BC16-A80B-49DF-A4AB-2D8A3E454FDC
 Start: ComputeVolumeCharacteristics
 End:   ComputeVolumeCharacteristics; Timer: cpu0=0.172 wall=0.005 
 Start: GetValueOnFacets
 End:   GetValueOnFacets; Timer: cpu0=0.016 wall=0.014 
20.06.26 15:46:17    *SEND* for CIntegralCharsLayer, GUID=4E090A0C-544B-E4A2-4242-BEC451D7CD2B
20.06.26 15:46:17    *SEND* for CIntegralCharsLayer, GUID=DA27EECF-558C-D390-7112-31A961279F88
20.06.26 15:46:17    *SEND* for CIntegralCharsLayer, GUID=D073F2AC-92DF-84C7-2F9D-1DD60ACD790B
 End:   ===== Processing Layers =====; Timer: cpu0=0.188 wall=0.045 

20.06.26 15:46:17  ===== New Time Step =====, Iter number =  122
 Start: TimeServis
 End:   TimeServis; Timer: cpu0=0.453 wall=0.039 
 Start: User modules' functions BeforeTimeStep() are calling
 End:   User modules' functions BeforeTimeStep() are calling; Timer: cpu0=0.000 wall=0.003 
 Start: Adaptation, TotalRealCellsCount= 108153 
 End:   Adaptation; Timer: cpu0=0.156 wall=0.008 
 Start: Initialize data arrays on chips
 End:   Initialize data arrays on chips, res= 0; Timer: cpu0=0.000 wall=0.001 
  ***** Maximum Geometrical Gauss = 1.88615e-14, cell= 490:2:3:3:0
  ***** Maximum MovingSurf  Gauss = 0, cell= 
 Start: Initialize data arrays on chips
 End:   Initialize data arrays on chips, res= 0; Timer: cpu0=0.000 wall=0.003 
 Start: TimeServis
 End:   TimeServis; Timer: cpu0=0.250 wall=0.047 
 Start: FindEnclaves
 End:   FindEnclaves; Timer: cpu0=0.094 wall=0.106 
 Start: VarValueService
 End:   VarValueService; Timer: cpu0=0.000 wall=0.003 
 Start: SolvePhaseEquation 
 End:   SolvePhaseEquation ; Timer: cpu0=14.266 wall=1.729 
 Start: SolidFiltersProcess: calculate forces and moments
 End:   SolidFiltersProcess: calculate forces and moments; Timer: cpu0=0.000 wall=0.002 
 Start: PrepareDataForNextStep
 End:   PrepareDataForNextStep; Timer: cpu0=0.438 wall=0.042 
 Start: VarValueService
 End:   VarValueService; Timer: cpu0=0.000 wall=0.001 
 Start: UpdateStopperData
 End:   UpdateStopperData; Timer: cpu0=0.000 wall=0.001 
 Start: Saving text status in E:\UniFlight\flow\full_rocket10_fv\data\full_rocket10.status
 End:   Saving text status in E:\UniFlight\flow\full_rocket10_fv\data\full_rocket10.status; Timer: cpu0=0.000 wall=0.001 
 End:   ===== Time Step =====, Iter number =  122; Timer: cpu0=16.094 wall=2.059 

20.06.26 15:46:19  ===== Processing Layers =====
20.06.26 15:46:19    *SEND* for CScalarLayer, GUID=35D5BC16-A80B-49DF-A4AB-2D8A3E454FDC
 Start: ComputeVolumeCharacteristics
 End:   ComputeVolumeCharacteristics; Timer: cpu0=0.172 wall=0.005 
 Start: GetValueOnFacets
 End:   GetValueOnFacets; Timer: cpu0=0.016 wall=0.015 
20.06.26 15:46:19    *SEND* for CIntegralCharsLayer, GUID=4E090A0C-544B-E4A2-4242-BEC451D7CD2B
20.06.26 15:46:19    *SEND* for CIntegralCharsLayer, GUID=DA27EECF-558C-D390-7112-31A961279F88
20.06.26 15:46:19    *SEND* for CIntegralCharsLayer, GUID=D073F2AC-92DF-84C7-2F9D-1DD60ACD790B
 End:   ===== Processing Layers =====; Timer: cpu0=0.188 wall=0.036 

20.06.26 15:46:19  ===== New Time Step =====, Iter number =  123
 Start: TimeServis
 End:   TimeServis; Timer: cpu0=0.328 wall=0.034 
 Start: User modules' functions BeforeTimeStep() are calling
 End:   User modules' functions BeforeTimeStep() are calling; Timer: cpu0=0.000 wall=0.001 
 Start: Adaptation, TotalRealCellsCount= 108153 
 End:   Adaptation; Timer: cpu0=0.172 wall=0.004 
 Start: Initialize data arrays on chips
 End:   Initialize data arrays on chips, res= 0; Timer: cpu0=0.000 wall=0.005 
  ***** Maximum Geometrical Gauss = 1.88615e-14, cell= 490:2:3:3:0
  ***** Maximum MovingSurf  Gauss = 0, cell= 
 Start: Initialize data arrays on chips
 End:   Initialize data arrays on chips, res= 0; Timer: cpu0=0.000 wall=0.002 
 Start: TimeServis
 End:   TimeServis; Timer: cpu0=0.516 wall=0.048 
 Start: FindEnclaves
 End:   FindEnclaves; Timer: cpu0=0.094 wall=0.104 
 Start: VarValueService
 End:   VarValueService; Timer: cpu0=0.000 wall=0.002 
 Start: SolvePhaseEquation 
 End:   SolvePhaseEquation ; Timer: cpu0=13.516 wall=1.620 
 Start: SolidFiltersProcess: calculate forces and moments
 End:   SolidFiltersProcess: calculate forces and moments; Timer: cpu0=0.000 wall=0.002 
 Start: PrepareDataForNextStep
 End:   PrepareDataForNextStep; Timer: cpu0=0.484 wall=0.041 
 Start: VarValueService
 End:   VarValueService; Timer: cpu0=0.000 wall=0.002 
 Start: UpdateStopperData
 End:   UpdateStopperData; Timer: cpu0=0.000 wall=0.001 
 Start: Saving text status in E:\UniFlight\flow\full_rocket10_fv\data\full_rocket10.status
 End:   Saving text status in E:\UniFlight\flow\full_rocket10_fv\data\full_rocket10.status; Timer: cpu0=0.000 wall=0.002 
 End:   ===== Time Step =====, Iter number =  123; Timer: cpu0=15.469 wall=1.939 

20.06.26 15:46:21  ===== Processing Layers =====
20.06.26 15:46:21    *SEND* for CScalarLayer, GUID=35D5BC16-A80B-49DF-A4AB-2D8A3E454FDC
 Start: ComputeVolumeCharacteristics
 End:   ComputeVolumeCharacteristics; Timer: cpu0=0.172 wall=0.005 
 Start: GetValueOnFacets
 End:   GetValueOnFacets; Timer: cpu0=0.078 wall=0.015 
20.06.26 15:46:22    *SEND* for CIntegralCharsLayer, GUID=4E090A0C-544B-E4A2-4242-BEC451D7CD2B
20.06.26 15:46:22    *SEND* for CIntegralCharsLayer, GUID=DA27EECF-558C-D390-7112-31A961279F88
20.06.26 15:46:22    *SEND* for CIntegralCharsLayer, GUID=D073F2AC-92DF-84C7-2F9D-1DD60ACD790B
 End:   ===== Processing Layers =====; Timer: cpu0=0.250 wall=0.039 

20.06.26 15:46:22  ===== New Time Step =====, Iter number =  124
 Start: TimeServis
 End:   TimeServis; Timer: cpu0=0.312 wall=0.035 
 Start: User modules' functions BeforeTimeStep() are calling
 End:   User modules' functions BeforeTimeStep() are calling; Timer: cpu0=0.000 wall=0.004 
 Start: Adaptation, TotalRealCellsCount= 108153 
 End:   Adaptation; Timer: cpu0=0.000 wall=0.005 
 Start: Initialize data arrays on chips
 End:   Initialize data arrays on chips, res= 0; Timer: cpu0=0.172 wall=0.002 
  ***** Maximum Geometrical Gauss = 1.88615e-14, cell= 490:2:3:3:0
  ***** Maximum MovingSurf  Gauss = 0, cell= 
 Start: Initialize data arrays on chips
 End:   Initialize data arrays on chips, res= 0; Timer: cpu0=0.000 wall=0.002 
 Start: TimeServis
 End:   TimeServis; Timer: cpu0=0.344 wall=0.044 
 Start: FindEnclaves
 End:   FindEnclaves; Timer: cpu0=0.062 wall=0.090 
 Start: VarValueService
 End:   VarValueService; Timer: cpu0=0.000 wall=0.002 
 Start: SolvePhaseEquation 
 End:   SolvePhaseEquation ; Timer: cpu0=13.812 wall=1.633 
 Start: SolidFiltersProcess: calculate forces and moments
 End:   SolidFiltersProcess: calculate forces and moments; Timer: cpu0=0.000 wall=0.001 
 Start: PrepareDataForNextStep
 End:   PrepareDataForNextStep; Timer: cpu0=0.344 wall=0.043 
 Start: VarValueService
 End:   VarValueService; Timer: cpu0=0.000 wall=0.001 
 Start: UpdateStopperData
 End:   UpdateStopperData; Timer: cpu0=0.000 wall=0.001 
 Start: Saving text status in E:\UniFlight\flow\full_rocket10_fv\data\full_rocket10.status
 End:   Saving text status in E:\UniFlight\flow\full_rocket10_fv\data\full_rocket10.status; Timer: cpu0=0.000 wall=0.002 
 End:   ===== Time Step =====, Iter number =  124; Timer: cpu0=15.562 wall=1.927 

20.06.26 15:46:24  ===== Processing Layers =====
20.06.26 15:46:24    *SEND* for CScalarLayer, GUID=35D5BC16-A80B-49DF-A4AB-2D8A3E454FDC
 Start: ComputeVolumeCharacteristics
 End:   ComputeVolumeCharacteristics; Timer: cpu0=0.000 wall=0.004 
 Start: GetValueOnFacets
 End:   GetValueOnFacets; Timer: cpu0=0.172 wall=0.015 
20.06.26 15:46:24    *SEND* for CIntegralCharsLayer, GUID=4E090A0C-544B-E4A2-4242-BEC451D7CD2B
20.06.26 15:46:24    *SEND* for CIntegralCharsLayer, GUID=DA27EECF-558C-D390-7112-31A961279F88
20.06.26 15:46:24    *SEND* for CIntegralCharsLayer, GUID=D073F2AC-92DF-84C7-2F9D-1DD60ACD790B
 End:   ===== Processing Layers =====; Timer: cpu0=0.344 wall=0.036 

20.06.26 15:46:24  ===== New Time Step =====, Iter number =  125
 Start: TimeServis
 End:   TimeServis; Timer: cpu0=0.406 wall=0.041 
 Start: User modules' functions BeforeTimeStep() are calling
 End:   User modules' functions BeforeTimeStep() are calling; Timer: cpu0=0.000 wall=0.002 
 Start: Adaptation, TotalRealCellsCount= 108153 
 End:   Adaptation; Timer: cpu0=0.156 wall=0.005 
 Start: Initialize data arrays on chips
 End:   Initialize data arrays on chips, res= 0; Timer: cpu0=0.000 wall=0.004 
  ***** Maximum Geometrical Gauss = 1.88615e-14, cell= 490:2:3:3:0
  ***** Maximum MovingSurf  Gauss = 0, cell= 
 Start: Initialize data arrays on chips
 End:   Initialize data arrays on chips, res= 0; Timer: cpu0=0.000 wall=0.002 
 Start: TimeServis
 End:   TimeServis; Timer: cpu0=0.484 wall=0.054 
 Start: FindEnclaves
 End:   FindEnclaves; Timer: cpu0=0.266 wall=0.102 
 Start: VarValueService
 End:   VarValueService; Timer: cpu0=0.000 wall=0.001 
 Start: SolvePhaseEquation 
 End:   SolvePhaseEquation ; Timer: cpu0=12.781 wall=1.578 
 Start: SolidFiltersProcess: calculate forces and moments
 End:   SolidFiltersProcess: calculate forces and moments; Timer: cpu0=0.000 wall=0.002 
 Start: PrepareDataForNextStep
 End:   PrepareDataForNextStep; Timer: cpu0=0.344 wall=0.043 
 Start: VarValueService
 End:   VarValueService; Timer: cpu0=0.000 wall=0.002 
 Start: UpdateStopperData
 End:   UpdateStopperData; Timer: cpu0=0.000 wall=0.001 
 Start: Saving text status in E:\UniFlight\flow\full_rocket10_fv\data\full_rocket10.status
 End:   Saving text status in E:\UniFlight\flow\full_rocket10_fv\data\full_rocket10.status; Timer: cpu0=0.000 wall=0.002 
 End:   ===== Time Step =====, Iter number =  125; Timer: cpu0=14.844 wall=1.909 

20.06.26 15:46:26  ===== Processing Layers =====
20.06.26 15:46:26    *SEND* for CScalarLayer, GUID=35D5BC16-A80B-49DF-A4AB-2D8A3E454FDC
 Start: ComputeVolumeCharacteristics
 End:   ComputeVolumeCharacteristics; Timer: cpu0=0.000 wall=0.004 
 Start: GetValueOnFacets
 End:   GetValueOnFacets; Timer: cpu0=0.172 wall=0.014 
20.06.26 15:46:26    *SEND* for CIntegralCharsLayer, GUID=4E090A0C-544B-E4A2-4242-BEC451D7CD2B
20.06.26 15:46:26    *SEND* for CIntegralCharsLayer, GUID=DA27EECF-558C-D390-7112-31A961279F88
20.06.26 15:46:26    *SEND* for CIntegralCharsLayer, GUID=D073F2AC-92DF-84C7-2F9D-1DD60ACD790B
 End:   ===== Processing Layers =====; Timer: cpu0=0.172 wall=0.036 

20.06.26 15:46:26  ===== New Time Step =====, Iter number =  126
 Start: TimeServis
 End:   TimeServis; Timer: cpu0=0.328 wall=0.036 
 Start: User modules' functions BeforeTimeStep() are calling
 End:   User modules' functions BeforeTimeStep() are calling; Timer: cpu0=0.000 wall=0.002 
 Start: Adaptation, TotalRealCellsCount= 108153 
 End:   Adaptation; Timer: cpu0=0.047 wall=0.005 
 Start: Initialize data arrays on chips
 End:   Initialize data arrays on chips, res= 0; Timer: cpu0=0.000 wall=0.001 
  ***** Maximum Geometrical Gauss = 1.88615e-14, cell= 490:2:3:3:0
  ***** Maximum MovingSurf  Gauss = 0, cell= 
 Start: Initialize data arrays on chips
 End:   Initialize data arrays on chips, res= 0; Timer: cpu0=0.000 wall=0.001 
 Start: TimeServis
 End:   TimeServis; Timer: cpu0=0.344 wall=0.038 
 Start: FindEnclaves
 End:   FindEnclaves; Timer: cpu0=0.094 wall=0.091 
 Start: VarValueService
 End:   VarValueService; Timer: cpu0=0.000 wall=0.001 
 Start: SolvePhaseEquation 
 End:   SolvePhaseEquation ; Timer: cpu0=13.812 wall=1.616 
 Start: SolidFiltersProcess: calculate forces and moments
 End:   SolidFiltersProcess: calculate forces and moments; Timer: cpu0=0.016 wall=0.001 
 Start: PrepareDataForNextStep
 End:   PrepareDataForNextStep; Timer: cpu0=0.344 wall=0.041 
 Start: VarValueService
 End:   VarValueService; Timer: cpu0=0.000 wall=0.002 
 Start: UpdateStopperData
 End:   UpdateStopperData; Timer: cpu0=0.000 wall=0.000 
 Start: Saving text status in E:\UniFlight\flow\full_rocket10_fv\data\full_rocket10.status
 End:   Saving text status in E:\UniFlight\flow\full_rocket10_fv\data\full_rocket10.status; Timer: cpu0=0.000 wall=0.001 
 End:   ===== Time Step =====, Iter number =  126; Timer: cpu0=15.328 wall=1.897 

20.06.26 15:46:28  ===== Processing Layers =====
20.06.26 15:46:28    *SEND* for CScalarLayer, GUID=35D5BC16-A80B-49DF-A4AB-2D8A3E454FDC
 Start: ComputeVolumeCharacteristics
 End:   ComputeVolumeCharacteristics; Timer: cpu0=0.000 wall=0.004 
 Start: GetValueOnFacets
 End:   GetValueOnFacets; Timer: cpu0=0.172 wall=0.016 
20.06.26 15:46:28    *SEND* for CIntegralCharsLayer, GUID=4E090A0C-544B-E4A2-4242-BEC451D7CD2B
20.06.26 15:46:28    *SEND* for CIntegralCharsLayer, GUID=DA27EECF-558C-D390-7112-31A961279F88
20.06.26 15:46:28    *SEND* for CIntegralCharsLayer, GUID=D073F2AC-92DF-84C7-2F9D-1DD60ACD790B
 End:   ===== Processing Layers =====; Timer: cpu0=0.344 wall=0.037 

20.06.26 15:46:28  ===== New Time Step =====, Iter number =  127
 Start: TimeServis
 End:   TimeServis; Timer: cpu0=0.375 wall=0.069 
 Start: User modules' functions BeforeTimeStep() are calling
 End:   User modules' functions BeforeTimeStep() are calling; Timer: cpu0=0.000 wall=0.004 
 Start: Adaptation, TotalRealCellsCount= 108153 
 End:   Adaptation; Timer: cpu0=0.000 wall=0.009 
 Start: Initialize data arrays on chips
 End:   Initialize data arrays on chips, res= 0; Timer: cpu0=0.000 wall=0.006 
  ***** Maximum Geometrical Gauss = 1.88615e-14, cell= 490:2:3:3:0
  ***** Maximum MovingSurf  Gauss = 0, cell= 
 Start: Initialize data arrays on chips
 End:   Initialize data arrays on chips, res= 0; Timer: cpu0=0.000 wall=0.004 
 Start: TimeServis
 End:   TimeServis; Timer: cpu0=0.719 wall=0.071 
 Start: FindEnclaves
 End:   FindEnclaves; Timer: cpu0=0.125 wall=0.124 
 Start: VarValueService
 End:   VarValueService; Timer: cpu0=0.000 wall=0.001 
 Start: SolvePhaseEquation 
 End:   SolvePhaseEquation ; Timer: cpu0=13.266 wall=1.621 
 Start: SolidFiltersProcess: calculate forces and moments
 End:   SolidFiltersProcess: calculate forces and moments; Timer: cpu0=0.000 wall=0.002 
 Start: PrepareDataForNextStep
 End:   PrepareDataForNextStep; Timer: cpu0=0.344 wall=0.046 
 Start: VarValueService
 End:   VarValueService; Timer: cpu0=0.000 wall=0.002 
 Start: UpdateStopperData
 End:   UpdateStopperData; Timer: cpu0=0.000 wall=0.001 
 Start: Saving text status in E:\UniFlight\flow\full_rocket10_fv\data\full_rocket10.status
 End:   Saving text status in E:\UniFlight\flow\full_rocket10_fv\data\full_rocket10.status; Timer: cpu0=0.000 wall=0.002 
 End:   ===== Time Step =====, Iter number =  127; Timer: cpu0=15.078 wall=2.049 

20.06.26 15:46:31  ===== Processing Layers =====
20.06.26 15:46:31    *SEND* for CScalarLayer, GUID=35D5BC16-A80B-49DF-A4AB-2D8A3E454FDC
 Start: ComputeVolumeCharacteristics
 End:   ComputeVolumeCharacteristics; Timer: cpu0=0.000 wall=0.005 
 Start: GetValueOnFacets
 End:   GetValueOnFacets; Timer: cpu0=0.172 wall=0.013 
20.06.26 15:46:31    *SEND* for CIntegralCharsLayer, GUID=4E090A0C-544B-E4A2-4242-BEC451D7CD2B
20.06.26 15:46:31    *SEND* for CIntegralCharsLayer, GUID=DA27EECF-558C-D390-7112-31A961279F88
20.06.26 15:46:31    *SEND* for CIntegralCharsLayer, GUID=D073F2AC-92DF-84C7-2F9D-1DD60ACD790B
 End:   ===== Processing Layers =====; Timer: cpu0=0.344 wall=0.034 

20.06.26 15:46:31  ===== New Time Step =====, Iter number =  128
 Start: TimeServis
 End:   TimeServis; Timer: cpu0=0.500 wall=0.038 
 Start: User modules' functions BeforeTimeStep() are calling
 End:   User modules' functions BeforeTimeStep() are calling; Timer: cpu0=0.000 wall=0.002 
 Start: Adaptation, TotalRealCellsCount= 108153 
 End:   Adaptation; Timer: cpu0=0.000 wall=0.007 
 Start: Initialize data arrays on chips
 End:   Initialize data arrays on chips, res= 0; Timer: cpu0=0.000 wall=0.002 
  ***** Maximum Geometrical Gauss = 1.88615e-14, cell= 490:2:3:3:0
  ***** Maximum MovingSurf  Gauss = 0, cell= 
 Start: Initialize data arrays on chips
 End:   Initialize data arrays on chips, res= 0; Timer: cpu0=0.000 wall=0.003 
 Start: TimeServis
 End:   TimeServis; Timer: cpu0=0.344 wall=0.040 
 Start: FindEnclaves
 End:   FindEnclaves; Timer: cpu0=0.062 wall=0.088 
 Start: VarValueService
 End:   VarValueService; Timer: cpu0=0.000 wall=0.001 
 Start: SolvePhaseEquation 
 End:   SolvePhaseEquation ; Timer: cpu0=12.672 wall=1.586 
 Start: SolidFiltersProcess: calculate forces and moments
 End:   SolidFiltersProcess: calculate forces and moments; Timer: cpu0=0.000 wall=0.001 
 Start: PrepareDataForNextStep
 End:   PrepareDataForNextStep; Timer: cpu0=0.344 wall=0.044 
 Start: VarValueService
 End:   VarValueService; Timer: cpu0=0.000 wall=0.002 
 Start: UpdateStopperData
 End:   UpdateStopperData; Timer: cpu0=0.000 wall=0.001 
 Start: Saving text status in E:\UniFlight\flow\full_rocket10_fv\data\full_rocket10.status
 End:   Saving text status in E:\UniFlight\flow\full_rocket10_fv\data\full_rocket10.status; Timer: cpu0=0.000 wall=0.003 
 End:   ===== Time Step =====, Iter number =  128; Timer: cpu0=14.109 wall=1.877 

20.06.26 15:46:33  ===== Processing Layers =====
20.06.26 15:46:33    *SEND* for CScalarLayer, GUID=35D5BC16-A80B-49DF-A4AB-2D8A3E454FDC
 Start: ComputeVolumeCharacteristics
 End:   ComputeVolumeCharacteristics; Timer: cpu0=0.000 wall=0.004 
 Start: GetValueOnFacets
 End:   GetValueOnFacets; Timer: cpu0=0.016 wall=0.015 
20.06.26 15:46:33    *SEND* for CIntegralCharsLayer, GUID=4E090A0C-544B-E4A2-4242-BEC451D7CD2B
20.06.26 15:46:33    *SEND* for CIntegralCharsLayer, GUID=DA27EECF-558C-D390-7112-31A961279F88
20.06.26 15:46:33    *SEND* for CIntegralCharsLayer, GUID=D073F2AC-92DF-84C7-2F9D-1DD60ACD790B
 End:   ===== Processing Layers =====; Timer: cpu0=0.016 wall=0.036 

20.06.26 15:46:33  ===== New Time Step =====, Iter number =  129
 Start: TimeServis
 End:   TimeServis; Timer: cpu0=0.344 wall=0.034 
 Start: User modules' functions BeforeTimeStep() are calling
 End:   User modules' functions BeforeTimeStep() are calling; Timer: cpu0=0.000 wall=0.001 
 Start: Adaptation, TotalRealCellsCount= 108153 
 End:   Adaptation; Timer: cpu0=0.000 wall=0.005 
 Start: Initialize data arrays on chips
 End:   Initialize data arrays on chips, res= 0; Timer: cpu0=0.000 wall=0.003 
  ***** Maximum Geometrical Gauss = 1.88615e-14, cell= 490:2:3:3:0
  ***** Maximum MovingSurf  Gauss = 0, cell= 
 Start: Initialize data arrays on chips
 End:   Initialize data arrays on chips, res= 0; Timer: cpu0=0.000 wall=0.004 
 Start: TimeServis
 End:   TimeServis; Timer: cpu0=0.375 wall=0.042 
 Start: FindEnclaves
 End:   FindEnclaves; Timer: cpu0=0.094 wall=0.090 
 Start: VarValueService
 End:   VarValueService; Timer: cpu0=0.000 wall=0.001 
 Start: SolvePhaseEquation 
 End:   SolvePhaseEquation ; Timer: cpu0=13.391 wall=1.601 
 Start: SolidFiltersProcess: calculate forces and moments
 End:   SolidFiltersProcess: calculate forces and moments; Timer: cpu0=0.000 wall=0.002 
 Start: PrepareDataForNextStep
 End:   PrepareDataForNextStep; Timer: cpu0=0.250 wall=0.041 
 Start: VarValueService
 End:   VarValueService; Timer: cpu0=0.000 wall=0.001 
 Start: UpdateStopperData
 End:   UpdateStopperData; Timer: cpu0=0.000 wall=0.001 
 Start: Saving text status in E:\UniFlight\flow\full_rocket10_fv\data\full_rocket10.status
 End:   Saving text status in E:\UniFlight\flow\full_rocket10_fv\data\full_rocket10.status; Timer: cpu0=0.000 wall=0.003 
 End:   ===== Time Step =====, Iter number =  129; Timer: cpu0=14.625 wall=1.888 

20.06.26 15:46:35  ===== Processing Layers =====
20.06.26 15:46:35    *SEND* for CScalarLayer, GUID=35D5BC16-A80B-49DF-A4AB-2D8A3E454FDC
 Start: ComputeVolumeCharacteristics
 End:   ComputeVolumeCharacteristics; Timer: cpu0=0.000 wall=0.005 
 Start: GetValueOnFacets
 End:   GetValueOnFacets; Timer: cpu0=0.016 wall=0.015 
20.06.26 15:46:35    *SEND* for CIntegralCharsLayer, GUID=4E090A0C-544B-E4A2-4242-BEC451D7CD2B
20.06.26 15:46:35    *SEND* for CIntegralCharsLayer, GUID=DA27EECF-558C-D390-7112-31A961279F88
20.06.26 15:46:35    *SEND* for CIntegralCharsLayer, GUID=D073F2AC-92DF-84C7-2F9D-1DD60ACD790B
 End:   ===== Processing Layers =====; Timer: cpu0=0.016 wall=0.039 

20.06.26 15:46:35  ===== New Time Step =====, Iter number =  130
 Start: TimeServis
 End:   TimeServis; Timer: cpu0=0.297 wall=0.039 
 Start: User modules' functions BeforeTimeStep() are calling
 End:   User modules' functions BeforeTimeStep() are calling; Timer: cpu0=0.000 wall=0.002 
 Start: Adaptation, TotalRealCellsCount= 108153 
 End:   Adaptation; Timer: cpu0=6.062 wall=0.808 
 Start: DistributeGridOnProcessors
 End:   DistributeGridOnProcessors, res= 0; Timer: cpu0=0.953 wall=0.244 
 Start: SetNeiHyperCells
 End:   SetNeiHyperCells, res= 0; Timer: cpu0=0.000 wall=0.008 
 Start: BuildFacetDistribution
 End:   BuildFacetDistribution; Timer: cpu0=0.000 wall=0.002 
 Start: Initialize data arrays on chips
 End:   Initialize data arrays on chips, res= 0; Timer: cpu0=0.000 wall=0.002 
  ***** Maximum Geometrical Gauss = 1.57372e-14, cell= 339:5:5:1:0
  ***** Maximum MovingSurf  Gauss = 1.23407e-14, cell= 696:7:2:6:0
 Start: Remove Small Cells
 End:   Remove Small Cells; Timer: cpu0=0.172 wall=0.021 
 Start: Initialize data arrays on chips
 End:   Initialize data arrays on chips, res= 0; Timer: cpu0=0.000 wall=0.002 
  ***** Maximum Geometrical Gauss = 1.57372e-14, cell= 339:5:5:1:0
  ***** Maximum MovingSurf  Gauss = 1.23407e-14, cell= 696:7:2:6:0
 Start: Initialize data arrays on chips
 End:   Initialize data arrays on chips, res= 0; Timer: cpu0=0.000 wall=0.002 
 Start: Modify Chip Data
 End:   Modify Chip Data; Timer: cpu0=0.406 wall=0.041 
 Start: TimeServis
 End:   TimeServis; Timer: cpu0=0.516 wall=0.042 
 Start: FindEnclaves
 End:   FindEnclaves; Timer: cpu0=0.234 wall=0.097 
 Start: VarValueService
 End:   VarValueService; Timer: cpu0=0.000 wall=0.001 
 Start: SolvePhaseEquation 
 End:   SolvePhaseEquation ; Timer: cpu0=13.219 wall=1.608 
 Start: SolidFiltersProcess: calculate forces and moments
 End:   SolidFiltersProcess: calculate forces and moments; Timer: cpu0=0.000 wall=0.001 
 Start: PrepareDataForNextStep
 End:   PrepareDataForNextStep; Timer: cpu0=0.359 wall=0.049 
 Start: VarValueService
 End:   VarValueService; Timer: cpu0=0.000 wall=0.002 
 Start: UpdateStopperData
 End:   UpdateStopperData; Timer: cpu0=0.000 wall=0.000 
 Start: Saving text status in E:\UniFlight\flow\full_rocket10_fv\data\full_rocket10.status
 End:   Saving text status in E:\UniFlight\flow\full_rocket10_fv\data\full_rocket10.status; Timer: cpu0=0.000 wall=0.002 
 End:   ===== Time Step =====, Iter number =  130; Timer: cpu0=22.734 wall=3.069 

20.06.26 15:46:38  ===== Processing Layers =====
20.06.26 15:46:38    *SEND* for CScalarLayer, GUID=35D5BC16-A80B-49DF-A4AB-2D8A3E454FDC
 Start: ComputeVolumeCharacteristics
 End:   ComputeVolumeCharacteristics; Timer: cpu0=0.000 wall=0.005 
 Start: GetValueOnFacets
 End:   GetValueOnFacets; Timer: cpu0=0.172 wall=0.015 
20.06.26 15:46:38    *SEND* for CIntegralCharsLayer, GUID=4E090A0C-544B-E4A2-4242-BEC451D7CD2B
20.06.26 15:46:38    *SEND* for CIntegralCharsLayer, GUID=DA27EECF-558C-D390-7112-31A961279F88
20.06.26 15:46:38    *SEND* for CIntegralCharsLayer, GUID=D073F2AC-92DF-84C7-2F9D-1DD60ACD790B
 End:   ===== Processing Layers =====; Timer: cpu0=0.344 wall=0.038 

20.06.26 15:46:38  ===== New Time Step =====, Iter number =  131
 Start: TimeServis
 End:   TimeServis; Timer: cpu0=0.344 wall=0.038 
 Start: User modules' functions BeforeTimeStep() are calling
 End:   User modules' functions BeforeTimeStep() are calling; Timer: cpu0=0.000 wall=0.001 
 Start: Adaptation, TotalRealCellsCount= 108356 
 End:   Adaptation; Timer: cpu0=6.031 wall=0.814 
 Start: DistributeGridOnProcessors
 End:   DistributeGridOnProcessors, res= 0; Timer: cpu0=0.891 wall=0.247 
 Start: SetNeiHyperCells
 End:   SetNeiHyperCells, res= 0; Timer: cpu0=0.156 wall=0.008 
 Start: BuildFacetDistribution
 End:   BuildFacetDistribution; Timer: cpu0=0.000 wall=0.002 
 Start: Initialize data arrays on chips
 End:   Initialize data arrays on chips, res= 0; Timer: cpu0=0.000 wall=0.003 
  ***** Maximum Geometrical Gauss = 1.77043e-14, cell= 399:7:7:7:0
  ***** Maximum MovingSurf  Gauss = 1.2517e-14, cell= 696:7:2:0
 Start: Remove Small Cells
 End:   Remove Small Cells; Timer: cpu0=0.328 wall=0.026 
 Start: Initialize data arrays on chips
 End:   Initialize data arrays on chips, res= 0; Timer: cpu0=0.000 wall=0.003 
  ***** Maximum Geometrical Gauss = 1.77043e-14, cell= 399:7:7:7:0
  ***** Maximum MovingSurf  Gauss = 1.2517e-14, cell= 696:7:2:0
 Start: Initialize data arrays on chips
 End:   Initialize data arrays on chips, res= 0; Timer: cpu0=0.000 wall=0.002 
 Start: Modify Chip Data
 End:   Modify Chip Data; Timer: cpu0=0.500 wall=0.039 
 Start: TimeServis
 End:   TimeServis; Timer: cpu0=0.516 wall=0.048 
 Start: FindEnclaves
 End:   FindEnclaves; Timer: cpu0=0.094 wall=0.096 
 Start: VarValueService
 End:   VarValueService; Timer: cpu0=0.000 wall=0.001 
 Start: SolvePhaseEquation 
 End:   SolvePhaseEquation ; Timer: cpu0=13.609 wall=1.669 
 Start: SolidFiltersProcess: calculate forces and moments
 End:   SolidFiltersProcess: calculate forces and moments; Timer: cpu0=0.000 wall=0.002 
 Start: PrepareDataForNextStep
 End:   PrepareDataForNextStep; Timer: cpu0=0.172 wall=0.043 
 Start: VarValueService
 End:   VarValueService; Timer: cpu0=0.000 wall=0.001 
 Start: UpdateStopperData
 End:   UpdateStopperData; Timer: cpu0=0.000 wall=0.001 
 Start: Saving text status in E:\UniFlight\flow\full_rocket10_fv\data\full_rocket10.status
 End:   Saving text status in E:\UniFlight\flow\full_rocket10_fv\data\full_rocket10.status; Timer: cpu0=0.000 wall=0.002 
 End:   ===== Time Step =====, Iter number =  131; Timer: cpu0=22.984 wall=3.140 

20.06.26 15:46:42  ===== Processing Layers =====
20.06.26 15:46:42    *SEND* for CScalarLayer, GUID=35D5BC16-A80B-49DF-A4AB-2D8A3E454FDC
 Start: ComputeVolumeCharacteristics
 End:   ComputeVolumeCharacteristics; Timer: cpu0=0.000 wall=0.004 
 Start: GetValueOnFacets
 End:   GetValueOnFacets; Timer: cpu0=0.016 wall=0.012 
20.06.26 15:46:42    *SEND* for CIntegralCharsLayer, GUID=4E090A0C-544B-E4A2-4242-BEC451D7CD2B
20.06.26 15:46:42    *SEND* for CIntegralCharsLayer, GUID=DA27EECF-558C-D390-7112-31A961279F88
20.06.26 15:46:42    *SEND* for CIntegralCharsLayer, GUID=D073F2AC-92DF-84C7-2F9D-1DD60ACD790B
 End:   ===== Processing Layers =====; Timer: cpu0=0.016 wall=0.033 

20.06.26 15:46:42  ===== New Time Step =====, Iter number =  132
 Start: TimeServis
 End:   TimeServis; Timer: cpu0=0.344 wall=0.038 
 Start: User modules' functions BeforeTimeStep() are calling
 End:   User modules' functions BeforeTimeStep() are calling; Timer: cpu0=0.000 wall=0.004 
 Start: Adaptation, TotalRealCellsCount= 109427 
 End:   Adaptation; Timer: cpu0=0.000 wall=0.006 
 Start: Initialize data arrays on chips
 End:   Initialize data arrays on chips, res= 0; Timer: cpu0=0.000 wall=0.002 
  ***** Maximum Geometrical Gauss = 1.77043e-14, cell= 399:7:7:7:0
  ***** Maximum MovingSurf  Gauss = 0, cell= 
 Start: Initialize data arrays on chips
 End:   Initialize data arrays on chips, res= 0; Timer: cpu0=0.000 wall=0.002 
 Start: TimeServis
 End:   TimeServis; Timer: cpu0=0.344 wall=0.044 
 Start: FindEnclaves
 End:   FindEnclaves; Timer: cpu0=0.078 wall=0.090 
 Start: VarValueService
 End:   VarValueService; Timer: cpu0=0.000 wall=0.001 
 Start: SolvePhaseEquation 
 End:   SolvePhaseEquation ; Timer: cpu0=13.641 wall=1.623 
 Start: SolidFiltersProcess: calculate forces and moments
 End:   SolidFiltersProcess: calculate forces and moments; Timer: cpu0=0.000 wall=0.001 
 Start: PrepareDataForNextStep
 End:   PrepareDataForNextStep; Timer: cpu0=0.344 wall=0.042 
 Start: VarValueService
 End:   VarValueService; Timer: cpu0=0.000 wall=0.001 
 Start: UpdateStopperData
 End:   UpdateStopperData; Timer: cpu0=0.000 wall=0.000 
 Start: Saving text status in E:\UniFlight\flow\full_rocket10_fv\data\full_rocket10.status
 End:   Saving text status in E:\UniFlight\flow\full_rocket10_fv\data\full_rocket10.status; Timer: cpu0=0.000 wall=0.002 
 End:   ===== Time Step =====, Iter number =  132; Timer: cpu0=15.047 wall=1.922 

20.06.26 15:46:44  ===== Processing Layers =====
20.06.26 15:46:44    *SEND* for CScalarLayer, GUID=35D5BC16-A80B-49DF-A4AB-2D8A3E454FDC
 Start: ComputeVolumeCharacteristics
 End:   ComputeVolumeCharacteristics; Timer: cpu0=0.125 wall=0.006 
 Start: GetValueOnFacets
 End:   GetValueOnFacets; Timer: cpu0=0.172 wall=0.015 
20.06.26 15:46:44    *SEND* for CIntegralCharsLayer, GUID=4E090A0C-544B-E4A2-4242-BEC451D7CD2B
20.06.26 15:46:44    *SEND* for CIntegralCharsLayer, GUID=DA27EECF-558C-D390-7112-31A961279F88
20.06.26 15:46:44    *SEND* for CIntegralCharsLayer, GUID=D073F2AC-92DF-84C7-2F9D-1DD60ACD790B
 End:   ===== Processing Layers =====; Timer: cpu0=0.297 wall=0.038 

20.06.26 15:46:44  ===== New Time Step =====, Iter number =  133
 Start: TimeServis
 End:   TimeServis; Timer: cpu0=0.344 wall=0.036 
 Start: User modules' functions BeforeTimeStep() are calling
 End:   User modules' functions BeforeTimeStep() are calling; Timer: cpu0=0.000 wall=0.003 
 Start: Adaptation, TotalRealCellsCount= 109427 
 End:   Adaptation; Timer: cpu0=0.000 wall=0.006 
 Start: Initialize data arrays on chips
 End:   Initialize data arrays on chips, res= 0; Timer: cpu0=0.000 wall=0.002 
  ***** Maximum Geometrical Gauss = 1.77043e-14, cell= 399:7:7:7:0
  ***** Maximum MovingSurf  Gauss = 0, cell= 
 Start: Initialize data arrays on chips
 End:   Initialize data arrays on chips, res= 0; Timer: cpu0=0.000 wall=0.002 
 Start: TimeServis
 End:   TimeServis; Timer: cpu0=0.344 wall=0.041 
 Start: FindEnclaves
 End:   FindEnclaves; Timer: cpu0=0.094 wall=0.096 
 Start: VarValueService
 End:   VarValueService; Timer: cpu0=0.000 wall=0.002 
 Start: SolvePhaseEquation 
 End:   SolvePhaseEquation ; Timer: cpu0=13.344 wall=1.690 
 Start: SolidFiltersProcess: calculate forces and moments
 End:   SolidFiltersProcess: calculate forces and moments; Timer: cpu0=0.000 wall=0.002 
 Start: PrepareDataForNextStep
 End:   PrepareDataForNextStep; Timer: cpu0=0.328 wall=0.041 
 Start: VarValueService
 End:   VarValueService; Timer: cpu0=0.016 wall=0.001 
 Start: UpdateStopperData
 End:   UpdateStopperData; Timer: cpu0=0.000 wall=0.001 
 Start: Saving text status in E:\UniFlight\flow\full_rocket10_fv\data\full_rocket10.status
 End:   Saving text status in E:\UniFlight\flow\full_rocket10_fv\data\full_rocket10.status; Timer: cpu0=0.000 wall=0.002 
 End:   ===== Time Step =====, Iter number =  133; Timer: cpu0=14.797 wall=1.988 

Simulation time end is reached, stopping solution.
SOLUTION STOPPED (TIME=323.309s, MPITIME=323.309s)

20.06.26 15:46:46  ===== Processing Layers =====
20.06.26 15:46:46    *SEND* for CScalarLayer, GUID=35D5BC16-A80B-49DF-A4AB-2D8A3E454FDC
 Start: ComputeVolumeCharacteristics
 End:   ComputeVolumeCharacteristics; Timer: cpu0=0.000 wall=0.004 
 Start: GetValueOnFacets
 End:   GetValueOnFacets; Timer: cpu0=0.172 wall=0.015 
20.06.26 15:46:46    *SEND* for CIntegralCharsLayer, GUID=4E090A0C-544B-E4A2-4242-BEC451D7CD2B
20.06.26 15:46:46    *SEND* for CIntegralCharsLayer, GUID=DA27EECF-558C-D390-7112-31A961279F88
20.06.26 15:46:46    *SEND* for CIntegralCharsLayer, GUID=D073F2AC-92DF-84C7-2F9D-1DD60ACD790B
 End:   ===== Processing Layers =====; Timer: cpu0=0.234 wall=0.037 
 Start: Saving values
 End:   Saving values, res= 0; Timer: cpu0=0.828 wall=0.091 
 Start: Saving grid
 End:   Saving grid, res= 0; Timer: cpu0=0.812 wall=0.145 
 Start: Saving grid index
 End:   Saving grid index, res= 0; Timer: cpu0=0.000 wall=0.001 
