 Start: ComputeIntegralCharacteristics
 End:   ComputeIntegralCharacteristics; Timer: cpu0=0.000 wall=0.000 
RESTART SOLUTION

Project name: full_rocket15
Project path: E:\UniFlight\flow\full_rocket15_fv\data\full_rocket15.fvproj
Current node: 0 (step=0, time=0)

Current input data
------------------
Region:
   LocalFrameRef=(none)
   Rotation=(none)
   GeneralSettings:
      RefValue:
         Temp=273
         Pres=101000
      Gravity:
         x=0
         y=0
         z=0
      GPOINT:
         x=0
         y=0
         z=0
      g_density=0
   Substances[0l]:
      UIName=Substance #0
      Type=standart
      State=gas
      Properties[0l]:
         Dimension=kg/mole
         Value=0.029
      Properties[1l]:
         Dimension=kg/m^3
         Value=Ideal gas law
         dRodP=0
         dRodT=0
      Properties[2l]:
         Dimension=kg/(m*s)
         Value=2e-05
      Properties[3l]:
         Dimension=W/(m*K)
         Value=0.022
      Properties[4l]:
         Dimension=J/(kg*K)
         Value=1000
      Properties[5l]:
         Dimension=J/kg
         Value=0
      Properties[6l]:
         Dimension=J/kg
         Value=Linear function
      Properties[7l]:
         Dimension=Pa
         Value=0
      Properties[8l]:
         Dimension=A
         Value=0
      Properties[9l]:
         Dimension=K
         Value=0
      Properties[10l]:
         Dimension=1/(Ohm*m)
         Value=0
      Properties[11l]:
         Dimension=Relative
         Value=0
      Properties[12l]:
         Dimension=Relative
         Value=0
   Phases[0l]:
      UIName=Phase #0
      Type=Continuum
      MuMixingModel=MODEL2_MU
      LbMixingModel=MODEL2_LB
      Substances[0l]=Region.Substances[0]
      Equations:
         EquationClasses[0l]=(none)
         EquationClasses[1l]=(none)
         EquationClasses[2l]=CNavierStokesEqSys
         EquationClasses[3l]=(none)
         EquationClasses[4l]=(none)
         EquationClasses[5l]=(none)
         EquationClasses[6l]=(none)
      Diam_Groups_Number_D=1
   Models[0l]:
      UIName=Model #0
      Phases[0l]=Region.Phases[0]
      InitialData[0l]:
         UIName=Init. data #0
         IniVars[0l]:
            Value:
               x=-103
               y=-5
               z=0
         IniVars[1l]:
            Value=0
      GapModel=(none)
      GapModelType=(none)
      Averaging:
         AveragingStartTime=0
   VisObjects[0l]:
      Users[0l]:
         Settings:
            MIndex=0
         Constraints=(none)
         normal:
            x=0
            y=0
            z=0
         IceSurface=False
         EnclaveAnalysis:
            Enabled=False
            SmallPolicy=KEEP
            VolThreshold=0
      Users[1l]:
         UIName=Init. condition #0
         Constraints=(none)
         ViewObject=Region.VisObjects[0]
         IniData=Region.Models[0].InitialData[0]
         Type=WholeCell
   VisObjects[1l]:
      UIName=Тело 1
      Users[0l]:
         UIName=Тело 1
         Object=Region.VisObjects[1]
         Constraints=(none)
         MarkCellsMode=BY_BOX
         Activation:
            Kind=PERMANENT
            TimeStart=0
            TimeDuration=0
            TimePeriod=0
            IterStart=1
            IterDuration=1
            IterPeriod=1
         Update:
            Kind=NON
            Time=0
            Iteration=1
         MassProperty:
            Mass=0
            CenterInertia:
               x=0
               y=0
               z=0
            MomentInertia0:
               x=0
               y=0
               z=0
            MomentInertia1:
               x=0
               y=0
               z=0
            MomentInertia2:
               x=0
               y=0
               z=0
         Movement:
            TimeVel:
               x=0
               y=0
               z=0
            Velocity:
               x=0
               y=0
               z=0
            TimeForce:
               x=0
               y=0
               z=0
            Force:
               x=0
               y=0
               z=0
            HydroForce:
               x=True
               y=True
               z=True
            Omega=1
         Rotation:
            UseCenterInertia=True
            Center:
               x=0
               y=0
               z=0
            TimeVel:
               x=0
               y=0
               z=0
            Velocity:
               x=0
               y=0
               z=0
            TimeMoment:
               x=0
               y=0
               z=0
            Moment:
               x=0
               y=0
               z=0
            HydroMoment:
               x=True
               y=True
               z=True
            Omega=1
         Location:
            Origin:
               x=0
               y=0
               z=0
            Def=CUSTOM_AXIS
            Angle=0
            Axis:
               x=1
               y=0
               z=0
            DefEuler=AVIA_RUS_ANGLES
            DefUser=THREE_AXES_XYZ
            Gamma=0
            Alpha=0
            Beta=0
            VIS_Ort0:
               x=1
               y=0
               z=0
            VIS_Ort1:
               x=0
               y=1
               z=0
            VIS_Ort2:
               x=0
               y=0
               z=1
            VIS_Scale=1
         Limitation:
            LimiterClass=CNoPositionLimiter
            Limiter=Region.VisObjects[1].Users[0].Limitation.Limiter
         DOF:
            Type=NO_LIMITS
            Point1:
               x=0
               y=0
               z=0
            Point2:
               x=1
               y=1
               z=1
            Translation=True
            Rotation=True
         FsiParams:
            ArtCompres=False
            MB_flexibility=0
            MB_mobility=0
         InsideOut=False
      Location:
         Origin:
            x=0
            y=0
            z=0
         Ort0:
            x=1
            y=0
            z=0
         Ort1:
            x=0
            y=1
            z=0
         Ort2:
            x=0
            y=0
            z=1
         Scale=1
      Source=E:\UniFlight\flow\\full_rocket15_fv\data/Тело 1.vtk
      Information:
         NumGroups=0
         NumFacets=0
         NumPoints=0
         Dim:
            Center:
               x=0
               y=0
               z=0
            Size:
               x=0
               y=0
               z=0
            BoxMin:
               x=0
               y=0
               z=0
            BoxMax:
               x=0
               y=0
               z=0
      MinLengthOfEdge=0.526565
   VisObjects[2l]:
      UIName=Тело 3
      Users[0l]:
         UIName=Тело 3
         Object=Region.VisObjects[2]
         Constraints=(none)
         MarkCellsMode=BY_BOX
         Activation:
            Kind=PERMANENT
            TimeStart=0
            TimeDuration=0
            TimePeriod=0
            IterStart=1
            IterDuration=1
            IterPeriod=1
         Update:
            Kind=NON
            Time=0
            Iteration=1
         MassProperty:
            Mass=0
            CenterInertia:
               x=0
               y=0
               z=0
            MomentInertia0:
               x=0
               y=0
               z=0
            MomentInertia1:
               x=0
               y=0
               z=0
            MomentInertia2:
               x=0
               y=0
               z=0
         Movement:
            TimeVel:
               x=0
               y=0
               z=0
            Velocity:
               x=0
               y=0
               z=0
            TimeForce:
               x=0
               y=0
               z=0
            Force:
               x=0
               y=0
               z=0
            HydroForce:
               x=True
               y=True
               z=True
            Omega=1
         Rotation:
            UseCenterInertia=True
            Center:
               x=0
               y=0
               z=0
            TimeVel:
               x=0
               y=0
               z=0
            Velocity:
               x=0
               y=0
               z=0
            TimeMoment:
               x=0
               y=0
               z=0
            Moment:
               x=0
               y=0
               z=0
            HydroMoment:
               x=True
               y=True
               z=True
            Omega=1
         Location:
            Origin:
               x=0
               y=0
               z=0
            Def=CUSTOM_AXIS
            Angle=0
            Axis:
               x=1
               y=0
               z=0
            DefEuler=AVIA_RUS_ANGLES
            DefUser=THREE_AXES_XYZ
            Gamma=0
            Alpha=0
            Beta=0
            VIS_Ort0:
               x=1
               y=0
               z=0
            VIS_Ort1:
               x=0
               y=1
               z=0
            VIS_Ort2:
               x=0
               y=0
               z=1
            VIS_Scale=1
         Limitation:
            LimiterClass=CNoPositionLimiter
            Limiter=Region.VisObjects[2].Users[0].Limitation.Limiter
         DOF:
            Type=NO_LIMITS
            Point1:
               x=0
               y=0
               z=0
            Point2:
               x=1
               y=1
               z=1
            Translation=True
            Rotation=True
         FsiParams:
            ArtCompres=False
            MB_flexibility=0
            MB_mobility=0
         InsideOut=False
      Location:
         Origin:
            x=0
            y=0
            z=0
         Ort0:
            x=1
            y=0
            z=0
         Ort1:
            x=0
            y=1
            z=0
         Ort2:
            x=0
            y=0
            z=1
         Scale=1
      Source=E:\UniFlight\flow\\full_rocket15_fv\data/Тело 3.vtk
      Information:
         NumGroups=0
         NumFacets=0
         NumPoints=0
         Dim:
            Center:
               x=0
               y=0
               z=0
            Size:
               x=0
               y=0
               z=0
            BoxMin:
               x=0
               y=0
               z=0
            BoxMax:
               x=0
               y=0
               z=0
      MinLengthOfEdge=0.0452404
   VisObjects[3l]:
      UIName=Смещенная плоскость:1
      center:
         x=0.0005
         y=0.0005
         z=0.01
      normal:
         x=0
         y=0
         z=1
      shiftAlongNormal=0
      planePoint:
         x=0.0005
         y=0.0005
         z=0.01
      Distance=0.01
   VisObjects[4l]:
      UIName=Supergroup #0
      Users[0l]:
         UIName=Характеристика Результат #1
         Object=Region.VisObjects[4]
         Settings:
            MIndex=0
         Constraints=(none)
         SubRegion=Region.VisObjects[4].Users[0].SubRegion
         MomentPt:
            x=0
            y=0
            z=0
         normal:
            x=0
            y=0
            z=0
         Var:
            Comp=SOURCE
         IceSurface=False
         ExtendedData=False
         EnclaveAnalysis:
            Enabled=False
            SmallPolicy=KEEP
            VolThreshold=0
   VisObjects[5l]:
      UIName=Supergroup #1
      Users[0l]:
         UIName=Характеристика Результат #2
         Object=Region.VisObjects[5]
         Settings:
            MIndex=0
         Constraints=(none)
         SubRegion=Region.VisObjects[4].Users[0].SubRegion
         MomentPt:
            x=0
            y=0
            z=0
         normal:
            x=0
            y=0
            z=0
         Var:
            Comp=SOURCE
         IceSurface=False
         ExtendedData=False
         EnclaveAnalysis:
            Enabled=False
            SmallPolicy=KEEP
            VolThreshold=0
   VisCharacteristics[0l]:
      Settings:
         MIndex=0
      Constraints=(none)
      normal:
         x=0
         y=0
         z=0
      IceSurface=False
      EnclaveAnalysis:
         Enabled=False
         SmallPolicy=KEEP
         VolThreshold=0
   VisCharacteristics[1l]:
      UIName=Характеристика Результат #1
      Object=Region.VisObjects[4]
      Settings:
         MIndex=0
      Constraints=(none)
      SubRegion=Region.VisObjects[4].Users[0].SubRegion
      MomentPt:
         x=0
         y=0
         z=0
      normal:
         x=0
         y=0
         z=0
      Var:
         Comp=SOURCE
      IceSurface=False
      ExtendedData=False
      EnclaveAnalysis:
         Enabled=False
         SmallPolicy=KEEP
         VolThreshold=0
   VisCharacteristics[2l]:
      UIName=Характеристика Результат #2
      Object=Region.VisObjects[5]
      Settings:
         MIndex=0
      Constraints=(none)
      SubRegion=Region.VisObjects[4].Users[0].SubRegion
      MomentPt:
         x=0
         y=0
         z=0
      normal:
         x=0
         y=0
         z=0
      Var:
         Comp=SOURCE
      IceSurface=False
      ExtendedData=False
      EnclaveAnalysis:
         Enabled=False
         SmallPolicy=KEEP
         VolThreshold=0
   VisibleSubRegs[0l]:
      UIName=SubRegion #0
      Model=Region.Models[0]
      Volume=1.29629e+06
      LocalFrameRef=(none)
      Rotation=(none)
      BConditions[0l]:
         UIName=Граничное условие
         Type=WALL
         WallTypes[0l]=WALLFUNC_EQUIL
         Roughness=0
         Wetangle=90
         GapSealing=-1
         AlphaWall=-1
         GapThermalConductance=-1
         LocalFrameRef=(none)
         Rotation=(none)
         Translation=(none)
         VarConditions[0l]:
            PhaseName=Phase #0
            Type=CBVelWallNonSlip
         Color=0x00ff0000
         Area=884.11
         VarTypes[0l]=CBVelWallNonSlip
         NumberOfSectors=0
         BinderCondition=(none)
         Binder=(none)
      BConditions[1l]:
         UIName=EXTENDED_INLET
         Type=INLETOUTLET
         WallTypes[0l]=WALLFUNC_EQUIL
         Roughness=0
         Wetangle=90
         GapSealing=-1
         AlphaWall=-1
         GapThermalConductance=-1
         LocalFrameRef=(none)
         Rotation=(none)
         Translation=(none)
         VarConditions[0l]:
            PhaseName=Phase #0
            Type=CBVelVectorPres
            VelVector:
               x=-103
               y=-5
               z=0
            VIS_Pres=0
         Color=0x00ff0000
         Area=0
         VarTypes[0l]=CBVelVectorPres
         NumberOfSectors=0
         BinderCondition=(none)
         Binder=(none)
      BConditions[2l]:
         UIName=EXTENDED_OUTLET
         Type=FREEOUTLET
         WallTypes[0l]=WALLFUNC_EQUIL
         Roughness=0
         Wetangle=90
         GapSealing=-1
         AlphaWall=-1
         GapThermalConductance=-1
         LocalFrameRef=(none)
         Rotation=(none)
         Translation=(none)
         VarConditions[0l]:
            PhaseName=Phase #0
            Type=CBVelOutlet
            Pressure=0
         Color=0x00ff0000
         Area=0
         VarTypes[0l]=CBVelOutlet
         NumberOfSectors=0
         BinderCondition=(none)
         Binder=(none)
      BConditions[3l]:
         UIName=EXTENDED_NONREFLECT
         Type=NONREFLECT
         WallTypes[0l]=WALLFUNC_EQUIL
         Roughness=0
         Wetangle=90
         GapSealing=-1
         AlphaWall=-1
         GapThermalConductance=-1
         LocalFrameRef=(none)
         Rotation=(none)
         Translation=(none)
         VarConditions[0l]:
            PhaseName=Phase #0
            Type=CBVelRiemann
            VelInf:
               x=-103
               y=-5
               z=0
            PresInf=0
         Color=0x00ff0000
         Area=78357.1
         VarTypes[0l]=CBVelRiemann
         NumberOfSectors=0
         BinderCondition=(none)
         Binder=(none)
      Filters[0l]:
         UIName=Тело 1
         Object=Region.VisObjects[1]
         Constraints=(none)
         MarkCellsMode=BY_BOX
         Activation:
            Kind=PERMANENT
            TimeStart=0
            TimeDuration=0
            TimePeriod=0
            IterStart=1
            IterDuration=1
            IterPeriod=1
         Update:
            Kind=NON
            Time=0
            Iteration=1
         MassProperty:
            Mass=0
            CenterInertia:
               x=0
               y=0
               z=0
            MomentInertia0:
               x=0
               y=0
               z=0
            MomentInertia1:
               x=0
               y=0
               z=0
            MomentInertia2:
               x=0
               y=0
               z=0
         Movement:
            TimeVel:
               x=0
               y=0
               z=0
            Velocity:
               x=0
               y=0
               z=0
            TimeForce:
               x=0
               y=0
               z=0
            Force:
               x=0
               y=0
               z=0
            HydroForce:
               x=True
               y=True
               z=True
            Omega=1
         Rotation:
            UseCenterInertia=True
            Center:
               x=0
               y=0
               z=0
            TimeVel:
               x=0
               y=0
               z=0
            Velocity:
               x=0
               y=0
               z=0
            TimeMoment:
               x=0
               y=0
               z=0
            Moment:
               x=0
               y=0
               z=0
            HydroMoment:
               x=True
               y=True
               z=True
            Omega=1
         Location:
            Origin:
               x=0
               y=0
               z=0
            Def=CUSTOM_AXIS
            Angle=0
            Axis:
               x=1
               y=0
               z=0
            DefEuler=AVIA_RUS_ANGLES
            DefUser=THREE_AXES_XYZ
            Gamma=0
            Alpha=0
            Beta=0
            VIS_Ort0:
               x=1
               y=0
               z=0
            VIS_Ort1:
               x=0
               y=1
               z=0
            VIS_Ort2:
               x=0
               y=0
               z=1
            VIS_Scale=1
         Limitation:
            LimiterClass=CNoPositionLimiter
            Limiter=Region.VisObjects[1].Users[0].Limitation.Limiter
         DOF:
            Type=NO_LIMITS
            Point1:
               x=0
               y=0
               z=0
            Point2:
               x=1
               y=1
               z=1
            Translation=True
            Rotation=True
         FsiParams:
            ArtCompres=False
            MB_flexibility=0
            MB_mobility=0
         InsideOut=False
      Filters[1l]:
         UIName=Тело 3
         Object=Region.VisObjects[2]
         Constraints=(none)
         MarkCellsMode=BY_BOX
         Activation:
            Kind=PERMANENT
            TimeStart=0
            TimeDuration=0
            TimePeriod=0
            IterStart=1
            IterDuration=1
            IterPeriod=1
         Update:
            Kind=NON
            Time=0
            Iteration=1
         MassProperty:
            Mass=0
            CenterInertia:
               x=0
               y=0
               z=0
            MomentInertia0:
               x=0
               y=0
               z=0
            MomentInertia1:
               x=0
               y=0
               z=0
            MomentInertia2:
               x=0
               y=0
               z=0
         Movement:
            TimeVel:
               x=0
               y=0
               z=0
            Velocity:
               x=0
               y=0
               z=0
            TimeForce:
               x=0
               y=0
               z=0
            Force:
               x=0
               y=0
               z=0
            HydroForce:
               x=True
               y=True
               z=True
            Omega=1
         Rotation:
            UseCenterInertia=True
            Center:
               x=0
               y=0
               z=0
            TimeVel:
               x=0
               y=0
               z=0
            Velocity:
               x=0
               y=0
               z=0
            TimeMoment:
               x=0
               y=0
               z=0
            Moment:
               x=0
               y=0
               z=0
            HydroMoment:
               x=True
               y=True
               z=True
            Omega=1
         Location:
            Origin:
               x=0
               y=0
               z=0
            Def=CUSTOM_AXIS
            Angle=0
            Axis:
               x=1
               y=0
               z=0
            DefEuler=AVIA_RUS_ANGLES
            DefUser=THREE_AXES_XYZ
            Gamma=0
            Alpha=0
            Beta=0
            VIS_Ort0:
               x=1
               y=0
               z=0
            VIS_Ort1:
               x=0
               y=1
               z=0
            VIS_Ort2:
               x=0
               y=0
               z=1
            VIS_Scale=1
         Limitation:
            LimiterClass=CNoPositionLimiter
            Limiter=Region.VisObjects[2].Users[0].Limitation.Limiter
         DOF:
            Type=NO_LIMITS
            Point1:
               x=0
               y=0
               z=0
            Point2:
               x=1
               y=1
               z=1
            Translation=True
            Rotation=True
         FsiParams:
            ArtCompres=False
            MB_flexibility=0
            MB_mobility=0
         InsideOut=False
      InitialData[0l]:
         UIName=Init. condition #0
         Constraints=(none)
         ViewObject=Region.VisObjects[0]
         IniData=Region.Models[0].InitialData[0]
         Type=WholeCell
   BinderLinks:
   ExtInteractions:
      ExchangeTime:
         Type=Region.ExtInteractions.ExchangeTime.Type
         UserStep=0.01
         UndefStep=0.001
         StepCoef=1
      OldOffsetMethod=True
      SaveAfterReceive=False
   GridParameters:
      InitialGrid:
         GridStruct=GRID_3D
         GridPlane=PLANE_XY
         GridDirect=DIRECT_X
         nx=10
         X[0l]=-105.061
         X[1l]=-84.0477
         X[2l]=-63.0341
         X[3l]=-42.0204
         X[4l]=-21.0068
         X[5l]=0.00688961
         X[6l]=21.0205
         X[7l]=42.0342
         X[8l]=63.0478
         X[9l]=84.0615
         X[10l]=105.075
         ny=10
         Y[0l]=-39.4549
         Y[1l]=-31.5462
         Y[2l]=-23.6374
         Y[3l]=-15.7287
         Y[4l]=-7.82002
         Y[5l]=0.0886881
         Y[6l]=7.9974
         Y[7l]=15.9061
         Y[8l]=23.8148
         Y[9l]=31.7235
         Y[10l]=39.6323
         nz=10
         Z[0l]=-39.0002
         Z[1l]=-31.2002
         Z[2l]=-23.4002
         Z[3l]=-15.6002
         Z[4l]=-7.80023
         Z[5l]=-0.000232117
         Z[6l]=7.79977
         Z[7l]=15.5998
         Z[8l]=23.3998
         Z[9l]=31.1998
         Z[10l]=38.9998
      Adaptation:
         Activation:
            Kind=BYITER
            TimeStart=0
            TimeDuration=0
            TimePeriod=0
            IterStart=-1
            IterDuration=2
            IterPeriod=1000000
         Criteria[0l]:
            UIName=Adaptation #0
            Activation=True
            maxLevel=0
            subregArray[0l]=Region.VisObjects[4].Users[0].SubRegion
            placeArray[0l]:
               Place=Region.VisObjects[0]
               Settings:
                  MIndex=0
            AdpStatType=MERGE
            TwoChips=True
            Concavity=True
            OpSameBC=True
            OpDiffConj=True
            AdpToCurvParams:
               IsActive=False
               AddLevels=2
               SurfCurvMaxAngle=15
               SurfCurvUpperLimit=120
            AdpToEdgeParams:
               IsActive=False
               AddLevels=2
               SharpEdgeAngle=60
            layerCounts[0l]=1
         Criteria[1l]:
            UIName=Адаптация #1
            Activation=True
            maxLevel=3
            subregArray[0l]=Region.VisObjects[4].Users[0].SubRegion
            placeArray[0l]:
               Place=Region.VisibleSubRegs[0].BConditions[0]
               Settings:
                  MIndex=0
            AdpStatType=DIVIDE
            TwoChips=True
            Concavity=True
            OpSameBC=True
            OpDiffConj=True
            AdpToCurvParams:
               IsActive=False
               AddLevels=2
               SurfCurvMaxAngle=15
               SurfCurvUpperLimit=120
            AdpToEdgeParams:
               IsActive=False
               AddLevels=2
               SharpEdgeAngle=60
            layerCounts[0l]=3
            layerCounts[1l]=3
            layerCounts[2l]=3
      AdaptationToCond:
         Activation:
            Kind=PERMANENT
            TimeStart=0
            TimeDuration=0
            TimePeriod=0
            IterStart=1
            IterDuration=1
            IterPeriod=1
      AdaptationToSolution:
         Activation:
            Kind=BYITER
            TimeStart=0
            TimeDuration=0
            TimePeriod=0
            IterStart=10
            IterDuration=2
            IterPeriod=10
         Criteria[0l]:
            UIName=Adaptation to solution #0
            Activation=True
            maxLevel=3
            subregArray[0l]=Region.VisObjects[4].Users[0].SubRegion
            placeArray[0l]:
               Place=Region.VisObjects[0]
               Settings:
                  MIndex=0
            varArray[0l]:
               Variable:
                  Comp=SOURCE
               Type=GRADIENT
               Value=0
               Weight=1
         cellCount=100000
      OBLGrids:
         Activation:
            Type=PERMANENT
            IterStart=0
            TimeStart=0
   DllManager:
   Source=E:\UniFlight\flow\\full_rocket15_fv\data/full_rocket15.vtk
   Information:
      NumGroups=6
      NumFacets=12
      NumPoints=8
      Dim:
         Center:
            x=0.00688961
            y=0.0886881
            z=-0.000232117
         Size:
            x=210.136
            y=79.0871
            z=78
         BoxMin:
            x=-105.061
            y=-39.4549
            z=-39.0002
         BoxMax:
            x=105.075
            y=39.6323
            z=38.9998
   Tolerance=1e-08
   MinLengthOfEdge=78



Current controls data
------------------
Controls:
   TimeStep:
      Type=CFL
      Step=0.001
      CFL=10
      CFLSURF=1e+20
      CFLDIFF=1e+20
      CFLSLIDE=1
      CFLFILM=5
      Maximum=0.1
      Minimum=1e-20
      DisConvergenceLimit=1e-10
      GradP_use=True
      ImplicitMotion:
         MassCorrectionCoeff=1
         Enabled=False
         MaxIterations=10
         IterDuration=5
         MaxResidual=0.01
         Relaxation=0.5
         ArtCompressCoeff=0.75
   Advanced:
      Scheme:
         Type=Smooth
         Skew=False
         SchemeType=Implicit
         TimeStepping:
            Method=Standard
            NumCoupling=1
         SideGradAppr=True
         PresGrad=Simple
         PresTotal=PtotSimple
         OffSpeed=False
         densDependendConc=False
         AddSmoothByAdapt=False
         JointSol=False
      LES:
         SolverType=AST
         RelTol=1e-10
         UseA=True
         MaxIterA=100
         UseS=True
         MaxIterS=250
         FinalizeSQD=False
         UseT=True
         MaxIterT=400
      LimValue:
         StresMax=1e+20
         PresMin=-1e+20
         PresMax=1e+20
         Extrapolation=False
         FluxMax=1e+20
      MHDParameters:
         iterationsnumber=1
         useMHDtimestep=False
         diffaktor=0
      VOFParameters:
         conservative_VOF=True
         relaxation_VOF=1
         VOF_CFL=0
         useVOFtimestep=True
         useVOFSRCtimestep=False
         usedroplets=False
         vof_LEV=0.0001
         useConservativeVelocity=False
         useSigmaSurfGradCalc=False
      DISPERSEDparam:
         Type=Upwind
         FitaDmin=0.001
         useFilmTimeStep=False
         IcingActivation:
            Type=OFF
            IterStart=0
            TimeStart=0
      CheckGrid=False
      AdaptThroughGap=True
      Balancing:
         Kind=NON
         TimeStart=0
         TimeDuration=0
         TimePeriod=0
         IterStart=1
         IterDuration=1
         IterPeriod=1
      TurbulenceParameters:
         DistViaPotential=True
         StandardWF=False
         Fr_background=0.09
         T_profile=3
         T_Kader=False
         T_variation=False
      ChemistryParameters:
         MatrixSolver=False
      ExportLoadings:
         SaveData:
            Kind=NON
            Time=0
            Iteration=1
            Filename=loadings.glo
            Mode=APPEND
            UpdateOnStop=False
            Format=(none)
         Subject=NODE_LOADINGS
      MainLog:
         WriteMainLog=True
         MainLogDepth=1
      SlideSurface:
         Type=Sliding
      SmoothDiffFluxes=False
   Limiters:
      CalcLimiters:
         CommonCalcLims:
            K_volumedata=0.5
         PhaseCalcLims[0l]:
            EditValues[0l]=1e-10
            EditValues[1l]=1e+20
            EditValues[2l]=-1e+20
            EditValues[3l]=1e+20
            SmallCellParameters:
               Type=ABSOLUTE
               Criteria=0.2
               DynamicCriteria=0.2
            VeryViscouseFlow=False
   AutoSave:
      NonStationary=False
      Frequency:
         Kind=BYITER
         Time=0
         Iteration=50
      SaveVTK:
         Enabled=False
         Binary=True
      EnSight:
         Enabled=False
         Binary=True
   LayerAutoSave:
      NonStationary=False
      Frequency:
         Kind=NON
         Time=0
         Iteration=50
      SaveSolids=True
   TortAutoSave:
      Enabled=False
      AdaptLevel=3
      Method=Multiply
   ExportLMS:
      SubRegion=(none)
      OnSurface:
         Enabled=False
         SplitSources=False
      InVolume:
         Enabled=False
         Box=(none)
         Grid:
            LocalSystem=True
            Nodes1_i=101
            Nodes2_i=101
            Nodes3_i=101
            Nodes1_s=101
            Nodes2_s=101
            Nodes3_s=101
      Start:
         Kind=BYTIME
         TimeStart=0
         IterStart=1
      Transformation:
         Origin:
            x=0
            y=0
            z=0
         Ort0:
            x=1
            y=0
            z=0
         Ort1:
            x=0
            y=1
            z=0
         Ort2:
            x=0
            y=0
            z=1
         Scale=1
   Stoppers:
      TimeSpan:
         begin=0
         end=8
      Iterations:
         Number=1000000
      StopperResidual[0l]:
         Level=0
         Averaging=COMMON
         AveragingSettings:
            Kind=BYTIME
            Time=0
            Iteration=1
         Color=0x00006312
      StopperResidual[1l]:
         Level=0
         Averaging=COMMON
         AveragingSettings:
            Kind=BYTIME
            Time=0
            Iteration=1
         Color=0x004b4bf4
      StopperUser[0l]:
         UIName=Результат #1
         Level=0
         Averaging=COMMON
         AveragingSettings:
            Kind=BYTIME
            Time=0
            Iteration=1
         Color=0x00006312
         Object=Controls.Stoppers.StopperUser[0].Object
         Group=0
         UGV=14
         Comp=X
      StopperUser[1l]:
         UIName=Результат #2
         Level=0
         Averaging=COMMON
         AveragingSettings:
            Kind=BYTIME
            Time=0
            Iteration=1
         Color=0x004b4bf4
         Object=Controls.Stoppers.StopperUser[1].Object
         Group=0
         UGV=14
         Comp=Y
      Update:
         Kind=BYTIME
         Time=0
         Iteration=1
      StopIterations=5
      StartSettings:
         CheckMode=CHECKITER
         StartTime=0
         StartIter=0


------------------

SOLUTION STARTED
FlowVision Solver, version 3.13.01-W64 build 20240822 changeset 0.

20.06.26 15:35:39  ===== PreSolve Step =====
 Grid rebuild type:  1
 Start: DistributeGridOnProcessors
 End:   DistributeGridOnProcessors, res= 0; Timer: cpu0=0.000 wall=0.003 
 Start: DistributeFacet
 End:   DistributeFacet, res= 0; Timer: cpu0=0.000 wall=0.000 
 Start: DistributeGridOnProcessors
 End:   DistributeGridOnProcessors, res= 0; Timer: cpu0=0.000 wall=0.003 
 Start: DistributeFacet
 End:   DistributeFacet, res= 0; Timer: cpu0=0.000 wall=0.000 
 Start: BuildRealCells
 End:   BuildRealCells, res= 0; Timer: cpu0=0.062 wall=0.012 
 Start: SetNeiHyperCells
 End:   SetNeiHyperCells, res= 0; Timer: cpu0=0.000 wall=0.003 
 Start: SetNeiHyperCells
 End:   SetNeiHyperCells, res= 0; Timer: cpu0=0.000 wall=0.000 
 Start: TransferSubregs
 End:   TransferSubregs, res= 0; Timer: cpu0=0.000 wall=0.002 
 Start: CreateData
 End:   CreateData, res= 0; Timer: cpu0=0.000 wall=0.001 
 Start: Adaptation, TotalRealCellsCount= 1000 
 End:   Adaptation; Timer: cpu0=0.000 wall=0.002 
 Start: DistributeGridOnProcessors
 End:   DistributeGridOnProcessors, res= 0; Timer: cpu0=0.000 wall=0.006 
 Start: SetNeiHyperCells
 End:   SetNeiHyperCells, res= 0; Timer: cpu0=0.000 wall=0.001 
 Start: DataInitialization
 End:   DataInitialization; Timer: cpu0=0.000 wall=0.003 
 End:   ===== PreSolve Step =====; Timer: cpu0=0.078 wall=0.062 
20.06.26 15:35:39  ===== Processing Layers =====
20.06.26 15:35:39    *SEND* for CScalarLayer, GUID=7CD78E3E-90ED-43A0-9E73-BB60FDDAE621
 Start: ComputeVolumeCharacteristics
 End:   ComputeVolumeCharacteristics; Timer: cpu0=0.000 wall=0.001 
 Start: GetValueOnFacets
 End:   GetValueOnFacets; Timer: cpu0=0.000 wall=0.001 
20.06.26 15:35:39    *SEND* for CIntegralCharsLayer, GUID=4E090A0C-544B-E4A2-4242-BEC451D7CD2B
20.06.26 15:35:39    *SEND* for CIntegralCharsLayer, GUID=67F29492-B486-9BD6-015B-58123FE04E04
20.06.26 15:35:39    *SEND* for CIntegralCharsLayer, GUID=24E026D3-474F-9BDB-2BB1-A3745825FAC4
 End:   ===== Processing Layers =====; Timer: cpu0=0.000 wall=0.011 

20.06.26 15:35:39  ===== New Time Step =====, Iter number =  0
 Start: SolidFiltersProcess
 End:   SolidFiltersProcess, res= 0; Timer: cpu0=0.156 wall=0.012 
 Start: TimeServis
 End:   TimeServis; Timer: cpu0=0.000 wall=0.001 
 Start: User modules' functions BeforeTimeStep() are calling
 End:   User modules' functions BeforeTimeStep() are calling; Timer: cpu0=0.000 wall=0.001 
 Start: Adaptation, TotalRealCellsCount= 1016 
 End:   Adaptation; Timer: cpu0=0.797 wall=0.287 
 Start: DistributeGridOnProcessors
 End:   DistributeGridOnProcessors, res= 0; Timer: cpu0=0.031 wall=0.021 
 Start: SetNeiHyperCells
 End:   SetNeiHyperCells, res= 0; Timer: cpu0=0.000 wall=0.002 
 Start: BuildFacetDistribution
 End:   BuildFacetDistribution; Timer: cpu0=0.000 wall=0.001 
 Start: Initialize data arrays on chips
 End:   Initialize data arrays on chips, res= 0; Timer: cpu0=0.000 wall=0.001 
  ***** Maximum Geometrical Gauss = 2.7363e-15, cell= 654:5:0:1:1:0
  ***** Maximum MovingSurf  Gauss = 3.60747e-14, cell= 654:1:1:2:1:0
 Start: Remove Small Cells
 End:   Remove Small Cells; Timer: cpu0=0.000 wall=0.003 
 Start: Initialize data arrays on chips
 End:   Initialize data arrays on chips, res= 0; Timer: cpu0=0.000 wall=0.000 
  ***** Maximum Geometrical Gauss = 3.3477e-15, cell= 544:7:5:7
  ***** Maximum MovingSurf  Gauss = 1.02651e-14, cell= 654:5:1:0:1:0
 Start: Initialize data arrays on chips
 End:   Initialize data arrays on chips, res= 0; Timer: cpu0=0.000 wall=0.001 
 Start: Modify Chip Data
 End:   Modify Chip Data; Timer: cpu0=0.000 wall=0.003 
 Start: TimeServis
 End:   TimeServis; Timer: cpu0=0.000 wall=0.004 
 Start: FindEnclaves
 End:   FindEnclaves; Timer: cpu0=0.016 wall=0.002 
 Start: VarValueService
 End:   VarValueService; Timer: cpu0=0.000 wall=0.001 
 Start: SolvePhaseEquation 
 End:   SolvePhaseEquation ; Timer: cpu0=0.625 wall=0.104 
 Start: SolidFiltersProcess: calculate forces and moments
 End:   SolidFiltersProcess: calculate forces and moments; Timer: cpu0=0.000 wall=0.001 
 Start: PrepareDataForNextStep
 End:   PrepareDataForNextStep; Timer: cpu0=0.000 wall=0.006 
 Start: VarValueService
 End:   VarValueService; Timer: cpu0=0.000 wall=0.001 
 Start: UpdateStopperData
 End:   UpdateStopperData; Timer: cpu0=0.000 wall=0.000 
 Start: Saving text status in E:\UniFlight\flow\full_rocket15_fv\data\full_rocket15.status
 End:   Saving text status in E:\UniFlight\flow\full_rocket15_fv\data\full_rocket15.status; Timer: cpu0=0.000 wall=0.001 
 End:   ===== Time Step =====, Iter number =  0; Timer: cpu0=1.625 wall=0.483 

20.06.26 15:35:40  ===== Processing Layers =====
20.06.26 15:35:40    *SEND* for CScalarLayer, GUID=7CD78E3E-90ED-43A0-9E73-BB60FDDAE621
 Start: ComputeVolumeCharacteristics
 End:   ComputeVolumeCharacteristics; Timer: cpu0=0.000 wall=0.001 
 Start: GetValueOnFacets
 End:   GetValueOnFacets; Timer: cpu0=0.000 wall=0.005 
20.06.26 15:35:40    *SEND* for CIntegralCharsLayer, GUID=4E090A0C-544B-E4A2-4242-BEC451D7CD2B
20.06.26 15:35:40    *SEND* for CIntegralCharsLayer, GUID=67F29492-B486-9BD6-015B-58123FE04E04
20.06.26 15:35:40    *SEND* for CIntegralCharsLayer, GUID=24E026D3-474F-9BDB-2BB1-A3745825FAC4
 End:   ===== Processing Layers =====; Timer: cpu0=0.000 wall=0.015 

20.06.26 15:35:40  ===== New Time Step =====, Iter number =  1
 Start: TimeServis
 End:   TimeServis; Timer: cpu0=0.000 wall=0.004 
 Start: User modules' functions BeforeTimeStep() are calling
 End:   User modules' functions BeforeTimeStep() are calling; Timer: cpu0=0.000 wall=0.001 
 Start: Adaptation, TotalRealCellsCount= 7556 
 End:   Adaptation; Timer: cpu0=0.000 wall=0.001 
 Start: Initialize data arrays on chips
 End:   Initialize data arrays on chips, res= 0; Timer: cpu0=0.000 wall=0.000 
  ***** Maximum Geometrical Gauss = 3.3477e-15, cell= 544:7:5:7
  ***** Maximum MovingSurf  Gauss = 0, cell= 
 Start: Initialize data arrays on chips
 End:   Initialize data arrays on chips, res= 0; Timer: cpu0=0.000 wall=0.001 
 Start: TimeServis
 End:   TimeServis; Timer: cpu0=0.000 wall=0.004 
 Start: FindEnclaves
 End:   FindEnclaves; Timer: cpu0=0.016 wall=0.003 
 Start: VarValueService
 End:   VarValueService; Timer: cpu0=0.000 wall=0.001 
 Start: SolvePhaseEquation 
 End:   SolvePhaseEquation ; Timer: cpu0=0.688 wall=0.105 
 Start: SolidFiltersProcess: calculate forces and moments
 End:   SolidFiltersProcess: calculate forces and moments; Timer: cpu0=0.000 wall=0.002 
 Start: PrepareDataForNextStep
 End:   PrepareDataForNextStep; Timer: cpu0=0.047 wall=0.009 
 Start: VarValueService
 End:   VarValueService; Timer: cpu0=0.000 wall=0.001 
 Start: UpdateStopperData
 End:   UpdateStopperData; Timer: cpu0=0.000 wall=0.000 
 Start: Saving text status in E:\UniFlight\flow\full_rocket15_fv\data\full_rocket15.status
 End:   Saving text status in E:\UniFlight\flow\full_rocket15_fv\data\full_rocket15.status; Timer: cpu0=0.000 wall=0.002 
 End:   ===== Time Step =====, Iter number =  1; Timer: cpu0=0.750 wall=0.164 

20.06.26 15:35:41  ===== Processing Layers =====
20.06.26 15:35:41    *SEND* for CScalarLayer, GUID=7CD78E3E-90ED-43A0-9E73-BB60FDDAE621
 Start: ComputeVolumeCharacteristics
 End:   ComputeVolumeCharacteristics; Timer: cpu0=0.000 wall=0.001 
 Start: GetValueOnFacets
 End:   GetValueOnFacets; Timer: cpu0=0.000 wall=0.004 
20.06.26 15:35:41    *SEND* for CIntegralCharsLayer, GUID=4E090A0C-544B-E4A2-4242-BEC451D7CD2B
20.06.26 15:35:41    *SEND* for CIntegralCharsLayer, GUID=67F29492-B486-9BD6-015B-58123FE04E04
20.06.26 15:35:41    *SEND* for CIntegralCharsLayer, GUID=24E026D3-474F-9BDB-2BB1-A3745825FAC4
 End:   ===== Processing Layers =====; Timer: cpu0=0.000 wall=0.017 

20.06.26 15:35:41  ===== New Time Step =====, Iter number =  2
 Start: TimeServis
 End:   TimeServis; Timer: cpu0=0.000 wall=0.004 
 Start: User modules' functions BeforeTimeStep() are calling
 End:   User modules' functions BeforeTimeStep() are calling; Timer: cpu0=0.000 wall=0.001 
 Start: Adaptation, TotalRealCellsCount= 7556 
 End:   Adaptation; Timer: cpu0=0.000 wall=0.002 
 Start: Initialize data arrays on chips
 End:   Initialize data arrays on chips, res= 0; Timer: cpu0=0.000 wall=0.000 
  ***** Maximum Geometrical Gauss = 3.3477e-15, cell= 544:7:5:7
  ***** Maximum MovingSurf  Gauss = 0, cell= 
 Start: Initialize data arrays on chips
 End:   Initialize data arrays on chips, res= 0; Timer: cpu0=0.000 wall=0.001 
 Start: TimeServis
 End:   TimeServis; Timer: cpu0=0.000 wall=0.003 
 Start: FindEnclaves
 End:   FindEnclaves; Timer: cpu0=0.000 wall=0.004 
 Start: VarValueService
 End:   VarValueService; Timer: cpu0=0.000 wall=0.001 
 Start: SolvePhaseEquation 
 End:   SolvePhaseEquation ; Timer: cpu0=0.750 wall=0.115 
 Start: SolidFiltersProcess: calculate forces and moments
 End:   SolidFiltersProcess: calculate forces and moments; Timer: cpu0=0.000 wall=0.002 
 Start: PrepareDataForNextStep
 End:   PrepareDataForNextStep; Timer: cpu0=0.000 wall=0.013 
 Start: VarValueService
 End:   VarValueService; Timer: cpu0=0.000 wall=0.001 
 Start: UpdateStopperData
 End:   UpdateStopperData; Timer: cpu0=0.000 wall=0.001 
 Start: Saving text status in E:\UniFlight\flow\full_rocket15_fv\data\full_rocket15.status
 End:   Saving text status in E:\UniFlight\flow\full_rocket15_fv\data\full_rocket15.status; Timer: cpu0=0.000 wall=0.003 
 End:   ===== Time Step =====, Iter number =  2; Timer: cpu0=0.828 wall=0.180 

20.06.26 15:35:42  ===== Processing Layers =====
20.06.26 15:35:42    *SEND* for CScalarLayer, GUID=7CD78E3E-90ED-43A0-9E73-BB60FDDAE621
 Start: ComputeVolumeCharacteristics
 End:   ComputeVolumeCharacteristics; Timer: cpu0=0.000 wall=0.001 
 Start: GetValueOnFacets
 End:   GetValueOnFacets; Timer: cpu0=0.000 wall=0.009 
20.06.26 15:35:42    *SEND* for CIntegralCharsLayer, GUID=4E090A0C-544B-E4A2-4242-BEC451D7CD2B
20.06.26 15:35:42    *SEND* for CIntegralCharsLayer, GUID=67F29492-B486-9BD6-015B-58123FE04E04
20.06.26 15:35:42    *SEND* for CIntegralCharsLayer, GUID=24E026D3-474F-9BDB-2BB1-A3745825FAC4
 End:   ===== Processing Layers =====; Timer: cpu0=0.000 wall=0.026 

20.06.26 15:35:42  ===== New Time Step =====, Iter number =  3
 Start: TimeServis
 End:   TimeServis; Timer: cpu0=0.125 wall=0.004 
 Start: User modules' functions BeforeTimeStep() are calling
 End:   User modules' functions BeforeTimeStep() are calling; Timer: cpu0=0.000 wall=0.002 
 Start: Adaptation, TotalRealCellsCount= 7556 
 End:   Adaptation; Timer: cpu0=0.000 wall=0.001 
 Start: Initialize data arrays on chips
 End:   Initialize data arrays on chips, res= 0; Timer: cpu0=0.000 wall=0.001 
  ***** Maximum Geometrical Gauss = 3.3477e-15, cell= 544:7:5:7
  ***** Maximum MovingSurf  Gauss = 0, cell= 
 Start: Initialize data arrays on chips
 End:   Initialize data arrays on chips, res= 0; Timer: cpu0=0.000 wall=0.001 
 Start: TimeServis
 End:   TimeServis; Timer: cpu0=0.000 wall=0.004 
 Start: FindEnclaves
 End:   FindEnclaves; Timer: cpu0=0.000 wall=0.004 
 Start: VarValueService
 End:   VarValueService; Timer: cpu0=0.016 wall=0.001 
 Start: SolvePhaseEquation 
 End:   SolvePhaseEquation ; Timer: cpu0=0.828 wall=0.118 
 Start: SolidFiltersProcess: calculate forces and moments
 End:   SolidFiltersProcess: calculate forces and moments; Timer: cpu0=0.000 wall=0.010 
 Start: PrepareDataForNextStep
 End:   PrepareDataForNextStep; Timer: cpu0=0.062 wall=0.026 
 Start: VarValueService
 End:   VarValueService; Timer: cpu0=0.000 wall=0.002 
 Start: UpdateStopperData
 End:   UpdateStopperData; Timer: cpu0=0.000 wall=0.002 
 Start: Saving text status in E:\UniFlight\flow\full_rocket15_fv\data\full_rocket15.status
 End:   Saving text status in E:\UniFlight\flow\full_rocket15_fv\data\full_rocket15.status; Timer: cpu0=0.000 wall=0.004 
 End:   ===== Time Step =====, Iter number =  3; Timer: cpu0=1.031 wall=0.232 

20.06.26 15:35:42  ===== Processing Layers =====
20.06.26 15:35:42    *SEND* for CScalarLayer, GUID=7CD78E3E-90ED-43A0-9E73-BB60FDDAE621
 Start: ComputeVolumeCharacteristics
 End:   ComputeVolumeCharacteristics; Timer: cpu0=0.000 wall=0.001 
 Start: GetValueOnFacets
 End:   GetValueOnFacets; Timer: cpu0=0.000 wall=0.004 
20.06.26 15:35:42    *SEND* for CIntegralCharsLayer, GUID=4E090A0C-544B-E4A2-4242-BEC451D7CD2B
20.06.26 15:35:42    *SEND* for CIntegralCharsLayer, GUID=67F29492-B486-9BD6-015B-58123FE04E04
20.06.26 15:35:42    *SEND* for CIntegralCharsLayer, GUID=24E026D3-474F-9BDB-2BB1-A3745825FAC4
 End:   ===== Processing Layers =====; Timer: cpu0=0.000 wall=0.017 

20.06.26 15:35:42  ===== New Time Step =====, Iter number =  4
 Start: TimeServis
 End:   TimeServis; Timer: cpu0=0.031 wall=0.005 
 Start: User modules' functions BeforeTimeStep() are calling
 End:   User modules' functions BeforeTimeStep() are calling; Timer: cpu0=0.000 wall=0.001 
 Start: Adaptation, TotalRealCellsCount= 7556 
 End:   Adaptation; Timer: cpu0=0.000 wall=0.001 
 Start: Initialize data arrays on chips
 End:   Initialize data arrays on chips, res= 0; Timer: cpu0=0.000 wall=0.001 
  ***** Maximum Geometrical Gauss = 3.3477e-15, cell= 544:7:5:7
  ***** Maximum MovingSurf  Gauss = 0, cell= 
 Start: Initialize data arrays on chips
 End:   Initialize data arrays on chips, res= 0; Timer: cpu0=0.000 wall=0.000 
 Start: TimeServis
 End:   TimeServis; Timer: cpu0=0.000 wall=0.004 
 Start: FindEnclaves
 End:   FindEnclaves; Timer: cpu0=0.000 wall=0.004 
 Start: VarValueService
 End:   VarValueService; Timer: cpu0=0.000 wall=0.001 
 Start: SolvePhaseEquation 
 End:   SolvePhaseEquation ; Timer: cpu0=0.641 wall=0.115 
 Start: SolidFiltersProcess: calculate forces and moments
 End:   SolidFiltersProcess: calculate forces and moments; Timer: cpu0=0.000 wall=0.002 
 Start: PrepareDataForNextStep
 End:   PrepareDataForNextStep; Timer: cpu0=0.094 wall=0.011 
 Start: VarValueService
 End:   VarValueService; Timer: cpu0=0.000 wall=0.001 
 Start: UpdateStopperData
 End:   UpdateStopperData; Timer: cpu0=0.000 wall=0.001 
 Start: Saving text status in E:\UniFlight\flow\full_rocket15_fv\data\full_rocket15.status
 End:   Saving text status in E:\UniFlight\flow\full_rocket15_fv\data\full_rocket15.status; Timer: cpu0=0.000 wall=0.003 
 End:   ===== Time Step =====, Iter number =  4; Timer: cpu0=0.891 wall=0.180 

20.06.26 15:35:43  ===== Processing Layers =====
20.06.26 15:35:43    *SEND* for CScalarLayer, GUID=7CD78E3E-90ED-43A0-9E73-BB60FDDAE621
 Start: ComputeVolumeCharacteristics
 End:   ComputeVolumeCharacteristics; Timer: cpu0=0.000 wall=0.002 
 Start: GetValueOnFacets
 End:   GetValueOnFacets; Timer: cpu0=0.000 wall=0.004 
20.06.26 15:35:43    *SEND* for CIntegralCharsLayer, GUID=4E090A0C-544B-E4A2-4242-BEC451D7CD2B
20.06.26 15:35:43    *SEND* for CIntegralCharsLayer, GUID=67F29492-B486-9BD6-015B-58123FE04E04
20.06.26 15:35:43    *SEND* for CIntegralCharsLayer, GUID=24E026D3-474F-9BDB-2BB1-A3745825FAC4
 End:   ===== Processing Layers =====; Timer: cpu0=0.000 wall=0.020 

20.06.26 15:35:43  ===== New Time Step =====, Iter number =  5
 Start: TimeServis
 End:   TimeServis; Timer: cpu0=0.125 wall=0.003 
 Start: User modules' functions BeforeTimeStep() are calling
 End:   User modules' functions BeforeTimeStep() are calling; Timer: cpu0=0.000 wall=0.002 
 Start: Adaptation, TotalRealCellsCount= 7556 
 End:   Adaptation; Timer: cpu0=0.000 wall=0.002 
 Start: Initialize data arrays on chips
 End:   Initialize data arrays on chips, res= 0; Timer: cpu0=0.000 wall=0.001 
  ***** Maximum Geometrical Gauss = 3.3477e-15, cell= 544:7:5:7
  ***** Maximum MovingSurf  Gauss = 0, cell= 
 Start: Initialize data arrays on chips
 End:   Initialize data arrays on chips, res= 0; Timer: cpu0=0.000 wall=0.001 
 Start: TimeServis
 End:   TimeServis; Timer: cpu0=0.000 wall=0.004 
 Start: FindEnclaves
 End:   FindEnclaves; Timer: cpu0=0.000 wall=0.004 
 Start: VarValueService
 End:   VarValueService; Timer: cpu0=0.000 wall=0.000 
 Start: SolvePhaseEquation 
 End:   SolvePhaseEquation ; Timer: cpu0=0.688 wall=0.108 
 Start: SolidFiltersProcess: calculate forces and moments
 End:   SolidFiltersProcess: calculate forces and moments; Timer: cpu0=0.000 wall=0.002 
 Start: PrepareDataForNextStep
 End:   PrepareDataForNextStep; Timer: cpu0=0.000 wall=0.010 
 Start: VarValueService
 End:   VarValueService; Timer: cpu0=0.000 wall=0.001 
 Start: UpdateStopperData
 End:   UpdateStopperData; Timer: cpu0=0.000 wall=0.002 
 Start: Saving text status in E:\UniFlight\flow\full_rocket15_fv\data\full_rocket15.status
 End:   Saving text status in E:\UniFlight\flow\full_rocket15_fv\data\full_rocket15.status; Timer: cpu0=0.000 wall=0.002 
 End:   ===== Time Step =====, Iter number =  5; Timer: cpu0=0.812 wall=0.175 

20.06.26 15:35:43  ===== Processing Layers =====
20.06.26 15:35:43    *SEND* for CScalarLayer, GUID=7CD78E3E-90ED-43A0-9E73-BB60FDDAE621
 Start: ComputeVolumeCharacteristics
 End:   ComputeVolumeCharacteristics; Timer: cpu0=0.000 wall=0.001 
 Start: GetValueOnFacets
 End:   GetValueOnFacets; Timer: cpu0=0.000 wall=0.005 
20.06.26 15:35:43    *SEND* for CIntegralCharsLayer, GUID=4E090A0C-544B-E4A2-4242-BEC451D7CD2B
20.06.26 15:35:43    *SEND* for CIntegralCharsLayer, GUID=67F29492-B486-9BD6-015B-58123FE04E04
20.06.26 15:35:43    *SEND* for CIntegralCharsLayer, GUID=24E026D3-474F-9BDB-2BB1-A3745825FAC4
 End:   ===== Processing Layers =====; Timer: cpu0=0.000 wall=0.017 

20.06.26 15:35:43  ===== New Time Step =====, Iter number =  6
 Start: TimeServis
 End:   TimeServis; Timer: cpu0=0.000 wall=0.004 
 Start: User modules' functions BeforeTimeStep() are calling
 End:   User modules' functions BeforeTimeStep() are calling; Timer: cpu0=0.000 wall=0.002 
 Start: Adaptation, TotalRealCellsCount= 7556 
 End:   Adaptation; Timer: cpu0=0.000 wall=0.001 
 Start: Initialize data arrays on chips
 End:   Initialize data arrays on chips, res= 0; Timer: cpu0=0.000 wall=0.001 
  ***** Maximum Geometrical Gauss = 3.3477e-15, cell= 544:7:5:7
  ***** Maximum MovingSurf  Gauss = 0, cell= 
 Start: Initialize data arrays on chips
 End:   Initialize data arrays on chips, res= 0; Timer: cpu0=0.000 wall=0.001 
 Start: TimeServis
 End:   TimeServis; Timer: cpu0=0.000 wall=0.003 
 Start: FindEnclaves
 End:   FindEnclaves; Timer: cpu0=0.000 wall=0.004 
 Start: VarValueService
 End:   VarValueService; Timer: cpu0=0.000 wall=0.000 
 Start: SolvePhaseEquation 
 End:   SolvePhaseEquation ; Timer: cpu0=0.656 wall=0.110 
 Start: SolidFiltersProcess: calculate forces and moments
 End:   SolidFiltersProcess: calculate forces and moments; Timer: cpu0=0.000 wall=0.002 
 Start: PrepareDataForNextStep
 End:   PrepareDataForNextStep; Timer: cpu0=0.000 wall=0.010 
 Start: VarValueService
 End:   VarValueService; Timer: cpu0=0.000 wall=0.001 
 Start: UpdateStopperData
 End:   UpdateStopperData; Timer: cpu0=0.000 wall=0.015 
 Start: Saving text status in E:\UniFlight\flow\full_rocket15_fv\data\full_rocket15.status
 End:   Saving text status in E:\UniFlight\flow\full_rocket15_fv\data\full_rocket15.status; Timer: cpu0=0.000 wall=0.003 
 End:   ===== Time Step =====, Iter number =  6; Timer: cpu0=0.672 wall=0.193 

20.06.26 15:35:44  ===== Processing Layers =====
20.06.26 15:35:44    *SEND* for CScalarLayer, GUID=7CD78E3E-90ED-43A0-9E73-BB60FDDAE621
 Start: ComputeVolumeCharacteristics
 End:   ComputeVolumeCharacteristics; Timer: cpu0=0.000 wall=0.001 
 Start: GetValueOnFacets
 End:   GetValueOnFacets; Timer: cpu0=0.016 wall=0.005 
20.06.26 15:35:44    *SEND* for CIntegralCharsLayer, GUID=4E090A0C-544B-E4A2-4242-BEC451D7CD2B
20.06.26 15:35:44    *SEND* for CIntegralCharsLayer, GUID=67F29492-B486-9BD6-015B-58123FE04E04
20.06.26 15:35:44    *SEND* for CIntegralCharsLayer, GUID=24E026D3-474F-9BDB-2BB1-A3745825FAC4
 End:   ===== Processing Layers =====; Timer: cpu0=0.016 wall=0.019 

20.06.26 15:35:44  ===== New Time Step =====, Iter number =  7
 Start: TimeServis
 End:   TimeServis; Timer: cpu0=0.000 wall=0.004 
 Start: User modules' functions BeforeTimeStep() are calling
 End:   User modules' functions BeforeTimeStep() are calling; Timer: cpu0=0.000 wall=0.001 
 Start: Adaptation, TotalRealCellsCount= 7556 
 End:   Adaptation; Timer: cpu0=0.000 wall=0.002 
 Start: Initialize data arrays on chips
 End:   Initialize data arrays on chips, res= 0; Timer: cpu0=0.000 wall=0.000 
  ***** Maximum Geometrical Gauss = 3.3477e-15, cell= 544:7:5:7
  ***** Maximum MovingSurf  Gauss = 0, cell= 
 Start: Initialize data arrays on chips
 End:   Initialize data arrays on chips, res= 0; Timer: cpu0=0.000 wall=0.002 
 Start: TimeServis
 End:   TimeServis; Timer: cpu0=0.062 wall=0.004 
 Start: FindEnclaves
 End:   FindEnclaves; Timer: cpu0=0.000 wall=0.004 
 Start: VarValueService
 End:   VarValueService; Timer: cpu0=0.000 wall=0.001 
 Start: SolvePhaseEquation 
 End:   SolvePhaseEquation ; Timer: cpu0=0.766 wall=0.119 
 Start: SolidFiltersProcess: calculate forces and moments
 End:   SolidFiltersProcess: calculate forces and moments; Timer: cpu0=0.000 wall=0.002 
 Start: PrepareDataForNextStep
 End:   PrepareDataForNextStep; Timer: cpu0=0.125 wall=0.011 
 Start: VarValueService
 End:   VarValueService; Timer: cpu0=0.000 wall=0.001 
 Start: UpdateStopperData
 End:   UpdateStopperData; Timer: cpu0=0.000 wall=0.002 
 Start: Saving text status in E:\UniFlight\flow\full_rocket15_fv\data\full_rocket15.status
 End:   Saving text status in E:\UniFlight\flow\full_rocket15_fv\data\full_rocket15.status; Timer: cpu0=0.000 wall=0.002 
 End:   ===== Time Step =====, Iter number =  7; Timer: cpu0=0.953 wall=0.186 

20.06.26 15:35:44  ===== Processing Layers =====
20.06.26 15:35:44    *SEND* for CScalarLayer, GUID=7CD78E3E-90ED-43A0-9E73-BB60FDDAE621
 Start: ComputeVolumeCharacteristics
 End:   ComputeVolumeCharacteristics; Timer: cpu0=0.000 wall=0.001 
 Start: GetValueOnFacets
 End:   GetValueOnFacets; Timer: cpu0=0.016 wall=0.005 
20.06.26 15:35:44    *SEND* for CIntegralCharsLayer, GUID=4E090A0C-544B-E4A2-4242-BEC451D7CD2B
20.06.26 15:35:44    *SEND* for CIntegralCharsLayer, GUID=67F29492-B486-9BD6-015B-58123FE04E04
20.06.26 15:35:44    *SEND* for CIntegralCharsLayer, GUID=24E026D3-474F-9BDB-2BB1-A3745825FAC4
 End:   ===== Processing Layers =====; Timer: cpu0=0.016 wall=0.016 

20.06.26 15:35:44  ===== New Time Step =====, Iter number =  8
 Start: TimeServis
 End:   TimeServis; Timer: cpu0=0.000 wall=0.004 
 Start: User modules' functions BeforeTimeStep() are calling
 End:   User modules' functions BeforeTimeStep() are calling; Timer: cpu0=0.000 wall=0.001 
 Start: Adaptation, TotalRealCellsCount= 7556 
 End:   Adaptation; Timer: cpu0=0.000 wall=0.002 
 Start: Initialize data arrays on chips
 End:   Initialize data arrays on chips, res= 0; Timer: cpu0=0.000 wall=0.001 
  ***** Maximum Geometrical Gauss = 3.3477e-15, cell= 544:7:5:7
  ***** Maximum MovingSurf  Gauss = 0, cell= 
 Start: Initialize data arrays on chips
 End:   Initialize data arrays on chips, res= 0; Timer: cpu0=0.000 wall=0.001 
 Start: TimeServis
 End:   TimeServis; Timer: cpu0=0.062 wall=0.004 
 Start: FindEnclaves
 End:   FindEnclaves; Timer: cpu0=0.000 wall=0.004 
 Start: VarValueService
 End:   VarValueService; Timer: cpu0=0.000 wall=0.001 
 Start: SolvePhaseEquation 
 End:   SolvePhaseEquation ; Timer: cpu0=0.906 wall=0.111 
 Start: SolidFiltersProcess: calculate forces and moments
 End:   SolidFiltersProcess: calculate forces and moments; Timer: cpu0=0.000 wall=0.002 
 Start: PrepareDataForNextStep
 End:   PrepareDataForNextStep; Timer: cpu0=0.031 wall=0.011 
 Start: VarValueService
 End:   VarValueService; Timer: cpu0=0.000 wall=0.001 
 Start: UpdateStopperData
 End:   UpdateStopperData; Timer: cpu0=0.000 wall=0.001 
 Start: Saving text status in E:\UniFlight\flow\full_rocket15_fv\data\full_rocket15.status
 End:   Saving text status in E:\UniFlight\flow\full_rocket15_fv\data\full_rocket15.status; Timer: cpu0=0.000 wall=0.002 
 End:   ===== Time Step =====, Iter number =  8; Timer: cpu0=1.000 wall=0.177 

20.06.26 15:35:45  ===== Processing Layers =====
20.06.26 15:35:45    *SEND* for CScalarLayer, GUID=7CD78E3E-90ED-43A0-9E73-BB60FDDAE621
 Start: ComputeVolumeCharacteristics
 End:   ComputeVolumeCharacteristics; Timer: cpu0=0.000 wall=0.001 
 Start: GetValueOnFacets
 End:   GetValueOnFacets; Timer: cpu0=0.000 wall=0.008 
20.06.26 15:35:45    *SEND* for CIntegralCharsLayer, GUID=4E090A0C-544B-E4A2-4242-BEC451D7CD2B
20.06.26 15:35:45    *SEND* for CIntegralCharsLayer, GUID=67F29492-B486-9BD6-015B-58123FE04E04
20.06.26 15:35:45    *SEND* for CIntegralCharsLayer, GUID=24E026D3-474F-9BDB-2BB1-A3745825FAC4
 End:   ===== Processing Layers =====; Timer: cpu0=0.000 wall=0.025 

20.06.26 15:35:45  ===== New Time Step =====, Iter number =  9
 Start: TimeServis
 End:   TimeServis; Timer: cpu0=0.000 wall=0.006 
 Start: User modules' functions BeforeTimeStep() are calling
 End:   User modules' functions BeforeTimeStep() are calling; Timer: cpu0=0.000 wall=0.001 
 Start: Adaptation, TotalRealCellsCount= 7556 
 End:   Adaptation; Timer: cpu0=0.000 wall=0.001 
 Start: Initialize data arrays on chips
 End:   Initialize data arrays on chips, res= 0; Timer: cpu0=0.000 wall=0.001 
  ***** Maximum Geometrical Gauss = 3.3477e-15, cell= 544:7:5:7
  ***** Maximum MovingSurf  Gauss = 0, cell= 
 Start: Initialize data arrays on chips
 End:   Initialize data arrays on chips, res= 0; Timer: cpu0=0.000 wall=0.002 
 Start: TimeServis
 End:   TimeServis; Timer: cpu0=0.000 wall=0.006 
 Start: FindEnclaves
 End:   FindEnclaves; Timer: cpu0=0.016 wall=0.006 
 Start: VarValueService
 End:   VarValueService; Timer: cpu0=0.000 wall=0.001 
 Start: SolvePhaseEquation 
 End:   SolvePhaseEquation ; Timer: cpu0=0.641 wall=0.161 
 Start: SolidFiltersProcess: calculate forces and moments
 End:   SolidFiltersProcess: calculate forces and moments; Timer: cpu0=0.094 wall=0.003 
 Start: PrepareDataForNextStep
 End:   PrepareDataForNextStep; Timer: cpu0=0.047 wall=0.012 
 Start: VarValueService
 End:   VarValueService; Timer: cpu0=0.000 wall=0.001 
 Start: UpdateStopperData
 End:   UpdateStopperData; Timer: cpu0=0.000 wall=0.001 
 Start: Saving text status in E:\UniFlight\flow\full_rocket15_fv\data\full_rocket15.status
 End:   Saving text status in E:\UniFlight\flow\full_rocket15_fv\data\full_rocket15.status; Timer: cpu0=0.000 wall=0.002 
 End:   ===== Time Step =====, Iter number =  9; Timer: cpu0=0.797 wall=0.240 

20.06.26 15:35:45  ===== Processing Layers =====
20.06.26 15:35:45    *SEND* for CScalarLayer, GUID=7CD78E3E-90ED-43A0-9E73-BB60FDDAE621
 Start: ComputeVolumeCharacteristics
 End:   ComputeVolumeCharacteristics; Timer: cpu0=0.000 wall=0.002 
 Start: GetValueOnFacets
 End:   GetValueOnFacets; Timer: cpu0=0.016 wall=0.006 
20.06.26 15:35:45    *SEND* for CIntegralCharsLayer, GUID=4E090A0C-544B-E4A2-4242-BEC451D7CD2B
20.06.26 15:35:45    *SEND* for CIntegralCharsLayer, GUID=67F29492-B486-9BD6-015B-58123FE04E04
20.06.26 15:35:45    *SEND* for CIntegralCharsLayer, GUID=24E026D3-474F-9BDB-2BB1-A3745825FAC4
 End:   ===== Processing Layers =====; Timer: cpu0=0.016 wall=0.024 

20.06.26 15:35:46  ===== New Time Step =====, Iter number =  10
 Start: TimeServis
 End:   TimeServis; Timer: cpu0=0.000 wall=0.005 
 Start: User modules' functions BeforeTimeStep() are calling
 End:   User modules' functions BeforeTimeStep() are calling; Timer: cpu0=0.000 wall=0.001 
 Start: Adaptation, TotalRealCellsCount= 7556 
 End:   Adaptation; Timer: cpu0=1.875 wall=0.473 
 Start: DistributeGridOnProcessors
 End:   DistributeGridOnProcessors, res= 0; Timer: cpu0=0.156 wall=0.082 
 Start: SetNeiHyperCells
 End:   SetNeiHyperCells, res= 0; Timer: cpu0=0.000 wall=0.004 
 Start: BuildFacetDistribution
 End:   BuildFacetDistribution; Timer: cpu0=0.000 wall=0.001 
 Start: Initialize data arrays on chips
 End:   Initialize data arrays on chips, res= 0; Timer: cpu0=0.000 wall=0.001 
  ***** Maximum Geometrical Gauss = 4.85526e-15, cell= 890:2:0
  ***** Maximum MovingSurf  Gauss = 9.12098e-15, cell= 91:2:0
 Start: Remove Small Cells
 End:   Remove Small Cells; Timer: cpu0=0.125 wall=0.010 
 Start: Initialize data arrays on chips
 End:   Initialize data arrays on chips, res= 0; Timer: cpu0=0.000 wall=0.002 
  ***** Maximum Geometrical Gauss = 4.85526e-15, cell= 890:2:0
  ***** Maximum MovingSurf  Gauss = 9.12098e-15, cell= 91:2:0
 Start: Initialize data arrays on chips
 End:   Initialize data arrays on chips, res= 0; Timer: cpu0=0.000 wall=0.001 
 Start: Modify Chip Data
 End:   Modify Chip Data; Timer: cpu0=0.062 wall=0.011 
 Start: TimeServis
 End:   TimeServis; Timer: cpu0=0.172 wall=0.016 
 Start: FindEnclaves
 End:   FindEnclaves; Timer: cpu0=0.031 wall=0.031 
 Start: VarValueService
 End:   VarValueService; Timer: cpu0=0.000 wall=0.001 
 Start: SolvePhaseEquation 
 End:   SolvePhaseEquation ; Timer: cpu0=4.594 wall=0.622 
 Start: SolidFiltersProcess: calculate forces and moments
 End:   SolidFiltersProcess: calculate forces and moments; Timer: cpu0=0.000 wall=0.002 
 Start: PrepareDataForNextStep
 End:   PrepareDataForNextStep; Timer: cpu0=0.172 wall=0.022 
 Start: VarValueService
 End:   VarValueService; Timer: cpu0=0.000 wall=0.002 
 Start: UpdateStopperData
 End:   UpdateStopperData; Timer: cpu0=0.000 wall=0.001 
 Start: Saving text status in E:\UniFlight\flow\full_rocket15_fv\data\full_rocket15.status
 End:   Saving text status in E:\UniFlight\flow\full_rocket15_fv\data\full_rocket15.status; Timer: cpu0=0.000 wall=0.003 
 End:   ===== Time Step =====, Iter number =  10; Timer: cpu0=7.359 wall=1.354 

20.06.26 15:35:47  ===== Processing Layers =====
20.06.26 15:35:47    *SEND* for CScalarLayer, GUID=7CD78E3E-90ED-43A0-9E73-BB60FDDAE621
 Start: ComputeVolumeCharacteristics
 End:   ComputeVolumeCharacteristics; Timer: cpu0=0.000 wall=0.003 
 Start: GetValueOnFacets
 End:   GetValueOnFacets; Timer: cpu0=0.000 wall=0.009 
20.06.26 15:35:47    *SEND* for CIntegralCharsLayer, GUID=4E090A0C-544B-E4A2-4242-BEC451D7CD2B
20.06.26 15:35:47    *SEND* for CIntegralCharsLayer, GUID=67F29492-B486-9BD6-015B-58123FE04E04
20.06.26 15:35:47    *SEND* for CIntegralCharsLayer, GUID=24E026D3-474F-9BDB-2BB1-A3745825FAC4
 End:   ===== Processing Layers =====; Timer: cpu0=0.172 wall=0.024 

20.06.26 15:35:47  ===== New Time Step =====, Iter number =  11
 Start: TimeServis
 End:   TimeServis; Timer: cpu0=0.172 wall=0.015 
 Start: User modules' functions BeforeTimeStep() are calling
 End:   User modules' functions BeforeTimeStep() are calling; Timer: cpu0=0.000 wall=0.001 
 Start: Adaptation, TotalRealCellsCount= 39301 
 End:   Adaptation; Timer: cpu0=4.891 wall=0.688 
 Start: DistributeGridOnProcessors
 End:   DistributeGridOnProcessors, res= 0; Timer: cpu0=0.672 wall=0.205 
 Start: SetNeiHyperCells
 End:   SetNeiHyperCells, res= 0; Timer: cpu0=0.000 wall=0.006 
 Start: BuildFacetDistribution
 End:   BuildFacetDistribution; Timer: cpu0=0.000 wall=0.001 
 Start: Initialize data arrays on chips
 End:   Initialize data arrays on chips, res= 0; Timer: cpu0=0.000 wall=0.002 
  ***** Maximum Geometrical Gauss = 1.00573e-14, cell= 290:2:2:0
  ***** Maximum MovingSurf  Gauss = 1.43831e-14, cell= 606:5:4:0
 Start: Remove Small Cells
 End:   Remove Small Cells; Timer: cpu0=0.172 wall=0.020 
 Start: Initialize data arrays on chips
 End:   Initialize data arrays on chips, res= 0; Timer: cpu0=0.000 wall=0.002 
  ***** Maximum Geometrical Gauss = 1.00573e-14, cell= 290:2:2:0
  ***** Maximum MovingSurf  Gauss = 1.43831e-14, cell= 606:5:4:0
 Start: Initialize data arrays on chips
 End:   Initialize data arrays on chips, res= 0; Timer: cpu0=0.000 wall=0.002 
 Start: Modify Chip Data
 End:   Modify Chip Data; Timer: cpu0=0.328 wall=0.032 
 Start: TimeServis
 End:   TimeServis; Timer: cpu0=0.344 wall=0.040 
 Start: FindEnclaves
 End:   FindEnclaves; Timer: cpu0=0.250 wall=0.091 
 Start: VarValueService
 End:   VarValueService; Timer: cpu0=0.000 wall=0.001 
 Start: SolvePhaseEquation 
 End:   SolvePhaseEquation ; Timer: cpu0=12.719 wall=1.571 
 Start: SolidFiltersProcess: calculate forces and moments
 End:   SolidFiltersProcess: calculate forces and moments; Timer: cpu0=0.000 wall=0.001 
 Start: PrepareDataForNextStep
 End:   PrepareDataForNextStep; Timer: cpu0=0.188 wall=0.043 
 Start: VarValueService
 End:   VarValueService; Timer: cpu0=0.000 wall=0.001 
 Start: UpdateStopperData
 End:   UpdateStopperData; Timer: cpu0=0.000 wall=0.001 
 Start: Saving text status in E:\UniFlight\flow\full_rocket15_fv\data\full_rocket15.status
 End:   Saving text status in E:\UniFlight\flow\full_rocket15_fv\data\full_rocket15.status; Timer: cpu0=0.000 wall=0.001 
 End:   ===== Time Step =====, Iter number =  11; Timer: cpu0=20.078 wall=2.807 

20.06.26 15:35:50  ===== Processing Layers =====
20.06.26 15:35:50    *SEND* for CScalarLayer, GUID=7CD78E3E-90ED-43A0-9E73-BB60FDDAE621
 Start: ComputeVolumeCharacteristics
 End:   ComputeVolumeCharacteristics; Timer: cpu0=0.172 wall=0.003 
 Start: GetValueOnFacets
 End:   GetValueOnFacets; Timer: cpu0=0.016 wall=0.014 
20.06.26 15:35:50    *SEND* for CIntegralCharsLayer, GUID=4E090A0C-544B-E4A2-4242-BEC451D7CD2B
20.06.26 15:35:50    *SEND* for CIntegralCharsLayer, GUID=67F29492-B486-9BD6-015B-58123FE04E04
20.06.26 15:35:50    *SEND* for CIntegralCharsLayer, GUID=24E026D3-474F-9BDB-2BB1-A3745825FAC4
 End:   ===== Processing Layers =====; Timer: cpu0=0.188 wall=0.036 

20.06.26 15:35:50  ===== New Time Step =====, Iter number =  12
 Start: TimeServis
 End:   TimeServis; Timer: cpu0=0.359 wall=0.035 
 Start: User modules' functions BeforeTimeStep() are calling
 End:   User modules' functions BeforeTimeStep() are calling; Timer: cpu0=0.000 wall=0.001 
 Start: Adaptation, TotalRealCellsCount= 103946 
 End:   Adaptation; Timer: cpu0=0.000 wall=0.005 
 Start: Initialize data arrays on chips
 End:   Initialize data arrays on chips, res= 0; Timer: cpu0=0.000 wall=0.003 
  ***** Maximum Geometrical Gauss = 1.00573e-14, cell= 290:2:2:0
  ***** Maximum MovingSurf  Gauss = 0, cell= 
 Start: Initialize data arrays on chips
 End:   Initialize data arrays on chips, res= 0; Timer: cpu0=0.000 wall=0.002 
 Start: TimeServis
 End:   TimeServis; Timer: cpu0=0.469 wall=0.057 
 Start: FindEnclaves
 End:   FindEnclaves; Timer: cpu0=0.297 wall=0.131 
 Start: VarValueService
 End:   VarValueService; Timer: cpu0=0.000 wall=0.001 
 Start: SolvePhaseEquation 
 End:   SolvePhaseEquation ; Timer: cpu0=13.797 wall=1.867 
 Start: SolidFiltersProcess: calculate forces and moments
 End:   SolidFiltersProcess: calculate forces and moments; Timer: cpu0=0.000 wall=0.001 
 Start: PrepareDataForNextStep
 End:   PrepareDataForNextStep; Timer: cpu0=0.359 wall=0.043 
 Start: VarValueService
 End:   VarValueService; Timer: cpu0=0.000 wall=0.001 
 Start: UpdateStopperData
 End:   UpdateStopperData; Timer: cpu0=0.000 wall=0.001 
 Start: Saving text status in E:\UniFlight\flow\full_rocket15_fv\data\full_rocket15.status
 End:   Saving text status in E:\UniFlight\flow\full_rocket15_fv\data\full_rocket15.status; Timer: cpu0=0.000 wall=0.003 
 End:   ===== Time Step =====, Iter number =  12; Timer: cpu0=15.531 wall=2.226 

20.06.26 15:35:53  ===== Processing Layers =====
20.06.26 15:35:53    *SEND* for CScalarLayer, GUID=7CD78E3E-90ED-43A0-9E73-BB60FDDAE621
 Start: ComputeVolumeCharacteristics
 End:   ComputeVolumeCharacteristics; Timer: cpu0=0.156 wall=0.006 
 Start: GetValueOnFacets
 End:   GetValueOnFacets; Timer: cpu0=0.125 wall=0.023 
20.06.26 15:35:53    *SEND* for CIntegralCharsLayer, GUID=4E090A0C-544B-E4A2-4242-BEC451D7CD2B
20.06.26 15:35:53    *SEND* for CIntegralCharsLayer, GUID=67F29492-B486-9BD6-015B-58123FE04E04
20.06.26 15:35:53    *SEND* for CIntegralCharsLayer, GUID=24E026D3-474F-9BDB-2BB1-A3745825FAC4
 End:   ===== Processing Layers =====; Timer: cpu0=0.281 wall=0.050 

20.06.26 15:35:53  ===== New Time Step =====, Iter number =  13
 Start: TimeServis
 End:   TimeServis; Timer: cpu0=0.297 wall=0.044 
 Start: User modules' functions BeforeTimeStep() are calling
 End:   User modules' functions BeforeTimeStep() are calling; Timer: cpu0=0.000 wall=0.005 
 Start: Adaptation, TotalRealCellsCount= 103946 
 End:   Adaptation; Timer: cpu0=0.000 wall=0.007 
 Start: Initialize data arrays on chips
 End:   Initialize data arrays on chips, res= 0; Timer: cpu0=0.000 wall=0.003 
  ***** Maximum Geometrical Gauss = 1.00573e-14, cell= 290:2:2:0
  ***** Maximum MovingSurf  Gauss = 0, cell= 
 Start: Initialize data arrays on chips
 End:   Initialize data arrays on chips, res= 0; Timer: cpu0=0.000 wall=0.003 
 Start: TimeServis
 End:   TimeServis; Timer: cpu0=0.578 wall=0.064 
 Start: FindEnclaves
 End:   FindEnclaves; Timer: cpu0=0.234 wall=0.108 
 Start: VarValueService
 End:   VarValueService; Timer: cpu0=0.125 wall=0.001 
 Start: SolvePhaseEquation 
 End:   SolvePhaseEquation ; Timer: cpu0=12.328 wall=1.544 
 Start: SolidFiltersProcess: calculate forces and moments
 End:   SolidFiltersProcess: calculate forces and moments; Timer: cpu0=0.000 wall=0.002 
 Start: PrepareDataForNextStep
 End:   PrepareDataForNextStep; Timer: cpu0=0.297 wall=0.046 
 Start: VarValueService
 End:   VarValueService; Timer: cpu0=0.000 wall=0.002 
 Start: UpdateStopperData
 End:   UpdateStopperData; Timer: cpu0=0.000 wall=0.001 
 Start: Saving text status in E:\UniFlight\flow\full_rocket15_fv\data\full_rocket15.status
 End:   Saving text status in E:\UniFlight\flow\full_rocket15_fv\data\full_rocket15.status; Timer: cpu0=0.000 wall=0.002 
 End:   ===== Time Step =====, Iter number =  13; Timer: cpu0=14.203 wall=1.933 

20.06.26 15:35:55  ===== Processing Layers =====
20.06.26 15:35:55    *SEND* for CScalarLayer, GUID=7CD78E3E-90ED-43A0-9E73-BB60FDDAE621
 Start: ComputeVolumeCharacteristics
 End:   ComputeVolumeCharacteristics; Timer: cpu0=0.000 wall=0.006 
 Start: GetValueOnFacets
 End:   GetValueOnFacets; Timer: cpu0=0.062 wall=0.019 
20.06.26 15:35:55    *SEND* for CIntegralCharsLayer, GUID=4E090A0C-544B-E4A2-4242-BEC451D7CD2B
20.06.26 15:35:55    *SEND* for CIntegralCharsLayer, GUID=67F29492-B486-9BD6-015B-58123FE04E04
20.06.26 15:35:55    *SEND* for CIntegralCharsLayer, GUID=24E026D3-474F-9BDB-2BB1-A3745825FAC4
 End:   ===== Processing Layers =====; Timer: cpu0=0.062 wall=0.049 

20.06.26 15:35:55  ===== New Time Step =====, Iter number =  14
 Start: TimeServis
 End:   TimeServis; Timer: cpu0=0.312 wall=0.036 
 Start: User modules' functions BeforeTimeStep() are calling
 End:   User modules' functions BeforeTimeStep() are calling; Timer: cpu0=0.000 wall=0.002 
 Start: Adaptation, TotalRealCellsCount= 103946 
 End:   Adaptation; Timer: cpu0=0.000 wall=0.006 
 Start: Initialize data arrays on chips
 End:   Initialize data arrays on chips, res= 0; Timer: cpu0=0.000 wall=0.002 
  ***** Maximum Geometrical Gauss = 1.00573e-14, cell= 290:2:2:0
  ***** Maximum MovingSurf  Gauss = 0, cell= 
 Start: Initialize data arrays on chips
 End:   Initialize data arrays on chips, res= 0; Timer: cpu0=0.000 wall=0.002 
 Start: TimeServis
 End:   TimeServis; Timer: cpu0=0.484 wall=0.051 
 Start: FindEnclaves
 End:   FindEnclaves; Timer: cpu0=0.266 wall=0.099 
 Start: VarValueService
 End:   VarValueService; Timer: cpu0=0.000 wall=0.001 
 Start: SolvePhaseEquation 
 End:   SolvePhaseEquation ; Timer: cpu0=12.594 wall=1.514 
 Start: SolidFiltersProcess: calculate forces and moments
 End:   SolidFiltersProcess: calculate forces and moments; Timer: cpu0=0.000 wall=0.001 
 Start: PrepareDataForNextStep
 End:   PrepareDataForNextStep; Timer: cpu0=0.406 wall=0.042 
 Start: VarValueService
 End:   VarValueService; Timer: cpu0=0.000 wall=0.001 
 Start: UpdateStopperData
 End:   UpdateStopperData; Timer: cpu0=0.000 wall=0.001 
 Start: Saving text status in E:\UniFlight\flow\full_rocket15_fv\data\full_rocket15.status
 End:   Saving text status in E:\UniFlight\flow\full_rocket15_fv\data\full_rocket15.status; Timer: cpu0=0.000 wall=0.002 
 End:   ===== Time Step =====, Iter number =  14; Timer: cpu0=14.406 wall=1.830 

20.06.26 15:35:57  ===== Processing Layers =====
20.06.26 15:35:57    *SEND* for CScalarLayer, GUID=7CD78E3E-90ED-43A0-9E73-BB60FDDAE621
 Start: ComputeVolumeCharacteristics
 End:   ComputeVolumeCharacteristics; Timer: cpu0=0.000 wall=0.005 
 Start: GetValueOnFacets
 End:   GetValueOnFacets; Timer: cpu0=0.016 wall=0.015 
20.06.26 15:35:57    *SEND* for CIntegralCharsLayer, GUID=4E090A0C-544B-E4A2-4242-BEC451D7CD2B
20.06.26 15:35:57    *SEND* for CIntegralCharsLayer, GUID=67F29492-B486-9BD6-015B-58123FE04E04
20.06.26 15:35:57    *SEND* for CIntegralCharsLayer, GUID=24E026D3-474F-9BDB-2BB1-A3745825FAC4
 End:   ===== Processing Layers =====; Timer: cpu0=0.016 wall=0.036 

20.06.26 15:35:57  ===== New Time Step =====, Iter number =  15
 Start: TimeServis
 End:   TimeServis; Timer: cpu0=0.312 wall=0.034 
 Start: User modules' functions BeforeTimeStep() are calling
 End:   User modules' functions BeforeTimeStep() are calling; Timer: cpu0=0.000 wall=0.002 
 Start: Adaptation, TotalRealCellsCount= 103946 
 End:   Adaptation; Timer: cpu0=0.172 wall=0.006 
 Start: Initialize data arrays on chips
 End:   Initialize data arrays on chips, res= 0; Timer: cpu0=0.000 wall=0.003 
  ***** Maximum Geometrical Gauss = 1.00573e-14, cell= 290:2:2:0
  ***** Maximum MovingSurf  Gauss = 0, cell= 
 Start: Initialize data arrays on chips
 End:   Initialize data arrays on chips, res= 0; Timer: cpu0=0.000 wall=0.002 
 Start: TimeServis
 End:   TimeServis; Timer: cpu0=0.312 wall=0.038 
 Start: FindEnclaves
 End:   FindEnclaves; Timer: cpu0=0.094 wall=0.092 
 Start: VarValueService
 End:   VarValueService; Timer: cpu0=0.000 wall=0.001 
 Start: SolvePhaseEquation 
 End:   SolvePhaseEquation ; Timer: cpu0=12.625 wall=1.616 
 Start: SolidFiltersProcess: calculate forces and moments
 End:   SolidFiltersProcess: calculate forces and moments; Timer: cpu0=0.000 wall=0.001 
 Start: PrepareDataForNextStep
 End:   PrepareDataForNextStep; Timer: cpu0=0.297 wall=0.040 
 Start: VarValueService
 End:   VarValueService; Timer: cpu0=0.000 wall=0.002 
 Start: UpdateStopperData
 End:   UpdateStopperData; Timer: cpu0=0.000 wall=0.001 
 Start: Saving text status in E:\UniFlight\flow\full_rocket15_fv\data\full_rocket15.status
 End:   Saving text status in E:\UniFlight\flow\full_rocket15_fv\data\full_rocket15.status; Timer: cpu0=0.000 wall=0.002 
 End:   ===== Time Step =====, Iter number =  15; Timer: cpu0=14.141 wall=1.901 

20.06.26 15:35:59  ===== Processing Layers =====
20.06.26 15:35:59    *SEND* for CScalarLayer, GUID=7CD78E3E-90ED-43A0-9E73-BB60FDDAE621
 Start: ComputeVolumeCharacteristics
 End:   ComputeVolumeCharacteristics; Timer: cpu0=0.000 wall=0.006 
 Start: GetValueOnFacets
 End:   GetValueOnFacets; Timer: cpu0=0.172 wall=0.014 
20.06.26 15:35:59    *SEND* for CIntegralCharsLayer, GUID=4E090A0C-544B-E4A2-4242-BEC451D7CD2B
20.06.26 15:35:59    *SEND* for CIntegralCharsLayer, GUID=67F29492-B486-9BD6-015B-58123FE04E04
20.06.26 15:35:59    *SEND* for CIntegralCharsLayer, GUID=24E026D3-474F-9BDB-2BB1-A3745825FAC4
 End:   ===== Processing Layers =====; Timer: cpu0=0.344 wall=0.036 

20.06.26 15:35:59  ===== New Time Step =====, Iter number =  16
 Start: TimeServis
 End:   TimeServis; Timer: cpu0=0.375 wall=0.034 
 Start: User modules' functions BeforeTimeStep() are calling
 End:   User modules' functions BeforeTimeStep() are calling; Timer: cpu0=0.000 wall=0.003 
 Start: Adaptation, TotalRealCellsCount= 103946 
 End:   Adaptation; Timer: cpu0=0.000 wall=0.005 
 Start: Initialize data arrays on chips
 End:   Initialize data arrays on chips, res= 0; Timer: cpu0=0.000 wall=0.002 
  ***** Maximum Geometrical Gauss = 1.00573e-14, cell= 290:2:2:0
  ***** Maximum MovingSurf  Gauss = 0, cell= 
 Start: Initialize data arrays on chips
 End:   Initialize data arrays on chips, res= 0; Timer: cpu0=0.000 wall=0.003 
 Start: TimeServis
 End:   TimeServis; Timer: cpu0=0.531 wall=0.053 
 Start: FindEnclaves
 End:   FindEnclaves; Timer: cpu0=0.094 wall=0.094 
 Start: VarValueService
 End:   VarValueService; Timer: cpu0=0.000 wall=0.002 
 Start: SolvePhaseEquation 
 End:   SolvePhaseEquation ; Timer: cpu0=12.391 wall=1.489 
 Start: SolidFiltersProcess: calculate forces and moments
 End:   SolidFiltersProcess: calculate forces and moments; Timer: cpu0=0.000 wall=0.001 
 Start: PrepareDataForNextStep
 End:   PrepareDataForNextStep; Timer: cpu0=0.438 wall=0.042 
 Start: VarValueService
 End:   VarValueService; Timer: cpu0=0.000 wall=0.002 
 Start: UpdateStopperData
 End:   UpdateStopperData; Timer: cpu0=0.000 wall=0.001 
 Start: Saving text status in E:\UniFlight\flow\full_rocket15_fv\data\full_rocket15.status
 End:   Saving text status in E:\UniFlight\flow\full_rocket15_fv\data\full_rocket15.status; Timer: cpu0=0.000 wall=0.002 
 End:   ===== Time Step =====, Iter number =  16; Timer: cpu0=14.016 wall=1.803 

20.06.26 15:36:01  ===== Processing Layers =====
20.06.26 15:36:01    *SEND* for CScalarLayer, GUID=7CD78E3E-90ED-43A0-9E73-BB60FDDAE621
 Start: ComputeVolumeCharacteristics
 End:   ComputeVolumeCharacteristics; Timer: cpu0=0.000 wall=0.004 
 Start: GetValueOnFacets
 End:   GetValueOnFacets; Timer: cpu0=0.016 wall=0.013 
20.06.26 15:36:01    *SEND* for CIntegralCharsLayer, GUID=4E090A0C-544B-E4A2-4242-BEC451D7CD2B
20.06.26 15:36:02    *SEND* for CIntegralCharsLayer, GUID=67F29492-B486-9BD6-015B-58123FE04E04
20.06.26 15:36:02    *SEND* for CIntegralCharsLayer, GUID=24E026D3-474F-9BDB-2BB1-A3745825FAC4
 End:   ===== Processing Layers =====; Timer: cpu0=0.031 wall=0.033 

20.06.26 15:36:02  ===== New Time Step =====, Iter number =  17
 Start: TimeServis
 End:   TimeServis; Timer: cpu0=0.375 wall=0.033 
 Start: User modules' functions BeforeTimeStep() are calling
 End:   User modules' functions BeforeTimeStep() are calling; Timer: cpu0=0.000 wall=0.002 
 Start: Adaptation, TotalRealCellsCount= 103946 
 End:   Adaptation; Timer: cpu0=0.000 wall=0.004 
 Start: Initialize data arrays on chips
 End:   Initialize data arrays on chips, res= 0; Timer: cpu0=0.000 wall=0.002 
  ***** Maximum Geometrical Gauss = 1.00573e-14, cell= 290:2:2:0
  ***** Maximum MovingSurf  Gauss = 0, cell= 
 Start: Initialize data arrays on chips
 End:   Initialize data arrays on chips, res= 0; Timer: cpu0=0.000 wall=0.002 
 Start: TimeServis
 End:   TimeServis; Timer: cpu0=0.344 wall=0.041 
 Start: FindEnclaves
 End:   FindEnclaves; Timer: cpu0=0.094 wall=0.108 
 Start: VarValueService
 End:   VarValueService; Timer: cpu0=0.000 wall=0.002 
 Start: SolvePhaseEquation 
 End:   SolvePhaseEquation ; Timer: cpu0=12.344 wall=1.504 
 Start: SolidFiltersProcess: calculate forces and moments
 End:   SolidFiltersProcess: calculate forces and moments; Timer: cpu0=0.000 wall=0.001 
 Start: PrepareDataForNextStep
 End:   PrepareDataForNextStep; Timer: cpu0=0.328 wall=0.039 
 Start: VarValueService
 End:   VarValueService; Timer: cpu0=0.000 wall=0.001 
 Start: UpdateStopperData
 End:   UpdateStopperData; Timer: cpu0=0.000 wall=0.000 
 Start: Saving text status in E:\UniFlight\flow\full_rocket15_fv\data\full_rocket15.status
 End:   Saving text status in E:\UniFlight\flow\full_rocket15_fv\data\full_rocket15.status; Timer: cpu0=0.016 wall=0.002 
 End:   ===== Time Step =====, Iter number =  17; Timer: cpu0=13.875 wall=1.804 

20.06.26 15:36:04  ===== Processing Layers =====
20.06.26 15:36:04    *SEND* for CScalarLayer, GUID=7CD78E3E-90ED-43A0-9E73-BB60FDDAE621
 Start: ComputeVolumeCharacteristics
 End:   ComputeVolumeCharacteristics; Timer: cpu0=0.000 wall=0.003 
 Start: GetValueOnFacets
 End:   GetValueOnFacets; Timer: cpu0=0.172 wall=0.015 
20.06.26 15:36:04    *SEND* for CIntegralCharsLayer, GUID=4E090A0C-544B-E4A2-4242-BEC451D7CD2B
20.06.26 15:36:04    *SEND* for CIntegralCharsLayer, GUID=67F29492-B486-9BD6-015B-58123FE04E04
20.06.26 15:36:04    *SEND* for CIntegralCharsLayer, GUID=24E026D3-474F-9BDB-2BB1-A3745825FAC4
 End:   ===== Processing Layers =====; Timer: cpu0=0.172 wall=0.035 

20.06.26 15:36:04  ===== New Time Step =====, Iter number =  18
 Start: TimeServis
 End:   TimeServis; Timer: cpu0=0.297 wall=0.033 
 Start: User modules' functions BeforeTimeStep() are calling
 End:   User modules' functions BeforeTimeStep() are calling; Timer: cpu0=0.000 wall=0.003 
 Start: Adaptation, TotalRealCellsCount= 103946 
 End:   Adaptation; Timer: cpu0=0.172 wall=0.005 
 Start: Initialize data arrays on chips
 End:   Initialize data arrays on chips, res= 0; Timer: cpu0=0.000 wall=0.002 
  ***** Maximum Geometrical Gauss = 1.00573e-14, cell= 290:2:2:0
  ***** Maximum MovingSurf  Gauss = 0, cell= 
 Start: Initialize data arrays on chips
 End:   Initialize data arrays on chips, res= 0; Timer: cpu0=0.000 wall=0.002 
 Start: TimeServis
 End:   TimeServis; Timer: cpu0=0.469 wall=0.041 
 Start: FindEnclaves
 End:   FindEnclaves; Timer: cpu0=0.203 wall=0.090 
 Start: VarValueService
 End:   VarValueService; Timer: cpu0=0.000 wall=0.001 
 Start: SolvePhaseEquation 
 End:   SolvePhaseEquation ; Timer: cpu0=11.328 wall=1.495 
 Start: SolidFiltersProcess: calculate forces and moments
 End:   SolidFiltersProcess: calculate forces and moments; Timer: cpu0=0.000 wall=0.001 
 Start: PrepareDataForNextStep
 End:   PrepareDataForNextStep; Timer: cpu0=0.266 wall=0.040 
 Start: VarValueService
 End:   VarValueService; Timer: cpu0=0.000 wall=0.002 
 Start: UpdateStopperData
 End:   UpdateStopperData; Timer: cpu0=0.000 wall=0.001 
 Start: Saving text status in E:\UniFlight\flow\full_rocket15_fv\data\full_rocket15.status
 End:   Saving text status in E:\UniFlight\flow\full_rocket15_fv\data\full_rocket15.status; Timer: cpu0=0.000 wall=0.002 
 End:   ===== Time Step =====, Iter number =  18; Timer: cpu0=12.922 wall=1.782 

20.06.26 15:36:06  ===== Processing Layers =====
20.06.26 15:36:06    *SEND* for CScalarLayer, GUID=7CD78E3E-90ED-43A0-9E73-BB60FDDAE621
 Start: ComputeVolumeCharacteristics
 End:   ComputeVolumeCharacteristics; Timer: cpu0=0.031 wall=0.004 
 Start: GetValueOnFacets
 End:   GetValueOnFacets; Timer: cpu0=0.125 wall=0.016 
20.06.26 15:36:06    *SEND* for CIntegralCharsLayer, GUID=4E090A0C-544B-E4A2-4242-BEC451D7CD2B
20.06.26 15:36:06    *SEND* for CIntegralCharsLayer, GUID=67F29492-B486-9BD6-015B-58123FE04E04
20.06.26 15:36:06    *SEND* for CIntegralCharsLayer, GUID=24E026D3-474F-9BDB-2BB1-A3745825FAC4
 End:   ===== Processing Layers =====; Timer: cpu0=0.156 wall=0.039 

20.06.26 15:36:06  ===== New Time Step =====, Iter number =  19
 Start: TimeServis
 End:   TimeServis; Timer: cpu0=0.266 wall=0.037 
 Start: User modules' functions BeforeTimeStep() are calling
 End:   User modules' functions BeforeTimeStep() are calling; Timer: cpu0=0.000 wall=0.001 
 Start: Adaptation, TotalRealCellsCount= 103946 
 End:   Adaptation; Timer: cpu0=0.000 wall=0.005 
 Start: Initialize data arrays on chips
 End:   Initialize data arrays on chips, res= 0; Timer: cpu0=0.000 wall=0.002 
  ***** Maximum Geometrical Gauss = 1.00573e-14, cell= 290:2:2:0
  ***** Maximum MovingSurf  Gauss = 0, cell= 
 Start: Initialize data arrays on chips
 End:   Initialize data arrays on chips, res= 0; Timer: cpu0=0.000 wall=0.002 
 Start: TimeServis
 End:   TimeServis; Timer: cpu0=0.406 wall=0.039 
 Start: FindEnclaves
 End:   FindEnclaves; Timer: cpu0=0.078 wall=0.085 
 Start: VarValueService
 End:   VarValueService; Timer: cpu0=0.000 wall=0.001 
 Start: SolvePhaseEquation 
 End:   SolvePhaseEquation ; Timer: cpu0=12.891 wall=1.511 
 Start: SolidFiltersProcess: calculate forces and moments
 End:   SolidFiltersProcess: calculate forces and moments; Timer: cpu0=0.000 wall=0.002 
 Start: PrepareDataForNextStep
 End:   PrepareDataForNextStep; Timer: cpu0=0.516 wall=0.040 
 Start: VarValueService
 End:   VarValueService; Timer: cpu0=0.000 wall=0.002 
 Start: UpdateStopperData
 End:   UpdateStopperData; Timer: cpu0=0.000 wall=0.001 
 Start: Saving text status in E:\UniFlight\flow\full_rocket15_fv\data\full_rocket15.status
 End:   Saving text status in E:\UniFlight\flow\full_rocket15_fv\data\full_rocket15.status; Timer: cpu0=0.000 wall=0.003 
 End:   ===== Time Step =====, Iter number =  19; Timer: cpu0=14.500 wall=1.794 

20.06.26 15:36:08  ===== Processing Layers =====
20.06.26 15:36:08    *SEND* for CScalarLayer, GUID=7CD78E3E-90ED-43A0-9E73-BB60FDDAE621
 Start: ComputeVolumeCharacteristics
 End:   ComputeVolumeCharacteristics; Timer: cpu0=0.172 wall=0.004 
 Start: GetValueOnFacets
 End:   GetValueOnFacets; Timer: cpu0=0.141 wall=0.015 
20.06.26 15:36:08    *SEND* for CIntegralCharsLayer, GUID=4E090A0C-544B-E4A2-4242-BEC451D7CD2B
20.06.26 15:36:08    *SEND* for CIntegralCharsLayer, GUID=67F29492-B486-9BD6-015B-58123FE04E04
20.06.26 15:36:08    *SEND* for CIntegralCharsLayer, GUID=24E026D3-474F-9BDB-2BB1-A3745825FAC4
 End:   ===== Processing Layers =====; Timer: cpu0=0.312 wall=0.034 

20.06.26 15:36:08  ===== New Time Step =====, Iter number =  20
 Start: TimeServis
 End:   TimeServis; Timer: cpu0=0.344 wall=0.034 
 Start: User modules' functions BeforeTimeStep() are calling
 End:   User modules' functions BeforeTimeStep() are calling; Timer: cpu0=0.016 wall=0.003 
 Start: Adaptation, TotalRealCellsCount= 103946 
 End:   Adaptation; Timer: cpu0=7.328 wall=0.919 
 Start: DistributeGridOnProcessors
 End:   DistributeGridOnProcessors, res= 0; Timer: cpu0=0.797 wall=0.227 
 Start: SetNeiHyperCells
 End:   SetNeiHyperCells, res= 0; Timer: cpu0=0.000 wall=0.007 
 Start: BuildFacetDistribution
 End:   BuildFacetDistribution; Timer: cpu0=0.000 wall=0.002 
 Start: Initialize data arrays on chips
 End:   Initialize data arrays on chips, res= 0; Timer: cpu0=0.000 wall=0.002 
  ***** Maximum Geometrical Gauss = 1.73402e-14, cell= 390:2:6:2:0
  ***** Maximum MovingSurf  Gauss = 4.19214e-14, cell= 93:2:2:0
 Start: Remove Small Cells
 End:   Remove Small Cells; Timer: cpu0=0.172 wall=0.025 
 Start: Initialize data arrays on chips
 End:   Initialize data arrays on chips, res= 0; Timer: cpu0=0.000 wall=0.002 
  ***** Maximum Geometrical Gauss = 1.73402e-14, cell= 390:2:6:2:0
  ***** Maximum MovingSurf  Gauss = 4.19214e-14, cell= 93:2:2:0
 Start: Initialize data arrays on chips
 End:   Initialize data arrays on chips, res= 0; Timer: cpu0=0.000 wall=0.002 
 Start: Modify Chip Data
 End:   Modify Chip Data; Timer: cpu0=0.266 wall=0.037 
 Start: TimeServis
 End:   TimeServis; Timer: cpu0=0.516 wall=0.046 
 Start: FindEnclaves
 End:   FindEnclaves; Timer: cpu0=0.109 wall=0.108 
 Start: VarValueService
 End:   VarValueService; Timer: cpu0=0.000 wall=0.002 
 Start: SolvePhaseEquation 
 End:   SolvePhaseEquation ; Timer: cpu0=13.547 wall=1.674 
 Start: SolidFiltersProcess: calculate forces and moments
 End:   SolidFiltersProcess: calculate forces and moments; Timer: cpu0=0.000 wall=0.002 
 Start: PrepareDataForNextStep
 End:   PrepareDataForNextStep; Timer: cpu0=0.375 wall=0.050 
 Start: VarValueService
 End:   VarValueService; Timer: cpu0=0.000 wall=0.002 
 Start: UpdateStopperData
 End:   UpdateStopperData; Timer: cpu0=0.000 wall=0.001 
 Start: Saving text status in E:\UniFlight\flow\full_rocket15_fv\data\full_rocket15.status
 End:   Saving text status in E:\UniFlight\flow\full_rocket15_fv\data\full_rocket15.status; Timer: cpu0=0.000 wall=0.002 
 End:   ===== Time Step =====, Iter number =  20; Timer: cpu0=23.766 wall=3.239 

20.06.26 15:36:11  ===== Processing Layers =====
20.06.26 15:36:11    *SEND* for CScalarLayer, GUID=7CD78E3E-90ED-43A0-9E73-BB60FDDAE621
 Start: ComputeVolumeCharacteristics
 End:   ComputeVolumeCharacteristics; Timer: cpu0=0.000 wall=0.004 
 Start: GetValueOnFacets
 End:   GetValueOnFacets; Timer: cpu0=0.172 wall=0.016 
20.06.26 15:36:11    *SEND* for CIntegralCharsLayer, GUID=4E090A0C-544B-E4A2-4242-BEC451D7CD2B
20.06.26 15:36:11    *SEND* for CIntegralCharsLayer, GUID=67F29492-B486-9BD6-015B-58123FE04E04
20.06.26 15:36:11    *SEND* for CIntegralCharsLayer, GUID=24E026D3-474F-9BDB-2BB1-A3745825FAC4
 End:   ===== Processing Layers =====; Timer: cpu0=0.172 wall=0.038 

20.06.26 15:36:11  ===== New Time Step =====, Iter number =  21
 Start: TimeServis
 End:   TimeServis; Timer: cpu0=0.391 wall=0.038 
 Start: User modules' functions BeforeTimeStep() are calling
 End:   User modules' functions BeforeTimeStep() are calling; Timer: cpu0=0.000 wall=0.002 
 Start: Adaptation, TotalRealCellsCount= 108615 
 End:   Adaptation; Timer: cpu0=6.766 wall=0.929 
 Start: DistributeGridOnProcessors
 End:   DistributeGridOnProcessors, res= 0; Timer: cpu0=0.875 wall=0.209 
 Start: SetNeiHyperCells
 End:   SetNeiHyperCells, res= 0; Timer: cpu0=0.172 wall=0.008 
 Start: BuildFacetDistribution
 End:   BuildFacetDistribution; Timer: cpu0=0.000 wall=0.003 
 Start: Initialize data arrays on chips
 End:   Initialize data arrays on chips, res= 0; Timer: cpu0=0.172 wall=0.003 
  ***** Maximum Geometrical Gauss = 1.75079e-14, cell= 390:0:2:4:0
  ***** Maximum MovingSurf  Gauss = 4.31493e-14, cell= 393:2:7:0
 Start: Remove Small Cells
 End:   Remove Small Cells; Timer: cpu0=0.344 wall=0.021 
 Start: Initialize data arrays on chips
 End:   Initialize data arrays on chips, res= 0; Timer: cpu0=0.000 wall=0.002 
  ***** Maximum Geometrical Gauss = 1.75079e-14, cell= 390:0:2:4:0
  ***** Maximum MovingSurf  Gauss = 4.31493e-14, cell= 393:2:7:0
 Start: Initialize data arrays on chips
 End:   Initialize data arrays on chips, res= 0; Timer: cpu0=0.000 wall=0.002 
 Start: Modify Chip Data
 End:   Modify Chip Data; Timer: cpu0=0.328 wall=0.035 
 Start: TimeServis
 End:   TimeServis; Timer: cpu0=0.453 wall=0.046 
 Start: FindEnclaves
 End:   FindEnclaves; Timer: cpu0=0.078 wall=0.086 
 Start: VarValueService
 End:   VarValueService; Timer: cpu0=0.000 wall=0.002 
 Start: SolvePhaseEquation 
 End:   SolvePhaseEquation ; Timer: cpu0=12.156 wall=1.477 
 Start: SolidFiltersProcess: calculate forces and moments
 End:   SolidFiltersProcess: calculate forces and moments; Timer: cpu0=0.000 wall=0.002 
 Start: PrepareDataForNextStep
 End:   PrepareDataForNextStep; Timer: cpu0=0.234 wall=0.036 
 Start: VarValueService
 End:   VarValueService; Timer: cpu0=0.000 wall=0.002 
 Start: UpdateStopperData
 End:   UpdateStopperData; Timer: cpu0=0.000 wall=0.001 
 Start: Saving text status in E:\UniFlight\flow\full_rocket15_fv\data\full_rocket15.status
 End:   Saving text status in E:\UniFlight\flow\full_rocket15_fv\data\full_rocket15.status; Timer: cpu0=0.000 wall=0.002 
 End:   ===== Time Step =====, Iter number =  21; Timer: cpu0=22.312 wall=2.993 

20.06.26 15:36:15  ===== Processing Layers =====
20.06.26 15:36:15    *SEND* for CScalarLayer, GUID=7CD78E3E-90ED-43A0-9E73-BB60FDDAE621
 Start: ComputeVolumeCharacteristics
 End:   ComputeVolumeCharacteristics; Timer: cpu0=0.172 wall=0.004 
 Start: GetValueOnFacets
 End:   GetValueOnFacets; Timer: cpu0=0.016 wall=0.015 
20.06.26 15:36:15    *SEND* for CIntegralCharsLayer, GUID=4E090A0C-544B-E4A2-4242-BEC451D7CD2B
20.06.26 15:36:15    *SEND* for CIntegralCharsLayer, GUID=67F29492-B486-9BD6-015B-58123FE04E04
20.06.26 15:36:15    *SEND* for CIntegralCharsLayer, GUID=24E026D3-474F-9BDB-2BB1-A3745825FAC4
 End:   ===== Processing Layers =====; Timer: cpu0=0.188 wall=0.033 

20.06.26 15:36:15  ===== New Time Step =====, Iter number =  22
 Start: TimeServis
 End:   TimeServis; Timer: cpu0=0.344 wall=0.029 
 Start: User modules' functions BeforeTimeStep() are calling
 End:   User modules' functions BeforeTimeStep() are calling; Timer: cpu0=0.000 wall=0.002 
 Start: Adaptation, TotalRealCellsCount= 95735 
 End:   Adaptation; Timer: cpu0=0.047 wall=0.003 
 Start: Initialize data arrays on chips
 End:   Initialize data arrays on chips, res= 0; Timer: cpu0=0.000 wall=0.003 
  ***** Maximum Geometrical Gauss = 1.75079e-14, cell= 390:0:2:4:0
  ***** Maximum MovingSurf  Gauss = 0, cell= 
 Start: Initialize data arrays on chips
 End:   Initialize data arrays on chips, res= 0; Timer: cpu0=0.000 wall=0.002 
 Start: TimeServis
 End:   TimeServis; Timer: cpu0=0.312 wall=0.037 
 Start: FindEnclaves
 End:   FindEnclaves; Timer: cpu0=0.078 wall=0.077 
 Start: VarValueService
 End:   VarValueService; Timer: cpu0=0.000 wall=0.002 
 Start: SolvePhaseEquation 
 End:   SolvePhaseEquation ; Timer: cpu0=11.953 wall=1.443 
 Start: SolidFiltersProcess: calculate forces and moments
 End:   SolidFiltersProcess: calculate forces and moments; Timer: cpu0=0.000 wall=0.001 
 Start: PrepareDataForNextStep
 End:   PrepareDataForNextStep; Timer: cpu0=0.250 wall=0.041 
 Start: VarValueService
 End:   VarValueService; Timer: cpu0=0.000 wall=0.001 
 Start: UpdateStopperData
 End:   UpdateStopperData; Timer: cpu0=0.000 wall=0.001 
 Start: Saving text status in E:\UniFlight\flow\full_rocket15_fv\data\full_rocket15.status
 End:   Saving text status in E:\UniFlight\flow\full_rocket15_fv\data\full_rocket15.status; Timer: cpu0=0.000 wall=0.002 
 End:   ===== Time Step =====, Iter number =  22; Timer: cpu0=13.156 wall=1.707 

20.06.26 15:36:17  ===== Processing Layers =====
20.06.26 15:36:17    *SEND* for CScalarLayer, GUID=7CD78E3E-90ED-43A0-9E73-BB60FDDAE621
 Start: ComputeVolumeCharacteristics
 End:   ComputeVolumeCharacteristics; Timer: cpu0=0.000 wall=0.005 
 Start: GetValueOnFacets
 End:   GetValueOnFacets; Timer: cpu0=0.016 wall=0.013 
20.06.26 15:36:17    *SEND* for CIntegralCharsLayer, GUID=4E090A0C-544B-E4A2-4242-BEC451D7CD2B
20.06.26 15:36:17    *SEND* for CIntegralCharsLayer, GUID=67F29492-B486-9BD6-015B-58123FE04E04
20.06.26 15:36:17    *SEND* for CIntegralCharsLayer, GUID=24E026D3-474F-9BDB-2BB1-A3745825FAC4
 End:   ===== Processing Layers =====; Timer: cpu0=0.016 wall=0.035 

20.06.26 15:36:17  ===== New Time Step =====, Iter number =  23
 Start: TimeServis
 End:   TimeServis; Timer: cpu0=0.344 wall=0.030 
 Start: User modules' functions BeforeTimeStep() are calling
 End:   User modules' functions BeforeTimeStep() are calling; Timer: cpu0=0.000 wall=0.002 
 Start: Adaptation, TotalRealCellsCount= 95735 
 End:   Adaptation; Timer: cpu0=0.000 wall=0.004 
 Start: Initialize data arrays on chips
 End:   Initialize data arrays on chips, res= 0; Timer: cpu0=0.156 wall=0.003 
  ***** Maximum Geometrical Gauss = 1.75079e-14, cell= 390:0:2:4:0
  ***** Maximum MovingSurf  Gauss = 0, cell= 
 Start: Initialize data arrays on chips
 End:   Initialize data arrays on chips, res= 0; Timer: cpu0=0.000 wall=0.002 
 Start: TimeServis
 End:   TimeServis; Timer: cpu0=0.391 wall=0.037 
 Start: FindEnclaves
 End:   FindEnclaves; Timer: cpu0=0.062 wall=0.082 
 Start: VarValueService
 End:   VarValueService; Timer: cpu0=0.000 wall=0.001 
 Start: SolvePhaseEquation 
 End:   SolvePhaseEquation ; Timer: cpu0=11.406 wall=1.410 
 Start: SolidFiltersProcess: calculate forces and moments
 End:   SolidFiltersProcess: calculate forces and moments; Timer: cpu0=0.000 wall=0.002 
 Start: PrepareDataForNextStep
 End:   PrepareDataForNextStep; Timer: cpu0=0.219 wall=0.038 
 Start: VarValueService
 End:   VarValueService; Timer: cpu0=0.000 wall=0.002 
 Start: UpdateStopperData
 End:   UpdateStopperData; Timer: cpu0=0.000 wall=0.001 
 Start: Saving text status in E:\UniFlight\flow\full_rocket15_fv\data\full_rocket15.status
 End:   Saving text status in E:\UniFlight\flow\full_rocket15_fv\data\full_rocket15.status; Timer: cpu0=0.000 wall=0.002 
 End:   ===== Time Step =====, Iter number =  23; Timer: cpu0=12.766 wall=1.673 

20.06.26 15:36:19  ===== Processing Layers =====
20.06.26 15:36:19    *SEND* for CScalarLayer, GUID=7CD78E3E-90ED-43A0-9E73-BB60FDDAE621
 Start: ComputeVolumeCharacteristics
 End:   ComputeVolumeCharacteristics; Timer: cpu0=0.000 wall=0.004 
 Start: GetValueOnFacets
 End:   GetValueOnFacets; Timer: cpu0=0.016 wall=0.014 
20.06.26 15:36:19    *SEND* for CIntegralCharsLayer, GUID=4E090A0C-544B-E4A2-4242-BEC451D7CD2B
20.06.26 15:36:19    *SEND* for CIntegralCharsLayer, GUID=67F29492-B486-9BD6-015B-58123FE04E04
20.06.26 15:36:19    *SEND* for CIntegralCharsLayer, GUID=24E026D3-474F-9BDB-2BB1-A3745825FAC4
 End:   ===== Processing Layers =====; Timer: cpu0=0.016 wall=0.035 

20.06.26 15:36:19  ===== New Time Step =====, Iter number =  24
 Start: TimeServis
 End:   TimeServis; Timer: cpu0=0.266 wall=0.033 
 Start: User modules' functions BeforeTimeStep() are calling
 End:   User modules' functions BeforeTimeStep() are calling; Timer: cpu0=0.000 wall=0.002 
 Start: Adaptation, TotalRealCellsCount= 95735 
 End:   Adaptation; Timer: cpu0=0.000 wall=0.005 
 Start: Initialize data arrays on chips
 End:   Initialize data arrays on chips, res= 0; Timer: cpu0=0.000 wall=0.002 
  ***** Maximum Geometrical Gauss = 1.75079e-14, cell= 390:0:2:4:0
  ***** Maximum MovingSurf  Gauss = 0, cell= 
 Start: Initialize data arrays on chips
 End:   Initialize data arrays on chips, res= 0; Timer: cpu0=0.000 wall=0.003 
 Start: TimeServis
 End:   TimeServis; Timer: cpu0=0.328 wall=0.037 
 Start: FindEnclaves
 End:   FindEnclaves; Timer: cpu0=0.078 wall=0.082 
 Start: VarValueService
 End:   VarValueService; Timer: cpu0=0.000 wall=0.002 
 Start: SolvePhaseEquation 
 End:   SolvePhaseEquation ; Timer: cpu0=10.828 wall=1.365 
 Start: SolidFiltersProcess: calculate forces and moments
 End:   SolidFiltersProcess: calculate forces and moments; Timer: cpu0=0.000 wall=0.001 
 Start: PrepareDataForNextStep
 End:   PrepareDataForNextStep; Timer: cpu0=0.297 wall=0.039 
 Start: VarValueService
 End:   VarValueService; Timer: cpu0=0.000 wall=0.002 
 Start: UpdateStopperData
 End:   UpdateStopperData; Timer: cpu0=0.000 wall=0.001 
 Start: Saving text status in E:\UniFlight\flow\full_rocket15_fv\data\full_rocket15.status
 End:   Saving text status in E:\UniFlight\flow\full_rocket15_fv\data\full_rocket15.status; Timer: cpu0=0.000 wall=0.002 
 End:   ===== Time Step =====, Iter number =  24; Timer: cpu0=11.969 wall=1.635 

20.06.26 15:36:21  ===== Processing Layers =====
20.06.26 15:36:21    *SEND* for CScalarLayer, GUID=7CD78E3E-90ED-43A0-9E73-BB60FDDAE621
 Start: ComputeVolumeCharacteristics
 End:   ComputeVolumeCharacteristics; Timer: cpu0=0.000 wall=0.005 
 Start: GetValueOnFacets
 End:   GetValueOnFacets; Timer: cpu0=0.016 wall=0.014 
20.06.26 15:36:21    *SEND* for CIntegralCharsLayer, GUID=4E090A0C-544B-E4A2-4242-BEC451D7CD2B
20.06.26 15:36:21    *SEND* for CIntegralCharsLayer, GUID=67F29492-B486-9BD6-015B-58123FE04E04
20.06.26 15:36:21    *SEND* for CIntegralCharsLayer, GUID=24E026D3-474F-9BDB-2BB1-A3745825FAC4
 End:   ===== Processing Layers =====; Timer: cpu0=0.203 wall=0.035 

20.06.26 15:36:21  ===== New Time Step =====, Iter number =  25
 Start: TimeServis
 End:   TimeServis; Timer: cpu0=0.422 wall=0.033 
 Start: User modules' functions BeforeTimeStep() are calling
 End:   User modules' functions BeforeTimeStep() are calling; Timer: cpu0=0.000 wall=0.001 
 Start: Adaptation, TotalRealCellsCount= 95735 
 End:   Adaptation; Timer: cpu0=0.000 wall=0.004 
 Start: Initialize data arrays on chips
 End:   Initialize data arrays on chips, res= 0; Timer: cpu0=0.000 wall=0.002 
  ***** Maximum Geometrical Gauss = 1.75079e-14, cell= 390:0:2:4:0
  ***** Maximum MovingSurf  Gauss = 0, cell= 
 Start: Initialize data arrays on chips
 End:   Initialize data arrays on chips, res= 0; Timer: cpu0=0.000 wall=0.002 
 Start: TimeServis
 End:   TimeServis; Timer: cpu0=0.312 wall=0.039 
 Start: FindEnclaves
 End:   FindEnclaves; Timer: cpu0=0.078 wall=0.081 
 Start: VarValueService
 End:   VarValueService; Timer: cpu0=0.000 wall=0.001 
 Start: SolvePhaseEquation 
 End:   SolvePhaseEquation ; Timer: cpu0=11.500 wall=1.431 
 Start: SolidFiltersProcess: calculate forces and moments
 End:   SolidFiltersProcess: calculate forces and moments; Timer: cpu0=0.000 wall=0.001 
 Start: PrepareDataForNextStep
 End:   PrepareDataForNextStep; Timer: cpu0=0.281 wall=0.036 
 Start: VarValueService
 End:   VarValueService; Timer: cpu0=0.000 wall=0.002 
 Start: UpdateStopperData
 End:   UpdateStopperData; Timer: cpu0=0.000 wall=0.001 
 Start: Saving text status in E:\UniFlight\flow\full_rocket15_fv\data\full_rocket15.status
 End:   Saving text status in E:\UniFlight\flow\full_rocket15_fv\data\full_rocket15.status; Timer: cpu0=0.000 wall=0.002 
 End:   ===== Time Step =====, Iter number =  25; Timer: cpu0=13.250 wall=1.697 

20.06.26 15:36:23  ===== Processing Layers =====
20.06.26 15:36:23    *SEND* for CScalarLayer, GUID=7CD78E3E-90ED-43A0-9E73-BB60FDDAE621
 Start: ComputeVolumeCharacteristics
 End:   ComputeVolumeCharacteristics; Timer: cpu0=0.000 wall=0.004 
 Start: GetValueOnFacets
 End:   GetValueOnFacets; Timer: cpu0=0.016 wall=0.013 
20.06.26 15:36:23    *SEND* for CIntegralCharsLayer, GUID=4E090A0C-544B-E4A2-4242-BEC451D7CD2B
20.06.26 15:36:23    *SEND* for CIntegralCharsLayer, GUID=67F29492-B486-9BD6-015B-58123FE04E04
20.06.26 15:36:23    *SEND* for CIntegralCharsLayer, GUID=24E026D3-474F-9BDB-2BB1-A3745825FAC4
 End:   ===== Processing Layers =====; Timer: cpu0=0.016 wall=0.033 

20.06.26 15:36:23  ===== New Time Step =====, Iter number =  26
 Start: TimeServis
 End:   TimeServis; Timer: cpu0=0.297 wall=0.033 
 Start: User modules' functions BeforeTimeStep() are calling
 End:   User modules' functions BeforeTimeStep() are calling; Timer: cpu0=0.000 wall=0.001 
 Start: Adaptation, TotalRealCellsCount= 95735 
 End:   Adaptation; Timer: cpu0=0.000 wall=0.005 
 Start: Initialize data arrays on chips
 End:   Initialize data arrays on chips, res= 0; Timer: cpu0=0.000 wall=0.002 
  ***** Maximum Geometrical Gauss = 1.75079e-14, cell= 390:0:2:4:0
  ***** Maximum MovingSurf  Gauss = 0, cell= 
 Start: Initialize data arrays on chips
 End:   Initialize data arrays on chips, res= 0; Timer: cpu0=0.000 wall=0.001 
 Start: TimeServis
 End:   TimeServis; Timer: cpu0=0.359 wall=0.042 
 Start: FindEnclaves
 End:   FindEnclaves; Timer: cpu0=0.078 wall=0.078 
 Start: VarValueService
 End:   VarValueService; Timer: cpu0=0.000 wall=0.001 
 Start: SolvePhaseEquation 
 End:   SolvePhaseEquation ; Timer: cpu0=11.609 wall=1.453 
 Start: SolidFiltersProcess: calculate forces and moments
 End:   SolidFiltersProcess: calculate forces and moments; Timer: cpu0=0.000 wall=0.001 
 Start: PrepareDataForNextStep
 End:   PrepareDataForNextStep; Timer: cpu0=0.406 wall=0.036 
 Start: VarValueService
 End:   VarValueService; Timer: cpu0=0.000 wall=0.002 
 Start: UpdateStopperData
 End:   UpdateStopperData; Timer: cpu0=0.000 wall=0.001 
 Start: Saving text status in E:\UniFlight\flow\full_rocket15_fv\data\full_rocket15.status
 End:   Saving text status in E:\UniFlight\flow\full_rocket15_fv\data\full_rocket15.status; Timer: cpu0=0.000 wall=0.002 
 End:   ===== Time Step =====, Iter number =  26; Timer: cpu0=13.219 wall=1.717 

20.06.26 15:36:25  ===== Processing Layers =====
20.06.26 15:36:25    *SEND* for CScalarLayer, GUID=7CD78E3E-90ED-43A0-9E73-BB60FDDAE621
 Start: ComputeVolumeCharacteristics
 End:   ComputeVolumeCharacteristics; Timer: cpu0=0.000 wall=0.004 
 Start: GetValueOnFacets
 End:   GetValueOnFacets; Timer: cpu0=0.016 wall=0.013 
20.06.26 15:36:25    *SEND* for CIntegralCharsLayer, GUID=4E090A0C-544B-E4A2-4242-BEC451D7CD2B
20.06.26 15:36:25    *SEND* for CIntegralCharsLayer, GUID=67F29492-B486-9BD6-015B-58123FE04E04
20.06.26 15:36:25    *SEND* for CIntegralCharsLayer, GUID=24E026D3-474F-9BDB-2BB1-A3745825FAC4
 End:   ===== Processing Layers =====; Timer: cpu0=0.016 wall=0.036 

20.06.26 15:36:25  ===== New Time Step =====, Iter number =  27
 Start: TimeServis
 End:   TimeServis; Timer: cpu0=0.281 wall=0.032 
 Start: User modules' functions BeforeTimeStep() are calling
 End:   User modules' functions BeforeTimeStep() are calling; Timer: cpu0=0.000 wall=0.002 
 Start: Adaptation, TotalRealCellsCount= 95735 
 End:   Adaptation; Timer: cpu0=0.000 wall=0.004 
 Start: Initialize data arrays on chips
 End:   Initialize data arrays on chips, res= 0; Timer: cpu0=0.000 wall=0.002 
  ***** Maximum Geometrical Gauss = 1.75079e-14, cell= 390:0:2:4:0
  ***** Maximum MovingSurf  Gauss = 0, cell= 
 Start: Initialize data arrays on chips
 End:   Initialize data arrays on chips, res= 0; Timer: cpu0=0.000 wall=0.001 
 Start: TimeServis
 End:   TimeServis; Timer: cpu0=0.312 wall=0.034 
 Start: FindEnclaves
 End:   FindEnclaves; Timer: cpu0=0.078 wall=0.083 
 Start: VarValueService
 End:   VarValueService; Timer: cpu0=0.016 wall=0.002 
 Start: SolvePhaseEquation 
 End:   SolvePhaseEquation ; Timer: cpu0=10.859 wall=1.399 
 Start: SolidFiltersProcess: calculate forces and moments
 End:   SolidFiltersProcess: calculate forces and moments; Timer: cpu0=0.000 wall=0.002 
 Start: PrepareDataForNextStep
 End:   PrepareDataForNextStep; Timer: cpu0=0.203 wall=0.042 
 Start: VarValueService
 End:   VarValueService; Timer: cpu0=0.000 wall=0.002 
 Start: UpdateStopperData
 End:   UpdateStopperData; Timer: cpu0=0.000 wall=0.001 
 Start: Saving text status in E:\UniFlight\flow\full_rocket15_fv\data\full_rocket15.status
 End:   Saving text status in E:\UniFlight\flow\full_rocket15_fv\data\full_rocket15.status; Timer: cpu0=0.000 wall=0.002 
 End:   ===== Time Step =====, Iter number =  27; Timer: cpu0=11.938 wall=1.663 

20.06.26 15:36:27  ===== Processing Layers =====
20.06.26 15:36:27    *SEND* for CScalarLayer, GUID=7CD78E3E-90ED-43A0-9E73-BB60FDDAE621
 Start: ComputeVolumeCharacteristics
 End:   ComputeVolumeCharacteristics; Timer: cpu0=0.156 wall=0.004 
 Start: GetValueOnFacets
 End:   GetValueOnFacets; Timer: cpu0=0.016 wall=0.014 
20.06.26 15:36:27    *SEND* for CIntegralCharsLayer, GUID=4E090A0C-544B-E4A2-4242-BEC451D7CD2B
20.06.26 15:36:27    *SEND* for CIntegralCharsLayer, GUID=67F29492-B486-9BD6-015B-58123FE04E04
20.06.26 15:36:27    *SEND* for CIntegralCharsLayer, GUID=24E026D3-474F-9BDB-2BB1-A3745825FAC4
 End:   ===== Processing Layers =====; Timer: cpu0=0.172 wall=0.034 

20.06.26 15:36:27  ===== New Time Step =====, Iter number =  28
 Start: TimeServis
 End:   TimeServis; Timer: cpu0=0.281 wall=0.033 
 Start: User modules' functions BeforeTimeStep() are calling
 End:   User modules' functions BeforeTimeStep() are calling; Timer: cpu0=0.000 wall=0.002 
 Start: Adaptation, TotalRealCellsCount= 95735 
 End:   Adaptation; Timer: cpu0=0.000 wall=0.005 
 Start: Initialize data arrays on chips
 End:   Initialize data arrays on chips, res= 0; Timer: cpu0=0.000 wall=0.002 
  ***** Maximum Geometrical Gauss = 1.75079e-14, cell= 390:0:2:4:0
  ***** Maximum MovingSurf  Gauss = 0, cell= 
 Start: Initialize data arrays on chips
 End:   Initialize data arrays on chips, res= 0; Timer: cpu0=0.000 wall=0.002 
 Start: TimeServis
 End:   TimeServis; Timer: cpu0=0.391 wall=0.037 
 Start: FindEnclaves
 End:   FindEnclaves; Timer: cpu0=0.078 wall=0.080 
 Start: VarValueService
 End:   VarValueService; Timer: cpu0=0.000 wall=0.002 
 Start: SolvePhaseEquation 
 End:   SolvePhaseEquation ; Timer: cpu0=11.438 wall=1.406 
 Start: SolidFiltersProcess: calculate forces and moments
 End:   SolidFiltersProcess: calculate forces and moments; Timer: cpu0=0.000 wall=0.001 
 Start: PrepareDataForNextStep
 End:   PrepareDataForNextStep; Timer: cpu0=0.219 wall=0.036 
 Start: VarValueService
 End:   VarValueService; Timer: cpu0=0.000 wall=0.001 
 Start: UpdateStopperData
 End:   UpdateStopperData; Timer: cpu0=0.000 wall=0.001 
 Start: Saving text status in E:\UniFlight\flow\full_rocket15_fv\data\full_rocket15.status
 End:   Saving text status in E:\UniFlight\flow\full_rocket15_fv\data\full_rocket15.status; Timer: cpu0=0.000 wall=0.003 
 End:   ===== Time Step =====, Iter number =  28; Timer: cpu0=12.766 wall=1.671 

20.06.26 15:36:28  ===== Processing Layers =====
20.06.26 15:36:28    *SEND* for CScalarLayer, GUID=7CD78E3E-90ED-43A0-9E73-BB60FDDAE621
 Start: ComputeVolumeCharacteristics
 End:   ComputeVolumeCharacteristics; Timer: cpu0=0.000 wall=0.003 
 Start: GetValueOnFacets
 End:   GetValueOnFacets; Timer: cpu0=0.000 wall=0.013 
20.06.26 15:36:28    *SEND* for CIntegralCharsLayer, GUID=4E090A0C-544B-E4A2-4242-BEC451D7CD2B
20.06.26 15:36:28    *SEND* for CIntegralCharsLayer, GUID=67F29492-B486-9BD6-015B-58123FE04E04
20.06.26 15:36:28    *SEND* for CIntegralCharsLayer, GUID=24E026D3-474F-9BDB-2BB1-A3745825FAC4
 End:   ===== Processing Layers =====; Timer: cpu0=0.016 wall=0.033 

20.06.26 15:36:29  ===== New Time Step =====, Iter number =  29
 Start: TimeServis
 End:   TimeServis; Timer: cpu0=0.297 wall=0.032 
 Start: User modules' functions BeforeTimeStep() are calling
 End:   User modules' functions BeforeTimeStep() are calling; Timer: cpu0=0.000 wall=0.002 
 Start: Adaptation, TotalRealCellsCount= 95735 
 End:   Adaptation; Timer: cpu0=0.000 wall=0.005 
 Start: Initialize data arrays on chips
 End:   Initialize data arrays on chips, res= 0; Timer: cpu0=0.000 wall=0.002 
  ***** Maximum Geometrical Gauss = 1.75079e-14, cell= 390:0:2:4:0
  ***** Maximum MovingSurf  Gauss = 0, cell= 
 Start: Initialize data arrays on chips
 End:   Initialize data arrays on chips, res= 0; Timer: cpu0=0.000 wall=0.002 
 Start: TimeServis
 End:   TimeServis; Timer: cpu0=0.344 wall=0.035 
 Start: FindEnclaves
 End:   FindEnclaves; Timer: cpu0=0.078 wall=0.083 
 Start: VarValueService
 End:   VarValueService; Timer: cpu0=0.000 wall=0.003 
 Start: SolvePhaseEquation 
 End:   SolvePhaseEquation ; Timer: cpu0=12.016 wall=1.424 
 Start: SolidFiltersProcess: calculate forces and moments
 End:   SolidFiltersProcess: calculate forces and moments; Timer: cpu0=0.000 wall=0.001 
 Start: PrepareDataForNextStep
 End:   PrepareDataForNextStep; Timer: cpu0=0.203 wall=0.035 
 Start: VarValueService
 End:   VarValueService; Timer: cpu0=0.000 wall=0.001 
 Start: UpdateStopperData
 End:   UpdateStopperData; Timer: cpu0=0.000 wall=0.001 
 Start: Saving text status in E:\UniFlight\flow\full_rocket15_fv\data\full_rocket15.status
 End:   Saving text status in E:\UniFlight\flow\full_rocket15_fv\data\full_rocket15.status; Timer: cpu0=0.000 wall=0.002 
 End:   ===== Time Step =====, Iter number =  29; Timer: cpu0=13.406 wall=1.687 

20.06.26 15:36:30  ===== Processing Layers =====
20.06.26 15:36:30    *SEND* for CScalarLayer, GUID=7CD78E3E-90ED-43A0-9E73-BB60FDDAE621
 Start: ComputeVolumeCharacteristics
 End:   ComputeVolumeCharacteristics; Timer: cpu0=0.000 wall=0.003 
 Start: GetValueOnFacets
 End:   GetValueOnFacets; Timer: cpu0=0.016 wall=0.015 
20.06.26 15:36:31    *SEND* for CIntegralCharsLayer, GUID=4E090A0C-544B-E4A2-4242-BEC451D7CD2B
20.06.26 15:36:31    *SEND* for CIntegralCharsLayer, GUID=67F29492-B486-9BD6-015B-58123FE04E04
20.06.26 15:36:31    *SEND* for CIntegralCharsLayer, GUID=24E026D3-474F-9BDB-2BB1-A3745825FAC4
 End:   ===== Processing Layers =====; Timer: cpu0=0.188 wall=0.040 

20.06.26 15:36:31  ===== New Time Step =====, Iter number =  30
 Start: TimeServis
 End:   TimeServis; Timer: cpu0=0.391 wall=0.037 
 Start: User modules' functions BeforeTimeStep() are calling
 End:   User modules' functions BeforeTimeStep() are calling; Timer: cpu0=0.000 wall=0.002 
 Start: Adaptation, TotalRealCellsCount= 95735 
 End:   Adaptation; Timer: cpu0=6.094 wall=0.854 
 Start: DistributeGridOnProcessors
 End:   DistributeGridOnProcessors, res= 0; Timer: cpu0=1.031 wall=0.226 
 Start: SetNeiHyperCells
 End:   SetNeiHyperCells, res= 0; Timer: cpu0=0.000 wall=0.009 
 Start: BuildFacetDistribution
 End:   BuildFacetDistribution; Timer: cpu0=0.000 wall=0.002 
 Start: Initialize data arrays on chips
 End:   Initialize data arrays on chips, res= 0; Timer: cpu0=0.000 wall=0.002 
  ***** Maximum Geometrical Gauss = 2.30875e-14, cell= 390:2:6:3:0
  ***** Maximum MovingSurf  Gauss = 2.70121e-14, cell= 34:2:0:0
 Start: Remove Small Cells
 End:   Remove Small Cells; Timer: cpu0=0.172 wall=0.023 
 Start: Initialize data arrays on chips
 End:   Initialize data arrays on chips, res= 0; Timer: cpu0=0.000 wall=0.002 
  ***** Maximum Geometrical Gauss = 2.30875e-14, cell= 390:2:6:3:0
  ***** Maximum MovingSurf  Gauss = 2.70121e-14, cell= 34:2:0:0
 Start: Initialize data arrays on chips
 End:   Initialize data arrays on chips, res= 0; Timer: cpu0=0.000 wall=0.003 
 Start: Modify Chip Data
 End:   Modify Chip Data; Timer: cpu0=0.328 wall=0.043 
 Start: TimeServis
 End:   TimeServis; Timer: cpu0=0.484 wall=0.056 
 Start: FindEnclaves
 End:   FindEnclaves; Timer: cpu0=0.094 wall=0.094 
 Start: VarValueService
 End:   VarValueService; Timer: cpu0=0.000 wall=0.002 
 Start: SolvePhaseEquation 
 End:   SolvePhaseEquation ; Timer: cpu0=13.062 wall=1.603 
 Start: SolidFiltersProcess: calculate forces and moments
 End:   SolidFiltersProcess: calculate forces and moments; Timer: cpu0=0.000 wall=0.002 
 Start: PrepareDataForNextStep
 End:   PrepareDataForNextStep; Timer: cpu0=0.234 wall=0.046 
 Start: VarValueService
 End:   VarValueService; Timer: cpu0=0.000 wall=0.001 
 Start: UpdateStopperData
 End:   UpdateStopperData; Timer: cpu0=0.000 wall=0.000 
 Start: Saving text status in E:\UniFlight\flow\full_rocket15_fv\data\full_rocket15.status
 End:   Saving text status in E:\UniFlight\flow\full_rocket15_fv\data\full_rocket15.status; Timer: cpu0=0.000 wall=0.003 
 End:   ===== Time Step =====, Iter number =  30; Timer: cpu0=22.266 wall=3.108 

20.06.26 15:36:34  ===== Processing Layers =====
20.06.26 15:36:34    *SEND* for CScalarLayer, GUID=7CD78E3E-90ED-43A0-9E73-BB60FDDAE621
 Start: ComputeVolumeCharacteristics
 End:   ComputeVolumeCharacteristics; Timer: cpu0=0.000 wall=0.004 
 Start: GetValueOnFacets
 End:   GetValueOnFacets; Timer: cpu0=0.000 wall=0.014 
20.06.26 15:36:34    *SEND* for CIntegralCharsLayer, GUID=4E090A0C-544B-E4A2-4242-BEC451D7CD2B
20.06.26 15:36:34    *SEND* for CIntegralCharsLayer, GUID=67F29492-B486-9BD6-015B-58123FE04E04
20.06.26 15:36:34    *SEND* for CIntegralCharsLayer, GUID=24E026D3-474F-9BDB-2BB1-A3745825FAC4
 End:   ===== Processing Layers =====; Timer: cpu0=0.000 wall=0.036 

20.06.26 15:36:34  ===== New Time Step =====, Iter number =  31
 Start: TimeServis
 End:   TimeServis; Timer: cpu0=0.344 wall=0.035 
 Start: User modules' functions BeforeTimeStep() are calling
 End:   User modules' functions BeforeTimeStep() are calling; Timer: cpu0=0.000 wall=0.002 
 Start: Adaptation, TotalRealCellsCount= 107425 
 End:   Adaptation; Timer: cpu0=6.297 wall=0.800 
 Start: DistributeGridOnProcessors
 End:   DistributeGridOnProcessors, res= 0; Timer: cpu0=0.844 wall=0.204 
 Start: SetNeiHyperCells
 End:   SetNeiHyperCells, res= 0; Timer: cpu0=0.000 wall=0.007 
 Start: BuildFacetDistribution
 End:   BuildFacetDistribution; Timer: cpu0=0.000 wall=0.002 
 Start: Initialize data arrays on chips
 End:   Initialize data arrays on chips, res= 0; Timer: cpu0=0.000 wall=0.002 
  ***** Maximum Geometrical Gauss = 2.30875e-14, cell= 390:2:6:3:0
  ***** Maximum MovingSurf  Gauss = 1.57863e-14, cell= 90:2:0
 Start: Remove Small Cells
 End:   Remove Small Cells; Timer: cpu0=0.156 wall=0.021 
 Start: Initialize data arrays on chips
 End:   Initialize data arrays on chips, res= 0; Timer: cpu0=0.000 wall=0.003 
  ***** Maximum Geometrical Gauss = 2.30875e-14, cell= 390:2:6:3:0
  ***** Maximum MovingSurf  Gauss = 1.57863e-14, cell= 90:2:0
 Start: Initialize data arrays on chips
 End:   Initialize data arrays on chips, res= 0; Timer: cpu0=0.000 wall=0.002 
 Start: Modify Chip Data
 End:   Modify Chip Data; Timer: cpu0=0.344 wall=0.033 
 Start: TimeServis
 End:   TimeServis; Timer: cpu0=0.328 wall=0.042 
 Start: FindEnclaves
 End:   FindEnclaves; Timer: cpu0=0.078 wall=0.092 
 Start: VarValueService
 End:   VarValueService; Timer: cpu0=0.000 wall=0.001 
 Start: SolvePhaseEquation 
 End:   SolvePhaseEquation ; Timer: cpu0=11.875 wall=1.428 
 Start: SolidFiltersProcess: calculate forces and moments
 End:   SolidFiltersProcess: calculate forces and moments; Timer: cpu0=0.000 wall=0.001 
 Start: PrepareDataForNextStep
 End:   PrepareDataForNextStep; Timer: cpu0=0.328 wall=0.041 
 Start: VarValueService
 End:   VarValueService; Timer: cpu0=0.000 wall=0.002 
 Start: UpdateStopperData
 End:   UpdateStopperData; Timer: cpu0=0.000 wall=0.001 
 Start: Saving text status in E:\UniFlight\flow\full_rocket15_fv\data\full_rocket15.status
 End:   Saving text status in E:\UniFlight\flow\full_rocket15_fv\data\full_rocket15.status; Timer: cpu0=0.000 wall=0.002 
 End:   ===== Time Step =====, Iter number =  31; Timer: cpu0=21.016 wall=2.808 

20.06.26 15:36:37  ===== Processing Layers =====
20.06.26 15:36:37    *SEND* for CScalarLayer, GUID=7CD78E3E-90ED-43A0-9E73-BB60FDDAE621
 Start: ComputeVolumeCharacteristics
 End:   ComputeVolumeCharacteristics; Timer: cpu0=0.000 wall=0.006 
 Start: GetValueOnFacets
 End:   GetValueOnFacets; Timer: cpu0=0.016 wall=0.015 
20.06.26 15:36:37    *SEND* for CIntegralCharsLayer, GUID=4E090A0C-544B-E4A2-4242-BEC451D7CD2B
20.06.26 15:36:37    *SEND* for CIntegralCharsLayer, GUID=67F29492-B486-9BD6-015B-58123FE04E04
20.06.26 15:36:37    *SEND* for CIntegralCharsLayer, GUID=24E026D3-474F-9BDB-2BB1-A3745825FAC4
 End:   ===== Processing Layers =====; Timer: cpu0=0.016 wall=0.038 

20.06.26 15:36:37  ===== New Time Step =====, Iter number =  32
 Start: TimeServis
 End:   TimeServis; Timer: cpu0=0.312 wall=0.031 
 Start: User modules' functions BeforeTimeStep() are calling
 End:   User modules' functions BeforeTimeStep() are calling; Timer: cpu0=0.000 wall=0.002 
 Start: Adaptation, TotalRealCellsCount= 95966 
 End:   Adaptation; Timer: cpu0=0.125 wall=0.005 
 Start: Initialize data arrays on chips
 End:   Initialize data arrays on chips, res= 0; Timer: cpu0=0.000 wall=0.002 
  ***** Maximum Geometrical Gauss = 2.30875e-14, cell= 390:2:6:3:0
  ***** Maximum MovingSurf  Gauss = 0, cell= 
 Start: Initialize data arrays on chips
 End:   Initialize data arrays on chips, res= 0; Timer: cpu0=0.000 wall=0.002 
 Start: TimeServis
 End:   TimeServis; Timer: cpu0=0.344 wall=0.037 
 Start: FindEnclaves
 End:   FindEnclaves; Timer: cpu0=0.078 wall=0.082 
 Start: VarValueService
 End:   VarValueService; Timer: cpu0=0.000 wall=0.001 
 Start: SolvePhaseEquation 
 End:   SolvePhaseEquation ; Timer: cpu0=11.359 wall=1.417 
 Start: SolidFiltersProcess: calculate forces and moments
 End:   SolidFiltersProcess: calculate forces and moments; Timer: cpu0=0.000 wall=0.001 
 Start: PrepareDataForNextStep
 End:   PrepareDataForNextStep; Timer: cpu0=0.203 wall=0.045 
 Start: VarValueService
 End:   VarValueService; Timer: cpu0=0.000 wall=0.002 
 Start: UpdateStopperData
 End:   UpdateStopperData; Timer: cpu0=0.000 wall=0.001 
 Start: Saving text status in E:\UniFlight\flow\full_rocket15_fv\data\full_rocket15.status
 End:   Saving text status in E:\UniFlight\flow\full_rocket15_fv\data\full_rocket15.status; Timer: cpu0=0.000 wall=0.003 
 End:   ===== Time Step =====, Iter number =  32; Timer: cpu0=12.781 wall=1.696 

20.06.26 15:36:39  ===== Processing Layers =====
20.06.26 15:36:39    *SEND* for CScalarLayer, GUID=7CD78E3E-90ED-43A0-9E73-BB60FDDAE621
 Start: ComputeVolumeCharacteristics
 End:   ComputeVolumeCharacteristics; Timer: cpu0=0.000 wall=0.004 
 Start: GetValueOnFacets
 End:   GetValueOnFacets; Timer: cpu0=0.172 wall=0.013 
20.06.26 15:36:39    *SEND* for CIntegralCharsLayer, GUID=4E090A0C-544B-E4A2-4242-BEC451D7CD2B
20.06.26 15:36:39    *SEND* for CIntegralCharsLayer, GUID=67F29492-B486-9BD6-015B-58123FE04E04
20.06.26 15:36:39    *SEND* for CIntegralCharsLayer, GUID=24E026D3-474F-9BDB-2BB1-A3745825FAC4
 End:   ===== Processing Layers =====; Timer: cpu0=0.344 wall=0.032 

20.06.26 15:36:39  ===== New Time Step =====, Iter number =  33
 Start: TimeServis
 End:   TimeServis; Timer: cpu0=0.344 wall=0.030 
 Start: User modules' functions BeforeTimeStep() are calling
 End:   User modules' functions BeforeTimeStep() are calling; Timer: cpu0=0.016 wall=0.002 
 Start: Adaptation, TotalRealCellsCount= 95966 
 End:   Adaptation; Timer: cpu0=0.000 wall=0.004 
 Start: Initialize data arrays on chips
 End:   Initialize data arrays on chips, res= 0; Timer: cpu0=0.000 wall=0.001 
  ***** Maximum Geometrical Gauss = 2.30875e-14, cell= 390:2:6:3:0
  ***** Maximum MovingSurf  Gauss = 0, cell= 
 Start: Initialize data arrays on chips
 End:   Initialize data arrays on chips, res= 0; Timer: cpu0=0.000 wall=0.002 
 Start: TimeServis
 End:   TimeServis; Timer: cpu0=0.344 wall=0.036 
 Start: FindEnclaves
 End:   FindEnclaves; Timer: cpu0=0.078 wall=0.085 
 Start: VarValueService
 End:   VarValueService; Timer: cpu0=0.000 wall=0.001 
 Start: SolvePhaseEquation 
 End:   SolvePhaseEquation ; Timer: cpu0=11.969 wall=1.407 
 Start: SolidFiltersProcess: calculate forces and moments
 End:   SolidFiltersProcess: calculate forces and moments; Timer: cpu0=0.000 wall=0.002 
 Start: PrepareDataForNextStep
 End:   PrepareDataForNextStep; Timer: cpu0=0.359 wall=0.045 
 Start: VarValueService
 End:   VarValueService; Timer: cpu0=0.000 wall=0.001 
 Start: UpdateStopperData
 End:   UpdateStopperData; Timer: cpu0=0.000 wall=0.000 
 Start: Saving text status in E:\UniFlight\flow\full_rocket15_fv\data\full_rocket15.status
 End:   Saving text status in E:\UniFlight\flow\full_rocket15_fv\data\full_rocket15.status; Timer: cpu0=0.000 wall=0.002 
 End:   ===== Time Step =====, Iter number =  33; Timer: cpu0=13.562 wall=1.674 

20.06.26 15:36:41  ===== Processing Layers =====
20.06.26 15:36:41    *SEND* for CScalarLayer, GUID=7CD78E3E-90ED-43A0-9E73-BB60FDDAE621
 Start: ComputeVolumeCharacteristics
 End:   ComputeVolumeCharacteristics; Timer: cpu0=0.000 wall=0.003 
 Start: GetValueOnFacets
 End:   GetValueOnFacets; Timer: cpu0=0.016 wall=0.013 
20.06.26 15:36:41    *SEND* for CIntegralCharsLayer, GUID=4E090A0C-544B-E4A2-4242-BEC451D7CD2B
20.06.26 15:36:41    *SEND* for CIntegralCharsLayer, GUID=67F29492-B486-9BD6-015B-58123FE04E04
20.06.26 15:36:41    *SEND* for CIntegralCharsLayer, GUID=24E026D3-474F-9BDB-2BB1-A3745825FAC4
 End:   ===== Processing Layers =====; Timer: cpu0=0.016 wall=0.034 

20.06.26 15:36:41  ===== New Time Step =====, Iter number =  34
 Start: TimeServis
 End:   TimeServis; Timer: cpu0=0.297 wall=0.034 
 Start: User modules' functions BeforeTimeStep() are calling
 End:   User modules' functions BeforeTimeStep() are calling; Timer: cpu0=0.000 wall=0.001 
 Start: Adaptation, TotalRealCellsCount= 95966 
 End:   Adaptation; Timer: cpu0=0.000 wall=0.004 
 Start: Initialize data arrays on chips
 End:   Initialize data arrays on chips, res= 0; Timer: cpu0=0.000 wall=0.001 
  ***** Maximum Geometrical Gauss = 2.30875e-14, cell= 390:2:6:3:0
  ***** Maximum MovingSurf  Gauss = 0, cell= 
 Start: Initialize data arrays on chips
 End:   Initialize data arrays on chips, res= 0; Timer: cpu0=0.000 wall=0.002 
 Start: TimeServis
 End:   TimeServis; Timer: cpu0=0.344 wall=0.034 
 Start: FindEnclaves
 End:   FindEnclaves; Timer: cpu0=0.203 wall=0.077 
 Start: VarValueService
 End:   VarValueService; Timer: cpu0=0.000 wall=0.001 
 Start: SolvePhaseEquation 
 End:   SolvePhaseEquation ; Timer: cpu0=12.453 wall=1.412 
 Start: SolidFiltersProcess: calculate forces and moments
 End:   SolidFiltersProcess: calculate forces and moments; Timer: cpu0=0.000 wall=0.002 
 Start: PrepareDataForNextStep
 End:   PrepareDataForNextStep; Timer: cpu0=0.359 wall=0.047 
 Start: VarValueService
 End:   VarValueService; Timer: cpu0=0.000 wall=0.001 
 Start: UpdateStopperData
 End:   UpdateStopperData; Timer: cpu0=0.000 wall=0.002 
 Start: Saving text status in E:\UniFlight\flow\full_rocket15_fv\data\full_rocket15.status
 End:   Saving text status in E:\UniFlight\flow\full_rocket15_fv\data\full_rocket15.status; Timer: cpu0=0.000 wall=0.002 
 End:   ===== Time Step =====, Iter number =  34; Timer: cpu0=13.828 wall=1.684 

20.06.26 15:36:43  ===== Processing Layers =====
20.06.26 15:36:43    *SEND* for CScalarLayer, GUID=7CD78E3E-90ED-43A0-9E73-BB60FDDAE621
 Start: ComputeVolumeCharacteristics
 End:   ComputeVolumeCharacteristics; Timer: cpu0=0.109 wall=0.004 
 Start: GetValueOnFacets
 End:   GetValueOnFacets; Timer: cpu0=0.000 wall=0.011 
20.06.26 15:36:43    *SEND* for CIntegralCharsLayer, GUID=4E090A0C-544B-E4A2-4242-BEC451D7CD2B
20.06.26 15:36:43    *SEND* for CIntegralCharsLayer, GUID=67F29492-B486-9BD6-015B-58123FE04E04
20.06.26 15:36:43    *SEND* for CIntegralCharsLayer, GUID=24E026D3-474F-9BDB-2BB1-A3745825FAC4
 End:   ===== Processing Layers =====; Timer: cpu0=0.109 wall=0.031 

20.06.26 15:36:43  ===== New Time Step =====, Iter number =  35
 Start: TimeServis
 End:   TimeServis; Timer: cpu0=0.219 wall=0.032 
 Start: User modules' functions BeforeTimeStep() are calling
 End:   User modules' functions BeforeTimeStep() are calling; Timer: cpu0=0.000 wall=0.002 
 Start: Adaptation, TotalRealCellsCount= 95966 
 End:   Adaptation; Timer: cpu0=0.172 wall=0.004 
 Start: Initialize data arrays on chips
 End:   Initialize data arrays on chips, res= 0; Timer: cpu0=0.000 wall=0.001 
  ***** Maximum Geometrical Gauss = 2.30875e-14, cell= 390:2:6:3:0
  ***** Maximum MovingSurf  Gauss = 0, cell= 
 Start: Initialize data arrays on chips
 End:   Initialize data arrays on chips, res= 0; Timer: cpu0=0.000 wall=0.002 
 Start: TimeServis
 End:   TimeServis; Timer: cpu0=0.234 wall=0.037 
 Start: FindEnclaves
 End:   FindEnclaves; Timer: cpu0=0.078 wall=0.078 
 Start: VarValueService
 End:   VarValueService; Timer: cpu0=0.000 wall=0.001 
 Start: SolvePhaseEquation 
 End:   SolvePhaseEquation ; Timer: cpu0=11.984 wall=1.407 
 Start: SolidFiltersProcess: calculate forces and moments
 End:   SolidFiltersProcess: calculate forces and moments; Timer: cpu0=0.000 wall=0.002 
 Start: PrepareDataForNextStep
 End:   PrepareDataForNextStep; Timer: cpu0=0.234 wall=0.042 
 Start: VarValueService
 End:   VarValueService; Timer: cpu0=0.000 wall=0.001 
 Start: UpdateStopperData
 End:   UpdateStopperData; Timer: cpu0=0.000 wall=0.002 
 Start: Saving text status in E:\UniFlight\flow\full_rocket15_fv\data\full_rocket15.status
 End:   Saving text status in E:\UniFlight\flow\full_rocket15_fv\data\full_rocket15.status; Timer: cpu0=0.000 wall=0.002 
 End:   ===== Time Step =====, Iter number =  35; Timer: cpu0=13.125 wall=1.670 

20.06.26 15:36:45  ===== Processing Layers =====
20.06.26 15:36:45    *SEND* for CScalarLayer, GUID=7CD78E3E-90ED-43A0-9E73-BB60FDDAE621
 Start: ComputeVolumeCharacteristics
 End:   ComputeVolumeCharacteristics; Timer: cpu0=0.000 wall=0.003 
 Start: GetValueOnFacets
 End:   GetValueOnFacets; Timer: cpu0=0.141 wall=0.014 
20.06.26 15:36:45    *SEND* for CIntegralCharsLayer, GUID=4E090A0C-544B-E4A2-4242-BEC451D7CD2B
20.06.26 15:36:45    *SEND* for CIntegralCharsLayer, GUID=67F29492-B486-9BD6-015B-58123FE04E04
20.06.26 15:36:45    *SEND* for CIntegralCharsLayer, GUID=24E026D3-474F-9BDB-2BB1-A3745825FAC4
 End:   ===== Processing Layers =====; Timer: cpu0=0.312 wall=0.032 

20.06.26 15:36:45  ===== New Time Step =====, Iter number =  36
 Start: TimeServis
 End:   TimeServis; Timer: cpu0=0.344 wall=0.032 
 Start: User modules' functions BeforeTimeStep() are calling
 End:   User modules' functions BeforeTimeStep() are calling; Timer: cpu0=0.000 wall=0.002 
 Start: Adaptation, TotalRealCellsCount= 95966 
 End:   Adaptation; Timer: cpu0=0.000 wall=0.005 
 Start: Initialize data arrays on chips
 End:   Initialize data arrays on chips, res= 0; Timer: cpu0=0.094 wall=0.002 
  ***** Maximum Geometrical Gauss = 2.30875e-14, cell= 390:2:6:3:0
  ***** Maximum MovingSurf  Gauss = 0, cell= 
 Start: Initialize data arrays on chips
 End:   Initialize data arrays on chips, res= 0; Timer: cpu0=0.000 wall=0.002 
 Start: TimeServis
 End:   TimeServis; Timer: cpu0=0.484 wall=0.044 
 Start: FindEnclaves
 End:   FindEnclaves; Timer: cpu0=0.094 wall=0.086 
 Start: VarValueService
 End:   VarValueService; Timer: cpu0=0.000 wall=0.001 
 Start: SolvePhaseEquation 
 End:   SolvePhaseEquation ; Timer: cpu0=11.641 wall=1.423 
 Start: SolidFiltersProcess: calculate forces and moments
 End:   SolidFiltersProcess: calculate forces and moments; Timer: cpu0=0.000 wall=0.002 
 Start: PrepareDataForNextStep
 End:   PrepareDataForNextStep; Timer: cpu0=0.219 wall=0.047 
 Start: VarValueService
 End:   VarValueService; Timer: cpu0=0.000 wall=0.002 
 Start: UpdateStopperData
 End:   UpdateStopperData; Timer: cpu0=0.000 wall=0.001 
 Start: Saving text status in E:\UniFlight\flow\full_rocket15_fv\data\full_rocket15.status
 End:   Saving text status in E:\UniFlight\flow\full_rocket15_fv\data\full_rocket15.status; Timer: cpu0=0.000 wall=0.003 
 End:   ===== Time Step =====, Iter number =  36; Timer: cpu0=13.062 wall=1.722 

20.06.26 15:36:47  ===== Processing Layers =====
20.06.26 15:36:47    *SEND* for CScalarLayer, GUID=7CD78E3E-90ED-43A0-9E73-BB60FDDAE621
 Start: ComputeVolumeCharacteristics
 End:   ComputeVolumeCharacteristics; Timer: cpu0=0.000 wall=0.005 
 Start: GetValueOnFacets
 End:   GetValueOnFacets; Timer: cpu0=0.000 wall=0.011 
20.06.26 15:36:47    *SEND* for CIntegralCharsLayer, GUID=4E090A0C-544B-E4A2-4242-BEC451D7CD2B
20.06.26 15:36:47    *SEND* for CIntegralCharsLayer, GUID=67F29492-B486-9BD6-015B-58123FE04E04
20.06.26 15:36:47    *SEND* for CIntegralCharsLayer, GUID=24E026D3-474F-9BDB-2BB1-A3745825FAC4
 End:   ===== Processing Layers =====; Timer: cpu0=0.016 wall=0.032 

20.06.26 15:36:47  ===== New Time Step =====, Iter number =  37
 Start: TimeServis
 End:   TimeServis; Timer: cpu0=0.297 wall=0.032 
 Start: User modules' functions BeforeTimeStep() are calling
 End:   User modules' functions BeforeTimeStep() are calling; Timer: cpu0=0.000 wall=0.002 
 Start: Adaptation, TotalRealCellsCount= 95966 
 End:   Adaptation; Timer: cpu0=0.000 wall=0.004 
 Start: Initialize data arrays on chips
 End:   Initialize data arrays on chips, res= 0; Timer: cpu0=0.000 wall=0.003 
  ***** Maximum Geometrical Gauss = 2.30875e-14, cell= 390:2:6:3:0
  ***** Maximum MovingSurf  Gauss = 0, cell= 
 Start: Initialize data arrays on chips
 End:   Initialize data arrays on chips, res= 0; Timer: cpu0=0.000 wall=0.002 
 Start: TimeServis
 End:   TimeServis; Timer: cpu0=0.328 wall=0.036 
 Start: FindEnclaves
 End:   FindEnclaves; Timer: cpu0=0.062 wall=0.078 
 Start: VarValueService
 End:   VarValueService; Timer: cpu0=0.000 wall=0.001 
 Start: SolvePhaseEquation 
 End:   SolvePhaseEquation ; Timer: cpu0=10.531 wall=1.402 
 Start: SolidFiltersProcess: calculate forces and moments
 End:   SolidFiltersProcess: calculate forces and moments; Timer: cpu0=0.000 wall=0.001 
 Start: PrepareDataForNextStep
 End:   PrepareDataForNextStep; Timer: cpu0=0.203 wall=0.042 
 Start: VarValueService
 End:   VarValueService; Timer: cpu0=0.000 wall=0.001 
 Start: UpdateStopperData
 End:   UpdateStopperData; Timer: cpu0=0.000 wall=0.001 
 Start: Saving text status in E:\UniFlight\flow\full_rocket15_fv\data\full_rocket15.status
 End:   Saving text status in E:\UniFlight\flow\full_rocket15_fv\data\full_rocket15.status; Timer: cpu0=0.000 wall=0.002 
 End:   ===== Time Step =====, Iter number =  37; Timer: cpu0=11.781 wall=1.662 

20.06.26 15:36:49  ===== Processing Layers =====
20.06.26 15:36:49    *SEND* for CScalarLayer, GUID=7CD78E3E-90ED-43A0-9E73-BB60FDDAE621
 Start: ComputeVolumeCharacteristics
 End:   ComputeVolumeCharacteristics; Timer: cpu0=0.156 wall=0.004 
 Start: GetValueOnFacets
 End:   GetValueOnFacets; Timer: cpu0=0.000 wall=0.013 
20.06.26 15:36:49    *SEND* for CIntegralCharsLayer, GUID=4E090A0C-544B-E4A2-4242-BEC451D7CD2B
20.06.26 15:36:49    *SEND* for CIntegralCharsLayer, GUID=67F29492-B486-9BD6-015B-58123FE04E04
20.06.26 15:36:49    *SEND* for CIntegralCharsLayer, GUID=24E026D3-474F-9BDB-2BB1-A3745825FAC4
 End:   ===== Processing Layers =====; Timer: cpu0=0.156 wall=0.034 

20.06.26 15:36:49  ===== New Time Step =====, Iter number =  38
 Start: TimeServis
 End:   TimeServis; Timer: cpu0=0.328 wall=0.032 
 Start: User modules' functions BeforeTimeStep() are calling
 End:   User modules' functions BeforeTimeStep() are calling; Timer: cpu0=0.000 wall=0.002 
 Start: Adaptation, TotalRealCellsCount= 95966 
 End:   Adaptation; Timer: cpu0=0.000 wall=0.005 
 Start: Initialize data arrays on chips
 End:   Initialize data arrays on chips, res= 0; Timer: cpu0=0.000 wall=0.001 
  ***** Maximum Geometrical Gauss = 2.30875e-14, cell= 390:2:6:3:0
  ***** Maximum MovingSurf  Gauss = 0, cell= 
 Start: Initialize data arrays on chips
 End:   Initialize data arrays on chips, res= 0; Timer: cpu0=0.000 wall=0.002 
 Start: TimeServis
 End:   TimeServis; Timer: cpu0=0.344 wall=0.032 
 Start: FindEnclaves
 End:   FindEnclaves; Timer: cpu0=0.078 wall=0.079 
 Start: VarValueService
 End:   VarValueService; Timer: cpu0=0.000 wall=0.001 
 Start: SolvePhaseEquation 
 End:   SolvePhaseEquation ; Timer: cpu0=11.156 wall=1.387 
 Start: SolidFiltersProcess: calculate forces and moments
 End:   SolidFiltersProcess: calculate forces and moments; Timer: cpu0=0.000 wall=0.002 
 Start: PrepareDataForNextStep
 End:   PrepareDataForNextStep; Timer: cpu0=0.484 wall=0.044 
 Start: VarValueService
 End:   VarValueService; Timer: cpu0=0.000 wall=0.002 
 Start: UpdateStopperData
 End:   UpdateStopperData; Timer: cpu0=0.000 wall=0.000 
 Start: Saving text status in E:\UniFlight\flow\full_rocket15_fv\data\full_rocket15.status
 End:   Saving text status in E:\UniFlight\flow\full_rocket15_fv\data\full_rocket15.status; Timer: cpu0=0.000 wall=0.001 
 End:   ===== Time Step =====, Iter number =  38; Timer: cpu0=12.766 wall=1.651 

20.06.26 15:36:51  ===== Processing Layers =====
20.06.26 15:36:51    *SEND* for CScalarLayer, GUID=7CD78E3E-90ED-43A0-9E73-BB60FDDAE621
 Start: ComputeVolumeCharacteristics
 End:   ComputeVolumeCharacteristics; Timer: cpu0=0.000 wall=0.005 
 Start: GetValueOnFacets
 End:   GetValueOnFacets; Timer: cpu0=0.016 wall=0.012 
20.06.26 15:36:51    *SEND* for CIntegralCharsLayer, GUID=4E090A0C-544B-E4A2-4242-BEC451D7CD2B
20.06.26 15:36:51    *SEND* for CIntegralCharsLayer, GUID=67F29492-B486-9BD6-015B-58123FE04E04
20.06.26 15:36:51    *SEND* for CIntegralCharsLayer, GUID=24E026D3-474F-9BDB-2BB1-A3745825FAC4
 End:   ===== Processing Layers =====; Timer: cpu0=0.016 wall=0.034 

20.06.26 15:36:51  ===== New Time Step =====, Iter number =  39
 Start: TimeServis
 End:   TimeServis; Timer: cpu0=0.297 wall=0.031 
 Start: User modules' functions BeforeTimeStep() are calling
 End:   User modules' functions BeforeTimeStep() are calling; Timer: cpu0=0.000 wall=0.003 
 Start: Adaptation, TotalRealCellsCount= 95966 
 End:   Adaptation; Timer: cpu0=0.000 wall=0.005 
 Start: Initialize data arrays on chips
 End:   Initialize data arrays on chips, res= 0; Timer: cpu0=0.000 wall=0.002 
  ***** Maximum Geometrical Gauss = 2.30875e-14, cell= 390:2:6:3:0
  ***** Maximum MovingSurf  Gauss = 0, cell= 
 Start: Initialize data arrays on chips
 End:   Initialize data arrays on chips, res= 0; Timer: cpu0=0.000 wall=0.002 
 Start: TimeServis
 End:   TimeServis; Timer: cpu0=0.312 wall=0.037 
 Start: FindEnclaves
 End:   FindEnclaves; Timer: cpu0=0.078 wall=0.077 
 Start: VarValueService
 End:   VarValueService; Timer: cpu0=0.000 wall=0.001 
 Start: SolvePhaseEquation 
 End:   SolvePhaseEquation ; Timer: cpu0=11.844 wall=1.439 
 Start: SolidFiltersProcess: calculate forces and moments
 End:   SolidFiltersProcess: calculate forces and moments; Timer: cpu0=0.000 wall=0.002 
 Start: PrepareDataForNextStep
 End:   PrepareDataForNextStep; Timer: cpu0=0.266 wall=0.041 
 Start: VarValueService
 End:   VarValueService; Timer: cpu0=0.000 wall=0.001 
 Start: UpdateStopperData
 End:   UpdateStopperData; Timer: cpu0=0.000 wall=0.001 
 Start: Saving text status in E:\UniFlight\flow\full_rocket15_fv\data\full_rocket15.status
 End:   Saving text status in E:\UniFlight\flow\full_rocket15_fv\data\full_rocket15.status; Timer: cpu0=0.000 wall=0.002 
 End:   ===== Time Step =====, Iter number =  39; Timer: cpu0=13.141 wall=1.707 

20.06.26 15:36:53  ===== Processing Layers =====
20.06.26 15:36:53    *SEND* for CScalarLayer, GUID=7CD78E3E-90ED-43A0-9E73-BB60FDDAE621
 Start: ComputeVolumeCharacteristics
 End:   ComputeVolumeCharacteristics; Timer: cpu0=0.000 wall=0.006 
 Start: GetValueOnFacets
 End:   GetValueOnFacets; Timer: cpu0=0.000 wall=0.012 
20.06.26 15:36:53    *SEND* for CIntegralCharsLayer, GUID=4E090A0C-544B-E4A2-4242-BEC451D7CD2B
20.06.26 15:36:53    *SEND* for CIntegralCharsLayer, GUID=67F29492-B486-9BD6-015B-58123FE04E04
20.06.26 15:36:53    *SEND* for CIntegralCharsLayer, GUID=24E026D3-474F-9BDB-2BB1-A3745825FAC4
 End:   ===== Processing Layers =====; Timer: cpu0=0.000 wall=0.034 

20.06.26 15:36:53  ===== New Time Step =====, Iter number =  40
 Start: TimeServis
 End:   TimeServis; Timer: cpu0=0.312 wall=0.033 
 Start: User modules' functions BeforeTimeStep() are calling
 End:   User modules' functions BeforeTimeStep() are calling; Timer: cpu0=0.000 wall=0.002 
 Start: Adaptation, TotalRealCellsCount= 95966 
 End:   Adaptation; Timer: cpu0=6.562 wall=0.872 
 Start: DistributeGridOnProcessors
 End:   DistributeGridOnProcessors, res= 0; Timer: cpu0=0.875 wall=0.215 
 Start: SetNeiHyperCells
 End:   SetNeiHyperCells, res= 0; Timer: cpu0=0.016 wall=0.007 
 Start: BuildFacetDistribution
 End:   BuildFacetDistribution; Timer: cpu0=0.000 wall=0.001 
 Start: Initialize data arrays on chips
 End:   Initialize data arrays on chips, res= 0; Timer: cpu0=0.000 wall=0.002 
  ***** Maximum Geometrical Gauss = 2.30875e-14, cell= 299:7:7:2:0
  ***** Maximum MovingSurf  Gauss = 2.05222e-14, cell= 34:2:2:2:0
 Start: Remove Small Cells
 End:   Remove Small Cells; Timer: cpu0=0.344 wall=0.021 
 Start: Initialize data arrays on chips
 End:   Initialize data arrays on chips, res= 0; Timer: cpu0=0.000 wall=0.002 
  ***** Maximum Geometrical Gauss = 2.30875e-14, cell= 299:7:7:2:0
  ***** Maximum MovingSurf  Gauss = 2.05222e-14, cell= 34:2:2:2:0
 Start: Initialize data arrays on chips
 End:   Initialize data arrays on chips, res= 0; Timer: cpu0=0.000 wall=0.002 
 Start: Modify Chip Data
 End:   Modify Chip Data; Timer: cpu0=0.375 wall=0.043 
 Start: TimeServis
 End:   TimeServis; Timer: cpu0=0.469 wall=0.051 
 Start: FindEnclaves
 End:   FindEnclaves; Timer: cpu0=0.109 wall=0.116 
 Start: VarValueService
 End:   VarValueService; Timer: cpu0=0.000 wall=0.002 
 Start: SolvePhaseEquation 
 End:   SolvePhaseEquation ; Timer: cpu0=13.391 wall=1.653 
 Start: SolidFiltersProcess: calculate forces and moments
 End:   SolidFiltersProcess: calculate forces and moments; Timer: cpu0=0.000 wall=0.001 
 Start: PrepareDataForNextStep
 End:   PrepareDataForNextStep; Timer: cpu0=0.484 wall=0.042 
 Start: VarValueService
 End:   VarValueService; Timer: cpu0=0.000 wall=0.001 
 Start: UpdateStopperData
 End:   UpdateStopperData; Timer: cpu0=0.000 wall=0.001 
 Start: Saving text status in E:\UniFlight\flow\full_rocket15_fv\data\full_rocket15.status
 End:   Saving text status in E:\UniFlight\flow\full_rocket15_fv\data\full_rocket15.status; Timer: cpu0=0.000 wall=0.002 
 End:   ===== Time Step =====, Iter number =  40; Timer: cpu0=23.109 wall=3.165 

20.06.26 15:36:56  ===== Processing Layers =====
20.06.26 15:36:56    *SEND* for CScalarLayer, GUID=7CD78E3E-90ED-43A0-9E73-BB60FDDAE621
 Start: ComputeVolumeCharacteristics
 End:   ComputeVolumeCharacteristics; Timer: cpu0=0.000 wall=0.004 
 Start: GetValueOnFacets
 End:   GetValueOnFacets; Timer: cpu0=0.016 wall=0.013 
20.06.26 15:36:57    *SEND* for CIntegralCharsLayer, GUID=4E090A0C-544B-E4A2-4242-BEC451D7CD2B
20.06.26 15:36:57    *SEND* for CIntegralCharsLayer, GUID=67F29492-B486-9BD6-015B-58123FE04E04
20.06.26 15:36:57    *SEND* for CIntegralCharsLayer, GUID=24E026D3-474F-9BDB-2BB1-A3745825FAC4
 End:   ===== Processing Layers =====; Timer: cpu0=0.016 wall=0.037 

20.06.26 15:36:57  ===== New Time Step =====, Iter number =  41
 Start: TimeServis
 End:   TimeServis; Timer: cpu0=0.312 wall=0.036 
 Start: User modules' functions BeforeTimeStep() are calling
 End:   User modules' functions BeforeTimeStep() are calling; Timer: cpu0=0.000 wall=0.002 
 Start: Adaptation, TotalRealCellsCount= 109259 
 End:   Adaptation; Timer: cpu0=6.125 wall=0.819 
 Start: DistributeGridOnProcessors
 End:   DistributeGridOnProcessors, res= 0; Timer: cpu0=0.688 wall=0.190 
 Start: SetNeiHyperCells
 End:   SetNeiHyperCells, res= 0; Timer: cpu0=0.000 wall=0.008 
 Start: BuildFacetDistribution
 End:   BuildFacetDistribution; Timer: cpu0=0.000 wall=0.002 
 Start: Initialize data arrays on chips
 End:   Initialize data arrays on chips, res= 0; Timer: cpu0=0.000 wall=0.002 
  ***** Maximum Geometrical Gauss = 2.30875e-14, cell= 299:7:7:2:0
  ***** Maximum MovingSurf  Gauss = 3.75364e-14, cell= 33:3:3:2:0
 Start: Remove Small Cells
 End:   Remove Small Cells; Timer: cpu0=0.266 wall=0.020 
 Start: Initialize data arrays on chips
 End:   Initialize data arrays on chips, res= 0; Timer: cpu0=0.000 wall=0.003 
  ***** Maximum Geometrical Gauss = 2.30875e-14, cell= 299:7:7:2:0
  ***** Maximum MovingSurf  Gauss = 3.75364e-14, cell= 33:3:3:2:0
 Start: Initialize data arrays on chips
 End:   Initialize data arrays on chips, res= 0; Timer: cpu0=0.000 wall=0.002 
 Start: Modify Chip Data
 End:   Modify Chip Data; Timer: cpu0=0.344 wall=0.034 
 Start: TimeServis
 End:   TimeServis; Timer: cpu0=0.344 wall=0.045 
 Start: FindEnclaves
 End:   FindEnclaves; Timer: cpu0=0.094 wall=0.100 
 Start: VarValueService
 End:   VarValueService; Timer: cpu0=0.172 wall=0.001 
 Start: SolvePhaseEquation 
 End:   SolvePhaseEquation ; Timer: cpu0=12.359 wall=1.583 
 Start: SolidFiltersProcess: calculate forces and moments
 End:   SolidFiltersProcess: calculate forces and moments; Timer: cpu0=0.000 wall=0.002 
 Start: PrepareDataForNextStep
 End:   PrepareDataForNextStep; Timer: cpu0=0.391 wall=0.040 
 Start: VarValueService
 End:   VarValueService; Timer: cpu0=0.000 wall=0.001 
 Start: UpdateStopperData
 End:   UpdateStopperData; Timer: cpu0=0.000 wall=0.002 
 Start: Saving text status in E:\UniFlight\flow\full_rocket15_fv\data\full_rocket15.status
 End:   Saving text status in E:\UniFlight\flow\full_rocket15_fv\data\full_rocket15.status; Timer: cpu0=0.000 wall=0.002 
 End:   ===== Time Step =====, Iter number =  41; Timer: cpu0=21.438 wall=2.986 

20.06.26 15:37:00  ===== Processing Layers =====
20.06.26 15:37:00    *SEND* for CScalarLayer, GUID=7CD78E3E-90ED-43A0-9E73-BB60FDDAE621
 Start: ComputeVolumeCharacteristics
 End:   ComputeVolumeCharacteristics; Timer: cpu0=0.000 wall=0.003 
 Start: GetValueOnFacets
 End:   GetValueOnFacets; Timer: cpu0=0.172 wall=0.014 
20.06.26 15:37:00    *SEND* for CIntegralCharsLayer, GUID=4E090A0C-544B-E4A2-4242-BEC451D7CD2B
20.06.26 15:37:00    *SEND* for CIntegralCharsLayer, GUID=67F29492-B486-9BD6-015B-58123FE04E04
20.06.26 15:37:00    *SEND* for CIntegralCharsLayer, GUID=24E026D3-474F-9BDB-2BB1-A3745825FAC4
 End:   ===== Processing Layers =====; Timer: cpu0=0.172 wall=0.034 

20.06.26 15:37:00  ===== New Time Step =====, Iter number =  42
 Start: TimeServis
 End:   TimeServis; Timer: cpu0=0.344 wall=0.033 
 Start: User modules' functions BeforeTimeStep() are calling
 End:   User modules' functions BeforeTimeStep() are calling; Timer: cpu0=0.000 wall=0.002 
 Start: Adaptation, TotalRealCellsCount= 95924 
 End:   Adaptation; Timer: cpu0=0.000 wall=0.004 
 Start: Initialize data arrays on chips
 End:   Initialize data arrays on chips, res= 0; Timer: cpu0=0.000 wall=0.003 
  ***** Maximum Geometrical Gauss = 2.30875e-14, cell= 299:7:7:2:0
  ***** Maximum MovingSurf  Gauss = 0, cell= 
 Start: Initialize data arrays on chips
 End:   Initialize data arrays on chips, res= 0; Timer: cpu0=0.000 wall=0.001 
 Start: TimeServis
 End:   TimeServis; Timer: cpu0=0.203 wall=0.032 
 Start: FindEnclaves
 End:   FindEnclaves; Timer: cpu0=0.078 wall=0.078 
 Start: VarValueService
 End:   VarValueService; Timer: cpu0=0.000 wall=0.001 
 Start: SolvePhaseEquation 
 End:   SolvePhaseEquation ; Timer: cpu0=12.109 wall=1.508 
 Start: SolidFiltersProcess: calculate forces and moments
 End:   SolidFiltersProcess: calculate forces and moments; Timer: cpu0=0.000 wall=0.001 
 Start: PrepareDataForNextStep
 End:   PrepareDataForNextStep; Timer: cpu0=0.312 wall=0.038 
 Start: VarValueService
 End:   VarValueService; Timer: cpu0=0.000 wall=0.002 
 Start: UpdateStopperData
 End:   UpdateStopperData; Timer: cpu0=0.000 wall=0.001 
 Start: Saving text status in E:\UniFlight\flow\full_rocket15_fv\data\full_rocket15.status
 End:   Saving text status in E:\UniFlight\flow\full_rocket15_fv\data\full_rocket15.status; Timer: cpu0=0.000 wall=0.003 
 End:   ===== Time Step =====, Iter number =  42; Timer: cpu0=13.219 wall=1.761 

20.06.26 15:37:02  ===== Processing Layers =====
20.06.26 15:37:02    *SEND* for CScalarLayer, GUID=7CD78E3E-90ED-43A0-9E73-BB60FDDAE621
 Start: ComputeVolumeCharacteristics
 End:   ComputeVolumeCharacteristics; Timer: cpu0=0.000 wall=0.004 
 Start: GetValueOnFacets
 End:   GetValueOnFacets; Timer: cpu0=0.141 wall=0.016 
20.06.26 15:37:02    *SEND* for CIntegralCharsLayer, GUID=4E090A0C-544B-E4A2-4242-BEC451D7CD2B
20.06.26 15:37:02    *SEND* for CIntegralCharsLayer, GUID=67F29492-B486-9BD6-015B-58123FE04E04
20.06.26 15:37:02    *SEND* for CIntegralCharsLayer, GUID=24E026D3-474F-9BDB-2BB1-A3745825FAC4
 End:   ===== Processing Layers =====; Timer: cpu0=0.141 wall=0.039 

20.06.26 15:37:02  ===== New Time Step =====, Iter number =  43
 Start: TimeServis
 End:   TimeServis; Timer: cpu0=0.234 wall=0.030 
 Start: User modules' functions BeforeTimeStep() are calling
 End:   User modules' functions BeforeTimeStep() are calling; Timer: cpu0=0.000 wall=0.003 
 Start: Adaptation, TotalRealCellsCount= 95924 
 End:   Adaptation; Timer: cpu0=0.156 wall=0.004 
 Start: Initialize data arrays on chips
 End:   Initialize data arrays on chips, res= 0; Timer: cpu0=0.000 wall=0.003 
  ***** Maximum Geometrical Gauss = 2.30875e-14, cell= 299:7:7:2:0
  ***** Maximum MovingSurf  Gauss = 0, cell= 
 Start: Initialize data arrays on chips
 End:   Initialize data arrays on chips, res= 0; Timer: cpu0=0.000 wall=0.002 
 Start: TimeServis
 End:   TimeServis; Timer: cpu0=0.344 wall=0.038 
 Start: FindEnclaves
 End:   FindEnclaves; Timer: cpu0=0.078 wall=0.081 
 Start: VarValueService
 End:   VarValueService; Timer: cpu0=0.000 wall=0.001 
 Start: SolvePhaseEquation 
 End:   SolvePhaseEquation ; Timer: cpu0=10.875 wall=1.385 
 Start: SolidFiltersProcess: calculate forces and moments
 End:   SolidFiltersProcess: calculate forces and moments; Timer: cpu0=0.000 wall=0.002 
 Start: PrepareDataForNextStep
 End:   PrepareDataForNextStep; Timer: cpu0=0.469 wall=0.038 
 Start: VarValueService
 End:   VarValueService; Timer: cpu0=0.000 wall=0.002 
 Start: UpdateStopperData
 End:   UpdateStopperData; Timer: cpu0=0.000 wall=0.001 
 Start: Saving text status in E:\UniFlight\flow\full_rocket15_fv\data\full_rocket15.status
 End:   Saving text status in E:\UniFlight\flow\full_rocket15_fv\data\full_rocket15.status; Timer: cpu0=0.000 wall=0.003 
 End:   ===== Time Step =====, Iter number =  43; Timer: cpu0=12.500 wall=1.653 

20.06.26 15:37:04  ===== Processing Layers =====
20.06.26 15:37:04    *SEND* for CScalarLayer, GUID=7CD78E3E-90ED-43A0-9E73-BB60FDDAE621
 Start: ComputeVolumeCharacteristics
 End:   ComputeVolumeCharacteristics; Timer: cpu0=0.000 wall=0.003 
 Start: GetValueOnFacets
 End:   GetValueOnFacets; Timer: cpu0=0.016 wall=0.014 
20.06.26 15:37:04    *SEND* for CIntegralCharsLayer, GUID=4E090A0C-544B-E4A2-4242-BEC451D7CD2B
20.06.26 15:37:04    *SEND* for CIntegralCharsLayer, GUID=67F29492-B486-9BD6-015B-58123FE04E04
20.06.26 15:37:04    *SEND* for CIntegralCharsLayer, GUID=24E026D3-474F-9BDB-2BB1-A3745825FAC4
 End:   ===== Processing Layers =====; Timer: cpu0=0.016 wall=0.034 

20.06.26 15:37:04  ===== New Time Step =====, Iter number =  44
 Start: TimeServis
 End:   TimeServis; Timer: cpu0=0.344 wall=0.033 
 Start: User modules' functions BeforeTimeStep() are calling
 End:   User modules' functions BeforeTimeStep() are calling; Timer: cpu0=0.000 wall=0.002 
 Start: Adaptation, TotalRealCellsCount= 95924 
 End:   Adaptation; Timer: cpu0=0.094 wall=0.004 
 Start: Initialize data arrays on chips
 End:   Initialize data arrays on chips, res= 0; Timer: cpu0=0.000 wall=0.003 
  ***** Maximum Geometrical Gauss = 2.30875e-14, cell= 299:7:7:2:0
  ***** Maximum MovingSurf  Gauss = 0, cell= 
 Start: Initialize data arrays on chips
 End:   Initialize data arrays on chips, res= 0; Timer: cpu0=0.000 wall=0.002 
 Start: TimeServis
 End:   TimeServis; Timer: cpu0=0.344 wall=0.036 
 Start: FindEnclaves
 End:   FindEnclaves; Timer: cpu0=0.234 wall=0.089 
 Start: VarValueService
 End:   VarValueService; Timer: cpu0=0.000 wall=0.002 
 Start: SolvePhaseEquation 
 End:   SolvePhaseEquation ; Timer: cpu0=11.906 wall=1.427 
 Start: SolidFiltersProcess: calculate forces and moments
 End:   SolidFiltersProcess: calculate forces and moments; Timer: cpu0=0.000 wall=0.002 
 Start: PrepareDataForNextStep
 End:   PrepareDataForNextStep; Timer: cpu0=0.312 wall=0.037 
 Start: VarValueService
 End:   VarValueService; Timer: cpu0=0.000 wall=0.001 
 Start: UpdateStopperData
 End:   UpdateStopperData; Timer: cpu0=0.000 wall=0.001 
 Start: Saving text status in E:\UniFlight\flow\full_rocket15_fv\data\full_rocket15.status
 End:   Saving text status in E:\UniFlight\flow\full_rocket15_fv\data\full_rocket15.status; Timer: cpu0=0.000 wall=0.003 
 End:   ===== Time Step =====, Iter number =  44; Timer: cpu0=13.406 wall=1.697 

20.06.26 15:37:06  ===== Processing Layers =====
20.06.26 15:37:06    *SEND* for CScalarLayer, GUID=7CD78E3E-90ED-43A0-9E73-BB60FDDAE621
 Start: ComputeVolumeCharacteristics
 End:   ComputeVolumeCharacteristics; Timer: cpu0=0.000 wall=0.005 
 Start: GetValueOnFacets
 End:   GetValueOnFacets; Timer: cpu0=0.016 wall=0.014 
20.06.26 15:37:06    *SEND* for CIntegralCharsLayer, GUID=4E090A0C-544B-E4A2-4242-BEC451D7CD2B
20.06.26 15:37:06    *SEND* for CIntegralCharsLayer, GUID=67F29492-B486-9BD6-015B-58123FE04E04
20.06.26 15:37:06    *SEND* for CIntegralCharsLayer, GUID=24E026D3-474F-9BDB-2BB1-A3745825FAC4
 End:   ===== Processing Layers =====; Timer: cpu0=0.016 wall=0.037 

20.06.26 15:37:06  ===== New Time Step =====, Iter number =  45
 Start: TimeServis
 End:   TimeServis; Timer: cpu0=0.344 wall=0.031 
 Start: User modules' functions BeforeTimeStep() are calling
 End:   User modules' functions BeforeTimeStep() are calling; Timer: cpu0=0.000 wall=0.001 
 Start: Adaptation, TotalRealCellsCount= 95924 
 End:   Adaptation; Timer: cpu0=0.000 wall=0.004 
 Start: Initialize data arrays on chips
 End:   Initialize data arrays on chips, res= 0; Timer: cpu0=0.000 wall=0.002 
  ***** Maximum Geometrical Gauss = 2.30875e-14, cell= 299:7:7:2:0
  ***** Maximum MovingSurf  Gauss = 0, cell= 
 Start: Initialize data arrays on chips
 End:   Initialize data arrays on chips, res= 0; Timer: cpu0=0.000 wall=0.002 
 Start: TimeServis
 End:   TimeServis; Timer: cpu0=0.344 wall=0.035 
 Start: FindEnclaves
 End:   FindEnclaves; Timer: cpu0=0.078 wall=0.079 
 Start: VarValueService
 End:   VarValueService; Timer: cpu0=0.000 wall=0.002 
 Start: SolvePhaseEquation 
 End:   SolvePhaseEquation ; Timer: cpu0=12.172 wall=1.428 
 Start: SolidFiltersProcess: calculate forces and moments
 End:   SolidFiltersProcess: calculate forces and moments; Timer: cpu0=0.000 wall=0.002 
 Start: PrepareDataForNextStep
 End:   PrepareDataForNextStep; Timer: cpu0=0.234 wall=0.041 
 Start: VarValueService
 End:   VarValueService; Timer: cpu0=0.000 wall=0.001 
 Start: UpdateStopperData
 End:   UpdateStopperData; Timer: cpu0=0.000 wall=0.001 
 Start: Saving text status in E:\UniFlight\flow\full_rocket15_fv\data\full_rocket15.status
 End:   Saving text status in E:\UniFlight\flow\full_rocket15_fv\data\full_rocket15.status; Timer: cpu0=0.000 wall=0.004 
 End:   ===== Time Step =====, Iter number =  45; Timer: cpu0=13.469 wall=1.696 

20.06.26 15:37:08  ===== Processing Layers =====
20.06.26 15:37:08    *SEND* for CScalarLayer, GUID=7CD78E3E-90ED-43A0-9E73-BB60FDDAE621
 Start: ComputeVolumeCharacteristics
 End:   ComputeVolumeCharacteristics; Timer: cpu0=0.000 wall=0.004 
 Start: GetValueOnFacets
 End:   GetValueOnFacets; Timer: cpu0=0.078 wall=0.014 
20.06.26 15:37:08    *SEND* for CIntegralCharsLayer, GUID=4E090A0C-544B-E4A2-4242-BEC451D7CD2B
20.06.26 15:37:08    *SEND* for CIntegralCharsLayer, GUID=67F29492-B486-9BD6-015B-58123FE04E04
20.06.26 15:37:08    *SEND* for CIntegralCharsLayer, GUID=24E026D3-474F-9BDB-2BB1-A3745825FAC4
 End:   ===== Processing Layers =====; Timer: cpu0=0.078 wall=0.035 

20.06.26 15:37:08  ===== New Time Step =====, Iter number =  46
 Start: TimeServis
 End:   TimeServis; Timer: cpu0=0.344 wall=0.033 
 Start: User modules' functions BeforeTimeStep() are calling
 End:   User modules' functions BeforeTimeStep() are calling; Timer: cpu0=0.000 wall=0.002 
 Start: Adaptation, TotalRealCellsCount= 95924 
 End:   Adaptation; Timer: cpu0=0.000 wall=0.005 
 Start: Initialize data arrays on chips
 End:   Initialize data arrays on chips, res= 0; Timer: cpu0=0.000 wall=0.002 
  ***** Maximum Geometrical Gauss = 2.30875e-14, cell= 299:7:7:2:0
  ***** Maximum MovingSurf  Gauss = 0, cell= 
 Start: Initialize data arrays on chips
 End:   Initialize data arrays on chips, res= 0; Timer: cpu0=0.000 wall=0.002 
 Start: TimeServis
 End:   TimeServis; Timer: cpu0=0.344 wall=0.031 
 Start: FindEnclaves
 End:   FindEnclaves; Timer: cpu0=0.062 wall=0.078 
 Start: VarValueService
 End:   VarValueService; Timer: cpu0=0.000 wall=0.001 
 Start: SolvePhaseEquation 
 End:   SolvePhaseEquation ; Timer: cpu0=11.297 wall=1.400 
 Start: SolidFiltersProcess: calculate forces and moments
 End:   SolidFiltersProcess: calculate forces and moments; Timer: cpu0=0.000 wall=0.002 
 Start: PrepareDataForNextStep
 End:   PrepareDataForNextStep; Timer: cpu0=0.250 wall=0.039 
 Start: VarValueService
 End:   VarValueService; Timer: cpu0=0.000 wall=0.002 
 Start: UpdateStopperData
 End:   UpdateStopperData; Timer: cpu0=0.000 wall=0.001 
 Start: Saving text status in E:\UniFlight\flow\full_rocket15_fv\data\full_rocket15.status
 End:   Saving text status in E:\UniFlight\flow\full_rocket15_fv\data\full_rocket15.status; Timer: cpu0=0.000 wall=0.002 
 End:   ===== Time Step =====, Iter number =  46; Timer: cpu0=12.469 wall=1.656 

20.06.26 15:37:10  ===== Processing Layers =====
20.06.26 15:37:10    *SEND* for CScalarLayer, GUID=7CD78E3E-90ED-43A0-9E73-BB60FDDAE621
 Start: ComputeVolumeCharacteristics
 End:   ComputeVolumeCharacteristics; Timer: cpu0=0.000 wall=0.004 
 Start: GetValueOnFacets
 End:   GetValueOnFacets; Timer: cpu0=0.016 wall=0.015 
20.06.26 15:37:10    *SEND* for CIntegralCharsLayer, GUID=4E090A0C-544B-E4A2-4242-BEC451D7CD2B
20.06.26 15:37:10    *SEND* for CIntegralCharsLayer, GUID=67F29492-B486-9BD6-015B-58123FE04E04
20.06.26 15:37:10    *SEND* for CIntegralCharsLayer, GUID=24E026D3-474F-9BDB-2BB1-A3745825FAC4
 End:   ===== Processing Layers =====; Timer: cpu0=0.016 wall=0.035 

20.06.26 15:37:10  ===== New Time Step =====, Iter number =  47
 Start: TimeServis
 End:   TimeServis; Timer: cpu0=0.328 wall=0.035 
 Start: User modules' functions BeforeTimeStep() are calling
 End:   User modules' functions BeforeTimeStep() are calling; Timer: cpu0=0.000 wall=0.002 
 Start: Adaptation, TotalRealCellsCount= 95924 
 End:   Adaptation; Timer: cpu0=0.172 wall=0.004 
 Start: Initialize data arrays on chips
 End:   Initialize data arrays on chips, res= 0; Timer: cpu0=0.000 wall=0.002 
  ***** Maximum Geometrical Gauss = 2.30875e-14, cell= 299:7:7:2:0
  ***** Maximum MovingSurf  Gauss = 0, cell= 
 Start: Initialize data arrays on chips
 End:   Initialize data arrays on chips, res= 0; Timer: cpu0=0.000 wall=0.002 
 Start: TimeServis
 End:   TimeServis; Timer: cpu0=0.344 wall=0.037 
 Start: FindEnclaves
 End:   FindEnclaves; Timer: cpu0=0.094 wall=0.082 
 Start: VarValueService
 End:   VarValueService; Timer: cpu0=0.000 wall=0.001 
 Start: SolvePhaseEquation 
 End:   SolvePhaseEquation ; Timer: cpu0=11.250 wall=1.417 
 Start: SolidFiltersProcess: calculate forces and moments
 End:   SolidFiltersProcess: calculate forces and moments; Timer: cpu0=0.000 wall=0.002 
 Start: PrepareDataForNextStep
 End:   PrepareDataForNextStep; Timer: cpu0=0.344 wall=0.035 
 Start: VarValueService
 End:   VarValueService; Timer: cpu0=0.000 wall=0.002 
 Start: UpdateStopperData
 End:   UpdateStopperData; Timer: cpu0=0.000 wall=0.000 
 Start: Saving text status in E:\UniFlight\flow\full_rocket15_fv\data\full_rocket15.status
 End:   Saving text status in E:\UniFlight\flow\full_rocket15_fv\data\full_rocket15.status; Timer: cpu0=0.000 wall=0.002 
 End:   ===== Time Step =====, Iter number =  47; Timer: cpu0=12.688 wall=1.684 

20.06.26 15:37:12  ===== Processing Layers =====
20.06.26 15:37:12    *SEND* for CScalarLayer, GUID=7CD78E3E-90ED-43A0-9E73-BB60FDDAE621
 Start: ComputeVolumeCharacteristics
 End:   ComputeVolumeCharacteristics; Timer: cpu0=0.000 wall=0.004 
 Start: GetValueOnFacets
 End:   GetValueOnFacets; Timer: cpu0=0.047 wall=0.013 
20.06.26 15:37:12    *SEND* for CIntegralCharsLayer, GUID=4E090A0C-544B-E4A2-4242-BEC451D7CD2B
20.06.26 15:37:12    *SEND* for CIntegralCharsLayer, GUID=67F29492-B486-9BD6-015B-58123FE04E04
20.06.26 15:37:12    *SEND* for CIntegralCharsLayer, GUID=24E026D3-474F-9BDB-2BB1-A3745825FAC4
 End:   ===== Processing Layers =====; Timer: cpu0=0.203 wall=0.032 

20.06.26 15:37:12  ===== New Time Step =====, Iter number =  48
 Start: TimeServis
 End:   TimeServis; Timer: cpu0=0.344 wall=0.035 
 Start: User modules' functions BeforeTimeStep() are calling
 End:   User modules' functions BeforeTimeStep() are calling; Timer: cpu0=0.000 wall=0.002 
 Start: Adaptation, TotalRealCellsCount= 95924 
 End:   Adaptation; Timer: cpu0=0.000 wall=0.004 
 Start: Initialize data arrays on chips
 End:   Initialize data arrays on chips, res= 0; Timer: cpu0=0.000 wall=0.003 
  ***** Maximum Geometrical Gauss = 2.30875e-14, cell= 299:7:7:2:0
  ***** Maximum MovingSurf  Gauss = 0, cell= 
 Start: Initialize data arrays on chips
 End:   Initialize data arrays on chips, res= 0; Timer: cpu0=0.000 wall=0.002 
 Start: TimeServis
 End:   TimeServis; Timer: cpu0=0.344 wall=0.035 
 Start: FindEnclaves
 End:   FindEnclaves; Timer: cpu0=0.078 wall=0.085 
 Start: VarValueService
 End:   VarValueService; Timer: cpu0=0.000 wall=0.001 
 Start: SolvePhaseEquation 
 End:   SolvePhaseEquation ; Timer: cpu0=11.844 wall=1.395 
 Start: SolidFiltersProcess: calculate forces and moments
 End:   SolidFiltersProcess: calculate forces and moments; Timer: cpu0=0.000 wall=0.002 
 Start: PrepareDataForNextStep
 End:   PrepareDataForNextStep; Timer: cpu0=0.172 wall=0.041 
 Start: VarValueService
 End:   VarValueService; Timer: cpu0=0.000 wall=0.002 
 Start: UpdateStopperData
 End:   UpdateStopperData; Timer: cpu0=0.000 wall=0.001 
 Start: Saving text status in E:\UniFlight\flow\full_rocket15_fv\data\full_rocket15.status
 End:   Saving text status in E:\UniFlight\flow\full_rocket15_fv\data\full_rocket15.status; Timer: cpu0=0.000 wall=0.002 
 End:   ===== Time Step =====, Iter number =  48; Timer: cpu0=13.078 wall=1.668 

20.06.26 15:37:14  ===== Processing Layers =====
20.06.26 15:37:14    *SEND* for CScalarLayer, GUID=7CD78E3E-90ED-43A0-9E73-BB60FDDAE621
 Start: ComputeVolumeCharacteristics
 End:   ComputeVolumeCharacteristics; Timer: cpu0=0.000 wall=0.005 
 Start: GetValueOnFacets
 End:   GetValueOnFacets; Timer: cpu0=0.000 wall=0.015 
20.06.26 15:37:14    *SEND* for CIntegralCharsLayer, GUID=4E090A0C-544B-E4A2-4242-BEC451D7CD2B
20.06.26 15:37:14    *SEND* for CIntegralCharsLayer, GUID=67F29492-B486-9BD6-015B-58123FE04E04
20.06.26 15:37:14    *SEND* for CIntegralCharsLayer, GUID=24E026D3-474F-9BDB-2BB1-A3745825FAC4
 End:   ===== Processing Layers =====; Timer: cpu0=0.016 wall=0.036 

20.06.26 15:37:14  ===== New Time Step =====, Iter number =  49
 Start: TimeServis
 End:   TimeServis; Timer: cpu0=0.312 wall=0.033 
 Start: User modules' functions BeforeTimeStep() are calling
 End:   User modules' functions BeforeTimeStep() are calling; Timer: cpu0=0.000 wall=0.001 
 Start: Adaptation, TotalRealCellsCount= 95924 
 End:   Adaptation; Timer: cpu0=0.125 wall=0.004 
 Start: Initialize data arrays on chips
 End:   Initialize data arrays on chips, res= 0; Timer: cpu0=0.000 wall=0.004 
  ***** Maximum Geometrical Gauss = 2.30875e-14, cell= 299:7:7:2:0
  ***** Maximum MovingSurf  Gauss = 0, cell= 
 Start: Initialize data arrays on chips
 End:   Initialize data arrays on chips, res= 0; Timer: cpu0=0.000 wall=0.002 
 Start: TimeServis
 End:   TimeServis; Timer: cpu0=0.453 wall=0.045 
 Start: FindEnclaves
 End:   FindEnclaves; Timer: cpu0=0.250 wall=0.088 
 Start: VarValueService
 End:   VarValueService; Timer: cpu0=0.000 wall=0.002 
 Start: SolvePhaseEquation 
 End:   SolvePhaseEquation ; Timer: cpu0=10.688 wall=1.356 
 Start: SolidFiltersProcess: calculate forces and moments
 End:   SolidFiltersProcess: calculate forces and moments; Timer: cpu0=0.000 wall=0.002 
 Start: PrepareDataForNextStep
 End:   PrepareDataForNextStep; Timer: cpu0=0.328 wall=0.043 
 Start: VarValueService
 End:   VarValueService; Timer: cpu0=0.000 wall=0.002 
 Start: UpdateStopperData
 End:   UpdateStopperData; Timer: cpu0=0.000 wall=0.002 
 Start: Saving text status in E:\UniFlight\flow\full_rocket15_fv\data\full_rocket15.status
 End:   Saving text status in E:\UniFlight\flow\full_rocket15_fv\data\full_rocket15.status; Timer: cpu0=0.000 wall=0.003 
 End:   ===== Time Step =====, Iter number =  49; Timer: cpu0=12.500 wall=1.651 

 Start: Saving values
 End:   Saving values, res= 0; Timer: cpu0=0.891 wall=0.101 
 Start: Saving grid
 End:   Saving grid, res= 0; Timer: cpu0=0.844 wall=0.097 
 Start: Saving grid index
 End:   Saving grid index, res= 0; Timer: cpu0=0.000 wall=0.002 
20.06.26 15:37:16  ===== Processing Layers =====
20.06.26 15:37:16    *SEND* for CScalarLayer, GUID=7CD78E3E-90ED-43A0-9E73-BB60FDDAE621
 Start: ComputeVolumeCharacteristics
 End:   ComputeVolumeCharacteristics; Timer: cpu0=0.172 wall=0.004 
 Start: GetValueOnFacets
 End:   GetValueOnFacets; Timer: cpu0=0.000 wall=0.013 
20.06.26 15:37:16    *SEND* for CIntegralCharsLayer, GUID=4E090A0C-544B-E4A2-4242-BEC451D7CD2B
20.06.26 15:37:16    *SEND* for CIntegralCharsLayer, GUID=67F29492-B486-9BD6-015B-58123FE04E04
20.06.26 15:37:16    *SEND* for CIntegralCharsLayer, GUID=24E026D3-474F-9BDB-2BB1-A3745825FAC4
 End:   ===== Processing Layers =====; Timer: cpu0=0.172 wall=0.032 

20.06.26 15:37:16  ===== New Time Step =====, Iter number =  50
 Start: TimeServis
 End:   TimeServis; Timer: cpu0=0.344 wall=0.037 
 Start: User modules' functions BeforeTimeStep() are calling
 End:   User modules' functions BeforeTimeStep() are calling; Timer: cpu0=0.000 wall=0.003 
 Start: Adaptation, TotalRealCellsCount= 95924 
 End:   Adaptation; Timer: cpu0=5.672 wall=0.781 
 Start: DistributeGridOnProcessors
 End:   DistributeGridOnProcessors, res= 0; Timer: cpu0=0.797 wall=0.226 
 Start: SetNeiHyperCells
 End:   SetNeiHyperCells, res= 0; Timer: cpu0=0.172 wall=0.007 
 Start: BuildFacetDistribution
 End:   BuildFacetDistribution; Timer: cpu0=0.000 wall=0.002 
 Start: Initialize data arrays on chips
 End:   Initialize data arrays on chips, res= 0; Timer: cpu0=0.000 wall=0.002 
  ***** Maximum Geometrical Gauss = 2.30875e-14, cell= 390:2:6:3:0
  ***** Maximum MovingSurf  Gauss = 3.75364e-14, cell= 33:3:3:0
 Start: Remove Small Cells
 End:   Remove Small Cells; Timer: cpu0=0.328 wall=0.023 
 Start: Initialize data arrays on chips
 End:   Initialize data arrays on chips, res= 0; Timer: cpu0=0.000 wall=0.002 
  ***** Maximum Geometrical Gauss = 2.30875e-14, cell= 390:2:6:3:0
  ***** Maximum MovingSurf  Gauss = 3.75364e-14, cell= 33:3:3:0
 Start: Initialize data arrays on chips
 End:   Initialize data arrays on chips, res= 0; Timer: cpu0=0.000 wall=0.003 
 Start: Modify Chip Data
 End:   Modify Chip Data; Timer: cpu0=0.344 wall=0.041 
 Start: TimeServis
 End:   TimeServis; Timer: cpu0=0.641 wall=0.054 
 Start: FindEnclaves
 End:   FindEnclaves; Timer: cpu0=0.109 wall=0.112 
 Start: VarValueService
 End:   VarValueService; Timer: cpu0=0.000 wall=0.001 
 Start: SolvePhaseEquation 
 End:   SolvePhaseEquation ; Timer: cpu0=14.016 wall=1.658 
 Start: SolidFiltersProcess: calculate forces and moments
 End:   SolidFiltersProcess: calculate forces and moments; Timer: cpu0=0.000 wall=0.002 
 Start: PrepareDataForNextStep
 End:   PrepareDataForNextStep; Timer: cpu0=0.219 wall=0.047 
 Start: VarValueService
 End:   VarValueService; Timer: cpu0=0.000 wall=0.002 
 Start: UpdateStopperData
 End:   UpdateStopperData; Timer: cpu0=0.000 wall=0.002 
 Start: Saving text status in E:\UniFlight\flow\full_rocket15_fv\data\full_rocket15.status
 End:   Saving text status in E:\UniFlight\flow\full_rocket15_fv\data\full_rocket15.status; Timer: cpu0=0.000 wall=0.003 
 End:   ===== Time Step =====, Iter number =  50; Timer: cpu0=22.984 wall=3.097 

20.06.26 15:37:20  ===== Processing Layers =====
20.06.26 15:37:20    *SEND* for CScalarLayer, GUID=7CD78E3E-90ED-43A0-9E73-BB60FDDAE621
 Start: ComputeVolumeCharacteristics
 End:   ComputeVolumeCharacteristics; Timer: cpu0=0.000 wall=0.005 
 Start: GetValueOnFacets
 End:   GetValueOnFacets; Timer: cpu0=0.047 wall=0.018 
20.06.26 15:37:20    *SEND* for CIntegralCharsLayer, GUID=4E090A0C-544B-E4A2-4242-BEC451D7CD2B
20.06.26 15:37:20    *SEND* for CIntegralCharsLayer, GUID=67F29492-B486-9BD6-015B-58123FE04E04
20.06.26 15:37:20    *SEND* for CIntegralCharsLayer, GUID=24E026D3-474F-9BDB-2BB1-A3745825FAC4
 End:   ===== Processing Layers =====; Timer: cpu0=0.047 wall=0.040 

20.06.26 15:37:20  ===== New Time Step =====, Iter number =  51
 Start: TimeServis
 End:   TimeServis; Timer: cpu0=0.328 wall=0.034 
 Start: User modules' functions BeforeTimeStep() are calling
 End:   User modules' functions BeforeTimeStep() are calling; Timer: cpu0=0.000 wall=0.002 
 Start: Adaptation, TotalRealCellsCount= 108804 
 End:   Adaptation; Timer: cpu0=6.375 wall=0.830 
 Start: DistributeGridOnProcessors
 End:   DistributeGridOnProcessors, res= 0; Timer: cpu0=0.672 wall=0.206 
 Start: SetNeiHyperCells
 End:   SetNeiHyperCells, res= 0; Timer: cpu0=0.000 wall=0.006 
 Start: BuildFacetDistribution
 End:   BuildFacetDistribution; Timer: cpu0=0.000 wall=0.002 
 Start: Initialize data arrays on chips
 End:   Initialize data arrays on chips, res= 0; Timer: cpu0=0.000 wall=0.002 
  ***** Maximum Geometrical Gauss = 2.17193e-14, cell= 490:2:2:3:0
  ***** Maximum MovingSurf  Gauss = 8.06856e-15, cell= 696:2:6:0
 Start: Remove Small Cells
 End:   Remove Small Cells; Timer: cpu0=0.172 wall=0.018 
 Start: Initialize data arrays on chips
 End:   Initialize data arrays on chips, res= 0; Timer: cpu0=0.000 wall=0.002 
  ***** Maximum Geometrical Gauss = 2.17193e-14, cell= 490:2:2:3:0
  ***** Maximum MovingSurf  Gauss = 8.06856e-15, cell= 696:2:6:0
 Start: Initialize data arrays on chips
 End:   Initialize data arrays on chips, res= 0; Timer: cpu0=0.000 wall=0.001 
 Start: Modify Chip Data
 End:   Modify Chip Data; Timer: cpu0=0.328 wall=0.032 
 Start: TimeServis
 End:   TimeServis; Timer: cpu0=0.453 wall=0.052 
 Start: FindEnclaves
 End:   FindEnclaves; Timer: cpu0=0.250 wall=0.093 
 Start: VarValueService
 End:   VarValueService; Timer: cpu0=0.000 wall=0.001 
 Start: SolvePhaseEquation 
 End:   SolvePhaseEquation ; Timer: cpu0=11.484 wall=1.390 
 Start: SolidFiltersProcess: calculate forces and moments
 End:   SolidFiltersProcess: calculate forces and moments; Timer: cpu0=0.000 wall=0.001 
 Start: PrepareDataForNextStep
 End:   PrepareDataForNextStep; Timer: cpu0=0.188 wall=0.035 
 Start: VarValueService
 End:   VarValueService; Timer: cpu0=0.172 wall=0.002 
 Start: UpdateStopperData
 End:   UpdateStopperData; Timer: cpu0=0.000 wall=0.001 
 Start: Saving text status in E:\UniFlight\flow\full_rocket15_fv\data\full_rocket15.status
 End:   Saving text status in E:\UniFlight\flow\full_rocket15_fv\data\full_rocket15.status; Timer: cpu0=0.000 wall=0.002 
 End:   ===== Time Step =====, Iter number =  51; Timer: cpu0=20.938 wall=2.802 

20.06.26 15:37:23  ===== Processing Layers =====
20.06.26 15:37:23    *SEND* for CScalarLayer, GUID=7CD78E3E-90ED-43A0-9E73-BB60FDDAE621
 Start: ComputeVolumeCharacteristics
 End:   ComputeVolumeCharacteristics; Timer: cpu0=0.000 wall=0.004 
 Start: GetValueOnFacets
 End:   GetValueOnFacets; Timer: cpu0=0.016 wall=0.012 
20.06.26 15:37:23    *SEND* for CIntegralCharsLayer, GUID=4E090A0C-544B-E4A2-4242-BEC451D7CD2B
20.06.26 15:37:23    *SEND* for CIntegralCharsLayer, GUID=67F29492-B486-9BD6-015B-58123FE04E04
20.06.26 15:37:23    *SEND* for CIntegralCharsLayer, GUID=24E026D3-474F-9BDB-2BB1-A3745825FAC4
 End:   ===== Processing Layers =====; Timer: cpu0=0.016 wall=0.032 

20.06.26 15:37:23  ===== New Time Step =====, Iter number =  52
 Start: TimeServis
 End:   TimeServis; Timer: cpu0=0.281 wall=0.033 
 Start: User modules' functions BeforeTimeStep() are calling
 End:   User modules' functions BeforeTimeStep() are calling; Timer: cpu0=0.000 wall=0.002 
 Start: Adaptation, TotalRealCellsCount= 95595 
 End:   Adaptation; Timer: cpu0=0.000 wall=0.005 
 Start: Initialize data arrays on chips
 End:   Initialize data arrays on chips, res= 0; Timer: cpu0=0.000 wall=0.002 
  ***** Maximum Geometrical Gauss = 2.17193e-14, cell= 490:2:2:3:0
  ***** Maximum MovingSurf  Gauss = 0, cell= 
 Start: Initialize data arrays on chips
 End:   Initialize data arrays on chips, res= 0; Timer: cpu0=0.000 wall=0.003 
 Start: TimeServis
 End:   TimeServis; Timer: cpu0=0.234 wall=0.039 
 Start: FindEnclaves
 End:   FindEnclaves; Timer: cpu0=0.078 wall=0.083 
 Start: VarValueService
 End:   VarValueService; Timer: cpu0=0.000 wall=0.001 
 Start: SolvePhaseEquation 
 End:   SolvePhaseEquation ; Timer: cpu0=11.719 wall=1.383 
 Start: SolidFiltersProcess: calculate forces and moments
 End:   SolidFiltersProcess: calculate forces and moments; Timer: cpu0=0.000 wall=0.001 
 Start: PrepareDataForNextStep
 End:   PrepareDataForNextStep; Timer: cpu0=0.250 wall=0.037 
 Start: VarValueService
 End:   VarValueService; Timer: cpu0=0.000 wall=0.002 
 Start: UpdateStopperData
 End:   UpdateStopperData; Timer: cpu0=0.000 wall=0.001 
 Start: Saving text status in E:\UniFlight\flow\full_rocket15_fv\data\full_rocket15.status
 End:   Saving text status in E:\UniFlight\flow\full_rocket15_fv\data\full_rocket15.status; Timer: cpu0=0.000 wall=0.002 
 End:   ===== Time Step =====, Iter number =  52; Timer: cpu0=12.891 wall=1.652 

20.06.26 15:37:25  ===== Processing Layers =====
20.06.26 15:37:25    *SEND* for CScalarLayer, GUID=7CD78E3E-90ED-43A0-9E73-BB60FDDAE621
 Start: ComputeVolumeCharacteristics
 End:   ComputeVolumeCharacteristics; Timer: cpu0=0.156 wall=0.004 
 Start: GetValueOnFacets
 End:   GetValueOnFacets; Timer: cpu0=0.078 wall=0.014 
20.06.26 15:37:25    *SEND* for CIntegralCharsLayer, GUID=4E090A0C-544B-E4A2-4242-BEC451D7CD2B
20.06.26 15:37:25    *SEND* for CIntegralCharsLayer, GUID=67F29492-B486-9BD6-015B-58123FE04E04
20.06.26 15:37:25    *SEND* for CIntegralCharsLayer, GUID=24E026D3-474F-9BDB-2BB1-A3745825FAC4
 End:   ===== Processing Layers =====; Timer: cpu0=0.234 wall=0.036 

20.06.26 15:37:25  ===== New Time Step =====, Iter number =  53
 Start: TimeServis
 End:   TimeServis; Timer: cpu0=0.328 wall=0.030 
 Start: User modules' functions BeforeTimeStep() are calling
 End:   User modules' functions BeforeTimeStep() are calling; Timer: cpu0=0.000 wall=0.002 
 Start: Adaptation, TotalRealCellsCount= 95595 
 End:   Adaptation; Timer: cpu0=0.172 wall=0.005 
 Start: Initialize data arrays on chips
 End:   Initialize data arrays on chips, res= 0; Timer: cpu0=0.000 wall=0.002 
  ***** Maximum Geometrical Gauss = 2.17193e-14, cell= 490:2:2:3:0
  ***** Maximum MovingSurf  Gauss = 0, cell= 
 Start: Initialize data arrays on chips
 End:   Initialize data arrays on chips, res= 0; Timer: cpu0=0.000 wall=0.001 
 Start: TimeServis
 End:   TimeServis; Timer: cpu0=0.328 wall=0.036 
 Start: FindEnclaves
 End:   FindEnclaves; Timer: cpu0=0.078 wall=0.084 
 Start: VarValueService
 End:   VarValueService; Timer: cpu0=0.000 wall=0.001 
 Start: SolvePhaseEquation 
 End:   SolvePhaseEquation ; Timer: cpu0=10.828 wall=1.371 
 Start: SolidFiltersProcess: calculate forces and moments
 End:   SolidFiltersProcess: calculate forces and moments; Timer: cpu0=0.000 wall=0.002 
 Start: PrepareDataForNextStep
 End:   PrepareDataForNextStep; Timer: cpu0=0.219 wall=0.036 
 Start: VarValueService
 End:   VarValueService; Timer: cpu0=0.000 wall=0.001 
 Start: UpdateStopperData
 End:   UpdateStopperData; Timer: cpu0=0.000 wall=0.002 
 Start: Saving text status in E:\UniFlight\flow\full_rocket15_fv\data\full_rocket15.status
 End:   Saving text status in E:\UniFlight\flow\full_rocket15_fv\data\full_rocket15.status; Timer: cpu0=0.000 wall=0.002 
 End:   ===== Time Step =====, Iter number =  53; Timer: cpu0=12.328 wall=1.634 

20.06.26 15:37:27  ===== Processing Layers =====
20.06.26 15:37:27    *SEND* for CScalarLayer, GUID=7CD78E3E-90ED-43A0-9E73-BB60FDDAE621
 Start: ComputeVolumeCharacteristics
 End:   ComputeVolumeCharacteristics; Timer: cpu0=0.000 wall=0.005 
 Start: GetValueOnFacets
 End:   GetValueOnFacets; Timer: cpu0=0.016 wall=0.013 
20.06.26 15:37:27    *SEND* for CIntegralCharsLayer, GUID=4E090A0C-544B-E4A2-4242-BEC451D7CD2B
20.06.26 15:37:27    *SEND* for CIntegralCharsLayer, GUID=67F29492-B486-9BD6-015B-58123FE04E04
20.06.26 15:37:27    *SEND* for CIntegralCharsLayer, GUID=24E026D3-474F-9BDB-2BB1-A3745825FAC4
 End:   ===== Processing Layers =====; Timer: cpu0=0.031 wall=0.033 

20.06.26 15:37:27  ===== New Time Step =====, Iter number =  54
 Start: TimeServis
 End:   TimeServis; Timer: cpu0=0.156 wall=0.030 
 Start: User modules' functions BeforeTimeStep() are calling
 End:   User modules' functions BeforeTimeStep() are calling; Timer: cpu0=0.000 wall=0.003 
 Start: Adaptation, TotalRealCellsCount= 95595 
 End:   Adaptation; Timer: cpu0=0.000 wall=0.003 
 Start: Initialize data arrays on chips
 End:   Initialize data arrays on chips, res= 0; Timer: cpu0=0.000 wall=0.003 
  ***** Maximum Geometrical Gauss = 2.17193e-14, cell= 490:2:2:3:0
  ***** Maximum MovingSurf  Gauss = 0, cell= 
 Start: Initialize data arrays on chips
 End:   Initialize data arrays on chips, res= 0; Timer: cpu0=0.000 wall=0.002 
 Start: TimeServis
 End:   TimeServis; Timer: cpu0=0.484 wall=0.039 
 Start: FindEnclaves
 End:   FindEnclaves; Timer: cpu0=0.062 wall=0.078 
 Start: VarValueService
 End:   VarValueService; Timer: cpu0=0.000 wall=0.001 
 Start: SolvePhaseEquation 
 End:   SolvePhaseEquation ; Timer: cpu0=12.188 wall=1.387 
 Start: SolidFiltersProcess: calculate forces and moments
 End:   SolidFiltersProcess: calculate forces and moments; Timer: cpu0=0.000 wall=0.001 
 Start: PrepareDataForNextStep
 End:   PrepareDataForNextStep; Timer: cpu0=0.344 wall=0.035 
 Start: VarValueService
 End:   VarValueService; Timer: cpu0=0.000 wall=0.002 
 Start: UpdateStopperData
 End:   UpdateStopperData; Timer: cpu0=0.000 wall=0.000 
 Start: Saving text status in E:\UniFlight\flow\full_rocket15_fv\data\full_rocket15.status
 End:   Saving text status in E:\UniFlight\flow\full_rocket15_fv\data\full_rocket15.status; Timer: cpu0=0.000 wall=0.003 
 End:   ===== Time Step =====, Iter number =  54; Timer: cpu0=13.406 wall=1.645 

20.06.26 15:37:28  ===== Processing Layers =====
20.06.26 15:37:28    *SEND* for CScalarLayer, GUID=7CD78E3E-90ED-43A0-9E73-BB60FDDAE621
 Start: ComputeVolumeCharacteristics
 End:   ComputeVolumeCharacteristics; Timer: cpu0=0.000 wall=0.007 
 Start: GetValueOnFacets
 End:   GetValueOnFacets; Timer: cpu0=0.016 wall=0.017 
20.06.26 15:37:28    *SEND* for CIntegralCharsLayer, GUID=4E090A0C-544B-E4A2-4242-BEC451D7CD2B
20.06.26 15:37:28    *SEND* for CIntegralCharsLayer, GUID=67F29492-B486-9BD6-015B-58123FE04E04
20.06.26 15:37:28    *SEND* for CIntegralCharsLayer, GUID=24E026D3-474F-9BDB-2BB1-A3745825FAC4
 End:   ===== Processing Layers =====; Timer: cpu0=0.016 wall=0.048 

20.06.26 15:37:29  ===== New Time Step =====, Iter number =  55
 Start: TimeServis
 End:   TimeServis; Timer: cpu0=0.312 wall=0.032 
 Start: User modules' functions BeforeTimeStep() are calling
 End:   User modules' functions BeforeTimeStep() are calling; Timer: cpu0=0.000 wall=0.002 
 Start: Adaptation, TotalRealCellsCount= 95595 
 End:   Adaptation; Timer: cpu0=0.000 wall=0.006 
 Start: Initialize data arrays on chips
 End:   Initialize data arrays on chips, res= 0; Timer: cpu0=0.000 wall=0.002 
  ***** Maximum Geometrical Gauss = 2.17193e-14, cell= 490:2:2:3:0
  ***** Maximum MovingSurf  Gauss = 0, cell= 
 Start: Initialize data arrays on chips
 End:   Initialize data arrays on chips, res= 0; Timer: cpu0=0.000 wall=0.002 
 Start: TimeServis
 End:   TimeServis; Timer: cpu0=0.484 wall=0.046 
 Start: FindEnclaves
 End:   FindEnclaves; Timer: cpu0=0.094 wall=0.095 
 Start: VarValueService
 End:   VarValueService; Timer: cpu0=0.000 wall=0.001 
 Start: SolvePhaseEquation 
 End:   SolvePhaseEquation ; Timer: cpu0=11.047 wall=1.379 
 Start: SolidFiltersProcess: calculate forces and moments
 End:   SolidFiltersProcess: calculate forces and moments; Timer: cpu0=0.000 wall=0.001 
 Start: PrepareDataForNextStep
 End:   PrepareDataForNextStep; Timer: cpu0=0.219 wall=0.035 
 Start: VarValueService
 End:   VarValueService; Timer: cpu0=0.000 wall=0.001 
 Start: UpdateStopperData
 End:   UpdateStopperData; Timer: cpu0=0.000 wall=0.001 
 Start: Saving text status in E:\UniFlight\flow\full_rocket15_fv\data\full_rocket15.status
 End:   Saving text status in E:\UniFlight\flow\full_rocket15_fv\data\full_rocket15.status; Timer: cpu0=0.000 wall=0.002 
 End:   ===== Time Step =====, Iter number =  55; Timer: cpu0=12.594 wall=1.670 

20.06.26 15:37:30  ===== Processing Layers =====
20.06.26 15:37:30    *SEND* for CScalarLayer, GUID=7CD78E3E-90ED-43A0-9E73-BB60FDDAE621
 Start: ComputeVolumeCharacteristics
 End:   ComputeVolumeCharacteristics; Timer: cpu0=0.141 wall=0.004 
 Start: GetValueOnFacets
 End:   GetValueOnFacets; Timer: cpu0=0.016 wall=0.013 
20.06.26 15:37:30    *SEND* for CIntegralCharsLayer, GUID=4E090A0C-544B-E4A2-4242-BEC451D7CD2B
20.06.26 15:37:30    *SEND* for CIntegralCharsLayer, GUID=67F29492-B486-9BD6-015B-58123FE04E04
20.06.26 15:37:30    *SEND* for CIntegralCharsLayer, GUID=24E026D3-474F-9BDB-2BB1-A3745825FAC4
 End:   ===== Processing Layers =====; Timer: cpu0=0.156 wall=0.034 

20.06.26 15:37:30  ===== New Time Step =====, Iter number =  56
 Start: TimeServis
 End:   TimeServis; Timer: cpu0=0.344 wall=0.032 
 Start: User modules' functions BeforeTimeStep() are calling
 End:   User modules' functions BeforeTimeStep() are calling; Timer: cpu0=0.000 wall=0.003 
 Start: Adaptation, TotalRealCellsCount= 95595 
 End:   Adaptation; Timer: cpu0=0.000 wall=0.005 
 Start: Initialize data arrays on chips
 End:   Initialize data arrays on chips, res= 0; Timer: cpu0=0.000 wall=0.002 
  ***** Maximum Geometrical Gauss = 2.17193e-14, cell= 490:2:2:3:0
  ***** Maximum MovingSurf  Gauss = 0, cell= 
 Start: Initialize data arrays on chips
 End:   Initialize data arrays on chips, res= 0; Timer: cpu0=0.000 wall=0.002 
 Start: TimeServis
 End:   TimeServis; Timer: cpu0=0.484 wall=0.040 
 Start: FindEnclaves
 End:   FindEnclaves; Timer: cpu0=0.234 wall=0.079 
 Start: VarValueService
 End:   VarValueService; Timer: cpu0=0.000 wall=0.001 
 Start: SolvePhaseEquation 
 End:   SolvePhaseEquation ; Timer: cpu0=11.234 wall=1.387 
 Start: SolidFiltersProcess: calculate forces and moments
 End:   SolidFiltersProcess: calculate forces and moments; Timer: cpu0=0.000 wall=0.001 
 Start: PrepareDataForNextStep
 End:   PrepareDataForNextStep; Timer: cpu0=0.297 wall=0.037 
 Start: VarValueService
 End:   VarValueService; Timer: cpu0=0.000 wall=0.001 
 Start: UpdateStopperData
 End:   UpdateStopperData; Timer: cpu0=0.000 wall=0.000 
 Start: Saving text status in E:\UniFlight\flow\full_rocket15_fv\data\full_rocket15.status
 End:   Saving text status in E:\UniFlight\flow\full_rocket15_fv\data\full_rocket15.status; Timer: cpu0=0.000 wall=0.002 
 End:   ===== Time Step =====, Iter number =  56; Timer: cpu0=12.750 wall=1.656 

20.06.26 15:37:32  ===== Processing Layers =====
20.06.26 15:37:32    *SEND* for CScalarLayer, GUID=7CD78E3E-90ED-43A0-9E73-BB60FDDAE621
 Start: ComputeVolumeCharacteristics
 End:   ComputeVolumeCharacteristics; Timer: cpu0=0.000 wall=0.006 
 Start: GetValueOnFacets
 End:   GetValueOnFacets; Timer: cpu0=0.172 wall=0.015 
20.06.26 15:37:32    *SEND* for CIntegralCharsLayer, GUID=4E090A0C-544B-E4A2-4242-BEC451D7CD2B
20.06.26 15:37:32    *SEND* for CIntegralCharsLayer, GUID=67F29492-B486-9BD6-015B-58123FE04E04
20.06.26 15:37:32    *SEND* for CIntegralCharsLayer, GUID=24E026D3-474F-9BDB-2BB1-A3745825FAC4
 End:   ===== Processing Layers =====; Timer: cpu0=0.172 wall=0.036 

20.06.26 15:37:32  ===== New Time Step =====, Iter number =  57
 Start: TimeServis
 End:   TimeServis; Timer: cpu0=0.344 wall=0.036 
 Start: User modules' functions BeforeTimeStep() are calling
 End:   User modules' functions BeforeTimeStep() are calling; Timer: cpu0=0.000 wall=0.002 
 Start: Adaptation, TotalRealCellsCount= 95595 
 End:   Adaptation; Timer: cpu0=0.000 wall=0.006 
 Start: Initialize data arrays on chips
 End:   Initialize data arrays on chips, res= 0; Timer: cpu0=0.000 wall=0.002 
  ***** Maximum Geometrical Gauss = 2.17193e-14, cell= 490:2:2:3:0
  ***** Maximum MovingSurf  Gauss = 0, cell= 
 Start: Initialize data arrays on chips
 End:   Initialize data arrays on chips, res= 0; Timer: cpu0=0.125 wall=0.002 
 Start: TimeServis
 End:   TimeServis; Timer: cpu0=0.344 wall=0.037 
 Start: FindEnclaves
 End:   FindEnclaves; Timer: cpu0=0.219 wall=0.084 
 Start: VarValueService
 End:   VarValueService; Timer: cpu0=0.000 wall=0.001 
 Start: SolvePhaseEquation 
 End:   SolvePhaseEquation ; Timer: cpu0=11.688 wall=1.403 
 Start: SolidFiltersProcess: calculate forces and moments
 End:   SolidFiltersProcess: calculate forces and moments; Timer: cpu0=0.000 wall=0.002 
 Start: PrepareDataForNextStep
 End:   PrepareDataForNextStep; Timer: cpu0=0.406 wall=0.035 
 Start: VarValueService
 End:   VarValueService; Timer: cpu0=0.000 wall=0.001 
 Start: UpdateStopperData
 End:   UpdateStopperData; Timer: cpu0=0.000 wall=0.001 
 Start: Saving text status in E:\UniFlight\flow\full_rocket15_fv\data\full_rocket15.status
 End:   Saving text status in E:\UniFlight\flow\full_rocket15_fv\data\full_rocket15.status; Timer: cpu0=0.000 wall=0.002 
 End:   ===== Time Step =====, Iter number =  57; Timer: cpu0=13.453 wall=1.675 

20.06.26 15:37:34  ===== Processing Layers =====
20.06.26 15:37:34    *SEND* for CScalarLayer, GUID=7CD78E3E-90ED-43A0-9E73-BB60FDDAE621
 Start: ComputeVolumeCharacteristics
 End:   ComputeVolumeCharacteristics; Timer: cpu0=0.000 wall=0.003 
 Start: GetValueOnFacets
 End:   GetValueOnFacets; Timer: cpu0=0.000 wall=0.014 
20.06.26 15:37:34    *SEND* for CIntegralCharsLayer, GUID=4E090A0C-544B-E4A2-4242-BEC451D7CD2B
20.06.26 15:37:34    *SEND* for CIntegralCharsLayer, GUID=67F29492-B486-9BD6-015B-58123FE04E04
20.06.26 15:37:34    *SEND* for CIntegralCharsLayer, GUID=24E026D3-474F-9BDB-2BB1-A3745825FAC4
 End:   ===== Processing Layers =====; Timer: cpu0=0.016 wall=0.033 

20.06.26 15:37:34  ===== New Time Step =====, Iter number =  58
 Start: TimeServis
 End:   TimeServis; Timer: cpu0=0.312 wall=0.038 
 Start: User modules' functions BeforeTimeStep() are calling
 End:   User modules' functions BeforeTimeStep() are calling; Timer: cpu0=0.000 wall=0.003 
 Start: Adaptation, TotalRealCellsCount= 95595 
 End:   Adaptation; Timer: cpu0=0.000 wall=0.005 
 Start: Initialize data arrays on chips
 End:   Initialize data arrays on chips, res= 0; Timer: cpu0=0.000 wall=0.002 
  ***** Maximum Geometrical Gauss = 2.17193e-14, cell= 490:2:2:3:0
  ***** Maximum MovingSurf  Gauss = 0, cell= 
 Start: Initialize data arrays on chips
 End:   Initialize data arrays on chips, res= 0; Timer: cpu0=0.000 wall=0.002 
 Start: TimeServis
 End:   TimeServis; Timer: cpu0=0.312 wall=0.037 
 Start: FindEnclaves
 End:   FindEnclaves; Timer: cpu0=0.250 wall=0.086 
 Start: VarValueService
 End:   VarValueService; Timer: cpu0=0.000 wall=0.002 
 Start: SolvePhaseEquation 
 End:   SolvePhaseEquation ; Timer: cpu0=11.141 wall=1.389 
 Start: SolidFiltersProcess: calculate forces and moments
 End:   SolidFiltersProcess: calculate forces and moments; Timer: cpu0=0.000 wall=0.001 
 Start: PrepareDataForNextStep
 End:   PrepareDataForNextStep; Timer: cpu0=0.172 wall=0.035 
 Start: VarValueService
 End:   VarValueService; Timer: cpu0=0.000 wall=0.001 
 Start: UpdateStopperData
 End:   UpdateStopperData; Timer: cpu0=0.000 wall=0.001 
 Start: Saving text status in E:\UniFlight\flow\full_rocket15_fv\data\full_rocket15.status
 End:   Saving text status in E:\UniFlight\flow\full_rocket15_fv\data\full_rocket15.status; Timer: cpu0=0.000 wall=0.003 
 End:   ===== Time Step =====, Iter number =  58; Timer: cpu0=12.516 wall=1.669 

20.06.26 15:37:36  ===== Processing Layers =====
20.06.26 15:37:36    *SEND* for CScalarLayer, GUID=7CD78E3E-90ED-43A0-9E73-BB60FDDAE621
 Start: ComputeVolumeCharacteristics
 End:   ComputeVolumeCharacteristics; Timer: cpu0=0.000 wall=0.004 
 Start: GetValueOnFacets
 End:   GetValueOnFacets; Timer: cpu0=0.016 wall=0.013 
20.06.26 15:37:36    *SEND* for CIntegralCharsLayer, GUID=4E090A0C-544B-E4A2-4242-BEC451D7CD2B
20.06.26 15:37:36    *SEND* for CIntegralCharsLayer, GUID=67F29492-B486-9BD6-015B-58123FE04E04
20.06.26 15:37:36    *SEND* for CIntegralCharsLayer, GUID=24E026D3-474F-9BDB-2BB1-A3745825FAC4
 End:   ===== Processing Layers =====; Timer: cpu0=0.016 wall=0.034 

20.06.26 15:37:36  ===== New Time Step =====, Iter number =  59
 Start: TimeServis
 End:   TimeServis; Timer: cpu0=0.406 wall=0.035 
 Start: User modules' functions BeforeTimeStep() are calling
 End:   User modules' functions BeforeTimeStep() are calling; Timer: cpu0=0.000 wall=0.003 
 Start: Adaptation, TotalRealCellsCount= 95595 
 End:   Adaptation; Timer: cpu0=0.000 wall=0.004 
 Start: Initialize data arrays on chips
 End:   Initialize data arrays on chips, res= 0; Timer: cpu0=0.000 wall=0.002 
  ***** Maximum Geometrical Gauss = 2.17193e-14, cell= 490:2:2:3:0
  ***** Maximum MovingSurf  Gauss = 0, cell= 
 Start: Initialize data arrays on chips
 End:   Initialize data arrays on chips, res= 0; Timer: cpu0=0.000 wall=0.003 
 Start: TimeServis
 End:   TimeServis; Timer: cpu0=0.500 wall=0.048 
 Start: FindEnclaves
 End:   FindEnclaves; Timer: cpu0=0.094 wall=0.085 
 Start: VarValueService
 End:   VarValueService; Timer: cpu0=0.000 wall=0.002 
 Start: SolvePhaseEquation 
 End:   SolvePhaseEquation ; Timer: cpu0=10.797 wall=1.421 
 Start: SolidFiltersProcess: calculate forces and moments
 End:   SolidFiltersProcess: calculate forces and moments; Timer: cpu0=0.000 wall=0.001 
 Start: PrepareDataForNextStep
 End:   PrepareDataForNextStep; Timer: cpu0=0.297 wall=0.037 
 Start: VarValueService
 End:   VarValueService; Timer: cpu0=0.000 wall=0.002 
 Start: UpdateStopperData
 End:   UpdateStopperData; Timer: cpu0=0.000 wall=0.001 
 Start: Saving text status in E:\UniFlight\flow\full_rocket15_fv\data\full_rocket15.status
 End:   Saving text status in E:\UniFlight\flow\full_rocket15_fv\data\full_rocket15.status; Timer: cpu0=0.000 wall=0.003 
 End:   ===== Time Step =====, Iter number =  59; Timer: cpu0=12.266 wall=1.710 

20.06.26 15:37:38  ===== Processing Layers =====
20.06.26 15:37:38    *SEND* for CScalarLayer, GUID=7CD78E3E-90ED-43A0-9E73-BB60FDDAE621
 Start: ComputeVolumeCharacteristics
 End:   ComputeVolumeCharacteristics; Timer: cpu0=0.000 wall=0.004 
 Start: GetValueOnFacets
 End:   GetValueOnFacets; Timer: cpu0=0.016 wall=0.013 
20.06.26 15:37:38    *SEND* for CIntegralCharsLayer, GUID=4E090A0C-544B-E4A2-4242-BEC451D7CD2B
20.06.26 15:37:38    *SEND* for CIntegralCharsLayer, GUID=67F29492-B486-9BD6-015B-58123FE04E04
20.06.26 15:37:38    *SEND* for CIntegralCharsLayer, GUID=24E026D3-474F-9BDB-2BB1-A3745825FAC4
 End:   ===== Processing Layers =====; Timer: cpu0=0.016 wall=0.034 

20.06.26 15:37:38  ===== New Time Step =====, Iter number =  60
 Start: TimeServis
 End:   TimeServis; Timer: cpu0=0.344 wall=0.032 
 Start: User modules' functions BeforeTimeStep() are calling
 End:   User modules' functions BeforeTimeStep() are calling; Timer: cpu0=0.000 wall=0.003 
 Start: Adaptation, TotalRealCellsCount= 95595 
 End:   Adaptation; Timer: cpu0=6.094 wall=0.838 
 Start: DistributeGridOnProcessors
 End:   DistributeGridOnProcessors, res= 0; Timer: cpu0=0.656 wall=0.216 
 Start: SetNeiHyperCells
 End:   SetNeiHyperCells, res= 0; Timer: cpu0=0.000 wall=0.008 
 Start: BuildFacetDistribution
 End:   BuildFacetDistribution; Timer: cpu0=0.000 wall=0.002 
 Start: Initialize data arrays on chips
 End:   Initialize data arrays on chips, res= 0; Timer: cpu0=0.000 wall=0.002 
  ***** Maximum Geometrical Gauss = 2.17193e-14, cell= 490:2:2:3:0
  ***** Maximum MovingSurf  Gauss = 2.06976e-14, cell= 45:1:1:1:0
 Start: Remove Small Cells
 End:   Remove Small Cells; Timer: cpu0=0.016 wall=0.022 
 Start: Initialize data arrays on chips
 End:   Initialize data arrays on chips, res= 0; Timer: cpu0=0.000 wall=0.002 
  ***** Maximum Geometrical Gauss = 2.17193e-14, cell= 490:2:2:3:0
  ***** Maximum MovingSurf  Gauss = 2.06976e-14, cell= 45:1:1:1:0
 Start: Initialize data arrays on chips
 End:   Initialize data arrays on chips, res= 0; Timer: cpu0=0.000 wall=0.002 
 Start: Modify Chip Data
 End:   Modify Chip Data; Timer: cpu0=0.281 wall=0.044 
 Start: TimeServis
 End:   TimeServis; Timer: cpu0=0.516 wall=0.042 
 Start: FindEnclaves
 End:   FindEnclaves; Timer: cpu0=0.078 wall=0.098 
 Start: VarValueService
 End:   VarValueService; Timer: cpu0=0.000 wall=0.002 
 Start: SolvePhaseEquation 
 End:   SolvePhaseEquation ; Timer: cpu0=14.234 wall=1.670 
 Start: SolidFiltersProcess: calculate forces and moments
 End:   SolidFiltersProcess: calculate forces and moments; Timer: cpu0=0.000 wall=0.002 
 Start: PrepareDataForNextStep
 End:   PrepareDataForNextStep; Timer: cpu0=0.438 wall=0.051 
 Start: VarValueService
 End:   VarValueService; Timer: cpu0=0.000 wall=0.001 
 Start: UpdateStopperData
 End:   UpdateStopperData; Timer: cpu0=0.000 wall=0.001 
 Start: Saving text status in E:\UniFlight\flow\full_rocket15_fv\data\full_rocket15.status
 End:   Saving text status in E:\UniFlight\flow\full_rocket15_fv\data\full_rocket15.status; Timer: cpu0=0.000 wall=0.002 
 End:   ===== Time Step =====, Iter number =  60; Timer: cpu0=22.859 wall=3.138 

20.06.26 15:37:42  ===== Processing Layers =====
20.06.26 15:37:42    *SEND* for CScalarLayer, GUID=7CD78E3E-90ED-43A0-9E73-BB60FDDAE621
 Start: ComputeVolumeCharacteristics
 End:   ComputeVolumeCharacteristics; Timer: cpu0=0.000 wall=0.005 
 Start: GetValueOnFacets
 End:   GetValueOnFacets; Timer: cpu0=0.172 wall=0.014 
20.06.26 15:37:42    *SEND* for CIntegralCharsLayer, GUID=4E090A0C-544B-E4A2-4242-BEC451D7CD2B
20.06.26 15:37:42    *SEND* for CIntegralCharsLayer, GUID=67F29492-B486-9BD6-015B-58123FE04E04
20.06.26 15:37:42    *SEND* for CIntegralCharsLayer, GUID=24E026D3-474F-9BDB-2BB1-A3745825FAC4
 End:   ===== Processing Layers =====; Timer: cpu0=0.344 wall=0.035 

20.06.26 15:37:42  ===== New Time Step =====, Iter number =  61
 Start: TimeServis
 End:   TimeServis; Timer: cpu0=0.406 wall=0.039 
 Start: User modules' functions BeforeTimeStep() are calling
 End:   User modules' functions BeforeTimeStep() are calling; Timer: cpu0=0.000 wall=0.003 
 Start: Adaptation, TotalRealCellsCount= 108489 
 End:   Adaptation; Timer: cpu0=6.062 wall=0.805 
 Start: DistributeGridOnProcessors
 End:   DistributeGridOnProcessors, res= 0; Timer: cpu0=0.828 wall=0.214 
 Start: SetNeiHyperCells
 End:   SetNeiHyperCells, res= 0; Timer: cpu0=0.000 wall=0.008 
 Start: BuildFacetDistribution
 End:   BuildFacetDistribution; Timer: cpu0=0.000 wall=0.003 
 Start: Initialize data arrays on chips
 End:   Initialize data arrays on chips, res= 0; Timer: cpu0=0.000 wall=0.003 
  ***** Maximum Geometrical Gauss = 2.17193e-14, cell= 499:3:7:6:0
  ***** Maximum MovingSurf  Gauss = 2.06976e-14, cell= 45:1:1:0
 Start: Remove Small Cells
 End:   Remove Small Cells; Timer: cpu0=0.141 wall=0.022 
 Start: Initialize data arrays on chips
 End:   Initialize data arrays on chips, res= 0; Timer: cpu0=0.000 wall=0.002 
  ***** Maximum Geometrical Gauss = 2.17193e-14, cell= 499:3:7:6:0
  ***** Maximum MovingSurf  Gauss = 2.06976e-14, cell= 45:1:1:0
 Start: Initialize data arrays on chips
 End:   Initialize data arrays on chips, res= 0; Timer: cpu0=0.000 wall=0.002 
 Start: Modify Chip Data
 End:   Modify Chip Data; Timer: cpu0=0.328 wall=0.038 
 Start: TimeServis
 End:   TimeServis; Timer: cpu0=0.328 wall=0.040 
 Start: FindEnclaves
 End:   FindEnclaves; Timer: cpu0=0.078 wall=0.085 
 Start: VarValueService
 End:   VarValueService; Timer: cpu0=0.000 wall=0.002 
 Start: SolvePhaseEquation 
 End:   SolvePhaseEquation ; Timer: cpu0=11.797 wall=1.426 
 Start: SolidFiltersProcess: calculate forces and moments
 End:   SolidFiltersProcess: calculate forces and moments; Timer: cpu0=0.000 wall=0.002 
 Start: PrepareDataForNextStep
 End:   PrepareDataForNextStep; Timer: cpu0=0.375 wall=0.036 
 Start: VarValueService
 End:   VarValueService; Timer: cpu0=0.000 wall=0.002 
 Start: UpdateStopperData
 End:   UpdateStopperData; Timer: cpu0=0.000 wall=0.001 
 Start: Saving text status in E:\UniFlight\flow\full_rocket15_fv\data\full_rocket15.status
 End:   Saving text status in E:\UniFlight\flow\full_rocket15_fv\data\full_rocket15.status; Timer: cpu0=0.000 wall=0.002 
 End:   ===== Time Step =====, Iter number =  61; Timer: cpu0=20.859 wall=2.815 

20.06.26 15:37:45  ===== Processing Layers =====
20.06.26 15:37:45    *SEND* for CScalarLayer, GUID=7CD78E3E-90ED-43A0-9E73-BB60FDDAE621
 Start: ComputeVolumeCharacteristics
 End:   ComputeVolumeCharacteristics; Timer: cpu0=0.172 wall=0.005 
 Start: GetValueOnFacets
 End:   GetValueOnFacets; Timer: cpu0=0.031 wall=0.013 
20.06.26 15:37:45    *SEND* for CIntegralCharsLayer, GUID=4E090A0C-544B-E4A2-4242-BEC451D7CD2B
20.06.26 15:37:45    *SEND* for CIntegralCharsLayer, GUID=67F29492-B486-9BD6-015B-58123FE04E04
20.06.26 15:37:45    *SEND* for CIntegralCharsLayer, GUID=24E026D3-474F-9BDB-2BB1-A3745825FAC4
 End:   ===== Processing Layers =====; Timer: cpu0=0.203 wall=0.038 

20.06.26 15:37:45  ===== New Time Step =====, Iter number =  62
 Start: TimeServis
 End:   TimeServis; Timer: cpu0=0.344 wall=0.033 
 Start: User modules' functions BeforeTimeStep() are calling
 End:   User modules' functions BeforeTimeStep() are calling; Timer: cpu0=0.000 wall=0.001 
 Start: Adaptation, TotalRealCellsCount= 95511 
 End:   Adaptation; Timer: cpu0=0.172 wall=0.004 
 Start: Initialize data arrays on chips
 End:   Initialize data arrays on chips, res= 0; Timer: cpu0=0.000 wall=0.003 
  ***** Maximum Geometrical Gauss = 2.17193e-14, cell= 490:2:2:3:0
  ***** Maximum MovingSurf  Gauss = 0, cell= 
 Start: Initialize data arrays on chips
 End:   Initialize data arrays on chips, res= 0; Timer: cpu0=0.000 wall=0.002 
 Start: TimeServis
 End:   TimeServis; Timer: cpu0=0.219 wall=0.036 
 Start: FindEnclaves
 End:   FindEnclaves; Timer: cpu0=0.047 wall=0.078 
 Start: VarValueService
 End:   VarValueService; Timer: cpu0=0.000 wall=0.001 
 Start: SolvePhaseEquation 
 End:   SolvePhaseEquation ; Timer: cpu0=11.250 wall=1.401 
 Start: SolidFiltersProcess: calculate forces and moments
 End:   SolidFiltersProcess: calculate forces and moments; Timer: cpu0=0.000 wall=0.002 
 Start: PrepareDataForNextStep
 End:   PrepareDataForNextStep; Timer: cpu0=0.359 wall=0.041 
 Start: VarValueService
 End:   VarValueService; Timer: cpu0=0.000 wall=0.002 
 Start: UpdateStopperData
 End:   UpdateStopperData; Timer: cpu0=0.000 wall=0.001 
 Start: Saving text status in E:\UniFlight\flow\full_rocket15_fv\data\full_rocket15.status
 End:   Saving text status in E:\UniFlight\flow\full_rocket15_fv\data\full_rocket15.status; Timer: cpu0=0.000 wall=0.002 
 End:   ===== Time Step =====, Iter number =  62; Timer: cpu0=12.562 wall=1.666 

20.06.26 15:37:47  ===== Processing Layers =====
20.06.26 15:37:47    *SEND* for CScalarLayer, GUID=7CD78E3E-90ED-43A0-9E73-BB60FDDAE621
 Start: ComputeVolumeCharacteristics
 End:   ComputeVolumeCharacteristics; Timer: cpu0=0.000 wall=0.005 
 Start: GetValueOnFacets
 End:   GetValueOnFacets; Timer: cpu0=0.062 wall=0.013 
20.06.26 15:37:47    *SEND* for CIntegralCharsLayer, GUID=4E090A0C-544B-E4A2-4242-BEC451D7CD2B
20.06.26 15:37:47    *SEND* for CIntegralCharsLayer, GUID=67F29492-B486-9BD6-015B-58123FE04E04
20.06.26 15:37:47    *SEND* for CIntegralCharsLayer, GUID=24E026D3-474F-9BDB-2BB1-A3745825FAC4
 End:   ===== Processing Layers =====; Timer: cpu0=0.062 wall=0.033 

20.06.26 15:37:47  ===== New Time Step =====, Iter number =  63
 Start: TimeServis
 End:   TimeServis; Timer: cpu0=0.375 wall=0.036 
 Start: User modules' functions BeforeTimeStep() are calling
 End:   User modules' functions BeforeTimeStep() are calling; Timer: cpu0=0.000 wall=0.001 
 Start: Adaptation, TotalRealCellsCount= 95511 
 End:   Adaptation; Timer: cpu0=0.000 wall=0.005 
 Start: Initialize data arrays on chips
 End:   Initialize data arrays on chips, res= 0; Timer: cpu0=0.000 wall=0.003 
  ***** Maximum Geometrical Gauss = 2.17193e-14, cell= 499:3:7:6:0
  ***** Maximum MovingSurf  Gauss = 0, cell= 
 Start: Initialize data arrays on chips
 End:   Initialize data arrays on chips, res= 0; Timer: cpu0=0.000 wall=0.002 
 Start: TimeServis
 End:   TimeServis; Timer: cpu0=0.469 wall=0.044 
 Start: FindEnclaves
 End:   FindEnclaves; Timer: cpu0=0.078 wall=0.082 
 Start: VarValueService
 End:   VarValueService; Timer: cpu0=0.000 wall=0.001 
 Start: SolvePhaseEquation 
 End:   SolvePhaseEquation ; Timer: cpu0=11.188 wall=1.391 
 Start: SolidFiltersProcess: calculate forces and moments
 End:   SolidFiltersProcess: calculate forces and moments; Timer: cpu0=0.000 wall=0.002 
 Start: PrepareDataForNextStep
 End:   PrepareDataForNextStep; Timer: cpu0=0.344 wall=0.038 
 Start: VarValueService
 End:   VarValueService; Timer: cpu0=0.000 wall=0.002 
 Start: UpdateStopperData
 End:   UpdateStopperData; Timer: cpu0=0.000 wall=0.001 
 Start: Saving text status in E:\UniFlight\flow\full_rocket15_fv\data\full_rocket15.status
 End:   Saving text status in E:\UniFlight\flow\full_rocket15_fv\data\full_rocket15.status; Timer: cpu0=0.000 wall=0.002 
 End:   ===== Time Step =====, Iter number =  63; Timer: cpu0=12.625 wall=1.672 

20.06.26 15:37:49  ===== Processing Layers =====
20.06.26 15:37:49    *SEND* for CScalarLayer, GUID=7CD78E3E-90ED-43A0-9E73-BB60FDDAE621
 Start: ComputeVolumeCharacteristics
 End:   ComputeVolumeCharacteristics; Timer: cpu0=0.000 wall=0.003 
 Start: GetValueOnFacets
 End:   GetValueOnFacets; Timer: cpu0=0.172 wall=0.013 
20.06.26 15:37:49    *SEND* for CIntegralCharsLayer, GUID=4E090A0C-544B-E4A2-4242-BEC451D7CD2B
20.06.26 15:37:49    *SEND* for CIntegralCharsLayer, GUID=67F29492-B486-9BD6-015B-58123FE04E04
20.06.26 15:37:49    *SEND* for CIntegralCharsLayer, GUID=24E026D3-474F-9BDB-2BB1-A3745825FAC4
 End:   ===== Processing Layers =====; Timer: cpu0=0.172 wall=0.033 

20.06.26 15:37:49  ===== New Time Step =====, Iter number =  64
 Start: TimeServis
 End:   TimeServis; Timer: cpu0=0.344 wall=0.032 
 Start: User modules' functions BeforeTimeStep() are calling
 End:   User modules' functions BeforeTimeStep() are calling; Timer: cpu0=0.000 wall=0.004 
 Start: Adaptation, TotalRealCellsCount= 95511 
 End:   Adaptation; Timer: cpu0=0.000 wall=0.004 
 Start: Initialize data arrays on chips
 End:   Initialize data arrays on chips, res= 0; Timer: cpu0=0.000 wall=0.002 
  ***** Maximum Geometrical Gauss = 2.17193e-14, cell= 490:2:2:3:0
  ***** Maximum MovingSurf  Gauss = 0, cell= 
 Start: Initialize data arrays on chips
 End:   Initialize data arrays on chips, res= 0; Timer: cpu0=0.000 wall=0.003 
 Start: TimeServis
 End:   TimeServis; Timer: cpu0=0.203 wall=0.045 
 Start: FindEnclaves
 End:   FindEnclaves; Timer: cpu0=0.078 wall=0.081 
 Start: VarValueService
 End:   VarValueService; Timer: cpu0=0.000 wall=0.001 
 Start: SolvePhaseEquation 
 End:   SolvePhaseEquation ; Timer: cpu0=10.828 wall=1.374 
 Start: SolidFiltersProcess: calculate forces and moments
 End:   SolidFiltersProcess: calculate forces and moments; Timer: cpu0=0.000 wall=0.004 
 Start: PrepareDataForNextStep
 End:   PrepareDataForNextStep; Timer: cpu0=0.266 wall=0.039 
 Start: VarValueService
 End:   VarValueService; Timer: cpu0=0.000 wall=0.001 
 Start: UpdateStopperData
 End:   UpdateStopperData; Timer: cpu0=0.000 wall=0.001 
 Start: Saving text status in E:\UniFlight\flow\full_rocket15_fv\data\full_rocket15.status
 End:   Saving text status in E:\UniFlight\flow\full_rocket15_fv\data\full_rocket15.status; Timer: cpu0=0.000 wall=0.002 
 End:   ===== Time Step =====, Iter number =  64; Timer: cpu0=12.062 wall=1.655 

20.06.26 15:37:51  ===== Processing Layers =====
20.06.26 15:37:51    *SEND* for CScalarLayer, GUID=7CD78E3E-90ED-43A0-9E73-BB60FDDAE621
 Start: ComputeVolumeCharacteristics
 End:   ComputeVolumeCharacteristics; Timer: cpu0=0.000 wall=0.003 
 Start: GetValueOnFacets
 End:   GetValueOnFacets; Timer: cpu0=0.016 wall=0.017 
20.06.26 15:37:51    *SEND* for CIntegralCharsLayer, GUID=4E090A0C-544B-E4A2-4242-BEC451D7CD2B
20.06.26 15:37:51    *SEND* for CIntegralCharsLayer, GUID=67F29492-B486-9BD6-015B-58123FE04E04
20.06.26 15:37:51    *SEND* for CIntegralCharsLayer, GUID=24E026D3-474F-9BDB-2BB1-A3745825FAC4
 End:   ===== Processing Layers =====; Timer: cpu0=0.016 wall=0.037 

20.06.26 15:37:51  ===== New Time Step =====, Iter number =  65
 Start: TimeServis
 End:   TimeServis; Timer: cpu0=0.266 wall=0.030 
 Start: User modules' functions BeforeTimeStep() are calling
 End:   User modules' functions BeforeTimeStep() are calling; Timer: cpu0=0.000 wall=0.002 
 Start: Adaptation, TotalRealCellsCount= 95511 
 End:   Adaptation; Timer: cpu0=0.000 wall=0.004 
 Start: Initialize data arrays on chips
 End:   Initialize data arrays on chips, res= 0; Timer: cpu0=0.000 wall=0.002 
  ***** Maximum Geometrical Gauss = 2.17193e-14, cell= 490:2:2:3:0
  ***** Maximum MovingSurf  Gauss = 0, cell= 
 Start: Initialize data arrays on chips
 End:   Initialize data arrays on chips, res= 0; Timer: cpu0=0.000 wall=0.002 
 Start: TimeServis
 End:   TimeServis; Timer: cpu0=0.516 wall=0.038 
 Start: FindEnclaves
 End:   FindEnclaves; Timer: cpu0=0.078 wall=0.080 
 Start: VarValueService
 End:   VarValueService; Timer: cpu0=0.000 wall=0.002 
 Start: SolvePhaseEquation 
 End:   SolvePhaseEquation ; Timer: cpu0=11.656 wall=1.343 
 Start: SolidFiltersProcess: calculate forces and moments
 End:   SolidFiltersProcess: calculate forces and moments; Timer: cpu0=0.000 wall=0.001 
 Start: PrepareDataForNextStep
 End:   PrepareDataForNextStep; Timer: cpu0=0.406 wall=0.039 
 Start: VarValueService
 End:   VarValueService; Timer: cpu0=0.000 wall=0.002 
 Start: UpdateStopperData
 End:   UpdateStopperData; Timer: cpu0=0.000 wall=0.001 
 Start: Saving text status in E:\UniFlight\flow\full_rocket15_fv\data\full_rocket15.status
 End:   Saving text status in E:\UniFlight\flow\full_rocket15_fv\data\full_rocket15.status; Timer: cpu0=0.000 wall=0.002 
 End:   ===== Time Step =====, Iter number =  65; Timer: cpu0=13.266 wall=1.606 

20.06.26 15:37:53  ===== Processing Layers =====
20.06.26 15:37:53    *SEND* for CScalarLayer, GUID=7CD78E3E-90ED-43A0-9E73-BB60FDDAE621
 Start: ComputeVolumeCharacteristics
 End:   ComputeVolumeCharacteristics; Timer: cpu0=0.000 wall=0.003 
 Start: GetValueOnFacets
 End:   GetValueOnFacets; Timer: cpu0=0.016 wall=0.012 
20.06.26 15:37:53    *SEND* for CIntegralCharsLayer, GUID=4E090A0C-544B-E4A2-4242-BEC451D7CD2B
20.06.26 15:37:53    *SEND* for CIntegralCharsLayer, GUID=67F29492-B486-9BD6-015B-58123FE04E04
20.06.26 15:37:53    *SEND* for CIntegralCharsLayer, GUID=24E026D3-474F-9BDB-2BB1-A3745825FAC4
 End:   ===== Processing Layers =====; Timer: cpu0=0.016 wall=0.034 

20.06.26 15:37:53  ===== New Time Step =====, Iter number =  66
 Start: TimeServis
 End:   TimeServis; Timer: cpu0=0.328 wall=0.032 
 Start: User modules' functions BeforeTimeStep() are calling
 End:   User modules' functions BeforeTimeStep() are calling; Timer: cpu0=0.000 wall=0.003 
 Start: Adaptation, TotalRealCellsCount= 95511 
 End:   Adaptation; Timer: cpu0=0.000 wall=0.004 
 Start: Initialize data arrays on chips
 End:   Initialize data arrays on chips, res= 0; Timer: cpu0=0.000 wall=0.003 
  ***** Maximum Geometrical Gauss = 2.17193e-14, cell= 499:3:7:6:0
  ***** Maximum MovingSurf  Gauss = 0, cell= 
 Start: Initialize data arrays on chips
 End:   Initialize data arrays on chips, res= 0; Timer: cpu0=0.000 wall=0.003 
 Start: TimeServis
 End:   TimeServis; Timer: cpu0=0.344 wall=0.038 
 Start: FindEnclaves
 End:   FindEnclaves; Timer: cpu0=0.094 wall=0.081 
 Start: VarValueService
 End:   VarValueService; Timer: cpu0=0.000 wall=0.002 
 Start: SolvePhaseEquation 
 End:   SolvePhaseEquation ; Timer: cpu0=11.453 wall=1.397 
 Start: SolidFiltersProcess: calculate forces and moments
 End:   SolidFiltersProcess: calculate forces and moments; Timer: cpu0=0.000 wall=0.002 
 Start: PrepareDataForNextStep
 End:   PrepareDataForNextStep; Timer: cpu0=0.344 wall=0.041 
 Start: VarValueService
 End:   VarValueService; Timer: cpu0=0.000 wall=0.002 
 Start: UpdateStopperData
 End:   UpdateStopperData; Timer: cpu0=0.000 wall=0.001 
 Start: Saving text status in E:\UniFlight\flow\full_rocket15_fv\data\full_rocket15.status
 End:   Saving text status in E:\UniFlight\flow\full_rocket15_fv\data\full_rocket15.status; Timer: cpu0=0.000 wall=0.002 
 End:   ===== Time Step =====, Iter number =  66; Timer: cpu0=12.906 wall=1.672 

20.06.26 15:37:55  ===== Processing Layers =====
20.06.26 15:37:55    *SEND* for CScalarLayer, GUID=7CD78E3E-90ED-43A0-9E73-BB60FDDAE621
 Start: ComputeVolumeCharacteristics
 End:   ComputeVolumeCharacteristics; Timer: cpu0=0.125 wall=0.003 
 Start: GetValueOnFacets
 End:   GetValueOnFacets; Timer: cpu0=0.000 wall=0.012 
20.06.26 15:37:55    *SEND* for CIntegralCharsLayer, GUID=4E090A0C-544B-E4A2-4242-BEC451D7CD2B
20.06.26 15:37:55    *SEND* for CIntegralCharsLayer, GUID=67F29492-B486-9BD6-015B-58123FE04E04
20.06.26 15:37:55    *SEND* for CIntegralCharsLayer, GUID=24E026D3-474F-9BDB-2BB1-A3745825FAC4
 End:   ===== Processing Layers =====; Timer: cpu0=0.125 wall=0.030 

20.06.26 15:37:55  ===== New Time Step =====, Iter number =  67
 Start: TimeServis
 End:   TimeServis; Timer: cpu0=0.344 wall=0.036 
 Start: User modules' functions BeforeTimeStep() are calling
 End:   User modules' functions BeforeTimeStep() are calling; Timer: cpu0=0.000 wall=0.003 
 Start: Adaptation, TotalRealCellsCount= 95511 
 End:   Adaptation; Timer: cpu0=0.000 wall=0.004 
 Start: Initialize data arrays on chips
 End:   Initialize data arrays on chips, res= 0; Timer: cpu0=0.172 wall=0.002 
  ***** Maximum Geometrical Gauss = 2.17193e-14, cell= 490:2:2:3:0
  ***** Maximum MovingSurf  Gauss = 0, cell= 
 Start: Initialize data arrays on chips
 End:   Initialize data arrays on chips, res= 0; Timer: cpu0=0.000 wall=0.001 
 Start: TimeServis
 End:   TimeServis; Timer: cpu0=0.344 wall=0.036 
 Start: FindEnclaves
 End:   FindEnclaves; Timer: cpu0=0.078 wall=0.080 
 Start: VarValueService
 End:   VarValueService; Timer: cpu0=0.000 wall=0.001 
 Start: SolvePhaseEquation 
 End:   SolvePhaseEquation ; Timer: cpu0=10.969 wall=1.373 
 Start: SolidFiltersProcess: calculate forces and moments
 End:   SolidFiltersProcess: calculate forces and moments; Timer: cpu0=0.000 wall=0.001 
 Start: PrepareDataForNextStep
 End:   PrepareDataForNextStep; Timer: cpu0=0.328 wall=0.038 
 Start: VarValueService
 End:   VarValueService; Timer: cpu0=0.000 wall=0.001 
 Start: UpdateStopperData
 End:   UpdateStopperData; Timer: cpu0=0.000 wall=0.001 
 Start: Saving text status in E:\UniFlight\flow\full_rocket15_fv\data\full_rocket15.status
 End:   Saving text status in E:\UniFlight\flow\full_rocket15_fv\data\full_rocket15.status; Timer: cpu0=0.000 wall=0.002 
 End:   ===== Time Step =====, Iter number =  67; Timer: cpu0=12.406 wall=1.635 

20.06.26 15:37:57  ===== Processing Layers =====
20.06.26 15:37:57    *SEND* for CScalarLayer, GUID=7CD78E3E-90ED-43A0-9E73-BB60FDDAE621
 Start: ComputeVolumeCharacteristics
 End:   ComputeVolumeCharacteristics; Timer: cpu0=0.000 wall=0.006 
 Start: GetValueOnFacets
 End:   GetValueOnFacets; Timer: cpu0=0.016 wall=0.013 
20.06.26 15:37:57    *SEND* for CIntegralCharsLayer, GUID=4E090A0C-544B-E4A2-4242-BEC451D7CD2B
20.06.26 15:37:57    *SEND* for CIntegralCharsLayer, GUID=67F29492-B486-9BD6-015B-58123FE04E04
20.06.26 15:37:57    *SEND* for CIntegralCharsLayer, GUID=24E026D3-474F-9BDB-2BB1-A3745825FAC4
 End:   ===== Processing Layers =====; Timer: cpu0=0.016 wall=0.034 

20.06.26 15:37:57  ===== New Time Step =====, Iter number =  68
 Start: TimeServis
 End:   TimeServis; Timer: cpu0=0.234 wall=0.032 
 Start: User modules' functions BeforeTimeStep() are calling
 End:   User modules' functions BeforeTimeStep() are calling; Timer: cpu0=0.000 wall=0.002 
 Start: Adaptation, TotalRealCellsCount= 95511 
 End:   Adaptation; Timer: cpu0=0.000 wall=0.005 
 Start: Initialize data arrays on chips
 End:   Initialize data arrays on chips, res= 0; Timer: cpu0=0.000 wall=0.002 
  ***** Maximum Geometrical Gauss = 2.17193e-14, cell= 499:3:7:6:0
  ***** Maximum MovingSurf  Gauss = 0, cell= 
 Start: Initialize data arrays on chips
 End:   Initialize data arrays on chips, res= 0; Timer: cpu0=0.000 wall=0.002 
 Start: TimeServis
 End:   TimeServis; Timer: cpu0=0.484 wall=0.035 
 Start: FindEnclaves
 End:   FindEnclaves; Timer: cpu0=0.078 wall=0.079 
 Start: VarValueService
 End:   VarValueService; Timer: cpu0=0.000 wall=0.001 
 Start: SolvePhaseEquation 
 End:   SolvePhaseEquation ; Timer: cpu0=11.000 wall=1.363 
 Start: SolidFiltersProcess: calculate forces and moments
 End:   SolidFiltersProcess: calculate forces and moments; Timer: cpu0=0.000 wall=0.002 
 Start: PrepareDataForNextStep
 End:   PrepareDataForNextStep; Timer: cpu0=0.391 wall=0.039 
 Start: VarValueService
 End:   VarValueService; Timer: cpu0=0.000 wall=0.002 
 Start: UpdateStopperData
 End:   UpdateStopperData; Timer: cpu0=0.000 wall=0.001 
 Start: Saving text status in E:\UniFlight\flow\full_rocket15_fv\data\full_rocket15.status
 End:   Saving text status in E:\UniFlight\flow\full_rocket15_fv\data\full_rocket15.status; Timer: cpu0=0.000 wall=0.002 
 End:   ===== Time Step =====, Iter number =  68; Timer: cpu0=12.484 wall=1.622 

20.06.26 15:37:59  ===== Processing Layers =====
20.06.26 15:37:59    *SEND* for CScalarLayer, GUID=7CD78E3E-90ED-43A0-9E73-BB60FDDAE621
 Start: ComputeVolumeCharacteristics
 End:   ComputeVolumeCharacteristics; Timer: cpu0=0.141 wall=0.004 
 Start: GetValueOnFacets
 End:   GetValueOnFacets; Timer: cpu0=0.016 wall=0.013 
20.06.26 15:37:59    *SEND* for CIntegralCharsLayer, GUID=4E090A0C-544B-E4A2-4242-BEC451D7CD2B
20.06.26 15:37:59    *SEND* for CIntegralCharsLayer, GUID=67F29492-B486-9BD6-015B-58123FE04E04
20.06.26 15:37:59    *SEND* for CIntegralCharsLayer, GUID=24E026D3-474F-9BDB-2BB1-A3745825FAC4
 End:   ===== Processing Layers =====; Timer: cpu0=0.156 wall=0.034 

20.06.26 15:37:59  ===== New Time Step =====, Iter number =  69
 Start: TimeServis
 End:   TimeServis; Timer: cpu0=0.344 wall=0.031 
 Start: User modules' functions BeforeTimeStep() are calling
 End:   User modules' functions BeforeTimeStep() are calling; Timer: cpu0=0.000 wall=0.001 
 Start: Adaptation, TotalRealCellsCount= 95511 
 End:   Adaptation; Timer: cpu0=0.172 wall=0.004 
 Start: Initialize data arrays on chips
 End:   Initialize data arrays on chips, res= 0; Timer: cpu0=0.000 wall=0.003 
  ***** Maximum Geometrical Gauss = 2.17193e-14, cell= 499:3:7:6:0
  ***** Maximum MovingSurf  Gauss = 0, cell= 
 Start: Initialize data arrays on chips
 End:   Initialize data arrays on chips, res= 0; Timer: cpu0=0.000 wall=0.002 
 Start: TimeServis
 End:   TimeServis; Timer: cpu0=0.281 wall=0.039 
 Start: FindEnclaves
 End:   FindEnclaves; Timer: cpu0=0.078 wall=0.081 
 Start: VarValueService
 End:   VarValueService; Timer: cpu0=0.000 wall=0.006 
 Start: SolvePhaseEquation 
 End:   SolvePhaseEquation ; Timer: cpu0=11.391 wall=1.383 
 Start: SolidFiltersProcess: calculate forces and moments
 End:   SolidFiltersProcess: calculate forces and moments; Timer: cpu0=0.000 wall=0.002 
 Start: PrepareDataForNextStep
 End:   PrepareDataForNextStep; Timer: cpu0=0.500 wall=0.040 
 Start: VarValueService
 End:   VarValueService; Timer: cpu0=0.000 wall=0.002 
 Start: UpdateStopperData
 End:   UpdateStopperData; Timer: cpu0=0.000 wall=0.001 
 Start: Saving text status in E:\UniFlight\flow\full_rocket15_fv\data\full_rocket15.status
 End:   Saving text status in E:\UniFlight\flow\full_rocket15_fv\data\full_rocket15.status; Timer: cpu0=0.000 wall=0.002 
 End:   ===== Time Step =====, Iter number =  69; Timer: cpu0=12.969 wall=1.655 

20.06.26 15:38:00  ===== Processing Layers =====
20.06.26 15:38:00    *SEND* for CScalarLayer, GUID=7CD78E3E-90ED-43A0-9E73-BB60FDDAE621
 Start: ComputeVolumeCharacteristics
 End:   ComputeVolumeCharacteristics; Timer: cpu0=0.000 wall=0.004 
 Start: GetValueOnFacets
 End:   GetValueOnFacets; Timer: cpu0=0.125 wall=0.014 
20.06.26 15:38:01    *SEND* for CIntegralCharsLayer, GUID=4E090A0C-544B-E4A2-4242-BEC451D7CD2B
20.06.26 15:38:01    *SEND* for CIntegralCharsLayer, GUID=67F29492-B486-9BD6-015B-58123FE04E04
20.06.26 15:38:01    *SEND* for CIntegralCharsLayer, GUID=24E026D3-474F-9BDB-2BB1-A3745825FAC4
 End:   ===== Processing Layers =====; Timer: cpu0=0.125 wall=0.036 

20.06.26 15:38:01  ===== New Time Step =====, Iter number =  70
 Start: TimeServis
 End:   TimeServis; Timer: cpu0=0.328 wall=0.030 
 Start: User modules' functions BeforeTimeStep() are calling
 End:   User modules' functions BeforeTimeStep() are calling; Timer: cpu0=0.000 wall=0.003 
 Start: Adaptation, TotalRealCellsCount= 95511 
 End:   Adaptation; Timer: cpu0=5.453 wall=0.847 
 Start: DistributeGridOnProcessors
 End:   DistributeGridOnProcessors, res= 0; Timer: cpu0=1.000 wall=0.243 
 Start: SetNeiHyperCells
 End:   SetNeiHyperCells, res= 0; Timer: cpu0=0.000 wall=0.009 
 Start: BuildFacetDistribution
 End:   BuildFacetDistribution; Timer: cpu0=0.000 wall=0.001 
 Start: Initialize data arrays on chips
 End:   Initialize data arrays on chips, res= 0; Timer: cpu0=0.000 wall=0.002 
  ***** Maximum Geometrical Gauss = 2.30875e-14, cell= 390:2:6:3:0
  ***** Maximum MovingSurf  Gauss = 2.06976e-14, cell= 45:1:1:1:0
 Start: Remove Small Cells
 End:   Remove Small Cells; Timer: cpu0=0.047 wall=0.020 
 Start: Initialize data arrays on chips
 End:   Initialize data arrays on chips, res= 0; Timer: cpu0=0.000 wall=0.002 
  ***** Maximum Geometrical Gauss = 2.30875e-14, cell= 390:2:6:3:0
  ***** Maximum MovingSurf  Gauss = 2.06976e-14, cell= 45:1:1:1:0
 Start: Initialize data arrays on chips
 End:   Initialize data arrays on chips, res= 0; Timer: cpu0=0.000 wall=0.003 
 Start: Modify Chip Data
 End:   Modify Chip Data; Timer: cpu0=0.469 wall=0.044 
 Start: TimeServis
 End:   TimeServis; Timer: cpu0=0.484 wall=0.045 
 Start: FindEnclaves
 End:   FindEnclaves; Timer: cpu0=0.094 wall=0.104 
 Start: VarValueService
 End:   VarValueService; Timer: cpu0=0.000 wall=0.002 
 Start: SolvePhaseEquation 
 End:   SolvePhaseEquation ; Timer: cpu0=13.203 wall=1.669 
 Start: SolidFiltersProcess: calculate forces and moments
 End:   SolidFiltersProcess: calculate forces and moments; Timer: cpu0=0.000 wall=0.002 
 Start: PrepareDataForNextStep
 End:   PrepareDataForNextStep; Timer: cpu0=0.250 wall=0.042 
 Start: VarValueService
 End:   VarValueService; Timer: cpu0=0.000 wall=0.001 
 Start: UpdateStopperData
 End:   UpdateStopperData; Timer: cpu0=0.000 wall=0.001 
 Start: Saving text status in E:\UniFlight\flow\full_rocket15_fv\data\full_rocket15.status
 End:   Saving text status in E:\UniFlight\flow\full_rocket15_fv\data\full_rocket15.status; Timer: cpu0=0.000 wall=0.003 
 End:   ===== Time Step =====, Iter number =  70; Timer: cpu0=22.016 wall=3.163 

20.06.26 15:38:04  ===== Processing Layers =====
20.06.26 15:38:04    *SEND* for CScalarLayer, GUID=7CD78E3E-90ED-43A0-9E73-BB60FDDAE621
 Start: ComputeVolumeCharacteristics
 End:   ComputeVolumeCharacteristics; Timer: cpu0=0.141 wall=0.005 
 Start: GetValueOnFacets
 End:   GetValueOnFacets; Timer: cpu0=0.016 wall=0.014 
20.06.26 15:38:04    *SEND* for CIntegralCharsLayer, GUID=4E090A0C-544B-E4A2-4242-BEC451D7CD2B
20.06.26 15:38:04    *SEND* for CIntegralCharsLayer, GUID=67F29492-B486-9BD6-015B-58123FE04E04
20.06.26 15:38:04    *SEND* for CIntegralCharsLayer, GUID=24E026D3-474F-9BDB-2BB1-A3745825FAC4
 End:   ===== Processing Layers =====; Timer: cpu0=0.156 wall=0.036 

20.06.26 15:38:04  ===== New Time Step =====, Iter number =  71
 Start: TimeServis
 End:   TimeServis; Timer: cpu0=0.312 wall=0.037 
 Start: User modules' functions BeforeTimeStep() are calling
 End:   User modules' functions BeforeTimeStep() are calling; Timer: cpu0=0.000 wall=0.001 
 Start: Adaptation, TotalRealCellsCount= 108741 
 End:   Adaptation; Timer: cpu0=6.625 wall=0.823 
 Start: DistributeGridOnProcessors
 End:   DistributeGridOnProcessors, res= 0; Timer: cpu0=0.953 wall=0.203 
 Start: SetNeiHyperCells
 End:   SetNeiHyperCells, res= 0; Timer: cpu0=0.000 wall=0.007 
 Start: BuildFacetDistribution
 End:   BuildFacetDistribution; Timer: cpu0=0.000 wall=0.002 
 Start: Initialize data arrays on chips
 End:   Initialize data arrays on chips, res= 0; Timer: cpu0=0.000 wall=0.002 
  ***** Maximum Geometrical Gauss = 2.30875e-14, cell= 390:2:6:3:0
  ***** Maximum MovingSurf  Gauss = 2.06976e-14, cell= 45:1:1:0
 Start: Remove Small Cells
 End:   Remove Small Cells; Timer: cpu0=0.312 wall=0.020 
 Start: Initialize data arrays on chips
 End:   Initialize data arrays on chips, res= 0; Timer: cpu0=0.000 wall=0.003 
  ***** Maximum Geometrical Gauss = 2.30875e-14, cell= 390:2:6:3:0
  ***** Maximum MovingSurf  Gauss = 2.06976e-14, cell= 45:1:1:0
 Start: Initialize data arrays on chips
 End:   Initialize data arrays on chips, res= 0; Timer: cpu0=0.000 wall=0.002 
 Start: Modify Chip Data
 End:   Modify Chip Data; Timer: cpu0=0.344 wall=0.032 
 Start: TimeServis
 End:   TimeServis; Timer: cpu0=0.516 wall=0.048 
 Start: FindEnclaves
 End:   FindEnclaves; Timer: cpu0=0.094 wall=0.097 
 Start: VarValueService
 End:   VarValueService; Timer: cpu0=0.000 wall=0.003 
 Start: SolvePhaseEquation 
 End:   SolvePhaseEquation ; Timer: cpu0=11.578 wall=1.395 
 Start: SolidFiltersProcess: calculate forces and moments
 End:   SolidFiltersProcess: calculate forces and moments; Timer: cpu0=0.000 wall=0.001 
 Start: PrepareDataForNextStep
 End:   PrepareDataForNextStep; Timer: cpu0=0.312 wall=0.040 
 Start: VarValueService
 End:   VarValueService; Timer: cpu0=0.000 wall=0.002 
 Start: UpdateStopperData
 End:   UpdateStopperData; Timer: cpu0=0.000 wall=0.000 
 Start: Saving text status in E:\UniFlight\flow\full_rocket15_fv\data\full_rocket15.status
 End:   Saving text status in E:\UniFlight\flow\full_rocket15_fv\data\full_rocket15.status; Timer: cpu0=0.000 wall=0.002 
 End:   ===== Time Step =====, Iter number =  71; Timer: cpu0=21.531 wall=2.801 

20.06.26 15:38:07  ===== Processing Layers =====
20.06.26 15:38:07    *SEND* for CScalarLayer, GUID=7CD78E3E-90ED-43A0-9E73-BB60FDDAE621
 Start: ComputeVolumeCharacteristics
 End:   ComputeVolumeCharacteristics; Timer: cpu0=0.000 wall=0.004 
 Start: GetValueOnFacets
 End:   GetValueOnFacets; Timer: cpu0=0.016 wall=0.014 
20.06.26 15:38:07    *SEND* for CIntegralCharsLayer, GUID=4E090A0C-544B-E4A2-4242-BEC451D7CD2B
20.06.26 15:38:07    *SEND* for CIntegralCharsLayer, GUID=67F29492-B486-9BD6-015B-58123FE04E04
20.06.26 15:38:07    *SEND* for CIntegralCharsLayer, GUID=24E026D3-474F-9BDB-2BB1-A3745825FAC4
 End:   ===== Processing Layers =====; Timer: cpu0=0.016 wall=0.035 

20.06.26 15:38:07  ===== New Time Step =====, Iter number =  72
 Start: TimeServis
 End:   TimeServis; Timer: cpu0=0.234 wall=0.032 
 Start: User modules' functions BeforeTimeStep() are calling
 End:   User modules' functions BeforeTimeStep() are calling; Timer: cpu0=0.000 wall=0.001 
 Start: Adaptation, TotalRealCellsCount= 95364 
 End:   Adaptation; Timer: cpu0=0.000 wall=0.004 
 Start: Initialize data arrays on chips
 End:   Initialize data arrays on chips, res= 0; Timer: cpu0=0.000 wall=0.002 
  ***** Maximum Geometrical Gauss = 2.30875e-14, cell= 390:2:6:3:0
  ***** Maximum MovingSurf  Gauss = 0, cell= 
 Start: Initialize data arrays on chips
 End:   Initialize data arrays on chips, res= 0; Timer: cpu0=0.000 wall=0.001 
 Start: TimeServis
 End:   TimeServis; Timer: cpu0=0.344 wall=0.038 
 Start: FindEnclaves
 End:   FindEnclaves; Timer: cpu0=0.062 wall=0.079 
 Start: VarValueService
 End:   VarValueService; Timer: cpu0=0.000 wall=0.001 
 Start: SolvePhaseEquation 
 End:   SolvePhaseEquation ; Timer: cpu0=11.344 wall=1.403 
 Start: SolidFiltersProcess: calculate forces and moments
 End:   SolidFiltersProcess: calculate forces and moments; Timer: cpu0=0.000 wall=0.002 
 Start: PrepareDataForNextStep
 End:   PrepareDataForNextStep; Timer: cpu0=0.297 wall=0.041 
 Start: VarValueService
 End:   VarValueService; Timer: cpu0=0.000 wall=0.002 
 Start: UpdateStopperData
 End:   UpdateStopperData; Timer: cpu0=0.000 wall=0.000 
 Start: Saving text status in E:\UniFlight\flow\full_rocket15_fv\data\full_rocket15.status
 End:   Saving text status in E:\UniFlight\flow\full_rocket15_fv\data\full_rocket15.status; Timer: cpu0=0.000 wall=0.002 
 End:   ===== Time Step =====, Iter number =  72; Timer: cpu0=12.625 wall=1.668 

20.06.26 15:38:09  ===== Processing Layers =====
20.06.26 15:38:09    *SEND* for CScalarLayer, GUID=7CD78E3E-90ED-43A0-9E73-BB60FDDAE621
 Start: ComputeVolumeCharacteristics
 End:   ComputeVolumeCharacteristics; Timer: cpu0=0.000 wall=0.005 
 Start: GetValueOnFacets
 End:   GetValueOnFacets; Timer: cpu0=0.172 wall=0.011 
20.06.26 15:38:09    *SEND* for CIntegralCharsLayer, GUID=4E090A0C-544B-E4A2-4242-BEC451D7CD2B
20.06.26 15:38:09    *SEND* for CIntegralCharsLayer, GUID=67F29492-B486-9BD6-015B-58123FE04E04
20.06.26 15:38:09    *SEND* for CIntegralCharsLayer, GUID=24E026D3-474F-9BDB-2BB1-A3745825FAC4
 End:   ===== Processing Layers =====; Timer: cpu0=0.172 wall=0.032 

20.06.26 15:38:09  ===== New Time Step =====, Iter number =  73
 Start: TimeServis
 End:   TimeServis; Timer: cpu0=0.328 wall=0.036 
 Start: User modules' functions BeforeTimeStep() are calling
 End:   User modules' functions BeforeTimeStep() are calling; Timer: cpu0=0.000 wall=0.002 
 Start: Adaptation, TotalRealCellsCount= 95364 
 End:   Adaptation; Timer: cpu0=0.000 wall=0.004 
 Start: Initialize data arrays on chips
 End:   Initialize data arrays on chips, res= 0; Timer: cpu0=0.000 wall=0.002 
  ***** Maximum Geometrical Gauss = 2.30875e-14, cell= 390:2:6:3:0
  ***** Maximum MovingSurf  Gauss = 0, cell= 
 Start: Initialize data arrays on chips
 End:   Initialize data arrays on chips, res= 0; Timer: cpu0=0.016 wall=0.001 
 Start: TimeServis
 End:   TimeServis; Timer: cpu0=0.297 wall=0.035 
 Start: FindEnclaves
 End:   FindEnclaves; Timer: cpu0=0.078 wall=0.078 
 Start: VarValueService
 End:   VarValueService; Timer: cpu0=0.000 wall=0.001 
 Start: SolvePhaseEquation 
 End:   SolvePhaseEquation ; Timer: cpu0=11.469 wall=1.404 
 Start: SolidFiltersProcess: calculate forces and moments
 End:   SolidFiltersProcess: calculate forces and moments; Timer: cpu0=0.000 wall=0.002 
 Start: PrepareDataForNextStep
 End:   PrepareDataForNextStep; Timer: cpu0=0.359 wall=0.046 
 Start: VarValueService
 End:   VarValueService; Timer: cpu0=0.000 wall=0.001 
 Start: UpdateStopperData
 End:   UpdateStopperData; Timer: cpu0=0.000 wall=0.000 
 Start: Saving text status in E:\UniFlight\flow\full_rocket15_fv\data\full_rocket15.status
 End:   Saving text status in E:\UniFlight\flow\full_rocket15_fv\data\full_rocket15.status; Timer: cpu0=0.000 wall=0.002 
 End:   ===== Time Step =====, Iter number =  73; Timer: cpu0=12.719 wall=1.670 

20.06.26 15:38:11  ===== Processing Layers =====
20.06.26 15:38:11    *SEND* for CScalarLayer, GUID=7CD78E3E-90ED-43A0-9E73-BB60FDDAE621
 Start: ComputeVolumeCharacteristics
 End:   ComputeVolumeCharacteristics; Timer: cpu0=0.000 wall=0.004 
 Start: GetValueOnFacets
 End:   GetValueOnFacets; Timer: cpu0=0.000 wall=0.012 
20.06.26 15:38:11    *SEND* for CIntegralCharsLayer, GUID=4E090A0C-544B-E4A2-4242-BEC451D7CD2B
20.06.26 15:38:11    *SEND* for CIntegralCharsLayer, GUID=67F29492-B486-9BD6-015B-58123FE04E04
20.06.26 15:38:11    *SEND* for CIntegralCharsLayer, GUID=24E026D3-474F-9BDB-2BB1-A3745825FAC4
 End:   ===== Processing Layers =====; Timer: cpu0=0.000 wall=0.034 

20.06.26 15:38:11  ===== New Time Step =====, Iter number =  74
 Start: TimeServis
 End:   TimeServis; Timer: cpu0=0.344 wall=0.033 
 Start: User modules' functions BeforeTimeStep() are calling
 End:   User modules' functions BeforeTimeStep() are calling; Timer: cpu0=0.000 wall=0.002 
 Start: Adaptation, TotalRealCellsCount= 95364 
 End:   Adaptation; Timer: cpu0=0.109 wall=0.004 
 Start: Initialize data arrays on chips
 End:   Initialize data arrays on chips, res= 0; Timer: cpu0=0.000 wall=0.003 
  ***** Maximum Geometrical Gauss = 2.30875e-14, cell= 390:2:6:3:0
  ***** Maximum MovingSurf  Gauss = 0, cell= 
 Start: Initialize data arrays on chips
 End:   Initialize data arrays on chips, res= 0; Timer: cpu0=0.000 wall=0.002 
 Start: TimeServis
 End:   TimeServis; Timer: cpu0=0.344 wall=0.034 
 Start: FindEnclaves
 End:   FindEnclaves; Timer: cpu0=0.078 wall=0.088 
 Start: VarValueService
 End:   VarValueService; Timer: cpu0=0.000 wall=0.002 
 Start: SolvePhaseEquation 
 End:   SolvePhaseEquation ; Timer: cpu0=12.047 wall=1.434 
 Start: SolidFiltersProcess: calculate forces and moments
 End:   SolidFiltersProcess: calculate forces and moments; Timer: cpu0=0.000 wall=0.002 
 Start: PrepareDataForNextStep
 End:   PrepareDataForNextStep; Timer: cpu0=0.312 wall=0.041 
 Start: VarValueService
 End:   VarValueService; Timer: cpu0=0.000 wall=0.001 
 Start: UpdateStopperData
 End:   UpdateStopperData; Timer: cpu0=0.000 wall=0.002 
 Start: Saving text status in E:\UniFlight\flow\full_rocket15_fv\data\full_rocket15.status
 End:   Saving text status in E:\UniFlight\flow\full_rocket15_fv\data\full_rocket15.status; Timer: cpu0=0.000 wall=0.002 
 End:   ===== Time Step =====, Iter number =  74; Timer: cpu0=13.438 wall=1.704 

20.06.26 15:38:13  ===== Processing Layers =====
20.06.26 15:38:13    *SEND* for CScalarLayer, GUID=7CD78E3E-90ED-43A0-9E73-BB60FDDAE621
 Start: ComputeVolumeCharacteristics
 End:   ComputeVolumeCharacteristics; Timer: cpu0=0.000 wall=0.004 
 Start: GetValueOnFacets
 End:   GetValueOnFacets; Timer: cpu0=0.172 wall=0.013 
20.06.26 15:38:13    *SEND* for CIntegralCharsLayer, GUID=4E090A0C-544B-E4A2-4242-BEC451D7CD2B
20.06.26 15:38:13    *SEND* for CIntegralCharsLayer, GUID=67F29492-B486-9BD6-015B-58123FE04E04
20.06.26 15:38:13    *SEND* for CIntegralCharsLayer, GUID=24E026D3-474F-9BDB-2BB1-A3745825FAC4
 End:   ===== Processing Layers =====; Timer: cpu0=0.344 wall=0.034 

20.06.26 15:38:13  ===== New Time Step =====, Iter number =  75
 Start: TimeServis
 End:   TimeServis; Timer: cpu0=0.422 wall=0.036 
 Start: User modules' functions BeforeTimeStep() are calling
 End:   User modules' functions BeforeTimeStep() are calling; Timer: cpu0=0.000 wall=0.001 
 Start: Adaptation, TotalRealCellsCount= 95364 
 End:   Adaptation; Timer: cpu0=0.000 wall=0.004 
 Start: Initialize data arrays on chips
 End:   Initialize data arrays on chips, res= 0; Timer: cpu0=0.000 wall=0.001 
  ***** Maximum Geometrical Gauss = 2.30875e-14, cell= 390:2:6:3:0
  ***** Maximum MovingSurf  Gauss = 0, cell= 
 Start: Initialize data arrays on chips
 End:   Initialize data arrays on chips, res= 0; Timer: cpu0=0.000 wall=0.001 
 Start: TimeServis
 End:   TimeServis; Timer: cpu0=0.344 wall=0.038 
 Start: FindEnclaves
 End:   FindEnclaves; Timer: cpu0=0.250 wall=0.084 
 Start: VarValueService
 End:   VarValueService; Timer: cpu0=0.000 wall=0.001 
 Start: SolvePhaseEquation 
 End:   SolvePhaseEquation ; Timer: cpu0=11.594 wall=1.409 
 Start: SolidFiltersProcess: calculate forces and moments
 End:   SolidFiltersProcess: calculate forces and moments; Timer: cpu0=0.000 wall=0.001 
 Start: PrepareDataForNextStep
 End:   PrepareDataForNextStep; Timer: cpu0=0.172 wall=0.039 
 Start: VarValueService
 End:   VarValueService; Timer: cpu0=0.000 wall=0.001 
 Start: UpdateStopperData
 End:   UpdateStopperData; Timer: cpu0=0.000 wall=0.000 
 Start: Saving text status in E:\UniFlight\flow\full_rocket15_fv\data\full_rocket15.status
 End:   Saving text status in E:\UniFlight\flow\full_rocket15_fv\data\full_rocket15.status; Timer: cpu0=0.000 wall=0.002 
 End:   ===== Time Step =====, Iter number =  75; Timer: cpu0=12.969 wall=1.680 

20.06.26 15:38:15  ===== Processing Layers =====
20.06.26 15:38:15    *SEND* for CScalarLayer, GUID=7CD78E3E-90ED-43A0-9E73-BB60FDDAE621
 Start: ComputeVolumeCharacteristics
 End:   ComputeVolumeCharacteristics; Timer: cpu0=0.000 wall=0.004 
 Start: GetValueOnFacets
 End:   GetValueOnFacets; Timer: cpu0=0.016 wall=0.013 
20.06.26 15:38:15    *SEND* for CIntegralCharsLayer, GUID=4E090A0C-544B-E4A2-4242-BEC451D7CD2B
20.06.26 15:38:15    *SEND* for CIntegralCharsLayer, GUID=67F29492-B486-9BD6-015B-58123FE04E04
20.06.26 15:38:15    *SEND* for CIntegralCharsLayer, GUID=24E026D3-474F-9BDB-2BB1-A3745825FAC4
 End:   ===== Processing Layers =====; Timer: cpu0=0.016 wall=0.033 

20.06.26 15:38:15  ===== New Time Step =====, Iter number =  76
 Start: TimeServis
 End:   TimeServis; Timer: cpu0=0.344 wall=0.035 
 Start: User modules' functions BeforeTimeStep() are calling
 End:   User modules' functions BeforeTimeStep() are calling; Timer: cpu0=0.000 wall=0.003 
 Start: Adaptation, TotalRealCellsCount= 95364 
 End:   Adaptation; Timer: cpu0=0.172 wall=0.004 
 Start: Initialize data arrays on chips
 End:   Initialize data arrays on chips, res= 0; Timer: cpu0=0.000 wall=0.002 
  ***** Maximum Geometrical Gauss = 2.30875e-14, cell= 390:2:6:3:0
  ***** Maximum MovingSurf  Gauss = 0, cell= 
 Start: Initialize data arrays on chips
 End:   Initialize data arrays on chips, res= 0; Timer: cpu0=0.000 wall=0.002 
 Start: TimeServis
 End:   TimeServis; Timer: cpu0=0.328 wall=0.035 
 Start: FindEnclaves
 End:   FindEnclaves; Timer: cpu0=0.078 wall=0.092 
 Start: VarValueService
 End:   VarValueService; Timer: cpu0=0.000 wall=0.002 
 Start: SolvePhaseEquation 
 End:   SolvePhaseEquation ; Timer: cpu0=10.922 wall=1.361 
 Start: SolidFiltersProcess: calculate forces and moments
 End:   SolidFiltersProcess: calculate forces and moments; Timer: cpu0=0.000 wall=0.001 
 Start: PrepareDataForNextStep
 End:   PrepareDataForNextStep; Timer: cpu0=0.172 wall=0.043 
 Start: VarValueService
 End:   VarValueService; Timer: cpu0=0.000 wall=0.001 
 Start: UpdateStopperData
 End:   UpdateStopperData; Timer: cpu0=0.000 wall=0.001 
 Start: Saving text status in E:\UniFlight\flow\full_rocket15_fv\data\full_rocket15.status
 End:   Saving text status in E:\UniFlight\flow\full_rocket15_fv\data\full_rocket15.status; Timer: cpu0=0.000 wall=0.001 
 End:   ===== Time Step =====, Iter number =  76; Timer: cpu0=12.359 wall=1.647 

20.06.26 15:38:17  ===== Processing Layers =====
20.06.26 15:38:17    *SEND* for CScalarLayer, GUID=7CD78E3E-90ED-43A0-9E73-BB60FDDAE621
 Start: ComputeVolumeCharacteristics
 End:   ComputeVolumeCharacteristics; Timer: cpu0=0.000 wall=0.004 
 Start: GetValueOnFacets
 End:   GetValueOnFacets; Timer: cpu0=0.062 wall=0.013 
20.06.26 15:38:17    *SEND* for CIntegralCharsLayer, GUID=4E090A0C-544B-E4A2-4242-BEC451D7CD2B
20.06.26 15:38:17    *SEND* for CIntegralCharsLayer, GUID=67F29492-B486-9BD6-015B-58123FE04E04
20.06.26 15:38:17    *SEND* for CIntegralCharsLayer, GUID=24E026D3-474F-9BDB-2BB1-A3745825FAC4
 End:   ===== Processing Layers =====; Timer: cpu0=0.094 wall=0.036 

20.06.26 15:38:17  ===== New Time Step =====, Iter number =  77
 Start: TimeServis
 End:   TimeServis; Timer: cpu0=0.344 wall=0.032 
 Start: User modules' functions BeforeTimeStep() are calling
 End:   User modules' functions BeforeTimeStep() are calling; Timer: cpu0=0.000 wall=0.002 
 Start: Adaptation, TotalRealCellsCount= 95364 
 End:   Adaptation; Timer: cpu0=0.000 wall=0.006 
 Start: Initialize data arrays on chips
 End:   Initialize data arrays on chips, res= 0; Timer: cpu0=0.000 wall=0.002 
  ***** Maximum Geometrical Gauss = 2.30875e-14, cell= 390:2:6:3:0
  ***** Maximum MovingSurf  Gauss = 0, cell= 
 Start: Initialize data arrays on chips
 End:   Initialize data arrays on chips, res= 0; Timer: cpu0=0.000 wall=0.001 
 Start: TimeServis
 End:   TimeServis; Timer: cpu0=0.344 wall=0.038 
 Start: FindEnclaves
 End:   FindEnclaves; Timer: cpu0=0.234 wall=0.088 
 Start: VarValueService
 End:   VarValueService; Timer: cpu0=0.000 wall=0.001 
 Start: SolvePhaseEquation 
 End:   SolvePhaseEquation ; Timer: cpu0=11.172 wall=1.381 
 Start: SolidFiltersProcess: calculate forces and moments
 End:   SolidFiltersProcess: calculate forces and moments; Timer: cpu0=0.000 wall=0.001 
 Start: PrepareDataForNextStep
 End:   PrepareDataForNextStep; Timer: cpu0=0.375 wall=0.042 
 Start: VarValueService
 End:   VarValueService; Timer: cpu0=0.000 wall=0.002 
 Start: UpdateStopperData
 End:   UpdateStopperData; Timer: cpu0=0.000 wall=0.000 
 Start: Saving text status in E:\UniFlight\flow\full_rocket15_fv\data\full_rocket15.status
 End:   Saving text status in E:\UniFlight\flow\full_rocket15_fv\data\full_rocket15.status; Timer: cpu0=0.000 wall=0.002 
 End:   ===== Time Step =====, Iter number =  77; Timer: cpu0=12.641 wall=1.663 

20.06.26 15:38:19  ===== Processing Layers =====
20.06.26 15:38:19    *SEND* for CScalarLayer, GUID=7CD78E3E-90ED-43A0-9E73-BB60FDDAE621
 Start: ComputeVolumeCharacteristics
 End:   ComputeVolumeCharacteristics; Timer: cpu0=0.000 wall=0.003 
 Start: GetValueOnFacets
 End:   GetValueOnFacets; Timer: cpu0=0.156 wall=0.011 
20.06.26 15:38:19    *SEND* for CIntegralCharsLayer, GUID=4E090A0C-544B-E4A2-4242-BEC451D7CD2B
20.06.26 15:38:19    *SEND* for CIntegralCharsLayer, GUID=67F29492-B486-9BD6-015B-58123FE04E04
20.06.26 15:38:19    *SEND* for CIntegralCharsLayer, GUID=24E026D3-474F-9BDB-2BB1-A3745825FAC4
 End:   ===== Processing Layers =====; Timer: cpu0=0.328 wall=0.030 

20.06.26 15:38:19  ===== New Time Step =====, Iter number =  78
 Start: TimeServis
 End:   TimeServis; Timer: cpu0=0.312 wall=0.033 
 Start: User modules' functions BeforeTimeStep() are calling
 End:   User modules' functions BeforeTimeStep() are calling; Timer: cpu0=0.000 wall=0.001 
 Start: Adaptation, TotalRealCellsCount= 95364 
 End:   Adaptation; Timer: cpu0=0.000 wall=0.004 
 Start: Initialize data arrays on chips
 End:   Initialize data arrays on chips, res= 0; Timer: cpu0=0.172 wall=0.001 
  ***** Maximum Geometrical Gauss = 2.30875e-14, cell= 390:2:6:3:0
  ***** Maximum MovingSurf  Gauss = 0, cell= 
 Start: Initialize data arrays on chips
 End:   Initialize data arrays on chips, res= 0; Timer: cpu0=0.000 wall=0.002 
 Start: TimeServis
 End:   TimeServis; Timer: cpu0=0.422 wall=0.036 
 Start: FindEnclaves
 End:   FindEnclaves; Timer: cpu0=0.078 wall=0.081 
 Start: VarValueService
 End:   VarValueService; Timer: cpu0=0.000 wall=0.001 
 Start: SolvePhaseEquation 
 End:   SolvePhaseEquation ; Timer: cpu0=11.516 wall=1.430 
 Start: SolidFiltersProcess: calculate forces and moments
 End:   SolidFiltersProcess: calculate forces and moments; Timer: cpu0=0.000 wall=0.001 
 Start: PrepareDataForNextStep
 End:   PrepareDataForNextStep; Timer: cpu0=0.391 wall=0.044 
 Start: VarValueService
 End:   VarValueService; Timer: cpu0=0.000 wall=0.001 
 Start: UpdateStopperData
 End:   UpdateStopperData; Timer: cpu0=0.000 wall=0.000 
 Start: Saving text status in E:\UniFlight\flow\full_rocket15_fv\data\full_rocket15.status
 End:   Saving text status in E:\UniFlight\flow\full_rocket15_fv\data\full_rocket15.status; Timer: cpu0=0.000 wall=0.002 
 End:   ===== Time Step =====, Iter number =  78; Timer: cpu0=13.047 wall=1.697 

20.06.26 15:38:21  ===== Processing Layers =====
20.06.26 15:38:21    *SEND* for CScalarLayer, GUID=7CD78E3E-90ED-43A0-9E73-BB60FDDAE621
 Start: ComputeVolumeCharacteristics
 End:   ComputeVolumeCharacteristics; Timer: cpu0=0.000 wall=0.005 
 Start: GetValueOnFacets
 End:   GetValueOnFacets; Timer: cpu0=0.000 wall=0.012 
20.06.26 15:38:21    *SEND* for CIntegralCharsLayer, GUID=4E090A0C-544B-E4A2-4242-BEC451D7CD2B
20.06.26 15:38:21    *SEND* for CIntegralCharsLayer, GUID=67F29492-B486-9BD6-015B-58123FE04E04
20.06.26 15:38:21    *SEND* for CIntegralCharsLayer, GUID=24E026D3-474F-9BDB-2BB1-A3745825FAC4
 End:   ===== Processing Layers =====; Timer: cpu0=0.000 wall=0.035 

20.06.26 15:38:21  ===== New Time Step =====, Iter number =  79
 Start: TimeServis
 End:   TimeServis; Timer: cpu0=0.312 wall=0.035 
 Start: User modules' functions BeforeTimeStep() are calling
 End:   User modules' functions BeforeTimeStep() are calling; Timer: cpu0=0.000 wall=0.001 
 Start: Adaptation, TotalRealCellsCount= 95364 
 End:   Adaptation; Timer: cpu0=0.172 wall=0.004 
 Start: Initialize data arrays on chips
 End:   Initialize data arrays on chips, res= 0; Timer: cpu0=0.000 wall=0.002 
  ***** Maximum Geometrical Gauss = 2.30875e-14, cell= 390:2:6:3:0
  ***** Maximum MovingSurf  Gauss = 0, cell= 
 Start: Initialize data arrays on chips
 End:   Initialize data arrays on chips, res= 0; Timer: cpu0=0.000 wall=0.003 
 Start: TimeServis
 End:   TimeServis; Timer: cpu0=0.344 wall=0.033 
 Start: FindEnclaves
 End:   FindEnclaves; Timer: cpu0=0.078 wall=0.081 
 Start: VarValueService
 End:   VarValueService; Timer: cpu0=0.000 wall=0.001 
 Start: SolvePhaseEquation 
 End:   SolvePhaseEquation ; Timer: cpu0=11.625 wall=1.412 
 Start: SolidFiltersProcess: calculate forces and moments
 End:   SolidFiltersProcess: calculate forces and moments; Timer: cpu0=0.000 wall=0.002 
 Start: PrepareDataForNextStep
 End:   PrepareDataForNextStep; Timer: cpu0=0.188 wall=0.043 
 Start: VarValueService
 End:   VarValueService; Timer: cpu0=0.000 wall=0.002 
 Start: UpdateStopperData
 End:   UpdateStopperData; Timer: cpu0=0.000 wall=0.001 
 Start: Saving text status in E:\UniFlight\flow\full_rocket15_fv\data\full_rocket15.status
 End:   Saving text status in E:\UniFlight\flow\full_rocket15_fv\data\full_rocket15.status; Timer: cpu0=0.000 wall=0.002 
 End:   ===== Time Step =====, Iter number =  79; Timer: cpu0=12.891 wall=1.675 

20.06.26 15:38:23  ===== Processing Layers =====
20.06.26 15:38:23    *SEND* for CScalarLayer, GUID=7CD78E3E-90ED-43A0-9E73-BB60FDDAE621
 Start: ComputeVolumeCharacteristics
 End:   ComputeVolumeCharacteristics; Timer: cpu0=0.172 wall=0.004 
 Start: GetValueOnFacets
 End:   GetValueOnFacets; Timer: cpu0=0.000 wall=0.013 
20.06.26 15:38:23    *SEND* for CIntegralCharsLayer, GUID=4E090A0C-544B-E4A2-4242-BEC451D7CD2B
20.06.26 15:38:23    *SEND* for CIntegralCharsLayer, GUID=67F29492-B486-9BD6-015B-58123FE04E04
20.06.26 15:38:23    *SEND* for CIntegralCharsLayer, GUID=24E026D3-474F-9BDB-2BB1-A3745825FAC4
 End:   ===== Processing Layers =====; Timer: cpu0=0.172 wall=0.030 

20.06.26 15:38:23  ===== New Time Step =====, Iter number =  80
 Start: TimeServis
 End:   TimeServis; Timer: cpu0=0.266 wall=0.037 
 Start: User modules' functions BeforeTimeStep() are calling
 End:   User modules' functions BeforeTimeStep() are calling; Timer: cpu0=0.000 wall=0.004 
 Start: Adaptation, TotalRealCellsCount= 95364 
 End:   Adaptation; Timer: cpu0=6.500 wall=0.797 
 Start: DistributeGridOnProcessors
 End:   DistributeGridOnProcessors, res= 0; Timer: cpu0=0.625 wall=0.222 
 Start: SetNeiHyperCells
 End:   SetNeiHyperCells, res= 0; Timer: cpu0=0.141 wall=0.008 
 Start: BuildFacetDistribution
 End:   BuildFacetDistribution; Timer: cpu0=0.000 wall=0.002 
 Start: Initialize data arrays on chips
 End:   Initialize data arrays on chips, res= 0; Timer: cpu0=0.125 wall=0.002 
  ***** Maximum Geometrical Gauss = 2.17193e-14, cell= 490:2:2:3:0
  ***** Maximum MovingSurf  Gauss = 2.49073e-14, cell= 45:1:3:3:0
 Start: Remove Small Cells
 End:   Remove Small Cells; Timer: cpu0=0.344 wall=0.022 
 Start: Initialize data arrays on chips
 End:   Initialize data arrays on chips, res= 0; Timer: cpu0=0.000 wall=0.003 
  ***** Maximum Geometrical Gauss = 2.17193e-14, cell= 490:2:2:3:0
  ***** Maximum MovingSurf  Gauss = 2.49073e-14, cell= 45:1:3:3:0
 Start: Initialize data arrays on chips
 End:   Initialize data arrays on chips, res= 0; Timer: cpu0=0.000 wall=0.002 
 Start: Modify Chip Data
 End:   Modify Chip Data; Timer: cpu0=0.500 wall=0.042 
 Start: TimeServis
 End:   TimeServis; Timer: cpu0=0.656 wall=0.058 
 Start: FindEnclaves
 End:   FindEnclaves; Timer: cpu0=0.281 wall=0.118 
 Start: VarValueService
 End:   VarValueService; Timer: cpu0=0.000 wall=0.002 
 Start: SolvePhaseEquation 
 End:   SolvePhaseEquation ; Timer: cpu0=14.031 wall=1.657 
 Start: SolidFiltersProcess: calculate forces and moments
 End:   SolidFiltersProcess: calculate forces and moments; Timer: cpu0=0.000 wall=0.002 
 Start: PrepareDataForNextStep
 End:   PrepareDataForNextStep; Timer: cpu0=0.203 wall=0.037 
 Start: VarValueService
 End:   VarValueService; Timer: cpu0=0.000 wall=0.001 
 Start: UpdateStopperData
 End:   UpdateStopperData; Timer: cpu0=0.000 wall=0.001 
 Start: Saving text status in E:\UniFlight\flow\full_rocket15_fv\data\full_rocket15.status
 End:   Saving text status in E:\UniFlight\flow\full_rocket15_fv\data\full_rocket15.status; Timer: cpu0=0.000 wall=0.002 
 End:   ===== Time Step =====, Iter number =  80; Timer: cpu0=23.906 wall=3.106 

20.06.26 15:38:26  ===== Processing Layers =====
20.06.26 15:38:26    *SEND* for CScalarLayer, GUID=7CD78E3E-90ED-43A0-9E73-BB60FDDAE621
 Start: ComputeVolumeCharacteristics
 End:   ComputeVolumeCharacteristics; Timer: cpu0=0.000 wall=0.004 
 Start: GetValueOnFacets
 End:   GetValueOnFacets; Timer: cpu0=0.172 wall=0.014 
20.06.26 15:38:26    *SEND* for CIntegralCharsLayer, GUID=4E090A0C-544B-E4A2-4242-BEC451D7CD2B
20.06.26 15:38:26    *SEND* for CIntegralCharsLayer, GUID=67F29492-B486-9BD6-015B-58123FE04E04
20.06.26 15:38:26    *SEND* for CIntegralCharsLayer, GUID=24E026D3-474F-9BDB-2BB1-A3745825FAC4
 End:   ===== Processing Layers =====; Timer: cpu0=0.344 wall=0.037 

20.06.26 15:38:26  ===== New Time Step =====, Iter number =  81
 Start: TimeServis
 End:   TimeServis; Timer: cpu0=0.375 wall=0.037 
 Start: User modules' functions BeforeTimeStep() are calling
 End:   User modules' functions BeforeTimeStep() are calling; Timer: cpu0=0.000 wall=0.002 
 Start: Adaptation, TotalRealCellsCount= 107733 
 End:   Adaptation; Timer: cpu0=5.422 wall=0.803 
 Start: DistributeGridOnProcessors
 End:   DistributeGridOnProcessors, res= 0; Timer: cpu0=0.688 wall=0.201 
 Start: SetNeiHyperCells
 End:   SetNeiHyperCells, res= 0; Timer: cpu0=0.000 wall=0.007 
 Start: BuildFacetDistribution
 End:   BuildFacetDistribution; Timer: cpu0=0.000 wall=0.003 
 Start: Initialize data arrays on chips
 End:   Initialize data arrays on chips, res= 0; Timer: cpu0=0.000 wall=0.002 
  ***** Maximum Geometrical Gauss = 2.17193e-14, cell= 490:2:2:3:0
  ***** Maximum MovingSurf  Gauss = 1.40323e-14, cell= 696:6:3:0
 Start: Remove Small Cells
 End:   Remove Small Cells; Timer: cpu0=0.172 wall=0.024 
 Start: Initialize data arrays on chips
 End:   Initialize data arrays on chips, res= 0; Timer: cpu0=0.000 wall=0.003 
  ***** Maximum Geometrical Gauss = 2.17193e-14, cell= 490:2:2:3:0
  ***** Maximum MovingSurf  Gauss = 1.40323e-14, cell= 696:6:3:0
 Start: Initialize data arrays on chips
 End:   Initialize data arrays on chips, res= 0; Timer: cpu0=0.000 wall=0.002 
 Start: Modify Chip Data
 End:   Modify Chip Data; Timer: cpu0=0.344 wall=0.031 
 Start: TimeServis
 End:   TimeServis; Timer: cpu0=0.516 wall=0.050 
 Start: FindEnclaves
 End:   FindEnclaves; Timer: cpu0=0.094 wall=0.097 
 Start: VarValueService
 End:   VarValueService; Timer: cpu0=0.000 wall=0.001 
 Start: SolvePhaseEquation 
 End:   SolvePhaseEquation ; Timer: cpu0=12.344 wall=1.462 
 Start: SolidFiltersProcess: calculate forces and moments
 End:   SolidFiltersProcess: calculate forces and moments; Timer: cpu0=0.000 wall=0.001 
 Start: PrepareDataForNextStep
 End:   PrepareDataForNextStep; Timer: cpu0=0.328 wall=0.037 
 Start: VarValueService
 End:   VarValueService; Timer: cpu0=0.016 wall=0.002 
 Start: UpdateStopperData
 End:   UpdateStopperData; Timer: cpu0=0.000 wall=0.001 
 Start: Saving text status in E:\UniFlight\flow\full_rocket15_fv\data\full_rocket15.status
 End:   Saving text status in E:\UniFlight\flow\full_rocket15_fv\data\full_rocket15.status; Timer: cpu0=0.000 wall=0.002 
 End:   ===== Time Step =====, Iter number =  81; Timer: cpu0=20.641 wall=2.860 

20.06.26 15:38:30  ===== Processing Layers =====
20.06.26 15:38:30    *SEND* for CScalarLayer, GUID=7CD78E3E-90ED-43A0-9E73-BB60FDDAE621
 Start: ComputeVolumeCharacteristics
 End:   ComputeVolumeCharacteristics; Timer: cpu0=0.000 wall=0.004 
 Start: GetValueOnFacets
 End:   GetValueOnFacets; Timer: cpu0=0.016 wall=0.014 
20.06.26 15:38:30    *SEND* for CIntegralCharsLayer, GUID=4E090A0C-544B-E4A2-4242-BEC451D7CD2B
20.06.26 15:38:30    *SEND* for CIntegralCharsLayer, GUID=67F29492-B486-9BD6-015B-58123FE04E04
20.06.26 15:38:30    *SEND* for CIntegralCharsLayer, GUID=24E026D3-474F-9BDB-2BB1-A3745825FAC4
 End:   ===== Processing Layers =====; Timer: cpu0=0.031 wall=0.037 

20.06.26 15:38:30  ===== New Time Step =====, Iter number =  82
 Start: TimeServis
 End:   TimeServis; Timer: cpu0=0.484 wall=0.035 
 Start: User modules' functions BeforeTimeStep() are calling
 End:   User modules' functions BeforeTimeStep() are calling; Timer: cpu0=0.000 wall=0.003 
 Start: Adaptation, TotalRealCellsCount= 95651 
 End:   Adaptation; Timer: cpu0=0.141 wall=0.004 
 Start: Initialize data arrays on chips
 End:   Initialize data arrays on chips, res= 0; Timer: cpu0=0.000 wall=0.002 
  ***** Maximum Geometrical Gauss = 2.17193e-14, cell= 490:2:2:3:0
  ***** Maximum MovingSurf  Gauss = 0, cell= 
 Start: Initialize data arrays on chips
 End:   Initialize data arrays on chips, res= 0; Timer: cpu0=0.000 wall=0.008 
 Start: TimeServis
 End:   TimeServis; Timer: cpu0=0.547 wall=0.079 
 Start: FindEnclaves
 End:   FindEnclaves; Timer: cpu0=0.203 wall=0.102 
 Start: VarValueService
 End:   VarValueService; Timer: cpu0=0.000 wall=0.001 
 Start: SolvePhaseEquation 
 End:   SolvePhaseEquation ; Timer: cpu0=12.750 wall=1.671 
 Start: SolidFiltersProcess: calculate forces and moments
 End:   SolidFiltersProcess: calculate forces and moments; Timer: cpu0=0.000 wall=0.002 
 Start: PrepareDataForNextStep
 End:   PrepareDataForNextStep; Timer: cpu0=0.281 wall=0.045 
 Start: VarValueService
 End:   VarValueService; Timer: cpu0=0.000 wall=0.001 
 Start: UpdateStopperData
 End:   UpdateStopperData; Timer: cpu0=0.000 wall=0.001 
 Start: Saving text status in E:\UniFlight\flow\full_rocket15_fv\data\full_rocket15.status
 End:   Saving text status in E:\UniFlight\flow\full_rocket15_fv\data\full_rocket15.status; Timer: cpu0=0.000 wall=0.003 
 End:   ===== Time Step =====, Iter number =  82; Timer: cpu0=14.547 wall=2.082 

20.06.26 15:38:32  ===== Processing Layers =====
20.06.26 15:38:32    *SEND* for CScalarLayer, GUID=7CD78E3E-90ED-43A0-9E73-BB60FDDAE621
 Start: ComputeVolumeCharacteristics
 End:   ComputeVolumeCharacteristics; Timer: cpu0=0.109 wall=0.006 
 Start: GetValueOnFacets
 End:   GetValueOnFacets; Timer: cpu0=0.156 wall=0.014 
20.06.26 15:38:32    *SEND* for CIntegralCharsLayer, GUID=4E090A0C-544B-E4A2-4242-BEC451D7CD2B
20.06.26 15:38:32    *SEND* for CIntegralCharsLayer, GUID=67F29492-B486-9BD6-015B-58123FE04E04
20.06.26 15:38:32    *SEND* for CIntegralCharsLayer, GUID=24E026D3-474F-9BDB-2BB1-A3745825FAC4
 End:   ===== Processing Layers =====; Timer: cpu0=0.266 wall=0.036 

20.06.26 15:38:32  ===== New Time Step =====, Iter number =  83
 Start: TimeServis
 End:   TimeServis; Timer: cpu0=0.297 wall=0.034 
 Start: User modules' functions BeforeTimeStep() are calling
 End:   User modules' functions BeforeTimeStep() are calling; Timer: cpu0=0.000 wall=0.002 
 Start: Adaptation, TotalRealCellsCount= 95651 
 End:   Adaptation; Timer: cpu0=0.000 wall=0.007 
 Start: Initialize data arrays on chips
 End:   Initialize data arrays on chips, res= 0; Timer: cpu0=0.000 wall=0.003 
  ***** Maximum Geometrical Gauss = 2.17193e-14, cell= 490:2:2:3:0
  ***** Maximum MovingSurf  Gauss = 0, cell= 
 Start: Initialize data arrays on chips
 End:   Initialize data arrays on chips, res= 0; Timer: cpu0=0.000 wall=0.002 
 Start: TimeServis
 End:   TimeServis; Timer: cpu0=0.375 wall=0.044 
 Start: FindEnclaves
 End:   FindEnclaves; Timer: cpu0=0.078 wall=0.079 
 Start: VarValueService
 End:   VarValueService; Timer: cpu0=0.000 wall=0.001 
 Start: SolvePhaseEquation 
 End:   SolvePhaseEquation ; Timer: cpu0=11.922 wall=1.415 
 Start: SolidFiltersProcess: calculate forces and moments
 End:   SolidFiltersProcess: calculate forces and moments; Timer: cpu0=0.000 wall=0.003 
 Start: PrepareDataForNextStep
 End:   PrepareDataForNextStep; Timer: cpu0=0.297 wall=0.038 
 Start: VarValueService
 End:   VarValueService; Timer: cpu0=0.000 wall=0.001 
 Start: UpdateStopperData
 End:   UpdateStopperData; Timer: cpu0=0.000 wall=0.001 
 Start: Saving text status in E:\UniFlight\flow\full_rocket15_fv\data\full_rocket15.status
 End:   Saving text status in E:\UniFlight\flow\full_rocket15_fv\data\full_rocket15.status; Timer: cpu0=0.000 wall=0.003 
 End:   ===== Time Step =====, Iter number =  83; Timer: cpu0=13.312 wall=1.697 

20.06.26 15:38:34  ===== Processing Layers =====
20.06.26 15:38:34    *SEND* for CScalarLayer, GUID=7CD78E3E-90ED-43A0-9E73-BB60FDDAE621
 Start: ComputeVolumeCharacteristics
 End:   ComputeVolumeCharacteristics; Timer: cpu0=0.000 wall=0.003 
 Start: GetValueOnFacets
 End:   GetValueOnFacets; Timer: cpu0=0.141 wall=0.015 
20.06.26 15:38:34    *SEND* for CIntegralCharsLayer, GUID=4E090A0C-544B-E4A2-4242-BEC451D7CD2B
20.06.26 15:38:34    *SEND* for CIntegralCharsLayer, GUID=67F29492-B486-9BD6-015B-58123FE04E04
20.06.26 15:38:34    *SEND* for CIntegralCharsLayer, GUID=24E026D3-474F-9BDB-2BB1-A3745825FAC4
 End:   ===== Processing Layers =====; Timer: cpu0=0.172 wall=0.035 

20.06.26 15:38:34  ===== New Time Step =====, Iter number =  84
 Start: TimeServis
 End:   TimeServis; Timer: cpu0=0.312 wall=0.032 
 Start: User modules' functions BeforeTimeStep() are calling
 End:   User modules' functions BeforeTimeStep() are calling; Timer: cpu0=0.000 wall=0.002 
 Start: Adaptation, TotalRealCellsCount= 95651 
 End:   Adaptation; Timer: cpu0=0.000 wall=0.004 
 Start: Initialize data arrays on chips
 End:   Initialize data arrays on chips, res= 0; Timer: cpu0=0.000 wall=0.002 
  ***** Maximum Geometrical Gauss = 2.17193e-14, cell= 490:2:2:3:0
  ***** Maximum MovingSurf  Gauss = 0, cell= 
 Start: Initialize data arrays on chips
 End:   Initialize data arrays on chips, res= 0; Timer: cpu0=0.000 wall=0.002 
 Start: TimeServis
 End:   TimeServis; Timer: cpu0=0.344 wall=0.040 
 Start: FindEnclaves
 End:   FindEnclaves; Timer: cpu0=0.078 wall=0.074 
 Start: VarValueService
 End:   VarValueService; Timer: cpu0=0.000 wall=0.001 
 Start: SolvePhaseEquation 
 End:   SolvePhaseEquation ; Timer: cpu0=11.984 wall=1.437 
 Start: SolidFiltersProcess: calculate forces and moments
 End:   SolidFiltersProcess: calculate forces and moments; Timer: cpu0=0.000 wall=0.002 
 Start: PrepareDataForNextStep
 End:   PrepareDataForNextStep; Timer: cpu0=0.203 wall=0.040 
 Start: VarValueService
 End:   VarValueService; Timer: cpu0=0.000 wall=0.001 
 Start: UpdateStopperData
 End:   UpdateStopperData; Timer: cpu0=0.000 wall=0.001 
 Start: Saving text status in E:\UniFlight\flow\full_rocket15_fv\data\full_rocket15.status
 End:   Saving text status in E:\UniFlight\flow\full_rocket15_fv\data\full_rocket15.status; Timer: cpu0=0.000 wall=0.003 
 End:   ===== Time Step =====, Iter number =  84; Timer: cpu0=13.125 wall=1.699 

20.06.26 15:38:36  ===== Processing Layers =====
20.06.26 15:38:36    *SEND* for CScalarLayer, GUID=7CD78E3E-90ED-43A0-9E73-BB60FDDAE621
 Start: ComputeVolumeCharacteristics
 End:   ComputeVolumeCharacteristics; Timer: cpu0=0.016 wall=0.005 
 Start: GetValueOnFacets
 End:   GetValueOnFacets; Timer: cpu0=0.156 wall=0.015 
20.06.26 15:38:36    *SEND* for CIntegralCharsLayer, GUID=4E090A0C-544B-E4A2-4242-BEC451D7CD2B
20.06.26 15:38:36    *SEND* for CIntegralCharsLayer, GUID=67F29492-B486-9BD6-015B-58123FE04E04
20.06.26 15:38:36    *SEND* for CIntegralCharsLayer, GUID=24E026D3-474F-9BDB-2BB1-A3745825FAC4
 End:   ===== Processing Layers =====; Timer: cpu0=0.172 wall=0.038 

20.06.26 15:38:36  ===== New Time Step =====, Iter number =  85
 Start: TimeServis
 End:   TimeServis; Timer: cpu0=0.328 wall=0.031 
 Start: User modules' functions BeforeTimeStep() are calling
 End:   User modules' functions BeforeTimeStep() are calling; Timer: cpu0=0.000 wall=0.002 
 Start: Adaptation, TotalRealCellsCount= 95651 
 End:   Adaptation; Timer: cpu0=0.000 wall=0.006 
 Start: Initialize data arrays on chips
 End:   Initialize data arrays on chips, res= 0; Timer: cpu0=0.000 wall=0.002 
  ***** Maximum Geometrical Gauss = 2.17193e-14, cell= 490:2:2:3:0
  ***** Maximum MovingSurf  Gauss = 0, cell= 
 Start: Initialize data arrays on chips
 End:   Initialize data arrays on chips, res= 0; Timer: cpu0=0.000 wall=0.002 
 Start: TimeServis
 End:   TimeServis; Timer: cpu0=0.344 wall=0.039 
 Start: FindEnclaves
 End:   FindEnclaves; Timer: cpu0=0.078 wall=0.084 
 Start: VarValueService
 End:   VarValueService; Timer: cpu0=0.000 wall=0.001 
 Start: SolvePhaseEquation 
 End:   SolvePhaseEquation ; Timer: cpu0=11.359 wall=1.466 
 Start: SolidFiltersProcess: calculate forces and moments
 End:   SolidFiltersProcess: calculate forces and moments; Timer: cpu0=0.000 wall=0.002 
 Start: PrepareDataForNextStep
 End:   PrepareDataForNextStep; Timer: cpu0=0.312 wall=0.038 
 Start: VarValueService
 End:   VarValueService; Timer: cpu0=0.000 wall=0.001 
 Start: UpdateStopperData
 End:   UpdateStopperData; Timer: cpu0=0.000 wall=0.001 
 Start: Saving text status in E:\UniFlight\flow\full_rocket15_fv\data\full_rocket15.status
 End:   Saving text status in E:\UniFlight\flow\full_rocket15_fv\data\full_rocket15.status; Timer: cpu0=0.000 wall=0.002 
 End:   ===== Time Step =====, Iter number =  85; Timer: cpu0=12.734 wall=1.747 

20.06.26 15:38:38  ===== Processing Layers =====
20.06.26 15:38:38    *SEND* for CScalarLayer, GUID=7CD78E3E-90ED-43A0-9E73-BB60FDDAE621
 Start: ComputeVolumeCharacteristics
 End:   ComputeVolumeCharacteristics; Timer: cpu0=0.000 wall=0.004 
 Start: GetValueOnFacets
 End:   GetValueOnFacets; Timer: cpu0=0.156 wall=0.013 
20.06.26 15:38:38    *SEND* for CIntegralCharsLayer, GUID=4E090A0C-544B-E4A2-4242-BEC451D7CD2B
20.06.26 15:38:38    *SEND* for CIntegralCharsLayer, GUID=67F29492-B486-9BD6-015B-58123FE04E04
20.06.26 15:38:38    *SEND* for CIntegralCharsLayer, GUID=24E026D3-474F-9BDB-2BB1-A3745825FAC4
 End:   ===== Processing Layers =====; Timer: cpu0=0.297 wall=0.034 

20.06.26 15:38:38  ===== New Time Step =====, Iter number =  86
 Start: TimeServis
 End:   TimeServis; Timer: cpu0=0.375 wall=0.034 
 Start: User modules' functions BeforeTimeStep() are calling
 End:   User modules' functions BeforeTimeStep() are calling; Timer: cpu0=0.000 wall=0.003 
 Start: Adaptation, TotalRealCellsCount= 95651 
 End:   Adaptation; Timer: cpu0=0.000 wall=0.005 
 Start: Initialize data arrays on chips
 End:   Initialize data arrays on chips, res= 0; Timer: cpu0=0.000 wall=0.002 
  ***** Maximum Geometrical Gauss = 2.17193e-14, cell= 490:2:2:3:0
  ***** Maximum MovingSurf  Gauss = 0, cell= 
 Start: Initialize data arrays on chips
 End:   Initialize data arrays on chips, res= 0; Timer: cpu0=0.000 wall=0.002 
 Start: TimeServis
 End:   TimeServis; Timer: cpu0=0.359 wall=0.036 
 Start: FindEnclaves
 End:   FindEnclaves; Timer: cpu0=0.078 wall=0.081 
 Start: VarValueService
 End:   VarValueService; Timer: cpu0=0.000 wall=0.002 
 Start: SolvePhaseEquation 
 End:   SolvePhaseEquation ; Timer: cpu0=11.688 wall=1.461 
 Start: SolidFiltersProcess: calculate forces and moments
 End:   SolidFiltersProcess: calculate forces and moments; Timer: cpu0=0.000 wall=0.002 
 Start: PrepareDataForNextStep
 End:   PrepareDataForNextStep; Timer: cpu0=0.359 wall=0.046 
 Start: VarValueService
 End:   VarValueService; Timer: cpu0=0.000 wall=0.001 
 Start: UpdateStopperData
 End:   UpdateStopperData; Timer: cpu0=0.000 wall=0.001 
 Start: Saving text status in E:\UniFlight\flow\full_rocket15_fv\data\full_rocket15.status
 End:   Saving text status in E:\UniFlight\flow\full_rocket15_fv\data\full_rocket15.status; Timer: cpu0=0.000 wall=0.003 
 End:   ===== Time Step =====, Iter number =  86; Timer: cpu0=13.047 wall=1.743 

20.06.26 15:38:40  ===== Processing Layers =====
20.06.26 15:38:40    *SEND* for CScalarLayer, GUID=7CD78E3E-90ED-43A0-9E73-BB60FDDAE621
 Start: ComputeVolumeCharacteristics
 End:   ComputeVolumeCharacteristics; Timer: cpu0=0.172 wall=0.004 
 Start: GetValueOnFacets
 End:   GetValueOnFacets; Timer: cpu0=0.156 wall=0.016 
20.06.26 15:38:40    *SEND* for CIntegralCharsLayer, GUID=4E090A0C-544B-E4A2-4242-BEC451D7CD2B
20.06.26 15:38:40    *SEND* for CIntegralCharsLayer, GUID=67F29492-B486-9BD6-015B-58123FE04E04
20.06.26 15:38:40    *SEND* for CIntegralCharsLayer, GUID=24E026D3-474F-9BDB-2BB1-A3745825FAC4
 End:   ===== Processing Layers =====; Timer: cpu0=0.328 wall=0.038 

20.06.26 15:38:40  ===== New Time Step =====, Iter number =  87
 Start: TimeServis
 End:   TimeServis; Timer: cpu0=0.328 wall=0.036 
 Start: User modules' functions BeforeTimeStep() are calling
 End:   User modules' functions BeforeTimeStep() are calling; Timer: cpu0=0.000 wall=0.002 
 Start: Adaptation, TotalRealCellsCount= 95651 
 End:   Adaptation; Timer: cpu0=0.000 wall=0.004 
 Start: Initialize data arrays on chips
 End:   Initialize data arrays on chips, res= 0; Timer: cpu0=0.000 wall=0.002 
  ***** Maximum Geometrical Gauss = 2.17193e-14, cell= 490:2:2:3:0
  ***** Maximum MovingSurf  Gauss = 0, cell= 
 Start: Initialize data arrays on chips
 End:   Initialize data arrays on chips, res= 0; Timer: cpu0=0.000 wall=0.002 
 Start: TimeServis
 End:   TimeServis; Timer: cpu0=0.344 wall=0.042 
 Start: FindEnclaves
 End:   FindEnclaves; Timer: cpu0=0.094 wall=0.092 
 Start: VarValueService
 End:   VarValueService; Timer: cpu0=0.000 wall=0.006 
 Start: SolvePhaseEquation 
 End:   SolvePhaseEquation ; Timer: cpu0=12.484 wall=1.792 
 Start: SolidFiltersProcess: calculate forces and moments
 End:   SolidFiltersProcess: calculate forces and moments; Timer: cpu0=0.000 wall=0.002 
 Start: PrepareDataForNextStep
 End:   PrepareDataForNextStep; Timer: cpu0=0.344 wall=0.038 
 Start: VarValueService
 End:   VarValueService; Timer: cpu0=0.000 wall=0.001 
 Start: UpdateStopperData
 End:   UpdateStopperData; Timer: cpu0=0.000 wall=0.001 
 Start: Saving text status in E:\UniFlight\flow\full_rocket15_fv\data\full_rocket15.status
 End:   Saving text status in E:\UniFlight\flow\full_rocket15_fv\data\full_rocket15.status; Timer: cpu0=0.000 wall=0.002 
 End:   ===== Time Step =====, Iter number =  87; Timer: cpu0=13.844 wall=2.090 

20.06.26 15:38:43  ===== Processing Layers =====
20.06.26 15:38:43    *SEND* for CScalarLayer, GUID=7CD78E3E-90ED-43A0-9E73-BB60FDDAE621
 Start: ComputeVolumeCharacteristics
 End:   ComputeVolumeCharacteristics; Timer: cpu0=0.000 wall=0.004 
 Start: GetValueOnFacets
 End:   GetValueOnFacets; Timer: cpu0=0.031 wall=0.016 
20.06.26 15:38:43    *SEND* for CIntegralCharsLayer, GUID=4E090A0C-544B-E4A2-4242-BEC451D7CD2B
20.06.26 15:38:43    *SEND* for CIntegralCharsLayer, GUID=67F29492-B486-9BD6-015B-58123FE04E04
20.06.26 15:38:43    *SEND* for CIntegralCharsLayer, GUID=24E026D3-474F-9BDB-2BB1-A3745825FAC4
 End:   ===== Processing Layers =====; Timer: cpu0=0.031 wall=0.037 

20.06.26 15:38:43  ===== New Time Step =====, Iter number =  88
 Start: TimeServis
 End:   TimeServis; Timer: cpu0=0.297 wall=0.040 
 Start: User modules' functions BeforeTimeStep() are calling
 End:   User modules' functions BeforeTimeStep() are calling; Timer: cpu0=0.000 wall=0.003 
 Start: Adaptation, TotalRealCellsCount= 95651 
 End:   Adaptation; Timer: cpu0=0.000 wall=0.004 
 Start: Initialize data arrays on chips
 End:   Initialize data arrays on chips, res= 0; Timer: cpu0=0.000 wall=0.003 
  ***** Maximum Geometrical Gauss = 2.17193e-14, cell= 490:2:2:3:0
  ***** Maximum MovingSurf  Gauss = 0, cell= 
 Start: Initialize data arrays on chips
 End:   Initialize data arrays on chips, res= 0; Timer: cpu0=0.000 wall=0.003 
 Start: TimeServis
 End:   TimeServis; Timer: cpu0=0.359 wall=0.053 
 Start: FindEnclaves
 End:   FindEnclaves; Timer: cpu0=0.219 wall=0.104 
 Start: VarValueService
 End:   VarValueService; Timer: cpu0=0.000 wall=0.002 
 Start: SolvePhaseEquation 
 End:   SolvePhaseEquation ; Timer: cpu0=12.203 wall=1.476 
 Start: SolidFiltersProcess: calculate forces and moments
 End:   SolidFiltersProcess: calculate forces and moments; Timer: cpu0=0.000 wall=0.001 
 Start: PrepareDataForNextStep
 End:   PrepareDataForNextStep; Timer: cpu0=0.406 wall=0.038 
 Start: VarValueService
 End:   VarValueService; Timer: cpu0=0.000 wall=0.002 
 Start: UpdateStopperData
 End:   UpdateStopperData; Timer: cpu0=0.000 wall=0.001 
 Start: Saving text status in E:\UniFlight\flow\full_rocket15_fv\data\full_rocket15.status
 End:   Saving text status in E:\UniFlight\flow\full_rocket15_fv\data\full_rocket15.status; Timer: cpu0=0.000 wall=0.002 
 End:   ===== Time Step =====, Iter number =  88; Timer: cpu0=13.766 wall=1.807 

20.06.26 15:38:45  ===== Processing Layers =====
20.06.26 15:38:45    *SEND* for CScalarLayer, GUID=7CD78E3E-90ED-43A0-9E73-BB60FDDAE621
 Start: ComputeVolumeCharacteristics
 End:   ComputeVolumeCharacteristics; Timer: cpu0=0.000 wall=0.003 
 Start: GetValueOnFacets
 End:   GetValueOnFacets; Timer: cpu0=0.016 wall=0.013 
20.06.26 15:38:45    *SEND* for CIntegralCharsLayer, GUID=4E090A0C-544B-E4A2-4242-BEC451D7CD2B
20.06.26 15:38:45    *SEND* for CIntegralCharsLayer, GUID=67F29492-B486-9BD6-015B-58123FE04E04
20.06.26 15:38:45    *SEND* for CIntegralCharsLayer, GUID=24E026D3-474F-9BDB-2BB1-A3745825FAC4
 End:   ===== Processing Layers =====; Timer: cpu0=0.016 wall=0.032 

20.06.26 15:38:45  ===== New Time Step =====, Iter number =  89
 Start: TimeServis
 End:   TimeServis; Timer: cpu0=0.250 wall=0.031 
 Start: User modules' functions BeforeTimeStep() are calling
 End:   User modules' functions BeforeTimeStep() are calling; Timer: cpu0=0.000 wall=0.002 
 Start: Adaptation, TotalRealCellsCount= 95651 
 End:   Adaptation; Timer: cpu0=0.000 wall=0.005 
 Start: Initialize data arrays on chips
 End:   Initialize data arrays on chips, res= 0; Timer: cpu0=0.000 wall=0.001 
  ***** Maximum Geometrical Gauss = 2.17193e-14, cell= 490:2:2:3:0
  ***** Maximum MovingSurf  Gauss = 0, cell= 
 Start: Initialize data arrays on chips
 End:   Initialize data arrays on chips, res= 0; Timer: cpu0=0.000 wall=0.002 
 Start: TimeServis
 End:   TimeServis; Timer: cpu0=0.328 wall=0.041 
 Start: FindEnclaves
 End:   FindEnclaves; Timer: cpu0=0.078 wall=0.086 
 Start: VarValueService
 End:   VarValueService; Timer: cpu0=0.000 wall=0.001 
 Start: SolvePhaseEquation 
 End:   SolvePhaseEquation ; Timer: cpu0=12.031 wall=1.435 
 Start: SolidFiltersProcess: calculate forces and moments
 End:   SolidFiltersProcess: calculate forces and moments; Timer: cpu0=0.000 wall=0.002 
 Start: PrepareDataForNextStep
 End:   PrepareDataForNextStep; Timer: cpu0=0.172 wall=0.034 
 Start: VarValueService
 End:   VarValueService; Timer: cpu0=0.000 wall=0.001 
 Start: UpdateStopperData
 End:   UpdateStopperData; Timer: cpu0=0.000 wall=0.000 
 Start: Saving text status in E:\UniFlight\flow\full_rocket15_fv\data\full_rocket15.status
 End:   Saving text status in E:\UniFlight\flow\full_rocket15_fv\data\full_rocket15.status; Timer: cpu0=0.000 wall=0.002 
 End:   ===== Time Step =====, Iter number =  89; Timer: cpu0=13.375 wall=1.704 

20.06.26 15:38:47  ===== Processing Layers =====
20.06.26 15:38:47    *SEND* for CScalarLayer, GUID=7CD78E3E-90ED-43A0-9E73-BB60FDDAE621
 Start: ComputeVolumeCharacteristics
 End:   ComputeVolumeCharacteristics; Timer: cpu0=0.000 wall=0.004 
 Start: GetValueOnFacets
 End:   GetValueOnFacets; Timer: cpu0=0.172 wall=0.014 
20.06.26 15:38:47    *SEND* for CIntegralCharsLayer, GUID=4E090A0C-544B-E4A2-4242-BEC451D7CD2B
20.06.26 15:38:47    *SEND* for CIntegralCharsLayer, GUID=67F29492-B486-9BD6-015B-58123FE04E04
20.06.26 15:38:47    *SEND* for CIntegralCharsLayer, GUID=24E026D3-474F-9BDB-2BB1-A3745825FAC4
 End:   ===== Processing Layers =====; Timer: cpu0=0.172 wall=0.035 

20.06.26 15:38:47  ===== New Time Step =====, Iter number =  90
 Start: TimeServis
 End:   TimeServis; Timer: cpu0=0.344 wall=0.030 
 Start: User modules' functions BeforeTimeStep() are calling
 End:   User modules' functions BeforeTimeStep() are calling; Timer: cpu0=0.000 wall=0.001 
 Start: Adaptation, TotalRealCellsCount= 95651 
 End:   Adaptation; Timer: cpu0=6.125 wall=0.816 
 Start: DistributeGridOnProcessors
 End:   DistributeGridOnProcessors, res= 0; Timer: cpu0=0.781 wall=0.234 
 Start: SetNeiHyperCells
 End:   SetNeiHyperCells, res= 0; Timer: cpu0=0.000 wall=0.008 
 Start: BuildFacetDistribution
 End:   BuildFacetDistribution; Timer: cpu0=0.000 wall=0.002 
 Start: Initialize data arrays on chips
 End:   Initialize data arrays on chips, res= 0; Timer: cpu0=0.000 wall=0.002 
  ***** Maximum Geometrical Gauss = 2.17193e-14, cell= 490:2:2:3:0
  ***** Maximum MovingSurf  Gauss = 2.06976e-14, cell= 45:1:1:1:0
 Start: Remove Small Cells
 End:   Remove Small Cells; Timer: cpu0=0.172 wall=0.023 
 Start: Initialize data arrays on chips
 End:   Initialize data arrays on chips, res= 0; Timer: cpu0=0.000 wall=0.002 
  ***** Maximum Geometrical Gauss = 2.17193e-14, cell= 499:3:7:6:0
  ***** Maximum MovingSurf  Gauss = 2.06976e-14, cell= 45:1:1:1:0
 Start: Initialize data arrays on chips
 End:   Initialize data arrays on chips, res= 0; Timer: cpu0=0.016 wall=0.003 
 Start: Modify Chip Data
 End:   Modify Chip Data; Timer: cpu0=0.312 wall=0.041 
 Start: TimeServis
 End:   TimeServis; Timer: cpu0=0.500 wall=0.046 
 Start: FindEnclaves
 End:   FindEnclaves; Timer: cpu0=0.281 wall=0.117 
 Start: VarValueService
 End:   VarValueService; Timer: cpu0=0.000 wall=0.001 
 Start: SolvePhaseEquation 
 End:   SolvePhaseEquation ; Timer: cpu0=13.766 wall=1.669 
 Start: SolidFiltersProcess: calculate forces and moments
 End:   SolidFiltersProcess: calculate forces and moments; Timer: cpu0=0.000 wall=0.001 
 Start: PrepareDataForNextStep
 End:   PrepareDataForNextStep; Timer: cpu0=0.359 wall=0.044 
 Start: VarValueService
 End:   VarValueService; Timer: cpu0=0.000 wall=0.002 
 Start: UpdateStopperData
 End:   UpdateStopperData; Timer: cpu0=0.000 wall=0.001 
 Start: Saving text status in E:\UniFlight\flow\full_rocket15_fv\data\full_rocket15.status
 End:   Saving text status in E:\UniFlight\flow\full_rocket15_fv\data\full_rocket15.status; Timer: cpu0=0.000 wall=0.002 
 End:   ===== Time Step =====, Iter number =  90; Timer: cpu0=23.000 wall=3.135 

20.06.26 15:38:50  ===== Processing Layers =====
20.06.26 15:38:50    *SEND* for CScalarLayer, GUID=7CD78E3E-90ED-43A0-9E73-BB60FDDAE621
 Start: ComputeVolumeCharacteristics
 End:   ComputeVolumeCharacteristics; Timer: cpu0=0.000 wall=0.004 
 Start: GetValueOnFacets
 End:   GetValueOnFacets; Timer: cpu0=0.016 wall=0.014 
20.06.26 15:38:50    *SEND* for CIntegralCharsLayer, GUID=4E090A0C-544B-E4A2-4242-BEC451D7CD2B
20.06.26 15:38:50    *SEND* for CIntegralCharsLayer, GUID=67F29492-B486-9BD6-015B-58123FE04E04
20.06.26 15:38:50    *SEND* for CIntegralCharsLayer, GUID=24E026D3-474F-9BDB-2BB1-A3745825FAC4
 End:   ===== Processing Layers =====; Timer: cpu0=0.172 wall=0.037 

20.06.26 15:38:50  ===== New Time Step =====, Iter number =  91
 Start: TimeServis
 End:   TimeServis; Timer: cpu0=0.500 wall=0.041 
 Start: User modules' functions BeforeTimeStep() are calling
 End:   User modules' functions BeforeTimeStep() are calling; Timer: cpu0=0.000 wall=0.004 
 Start: Adaptation, TotalRealCellsCount= 108531 
 End:   Adaptation; Timer: cpu0=6.141 wall=0.863 
 Start: DistributeGridOnProcessors
 End:   DistributeGridOnProcessors, res= 0; Timer: cpu0=0.766 wall=0.256 
 Start: SetNeiHyperCells
 End:   SetNeiHyperCells, res= 0; Timer: cpu0=0.062 wall=0.006 
 Start: BuildFacetDistribution
 End:   BuildFacetDistribution; Timer: cpu0=0.000 wall=0.002 
 Start: Initialize data arrays on chips
 End:   Initialize data arrays on chips, res= 0; Timer: cpu0=0.000 wall=0.002 
  ***** Maximum Geometrical Gauss = 2.17193e-14, cell= 490:2:2:3:0
  ***** Maximum MovingSurf  Gauss = 2.06976e-14, cell= 45:1:1:0
 Start: Remove Small Cells
 End:   Remove Small Cells; Timer: cpu0=0.312 wall=0.020 
 Start: Initialize data arrays on chips
 End:   Initialize data arrays on chips, res= 0; Timer: cpu0=0.000 wall=0.002 
  ***** Maximum Geometrical Gauss = 2.17193e-14, cell= 490:2:2:3:0
  ***** Maximum MovingSurf  Gauss = 2.06976e-14, cell= 45:1:1:0
 Start: Initialize data arrays on chips
 End:   Initialize data arrays on chips, res= 0; Timer: cpu0=0.000 wall=0.002 
 Start: Modify Chip Data
 End:   Modify Chip Data; Timer: cpu0=0.344 wall=0.035 
 Start: TimeServis
 End:   TimeServis; Timer: cpu0=0.516 wall=0.042 
 Start: FindEnclaves
 End:   FindEnclaves; Timer: cpu0=0.078 wall=0.100 
 Start: VarValueService
 End:   VarValueService; Timer: cpu0=0.000 wall=0.001 
 Start: SolvePhaseEquation 
 End:   SolvePhaseEquation ; Timer: cpu0=12.484 wall=1.517 
 Start: SolidFiltersProcess: calculate forces and moments
 End:   SolidFiltersProcess: calculate forces and moments; Timer: cpu0=0.000 wall=0.001 
 Start: PrepareDataForNextStep
 End:   PrepareDataForNextStep; Timer: cpu0=0.172 wall=0.038 
 Start: VarValueService
 End:   VarValueService; Timer: cpu0=0.000 wall=0.001 
 Start: UpdateStopperData
 End:   UpdateStopperData; Timer: cpu0=0.000 wall=0.000 
 Start: Saving text status in E:\UniFlight\flow\full_rocket15_fv\data\full_rocket15.status
 End:   Saving text status in E:\UniFlight\flow\full_rocket15_fv\data\full_rocket15.status; Timer: cpu0=0.000 wall=0.002 
 End:   ===== Time Step =====, Iter number =  91; Timer: cpu0=21.688 wall=3.025 

20.06.26 15:38:53  ===== Processing Layers =====
20.06.26 15:38:53    *SEND* for CScalarLayer, GUID=7CD78E3E-90ED-43A0-9E73-BB60FDDAE621
 Start: ComputeVolumeCharacteristics
 End:   ComputeVolumeCharacteristics; Timer: cpu0=0.000 wall=0.004 
 Start: GetValueOnFacets
 End:   GetValueOnFacets; Timer: cpu0=0.016 wall=0.015 
20.06.26 15:38:53    *SEND* for CIntegralCharsLayer, GUID=4E090A0C-544B-E4A2-4242-BEC451D7CD2B
20.06.26 15:38:53    *SEND* for CIntegralCharsLayer, GUID=67F29492-B486-9BD6-015B-58123FE04E04
20.06.26 15:38:53    *SEND* for CIntegralCharsLayer, GUID=24E026D3-474F-9BDB-2BB1-A3745825FAC4
 End:   ===== Processing Layers =====; Timer: cpu0=0.016 wall=0.039 

20.06.26 15:38:53  ===== New Time Step =====, Iter number =  92
 Start: TimeServis
 End:   TimeServis; Timer: cpu0=0.328 wall=0.034 
 Start: User modules' functions BeforeTimeStep() are calling
 End:   User modules' functions BeforeTimeStep() are calling; Timer: cpu0=0.000 wall=0.002 
 Start: Adaptation, TotalRealCellsCount= 95651 
 End:   Adaptation; Timer: cpu0=0.000 wall=0.004 
 Start: Initialize data arrays on chips
 End:   Initialize data arrays on chips, res= 0; Timer: cpu0=0.000 wall=0.002 
  ***** Maximum Geometrical Gauss = 2.17193e-14, cell= 490:2:2:3:0
  ***** Maximum MovingSurf  Gauss = 0, cell= 
 Start: Initialize data arrays on chips
 End:   Initialize data arrays on chips, res= 0; Timer: cpu0=0.000 wall=0.002 
 Start: TimeServis
 End:   TimeServis; Timer: cpu0=0.500 wall=0.044 
 Start: FindEnclaves
 End:   FindEnclaves; Timer: cpu0=0.203 wall=0.092 
 Start: VarValueService
 End:   VarValueService; Timer: cpu0=0.000 wall=0.001 
 Start: SolvePhaseEquation 
 End:   SolvePhaseEquation ; Timer: cpu0=11.891 wall=1.577 
 Start: SolidFiltersProcess: calculate forces and moments
 End:   SolidFiltersProcess: calculate forces and moments; Timer: cpu0=0.000 wall=0.003 
 Start: PrepareDataForNextStep
 End:   PrepareDataForNextStep; Timer: cpu0=0.422 wall=0.044 
 Start: VarValueService
 End:   VarValueService; Timer: cpu0=0.000 wall=0.001 
 Start: UpdateStopperData
 End:   UpdateStopperData; Timer: cpu0=0.000 wall=0.001 
 Start: Saving text status in E:\UniFlight\flow\full_rocket15_fv\data\full_rocket15.status
 End:   Saving text status in E:\UniFlight\flow\full_rocket15_fv\data\full_rocket15.status; Timer: cpu0=0.016 wall=0.003 
 End:   ===== Time Step =====, Iter number =  92; Timer: cpu0=13.656 wall=1.877 

20.06.26 15:38:56  ===== Processing Layers =====
20.06.26 15:38:56    *SEND* for CScalarLayer, GUID=7CD78E3E-90ED-43A0-9E73-BB60FDDAE621
 Start: ComputeVolumeCharacteristics
 End:   ComputeVolumeCharacteristics; Timer: cpu0=0.000 wall=0.004 
 Start: GetValueOnFacets
 End:   GetValueOnFacets; Timer: cpu0=0.172 wall=0.014 
20.06.26 15:38:56    *SEND* for CIntegralCharsLayer, GUID=4E090A0C-544B-E4A2-4242-BEC451D7CD2B
20.06.26 15:38:56    *SEND* for CIntegralCharsLayer, GUID=67F29492-B486-9BD6-015B-58123FE04E04
20.06.26 15:38:56    *SEND* for CIntegralCharsLayer, GUID=24E026D3-474F-9BDB-2BB1-A3745825FAC4
 End:   ===== Processing Layers =====; Timer: cpu0=0.328 wall=0.035 

20.06.26 15:38:56  ===== New Time Step =====, Iter number =  93
 Start: TimeServis
 End:   TimeServis; Timer: cpu0=0.344 wall=0.035 
 Start: User modules' functions BeforeTimeStep() are calling
 End:   User modules' functions BeforeTimeStep() are calling; Timer: cpu0=0.000 wall=0.005 
 Start: Adaptation, TotalRealCellsCount= 95651 
 End:   Adaptation; Timer: cpu0=0.000 wall=0.005 
 Start: Initialize data arrays on chips
 End:   Initialize data arrays on chips, res= 0; Timer: cpu0=0.000 wall=0.002 
  ***** Maximum Geometrical Gauss = 2.17193e-14, cell= 490:2:2:3:0
  ***** Maximum MovingSurf  Gauss = 0, cell= 
 Start: Initialize data arrays on chips
 End:   Initialize data arrays on chips, res= 0; Timer: cpu0=0.000 wall=0.002 
 Start: TimeServis
 End:   TimeServis; Timer: cpu0=0.344 wall=0.037 
 Start: FindEnclaves
 End:   FindEnclaves; Timer: cpu0=0.250 wall=0.088 
 Start: VarValueService
 End:   VarValueService; Timer: cpu0=0.000 wall=0.001 
 Start: SolvePhaseEquation 
 End:   SolvePhaseEquation ; Timer: cpu0=11.984 wall=1.392 
 Start: SolidFiltersProcess: calculate forces and moments
 End:   SolidFiltersProcess: calculate forces and moments; Timer: cpu0=0.000 wall=0.001 
 Start: PrepareDataForNextStep
 End:   PrepareDataForNextStep; Timer: cpu0=0.328 wall=0.038 
 Start: VarValueService
 End:   VarValueService; Timer: cpu0=0.000 wall=0.001 
 Start: UpdateStopperData
 End:   UpdateStopperData; Timer: cpu0=0.000 wall=0.000 
 Start: Saving text status in E:\UniFlight\flow\full_rocket15_fv\data\full_rocket15.status
 End:   Saving text status in E:\UniFlight\flow\full_rocket15_fv\data\full_rocket15.status; Timer: cpu0=0.000 wall=0.002 
 End:   ===== Time Step =====, Iter number =  93; Timer: cpu0=13.562 wall=1.667 

20.06.26 15:38:58  ===== Processing Layers =====
20.06.26 15:38:58    *SEND* for CScalarLayer, GUID=7CD78E3E-90ED-43A0-9E73-BB60FDDAE621
 Start: ComputeVolumeCharacteristics
 End:   ComputeVolumeCharacteristics; Timer: cpu0=0.000 wall=0.004 
 Start: GetValueOnFacets
 End:   GetValueOnFacets; Timer: cpu0=0.000 wall=0.014 
20.06.26 15:38:58    *SEND* for CIntegralCharsLayer, GUID=4E090A0C-544B-E4A2-4242-BEC451D7CD2B
20.06.26 15:38:58    *SEND* for CIntegralCharsLayer, GUID=67F29492-B486-9BD6-015B-58123FE04E04
20.06.26 15:38:58    *SEND* for CIntegralCharsLayer, GUID=24E026D3-474F-9BDB-2BB1-A3745825FAC4
 End:   ===== Processing Layers =====; Timer: cpu0=0.000 wall=0.037 

20.06.26 15:38:58  ===== New Time Step =====, Iter number =  94
 Start: TimeServis
 End:   TimeServis; Timer: cpu0=0.344 wall=0.034 
 Start: User modules' functions BeforeTimeStep() are calling
 End:   User modules' functions BeforeTimeStep() are calling; Timer: cpu0=0.000 wall=0.003 
 Start: Adaptation, TotalRealCellsCount= 95651 
 End:   Adaptation; Timer: cpu0=0.000 wall=0.005 
 Start: Initialize data arrays on chips
 End:   Initialize data arrays on chips, res= 0; Timer: cpu0=0.000 wall=0.002 
  ***** Maximum Geometrical Gauss = 2.17193e-14, cell= 490:2:2:3:0
  ***** Maximum MovingSurf  Gauss = 0, cell= 
 Start: Initialize data arrays on chips
 End:   Initialize data arrays on chips, res= 0; Timer: cpu0=0.000 wall=0.002 
 Start: TimeServis
 End:   TimeServis; Timer: cpu0=0.344 wall=0.036 
 Start: FindEnclaves
 End:   FindEnclaves; Timer: cpu0=0.078 wall=0.083 
 Start: VarValueService
 End:   VarValueService; Timer: cpu0=0.000 wall=0.001 
 Start: SolvePhaseEquation 
 End:   SolvePhaseEquation ; Timer: cpu0=11.766 wall=1.447 
 Start: SolidFiltersProcess: calculate forces and moments
 End:   SolidFiltersProcess: calculate forces and moments; Timer: cpu0=0.000 wall=0.002 
 Start: PrepareDataForNextStep
 End:   PrepareDataForNextStep; Timer: cpu0=0.359 wall=0.041 
 Start: VarValueService
 End:   VarValueService; Timer: cpu0=0.000 wall=0.001 
 Start: UpdateStopperData
 End:   UpdateStopperData; Timer: cpu0=0.000 wall=0.001 
 Start: Saving text status in E:\UniFlight\flow\full_rocket15_fv\data\full_rocket15.status
 End:   Saving text status in E:\UniFlight\flow\full_rocket15_fv\data\full_rocket15.status; Timer: cpu0=0.000 wall=0.003 
 End:   ===== Time Step =====, Iter number =  94; Timer: cpu0=13.062 wall=1.720 

20.06.26 15:39:00  ===== Processing Layers =====
20.06.26 15:39:00    *SEND* for CScalarLayer, GUID=7CD78E3E-90ED-43A0-9E73-BB60FDDAE621
 Start: ComputeVolumeCharacteristics
 End:   ComputeVolumeCharacteristics; Timer: cpu0=0.000 wall=0.003 
 Start: GetValueOnFacets
 End:   GetValueOnFacets; Timer: cpu0=0.016 wall=0.018 
20.06.26 15:39:00    *SEND* for CIntegralCharsLayer, GUID=4E090A0C-544B-E4A2-4242-BEC451D7CD2B
20.06.26 15:39:00    *SEND* for CIntegralCharsLayer, GUID=67F29492-B486-9BD6-015B-58123FE04E04
20.06.26 15:39:00    *SEND* for CIntegralCharsLayer, GUID=24E026D3-474F-9BDB-2BB1-A3745825FAC4
 End:   ===== Processing Layers =====; Timer: cpu0=0.016 wall=0.040 

20.06.26 15:39:00  ===== New Time Step =====, Iter number =  95
 Start: TimeServis
 End:   TimeServis; Timer: cpu0=0.344 wall=0.035 
 Start: User modules' functions BeforeTimeStep() are calling
 End:   User modules' functions BeforeTimeStep() are calling; Timer: cpu0=0.000 wall=0.004 
 Start: Adaptation, TotalRealCellsCount= 95651 
 End:   Adaptation; Timer: cpu0=0.141 wall=0.004 
 Start: Initialize data arrays on chips
 End:   Initialize data arrays on chips, res= 0; Timer: cpu0=0.000 wall=0.002 
  ***** Maximum Geometrical Gauss = 2.17193e-14, cell= 490:2:2:3:0
  ***** Maximum MovingSurf  Gauss = 0, cell= 
 Start: Initialize data arrays on chips
 End:   Initialize data arrays on chips, res= 0; Timer: cpu0=0.000 wall=0.001 
 Start: TimeServis
 End:   TimeServis; Timer: cpu0=0.344 wall=0.035 
 Start: FindEnclaves
 End:   FindEnclaves; Timer: cpu0=0.250 wall=0.088 
 Start: VarValueService
 End:   VarValueService; Timer: cpu0=0.000 wall=0.003 
 Start: SolvePhaseEquation 
 End:   SolvePhaseEquation ; Timer: cpu0=12.094 wall=1.411 
 Start: SolidFiltersProcess: calculate forces and moments
 End:   SolidFiltersProcess: calculate forces and moments; Timer: cpu0=0.000 wall=0.002 
 Start: PrepareDataForNextStep
 End:   PrepareDataForNextStep; Timer: cpu0=0.344 wall=0.036 
 Start: VarValueService
 End:   VarValueService; Timer: cpu0=0.000 wall=0.001 
 Start: UpdateStopperData
 End:   UpdateStopperData; Timer: cpu0=0.000 wall=0.001 
 Start: Saving text status in E:\UniFlight\flow\full_rocket15_fv\data\full_rocket15.status
 End:   Saving text status in E:\UniFlight\flow\full_rocket15_fv\data\full_rocket15.status; Timer: cpu0=0.000 wall=0.002 
 End:   ===== Time Step =====, Iter number =  95; Timer: cpu0=13.688 wall=1.684 

20.06.26 15:39:02  ===== Processing Layers =====
20.06.26 15:39:02    *SEND* for CScalarLayer, GUID=7CD78E3E-90ED-43A0-9E73-BB60FDDAE621
 Start: ComputeVolumeCharacteristics
 End:   ComputeVolumeCharacteristics; Timer: cpu0=0.000 wall=0.005 
 Start: GetValueOnFacets
 End:   GetValueOnFacets; Timer: cpu0=0.000 wall=0.014 
20.06.26 15:39:02    *SEND* for CIntegralCharsLayer, GUID=4E090A0C-544B-E4A2-4242-BEC451D7CD2B
20.06.26 15:39:02    *SEND* for CIntegralCharsLayer, GUID=67F29492-B486-9BD6-015B-58123FE04E04
20.06.26 15:39:02    *SEND* for CIntegralCharsLayer, GUID=24E026D3-474F-9BDB-2BB1-A3745825FAC4
 End:   ===== Processing Layers =====; Timer: cpu0=0.141 wall=0.037 

20.06.26 15:39:02  ===== New Time Step =====, Iter number =  96
 Start: TimeServis
 End:   TimeServis; Timer: cpu0=0.391 wall=0.035 
 Start: User modules' functions BeforeTimeStep() are calling
 End:   User modules' functions BeforeTimeStep() are calling; Timer: cpu0=0.000 wall=0.003 
 Start: Adaptation, TotalRealCellsCount= 95651 
 End:   Adaptation; Timer: cpu0=0.000 wall=0.004 
 Start: Initialize data arrays on chips
 End:   Initialize data arrays on chips, res= 0; Timer: cpu0=0.000 wall=0.002 
  ***** Maximum Geometrical Gauss = 2.17193e-14, cell= 490:2:2:3:0
  ***** Maximum MovingSurf  Gauss = 0, cell= 
 Start: Initialize data arrays on chips
 End:   Initialize data arrays on chips, res= 0; Timer: cpu0=0.000 wall=0.002 
 Start: TimeServis
 End:   TimeServis; Timer: cpu0=0.344 wall=0.035 
 Start: FindEnclaves
 End:   FindEnclaves; Timer: cpu0=0.078 wall=0.084 
 Start: VarValueService
 End:   VarValueService; Timer: cpu0=0.000 wall=0.001 
 Start: SolvePhaseEquation 
 End:   SolvePhaseEquation ; Timer: cpu0=11.578 wall=1.405 
 Start: SolidFiltersProcess: calculate forces and moments
 End:   SolidFiltersProcess: calculate forces and moments; Timer: cpu0=0.000 wall=0.002 
 Start: PrepareDataForNextStep
 End:   PrepareDataForNextStep; Timer: cpu0=0.344 wall=0.034 
 Start: VarValueService
 End:   VarValueService; Timer: cpu0=0.000 wall=0.001 
 Start: UpdateStopperData
 End:   UpdateStopperData; Timer: cpu0=0.000 wall=0.002 
 Start: Saving text status in E:\UniFlight\flow\full_rocket15_fv\data\full_rocket15.status
 End:   Saving text status in E:\UniFlight\flow\full_rocket15_fv\data\full_rocket15.status; Timer: cpu0=0.000 wall=0.002 
 End:   ===== Time Step =====, Iter number =  96; Timer: cpu0=12.969 wall=1.670 

20.06.26 15:39:04  ===== Processing Layers =====
20.06.26 15:39:04    *SEND* for CScalarLayer, GUID=7CD78E3E-90ED-43A0-9E73-BB60FDDAE621
 Start: ComputeVolumeCharacteristics
 End:   ComputeVolumeCharacteristics; Timer: cpu0=0.000 wall=0.003 
 Start: GetValueOnFacets
 End:   GetValueOnFacets; Timer: cpu0=0.000 wall=0.012 
20.06.26 15:39:04    *SEND* for CIntegralCharsLayer, GUID=4E090A0C-544B-E4A2-4242-BEC451D7CD2B
20.06.26 15:39:04    *SEND* for CIntegralCharsLayer, GUID=67F29492-B486-9BD6-015B-58123FE04E04
20.06.26 15:39:04    *SEND* for CIntegralCharsLayer, GUID=24E026D3-474F-9BDB-2BB1-A3745825FAC4
 End:   ===== Processing Layers =====; Timer: cpu0=0.000 wall=0.029 

20.06.26 15:39:04  ===== New Time Step =====, Iter number =  97
 Start: TimeServis
 End:   TimeServis; Timer: cpu0=0.344 wall=0.034 
 Start: User modules' functions BeforeTimeStep() are calling
 End:   User modules' functions BeforeTimeStep() are calling; Timer: cpu0=0.000 wall=0.003 
 Start: Adaptation, TotalRealCellsCount= 95651 
 End:   Adaptation; Timer: cpu0=0.000 wall=0.004 
 Start: Initialize data arrays on chips
 End:   Initialize data arrays on chips, res= 0; Timer: cpu0=0.000 wall=0.002 
  ***** Maximum Geometrical Gauss = 2.17193e-14, cell= 490:2:2:3:0
  ***** Maximum MovingSurf  Gauss = 0, cell= 
 Start: Initialize data arrays on chips
 End:   Initialize data arrays on chips, res= 0; Timer: cpu0=0.000 wall=0.002 
 Start: TimeServis
 End:   TimeServis; Timer: cpu0=0.422 wall=0.038 
 Start: FindEnclaves
 End:   FindEnclaves; Timer: cpu0=0.078 wall=0.085 
 Start: VarValueService
 End:   VarValueService; Timer: cpu0=0.000 wall=0.001 
 Start: SolvePhaseEquation 
 End:   SolvePhaseEquation ; Timer: cpu0=10.688 wall=1.417 
 Start: SolidFiltersProcess: calculate forces and moments
 End:   SolidFiltersProcess: calculate forces and moments; Timer: cpu0=0.000 wall=0.001 
 Start: PrepareDataForNextStep
 End:   PrepareDataForNextStep; Timer: cpu0=0.266 wall=0.037 
 Start: VarValueService
 End:   VarValueService; Timer: cpu0=0.000 wall=0.001 
 Start: UpdateStopperData
 End:   UpdateStopperData; Timer: cpu0=0.000 wall=0.001 
 Start: Saving text status in E:\UniFlight\flow\full_rocket15_fv\data\full_rocket15.status
 End:   Saving text status in E:\UniFlight\flow\full_rocket15_fv\data\full_rocket15.status; Timer: cpu0=0.000 wall=0.002 
 End:   ===== Time Step =====, Iter number =  97; Timer: cpu0=12.047 wall=1.688 

20.06.26 15:39:06  ===== Processing Layers =====
20.06.26 15:39:06    *SEND* for CScalarLayer, GUID=7CD78E3E-90ED-43A0-9E73-BB60FDDAE621
 Start: ComputeVolumeCharacteristics
 End:   ComputeVolumeCharacteristics; Timer: cpu0=0.000 wall=0.003 
 Start: GetValueOnFacets
 End:   GetValueOnFacets; Timer: cpu0=0.016 wall=0.014 
20.06.26 15:39:06    *SEND* for CIntegralCharsLayer, GUID=4E090A0C-544B-E4A2-4242-BEC451D7CD2B
20.06.26 15:39:06    *SEND* for CIntegralCharsLayer, GUID=67F29492-B486-9BD6-015B-58123FE04E04
20.06.26 15:39:06    *SEND* for CIntegralCharsLayer, GUID=24E026D3-474F-9BDB-2BB1-A3745825FAC4
 End:   ===== Processing Layers =====; Timer: cpu0=0.016 wall=0.034 

20.06.26 15:39:06  ===== New Time Step =====, Iter number =  98
 Start: TimeServis
 End:   TimeServis; Timer: cpu0=0.469 wall=0.034 
 Start: User modules' functions BeforeTimeStep() are calling
 End:   User modules' functions BeforeTimeStep() are calling; Timer: cpu0=0.000 wall=0.001 
 Start: Adaptation, TotalRealCellsCount= 95651 
 End:   Adaptation; Timer: cpu0=0.000 wall=0.003 
 Start: Initialize data arrays on chips
 End:   Initialize data arrays on chips, res= 0; Timer: cpu0=0.000 wall=0.002 
  ***** Maximum Geometrical Gauss = 2.17193e-14, cell= 490:2:2:3:0
  ***** Maximum MovingSurf  Gauss = 0, cell= 
 Start: Initialize data arrays on chips
 End:   Initialize data arrays on chips, res= 0; Timer: cpu0=0.000 wall=0.002 
 Start: TimeServis
 End:   TimeServis; Timer: cpu0=0.234 wall=0.033 
 Start: FindEnclaves
 End:   FindEnclaves; Timer: cpu0=0.094 wall=0.090 
 Start: VarValueService
 End:   VarValueService; Timer: cpu0=0.000 wall=0.001 
 Start: SolvePhaseEquation 
 End:   SolvePhaseEquation ; Timer: cpu0=11.375 wall=1.397 
 Start: SolidFiltersProcess: calculate forces and moments
 End:   SolidFiltersProcess: calculate forces and moments; Timer: cpu0=0.000 wall=0.002 
 Start: PrepareDataForNextStep
 End:   PrepareDataForNextStep; Timer: cpu0=0.266 wall=0.035 
 Start: VarValueService
 End:   VarValueService; Timer: cpu0=0.000 wall=0.001 
 Start: UpdateStopperData
 End:   UpdateStopperData; Timer: cpu0=0.000 wall=0.001 
 Start: Saving text status in E:\UniFlight\flow\full_rocket15_fv\data\full_rocket15.status
 End:   Saving text status in E:\UniFlight\flow\full_rocket15_fv\data\full_rocket15.status; Timer: cpu0=0.000 wall=0.002 
 End:   ===== Time Step =====, Iter number =  98; Timer: cpu0=12.609 wall=1.662 

20.06.26 15:39:08  ===== Processing Layers =====
20.06.26 15:39:08    *SEND* for CScalarLayer, GUID=7CD78E3E-90ED-43A0-9E73-BB60FDDAE621
 Start: ComputeVolumeCharacteristics
 End:   ComputeVolumeCharacteristics; Timer: cpu0=0.000 wall=0.004 
 Start: GetValueOnFacets
 End:   GetValueOnFacets; Timer: cpu0=0.016 wall=0.014 
20.06.26 15:39:08    *SEND* for CIntegralCharsLayer, GUID=4E090A0C-544B-E4A2-4242-BEC451D7CD2B
20.06.26 15:39:08    *SEND* for CIntegralCharsLayer, GUID=67F29492-B486-9BD6-015B-58123FE04E04
20.06.26 15:39:08    *SEND* for CIntegralCharsLayer, GUID=24E026D3-474F-9BDB-2BB1-A3745825FAC4
 End:   ===== Processing Layers =====; Timer: cpu0=0.016 wall=0.032 

20.06.26 15:39:08  ===== New Time Step =====, Iter number =  99
 Start: TimeServis
 End:   TimeServis; Timer: cpu0=0.344 wall=0.038 
 Start: User modules' functions BeforeTimeStep() are calling
 End:   User modules' functions BeforeTimeStep() are calling; Timer: cpu0=0.000 wall=0.004 
 Start: Adaptation, TotalRealCellsCount= 95651 
 End:   Adaptation; Timer: cpu0=0.000 wall=0.005 
 Start: Initialize data arrays on chips
 End:   Initialize data arrays on chips, res= 0; Timer: cpu0=0.000 wall=0.003 
  ***** Maximum Geometrical Gauss = 2.17193e-14, cell= 490:2:2:3:0
  ***** Maximum MovingSurf  Gauss = 0, cell= 
 Start: Initialize data arrays on chips
 End:   Initialize data arrays on chips, res= 0; Timer: cpu0=0.172 wall=0.002 
 Start: TimeServis
 End:   TimeServis; Timer: cpu0=0.344 wall=0.037 
 Start: FindEnclaves
 End:   FindEnclaves; Timer: cpu0=0.266 wall=0.096 
 Start: VarValueService
 End:   VarValueService; Timer: cpu0=0.000 wall=0.002 
 Start: SolvePhaseEquation 
 End:   SolvePhaseEquation ; Timer: cpu0=11.531 wall=1.358 
 Start: SolidFiltersProcess: calculate forces and moments
 End:   SolidFiltersProcess: calculate forces and moments; Timer: cpu0=0.000 wall=0.002 
 Start: PrepareDataForNextStep
 End:   PrepareDataForNextStep; Timer: cpu0=0.359 wall=0.039 
 Start: VarValueService
 End:   VarValueService; Timer: cpu0=0.000 wall=0.002 
 Start: UpdateStopperData
 End:   UpdateStopperData; Timer: cpu0=0.000 wall=0.001 
 Start: Saving text status in E:\UniFlight\flow\full_rocket15_fv\data\full_rocket15.status
 End:   Saving text status in E:\UniFlight\flow\full_rocket15_fv\data\full_rocket15.status; Timer: cpu0=0.000 wall=0.003 
 End:   ===== Time Step =====, Iter number =  99; Timer: cpu0=13.359 wall=1.652 

 Start: Saving values
 End:   Saving values, res= 0; Timer: cpu0=0.781 wall=0.087 
 Start: Saving grid
 End:   Saving grid, res= 0; Timer: cpu0=0.859 wall=0.102 
 Start: Saving grid index
 End:   Saving grid index, res= 0; Timer: cpu0=0.000 wall=0.003 
20.06.26 15:39:10  ===== Processing Layers =====
20.06.26 15:39:10    *SEND* for CScalarLayer, GUID=7CD78E3E-90ED-43A0-9E73-BB60FDDAE621
 Start: ComputeVolumeCharacteristics
 End:   ComputeVolumeCharacteristics; Timer: cpu0=0.000 wall=0.004 
 Start: GetValueOnFacets
 End:   GetValueOnFacets; Timer: cpu0=0.172 wall=0.012 
20.06.26 15:39:10    *SEND* for CIntegralCharsLayer, GUID=4E090A0C-544B-E4A2-4242-BEC451D7CD2B
20.06.26 15:39:10    *SEND* for CIntegralCharsLayer, GUID=67F29492-B486-9BD6-015B-58123FE04E04
20.06.26 15:39:10    *SEND* for CIntegralCharsLayer, GUID=24E026D3-474F-9BDB-2BB1-A3745825FAC4
 End:   ===== Processing Layers =====; Timer: cpu0=0.344 wall=0.035 

20.06.26 15:39:10  ===== New Time Step =====, Iter number =  100
 Start: TimeServis
 End:   TimeServis; Timer: cpu0=0.344 wall=0.035 
 Start: User modules' functions BeforeTimeStep() are calling
 End:   User modules' functions BeforeTimeStep() are calling; Timer: cpu0=0.000 wall=0.001 
 Start: Adaptation, TotalRealCellsCount= 95651 
 End:   Adaptation; Timer: cpu0=6.016 wall=0.751 
 Start: DistributeGridOnProcessors
 End:   DistributeGridOnProcessors, res= 0; Timer: cpu0=0.969 wall=0.219 
 Start: SetNeiHyperCells
 End:   SetNeiHyperCells, res= 0; Timer: cpu0=0.172 wall=0.008 
 Start: BuildFacetDistribution
 End:   BuildFacetDistribution; Timer: cpu0=0.000 wall=0.002 
 Start: Initialize data arrays on chips
 End:   Initialize data arrays on chips, res= 0; Timer: cpu0=0.000 wall=0.001 
  ***** Maximum Geometrical Gauss = 2.17193e-14, cell= 499:3:7:6:0
  ***** Maximum MovingSurf  Gauss = 2.06976e-14, cell= 45:1:1:1:0
 Start: Remove Small Cells
 End:   Remove Small Cells; Timer: cpu0=0.062 wall=0.020 
 Start: Initialize data arrays on chips
 End:   Initialize data arrays on chips, res= 0; Timer: cpu0=0.000 wall=0.003 
  ***** Maximum Geometrical Gauss = 2.17193e-14, cell= 499:3:7:6:0
  ***** Maximum MovingSurf  Gauss = 2.06976e-14, cell= 45:1:1:1:0
 Start: Initialize data arrays on chips
 End:   Initialize data arrays on chips, res= 0; Timer: cpu0=0.000 wall=0.002 
 Start: Modify Chip Data
 End:   Modify Chip Data; Timer: cpu0=0.344 wall=0.039 
 Start: TimeServis
 End:   TimeServis; Timer: cpu0=0.688 wall=0.070 
 Start: FindEnclaves
 End:   FindEnclaves; Timer: cpu0=0.094 wall=0.101 
 Start: VarValueService
 End:   VarValueService; Timer: cpu0=0.000 wall=0.001 
 Start: SolvePhaseEquation 
 End:   SolvePhaseEquation ; Timer: cpu0=13.031 wall=1.612 
 Start: SolidFiltersProcess: calculate forces and moments
 End:   SolidFiltersProcess: calculate forces and moments; Timer: cpu0=0.000 wall=0.002 
 Start: PrepareDataForNextStep
 End:   PrepareDataForNextStep; Timer: cpu0=0.500 wall=0.042 
 Start: VarValueService
 End:   VarValueService; Timer: cpu0=0.000 wall=0.001 
 Start: UpdateStopperData
 End:   UpdateStopperData; Timer: cpu0=0.000 wall=0.000 
 Start: Saving text status in E:\UniFlight\flow\full_rocket15_fv\data\full_rocket15.status
 End:   Saving text status in E:\UniFlight\flow\full_rocket15_fv\data\full_rocket15.status; Timer: cpu0=0.000 wall=0.002 
 End:   ===== Time Step =====, Iter number =  100; Timer: cpu0=22.734 wall=3.009 

20.06.26 15:39:13  ===== Processing Layers =====
20.06.26 15:39:13    *SEND* for CScalarLayer, GUID=7CD78E3E-90ED-43A0-9E73-BB60FDDAE621
 Start: ComputeVolumeCharacteristics
 End:   ComputeVolumeCharacteristics; Timer: cpu0=0.000 wall=0.005 
 Start: GetValueOnFacets
 End:   GetValueOnFacets; Timer: cpu0=0.172 wall=0.015 
20.06.26 15:39:13    *SEND* for CIntegralCharsLayer, GUID=4E090A0C-544B-E4A2-4242-BEC451D7CD2B
20.06.26 15:39:13    *SEND* for CIntegralCharsLayer, GUID=67F29492-B486-9BD6-015B-58123FE04E04
20.06.26 15:39:13    *SEND* for CIntegralCharsLayer, GUID=24E026D3-474F-9BDB-2BB1-A3745825FAC4
 End:   ===== Processing Layers =====; Timer: cpu0=0.344 wall=0.036 

20.06.26 15:39:13  ===== New Time Step =====, Iter number =  101
 Start: TimeServis
 End:   TimeServis; Timer: cpu0=0.391 wall=0.035 
 Start: User modules' functions BeforeTimeStep() are calling
 End:   User modules' functions BeforeTimeStep() are calling; Timer: cpu0=0.000 wall=0.002 
 Start: Adaptation, TotalRealCellsCount= 108573 
 End:   Adaptation; Timer: cpu0=6.609 wall=0.818 
 Start: DistributeGridOnProcessors
 End:   DistributeGridOnProcessors, res= 0; Timer: cpu0=0.906 wall=0.209 
 Start: SetNeiHyperCells
 End:   SetNeiHyperCells, res= 0; Timer: cpu0=0.000 wall=0.006 
 Start: BuildFacetDistribution
 End:   BuildFacetDistribution; Timer: cpu0=0.000 wall=0.002 
 Start: Initialize data arrays on chips
 End:   Initialize data arrays on chips, res= 0; Timer: cpu0=0.000 wall=0.001 
  ***** Maximum Geometrical Gauss = 2.17193e-14, cell= 499:3:7:6:0
  ***** Maximum MovingSurf  Gauss = 1.40323e-14, cell= 696:6:3:0
 Start: Remove Small Cells
 End:   Remove Small Cells; Timer: cpu0=0.109 wall=0.022 
 Start: Initialize data arrays on chips
 End:   Initialize data arrays on chips, res= 0; Timer: cpu0=0.172 wall=0.003 
  ***** Maximum Geometrical Gauss = 2.17193e-14, cell= 499:3:7:6:0
  ***** Maximum MovingSurf  Gauss = 1.40323e-14, cell= 696:6:3:0
 Start: Initialize data arrays on chips
 End:   Initialize data arrays on chips, res= 0; Timer: cpu0=0.000 wall=0.002 
 Start: Modify Chip Data
 End:   Modify Chip Data; Timer: cpu0=0.344 wall=0.038 
 Start: TimeServis
 End:   TimeServis; Timer: cpu0=0.469 wall=0.047 
 Start: FindEnclaves
 End:   FindEnclaves; Timer: cpu0=0.094 wall=0.093 
 Start: VarValueService
 End:   VarValueService; Timer: cpu0=0.000 wall=0.003 
 Start: SolvePhaseEquation 
 End:   SolvePhaseEquation ; Timer: cpu0=11.562 wall=1.413 
 Start: SolidFiltersProcess: calculate forces and moments
 End:   SolidFiltersProcess: calculate forces and moments; Timer: cpu0=0.000 wall=0.001 
 Start: PrepareDataForNextStep
 End:   PrepareDataForNextStep; Timer: cpu0=0.188 wall=0.035 
 Start: VarValueService
 End:   VarValueService; Timer: cpu0=0.000 wall=0.000 
 Start: UpdateStopperData
 End:   UpdateStopperData; Timer: cpu0=0.000 wall=0.001 
 Start: Saving text status in E:\UniFlight\flow\full_rocket15_fv\data\full_rocket15.status
 End:   Saving text status in E:\UniFlight\flow\full_rocket15_fv\data\full_rocket15.status; Timer: cpu0=0.000 wall=0.002 
 End:   ===== Time Step =====, Iter number =  101; Timer: cpu0=21.188 wall=2.823 

20.06.26 15:39:16  ===== Processing Layers =====
20.06.26 15:39:16    *SEND* for CScalarLayer, GUID=7CD78E3E-90ED-43A0-9E73-BB60FDDAE621
 Start: ComputeVolumeCharacteristics
 End:   ComputeVolumeCharacteristics; Timer: cpu0=0.000 wall=0.004 
 Start: GetValueOnFacets
 End:   GetValueOnFacets; Timer: cpu0=0.016 wall=0.014 
20.06.26 15:39:16    *SEND* for CIntegralCharsLayer, GUID=4E090A0C-544B-E4A2-4242-BEC451D7CD2B
20.06.26 15:39:16    *SEND* for CIntegralCharsLayer, GUID=67F29492-B486-9BD6-015B-58123FE04E04
20.06.26 15:39:16    *SEND* for CIntegralCharsLayer, GUID=24E026D3-474F-9BDB-2BB1-A3745825FAC4
 End:   ===== Processing Layers =====; Timer: cpu0=0.031 wall=0.036 

20.06.26 15:39:16  ===== New Time Step =====, Iter number =  102
 Start: TimeServis
 End:   TimeServis; Timer: cpu0=0.328 wall=0.033 
 Start: User modules' functions BeforeTimeStep() are calling
 End:   User modules' functions BeforeTimeStep() are calling; Timer: cpu0=0.000 wall=0.003 
 Start: Adaptation, TotalRealCellsCount= 95980 
 End:   Adaptation; Timer: cpu0=0.172 wall=0.004 
 Start: Initialize data arrays on chips
 End:   Initialize data arrays on chips, res= 0; Timer: cpu0=0.000 wall=0.002 
  ***** Maximum Geometrical Gauss = 2.17193e-14, cell= 499:3:7:6:0
  ***** Maximum MovingSurf  Gauss = 0, cell= 
 Start: Initialize data arrays on chips
 End:   Initialize data arrays on chips, res= 0; Timer: cpu0=0.000 wall=0.002 
 Start: TimeServis
 End:   TimeServis; Timer: cpu0=0.344 wall=0.036 
 Start: FindEnclaves
 End:   FindEnclaves; Timer: cpu0=0.062 wall=0.082 
 Start: VarValueService
 End:   VarValueService; Timer: cpu0=0.000 wall=0.001 
 Start: SolvePhaseEquation 
 End:   SolvePhaseEquation ; Timer: cpu0=11.219 wall=1.398 
 Start: SolidFiltersProcess: calculate forces and moments
 End:   SolidFiltersProcess: calculate forces and moments; Timer: cpu0=0.000 wall=0.001 
 Start: PrepareDataForNextStep
 End:   PrepareDataForNextStep; Timer: cpu0=0.422 wall=0.034 
 Start: VarValueService
 End:   VarValueService; Timer: cpu0=0.000 wall=0.001 
 Start: UpdateStopperData
 End:   UpdateStopperData; Timer: cpu0=0.000 wall=0.001 
 Start: Saving text status in E:\UniFlight\flow\full_rocket15_fv\data\full_rocket15.status
 End:   Saving text status in E:\UniFlight\flow\full_rocket15_fv\data\full_rocket15.status; Timer: cpu0=0.000 wall=0.001 
 End:   ===== Time Step =====, Iter number =  102; Timer: cpu0=12.719 wall=1.666 

20.06.26 15:39:18  ===== Processing Layers =====
20.06.26 15:39:18    *SEND* for CScalarLayer, GUID=7CD78E3E-90ED-43A0-9E73-BB60FDDAE621
 Start: ComputeVolumeCharacteristics
 End:   ComputeVolumeCharacteristics; Timer: cpu0=0.000 wall=0.004 
 Start: GetValueOnFacets
 End:   GetValueOnFacets; Timer: cpu0=0.000 wall=0.015 
20.06.26 15:39:18    *SEND* for CIntegralCharsLayer, GUID=4E090A0C-544B-E4A2-4242-BEC451D7CD2B
20.06.26 15:39:18    *SEND* for CIntegralCharsLayer, GUID=67F29492-B486-9BD6-015B-58123FE04E04
20.06.26 15:39:18    *SEND* for CIntegralCharsLayer, GUID=24E026D3-474F-9BDB-2BB1-A3745825FAC4
 End:   ===== Processing Layers =====; Timer: cpu0=0.000 wall=0.036 

20.06.26 15:39:18  ===== New Time Step =====, Iter number =  103
 Start: TimeServis
 End:   TimeServis; Timer: cpu0=0.328 wall=0.034 
 Start: User modules' functions BeforeTimeStep() are calling
 End:   User modules' functions BeforeTimeStep() are calling; Timer: cpu0=0.000 wall=0.001 
 Start: Adaptation, TotalRealCellsCount= 95980 
 End:   Adaptation; Timer: cpu0=0.000 wall=0.004 
 Start: Initialize data arrays on chips
 End:   Initialize data arrays on chips, res= 0; Timer: cpu0=0.000 wall=0.003 
  ***** Maximum Geometrical Gauss = 2.17193e-14, cell= 499:3:7:6:0
  ***** Maximum MovingSurf  Gauss = 0, cell= 
 Start: Initialize data arrays on chips
 End:   Initialize data arrays on chips, res= 0; Timer: cpu0=0.000 wall=0.002 
 Start: TimeServis
 End:   TimeServis; Timer: cpu0=0.297 wall=0.033 
 Start: FindEnclaves
 End:   FindEnclaves; Timer: cpu0=0.219 wall=0.080 
 Start: VarValueService
 End:   VarValueService; Timer: cpu0=0.000 wall=0.002 
 Start: SolvePhaseEquation 
 End:   SolvePhaseEquation ; Timer: cpu0=11.734 wall=1.425 
 Start: SolidFiltersProcess: calculate forces and moments
 End:   SolidFiltersProcess: calculate forces and moments; Timer: cpu0=0.000 wall=0.002 
 Start: PrepareDataForNextStep
 End:   PrepareDataForNextStep; Timer: cpu0=0.234 wall=0.034 
 Start: VarValueService
 End:   VarValueService; Timer: cpu0=0.000 wall=0.002 
 Start: UpdateStopperData
 End:   UpdateStopperData; Timer: cpu0=0.000 wall=0.001 
 Start: Saving text status in E:\UniFlight\flow\full_rocket15_fv\data\full_rocket15.status
 End:   Saving text status in E:\UniFlight\flow\full_rocket15_fv\data\full_rocket15.status; Timer: cpu0=0.000 wall=0.001 
 End:   ===== Time Step =====, Iter number =  103; Timer: cpu0=13.031 wall=1.679 

20.06.26 15:39:20  ===== Processing Layers =====
20.06.26 15:39:20    *SEND* for CScalarLayer, GUID=7CD78E3E-90ED-43A0-9E73-BB60FDDAE621
 Start: ComputeVolumeCharacteristics
 End:   ComputeVolumeCharacteristics; Timer: cpu0=0.000 wall=0.004 
 Start: GetValueOnFacets
 End:   GetValueOnFacets; Timer: cpu0=0.016 wall=0.013 
20.06.26 15:39:20    *SEND* for CIntegralCharsLayer, GUID=4E090A0C-544B-E4A2-4242-BEC451D7CD2B
20.06.26 15:39:20    *SEND* for CIntegralCharsLayer, GUID=67F29492-B486-9BD6-015B-58123FE04E04
20.06.26 15:39:20    *SEND* for CIntegralCharsLayer, GUID=24E026D3-474F-9BDB-2BB1-A3745825FAC4
 End:   ===== Processing Layers =====; Timer: cpu0=0.016 wall=0.033 

20.06.26 15:39:20  ===== New Time Step =====, Iter number =  104
 Start: TimeServis
 End:   TimeServis; Timer: cpu0=0.328 wall=0.037 
 Start: User modules' functions BeforeTimeStep() are calling
 End:   User modules' functions BeforeTimeStep() are calling; Timer: cpu0=0.000 wall=0.002 
 Start: Adaptation, TotalRealCellsCount= 95980 
 End:   Adaptation; Timer: cpu0=0.000 wall=0.004 
 Start: Initialize data arrays on chips
 End:   Initialize data arrays on chips, res= 0; Timer: cpu0=0.000 wall=0.002 
  ***** Maximum Geometrical Gauss = 2.17193e-14, cell= 499:3:7:6:0
  ***** Maximum MovingSurf  Gauss = 0, cell= 
 Start: Initialize data arrays on chips
 End:   Initialize data arrays on chips, res= 0; Timer: cpu0=0.000 wall=0.002 
 Start: TimeServis
 End:   TimeServis; Timer: cpu0=0.344 wall=0.035 
 Start: FindEnclaves
 End:   FindEnclaves; Timer: cpu0=0.250 wall=0.082 
 Start: VarValueService
 End:   VarValueService; Timer: cpu0=0.000 wall=0.002 
 Start: SolvePhaseEquation 
 End:   SolvePhaseEquation ; Timer: cpu0=11.234 wall=1.385 
 Start: SolidFiltersProcess: calculate forces and moments
 End:   SolidFiltersProcess: calculate forces and moments; Timer: cpu0=0.000 wall=0.001 
 Start: PrepareDataForNextStep
 End:   PrepareDataForNextStep; Timer: cpu0=0.312 wall=0.036 
 Start: VarValueService
 End:   VarValueService; Timer: cpu0=0.000 wall=0.001 
 Start: UpdateStopperData
 End:   UpdateStopperData; Timer: cpu0=0.000 wall=0.001 
 Start: Saving text status in E:\UniFlight\flow\full_rocket15_fv\data\full_rocket15.status
 End:   Saving text status in E:\UniFlight\flow\full_rocket15_fv\data\full_rocket15.status; Timer: cpu0=0.000 wall=0.002 
 End:   ===== Time Step =====, Iter number =  104; Timer: cpu0=12.812 wall=1.655 

20.06.26 15:39:22  ===== Processing Layers =====
20.06.26 15:39:22    *SEND* for CScalarLayer, GUID=7CD78E3E-90ED-43A0-9E73-BB60FDDAE621
 Start: ComputeVolumeCharacteristics
 End:   ComputeVolumeCharacteristics; Timer: cpu0=0.000 wall=0.004 
 Start: GetValueOnFacets
 End:   GetValueOnFacets; Timer: cpu0=0.016 wall=0.014 
20.06.26 15:39:22    *SEND* for CIntegralCharsLayer, GUID=4E090A0C-544B-E4A2-4242-BEC451D7CD2B
20.06.26 15:39:22    *SEND* for CIntegralCharsLayer, GUID=67F29492-B486-9BD6-015B-58123FE04E04
20.06.26 15:39:22    *SEND* for CIntegralCharsLayer, GUID=24E026D3-474F-9BDB-2BB1-A3745825FAC4
 End:   ===== Processing Layers =====; Timer: cpu0=0.016 wall=0.034 

20.06.26 15:39:22  ===== New Time Step =====, Iter number =  105
 Start: TimeServis
 End:   TimeServis; Timer: cpu0=0.344 wall=0.033 
 Start: User modules' functions BeforeTimeStep() are calling
 End:   User modules' functions BeforeTimeStep() are calling; Timer: cpu0=0.000 wall=0.002 
 Start: Adaptation, TotalRealCellsCount= 95980 
 End:   Adaptation; Timer: cpu0=0.156 wall=0.005 
 Start: Initialize data arrays on chips
 End:   Initialize data arrays on chips, res= 0; Timer: cpu0=0.000 wall=0.003 
  ***** Maximum Geometrical Gauss = 2.17193e-14, cell= 499:3:7:6:0
  ***** Maximum MovingSurf  Gauss = 0, cell= 
 Start: Initialize data arrays on chips
 End:   Initialize data arrays on chips, res= 0; Timer: cpu0=0.000 wall=0.002 
 Start: TimeServis
 End:   TimeServis; Timer: cpu0=0.266 wall=0.036 
 Start: FindEnclaves
 End:   FindEnclaves; Timer: cpu0=0.078 wall=0.085 
 Start: VarValueService
 End:   VarValueService; Timer: cpu0=0.000 wall=0.001 
 Start: SolvePhaseEquation 
 End:   SolvePhaseEquation ; Timer: cpu0=11.906 wall=1.412 
 Start: SolidFiltersProcess: calculate forces and moments
 End:   SolidFiltersProcess: calculate forces and moments; Timer: cpu0=0.000 wall=0.002 
 Start: PrepareDataForNextStep
 End:   PrepareDataForNextStep; Timer: cpu0=0.344 wall=0.034 
 Start: VarValueService
 End:   VarValueService; Timer: cpu0=0.000 wall=0.002 
 Start: UpdateStopperData
 End:   UpdateStopperData; Timer: cpu0=0.000 wall=0.001 
 Start: Saving text status in E:\UniFlight\flow\full_rocket15_fv\data\full_rocket15.status
 End:   Saving text status in E:\UniFlight\flow\full_rocket15_fv\data\full_rocket15.status; Timer: cpu0=0.000 wall=0.002 
 End:   ===== Time Step =====, Iter number =  105; Timer: cpu0=13.297 wall=1.676 

20.06.26 15:39:24  ===== Processing Layers =====
20.06.26 15:39:24    *SEND* for CScalarLayer, GUID=7CD78E3E-90ED-43A0-9E73-BB60FDDAE621
 Start: ComputeVolumeCharacteristics
 End:   ComputeVolumeCharacteristics; Timer: cpu0=0.000 wall=0.005 
 Start: GetValueOnFacets
 End:   GetValueOnFacets; Timer: cpu0=0.016 wall=0.015 
20.06.26 15:39:24    *SEND* for CIntegralCharsLayer, GUID=4E090A0C-544B-E4A2-4242-BEC451D7CD2B
20.06.26 15:39:24    *SEND* for CIntegralCharsLayer, GUID=67F29492-B486-9BD6-015B-58123FE04E04
20.06.26 15:39:24    *SEND* for CIntegralCharsLayer, GUID=24E026D3-474F-9BDB-2BB1-A3745825FAC4
 End:   ===== Processing Layers =====; Timer: cpu0=0.016 wall=0.034 

20.06.26 15:39:24  ===== New Time Step =====, Iter number =  106
 Start: TimeServis
 End:   TimeServis; Timer: cpu0=0.344 wall=0.034 
 Start: User modules' functions BeforeTimeStep() are calling
 End:   User modules' functions BeforeTimeStep() are calling; Timer: cpu0=0.000 wall=0.002 
 Start: Adaptation, TotalRealCellsCount= 95980 
 End:   Adaptation; Timer: cpu0=0.156 wall=0.005 
 Start: Initialize data arrays on chips
 End:   Initialize data arrays on chips, res= 0; Timer: cpu0=0.000 wall=0.002 
  ***** Maximum Geometrical Gauss = 2.17193e-14, cell= 499:3:7:6:0
  ***** Maximum MovingSurf  Gauss = 0, cell= 
 Start: Initialize data arrays on chips
 End:   Initialize data arrays on chips, res= 0; Timer: cpu0=0.000 wall=0.002 
 Start: TimeServis
 End:   TimeServis; Timer: cpu0=0.281 wall=0.040 
 Start: FindEnclaves
 End:   FindEnclaves; Timer: cpu0=0.078 wall=0.080 
 Start: VarValueService
 End:   VarValueService; Timer: cpu0=0.000 wall=0.001 
 Start: SolvePhaseEquation 
 End:   SolvePhaseEquation ; Timer: cpu0=11.531 wall=1.411 
 Start: SolidFiltersProcess: calculate forces and moments
 End:   SolidFiltersProcess: calculate forces and moments; Timer: cpu0=0.000 wall=0.001 
 Start: PrepareDataForNextStep
 End:   PrepareDataForNextStep; Timer: cpu0=0.297 wall=0.036 
 Start: VarValueService
 End:   VarValueService; Timer: cpu0=0.000 wall=0.001 
 Start: UpdateStopperData
 End:   UpdateStopperData; Timer: cpu0=0.000 wall=0.002 
 Start: Saving text status in E:\UniFlight\flow\full_rocket15_fv\data\full_rocket15.status
 End:   Saving text status in E:\UniFlight\flow\full_rocket15_fv\data\full_rocket15.status; Timer: cpu0=0.000 wall=0.002 
 End:   ===== Time Step =====, Iter number =  106; Timer: cpu0=13.016 wall=1.676 

20.06.26 15:39:26  ===== Processing Layers =====
20.06.26 15:39:26    *SEND* for CScalarLayer, GUID=7CD78E3E-90ED-43A0-9E73-BB60FDDAE621
 Start: ComputeVolumeCharacteristics
 End:   ComputeVolumeCharacteristics; Timer: cpu0=0.156 wall=0.005 
 Start: GetValueOnFacets
 End:   GetValueOnFacets; Timer: cpu0=0.016 wall=0.014 
20.06.26 15:39:26    *SEND* for CIntegralCharsLayer, GUID=4E090A0C-544B-E4A2-4242-BEC451D7CD2B
20.06.26 15:39:26    *SEND* for CIntegralCharsLayer, GUID=67F29492-B486-9BD6-015B-58123FE04E04
20.06.26 15:39:26    *SEND* for CIntegralCharsLayer, GUID=24E026D3-474F-9BDB-2BB1-A3745825FAC4
 End:   ===== Processing Layers =====; Timer: cpu0=0.172 wall=0.035 

20.06.26 15:39:26  ===== New Time Step =====, Iter number =  107
 Start: TimeServis
 End:   TimeServis; Timer: cpu0=0.312 wall=0.034 
 Start: User modules' functions BeforeTimeStep() are calling
 End:   User modules' functions BeforeTimeStep() are calling; Timer: cpu0=0.000 wall=0.002 
 Start: Adaptation, TotalRealCellsCount= 95980 
 End:   Adaptation; Timer: cpu0=0.000 wall=0.005 
 Start: Initialize data arrays on chips
 End:   Initialize data arrays on chips, res= 0; Timer: cpu0=0.000 wall=0.002 
  ***** Maximum Geometrical Gauss = 2.17193e-14, cell= 499:3:7:6:0
  ***** Maximum MovingSurf  Gauss = 0, cell= 
 Start: Initialize data arrays on chips
 End:   Initialize data arrays on chips, res= 0; Timer: cpu0=0.000 wall=0.002 
 Start: TimeServis
 End:   TimeServis; Timer: cpu0=0.500 wall=0.041 
 Start: FindEnclaves
 End:   FindEnclaves; Timer: cpu0=0.203 wall=0.079 
 Start: VarValueService
 End:   VarValueService; Timer: cpu0=0.000 wall=0.002 
 Start: SolvePhaseEquation 
 End:   SolvePhaseEquation ; Timer: cpu0=11.562 wall=1.409 
 Start: SolidFiltersProcess: calculate forces and moments
 End:   SolidFiltersProcess: calculate forces and moments; Timer: cpu0=0.000 wall=0.001 
 Start: PrepareDataForNextStep
 End:   PrepareDataForNextStep; Timer: cpu0=0.203 wall=0.034 
 Start: VarValueService
 End:   VarValueService; Timer: cpu0=0.000 wall=0.001 
 Start: UpdateStopperData
 End:   UpdateStopperData; Timer: cpu0=0.000 wall=0.001 
 Start: Saving text status in E:\UniFlight\flow\full_rocket15_fv\data\full_rocket15.status
 End:   Saving text status in E:\UniFlight\flow\full_rocket15_fv\data\full_rocket15.status; Timer: cpu0=0.000 wall=0.002 
 End:   ===== Time Step =====, Iter number =  107; Timer: cpu0=13.094 wall=1.678 

20.06.26 15:39:28  ===== Processing Layers =====
20.06.26 15:39:28    *SEND* for CScalarLayer, GUID=7CD78E3E-90ED-43A0-9E73-BB60FDDAE621
 Start: ComputeVolumeCharacteristics
 End:   ComputeVolumeCharacteristics; Timer: cpu0=0.000 wall=0.004 
 Start: GetValueOnFacets
 End:   GetValueOnFacets; Timer: cpu0=0.016 wall=0.014 
20.06.26 15:39:28    *SEND* for CIntegralCharsLayer, GUID=4E090A0C-544B-E4A2-4242-BEC451D7CD2B
20.06.26 15:39:28    *SEND* for CIntegralCharsLayer, GUID=67F29492-B486-9BD6-015B-58123FE04E04
20.06.26 15:39:28    *SEND* for CIntegralCharsLayer, GUID=24E026D3-474F-9BDB-2BB1-A3745825FAC4
 End:   ===== Processing Layers =====; Timer: cpu0=0.016 wall=0.034 

20.06.26 15:39:28  ===== New Time Step =====, Iter number =  108
 Start: TimeServis
 End:   TimeServis; Timer: cpu0=0.344 wall=0.031 
 Start: User modules' functions BeforeTimeStep() are calling
 End:   User modules' functions BeforeTimeStep() are calling; Timer: cpu0=0.000 wall=0.001 
 Start: Adaptation, TotalRealCellsCount= 95980 
 End:   Adaptation; Timer: cpu0=0.000 wall=0.005 
 Start: Initialize data arrays on chips
 End:   Initialize data arrays on chips, res= 0; Timer: cpu0=0.000 wall=0.002 
  ***** Maximum Geometrical Gauss = 2.17193e-14, cell= 499:3:7:6:0
  ***** Maximum MovingSurf  Gauss = 0, cell= 
 Start: Initialize data arrays on chips
 End:   Initialize data arrays on chips, res= 0; Timer: cpu0=0.000 wall=0.002 
 Start: TimeServis
 End:   TimeServis; Timer: cpu0=0.344 wall=0.039 
 Start: FindEnclaves
 End:   FindEnclaves; Timer: cpu0=0.078 wall=0.088 
 Start: VarValueService
 End:   VarValueService; Timer: cpu0=0.000 wall=0.002 
 Start: SolvePhaseEquation 
 End:   SolvePhaseEquation ; Timer: cpu0=11.609 wall=1.619 
 Start: SolidFiltersProcess: calculate forces and moments
 End:   SolidFiltersProcess: calculate forces and moments; Timer: cpu0=0.000 wall=0.001 
 Start: PrepareDataForNextStep
 End:   PrepareDataForNextStep; Timer: cpu0=0.344 wall=0.041 
 Start: VarValueService
 End:   VarValueService; Timer: cpu0=0.000 wall=0.001 
 Start: UpdateStopperData
 End:   UpdateStopperData; Timer: cpu0=0.000 wall=0.001 
 Start: Saving text status in E:\UniFlight\flow\full_rocket15_fv\data\full_rocket15.status
 End:   Saving text status in E:\UniFlight\flow\full_rocket15_fv\data\full_rocket15.status; Timer: cpu0=0.000 wall=0.003 
 End:   ===== Time Step =====, Iter number =  108; Timer: cpu0=13.234 wall=1.906 

20.06.26 15:39:31  ===== Processing Layers =====
20.06.26 15:39:31    *SEND* for CScalarLayer, GUID=7CD78E3E-90ED-43A0-9E73-BB60FDDAE621
 Start: ComputeVolumeCharacteristics
 End:   ComputeVolumeCharacteristics; Timer: cpu0=0.016 wall=0.006 
 Start: GetValueOnFacets
 End:   GetValueOnFacets; Timer: cpu0=0.016 wall=0.020 
20.06.26 15:39:31    *SEND* for CIntegralCharsLayer, GUID=4E090A0C-544B-E4A2-4242-BEC451D7CD2B
20.06.26 15:39:31    *SEND* for CIntegralCharsLayer, GUID=67F29492-B486-9BD6-015B-58123FE04E04
20.06.26 15:39:31    *SEND* for CIntegralCharsLayer, GUID=24E026D3-474F-9BDB-2BB1-A3745825FAC4
 End:   ===== Processing Layers =====; Timer: cpu0=0.031 wall=0.051 

20.06.26 15:39:31  ===== New Time Step =====, Iter number =  109
 Start: TimeServis
 End:   TimeServis; Timer: cpu0=0.375 wall=0.039 
 Start: User modules' functions BeforeTimeStep() are calling
 End:   User modules' functions BeforeTimeStep() are calling; Timer: cpu0=0.000 wall=0.003 
 Start: Adaptation, TotalRealCellsCount= 95980 
 End:   Adaptation; Timer: cpu0=0.000 wall=0.003 
 Start: Initialize data arrays on chips
 End:   Initialize data arrays on chips, res= 0; Timer: cpu0=0.000 wall=0.003 
  ***** Maximum Geometrical Gauss = 2.17193e-14, cell= 499:3:7:6:0
  ***** Maximum MovingSurf  Gauss = 0, cell= 
 Start: Initialize data arrays on chips
 End:   Initialize data arrays on chips, res= 0; Timer: cpu0=0.000 wall=0.002 
 Start: TimeServis
 End:   TimeServis; Timer: cpu0=0.188 wall=0.037 
 Start: FindEnclaves
 End:   FindEnclaves; Timer: cpu0=0.078 wall=0.086 
 Start: VarValueService
 End:   VarValueService; Timer: cpu0=0.000 wall=0.002 
 Start: SolvePhaseEquation 
 End:   SolvePhaseEquation ; Timer: cpu0=10.375 wall=1.414 
 Start: SolidFiltersProcess: calculate forces and moments
 End:   SolidFiltersProcess: calculate forces and moments; Timer: cpu0=0.000 wall=0.001 
 Start: PrepareDataForNextStep
 End:   PrepareDataForNextStep; Timer: cpu0=0.359 wall=0.038 
 Start: VarValueService
 End:   VarValueService; Timer: cpu0=0.000 wall=0.001 
 Start: UpdateStopperData
 End:   UpdateStopperData; Timer: cpu0=0.000 wall=0.000 
 Start: Saving text status in E:\UniFlight\flow\full_rocket15_fv\data\full_rocket15.status
 End:   Saving text status in E:\UniFlight\flow\full_rocket15_fv\data\full_rocket15.status; Timer: cpu0=0.000 wall=0.003 
 End:   ===== Time Step =====, Iter number =  109; Timer: cpu0=11.891 wall=1.696 

20.06.26 15:39:33  ===== Processing Layers =====
20.06.26 15:39:33    *SEND* for CScalarLayer, GUID=7CD78E3E-90ED-43A0-9E73-BB60FDDAE621
 Start: ComputeVolumeCharacteristics
 End:   ComputeVolumeCharacteristics; Timer: cpu0=0.000 wall=0.005 
 Start: GetValueOnFacets
 End:   GetValueOnFacets; Timer: cpu0=0.141 wall=0.015 
20.06.26 15:39:33    *SEND* for CIntegralCharsLayer, GUID=4E090A0C-544B-E4A2-4242-BEC451D7CD2B
20.06.26 15:39:33    *SEND* for CIntegralCharsLayer, GUID=67F29492-B486-9BD6-015B-58123FE04E04
20.06.26 15:39:33    *SEND* for CIntegralCharsLayer, GUID=24E026D3-474F-9BDB-2BB1-A3745825FAC4
 End:   ===== Processing Layers =====; Timer: cpu0=0.141 wall=0.037 

20.06.26 15:39:33  ===== New Time Step =====, Iter number =  110
 Start: TimeServis
 End:   TimeServis; Timer: cpu0=0.344 wall=0.030 
 Start: User modules' functions BeforeTimeStep() are calling
 End:   User modules' functions BeforeTimeStep() are calling; Timer: cpu0=0.000 wall=0.002 
 Start: Adaptation, TotalRealCellsCount= 95980 
 End:   Adaptation; Timer: cpu0=6.047 wall=0.782 
 Start: DistributeGridOnProcessors
 End:   DistributeGridOnProcessors, res= 0; Timer: cpu0=0.703 wall=0.213 
 Start: SetNeiHyperCells
 End:   SetNeiHyperCells, res= 0; Timer: cpu0=0.172 wall=0.007 
 Start: BuildFacetDistribution
 End:   BuildFacetDistribution; Timer: cpu0=0.000 wall=0.002 
 Start: Initialize data arrays on chips
 End:   Initialize data arrays on chips, res= 0; Timer: cpu0=0.000 wall=0.002 
  ***** Maximum Geometrical Gauss = 2.17193e-14, cell= 490:2:2:3:0
  ***** Maximum MovingSurf  Gauss = 2.06976e-14, cell= 45:1:1:0
 Start: Remove Small Cells
 End:   Remove Small Cells; Timer: cpu0=0.344 wall=0.021 
 Start: Initialize data arrays on chips
 End:   Initialize data arrays on chips, res= 0; Timer: cpu0=0.000 wall=0.003 
  ***** Maximum Geometrical Gauss = 2.17193e-14, cell= 490:2:2:3:0
  ***** Maximum MovingSurf  Gauss = 2.06976e-14, cell= 45:1:1:0
 Start: Initialize data arrays on chips
 End:   Initialize data arrays on chips, res= 0; Timer: cpu0=0.000 wall=0.002 
 Start: Modify Chip Data
 End:   Modify Chip Data; Timer: cpu0=0.359 wall=0.042 
 Start: TimeServis
 End:   TimeServis; Timer: cpu0=0.516 wall=0.060 
 Start: FindEnclaves
 End:   FindEnclaves; Timer: cpu0=0.250 wall=0.100 
 Start: VarValueService
 End:   VarValueService; Timer: cpu0=0.000 wall=0.002 
 Start: SolvePhaseEquation 
 End:   SolvePhaseEquation ; Timer: cpu0=13.188 wall=1.673 
 Start: SolidFiltersProcess: calculate forces and moments
 End:   SolidFiltersProcess: calculate forces and moments; Timer: cpu0=0.000 wall=0.002 
 Start: PrepareDataForNextStep
 End:   PrepareDataForNextStep; Timer: cpu0=0.188 wall=0.044 
 Start: VarValueService
 End:   VarValueService; Timer: cpu0=0.000 wall=0.002 
 Start: UpdateStopperData
 End:   UpdateStopperData; Timer: cpu0=0.000 wall=0.001 
 Start: Saving text status in E:\UniFlight\flow\full_rocket15_fv\data\full_rocket15.status
 End:   Saving text status in E:\UniFlight\flow\full_rocket15_fv\data\full_rocket15.status; Timer: cpu0=0.000 wall=0.005 
 End:   ===== Time Step =====, Iter number =  110; Timer: cpu0=22.453 wall=3.082 

20.06.26 15:39:36  ===== Processing Layers =====
20.06.26 15:39:36    *SEND* for CScalarLayer, GUID=7CD78E3E-90ED-43A0-9E73-BB60FDDAE621
 Start: ComputeVolumeCharacteristics
 End:   ComputeVolumeCharacteristics; Timer: cpu0=0.000 wall=0.004 
 Start: GetValueOnFacets
 End:   GetValueOnFacets; Timer: cpu0=0.016 wall=0.014 
20.06.26 15:39:36    *SEND* for CIntegralCharsLayer, GUID=4E090A0C-544B-E4A2-4242-BEC451D7CD2B
20.06.26 15:39:36    *SEND* for CIntegralCharsLayer, GUID=67F29492-B486-9BD6-015B-58123FE04E04
20.06.26 15:39:36    *SEND* for CIntegralCharsLayer, GUID=24E026D3-474F-9BDB-2BB1-A3745825FAC4
 End:   ===== Processing Layers =====; Timer: cpu0=0.016 wall=0.034 

20.06.26 15:39:36  ===== New Time Step =====, Iter number =  111
 Start: TimeServis
 End:   TimeServis; Timer: cpu0=0.500 wall=0.038 
 Start: User modules' functions BeforeTimeStep() are calling
 End:   User modules' functions BeforeTimeStep() are calling; Timer: cpu0=0.000 wall=0.003 
 Start: Adaptation, TotalRealCellsCount= 107166 
 End:   Adaptation; Timer: cpu0=5.641 wall=0.822 
 Start: DistributeGridOnProcessors
 End:   DistributeGridOnProcessors, res= 0; Timer: cpu0=1.062 wall=0.299 
 Start: SetNeiHyperCells
 End:   SetNeiHyperCells, res= 0; Timer: cpu0=0.000 wall=0.008 
 Start: BuildFacetDistribution
 End:   BuildFacetDistribution; Timer: cpu0=0.000 wall=0.002 
 Start: Initialize data arrays on chips
 End:   Initialize data arrays on chips, res= 0; Timer: cpu0=0.000 wall=0.002 
  ***** Maximum Geometrical Gauss = 2.17193e-14, cell= 490:2:2:3:0
  ***** Maximum MovingSurf  Gauss = 2.06976e-14, cell= 45:1:1:1:0
 Start: Remove Small Cells
 End:   Remove Small Cells; Timer: cpu0=0.172 wall=0.023 
 Start: Initialize data arrays on chips
 End:   Initialize data arrays on chips, res= 0; Timer: cpu0=0.000 wall=0.002 
  ***** Maximum Geometrical Gauss = 2.17193e-14, cell= 490:2:2:3:0
  ***** Maximum MovingSurf  Gauss = 2.06976e-14, cell= 45:1:1:1:0
 Start: Initialize data arrays on chips
 End:   Initialize data arrays on chips, res= 0; Timer: cpu0=0.000 wall=0.001 
 Start: Modify Chip Data
 End:   Modify Chip Data; Timer: cpu0=0.359 wall=0.036 
 Start: TimeServis
 End:   TimeServis; Timer: cpu0=0.484 wall=0.047 
 Start: FindEnclaves
 End:   FindEnclaves; Timer: cpu0=0.078 wall=0.099 
 Start: VarValueService
 End:   VarValueService; Timer: cpu0=0.000 wall=0.001 
 Start: SolvePhaseEquation 
 End:   SolvePhaseEquation ; Timer: cpu0=11.531 wall=1.448 
 Start: SolidFiltersProcess: calculate forces and moments
 End:   SolidFiltersProcess: calculate forces and moments; Timer: cpu0=0.000 wall=0.002 
 Start: PrepareDataForNextStep
 End:   PrepareDataForNextStep; Timer: cpu0=0.297 wall=0.038 
 Start: VarValueService
 End:   VarValueService; Timer: cpu0=0.000 wall=0.002 
 Start: UpdateStopperData
 End:   UpdateStopperData; Timer: cpu0=0.000 wall=0.001 
 Start: Saving text status in E:\UniFlight\flow\full_rocket15_fv\data\full_rocket15.status
 End:   Saving text status in E:\UniFlight\flow\full_rocket15_fv\data\full_rocket15.status; Timer: cpu0=0.000 wall=0.002 
 End:   ===== Time Step =====, Iter number =  111; Timer: cpu0=20.797 wall=2.972 

20.06.26 15:39:39  ===== Processing Layers =====
20.06.26 15:39:39    *SEND* for CScalarLayer, GUID=7CD78E3E-90ED-43A0-9E73-BB60FDDAE621
 Start: ComputeVolumeCharacteristics
 End:   ComputeVolumeCharacteristics; Timer: cpu0=0.000 wall=0.004 
 Start: GetValueOnFacets
 End:   GetValueOnFacets; Timer: cpu0=0.016 wall=0.012 
20.06.26 15:39:39    *SEND* for CIntegralCharsLayer, GUID=4E090A0C-544B-E4A2-4242-BEC451D7CD2B
20.06.26 15:39:39    *SEND* for CIntegralCharsLayer, GUID=67F29492-B486-9BD6-015B-58123FE04E04
20.06.26 15:39:39    *SEND* for CIntegralCharsLayer, GUID=24E026D3-474F-9BDB-2BB1-A3745825FAC4
 End:   ===== Processing Layers =====; Timer: cpu0=0.016 wall=0.031 

20.06.26 15:39:39  ===== New Time Step =====, Iter number =  112
 Start: TimeServis
 End:   TimeServis; Timer: cpu0=0.422 wall=0.034 
 Start: User modules' functions BeforeTimeStep() are calling
 End:   User modules' functions BeforeTimeStep() are calling; Timer: cpu0=0.000 wall=0.003 
 Start: Adaptation, TotalRealCellsCount= 96407 
 End:   Adaptation; Timer: cpu0=0.000 wall=0.005 
 Start: Initialize data arrays on chips
 End:   Initialize data arrays on chips, res= 0; Timer: cpu0=0.000 wall=0.002 
  ***** Maximum Geometrical Gauss = 2.17193e-14, cell= 499:3:7:6:0
  ***** Maximum MovingSurf  Gauss = 0, cell= 
 Start: Initialize data arrays on chips
 End:   Initialize data arrays on chips, res= 0; Timer: cpu0=0.000 wall=0.002 
 Start: TimeServis
 End:   TimeServis; Timer: cpu0=0.328 wall=0.040 
 Start: FindEnclaves
 End:   FindEnclaves; Timer: cpu0=0.094 wall=0.096 
 Start: VarValueService
 End:   VarValueService; Timer: cpu0=0.000 wall=0.002 
 Start: SolvePhaseEquation 
 End:   SolvePhaseEquation ; Timer: cpu0=12.094 wall=1.406 
 Start: SolidFiltersProcess: calculate forces and moments
 End:   SolidFiltersProcess: calculate forces and moments; Timer: cpu0=0.000 wall=0.001 
 Start: PrepareDataForNextStep
 End:   PrepareDataForNextStep; Timer: cpu0=0.203 wall=0.039 
 Start: VarValueService
 End:   VarValueService; Timer: cpu0=0.000 wall=0.001 
 Start: UpdateStopperData
 End:   UpdateStopperData; Timer: cpu0=0.000 wall=0.001 
 Start: Saving text status in E:\UniFlight\flow\full_rocket15_fv\data\full_rocket15.status
 End:   Saving text status in E:\UniFlight\flow\full_rocket15_fv\data\full_rocket15.status; Timer: cpu0=0.000 wall=0.003 
 End:   ===== Time Step =====, Iter number =  112; Timer: cpu0=13.281 wall=1.696 

20.06.26 15:39:41  ===== Processing Layers =====
20.06.26 15:39:41    *SEND* for CScalarLayer, GUID=7CD78E3E-90ED-43A0-9E73-BB60FDDAE621
 Start: ComputeVolumeCharacteristics
 End:   ComputeVolumeCharacteristics; Timer: cpu0=0.000 wall=0.004 
 Start: GetValueOnFacets
 End:   GetValueOnFacets; Timer: cpu0=0.031 wall=0.014 
20.06.26 15:39:41    *SEND* for CIntegralCharsLayer, GUID=4E090A0C-544B-E4A2-4242-BEC451D7CD2B
20.06.26 15:39:41    *SEND* for CIntegralCharsLayer, GUID=67F29492-B486-9BD6-015B-58123FE04E04
20.06.26 15:39:41    *SEND* for CIntegralCharsLayer, GUID=24E026D3-474F-9BDB-2BB1-A3745825FAC4
 End:   ===== Processing Layers =====; Timer: cpu0=0.031 wall=0.034 

20.06.26 15:39:41  ===== New Time Step =====, Iter number =  113
 Start: TimeServis
 End:   TimeServis; Timer: cpu0=0.344 wall=0.037 
 Start: User modules' functions BeforeTimeStep() are calling
 End:   User modules' functions BeforeTimeStep() are calling; Timer: cpu0=0.000 wall=0.003 
 Start: Adaptation, TotalRealCellsCount= 96407 
 End:   Adaptation; Timer: cpu0=0.000 wall=0.005 
 Start: Initialize data arrays on chips
 End:   Initialize data arrays on chips, res= 0; Timer: cpu0=0.000 wall=0.003 
  ***** Maximum Geometrical Gauss = 2.17193e-14, cell= 490:2:2:3:0
  ***** Maximum MovingSurf  Gauss = 0, cell= 
 Start: Initialize data arrays on chips
 End:   Initialize data arrays on chips, res= 0; Timer: cpu0=0.000 wall=0.002 
 Start: TimeServis
 End:   TimeServis; Timer: cpu0=0.516 wall=0.042 
 Start: FindEnclaves
 End:   FindEnclaves; Timer: cpu0=0.172 wall=0.093 
 Start: VarValueService
 End:   VarValueService; Timer: cpu0=0.000 wall=0.001 
 Start: SolvePhaseEquation 
 End:   SolvePhaseEquation ; Timer: cpu0=10.891 wall=1.408 
 Start: SolidFiltersProcess: calculate forces and moments
 End:   SolidFiltersProcess: calculate forces and moments; Timer: cpu0=0.000 wall=0.002 
 Start: PrepareDataForNextStep
 End:   PrepareDataForNextStep; Timer: cpu0=0.172 wall=0.040 
 Start: VarValueService
 End:   VarValueService; Timer: cpu0=0.000 wall=0.002 
 Start: UpdateStopperData
 End:   UpdateStopperData; Timer: cpu0=0.000 wall=0.001 
 Start: Saving text status in E:\UniFlight\flow\full_rocket15_fv\data\full_rocket15.status
 End:   Saving text status in E:\UniFlight\flow\full_rocket15_fv\data\full_rocket15.status; Timer: cpu0=0.000 wall=0.003 
 End:   ===== Time Step =====, Iter number =  113; Timer: cpu0=12.266 wall=1.707 

20.06.26 15:39:43  ===== Processing Layers =====
20.06.26 15:39:43    *SEND* for CScalarLayer, GUID=7CD78E3E-90ED-43A0-9E73-BB60FDDAE621
 Start: ComputeVolumeCharacteristics
 End:   ComputeVolumeCharacteristics; Timer: cpu0=0.000 wall=0.005 
 Start: GetValueOnFacets
 End:   GetValueOnFacets; Timer: cpu0=0.000 wall=0.013 
20.06.26 15:39:43    *SEND* for CIntegralCharsLayer, GUID=4E090A0C-544B-E4A2-4242-BEC451D7CD2B
20.06.26 15:39:43    *SEND* for CIntegralCharsLayer, GUID=67F29492-B486-9BD6-015B-58123FE04E04
20.06.26 15:39:43    *SEND* for CIntegralCharsLayer, GUID=24E026D3-474F-9BDB-2BB1-A3745825FAC4
 End:   ===== Processing Layers =====; Timer: cpu0=0.000 wall=0.034 

20.06.26 15:39:43  ===== New Time Step =====, Iter number =  114
 Start: TimeServis
 End:   TimeServis; Timer: cpu0=0.344 wall=0.032 
 Start: User modules' functions BeforeTimeStep() are calling
 End:   User modules' functions BeforeTimeStep() are calling; Timer: cpu0=0.000 wall=0.003 
 Start: Adaptation, TotalRealCellsCount= 96407 
 End:   Adaptation; Timer: cpu0=0.141 wall=0.004 
 Start: Initialize data arrays on chips
 End:   Initialize data arrays on chips, res= 0; Timer: cpu0=0.000 wall=0.002 
  ***** Maximum Geometrical Gauss = 2.17193e-14, cell= 499:3:7:6:0
  ***** Maximum MovingSurf  Gauss = 0, cell= 
 Start: Initialize data arrays on chips
 End:   Initialize data arrays on chips, res= 0; Timer: cpu0=0.000 wall=0.003 
 Start: TimeServis
 End:   TimeServis; Timer: cpu0=0.406 wall=0.040 
 Start: FindEnclaves
 End:   FindEnclaves; Timer: cpu0=0.094 wall=0.091 
 Start: VarValueService
 End:   VarValueService; Timer: cpu0=0.000 wall=0.001 
 Start: SolvePhaseEquation 
 End:   SolvePhaseEquation ; Timer: cpu0=11.594 wall=1.392 
 Start: SolidFiltersProcess: calculate forces and moments
 End:   SolidFiltersProcess: calculate forces and moments; Timer: cpu0=0.000 wall=0.001 
 Start: PrepareDataForNextStep
 End:   PrepareDataForNextStep; Timer: cpu0=0.344 wall=0.039 
 Start: VarValueService
 End:   VarValueService; Timer: cpu0=0.000 wall=0.001 
 Start: UpdateStopperData
 End:   UpdateStopperData; Timer: cpu0=0.000 wall=0.001 
 Start: Saving text status in E:\UniFlight\flow\full_rocket15_fv\data\full_rocket15.status
 End:   Saving text status in E:\UniFlight\flow\full_rocket15_fv\data\full_rocket15.status; Timer: cpu0=0.000 wall=0.002 
 End:   ===== Time Step =====, Iter number =  114; Timer: cpu0=13.109 wall=1.675 

20.06.26 15:39:45  ===== Processing Layers =====
20.06.26 15:39:45    *SEND* for CScalarLayer, GUID=7CD78E3E-90ED-43A0-9E73-BB60FDDAE621
 Start: ComputeVolumeCharacteristics
 End:   ComputeVolumeCharacteristics; Timer: cpu0=0.000 wall=0.004 
 Start: GetValueOnFacets
 End:   GetValueOnFacets; Timer: cpu0=0.172 wall=0.014 
20.06.26 15:39:45    *SEND* for CIntegralCharsLayer, GUID=4E090A0C-544B-E4A2-4242-BEC451D7CD2B
20.06.26 15:39:45    *SEND* for CIntegralCharsLayer, GUID=67F29492-B486-9BD6-015B-58123FE04E04
20.06.26 15:39:45    *SEND* for CIntegralCharsLayer, GUID=24E026D3-474F-9BDB-2BB1-A3745825FAC4
 End:   ===== Processing Layers =====; Timer: cpu0=0.328 wall=0.035 

20.06.26 15:39:45  ===== New Time Step =====, Iter number =  115
 Start: TimeServis
 End:   TimeServis; Timer: cpu0=0.344 wall=0.033 
 Start: User modules' functions BeforeTimeStep() are calling
 End:   User modules' functions BeforeTimeStep() are calling; Timer: cpu0=0.000 wall=0.002 
 Start: Adaptation, TotalRealCellsCount= 96407 
 End:   Adaptation; Timer: cpu0=0.000 wall=0.005 
 Start: Initialize data arrays on chips
 End:   Initialize data arrays on chips, res= 0; Timer: cpu0=0.000 wall=0.002 
  ***** Maximum Geometrical Gauss = 2.17193e-14, cell= 499:3:7:6:0
  ***** Maximum MovingSurf  Gauss = 0, cell= 
 Start: Initialize data arrays on chips
 End:   Initialize data arrays on chips, res= 0; Timer: cpu0=0.000 wall=0.002 
 Start: TimeServis
 End:   TimeServis; Timer: cpu0=0.266 wall=0.037 
 Start: FindEnclaves
 End:   FindEnclaves; Timer: cpu0=0.078 wall=0.092 
 Start: VarValueService
 End:   VarValueService; Timer: cpu0=0.000 wall=0.001 
 Start: SolvePhaseEquation 
 End:   SolvePhaseEquation ; Timer: cpu0=11.344 wall=1.589 
 Start: SolidFiltersProcess: calculate forces and moments
 End:   SolidFiltersProcess: calculate forces and moments; Timer: cpu0=0.000 wall=0.002 
 Start: PrepareDataForNextStep
 End:   PrepareDataForNextStep; Timer: cpu0=0.344 wall=0.040 
 Start: VarValueService
 End:   VarValueService; Timer: cpu0=0.000 wall=0.002 
 Start: UpdateStopperData
 End:   UpdateStopperData; Timer: cpu0=0.000 wall=0.001 
 Start: Saving text status in E:\UniFlight\flow\full_rocket15_fv\data\full_rocket15.status
 End:   Saving text status in E:\UniFlight\flow\full_rocket15_fv\data\full_rocket15.status; Timer: cpu0=0.000 wall=0.003 
 End:   ===== Time Step =====, Iter number =  115; Timer: cpu0=12.703 wall=1.879 

20.06.26 15:39:47  ===== Processing Layers =====
20.06.26 15:39:47    *SEND* for CScalarLayer, GUID=7CD78E3E-90ED-43A0-9E73-BB60FDDAE621
 Start: ComputeVolumeCharacteristics
 End:   ComputeVolumeCharacteristics; Timer: cpu0=0.000 wall=0.004 
 Start: GetValueOnFacets
 End:   GetValueOnFacets; Timer: cpu0=0.016 wall=0.014 
20.06.26 15:39:48    *SEND* for CIntegralCharsLayer, GUID=4E090A0C-544B-E4A2-4242-BEC451D7CD2B
20.06.26 15:39:48    *SEND* for CIntegralCharsLayer, GUID=67F29492-B486-9BD6-015B-58123FE04E04
20.06.26 15:39:48    *SEND* for CIntegralCharsLayer, GUID=24E026D3-474F-9BDB-2BB1-A3745825FAC4
 End:   ===== Processing Layers =====; Timer: cpu0=0.031 wall=0.039 

20.06.26 15:39:48  ===== New Time Step =====, Iter number =  116
 Start: TimeServis
 End:   TimeServis; Timer: cpu0=0.422 wall=0.034 
 Start: User modules' functions BeforeTimeStep() are calling
 End:   User modules' functions BeforeTimeStep() are calling; Timer: cpu0=0.000 wall=0.002 
 Start: Adaptation, TotalRealCellsCount= 96407 
 End:   Adaptation; Timer: cpu0=0.000 wall=0.005 
 Start: Initialize data arrays on chips
 End:   Initialize data arrays on chips, res= 0; Timer: cpu0=0.000 wall=0.003 
  ***** Maximum Geometrical Gauss = 2.17193e-14, cell= 499:3:7:6:0
  ***** Maximum MovingSurf  Gauss = 0, cell= 
 Start: Initialize data arrays on chips
 End:   Initialize data arrays on chips, res= 0; Timer: cpu0=0.000 wall=0.002 
 Start: TimeServis
 End:   TimeServis; Timer: cpu0=0.344 wall=0.037 
 Start: FindEnclaves
 End:   FindEnclaves; Timer: cpu0=0.234 wall=0.089 
 Start: VarValueService
 End:   VarValueService; Timer: cpu0=0.000 wall=0.001 
 Start: SolvePhaseEquation 
 End:   SolvePhaseEquation ; Timer: cpu0=12.219 wall=1.556 
 Start: SolidFiltersProcess: calculate forces and moments
 End:   SolidFiltersProcess: calculate forces and moments; Timer: cpu0=0.000 wall=0.004 
 Start: PrepareDataForNextStep
 End:   PrepareDataForNextStep; Timer: cpu0=0.516 wall=0.086 
 Start: VarValueService
 End:   VarValueService; Timer: cpu0=0.000 wall=0.002 
 Start: UpdateStopperData
 End:   UpdateStopperData; Timer: cpu0=0.000 wall=0.002 
 Start: Saving text status in E:\UniFlight\flow\full_rocket15_fv\data\full_rocket15.status
 End:   Saving text status in E:\UniFlight\flow\full_rocket15_fv\data\full_rocket15.status; Timer: cpu0=0.000 wall=0.004 
 End:   ===== Time Step =====, Iter number =  116; Timer: cpu0=14.078 wall=1.892 

20.06.26 15:39:50  ===== Processing Layers =====
20.06.26 15:39:50    *SEND* for CScalarLayer, GUID=7CD78E3E-90ED-43A0-9E73-BB60FDDAE621
 Start: ComputeVolumeCharacteristics
 End:   ComputeVolumeCharacteristics; Timer: cpu0=0.156 wall=0.004 
 Start: GetValueOnFacets
 End:   GetValueOnFacets; Timer: cpu0=0.172 wall=0.018 
20.06.26 15:39:50    *SEND* for CIntegralCharsLayer, GUID=4E090A0C-544B-E4A2-4242-BEC451D7CD2B
20.06.26 15:39:50    *SEND* for CIntegralCharsLayer, GUID=67F29492-B486-9BD6-015B-58123FE04E04
20.06.26 15:39:50    *SEND* for CIntegralCharsLayer, GUID=24E026D3-474F-9BDB-2BB1-A3745825FAC4
 End:   ===== Processing Layers =====; Timer: cpu0=0.328 wall=0.044 

20.06.26 15:39:50  ===== New Time Step =====, Iter number =  117
 Start: TimeServis
 End:   TimeServis; Timer: cpu0=0.344 wall=0.035 
 Start: User modules' functions BeforeTimeStep() are calling
 End:   User modules' functions BeforeTimeStep() are calling; Timer: cpu0=0.000 wall=0.003 
 Start: Adaptation, TotalRealCellsCount= 96407 
 End:   Adaptation; Timer: cpu0=0.000 wall=0.005 
 Start: Initialize data arrays on chips
 End:   Initialize data arrays on chips, res= 0; Timer: cpu0=0.000 wall=0.002 
  ***** Maximum Geometrical Gauss = 2.17193e-14, cell= 499:3:7:6:0
  ***** Maximum MovingSurf  Gauss = 0, cell= 
 Start: Initialize data arrays on chips
 End:   Initialize data arrays on chips, res= 0; Timer: cpu0=0.172 wall=0.004 
 Start: TimeServis
 End:   TimeServis; Timer: cpu0=0.422 wall=0.047 
 Start: FindEnclaves
 End:   FindEnclaves; Timer: cpu0=0.219 wall=0.089 
 Start: VarValueService
 End:   VarValueService; Timer: cpu0=0.000 wall=0.001 
 Start: SolvePhaseEquation 
 End:   SolvePhaseEquation ; Timer: cpu0=11.266 wall=1.400 
 Start: SolidFiltersProcess: calculate forces and moments
 End:   SolidFiltersProcess: calculate forces and moments; Timer: cpu0=0.000 wall=0.002 
 Start: PrepareDataForNextStep
 End:   PrepareDataForNextStep; Timer: cpu0=0.500 wall=0.039 
 Start: VarValueService
 End:   VarValueService; Timer: cpu0=0.000 wall=0.001 
 Start: UpdateStopperData
 End:   UpdateStopperData; Timer: cpu0=0.000 wall=0.001 
 Start: Saving text status in E:\UniFlight\flow\full_rocket15_fv\data\full_rocket15.status
 End:   Saving text status in E:\UniFlight\flow\full_rocket15_fv\data\full_rocket15.status; Timer: cpu0=0.000 wall=0.002 
 End:   ===== Time Step =====, Iter number =  117; Timer: cpu0=13.234 wall=1.695 

20.06.26 15:39:52  ===== Processing Layers =====
20.06.26 15:39:52    *SEND* for CScalarLayer, GUID=7CD78E3E-90ED-43A0-9E73-BB60FDDAE621
 Start: ComputeVolumeCharacteristics
 End:   ComputeVolumeCharacteristics; Timer: cpu0=0.172 wall=0.003 
 Start: GetValueOnFacets
 End:   GetValueOnFacets; Timer: cpu0=0.000 wall=0.012 
20.06.26 15:39:52    *SEND* for CIntegralCharsLayer, GUID=4E090A0C-544B-E4A2-4242-BEC451D7CD2B
20.06.26 15:39:52    *SEND* for CIntegralCharsLayer, GUID=67F29492-B486-9BD6-015B-58123FE04E04
20.06.26 15:39:52    *SEND* for CIntegralCharsLayer, GUID=24E026D3-474F-9BDB-2BB1-A3745825FAC4
 End:   ===== Processing Layers =====; Timer: cpu0=0.172 wall=0.032 

20.06.26 15:39:52  ===== New Time Step =====, Iter number =  118
 Start: TimeServis
 End:   TimeServis; Timer: cpu0=0.297 wall=0.032 
 Start: User modules' functions BeforeTimeStep() are calling
 End:   User modules' functions BeforeTimeStep() are calling; Timer: cpu0=0.000 wall=0.003 
 Start: Adaptation, TotalRealCellsCount= 96407 
 End:   Adaptation; Timer: cpu0=0.000 wall=0.004 
 Start: Initialize data arrays on chips
 End:   Initialize data arrays on chips, res= 0; Timer: cpu0=0.000 wall=0.002 
  ***** Maximum Geometrical Gauss = 2.17193e-14, cell= 499:3:7:6:0
  ***** Maximum MovingSurf  Gauss = 0, cell= 
 Start: Initialize data arrays on chips
 End:   Initialize data arrays on chips, res= 0; Timer: cpu0=0.000 wall=0.002 
 Start: TimeServis
 End:   TimeServis; Timer: cpu0=0.344 wall=0.038 
 Start: FindEnclaves
 End:   FindEnclaves; Timer: cpu0=0.078 wall=0.078 
 Start: VarValueService
 End:   VarValueService; Timer: cpu0=0.000 wall=0.002 
 Start: SolvePhaseEquation 
 End:   SolvePhaseEquation ; Timer: cpu0=11.938 wall=1.383 
 Start: SolidFiltersProcess: calculate forces and moments
 End:   SolidFiltersProcess: calculate forces and moments; Timer: cpu0=0.000 wall=0.001 
 Start: PrepareDataForNextStep
 End:   PrepareDataForNextStep; Timer: cpu0=0.188 wall=0.037 
 Start: VarValueService
 End:   VarValueService; Timer: cpu0=0.172 wall=0.002 
 Start: UpdateStopperData
 End:   UpdateStopperData; Timer: cpu0=0.000 wall=0.001 
 Start: Saving text status in E:\UniFlight\flow\full_rocket15_fv\data\full_rocket15.status
 End:   Saving text status in E:\UniFlight\flow\full_rocket15_fv\data\full_rocket15.status; Timer: cpu0=0.000 wall=0.002 
 End:   ===== Time Step =====, Iter number =  118; Timer: cpu0=13.188 wall=1.642 

20.06.26 15:39:54  ===== Processing Layers =====
20.06.26 15:39:54    *SEND* for CScalarLayer, GUID=7CD78E3E-90ED-43A0-9E73-BB60FDDAE621
 Start: ComputeVolumeCharacteristics
 End:   ComputeVolumeCharacteristics; Timer: cpu0=0.000 wall=0.004 
 Start: GetValueOnFacets
 End:   GetValueOnFacets; Timer: cpu0=0.016 wall=0.018 
20.06.26 15:39:54    *SEND* for CIntegralCharsLayer, GUID=4E090A0C-544B-E4A2-4242-BEC451D7CD2B
20.06.26 15:39:54    *SEND* for CIntegralCharsLayer, GUID=67F29492-B486-9BD6-015B-58123FE04E04
20.06.26 15:39:54    *SEND* for CIntegralCharsLayer, GUID=24E026D3-474F-9BDB-2BB1-A3745825FAC4
 End:   ===== Processing Layers =====; Timer: cpu0=0.016 wall=0.039 

20.06.26 15:39:54  ===== New Time Step =====, Iter number =  119
 Start: TimeServis
 End:   TimeServis; Timer: cpu0=0.344 wall=0.035 
 Start: User modules' functions BeforeTimeStep() are calling
 End:   User modules' functions BeforeTimeStep() are calling; Timer: cpu0=0.000 wall=0.002 
 Start: Adaptation, TotalRealCellsCount= 96407 
 End:   Adaptation; Timer: cpu0=0.000 wall=0.004 
 Start: Initialize data arrays on chips
 End:   Initialize data arrays on chips, res= 0; Timer: cpu0=0.000 wall=0.003 
  ***** Maximum Geometrical Gauss = 2.17193e-14, cell= 490:2:2:3:0
  ***** Maximum MovingSurf  Gauss = 0, cell= 
 Start: Initialize data arrays on chips
 End:   Initialize data arrays on chips, res= 0; Timer: cpu0=0.000 wall=0.003 
 Start: TimeServis
 End:   TimeServis; Timer: cpu0=0.500 wall=0.045 
 Start: FindEnclaves
 End:   FindEnclaves; Timer: cpu0=0.078 wall=0.097 
 Start: VarValueService
 End:   VarValueService; Timer: cpu0=0.000 wall=0.002 
 Start: SolvePhaseEquation 
 End:   SolvePhaseEquation ; Timer: cpu0=11.875 wall=1.502 
 Start: SolidFiltersProcess: calculate forces and moments
 End:   SolidFiltersProcess: calculate forces and moments; Timer: cpu0=0.000 wall=0.003 
 Start: PrepareDataForNextStep
 End:   PrepareDataForNextStep; Timer: cpu0=0.281 wall=0.045 
 Start: VarValueService
 End:   VarValueService; Timer: cpu0=0.000 wall=0.002 
 Start: UpdateStopperData
 End:   UpdateStopperData; Timer: cpu0=0.000 wall=0.001 
 Start: Saving text status in E:\UniFlight\flow\full_rocket15_fv\data\full_rocket15.status
 End:   Saving text status in E:\UniFlight\flow\full_rocket15_fv\data\full_rocket15.status; Timer: cpu0=0.000 wall=0.003 
 End:   ===== Time Step =====, Iter number =  119; Timer: cpu0=13.562 wall=1.816 

20.06.26 15:39:56  ===== Processing Layers =====
20.06.26 15:39:56    *SEND* for CScalarLayer, GUID=7CD78E3E-90ED-43A0-9E73-BB60FDDAE621
 Start: ComputeVolumeCharacteristics
 End:   ComputeVolumeCharacteristics; Timer: cpu0=0.000 wall=0.005 
 Start: GetValueOnFacets
 End:   GetValueOnFacets; Timer: cpu0=0.000 wall=0.012 
20.06.26 15:39:56    *SEND* for CIntegralCharsLayer, GUID=4E090A0C-544B-E4A2-4242-BEC451D7CD2B
20.06.26 15:39:56    *SEND* for CIntegralCharsLayer, GUID=67F29492-B486-9BD6-015B-58123FE04E04
20.06.26 15:39:56    *SEND* for CIntegralCharsLayer, GUID=24E026D3-474F-9BDB-2BB1-A3745825FAC4
 End:   ===== Processing Layers =====; Timer: cpu0=0.000 wall=0.032 

20.06.26 15:39:56  ===== New Time Step =====, Iter number =  120
 Start: TimeServis
 End:   TimeServis; Timer: cpu0=0.188 wall=0.030 
 Start: User modules' functions BeforeTimeStep() are calling
 End:   User modules' functions BeforeTimeStep() are calling; Timer: cpu0=0.000 wall=0.002 
 Start: Adaptation, TotalRealCellsCount= 96407 
 End:   Adaptation; Timer: cpu0=6.391 wall=0.817 
 Start: DistributeGridOnProcessors
 End:   DistributeGridOnProcessors, res= 0; Timer: cpu0=0.828 wall=0.210 
 Start: SetNeiHyperCells
 End:   SetNeiHyperCells, res= 0; Timer: cpu0=0.000 wall=0.008 
 Start: BuildFacetDistribution
 End:   BuildFacetDistribution; Timer: cpu0=0.000 wall=0.002 
 Start: Initialize data arrays on chips
 End:   Initialize data arrays on chips, res= 0; Timer: cpu0=0.000 wall=0.002 
  ***** Maximum Geometrical Gauss = 2.17193e-14, cell= 490:2:2:3:0
  ***** Maximum MovingSurf  Gauss = 2.06976e-14, cell= 45:1:1:0
 Start: Remove Small Cells
 End:   Remove Small Cells; Timer: cpu0=0.172 wall=0.020 
 Start: Initialize data arrays on chips
 End:   Initialize data arrays on chips, res= 0; Timer: cpu0=0.000 wall=0.002 
  ***** Maximum Geometrical Gauss = 2.17193e-14, cell= 490:2:2:3:0
  ***** Maximum MovingSurf  Gauss = 2.06976e-14, cell= 45:1:1:0
 Start: Initialize data arrays on chips
 End:   Initialize data arrays on chips, res= 0; Timer: cpu0=0.000 wall=0.003 
 Start: Modify Chip Data
 End:   Modify Chip Data; Timer: cpu0=0.328 wall=0.041 
 Start: TimeServis
 End:   TimeServis; Timer: cpu0=0.516 wall=0.049 
 Start: FindEnclaves
 End:   FindEnclaves; Timer: cpu0=0.281 wall=0.114 
 Start: VarValueService
 End:   VarValueService; Timer: cpu0=0.000 wall=0.002 
 Start: SolvePhaseEquation 
 End:   SolvePhaseEquation ; Timer: cpu0=13.453 wall=1.653 
 Start: SolidFiltersProcess: calculate forces and moments
 End:   SolidFiltersProcess: calculate forces and moments; Timer: cpu0=0.000 wall=0.002 
 Start: PrepareDataForNextStep
 End:   PrepareDataForNextStep; Timer: cpu0=0.250 wall=0.049 
 Start: VarValueService
 End:   VarValueService; Timer: cpu0=0.000 wall=0.001 
 Start: UpdateStopperData
 End:   UpdateStopperData; Timer: cpu0=0.000 wall=0.001 
 Start: Saving text status in E:\UniFlight\flow\full_rocket15_fv\data\full_rocket15.status
 End:   Saving text status in E:\UniFlight\flow\full_rocket15_fv\data\full_rocket15.status; Timer: cpu0=0.000 wall=0.003 
 End:   ===== Time Step =====, Iter number =  120; Timer: cpu0=22.938 wall=3.101 

20.06.26 15:39:59  ===== Processing Layers =====
20.06.26 15:39:59    *SEND* for CScalarLayer, GUID=7CD78E3E-90ED-43A0-9E73-BB60FDDAE621
 Start: ComputeVolumeCharacteristics
 End:   ComputeVolumeCharacteristics; Timer: cpu0=0.141 wall=0.004 
 Start: GetValueOnFacets
 End:   GetValueOnFacets; Timer: cpu0=0.156 wall=0.015 
20.06.26 15:39:59    *SEND* for CIntegralCharsLayer, GUID=4E090A0C-544B-E4A2-4242-BEC451D7CD2B
20.06.26 15:39:59    *SEND* for CIntegralCharsLayer, GUID=67F29492-B486-9BD6-015B-58123FE04E04
20.06.26 15:39:59    *SEND* for CIntegralCharsLayer, GUID=24E026D3-474F-9BDB-2BB1-A3745825FAC4
 End:   ===== Processing Layers =====; Timer: cpu0=0.297 wall=0.036 

20.06.26 15:39:59  ===== New Time Step =====, Iter number =  121
 Start: TimeServis
 End:   TimeServis; Timer: cpu0=0.391 wall=0.037 
 Start: User modules' functions BeforeTimeStep() are calling
 End:   User modules' functions BeforeTimeStep() are calling; Timer: cpu0=0.000 wall=0.003 
 Start: Adaptation, TotalRealCellsCount= 108538 
 End:   Adaptation; Timer: cpu0=6.062 wall=0.802 
 Start: DistributeGridOnProcessors
 End:   DistributeGridOnProcessors, res= 0; Timer: cpu0=0.688 wall=0.198 
 Start: SetNeiHyperCells
 End:   SetNeiHyperCells, res= 0; Timer: cpu0=0.172 wall=0.007 
 Start: BuildFacetDistribution
 End:   BuildFacetDistribution; Timer: cpu0=0.000 wall=0.003 
 Start: Initialize data arrays on chips
 End:   Initialize data arrays on chips, res= 0; Timer: cpu0=0.000 wall=0.002 
  ***** Maximum Geometrical Gauss = 2.17193e-14, cell= 490:2:2:3:0
  ***** Maximum MovingSurf  Gauss = 1.40323e-14, cell= 696:6:3:0
 Start: Remove Small Cells
 End:   Remove Small Cells; Timer: cpu0=0.172 wall=0.020 
 Start: Initialize data arrays on chips
 End:   Initialize data arrays on chips, res= 0; Timer: cpu0=0.000 wall=0.003 
  ***** Maximum Geometrical Gauss = 2.17193e-14, cell= 499:3:7:6:0
  ***** Maximum MovingSurf  Gauss = 1.40323e-14, cell= 696:6:3:0
 Start: Initialize data arrays on chips
 End:   Initialize data arrays on chips, res= 0; Timer: cpu0=0.172 wall=0.002 
 Start: Modify Chip Data
 End:   Modify Chip Data; Timer: cpu0=0.281 wall=0.032 
 Start: TimeServis
 End:   TimeServis; Timer: cpu0=0.484 wall=0.046 
 Start: FindEnclaves
 End:   FindEnclaves; Timer: cpu0=0.094 wall=0.096 
 Start: VarValueService
 End:   VarValueService; Timer: cpu0=0.000 wall=0.001 
 Start: SolvePhaseEquation 
 End:   SolvePhaseEquation ; Timer: cpu0=11.109 wall=1.415 
 Start: SolidFiltersProcess: calculate forces and moments
 End:   SolidFiltersProcess: calculate forces and moments; Timer: cpu0=0.000 wall=0.002 
 Start: PrepareDataForNextStep
 End:   PrepareDataForNextStep; Timer: cpu0=0.344 wall=0.049 
 Start: VarValueService
 End:   VarValueService; Timer: cpu0=0.000 wall=0.002 
 Start: UpdateStopperData
 End:   UpdateStopperData; Timer: cpu0=0.000 wall=0.000 
 Start: Saving text status in E:\UniFlight\flow\full_rocket15_fv\data\full_rocket15.status
 End:   Saving text status in E:\UniFlight\flow\full_rocket15_fv\data\full_rocket15.status; Timer: cpu0=0.000 wall=0.002 
 End:   ===== Time Step =====, Iter number =  121; Timer: cpu0=20.469 wall=2.813 

20.06.26 15:40:02  ===== Processing Layers =====
20.06.26 15:40:02    *SEND* for CScalarLayer, GUID=7CD78E3E-90ED-43A0-9E73-BB60FDDAE621
 Start: ComputeVolumeCharacteristics
 End:   ComputeVolumeCharacteristics; Timer: cpu0=0.000 wall=0.004 
 Start: GetValueOnFacets
 End:   GetValueOnFacets; Timer: cpu0=0.156 wall=0.014 
20.06.26 15:40:02    *SEND* for CIntegralCharsLayer, GUID=4E090A0C-544B-E4A2-4242-BEC451D7CD2B
20.06.26 15:40:02    *SEND* for CIntegralCharsLayer, GUID=67F29492-B486-9BD6-015B-58123FE04E04
20.06.26 15:40:02    *SEND* for CIntegralCharsLayer, GUID=24E026D3-474F-9BDB-2BB1-A3745825FAC4
 End:   ===== Processing Layers =====; Timer: cpu0=0.328 wall=0.034 

20.06.26 15:40:02  ===== New Time Step =====, Iter number =  122
 Start: TimeServis
 End:   TimeServis; Timer: cpu0=0.344 wall=0.031 
 Start: User modules' functions BeforeTimeStep() are calling
 End:   User modules' functions BeforeTimeStep() are calling; Timer: cpu0=0.000 wall=0.003 
 Start: Adaptation, TotalRealCellsCount= 95182 
 End:   Adaptation; Timer: cpu0=0.000 wall=0.004 
 Start: Initialize data arrays on chips
 End:   Initialize data arrays on chips, res= 0; Timer: cpu0=0.000 wall=0.002 
  ***** Maximum Geometrical Gauss = 2.17193e-14, cell= 499:3:7:6:0
  ***** Maximum MovingSurf  Gauss = 0, cell= 
 Start: Initialize data arrays on chips
 End:   Initialize data arrays on chips, res= 0; Timer: cpu0=0.000 wall=0.002 
 Start: TimeServis
 End:   TimeServis; Timer: cpu0=0.422 wall=0.036 
 Start: FindEnclaves
 End:   FindEnclaves; Timer: cpu0=0.078 wall=0.084 
 Start: VarValueService
 End:   VarValueService; Timer: cpu0=0.000 wall=0.001 
 Start: SolvePhaseEquation 
 End:   SolvePhaseEquation ; Timer: cpu0=11.344 wall=1.412 
 Start: SolidFiltersProcess: calculate forces and moments
 End:   SolidFiltersProcess: calculate forces and moments; Timer: cpu0=0.000 wall=0.002 
 Start: PrepareDataForNextStep
 End:   PrepareDataForNextStep; Timer: cpu0=0.203 wall=0.044 
 Start: VarValueService
 End:   VarValueService; Timer: cpu0=0.000 wall=0.001 
 Start: UpdateStopperData
 End:   UpdateStopperData; Timer: cpu0=0.000 wall=0.000 
 Start: Saving text status in E:\UniFlight\flow\full_rocket15_fv\data\full_rocket15.status
 End:   Saving text status in E:\UniFlight\flow\full_rocket15_fv\data\full_rocket15.status; Timer: cpu0=0.000 wall=0.002 
 End:   ===== Time Step =====, Iter number =  122; Timer: cpu0=12.562 wall=1.684 

20.06.26 15:40:04  ===== Processing Layers =====
20.06.26 15:40:04    *SEND* for CScalarLayer, GUID=7CD78E3E-90ED-43A0-9E73-BB60FDDAE621
 Start: ComputeVolumeCharacteristics
 End:   ComputeVolumeCharacteristics; Timer: cpu0=0.000 wall=0.004 
 Start: GetValueOnFacets
 End:   GetValueOnFacets; Timer: cpu0=0.000 wall=0.014 
20.06.26 15:40:04    *SEND* for CIntegralCharsLayer, GUID=4E090A0C-544B-E4A2-4242-BEC451D7CD2B
20.06.26 15:40:04    *SEND* for CIntegralCharsLayer, GUID=67F29492-B486-9BD6-015B-58123FE04E04
20.06.26 15:40:04    *SEND* for CIntegralCharsLayer, GUID=24E026D3-474F-9BDB-2BB1-A3745825FAC4
 End:   ===== Processing Layers =====; Timer: cpu0=0.000 wall=0.035 

20.06.26 15:40:04  ===== New Time Step =====, Iter number =  123
 Start: TimeServis
 End:   TimeServis; Timer: cpu0=0.344 wall=0.032 
 Start: User modules' functions BeforeTimeStep() are calling
 End:   User modules' functions BeforeTimeStep() are calling; Timer: cpu0=0.000 wall=0.002 
 Start: Adaptation, TotalRealCellsCount= 95182 
 End:   Adaptation; Timer: cpu0=0.000 wall=0.004 
 Start: Initialize data arrays on chips
 End:   Initialize data arrays on chips, res= 0; Timer: cpu0=0.000 wall=0.003 
  ***** Maximum Geometrical Gauss = 2.17193e-14, cell= 499:3:7:6:0
  ***** Maximum MovingSurf  Gauss = 0, cell= 
 Start: Initialize data arrays on chips
 End:   Initialize data arrays on chips, res= 0; Timer: cpu0=0.000 wall=0.002 
 Start: TimeServis
 End:   TimeServis; Timer: cpu0=0.484 wall=0.043 
 Start: FindEnclaves
 End:   FindEnclaves; Timer: cpu0=0.078 wall=0.087 
 Start: VarValueService
 End:   VarValueService; Timer: cpu0=0.000 wall=0.002 
 Start: SolvePhaseEquation 
 End:   SolvePhaseEquation ; Timer: cpu0=11.328 wall=1.478 
 Start: SolidFiltersProcess: calculate forces and moments
 End:   SolidFiltersProcess: calculate forces and moments; Timer: cpu0=0.000 wall=0.001 
 Start: PrepareDataForNextStep
 End:   PrepareDataForNextStep; Timer: cpu0=0.203 wall=0.042 
 Start: VarValueService
 End:   VarValueService; Timer: cpu0=0.000 wall=0.002 
 Start: UpdateStopperData
 End:   UpdateStopperData; Timer: cpu0=0.000 wall=0.001 
 Start: Saving text status in E:\UniFlight\flow\full_rocket15_fv\data\full_rocket15.status
 End:   Saving text status in E:\UniFlight\flow\full_rocket15_fv\data\full_rocket15.status; Timer: cpu0=0.000 wall=0.002 
 End:   ===== Time Step =====, Iter number =  123; Timer: cpu0=12.938 wall=1.769 

20.06.26 15:40:06  ===== Processing Layers =====
20.06.26 15:40:06    *SEND* for CScalarLayer, GUID=7CD78E3E-90ED-43A0-9E73-BB60FDDAE621
 Start: ComputeVolumeCharacteristics
 End:   ComputeVolumeCharacteristics; Timer: cpu0=0.172 wall=0.004 
 Start: GetValueOnFacets
 End:   GetValueOnFacets; Timer: cpu0=0.156 wall=0.016 
20.06.26 15:40:06    *SEND* for CIntegralCharsLayer, GUID=4E090A0C-544B-E4A2-4242-BEC451D7CD2B
20.06.26 15:40:06    *SEND* for CIntegralCharsLayer, GUID=67F29492-B486-9BD6-015B-58123FE04E04
20.06.26 15:40:06    *SEND* for CIntegralCharsLayer, GUID=24E026D3-474F-9BDB-2BB1-A3745825FAC4
 End:   ===== Processing Layers =====; Timer: cpu0=0.328 wall=0.040 

20.06.26 15:40:06  ===== New Time Step =====, Iter number =  124
 Start: TimeServis
 End:   TimeServis; Timer: cpu0=0.344 wall=0.038 
 Start: User modules' functions BeforeTimeStep() are calling
 End:   User modules' functions BeforeTimeStep() are calling; Timer: cpu0=0.000 wall=0.002 
 Start: Adaptation, TotalRealCellsCount= 95182 
 End:   Adaptation; Timer: cpu0=0.000 wall=0.005 
 Start: Initialize data arrays on chips
 End:   Initialize data arrays on chips, res= 0; Timer: cpu0=0.000 wall=0.003 
  ***** Maximum Geometrical Gauss = 2.17193e-14, cell= 490:2:2:3:0
  ***** Maximum MovingSurf  Gauss = 0, cell= 
 Start: Initialize data arrays on chips
 End:   Initialize data arrays on chips, res= 0; Timer: cpu0=0.000 wall=0.003 
 Start: TimeServis
 End:   TimeServis; Timer: cpu0=0.453 wall=0.047 
 Start: FindEnclaves
 End:   FindEnclaves; Timer: cpu0=0.078 wall=0.089 
 Start: VarValueService
 End:   VarValueService; Timer: cpu0=0.000 wall=0.001 
 Start: SolvePhaseEquation 
 End:   SolvePhaseEquation ; Timer: cpu0=11.609 wall=1.542 
 Start: SolidFiltersProcess: calculate forces and moments
 End:   SolidFiltersProcess: calculate forces and moments; Timer: cpu0=0.094 wall=0.001 
 Start: PrepareDataForNextStep
 End:   PrepareDataForNextStep; Timer: cpu0=0.203 wall=0.044 
 Start: VarValueService
 End:   VarValueService; Timer: cpu0=0.000 wall=0.001 
 Start: UpdateStopperData
 End:   UpdateStopperData; Timer: cpu0=0.000 wall=0.001 
 Start: Saving text status in E:\UniFlight\flow\full_rocket15_fv\data\full_rocket15.status
 End:   Saving text status in E:\UniFlight\flow\full_rocket15_fv\data\full_rocket15.status; Timer: cpu0=0.000 wall=0.003 
 End:   ===== Time Step =====, Iter number =  124; Timer: cpu0=13.219 wall=1.849 

20.06.26 15:40:09  ===== Processing Layers =====
20.06.26 15:40:09    *SEND* for CScalarLayer, GUID=7CD78E3E-90ED-43A0-9E73-BB60FDDAE621
 Start: ComputeVolumeCharacteristics
 End:   ComputeVolumeCharacteristics; Timer: cpu0=0.000 wall=0.003 
 Start: GetValueOnFacets
 End:   GetValueOnFacets; Timer: cpu0=0.000 wall=0.014 
20.06.26 15:40:09    *SEND* for CIntegralCharsLayer, GUID=4E090A0C-544B-E4A2-4242-BEC451D7CD2B
20.06.26 15:40:09    *SEND* for CIntegralCharsLayer, GUID=67F29492-B486-9BD6-015B-58123FE04E04
20.06.26 15:40:09    *SEND* for CIntegralCharsLayer, GUID=24E026D3-474F-9BDB-2BB1-A3745825FAC4
 End:   ===== Processing Layers =====; Timer: cpu0=0.000 wall=0.033 

20.06.26 15:40:09  ===== New Time Step =====, Iter number =  125
 Start: TimeServis
 End:   TimeServis; Timer: cpu0=0.281 wall=0.032 
 Start: User modules' functions BeforeTimeStep() are calling
 End:   User modules' functions BeforeTimeStep() are calling; Timer: cpu0=0.000 wall=0.002 
 Start: Adaptation, TotalRealCellsCount= 95182 
 End:   Adaptation; Timer: cpu0=0.000 wall=0.005 
 Start: Initialize data arrays on chips
 End:   Initialize data arrays on chips, res= 0; Timer: cpu0=0.000 wall=0.001 
  ***** Maximum Geometrical Gauss = 2.17193e-14, cell= 490:2:2:3:0
  ***** Maximum MovingSurf  Gauss = 0, cell= 
 Start: Initialize data arrays on chips
 End:   Initialize data arrays on chips, res= 0; Timer: cpu0=0.000 wall=0.002 
 Start: TimeServis
 End:   TimeServis; Timer: cpu0=0.344 wall=0.038 
 Start: FindEnclaves
 End:   FindEnclaves; Timer: cpu0=0.078 wall=0.082 
 Start: VarValueService
 End:   VarValueService; Timer: cpu0=0.000 wall=0.002 
 Start: SolvePhaseEquation 
 End:   SolvePhaseEquation ; Timer: cpu0=12.641 wall=1.466 
 Start: SolidFiltersProcess: calculate forces and moments
 End:   SolidFiltersProcess: calculate forces and moments; Timer: cpu0=0.000 wall=0.001 
 Start: PrepareDataForNextStep
 End:   PrepareDataForNextStep; Timer: cpu0=0.406 wall=0.043 
 Start: VarValueService
 End:   VarValueService; Timer: cpu0=0.000 wall=0.001 
 Start: UpdateStopperData
 End:   UpdateStopperData; Timer: cpu0=0.000 wall=0.001 
 Start: Saving text status in E:\UniFlight\flow\full_rocket15_fv\data\full_rocket15.status
 End:   Saving text status in E:\UniFlight\flow\full_rocket15_fv\data\full_rocket15.status; Timer: cpu0=0.000 wall=0.002 
 End:   ===== Time Step =====, Iter number =  125; Timer: cpu0=13.922 wall=1.734 

20.06.26 15:40:11  ===== Processing Layers =====
20.06.26 15:40:11    *SEND* for CScalarLayer, GUID=7CD78E3E-90ED-43A0-9E73-BB60FDDAE621
 Start: ComputeVolumeCharacteristics
 End:   ComputeVolumeCharacteristics; Timer: cpu0=0.000 wall=0.004 
 Start: GetValueOnFacets
 End:   GetValueOnFacets; Timer: cpu0=0.016 wall=0.015 
20.06.26 15:40:11    *SEND* for CIntegralCharsLayer, GUID=4E090A0C-544B-E4A2-4242-BEC451D7CD2B
20.06.26 15:40:11    *SEND* for CIntegralCharsLayer, GUID=67F29492-B486-9BD6-015B-58123FE04E04
20.06.26 15:40:11    *SEND* for CIntegralCharsLayer, GUID=24E026D3-474F-9BDB-2BB1-A3745825FAC4
 End:   ===== Processing Layers =====; Timer: cpu0=0.016 wall=0.033 

20.06.26 15:40:11  ===== New Time Step =====, Iter number =  126
 Start: TimeServis
 End:   TimeServis; Timer: cpu0=0.234 wall=0.031 
 Start: User modules' functions BeforeTimeStep() are calling
 End:   User modules' functions BeforeTimeStep() are calling; Timer: cpu0=0.000 wall=0.002 
 Start: Adaptation, TotalRealCellsCount= 95182 
 End:   Adaptation; Timer: cpu0=0.109 wall=0.004 
 Start: Initialize data arrays on chips
 End:   Initialize data arrays on chips, res= 0; Timer: cpu0=0.000 wall=0.002 
  ***** Maximum Geometrical Gauss = 2.17193e-14, cell= 490:2:2:3:0
  ***** Maximum MovingSurf  Gauss = 0, cell= 
 Start: Initialize data arrays on chips
 End:   Initialize data arrays on chips, res= 0; Timer: cpu0=0.000 wall=0.002 
 Start: TimeServis
 End:   TimeServis; Timer: cpu0=0.344 wall=0.037 
 Start: FindEnclaves
 End:   FindEnclaves; Timer: cpu0=0.078 wall=0.080 
 Start: VarValueService
 End:   VarValueService; Timer: cpu0=0.000 wall=0.003 
 Start: SolvePhaseEquation 
 End:   SolvePhaseEquation ; Timer: cpu0=12.125 wall=1.450 
 Start: SolidFiltersProcess: calculate forces and moments
 End:   SolidFiltersProcess: calculate forces and moments; Timer: cpu0=0.000 wall=0.001 
 Start: PrepareDataForNextStep
 End:   PrepareDataForNextStep; Timer: cpu0=0.516 wall=0.043 
 Start: VarValueService
 End:   VarValueService; Timer: cpu0=0.000 wall=0.002 
 Start: UpdateStopperData
 End:   UpdateStopperData; Timer: cpu0=0.000 wall=0.001 
 Start: Saving text status in E:\UniFlight\flow\full_rocket15_fv\data\full_rocket15.status
 End:   Saving text status in E:\UniFlight\flow\full_rocket15_fv\data\full_rocket15.status; Timer: cpu0=0.000 wall=0.002 
 End:   ===== Time Step =====, Iter number =  126; Timer: cpu0=13.672 wall=1.714 

20.06.26 15:40:13  ===== Processing Layers =====
20.06.26 15:40:13    *SEND* for CScalarLayer, GUID=7CD78E3E-90ED-43A0-9E73-BB60FDDAE621
 Start: ComputeVolumeCharacteristics
 End:   ComputeVolumeCharacteristics; Timer: cpu0=0.000 wall=0.003 
 Start: GetValueOnFacets
 End:   GetValueOnFacets; Timer: cpu0=0.047 wall=0.013 
20.06.26 15:40:13    *SEND* for CIntegralCharsLayer, GUID=4E090A0C-544B-E4A2-4242-BEC451D7CD2B
20.06.26 15:40:13    *SEND* for CIntegralCharsLayer, GUID=67F29492-B486-9BD6-015B-58123FE04E04
20.06.26 15:40:13    *SEND* for CIntegralCharsLayer, GUID=24E026D3-474F-9BDB-2BB1-A3745825FAC4
 End:   ===== Processing Layers =====; Timer: cpu0=0.047 wall=0.032 

20.06.26 15:40:13  ===== New Time Step =====, Iter number =  127
 Start: TimeServis
 End:   TimeServis; Timer: cpu0=0.344 wall=0.031 
 Start: User modules' functions BeforeTimeStep() are calling
 End:   User modules' functions BeforeTimeStep() are calling; Timer: cpu0=0.000 wall=0.002 
 Start: Adaptation, TotalRealCellsCount= 95182 
 End:   Adaptation; Timer: cpu0=0.000 wall=0.004 
 Start: Initialize data arrays on chips
 End:   Initialize data arrays on chips, res= 0; Timer: cpu0=0.000 wall=0.002 
  ***** Maximum Geometrical Gauss = 2.17193e-14, cell= 499:3:7:6:0
  ***** Maximum MovingSurf  Gauss = 0, cell= 
 Start: Initialize data arrays on chips
 End:   Initialize data arrays on chips, res= 0; Timer: cpu0=0.000 wall=0.002 
 Start: TimeServis
 End:   TimeServis; Timer: cpu0=0.328 wall=0.040 
 Start: FindEnclaves
 End:   FindEnclaves; Timer: cpu0=0.078 wall=0.079 
 Start: VarValueService
 End:   VarValueService; Timer: cpu0=0.000 wall=0.002 
 Start: SolvePhaseEquation 
 End:   SolvePhaseEquation ; Timer: cpu0=11.375 wall=1.386 
 Start: SolidFiltersProcess: calculate forces and moments
 End:   SolidFiltersProcess: calculate forces and moments; Timer: cpu0=0.000 wall=0.002 
 Start: PrepareDataForNextStep
 End:   PrepareDataForNextStep; Timer: cpu0=0.188 wall=0.038 
 Start: VarValueService
 End:   VarValueService; Timer: cpu0=0.000 wall=0.001 
 Start: UpdateStopperData
 End:   UpdateStopperData; Timer: cpu0=0.000 wall=0.001 
 Start: Saving text status in E:\UniFlight\flow\full_rocket15_fv\data\full_rocket15.status
 End:   Saving text status in E:\UniFlight\flow\full_rocket15_fv\data\full_rocket15.status; Timer: cpu0=0.000 wall=0.001 
 End:   ===== Time Step =====, Iter number =  127; Timer: cpu0=12.656 wall=1.649 

20.06.26 15:40:15  ===== Processing Layers =====
20.06.26 15:40:15    *SEND* for CScalarLayer, GUID=7CD78E3E-90ED-43A0-9E73-BB60FDDAE621
 Start: ComputeVolumeCharacteristics
 End:   ComputeVolumeCharacteristics; Timer: cpu0=0.000 wall=0.004 
 Start: GetValueOnFacets
 End:   GetValueOnFacets; Timer: cpu0=0.016 wall=0.013 
20.06.26 15:40:15    *SEND* for CIntegralCharsLayer, GUID=4E090A0C-544B-E4A2-4242-BEC451D7CD2B
20.06.26 15:40:15    *SEND* for CIntegralCharsLayer, GUID=67F29492-B486-9BD6-015B-58123FE04E04
20.06.26 15:40:15    *SEND* for CIntegralCharsLayer, GUID=24E026D3-474F-9BDB-2BB1-A3745825FAC4
 End:   ===== Processing Layers =====; Timer: cpu0=0.016 wall=0.036 

20.06.26 15:40:15  ===== New Time Step =====, Iter number =  128
 Start: TimeServis
 End:   TimeServis; Timer: cpu0=0.344 wall=0.031 
 Start: User modules' functions BeforeTimeStep() are calling
 End:   User modules' functions BeforeTimeStep() are calling; Timer: cpu0=0.000 wall=0.001 
 Start: Adaptation, TotalRealCellsCount= 95182 
 End:   Adaptation; Timer: cpu0=0.000 wall=0.003 
 Start: Initialize data arrays on chips
 End:   Initialize data arrays on chips, res= 0; Timer: cpu0=0.000 wall=0.002 
  ***** Maximum Geometrical Gauss = 2.17193e-14, cell= 490:2:2:3:0
  ***** Maximum MovingSurf  Gauss = 0, cell= 
 Start: Initialize data arrays on chips
 End:   Initialize data arrays on chips, res= 0; Timer: cpu0=0.172 wall=0.002 
 Start: TimeServis
 End:   TimeServis; Timer: cpu0=0.344 wall=0.039 
 Start: FindEnclaves
 End:   FindEnclaves; Timer: cpu0=0.078 wall=0.079 
 Start: VarValueService
 End:   VarValueService; Timer: cpu0=0.000 wall=0.001 
 Start: SolvePhaseEquation 
 End:   SolvePhaseEquation ; Timer: cpu0=11.094 wall=1.378 
 Start: SolidFiltersProcess: calculate forces and moments
 End:   SolidFiltersProcess: calculate forces and moments; Timer: cpu0=0.000 wall=0.001 
 Start: PrepareDataForNextStep
 End:   PrepareDataForNextStep; Timer: cpu0=0.203 wall=0.038 
 Start: VarValueService
 End:   VarValueService; Timer: cpu0=0.000 wall=0.001 
 Start: UpdateStopperData
 End:   UpdateStopperData; Timer: cpu0=0.000 wall=0.001 
 Start: Saving text status in E:\UniFlight\flow\full_rocket15_fv\data\full_rocket15.status
 End:   Saving text status in E:\UniFlight\flow\full_rocket15_fv\data\full_rocket15.status; Timer: cpu0=0.000 wall=0.002 
 End:   ===== Time Step =====, Iter number =  128; Timer: cpu0=12.406 wall=1.643 

20.06.26 15:40:17  ===== Processing Layers =====
20.06.26 15:40:17    *SEND* for CScalarLayer, GUID=7CD78E3E-90ED-43A0-9E73-BB60FDDAE621
 Start: ComputeVolumeCharacteristics
 End:   ComputeVolumeCharacteristics; Timer: cpu0=0.000 wall=0.003 
 Start: GetValueOnFacets
 End:   GetValueOnFacets; Timer: cpu0=0.125 wall=0.015 
20.06.26 15:40:17    *SEND* for CIntegralCharsLayer, GUID=4E090A0C-544B-E4A2-4242-BEC451D7CD2B
20.06.26 15:40:17    *SEND* for CIntegralCharsLayer, GUID=67F29492-B486-9BD6-015B-58123FE04E04
20.06.26 15:40:17    *SEND* for CIntegralCharsLayer, GUID=24E026D3-474F-9BDB-2BB1-A3745825FAC4
 End:   ===== Processing Layers =====; Timer: cpu0=0.266 wall=0.035 

20.06.26 15:40:17  ===== New Time Step =====, Iter number =  129
 Start: TimeServis
 End:   TimeServis; Timer: cpu0=0.344 wall=0.035 
 Start: User modules' functions BeforeTimeStep() are calling
 End:   User modules' functions BeforeTimeStep() are calling; Timer: cpu0=0.000 wall=0.001 
 Start: Adaptation, TotalRealCellsCount= 95182 
 End:   Adaptation; Timer: cpu0=0.000 wall=0.005 
 Start: Initialize data arrays on chips
 End:   Initialize data arrays on chips, res= 0; Timer: cpu0=0.000 wall=0.001 
  ***** Maximum Geometrical Gauss = 2.17193e-14, cell= 490:2:2:3:0
  ***** Maximum MovingSurf  Gauss = 0, cell= 
 Start: Initialize data arrays on chips
 End:   Initialize data arrays on chips, res= 0; Timer: cpu0=0.000 wall=0.002 
 Start: TimeServis
 End:   TimeServis; Timer: cpu0=0.344 wall=0.037 
 Start: FindEnclaves
 End:   FindEnclaves; Timer: cpu0=0.250 wall=0.082 
 Start: VarValueService
 End:   VarValueService; Timer: cpu0=0.000 wall=0.001 
 Start: SolvePhaseEquation 
 End:   SolvePhaseEquation ; Timer: cpu0=11.781 wall=1.330 
 Start: SolidFiltersProcess: calculate forces and moments
 End:   SolidFiltersProcess: calculate forces and moments; Timer: cpu0=0.000 wall=0.001 
 Start: PrepareDataForNextStep
 End:   PrepareDataForNextStep; Timer: cpu0=0.359 wall=0.045 
 Start: VarValueService
 End:   VarValueService; Timer: cpu0=0.000 wall=0.002 
 Start: UpdateStopperData
 End:   UpdateStopperData; Timer: cpu0=0.000 wall=0.001 
 Start: Saving text status in E:\UniFlight\flow\full_rocket15_fv\data\full_rocket15.status
 End:   Saving text status in E:\UniFlight\flow\full_rocket15_fv\data\full_rocket15.status; Timer: cpu0=0.000 wall=0.001 
 End:   ===== Time Step =====, Iter number =  129; Timer: cpu0=13.422 wall=1.607 

20.06.26 15:40:18  ===== Processing Layers =====
20.06.26 15:40:18    *SEND* for CScalarLayer, GUID=7CD78E3E-90ED-43A0-9E73-BB60FDDAE621
 Start: ComputeVolumeCharacteristics
 End:   ComputeVolumeCharacteristics; Timer: cpu0=0.000 wall=0.004 
 Start: GetValueOnFacets
 End:   GetValueOnFacets; Timer: cpu0=0.016 wall=0.018 
20.06.26 15:40:19    *SEND* for CIntegralCharsLayer, GUID=4E090A0C-544B-E4A2-4242-BEC451D7CD2B
20.06.26 15:40:19    *SEND* for CIntegralCharsLayer, GUID=67F29492-B486-9BD6-015B-58123FE04E04
20.06.26 15:40:19    *SEND* for CIntegralCharsLayer, GUID=24E026D3-474F-9BDB-2BB1-A3745825FAC4
 End:   ===== Processing Layers =====; Timer: cpu0=0.016 wall=0.041 

20.06.26 15:40:19  ===== New Time Step =====, Iter number =  130
 Start: TimeServis
 End:   TimeServis; Timer: cpu0=0.297 wall=0.037 
 Start: User modules' functions BeforeTimeStep() are calling
 End:   User modules' functions BeforeTimeStep() are calling; Timer: cpu0=0.000 wall=0.002 
 Start: Adaptation, TotalRealCellsCount= 95182 
 End:   Adaptation; Timer: cpu0=6.562 wall=0.871 
 Start: DistributeGridOnProcessors
 End:   DistributeGridOnProcessors, res= 0; Timer: cpu0=1.000 wall=0.242 
 Start: SetNeiHyperCells
 End:   SetNeiHyperCells, res= 0; Timer: cpu0=0.000 wall=0.009 
 Start: BuildFacetDistribution
 End:   BuildFacetDistribution; Timer: cpu0=0.000 wall=0.003 
 Start: Initialize data arrays on chips
 End:   Initialize data arrays on chips, res= 0; Timer: cpu0=0.000 wall=0.002 
  ***** Maximum Geometrical Gauss = 2.17193e-14, cell= 490:2:2:3:0
  ***** Maximum MovingSurf  Gauss = 2.52581e-14, cell= 44:0:0:3:0
 Start: Remove Small Cells
 End:   Remove Small Cells; Timer: cpu0=0.172 wall=0.024 
 Start: Initialize data arrays on chips
 End:   Initialize data arrays on chips, res= 0; Timer: cpu0=0.000 wall=0.003 
  ***** Maximum Geometrical Gauss = 2.17193e-14, cell= 490:2:2:3:0
  ***** Maximum MovingSurf  Gauss = 2.52581e-14, cell= 44:0:0:3:0
 Start: Initialize data arrays on chips
 End:   Initialize data arrays on chips, res= 0; Timer: cpu0=0.000 wall=0.002 
 Start: Modify Chip Data
 End:   Modify Chip Data; Timer: cpu0=0.344 wall=0.043 
 Start: TimeServis
 End:   TimeServis; Timer: cpu0=0.500 wall=0.045 
 Start: FindEnclaves
 End:   FindEnclaves; Timer: cpu0=0.250 wall=0.105 
 Start: VarValueService
 End:   VarValueService; Timer: cpu0=0.000 wall=0.001 
 Start: SolvePhaseEquation 
 End:   SolvePhaseEquation ; Timer: cpu0=14.203 wall=1.700 
 Start: SolidFiltersProcess: calculate forces and moments
 End:   SolidFiltersProcess: calculate forces and moments; Timer: cpu0=0.000 wall=0.002 
 Start: PrepareDataForNextStep
 End:   PrepareDataForNextStep; Timer: cpu0=0.359 wall=0.045 
 Start: VarValueService
 End:   VarValueService; Timer: cpu0=0.000 wall=0.002 
 Start: UpdateStopperData
 End:   UpdateStopperData; Timer: cpu0=0.000 wall=0.001 
 Start: Saving text status in E:\UniFlight\flow\full_rocket15_fv\data\full_rocket15.status
 End:   Saving text status in E:\UniFlight\flow\full_rocket15_fv\data\full_rocket15.status; Timer: cpu0=0.000 wall=0.002 
 End:   ===== Time Step =====, Iter number =  130; Timer: cpu0=23.953 wall=3.231 

20.06.26 15:40:22  ===== Processing Layers =====
20.06.26 15:40:22    *SEND* for CScalarLayer, GUID=7CD78E3E-90ED-43A0-9E73-BB60FDDAE621
 Start: ComputeVolumeCharacteristics
 End:   ComputeVolumeCharacteristics; Timer: cpu0=0.172 wall=0.005 
 Start: GetValueOnFacets
 End:   GetValueOnFacets; Timer: cpu0=0.109 wall=0.017 
20.06.26 15:40:22    *SEND* for CIntegralCharsLayer, GUID=4E090A0C-544B-E4A2-4242-BEC451D7CD2B
20.06.26 15:40:22    *SEND* for CIntegralCharsLayer, GUID=67F29492-B486-9BD6-015B-58123FE04E04
20.06.26 15:40:22    *SEND* for CIntegralCharsLayer, GUID=24E026D3-474F-9BDB-2BB1-A3745825FAC4
 End:   ===== Processing Layers =====; Timer: cpu0=0.281 wall=0.041 

20.06.26 15:40:22  ===== New Time Step =====, Iter number =  131
 Start: TimeServis
 End:   TimeServis; Timer: cpu0=0.328 wall=0.040 
 Start: User modules' functions BeforeTimeStep() are calling
 End:   User modules' functions BeforeTimeStep() are calling; Timer: cpu0=0.000 wall=0.002 
 Start: Adaptation, TotalRealCellsCount= 108678 
 End:   Adaptation; Timer: cpu0=5.750 wall=0.813 
 Start: DistributeGridOnProcessors
 End:   DistributeGridOnProcessors, res= 0; Timer: cpu0=0.906 wall=0.218 
 Start: SetNeiHyperCells
 End:   SetNeiHyperCells, res= 0; Timer: cpu0=0.016 wall=0.007 
 Start: BuildFacetDistribution
 End:   BuildFacetDistribution; Timer: cpu0=0.000 wall=0.001 
 Start: Initialize data arrays on chips
 End:   Initialize data arrays on chips, res= 0; Timer: cpu0=0.000 wall=0.002 
  ***** Maximum Geometrical Gauss = 2.17193e-14, cell= 490:2:2:3:0
  ***** Maximum MovingSurf  Gauss = 2.52581e-14, cell= 44:0:0:0
 Start: Remove Small Cells
 End:   Remove Small Cells; Timer: cpu0=0.031 wall=0.022 
 Start: Initialize data arrays on chips
 End:   Initialize data arrays on chips, res= 0; Timer: cpu0=0.000 wall=0.002 
  ***** Maximum Geometrical Gauss = 2.17193e-14, cell= 499:3:7:6:0
  ***** Maximum MovingSurf  Gauss = 2.52581e-14, cell= 44:0:0:0
 Start: Initialize data arrays on chips
 End:   Initialize data arrays on chips, res= 0; Timer: cpu0=0.172 wall=0.003 
 Start: Modify Chip Data
 End:   Modify Chip Data; Timer: cpu0=0.344 wall=0.036 
 Start: TimeServis
 End:   TimeServis; Timer: cpu0=0.344 wall=0.036 
 Start: FindEnclaves
 End:   FindEnclaves; Timer: cpu0=0.109 wall=0.114 
 Start: VarValueService
 End:   VarValueService; Timer: cpu0=0.000 wall=0.003 
 Start: SolvePhaseEquation 
 End:   SolvePhaseEquation ; Timer: cpu0=10.953 wall=1.427 
 Start: SolidFiltersProcess: calculate forces and moments
 End:   SolidFiltersProcess: calculate forces and moments; Timer: cpu0=0.000 wall=0.001 
 Start: PrepareDataForNextStep
 End:   PrepareDataForNextStep; Timer: cpu0=0.219 wall=0.039 
 Start: VarValueService
 End:   VarValueService; Timer: cpu0=0.000 wall=0.002 
 Start: UpdateStopperData
 End:   UpdateStopperData; Timer: cpu0=0.000 wall=0.001 
 Start: Saving text status in E:\UniFlight\flow\full_rocket15_fv\data\full_rocket15.status
 End:   Saving text status in E:\UniFlight\flow\full_rocket15_fv\data\full_rocket15.status; Timer: cpu0=0.000 wall=0.003 
 End:   ===== Time Step =====, Iter number =  131; Timer: cpu0=19.531 wall=2.864 

20.06.26 15:40:25  ===== Processing Layers =====
20.06.26 15:40:25    *SEND* for CScalarLayer, GUID=7CD78E3E-90ED-43A0-9E73-BB60FDDAE621
 Start: ComputeVolumeCharacteristics
 End:   ComputeVolumeCharacteristics; Timer: cpu0=0.172 wall=0.003 
 Start: GetValueOnFacets
 End:   GetValueOnFacets; Timer: cpu0=0.016 wall=0.015 
20.06.26 15:40:25    *SEND* for CIntegralCharsLayer, GUID=4E090A0C-544B-E4A2-4242-BEC451D7CD2B
20.06.26 15:40:25    *SEND* for CIntegralCharsLayer, GUID=67F29492-B486-9BD6-015B-58123FE04E04
20.06.26 15:40:25    *SEND* for CIntegralCharsLayer, GUID=24E026D3-474F-9BDB-2BB1-A3745825FAC4
 End:   ===== Processing Layers =====; Timer: cpu0=0.188 wall=0.036 

20.06.26 15:40:25  ===== New Time Step =====, Iter number =  132
 Start: TimeServis
 End:   TimeServis; Timer: cpu0=0.344 wall=0.032 
 Start: User modules' functions BeforeTimeStep() are calling
 End:   User modules' functions BeforeTimeStep() are calling; Timer: cpu0=0.000 wall=0.002 
 Start: Adaptation, TotalRealCellsCount= 96260 
 End:   Adaptation; Timer: cpu0=0.156 wall=0.005 
 Start: Initialize data arrays on chips
 End:   Initialize data arrays on chips, res= 0; Timer: cpu0=0.000 wall=0.001 
  ***** Maximum Geometrical Gauss = 2.17193e-14, cell= 499:3:7:6:0
  ***** Maximum MovingSurf  Gauss = 0, cell= 
 Start: Initialize data arrays on chips
 End:   Initialize data arrays on chips, res= 0; Timer: cpu0=0.000 wall=0.003 
 Start: TimeServis
 End:   TimeServis; Timer: cpu0=0.359 wall=0.041 
 Start: FindEnclaves
 End:   FindEnclaves; Timer: cpu0=0.094 wall=0.090 
 Start: VarValueService
 End:   VarValueService; Timer: cpu0=0.000 wall=0.001 
 Start: SolvePhaseEquation 
 End:   SolvePhaseEquation ; Timer: cpu0=11.281 wall=1.385 
 Start: SolidFiltersProcess: calculate forces and moments
 End:   SolidFiltersProcess: calculate forces and moments; Timer: cpu0=0.000 wall=0.001 
 Start: PrepareDataForNextStep
 End:   PrepareDataForNextStep; Timer: cpu0=0.500 wall=0.041 
 Start: VarValueService
 End:   VarValueService; Timer: cpu0=0.000 wall=0.002 
 Start: UpdateStopperData
 End:   UpdateStopperData; Timer: cpu0=0.000 wall=0.001 
 Start: Saving text status in E:\UniFlight\flow\full_rocket15_fv\data\full_rocket15.status
 End:   Saving text status in E:\UniFlight\flow\full_rocket15_fv\data\full_rocket15.status; Timer: cpu0=0.000 wall=0.003 
 End:   ===== Time Step =====, Iter number =  132; Timer: cpu0=12.906 wall=1.670 

20.06.26 15:40:27  ===== Processing Layers =====
20.06.26 15:40:27    *SEND* for CScalarLayer, GUID=7CD78E3E-90ED-43A0-9E73-BB60FDDAE621
 Start: ComputeVolumeCharacteristics
 End:   ComputeVolumeCharacteristics; Timer: cpu0=0.000 wall=0.004 
 Start: GetValueOnFacets
 End:   GetValueOnFacets; Timer: cpu0=0.062 wall=0.015 
20.06.26 15:40:27    *SEND* for CIntegralCharsLayer, GUID=4E090A0C-544B-E4A2-4242-BEC451D7CD2B
20.06.26 15:40:27    *SEND* for CIntegralCharsLayer, GUID=67F29492-B486-9BD6-015B-58123FE04E04
20.06.26 15:40:27    *SEND* for CIntegralCharsLayer, GUID=24E026D3-474F-9BDB-2BB1-A3745825FAC4
 End:   ===== Processing Layers =====; Timer: cpu0=0.062 wall=0.035 

20.06.26 15:40:27  ===== New Time Step =====, Iter number =  133
 Start: TimeServis
 End:   TimeServis; Timer: cpu0=0.422 wall=0.034 
 Start: User modules' functions BeforeTimeStep() are calling
 End:   User modules' functions BeforeTimeStep() are calling; Timer: cpu0=0.000 wall=0.001 
 Start: Adaptation, TotalRealCellsCount= 96260 
 End:   Adaptation; Timer: cpu0=0.000 wall=0.004 
 Start: Initialize data arrays on chips
 End:   Initialize data arrays on chips, res= 0; Timer: cpu0=0.000 wall=0.001 
  ***** Maximum Geometrical Gauss = 2.17193e-14, cell= 499:3:7:6:0
  ***** Maximum MovingSurf  Gauss = 0, cell= 
 Start: Initialize data arrays on chips
 End:   Initialize data arrays on chips, res= 0; Timer: cpu0=0.000 wall=0.003 
 Start: TimeServis
 End:   TimeServis; Timer: cpu0=0.328 wall=0.035 
 Start: FindEnclaves
 End:   FindEnclaves; Timer: cpu0=0.078 wall=0.089 
 Start: VarValueService
 End:   VarValueService; Timer: cpu0=0.000 wall=0.002 
 Start: SolvePhaseEquation 
 End:   SolvePhaseEquation ; Timer: cpu0=11.812 wall=1.415 
 Start: SolidFiltersProcess: calculate forces and moments
 End:   SolidFiltersProcess: calculate forces and moments; Timer: cpu0=0.000 wall=0.001 
 Start: PrepareDataForNextStep
 End:   PrepareDataForNextStep; Timer: cpu0=0.391 wall=0.043 
 Start: VarValueService
 End:   VarValueService; Timer: cpu0=0.000 wall=0.001 
 Start: UpdateStopperData
 End:   UpdateStopperData; Timer: cpu0=0.000 wall=0.000 
 Start: Saving text status in E:\UniFlight\flow\full_rocket15_fv\data\full_rocket15.status
 End:   Saving text status in E:\UniFlight\flow\full_rocket15_fv\data\full_rocket15.status; Timer: cpu0=0.000 wall=0.003 
 End:   ===== Time Step =====, Iter number =  133; Timer: cpu0=13.375 wall=1.695 

Simulation time end is reached, stopping solution.
SOLUTION STOPPED (TIME=290.42s, MPITIME=290.42s)

20.06.26 15:40:29  ===== Processing Layers =====
20.06.26 15:40:29    *SEND* for CScalarLayer, GUID=7CD78E3E-90ED-43A0-9E73-BB60FDDAE621
 Start: ComputeVolumeCharacteristics
 End:   ComputeVolumeCharacteristics; Timer: cpu0=0.000 wall=0.004 
 Start: GetValueOnFacets
 End:   GetValueOnFacets; Timer: cpu0=0.016 wall=0.012 
20.06.26 15:40:29    *SEND* for CIntegralCharsLayer, GUID=4E090A0C-544B-E4A2-4242-BEC451D7CD2B
20.06.26 15:40:29    *SEND* for CIntegralCharsLayer, GUID=67F29492-B486-9BD6-015B-58123FE04E04
20.06.26 15:40:29    *SEND* for CIntegralCharsLayer, GUID=24E026D3-474F-9BDB-2BB1-A3745825FAC4
 End:   ===== Processing Layers =====; Timer: cpu0=0.016 wall=0.034 
 Start: Saving values
 End:   Saving values, res= 0; Timer: cpu0=0.547 wall=0.075 
 Start: Saving grid
 End:   Saving grid, res= 0; Timer: cpu0=0.797 wall=0.136 
 Start: Saving grid index
 End:   Saving grid index, res= 0; Timer: cpu0=0.000 wall=0.001 
