# vtk DataFile Version 3.0
Generated by FvKompasPlugin. Date/time (GMT): Sat Jun 20 12:35:38 2026
ASCII
DATASET UNSTRUCTURED_GRID
POINTS 1087 double
29.55323151301061 0.09723572357648844 -2.600232117477399
30.23942580296656 0.1007178481601897 -2.484062928024273
30.91703621906855 0.1041564134799797 -2.325305359664898
31.58342021721545 0.1075380098238974 -2.124577820602398
32.23598212770262 0.1108494653462685 -1.882662781539898
32.8721770614216 0.1140778658898974 -1.600502625289898
33.48953044085862 0.1172106540970194 -1.279196961227398
34.08563214079508 0.1202355996760155 -0.9199979866180231
34.6581618786056 0.123140928245651 -0.5243052375945855
34.65887937585828 -0.01825048553254225 -0.5048712165984918
34.65954365966589 -0.1491555536140168 -0.4480103767547418
34.6601054631351 -0.2598656455083653 -0.3579398811492731
34.66052311978891 -0.3421698836577702 -0.2413398445281793
34.6607656540475 -0.389964159643511 -0.106857949081402
34.66081507789234 -0.3997037193011216 0.03553189772035587
34.66066772638622 -0.3706663429255824 0.1752692863311957
34.66033452759573 -0.3050055367251293 0.301990538772602
34.65984019328843 -0.2075910500113828 0.4062973319854926
34.65922138607709 -0.08564768905387375 0.480453673538227
34.65852400006285 0.05178056469212437 0.518959777053852
34.65779975714836 0.1945012917991777 0.518959777053852
34.65710237113413 0.3319295455451758 0.480453673538227
34.65648356392278 0.4538729065026849 0.4062973319854926
34.65598922961549 0.5512873932164314 0.301990538772602
34.65565603082499 0.6169481994168844 0.1752692863311957
34.65550867931886 0.6459855757924237 0.03553189772035586
34.6555581031637 0.6362460161348131 -0.106857949081402
34.6558006374223 0.5884517401490723 -0.2413398445281793
34.6562182940761 0.5061475019996674 -0.3579398811492731
34.65678009754532 0.3954374101053189 -0.4480103767547418
34.65744438135294 0.2645323420238443 -0.5048712165984918
29.55154434648078 0.4297120641397391 -2.578886170211773
29.54988488332069 0.7567291244076133 -2.515198670211773
29.54828037145426 1.072917375126418 -2.410215760055523
29.54675715751522 1.373084897060343 -2.265660828414898
29.54534025184286 1.652303103764696 -2.083907654586773
29.54405292073343 1.905987093334544 -1.867940369430523
29.54291630207547 2.129971392058387 -1.621305603805523
29.5419490590809 2.320578190844272 -1.348052796188336
29.54116707242164 2.47467801338398 -1.052668762985211
29.54058318501887 2.589740008474235 -0.7400038459930234
29.54020698214067 2.663875284419698 -0.4151918342742734
29.54004464211607 2.695866327599503 -0.0835662162933163
29.54009882979081 2.685187998290671 0.2494277488556094
29.54036865564411 2.632015587205009 0.5783223258819766
29.54084968941635 2.537222129976812 0.8977170402374455
29.54153403196457 2.402364247188926 1.202367491897602
29.54241044782334 2.229656021662217 1.487271178421039
29.54346454422393 2.021933720589471 1.747750182327289
29.54467901453559 1.78260782252026 1.979527404006977
29.54603391639566 1.515608208496317 2.178796935256977
29.54750700249238 1.225318977343937 2.342286925491352
29.54907408541706 0.9165065471856407 2.467312804397602
29.55070943302393 0.594241745066354 2.551821593460102
29.5523861929811 0.2638161440901681 2.594425841506977
29.55407683304012 -0.06934469693719078 2.594425841506977
29.5557535929973 -0.3997702979133768 2.551821593460102
29.55738894060416 -0.7220351000326636 2.467312804397602
29.55895602352885 -1.030847530190959 2.342286925491352
29.56042910962556 -1.32113676134334 2.178796935256977
29.56178401148563 -1.588136375367283 1.979527404006977
29.56299848179729 -1.827462273436493 1.747750182327289
29.56405257819788 -2.035184574509239 1.487271178421039
29.56492899405665 -2.207892800035949 1.202367491897602
29.56561333660487 -2.342750682823835 0.8977170402374455
29.56609437037711 -2.437544140052032 0.5783223258819766
29.56636419623041 -2.490716551137694 0.2494277488556095
29.56641838390516 -2.501394880446526 -0.08356621629331627
29.56625604388056 -2.469403837266722 -0.4151918342742733
29.56587984100235 -2.395268561321258 -0.7400038459930234
29.56529595359959 -2.280206566231003 -1.052668762985211
29.56451396694032 -2.126106743691295 -1.348052796188336
29.56354672394576 -1.93549994490541 -1.621305603805523
29.5624101052878 -1.711515646181567 -1.867940369430523
29.56112277417837 -1.457831656611719 -2.083907654586773
29.559705868506 -1.178613449907366 -2.265660828414898
29.55818265456696 -0.878445927973441 -2.410215760055523
29.55657814270053 -0.5622576772546362 -2.515198670211773
29.55491867954044 -0.2352406169867619 -2.578886170211773
34.08621711288205 0.004959854591300633 -0.9127453621063044
34.08679285959762 -0.1084979207364874 -0.8911018074188044
34.08735030102343 -0.218348419816624 -0.8554087532195856
34.08788064621153 -0.3228592812259738 -0.8062290657195856
34.0883755310492 -0.4203822565331179 -0.7443383186492731
34.08882715085859 -0.5093793406381838 -0.6707125862273982
34.08922838358858 -0.588447048193675 -0.5865129402313044
34.0895729013145 -0.6563383859778172 -0.4930672920379449
34.08985527089781 -0.7119826890649402 -0.3918493660125543
34.0900710394692 -0.7545024663117107 -0.2844553840789605
34.09021680349662 -0.7832270110217318 -0.1725790565643121
34.09029026515453 -0.7977035092009579 -0.05798469239805237
34.09029026515453 -0.7977035092009579 0.05752045744325623
34.09021680349662 -0.7832270110217318 0.172114821609516
34.0900710394692 -0.7545024663117107 0.2839911491241645
34.08985527089781 -0.7119826890649402 0.3913851310577582
34.0895729013145 -0.6563383859778172 0.4926030570831488
34.08922838358858 -0.588447048193675 0.5860487052765082
34.08882715085859 -0.5093793406381838 0.670248351272602
34.0883755310492 -0.4203822565331179 0.7438740836944769
34.08788064621153 -0.3228592812259738 0.8057648307647894
34.08735030102343 -0.218348419816624 0.8549445182647895
34.08679285959762 -0.1084979207364874 0.8906375724640082
34.08621711288205 0.004959854591300648 0.9122811271515081
34.08563214079508 0.1202355996760166 0.9195337516632269
34.08504716870811 0.2355113447607303 0.9122811271515081
34.08447142199255 0.3489691200885183 0.8906375724640082
34.08391398056673 0.4588196191686549 0.8549445182647895
34.08338363537863 0.5633304805780048 0.8057648307647894
34.08288875054097 0.6608534558851488 0.7438740836944769
34.08243713073158 0.7498505399902146 0.670248351272602
34.08203589800159 0.8289182475457059 0.5860487052765082
34.08169138027566 0.8968095853298479 0.4926030570831488
34.08140901069235 0.9524538884169712 0.3913851310577582
34.08119324212097 0.9949736656637413 0.2839911491241645
34.08104747809355 1.023698210373762 0.172114821609516
34.08097401643563 1.038174708552989 0.05752045744325621
34.08097401643563 1.038174708552989 -0.05798469239805238
34.08104747809355 1.023698210373762 -0.1725790565643122
34.08119324212097 0.9949736656637413 -0.2844553840789605
34.08140901069235 0.9524538884169712 -0.3918493660125543
34.08169138027566 0.8968095853298479 -0.4930672920379449
34.08203589800159 0.8289182475457059 -0.5865129402313044
34.08243713073158 0.7498505399902146 -0.6707125862273982
34.08288875054097 0.6608534558851488 -0.7443383186492731
34.08338363537863 0.5633304805780048 -0.8062290657195856
34.08391398056673 0.4588196191686549 -0.8554087532195856
34.08447142199255 0.3489691200885183 -0.8911018074188044
34.08504716870811 0.2355113447607303 -0.9127453621063044
33.49034386388619 -0.04308408074598057 -1.269112000289898
33.4911444588592 -0.2008508940354858 -1.239015930953961
33.49191959958424 -0.353601643368914 -1.189383606735211
33.49265706219641 -0.498927469990841 -1.120997620407086
33.4933452158705 -0.6345363807065783 -1.034936463180523
33.49397320826686 -0.7582897922114538 -0.9325573738250543
33.49453113541377 -0.8682360084429804 -0.8154750373992731
33.49501019873637 -0.9626411650066513 -0.6855357673797419
33.49540284350226 -1.040016511539512 -0.5447888801727107
33.49570287651576 -1.099141604770916 -0.395454010787945
33.49590556646771 -1.139084083658532 -0.2398862312469294
33.49600771702992 -1.159214073499768 -0.08053898698423405
33.49600771702992 -1.159214073499768 0.08007475202943784
33.49590556646771 -1.139084083658532 0.2394219962921331
33.49570287651576 -1.099141604770916 0.3949897758331488
33.49540284350226 -1.040016511539512 0.5443246452179145
33.49501019873637 -0.9626411650066513 0.6850715324249457
33.49453113541377 -0.8682360084429804 0.8150108024444769
33.49397320826686 -0.7582897922114538 0.9320931388702581
33.4933452158705 -0.6345363807065783 1.034472228225727
33.49265706219641 -0.498927469990841 1.120533385452289
33.49191959958424 -0.353601643368914 1.188919371780415
33.4911444588592 -0.2008508940354858 1.238551695999164
33.49034386388619 -0.04308408074598055 1.268647765335102
33.48953044085862 0.117210654097021 1.278732726272602
33.48871701783106 0.2775053889400192 1.268647765335102
33.48791642285805 0.4352722022295245 1.238551695999164
33.48714128213301 0.5880229515629527 1.188919371780415
33.48640381952085 0.7333487781848796 1.120533385452289
33.48571566584675 0.8689576889006169 1.034472228225727
33.48508767345039 0.9927111004054924 0.9320931388702581
33.48452974630348 1.102657316637019 0.8150108024444769
33.48405068298087 1.19706247320069 0.6850715324249457
33.48365803821498 1.274437819733551 0.5443246452179145
33.48335800520149 1.333562912964954 0.3949897758331488
33.48315531524953 1.373505391852571 0.2394219962921331
33.48305316468733 1.393635381693807 0.08007475202943783
33.48305316468733 1.393635381693807 -0.08053898698423406
33.48315531524953 1.373505391852571 -0.2398862312469294
33.48335800520149 1.333562912964954 -0.395454010787945
33.48365803821498 1.274437819733551 -0.5447888801727107
33.48405068298087 1.19706247320069 -0.6855357673797419
33.48452974630348 1.102657316637019 -0.8154750373992731
33.48508767345039 0.9927111004054924 -0.9325573738250543
33.48571566584675 0.8689576889006169 -1.034936463180523
33.48640381952085 0.7333487781848796 -1.120997620407086
33.48714128213301 0.5880229515629527 -1.189383606735211
33.48791642285805 0.4352722022295245 -1.239015930953961
33.48871701783106 0.2775053889400192 -1.269112000289898
32.87319483520646 -0.08648662939343149 -1.587883972946148
32.87419655812734 -0.2838881099820011 -1.550227112594586
32.87516643236285 -0.4750134262616748 -1.488126038375836
32.87608916215058 -0.6568483653327442 -1.402559876266461
32.87695019629915 -0.8265254409219583 -1.294878113571148
32.87773595505934 -0.9813686010588459 -1.166779114547711
32.87843404677454 -1.118935921617815 -1.020282898727398
32.87903346176644 -1.237057813834028 -0.8576999519500543
32.8795247473279 -1.333871508722678 -0.6815941780242731
32.87990015546015 -1.407850170473679 -0.4947428901824762
32.88015376614207 -1.457827188131081 -0.3000928962859918
32.88028157900781 -1.483014241766714 -0.1007139290008356
32.88028157900781 -1.483014241766714 0.1002496940460394
32.88015376614207 -1.457827188131081 0.2996286613311956
32.87990015546015 -1.407850170473679 0.4942786552276801
32.8795247473279 -1.333871508722678 0.6811299430694769
32.87903346176644 -1.237057813834028 0.8572357169952581
32.87843404677454 -1.118935921617815 1.019818663772602
32.87773595505934 -0.9813686010588459 1.166314879592914
32.87695019629915 -0.8265254409219583 1.294413878616352
32.87608916215058 -0.6568483653327442 1.402095641311665
32.87516643236285 -0.4750134262616748 1.487661803421039
32.87419655812734 -0.2838881099820011 1.549762877639789
32.87319483520646 -0.08648662939343146 1.587419737991352
32.8721770614216 0.1140778658898993 1.600038390335102
32.87115928763674 0.3146423611732261 1.587419737991352
32.87015756471586 0.5120438417617957 1.549762877639789
32.86918769048035 0.7031691580414693 1.487661803421039
32.86826496069261 0.8850040971125386 1.402095641311665
32.86740392654405 1.054681172701753 1.294413878616352
32.86661816778386 1.20952433283864 1.166314879592914
32.86592007606867 1.34709165339761 1.019818663772602
32.86532066107676 1.465213545613822 0.8572357169952581
32.8648293755153 1.562027240502473 0.6811299430694769
32.86445396738305 1.636005902253474 0.49427865522768
32.86420035670113 1.685982919910875 0.2996286613311956
32.86407254383538 1.711169973546508 0.1002496940460394
32.86407254383538 1.711169973546508 -0.1007139290008356
32.86420035670113 1.685982919910875 -0.3000928962859919
32.86445396738305 1.636005902253474 -0.4947428901824763
32.8648293755153 1.562027240502473 -0.6815941780242731
32.86532066107676 1.465213545613822 -0.8576999519500543
32.86592007606867 1.34709165339761 -1.020282898727398
32.86661816778386 1.20952433283864 -1.166779114547711
32.86740392654405 1.054681172701753 -1.294878113571148
32.86826496069261 0.8850040971125386 -1.402559876266461
32.86918769048035 0.7031691580414693 -1.488126038375836
32.87015756471586 0.5120438417617957 -1.550227112594586
32.87115928763674 0.3146423611732261 -1.587883972946148
32.23717935565079 -0.1250786188052291 -1.867819275680523
32.2383577024978 -0.3572859561851933 -1.823522766891461
32.23949858524966 -0.5821105456036072 -1.750471863571148
32.24058401124199 -0.7960067173804483 -1.649818665328961
32.24159686292914 -0.9956012544492775 -1.523150452438336
32.2425211667227 -1.177746370190752 -1.372465027633648
32.24334234618895 -1.339569604030434 -1.200138611618023
32.24404745062352 -1.478518864804146 -1.008888916793804
32.24462535977748 -1.592402774476816 -0.8017321174773981
32.24506696039868 -1.679425457733603 -0.5819351814422419
32.24536528746489 -1.738214373652808 -0.3529644477996638
32.24551563630305 -1.767842410147956 -0.1184309166106989
32.24551563630305 -1.767842410147956 0.1179666816559026
32.24536528746489 -1.738214373652808 0.3525002128448675
32.24506696039868 -1.679425457733603 0.5814709464874457
32.24462535977748 -1.592402774476816 0.8012678825226019
32.24404745062352 -1.478518864804146 1.008424681839008
32.24334234618895 -1.339569604030434 1.199674376663227
32.2425211667227 -1.177746370190752 1.372000792678852
32.24159686292914 -0.9956012544492775 1.522686217483539
32.24058401124199 -0.7960067173804483 1.649354430374165
32.23949858524966 -0.5821105456036072 1.750007628616352
32.2383577024978 -0.3572859561851933 1.823058531936664
32.23717935565079 -0.1250786188052291 1.867355040725727
32.23598212770262 0.1108494653462708 1.882198546585102
32.23478489975445 0.346777549497766 1.867355040725727
32.23360655290744 0.5789848868777301 1.823058531936664
32.23246567015558 0.803809476296144 1.750007628616352
32.23138024416326 1.017705648072985 1.649354430374165
32.2303673924761 1.217300185141814 1.522686217483539
32.22944308868254 1.399445300883289 1.372000792678852
32.22862190921629 1.561268534722971 1.199674376663227
32.22791680478172 1.700217795496683 1.008424681839008
32.22733889562777 1.814101705169353 0.8012678825226018
32.22689729500657 1.90112438842614 0.5814709464874456
32.22659896794035 1.959913304345345 0.3525002128448675
32.2264486191022 1.989541340840493 0.1179666816559026
32.2264486191022 1.989541340840493 -0.118430916610699
32.22659896794035 1.959913304345345 -0.3529644477996638
32.22689729500657 1.90112438842614 -0.581935181442242
32.22733889562777 1.814101705169353 -0.8017321174773983
32.22791680478172 1.700217795496683 -1.008888916793804
32.22862190921629 1.561268534722971 -1.200138611618023
32.22944308868254 1.399445300883289 -1.372465027633648
32.2303673924761 1.217300185141814 -1.523150452438336
32.23138024416326 1.017705648072985 -1.649818665328961
32.23246567015558 0.803809476296144 -1.750471863571148
32.23360655290744 0.5789848868777301 -1.823522766891461
32.23478489975445 0.346777549497766 -1.867819275680523
31.58477130345868 -0.1587096912738237 -2.107826844039898
31.5861010823956 -0.4207585328594323 -2.057837586227398
31.58738858230337 -0.6744757861611519 -1.975398865524273
31.58861349859977 -0.9158601904410606 -1.861810486618023
31.58975651425031 -1.141105093051278 -1.718863953414898
31.59079960190179 -1.346657988462298 -1.548813538375836
31.59172631285262 -1.529277463330571 -1.354341126266461
31.59252203195389 -1.68608342778536 -1.138513489547711
31.59317420928114 -1.814602769137795 -0.9047345588836483
31.59367256083412 -1.912808902152898 -0.6566910408172419
31.59400922649478 -1.979152896578496 -0.3982948311004451
31.59417889701326 -2.01258850123708 -0.1336208961639217
31.59417889701326 -2.01258850123708 0.1331566612091252
31.59400922649478 -1.979152896578496 0.3978305961456487
31.59367256083412 -1.912808902152898 0.6562268058624455
31.59317420928114 -1.814602769137795 0.9042703239288518
31.59252203195389 -1.68608342778536 1.138049254592914
31.59172631285262 -1.529277463330571 1.353876891311664
31.59079960190179 -1.346657988462298 1.548349303421039
31.58975651425031 -1.141105093051278 1.718399718460102
31.58861349859977 -0.9158601904410606 1.861346251663227
31.58738858230337 -0.6744757861611519 1.974934630569477
31.5861010823956 -0.4207585328594323 2.057373351272602
31.58477130345868 -0.1587096912738237 2.107362609085102
31.58342021721545 0.1075380098239 2.124113585647602
31.58206913097222 0.3737857109216182 2.107362609085102
31.5807393520353 0.6358345525072268 2.057373351272602
31.57945185212752 0.8895518058089461 1.974934630569477
31.57822693583113 1.130936210088855 1.861346251663227
31.57708392018058 1.356181112699073 1.718399718460102
31.57604083252911 1.561734008110092 1.548349303421039
31.57511412157828 1.744353482978366 1.353876891311664
31.57431840247701 1.901159447433155 1.138049254592914
31.57366622514975 2.029678788785589 0.9042703239288518
31.57316787359678 2.127884921800693 0.6562268058624455
31.57283120793612 2.19422891622629 0.3978305961456486
31.57266153741764 2.227664520884875 0.1331566612091252
31.57266153741764 2.227664520884875 -0.1336208961639217
31.57283120793612 2.19422891622629 -0.3982948311004451
31.57316787359678 2.127884921800693 -0.6566910408172419
31.57366622514975 2.029678788785589 -0.9047345588836483
31.57431840247701 1.901159447433155 -1.138513489547711
31.57511412157828 1.744353482978366 -1.354341126266461
31.57604083252911 1.561734008110092 -1.548813538375836
31.57708392018058 1.356181112699073 -1.718863953414898
31.57822693583113 1.130936210088855 -1.861810486618023
31.57945185212752 0.8895518058089461 -1.975398865524273
31.5807393520353 0.6358345525072268 -2.057837586227398
31.58206913097222 0.3737857109216182 -2.107826844039898
30.91851496827221 -0.1872488006180978 -2.306971375289899
30.91997039666859 -0.4740583707620504 -2.252258972946148
30.92137955124497 -0.7517491313126115 -2.162030457321148
30.92272020869303 -1.015941713607191 -2.037709412399273
30.9239712267881 -1.262469789453104 -1.881255921188336
30.92511287532694 -1.487445286352348 -1.695137635055523
30.92612715018544 -1.687320276353195 -1.482289612594586
30.92699805547521 -1.858942578361634 -1.246068665328961
30.92771185751537 -1.9996058063251 -0.9902001960906794
30.92825729730163 -2.107091238810579 -0.7187193000945857
30.92862577448104 -2.179704073420624 -0.4359074104461482
30.92881147743507 -2.216299061228928 -0.1462246711883358
30.92881147743507 -2.216299061228928 0.1457604362335393
30.92862577448104 -2.179704073420624 0.4354431754913518
30.92825729730163 -2.107091238810579 0.7182550651397893
30.92771185751537 -1.9996058063251 0.989735961135883
30.92699805547521 -1.858942578361634 1.245604430374164
30.92612715018544 -1.687320276353195 1.481825377639789
30.92511287532694 -1.487445286352348 1.694673400100727
30.9239712267881 -1.262469789453104 1.880791686233539
30.92272020869303 -1.015941713607191 2.037245177444477
30.92137955124497 -0.7517491313126115 2.161566222366352
30.91997039666859 -0.4740583707620504 2.251794737991352
30.91851496827221 -0.1872488006180977 2.306507140335102
30.91703621906855 0.1041564134799825 2.324841124710102
30.91555746986488 0.395561627578057 2.306507140335102
30.9141020414685 0.6823711977220095 2.251794737991352
30.91269288689211 0.9600619582725705 2.161566222366352
30.91135222944406 1.22425454056715 2.037245177444477
30.91010121134899 1.470782616413064 1.880791686233539
30.90895956281015 1.695758113312307 1.694673400100727
30.90794528795165 1.895633103313154 1.481825377639789
30.90707438266188 2.067255405321593 1.245604430374164
30.90636058062172 2.207918633285059 0.989735961135883
30.90581514083546 2.315404065770538 0.7182550651397893
30.90544666365605 2.388016900380583 0.4354431754913518
30.90526096070202 2.424611888188887 0.1457604362335392
30.90526096070202 2.424611888188887 -0.1462246711883358
30.90544666365605 2.388016900380583 -0.4359074104461482
30.90581514083546 2.315404065770538 -0.7187193000945857
30.90636058062172 2.207918633285059 -0.9902001960906794
30.90707438266188 2.067255405321593 -1.246068665328961
30.90794528795165 1.895633103313154 -1.482289612594586
30.90895956281015 1.695758113312307 -1.695137635055523
30.91010121134899 1.470782616413064 -1.881255921188336
30.91135222944406 1.22425454056715 -2.037709412399273
30.91269288689211 0.9600619582725705 -2.162030457321148
30.9141020414685 0.6823711977220095 -2.252258972946148
30.91555746986488 0.395561627578057 -2.306971375289899
30.24100552207319 -0.2105846927591341 -2.464477234664898
30.24256032809314 -0.5169778120260733 -2.406028992477399
30.24406570082173 -0.8136295100871047 -2.309639588180523
30.24549789931416 -1.095861349864647 -2.176829773727398
30.24683433804255 -1.35922258299992 -2.009693543258648
30.24805393858492 -1.599559454380543 -1.810866883102398
30.24913746908027 -1.813082095810497 -1.583485535446148
30.25006784032249 -1.996422874868234 -1.331135315719586
30.25083038141275 -2.146690715496343 -1.057795838180523
30.25141306461743 -2.261515408954457 -0.7677780769500545
30.25180670111229 -2.33908618754136 -0.4656556099090389
30.2520050840739 -2.378179922474104 -0.1561931465301327
30.2520050840739 -2.378179922474104 0.1557289115753361
30.25180670111229 -2.33908618754136 0.4651913749542423
30.25141306461743 -2.261515408954457 0.7673138419952581
30.25083038141275 -2.146690715496343 1.057331603225727
30.25006784032249 -1.996422874868234 1.330671080764789
30.24913746908027 -1.813082095810497 1.583021300491352
30.24805393858492 -1.599559454380543 1.810402648147602
30.24683433804255 -1.35922258299992 2.009229308303852
30.24549789931416 -1.095861349864647 2.176365538772602
30.24406570082173 -0.8136295100871047 2.309175353225727
30.24256032809314 -0.5169778120260733 2.405564757522602
30.24100552207319 -0.210584692759134 2.464012999710102
30.23942580296656 0.1007178481601927 2.483598693069477
30.23784608385993 0.412020389079513 2.464012999710102
30.23629127783998 0.7184135083464522 2.405564757522602
30.23478590511139 1.015065206407483 2.309175353225727
30.23335370661896 1.297297046185026 2.176365538772602
30.23201726789057 1.560658279320299 2.009229308303852
30.2307976673482 1.800995150700922 1.810402648147602
30.22971413685285 2.014517792130876 1.583021300491352
30.22878376561063 2.197858571188613 1.330671080764789
30.22802122452037 2.348126411816721 1.057331603225727
30.22743854131569 2.462951105274836 0.767313841995258
30.22704490482083 2.540521883861739 0.4651913749542423
30.22684652185922 2.579615618794484 0.1557289115753361
30.22684652185922 2.579615618794484 -0.1561931465301327
30.22704490482083 2.540521883861739 -0.4656556099090389
30.22743854131569 2.462951105274836 -0.7677780769500546
30.22802122452037 2.348126411816721 -1.057795838180523
30.22878376561063 2.197858571188613 -1.331135315719586
30.22971413685285 2.014517792130876 -1.583485535446148
30.2307976673482 1.800995150700922 -1.810866883102398
30.23201726789057 1.560658279320299 -2.009693543258648
30.23335370661896 1.297297046185026 -2.176829773727398
30.23478590511139 1.015065206407483 -2.309639588180523
30.23629127783998 0.7184135083464522 -2.406028992477399
30.23784608385993 0.412020389079513 -2.464477234664898
25.93271367559642 0.07886323876872819 -2.600232117477399
25.93440084212625 -0.2536131017945221 -2.578886170211774
25.93606030528634 -0.5806301620623964 -2.515198670211774
25.93766481715277 -0.8968184127812012 -2.410215760055524
25.93918803109181 -1.196985934715126 -2.265660828414899
25.94060493676417 -1.476204141419479 -2.083907654586774
25.94189226787361 -1.729888130989327 -1.867940369430524
25.94302888653156 -1.95387242971317 -1.621305603805524
25.94399612952613 -2.144479228499056 -1.348052796188336
25.9447781161854 -2.298579051038763 -1.052668762985211
25.94536200358816 -2.413641046129019 -0.7400038459930235
25.94573820646637 -2.487776322074482 -0.4151918342742735
25.94590054649097 -2.519767365254286 -0.08356621629331645
25.94584635881622 -2.509089035945454 0.2494277488556093
25.94557653296292 -2.455916624859793 0.5783223258819765
25.94509549919068 -2.361123167631596 0.8977170402374454
25.94441115664246 -2.22626528484371 1.202367491897602
25.94353474078369 -2.053557059317 1.487271178421039
25.9424806443831 -1.845834758244253 1.747750182327289
25.94126617407144 -1.606508860175043 1.979527404006977
25.93991127221137 -1.3395092461511 2.178796935256976
25.93843818611466 -1.049220014998719 2.342286925491351
25.93687110318997 -0.7404075848404238 2.467312804397601
25.93523575558311 -0.4181427827211371 2.551821593460101
25.93355899562593 -0.08771718174495102 2.594425841506976
25.93186835556691 0.2454436592824078 2.594425841506976
25.93019159560973 0.5758692602585938 2.551821593460101
25.92855624800287 0.8981340623778805 2.467312804397601
25.92698916507819 1.206946492536176 2.342286925491351
25.92551607898147 1.497235723688557 2.178796935256976
25.9241611771214 1.7642353377125 1.979527404006977
25.92294670680974 2.00356123578171 1.747750182327289
25.92189261040915 2.211283536854456 1.487271178421039
25.92101619455038 2.383991762381166 1.202367491897602
25.92033185200216 2.518849645169052 0.8977170402374453
25.91985081822992 2.613643102397249 0.5783223258819764
25.91958099237662 2.66681551348291 0.2494277488556093
25.91952680470187 2.677493842791742 -0.08356621629331651
25.91968914472648 2.645502799611938 -0.4151918342742735
25.92006534760468 2.571367523666475 -0.7400038459930236
25.92064923500745 2.456305528576219 -1.052668762985211
25.92143122166671 2.302205706036512 -1.348052796188336
25.92239846466128 2.111598907250626 -1.621305603805524
25.92353508331924 1.887614608526784 -1.867940369430524
25.92482241442866 1.633930618956936 -2.083907654586774
25.92623932010103 1.354712412252583 -2.265660828414899
25.92776253404007 1.054544890318658 -2.410215760055524
25.9293670459065 0.7383566395998531 -2.515198670211774
25.93102650906659 0.4113395793319788 -2.578886170211774
22.31205326189296 0.06049003045100993 -2.600232117477399
22.31374042842279 -0.2719863101122403 -2.578886170211774
22.31539989158289 -0.5990033703801148 -2.515198670211774
22.3170044034493 -0.9151916210989196 -2.410215760055524
22.31852761738835 -1.215359143032844 -2.265660828414899
22.31994452306072 -1.494577349737197 -2.083907654586774
22.32123185417014 -1.748261339307045 -1.867940369430524
22.3223684728281 -1.972245638030888 -1.621305603805524
22.32333571582267 -2.162852436816774 -1.348052796188336
22.32411770248194 -2.316952259356481 -1.052668762985211
22.3247015898847 -2.432014254446737 -0.7400038459930237
22.3250777927629 -2.5061495303922 -0.4151918342742737
22.32524013278751 -2.538140573572004 -0.08356621629331666
22.32518594511276 -2.527462244263172 0.2494277488556091
22.32491611925946 -2.474289833177511 0.5783223258819763
22.32443508548722 -2.379496375949314 0.8977170402374451
22.323750742939 -2.244638493161428 1.202367491897602
22.32287432708023 -2.071930267634718 1.487271178421039
22.32182023067964 -1.864207966561972 1.747750182327289
22.32060576036798 -1.624882068492761 1.979527404006976
22.31925085850791 -1.357882454468818 2.178796935256976
22.31777777241119 -1.067593223316438 2.342286925491351
22.31621068948651 -0.7587807931581421 2.467312804397601
22.31457534187965 -0.4365159910388553 2.551821593460101
22.31289858192247 -0.1060903900626693 2.594425841506976
22.31120794186345 0.2270704509646896 2.594425841506976
22.30953118190627 0.5574960519408755 2.551821593460101
22.30789583429941 0.8797608540601621 2.467312804397601
22.30632875137473 1.188573284218458 2.342286925491351
22.30485566527801 1.478862515370838 2.178796935256976
22.30350076341794 1.745862129394782 1.979527404006976
22.30228629310628 1.985188027463992 1.747750182327289
22.30123219670569 2.192910328536738 1.487271178421039
22.30035578084692 2.365618554063448 1.202367491897601
22.2996714382987 2.500476436851334 0.8977170402374451
22.29919040452646 2.59526989407953 0.5783223258819763
22.29892057867316 2.648442305165192 0.2494277488556091
22.29886639099841 2.659120634474025 -0.08356621629331669
22.29902873102301 2.62712959129422 -0.4151918342742738
22.29940493390122 2.552994315348756 -0.7400038459930237
22.29998882130398 2.437932320258501 -1.052668762985211
22.30077080796325 2.283832497718794 -1.348052796188336
22.30173805095782 2.093225698932908 -1.621305603805524
22.30287466961578 1.869241400209066 -1.867940369430524
22.30416200072521 1.615557410639218 -2.083907654586774
22.30557890639757 1.336339203934865 -2.265660828414899
22.30710212033662 1.03617168200094 -2.410215760055524
22.30870663220304 0.7199834312821348 -2.515198670211774
22.31036609536313 0.3929663710142605 -2.578886170211774
20.72117921382462 0.05241706669506537 -1.850232117477399
20.72216050502249 -0.140958098546531 -1.840097595993024
20.72313104500486 -0.3322146082053932 -1.809805237594586
20.72408020040534 -0.5192570302767269 -1.759686707321149
20.72499757169745 -0.700036013705394 -1.690291199508649
20.72587310856595 -0.8725710236888905 -1.602379090133649
20.72669721799975 -1.034971642672617 -1.496913513961774
20.72746087099101 -1.185458596690484 -1.375049988571149
20.72815570071696 -1.322383103260333 -1.238123719039899
20.72877409483695 -1.444245059626312 -1.087634827438336
20.72930927787845 -1.549709277901411 -0.9252321174773988
20.72975538618968 -1.637620255385094 -0.7526948860320863
20.73010753236179 -1.707014869712347 -0.5719135749969301
20.73036185788146 -1.757132754696647 -0.3848687446746644
20.73051557587258 -1.787424723073076 -0.1936097725066957
20.73056700330728 -1.797559114072846 -0.0002321174774003309
20.73051557587258 -1.787424723073076 0.1931455375518981
20.73036185788146 -1.757132754696647 0.3844045097198668
20.73010753236179 -1.707014869712347 0.5714493400421324
20.72975538618968 -1.637620255385094 0.7522306510772887
20.72930927787845 -1.549709277901411 0.9247678825226012
20.72877409483695 -1.444245059626312 1.087170592483539
20.72815570071696 -1.322383103260333 1.237659484085101
20.72746087099101 -1.185458596690484 1.374585753616351
20.72669721799975 -1.034971642672617 1.496449279006976
20.72587310856595 -0.8725710236888905 1.601914855178851
20.72499757169745 -0.700036013705394 1.689826964553851
20.72408020040534 -0.5192570302767269 1.759222472366351
20.72313104500486 -0.3322146082053932 1.809341002639789
20.72216050502249 -0.140958098546531 1.839633361038226
20.72117921382462 0.05241706669506705 1.849767882522601
20.72019792262674 0.2457922319366619 1.839633361038226
20.71922738264437 0.4370487415955243 1.809341002639789
20.7182782272439 0.6240911636668578 1.759222472366351
20.71736085595179 0.8048701470955251 1.689826964553851
20.71648531908329 0.9774051570790215 1.601914855178851
20.71566120964949 1.139805776062748 1.496449279006976
20.71489755665822 1.290292730080616 1.374585753616351
20.71420272693227 1.427217236650464 1.237659484085101
20.71358433281229 1.549079193016444 1.087170592483539
20.71304914977079 1.654543411291542 0.9247678825226012
20.71260304145955 1.742454388775225 0.7522306510772887
20.71225089528745 1.811849003102479 0.5714493400421324
20.71199656976778 1.861966888086778 0.3844045097198668
20.71184285177666 1.892258856463208 0.1931455375518981
20.71179142434195 1.902393247462978 -0.0002321174773997195
20.71184285177666 1.892258856463208 -0.1936097725066957
20.71199656976778 1.861966888086778 -0.3848687446746644
20.71225089528745 1.811849003102479 -0.5719135749969301
20.71260304145955 1.742454388775225 -0.7526948860320863
20.71304914977079 1.654543411291542 -0.9252321174773988
20.71358433281229 1.549079193016444 -1.087634827438336
20.71420272693227 1.427217236650464 -1.238123719039899
20.71489755665822 1.290292730080616 -1.375049988571149
20.71566120964949 1.139805776062748 -1.496913513961774
20.71648531908329 0.9774051570790215 -1.602379090133649
20.71736085595179 0.8048701470955251 -1.690291199508649
20.7182782272439 0.6240911636668578 -1.759686707321149
20.71922738264437 0.4370487415955243 -1.809805237594586
20.72019792262674 0.2457922319366619 -1.840097595993024
21.62812066156679 0.05701938291568419 -2.329769226852399
21.77676034932994 0.05777366186910875 -2.444893738571149
21.94431971536916 0.05862394960285244 -2.530161560836774
22.12487891402999 0.05954020558701485 -2.582558289352399
21.62660900117739 0.3549101397303371 -2.310643738571149
21.62512216219704 0.6479095410662459 -2.253581482711774
21.623684558441 0.9312065526761216 -2.159519226852399
21.6223197953508 1.200149440019436 -2.030001404586774
21.62105028253242 1.450322122259801 -1.867154969039899
21.61989686456791 1.67761692523449 -1.673653626266461
21.61887848156039 1.878301475124408 -1.452674866500836
21.61801185476659 2.049080648340051 -1.207846863571149
21.617311214661 2.187150159698725 -0.9431900032195863
21.61678806492811 2.290243070614792 -0.6630497444305238
21.61645099600976 2.356666531790659 -0.3720260017547425
21.61630554325268 2.385329736958421 -0.07489746171568001
21.61635409399197 2.375762233190986 0.2234570915069762
21.61659585162334 2.32812100088904 0.51813867109682
21.61702684675311 2.24318825654371 0.8043086540069763
21.61764000162033 2.122358757587527 1.077268004592914
21.61842524779107 1.967616609333662 1.332534972366351
21.61936969340809 1.781502306415914 1.565917784866351
21.62045782946554 1.567072083898017 1.773584532913226
21.62167178873634 1.327846892539977 1.952125304397601
21.62299163876894 1.067754660283674 2.098608458694476
21.62439570678538 0.7910662671982979 2.210628478225726
21.62586093880364 0.5023247761278696 2.286346495803851
21.62736327517527 0.206271428517118 2.324518859085101
21.62887804795832 -0.0922326626857493 2.324518859085101
21.63038038432995 -0.3882860102965008 2.286346495803851
21.6318456163482 -0.6770275013669292 2.210628478225726
21.63324968436464 -0.9537158944523049 2.098608458694476
21.63456953439724 -1.213808126708608 1.952125304397601
21.63578349366805 -1.453033318066648 1.773584532913226
21.6368716297255 -1.667463540584545 1.565917784866351
21.63781607534251 -1.853577843502293 1.332534972366351
21.63860132151325 -2.008319991756158 1.077268004592914
21.63921447638048 -2.129149490712342 0.8043086540069764
21.63964547151025 -2.214082235057671 0.5181386710968201
21.63988722914162 -2.261723467359618 0.2234570915069763
21.63993577988091 -2.271290971127053 -0.07489746171567999
21.63979032712383 -2.242627765959291 -0.3720260017547425
21.63945325820548 -2.176204304783424 -0.6630497444305237
21.63893010847258 -2.073111393867356 -0.9431900032195862
21.638229468367 -1.935041882508683 -1.207846863571149
21.63736284157319 -1.764262709293039 -1.452674866500836
21.63634445856568 -1.563578159403121 -1.673653626266461
21.63519104060116 -1.336283356428432 -1.867154969039899
21.63392152778278 -1.086110674188068 -2.030001404586774
21.63255676469259 -0.817167786844753 -2.159519226852399
21.63111916093655 -0.5338707752348772 -2.253581482711774
21.6296323219562 -0.2408713738989685 -2.310643738571149
22.12655461187394 -0.270676093274455 -2.561357361618024
22.12820279465895 -0.5954702207377558 -2.498102967086774
22.1297963996747 -0.9095091461026972 -2.393833435836774
22.13130925930664 -1.207636227999564 -2.250261170211774
22.13271653325269 -1.484956387853017 -2.069743592086774
22.1339951134844 -1.736915912321401 -1.855244446578961
22.13512400582411 -1.959377647641084 -1.610286194625836
22.13608467466527 -2.148688930880722 -1.338890808883649
22.1368613440219 -2.301740915349291 -1.045514710250836
22.13744126326987 -2.416020938085899 -0.7349751594695861
22.13781490908548 -2.489652314269287 -0.4123710945281799
22.13797614650074 -2.521426075090444 -0.0829997413787659
22.1379223267754 -2.510820254613655 0.2477306510772888
22.13765433447474 -2.4580091670008 0.5743895255890076
22.13717657136395 -2.363860232724095 0.8916130973663513
22.13649687959721 -2.229918842042232 1.194192565139789
22.13562642154561 -2.058384673664661 1.477159728225726
22.13457949086693 -1.852074463785639 1.735868102249164
22.13337327587822 -1.614375375825242 1.966069640335101
22.13202758390347 -1.349190679839705 2.163984679397601
22.13056451111024 -1.060874689882566 2.326363341506976
22.12900808106441 -0.7541615368944002 2.450539366897601
22.12738384998983 -0.434087380397742 2.534473693069476
22.12571848794713 -0.1059078747696989 2.576788390335101
22.12403934011286 0.2249882859437283 2.576788390335101
22.12237397807015 0.5531677915717713 2.534473693069476
22.12074974699557 0.8732419480684295 2.450539366897601
22.11919331694974 1.179955101056595 2.326363341506976
22.11773024415651 1.468271091013735 2.163984679397601
22.11638455218176 1.733455786999272 1.966069640335101
22.11517833719305 1.971154874959668 1.735868102249164
22.11413140651437 2.17746508483869 1.477159728225726
22.11326094846278 2.348999253216261 1.194192565139789
22.11258125669604 2.482940643898124 0.8916130973663513
22.11210349358525 2.577089578174829 0.5743895255890076
22.11183550128458 2.629900665787684 0.2477306510772888
22.11178168155925 2.640506486264473 -0.08299974137876592
22.1119429189745 2.608732725443316 -0.41237109452818
22.11231656479011 2.535101349259928 -0.7349751594695861
22.11289648403809 2.42082132652332 -1.045514710250836
22.11367315339472 2.267769342054751 -1.338890808883649
22.11463382223588 2.078458058815114 -1.610286194625836
22.11576271457559 1.85599632349543 -1.855244446578961
22.1170412948073 1.604036799027046 -2.069743592086774
22.11844856875335 1.326716639173593 -2.250261170211774
22.11996142838529 1.028589557276727 -2.393833435836774
22.12155503340103 0.714550631911785 -2.498102967086774
22.12320321618605 0.3897565044484844 -2.561357361618024
21.94596141227145 -0.2648920571097668 -2.509390808883649
21.94757615254311 -0.5830959373940597 -2.447419861618024
21.94913742230067 -0.8907628134541967 -2.345266053024274
21.95061958541208 -1.182840778900079 -2.204606873336774
21.95199830487308 -1.454533936008279 -2.027752014938336
21.95325094219336 -1.701381099542677 -1.817605164352399
21.95435692875292 -1.91932897696458 -1.577617249313336
21.95529810432792 -2.104798878999577 -1.311728699508649
21.95605901628188 -2.254745678839348 -1.024305359664899
21.95662716858195 -2.366706883775473 -0.7200668342742736
21.95699323240964 -2.438844138571311 -0.404008576217633
21.95715119668567 -2.469972888166013 -0.08132034379575807
21.95709846965859 -2.459582396948017 0.2426993553009216
21.95683591607148 -2.4078430728795 0.5627301017608826
21.95636784601191 -2.315604270259035 0.8735170890655701
21.95570194677319 -2.184380862160114 1.169957091506976
21.95484915029344 -2.016327117720599 1.447182555374164
21.95382346218924 -1.814203011170274 1.700641661819476
21.95264172203097 -1.581326981228137 1.926172423538226
21.95132333512382 -1.321523075337633 2.120071593460101
21.94988994853883 -1.039057107715212 2.279155577835101
21.94836509926906 -0.7385673243055412 2.400811827835101
21.94677382475446 -0.424987652060723 2.483043273147601
21.94514225381692 -0.1034670877955801 2.524499327835101
21.9434971769214 0.2207149870012847 2.524499327835101
21.94186560598387 0.5422355512664276 2.483043273147601
21.94027433146926 0.8558152235112457 2.400811827835101
21.93874948219949 1.156305006920917 2.279155577835101
21.93731609561451 1.438770974543338 2.120071593460101
21.93599770870735 1.698574880433842 1.926172423538226
21.93481596854908 1.931450910375979 1.700641661819476
21.93379028044488 2.133575016926304 1.447182555374164
21.93293748396514 2.301628761365818 1.169957091506976
21.93227158472641 2.432852169464739 0.8735170890655701
21.93180351466684 2.525090972085204 0.5627301017608826
21.93154096107973 2.576830296153721 0.2426993553009216
21.93148823405265 2.587220787371717 -0.08132034379575812
21.93164619832868 2.556092037777015 -0.4040085762176331
21.93201226215637 2.483954782981177 -0.7200668342742736
21.93258041445644 2.371993578045052 -1.024305359664899
21.9333413264104 2.222046778205281 -1.311728699508649
21.9342825019854 2.036576876170285 -1.577617249313336
21.93538848854496 1.818628998748382 -1.817605164352399
21.93664112586524 1.571781835213984 -2.027752014938336
21.93801984532624 1.300088678105784 -2.204606873336774
21.93950200843765 1.008010712659901 -2.345266053024274
21.94106327819522 0.7003438365997643 -2.447419861618024
21.94267801846686 0.3821399563154714 -2.509390808883649
21.77834671521973 -0.2548387071563228 -2.424823181930524
21.77990703320241 -0.5623180245962005 -2.364940857711774
21.78141568247717 -0.8596154052617618 -2.266229920211774
21.78284789150015 -1.141849320207898 -2.130311463180524
21.78418014279076 -1.404385368655276 -1.959417298141461
21.78539056194221 -1.64291293715957 -1.756353211227399
21.78645927287229 -1.853515206034315 -1.524453797164899
21.78736872736729 -2.032734089921023 -1.267526551071149
21.78810399312324 -2.177626999753657 -0.9897904670867737
21.78865299718715 -2.285814815773774 -0.6958057869109925
21.78900672294007 -2.3555207053901 -0.3903998726043518
21.78915936495791 -2.385600640363737 -0.07858738023374637
21.78910841449467 -2.375560242294393 0.234511702713031
21.7888547090379 -2.325564548119647 0.5437562858429138
21.7884024149643 -2.236434592190206 0.8440686027374451
21.78775895816203 -2.109633734570936 1.130517516311664
21.78693490509758 -1.947244223842623 1.398399596389789
21.78594378565496 -1.751932285442104 1.643316100296039
21.7848018744721 -1.526905031396755 1.861245665725726
21.78352792210246 -1.275857482490985 2.048609679397601
21.7821428459127 -1.002911655964563 2.202331847366351
21.7806693893888 -0.7125494277051762 2.319887999710101
21.77913174644358 -0.4095384975571256 2.399347960647601
21.77755516536008 -0.09885434162016771 2.439406798538226
21.7759655332998 0.214401665358385 2.439406798538226
21.7743889522163 0.5250858212953428 2.399347960647601
21.77285130927108 0.8280967514433932 2.319887999710101
21.77137785274718 1.11845897970278 2.202331847366351
21.76999277655742 1.391404806229202 2.048609679397601
21.76871882418778 1.642452355134973 1.861245665725726
21.76757691300492 1.867479609180321 1.643316100296039
21.76658579356229 2.06279154758084 1.398399596389789
21.76576174049785 2.225181058309153 1.130517516311664
21.76511828369558 2.351981915928423 0.844068602737445
21.76466598962198 2.441111871857863 0.5437562858429137
21.76441228416521 2.49110756603261 0.2345117027130309
21.76436133370197 2.501147964101954 -0.07858738023374641
21.7645139757198 2.471068029128316 -0.3903998726043519
21.76486770147272 2.40136213951199 -0.6958057869109926
21.76541670553663 2.293174323491874 -0.9897904670867738
21.76615197129258 2.14828141365924 -1.267526551071149
21.76706142578758 1.969062529772532 -1.524453797164899
21.76813013671767 1.758460260897787 -1.756353211227399
21.76934055586912 1.519932692393493 -1.959417298141461
21.77067280715973 1.257396643946115 -2.130311463180524
21.7721050161827 0.9751627289999789 -2.266229920211774
21.77361366545746 0.6778653483344176 -2.364940857711774
21.77517398344015 0.37038603089454 -2.424823181930524
21.40511083760086 0.05588770927484346 -2.120695008102399
21.51661819095865 0.05645355848413324 -2.225234314743024
21.40398608546635 0.2775335676481187 -2.109078797164899
21.40287365623026 0.496751051526032 -2.074357605758649
21.4017857382169 0.7111383058471633 -2.016912049118024
21.40073425060243 0.918346514417976 -1.937371277633649
21.39973071348654 1.116105503831202 -1.836606751266461
21.39878612291976 1.3022483708343 -1.715722595993024
21.39791082639532 1.474736018146361 -1.576043030563336
21.3971144153757 1.631678333384638 -1.419098694625836
21.39640561410258 1.771356100403521 -1.246608826461774
21.39579218977744 1.892238699261959 -1.060463562789899
21.39528086212293 1.993001928259611 -0.8627020271453676
21.3948772340051 2.072541675635825 -0.6554911506805238
21.3945857276308 2.12998649264994 -0.4411011360320862
21.3944095356116 2.164707237011802 -0.2218808296356019
21.39435058937222 2.176323298387559 -0.0002321174774091469
21.3944095356116 2.164707237011802 0.2214165946808044
21.3945857276308 2.12998649264994 0.4406369010772888
21.3948772340051 2.072541675635825 0.6550269157257262
21.39528086212293 1.993001928259611 0.86223779219057
21.39579218977744 1.892238699261959 1.059999327835101
21.39640561410258 1.771356100403521 1.246144591506976
21.3971144153757 1.631678333384638 1.418634459671039
21.39791082639532 1.474736018146361 1.575578795608539
21.39878612291976 1.3022483708343 1.715258361038226
21.39973071348654 1.116105503831202 1.836142516311664
21.40073425060243 0.918346514417976 1.936907042678851
21.4017857382169 0.7111383058471633 2.016447814163226
21.40287365623026 0.496751051526032 2.073893370803851
21.40398608546635 0.2775335676481187 2.108614562210101
21.40511083760086 0.05588770927484255 2.120230773147601
21.40623558973537 -0.1657581490984314 2.108614562210101
21.40734801897147 -0.3849756329763448 2.073893370803851
21.40843593698482 -0.5993628872974762 2.016447814163226
21.40948742459929 -0.8065710958682888 1.936907042678851
21.41049096171518 -1.004330085281514 1.836142516311664
21.41143555228197 -1.190472952284612 1.715258361038226
21.4123108488064 -1.362960599596673 1.575578795608539
21.41310725982601 -1.51990291483495 1.418634459671039
21.41381606109914 -1.659580681853834 1.246144591506976
21.41442948542428 -1.780463280712271 1.059999327835101
21.41494081307879 -1.881226509709924 0.8622377921905701
21.41534444119662 -1.960766257086139 0.6550269157257264
21.41563594757092 -2.018211074100252 0.4406369010772888
21.41581213959012 -2.052931818462115 0.2214165946808044
21.4158710858295 -2.064547879837872 -0.000232117477400431
21.41581213959012 -2.052931818462115 -0.2218808296356019
21.41563594757092 -2.018211074100252 -0.4411011360320862
21.41534444119662 -1.960766257086139 -0.6554911506805237
21.41494081307879 -1.881226509709924 -0.8627020271453675
21.41442948542428 -1.780463280712271 -1.060463562789899
21.41381606109914 -1.659580681853834 -1.246608826461774
21.41310725982601 -1.51990291483495 -1.419098694625836
21.4123108488064 -1.362960599596673 -1.576043030563336
21.41143555228197 -1.190472952284612 -1.715722595993024
21.41049096171518 -1.004330085281514 -1.836606751266461
21.40948742459929 -0.8065710958682888 -1.937371277633649
21.40843593698482 -0.5993628872974762 -2.016912049118024
21.40734801897147 -0.3849756329763448 -2.074357605758649
21.40623558973537 -0.1657581490984315 -2.109078797164899
34.80384359664136 0.1238801968452203 -0.440626862350445
34.91831087282638 0.1244610663194602 -0.3176519172820855
34.99134899492942 0.1248317016398716 -0.1663535469207574
35.01644242184086 0.1249590393924827 -0.0002321174774031767
34.99157642822121 0.08001325174950136 -0.1601933143768121
34.99178699383535 0.03851877944724464 -0.1421694954070855
34.99196507504095 0.003425748313791431 -0.1136188285980035
34.99209746443238 -0.02266316443756013 -0.07665878373716366
34.99217434325013 -0.03781305482548079 -0.03403052217100155
34.99219000974946 -0.04090032586656547 0.01110441034700383
34.99214330208675 -0.03169602237882693 0.05539856260683049
34.99203768426725 -0.01088276801948361 0.09556684797670353
34.99188098946316 0.01999581694951476 0.1286301566925238
34.99168483909191 0.05864959325248074 0.1521363365020942
34.991463780696 0.1022117936773397 0.1643420554962348
34.99123420916284 0.1474516096024035 0.1643420554962348
34.99101315076693 0.1910138100272624 0.1521363365020942
34.99081700039569 0.2296675863302284 0.1286301566925238
34.9906603055916 0.2605461712992268 0.09556684797670353
34.99055468777208 0.2813594256585701 0.05539856260683049
34.99050798010937 0.2905637291463086 0.01110441034700383
34.99052364660871 0.287476458105224 -0.03403052217100155
34.99060052542646 0.2723265677173033 -0.07665878373716366
34.9907329148179 0.2462376549659518 -0.1136188285980035
34.99091099602349 0.2111446238324985 -0.1421694954070855
34.99112156163764 0.1696501515302418 -0.1601933143768121
34.91874544547441 0.03882332922015833 -0.3058811348113823
34.91914778785991 -0.04046304922590663 -0.2714417732391167
34.91948806007525 -0.1075177583777023 -0.2168880012664605
34.91974102576166 -0.1573676719587327 -0.1462658699188043
34.91988792352546 -0.1863156329816266 -0.06481308824155819
34.91991785859511 -0.1922146964329663 0.02142937582399357
34.91982861088526 -0.1746273679456785 0.1060653068390082
34.91962679945899 -0.1348580130497197 0.1828176414337348
34.91932739192853 -0.0758561787293521 0.2459940177765082
34.91895259367708 -0.001997701282977984 0.2909089347686958
34.91853020199749 0.08123963032120084 0.3142312309112739
34.91809154365527 0.1676825023177194 0.3142312309112739
34.91766915197569 0.2509198339218983 0.2909089347686958
34.91729435372424 0.3247783113682723 0.2459940177765082
34.91699494619378 0.3837801456886399 0.1828176414337348
34.9167931347675 0.4235495005845988 0.1060653068390082
34.91670388705765 0.4411368290718866 0.02142937582399357
34.91673382212731 0.4352377656205468 -0.06481308824155819
34.91688071989111 0.406289804597653 -0.1462658699188043
34.91713368557753 0.3564398910166225 -0.2168880012664605
34.91747395779286 0.2893851818648269 -0.2714417732391167
34.91787630017836 0.2100988034187619 -0.3058811348113823
34.80444653162072 0.005064649009338393 -0.4242958381805231
34.80500474967377 -0.1049388937545924 -0.3765139167938043
34.80547685037449 -0.1979719824129335 -0.3008249214324762
34.8058278200686 -0.2671347576841979 -0.2028423469695856
34.8060316288903 -0.3072977232349081 -0.08983307725523007
34.80607316149009 -0.3154822186861177 0.02982148283388126
34.80594933753049 -0.2910812267069494 0.1472471000518988
34.80566934026076 -0.2359044163799545 0.2537348625030707
34.80525393605822 -0.1540440506893306 0.3413870536651801
34.80473393333038 -0.05157129475237103 0.4037029105987738
34.80414789841394 0.06391389358904168 0.4360607597198676
34.8035392948688 0.1838465001013988 0.4360607597198676
34.80295325995235 0.2993316884428115 0.4037029105987738
34.80243325722451 0.4018044443797711 0.3413870536651801
34.80201785302198 0.4836648100703951 0.2537348625030707
34.80173785575224 0.5388416203973899 0.1472471000518988
34.80161403179265 0.5632426123765583 0.02982148283388126
34.80165556439243 0.5550581169253486 -0.08983307725523008
34.80185937321414 0.5148951513746385 -0.2028423469695856
34.80221034290825 0.4457323761033741 -0.3008249214324762
34.80268244360897 0.352699287445033 -0.3765139167938043
34.80324066166202 0.2426957446811021 -0.4242958381805231
20.90835356168759 0.05336689155906099 -1.867905945602399
21.08891276034842 0.05428314754322341 -1.920302796188336
21.25647212638764 0.05513343527696712 -2.005570374313336
21.25753581332156 -0.1544787950754151 -1.994585022750836
21.25858784635599 -0.3617944851725135 -1.961748963180524
21.25961669888709 -0.5645421798852814 -1.907422180953961
21.26061109921199 -0.7605006553715162 -1.832199768844586
21.26156015162999 -0.9475227835146897 -1.736906067672711
21.26245345878268 -1.123559640500257 -1.622584900680524
21.26328123346341 -1.286682540223373 -1.490488953414899
21.26403440609082 -1.435104213215427 -1.342065369430524
21.26470472443917 -1.567198459711308 -1.178940369430524
21.26528484500627 -1.68151815478868 -1.002901245895368
21.26576841106336 -1.77681062902932 -0.8158767097625551
21.26615012574945 -1.852032072630537 -0.6199157112273987
21.26642580596286 -1.906358155385622 -0.4171654060516175
21.26659243191675 -1.93919379218311 -0.2098470466766175
21.26664817687235 -1.950179002306346 -0.0002321174774003971
21.26659243191675 -1.93919379218311 0.20938281172182
21.26642580596286 -1.906358155385622 0.41670117109682
21.26615012574945 -1.852032072630537 0.6194514762726012
21.26576841106336 -1.77681062902932 0.8154124748077575
21.26528484500627 -1.68151815478868 1.00243701094057
21.26470472443917 -1.567198459711308 1.178476134475726
21.26403440609082 -1.435104213215427 1.341601134475726
21.26328123346341 -1.286682540223373 1.490024718460101
21.26245345878268 -1.123559640500257 1.622120665725726
21.26156015162999 -0.9475227835146897 1.736441832717914
21.26061109921199 -0.7605006553715162 1.831735533889789
21.25961669888709 -0.5645421798852814 1.906957945999164
21.25858784635599 -0.3617944851725135 1.961284728225726
21.25753581332156 -0.1544787950754151 1.994120787796039
21.25647212638764 0.05513343527696869 2.005106139358539
21.25540843945372 0.2647456656293491 1.994120787796039
21.25435640641929 0.4720613557264475 1.961284728225726
21.25332755388819 0.6748090504392152 1.906957945999164
21.25233315356329 0.8707675259254503 1.831735533889789
21.25138410114529 1.057789654068624 1.736441832717914
21.2504907939926 1.233826511054191 1.622120665725726
21.24966301931187 1.396949410777307 1.490024718460101
21.24890984668446 1.545371083769361 1.341601134475726
21.24823952833611 1.677465330265242 1.178476134475726
21.24765940776901 1.791785025342614 1.00243701094057
21.24717584171192 1.887077499583254 0.8154124748077575
21.24679412702583 1.962298943184471 0.6194514762726012
21.24651844681242 2.016625025939556 0.41670117109682
21.24635182085854 2.049460662737045 0.20938281172182
21.24629607590293 2.060445872860281 -0.0002321174773997344
21.24635182085854 2.049460662737045 -0.2098470466766175
21.24651844681242 2.016625025939556 -0.4171654060516176
21.24679412702583 1.962298943184471 -0.6199157112273987
21.24717584171192 1.887077499583254 -0.8158767097625551
21.24765940776901 1.791785025342614 -1.002901245895368
21.24823952833611 1.677465330265242 -1.178940369430524
21.24890984668446 1.545371083769361 -1.342065369430524
21.24966301931187 1.396949410777307 -1.490488953414899
21.2504907939926 1.233826511054191 -1.622584900680524
21.25138410114529 1.057789654068624 -1.736906067672711
21.25233315356329 0.8707675259254503 -1.832199768844586
21.25332755388819 0.6748090504392152 -1.907422180953961
21.25435640641929 0.4720613557264475 -1.961748963180524
21.25540843945372 0.2647456656293491 -1.994585022750836
21.08993121900546 -0.1464163099916668 -1.909784363571149
21.09093851916293 -0.3449168517467381 -1.878344666305524
21.09192362473875 -0.5390436857770754 -1.826327820602399
21.0928757424727 -0.7266698710841614 -1.754303894821149
21.09378444124668 -0.9057398311070776 -1.663062073532086
21.09463976474601 -1.074291554974737 -1.553601868453961
21.09543234203007 -1.230478386776123 -1.427122742477399
21.09615348943074 -1.372589105868149 -1.285010193649274
21.09679530532729 -1.499066603393006 -1.128821350875836
21.09735075903648 -1.608525399142466 -0.9602674568328675
21.0978137639069 -1.699766045669303 -0.7811951912078675
21.09817924793552 -1.77178904412374 -0.5935665901336488
21.0984432064204 -1.823805220096422 -0.399437256637555
21.09860274656057 -1.855244512567752 -0.2009341591033753
21.09865612214494 -1.865762809757378 -0.0002321174774003685
21.09860274656057 -1.855244512567752 0.2004699241485778
21.0984432064204 -1.823805220096422 0.3989730216827575
21.09817924793552 -1.77178904412374 0.5931023551788512
21.0978137639069 -1.699766045669303 0.78073095625307
21.09735075903648 -1.608525399142466 0.95980322187807
21.09679530532729 -1.499066603393006 1.128357115921039
21.09615348943074 -1.372589105868149 1.284545958694476
21.09543234203007 -1.230478386776123 1.426658507522601
21.09463976474601 -1.074291554974737 1.553137633499164
21.09378444124668 -0.9057398311070776 1.662597838577289
21.0928757424727 -0.7266698710841614 1.753839659866351
21.09192362473875 -0.5390436857770754 1.825863585647601
21.09093851916293 -0.3449168517467381 1.877880431350726
21.08993121900546 -0.1464163099916668 1.909320128616351
21.08891276034842 0.05428314754322491 1.919838561233539
21.08789430169138 0.2549826050781134 1.909320128616351
21.08688700153391 0.4534831468331848 1.877880431350726
21.0859018959581 0.6476099808635218 1.825863585647601
21.08494977822414 0.835236166170608 1.753839659866351
21.08404107945016 1.014306126193524 1.662597838577289
21.08318575595083 1.182857850061184 1.553137633499164
21.08239317866677 1.33904468186257 1.426658507522601
21.0816720312661 1.481155400954596 1.284545958694476
21.08103021536955 1.607632898479452 1.128357115921039
21.08047476166036 1.717091694228913 0.95980322187807
21.08001175678994 1.80833234075575 0.78073095625307
21.07964627276132 1.880355339210187 0.5931023551788512
21.07938231427644 1.932371515182868 0.3989730216827574
21.07922277413627 1.963810807654198 0.2004699241485778
21.07916939855189 1.974329104843825 -0.0002321174773997339
21.07922277413627 1.963810807654198 -0.2009341591033754
21.07938231427644 1.932371515182868 -0.399437256637555
21.07964627276132 1.880355339210187 -0.5935665901336488
21.08001175678994 1.80833234075575 -0.7811951912078675
21.08047476166036 1.717091694228913 -0.9602674568328675
21.08103021536955 1.607632898479452 -1.128821350875836
21.0816720312661 1.481155400954596 -1.285010193649274
21.08239317866677 1.33904468186257 -1.427122742477399
21.08318575595083 1.182857850061184 -1.553601868453961
21.08404107945016 1.014306126193524 -1.663062073532086
21.08494977822414 0.835236166170608 -1.754303894821149
21.0859018959581 0.6476099808635218 -1.826327820602399
21.08688700153391 0.4534831468331848 -1.878344666305524
21.08789430169138 0.2549826050781134 -1.909784363571149
20.90934422762017 -0.1418556772645908 -1.857674622360211
20.91032403950964 -0.3349393270945334 -1.827092835250836
20.91128226247831 -0.5237686219110718 -1.776495545211774
20.91220839796616 -0.7062746949191305 -1.706437073532086
20.91309229917967 -0.8804579991098239 -1.617685120407086
20.91392428173981 -1.044410111789282 -1.511211975875836
20.91469523053611 -1.196334791436444 -1.388184265914899
20.91539669821815 -1.334567386632844 -1.249949890914899
20.91602099997039 -1.457593512579956 -1.098023255172711
20.91656129589818 -1.564065286241725 -0.9340690315398988
20.9170116659804 -1.6528160966622 -0.7598834846648989
20.91736717634992 -1.722873666320809 -0.5773750618133363
20.91762393132683 -1.773470304906577 -0.3885433357391175
20.91777911801839 -1.804051698267473 -0.1954571998748597
20.91783103667176 -1.814282889778708 -0.0002321174774003462
20.91777911801839 -1.804051698267473 0.1949929649200622
20.91762393132683 -1.773470304906577 0.38807910078432
20.91736717634992 -1.722873666320809 0.5769108268585387
20.9170116659804 -1.6528160966622 0.7594192497101012
20.91656129589818 -1.564065286241725 0.9336047965851012
20.91602099997039 -1.457593512579956 1.097559020217914
20.91539669821815 -1.334567386632844 1.249485655960101
20.91469523053611 -1.196334791436444 1.387720030960101
20.91392428173981 -1.044410111789282 1.510747740921039
20.91309229917967 -0.8804579991098239 1.617220885452289
20.91220839796616 -0.7062746949191305 1.705972838577289
20.91128226247831 -0.5237686219110718 1.776031310256976
20.91032403950964 -0.3349393270945334 1.826628600296039
20.90934422762017 -0.1418556772645908 1.857210387405414
20.90835356168759 0.05336689155906246 1.867441710647601
20.907362895755 0.2485894603827126 1.857210387405414
20.90638308386553 0.4416731102126552 1.826628600296039
20.90542486089687 0.6305024050291934 1.776031310256976
20.90449872540901 0.8130084780372522 1.705972838577289
20.9036148241955 0.9871917822279456 1.617220885452289
20.90278284163536 1.151143894907404 1.510747740921039
20.90201189283906 1.303068574554566 1.387720030960101
20.90131042515702 1.441301169750966 1.249485655960101
20.90068612340478 1.564327295698078 1.097559020217914
20.90014582747699 1.670799069359847 0.9336047965851012
20.89969545739477 1.759549879780323 0.7594192497101012
20.89933994702525 1.829607449438931 0.5769108268585387
20.89908319204834 1.880204088024699 0.38807910078432
20.89892800535678 1.910785481385596 0.1949929649200621
20.89887608670341 1.921016672896831 -0.000232117477399729
20.89892800535678 1.910785481385596 -0.1954571998748598
20.89908319204834 1.880204088024699 -0.3885433357391175
20.89933994702525 1.829607449438931 -0.5773750618133363
20.89969545739477 1.759549879780323 -0.7598834846648989
20.90014582747699 1.670799069359847 -0.9340690315398988
20.90068612340478 1.564327295698078 -1.098023255172711
20.90131042515702 1.441301169750966 -1.249949890914899
20.90201189283906 1.303068574554566 -1.388184265914899
20.90278284163536 1.151143894907404 -1.511211975875836
20.9036148241955 0.9871917822279456 -1.617685120407086
20.90449872540901 0.8130084780372522 -1.706437073532086
20.90542486089687 0.6305024050291934 -1.776495545211774
20.90638308386553 0.4416731102126552 -1.827092835250836
20.907362895755 0.2485894603827126 -1.857674622360211

CELLS 2170 8680
3 79 80 129
3 79 129 128
3 80 81 129
3 129 81 130
3 81 82 130
3 130 82 131
3 82 83 132
3 82 132 131
3 83 84 133
3 83 133 132
3 84 85 134
3 84 134 133
3 85 86 135
3 85 135 134
3 86 87 135
3 135 87 136
3 87 88 136
3 136 88 137
3 88 89 138
3 88 138 137
3 89 90 138
3 138 90 139
3 90 91 140
3 90 140 139
3 91 92 141
3 91 141 140
3 92 93 141
3 141 93 142
3 93 94 143
3 93 143 142
3 94 95 144
3 94 144 143
3 95 96 144
3 144 96 145
3 96 97 146
3 96 146 145
3 97 98 146
3 146 98 147
3 98 99 148
3 98 148 147
3 99 100 149
3 99 149 148
3 100 101 150
3 100 150 149
3 101 102 150
3 150 102 151
3 102 103 152
3 102 152 151
3 103 104 152
3 152 104 153
3 104 105 154
3 104 154 153
3 105 106 154
3 154 106 155
3 106 107 155
3 155 107 156
3 107 108 157
3 107 157 156
3 108 109 158
3 108 158 157
3 109 110 159
3 109 159 158
3 110 111 160
3 110 160 159
3 111 112 160
3 160 112 161
3 112 113 161
3 161 113 162
3 113 114 163
3 113 163 162
3 114 115 163
3 163 115 164
3 115 116 165
3 115 165 164
3 116 117 166
3 116 166 165
3 117 118 166
3 166 118 167
3 118 119 168
3 118 168 167
3 119 120 169
3 119 169 168
3 120 121 169
3 169 121 170
3 121 122 171
3 121 171 170
3 122 123 171
3 171 123 172
3 123 124 173
3 123 173 172
3 124 125 174
3 124 174 173
3 125 126 175
3 125 175 174
3 126 127 175
3 175 127 176
3 128 129 178
3 128 178 177
3 129 130 178
3 178 130 179
3 130 131 180
3 130 180 179
3 131 132 181
3 131 181 180
3 132 133 181
3 181 133 182
3 133 134 182
3 182 134 183
3 134 135 184
3 134 184 183
3 135 136 184
3 184 136 185
3 136 137 186
3 136 186 185
3 137 138 187
3 137 187 186
3 138 139 188
3 138 188 187
3 139 140 189
3 139 189 188
3 140 141 189
3 189 141 190
3 141 142 191
3 141 191 190
3 142 143 191
3 191 143 192
3 143 144 193
3 143 193 192
3 144 145 194
3 144 194 193
3 145 146 195
3 145 195 194
3 146 147 196
3 146 196 195
3 147 148 196
3 196 148 197
3 148 149 197
3 197 149 198
3 149 150 199
3 149 199 198
3 150 151 199
3 199 151 200
3 151 152 201
3 151 201 200
3 152 153 201
3 201 153 202
3 153 154 203
3 153 203 202
3 154 155 203
3 203 155 204
3 155 156 205
3 155 205 204
3 156 157 206
3 156 206 205
3 157 158 206
3 206 158 207
3 158 159 207
3 207 159 208
3 159 160 209
3 159 209 208
3 160 161 209
3 209 161 210
3 161 162 211
3 161 211 210
3 162 163 212
3 162 212 211
3 163 164 213
3 163 213 212
3 164 165 214
3 164 214 213
3 165 166 214
3 214 166 215
3 166 167 216
3 166 216 215
3 167 168 216
3 216 168 217
3 168 169 218
3 168 218 217
3 169 170 219
3 169 219 218
3 170 171 220
3 170 220 219
3 171 172 221
3 171 221 220
3 172 173 221
3 221 173 222
3 173 174 222
3 222 174 223
3 174 175 224
3 174 224 223
3 175 176 224
3 224 176 225
3 177 178 227
3 177 227 226
3 178 179 227
3 227 179 228
3 179 180 229
3 179 229 228
3 180 181 230
3 180 230 229
3 181 182 230
3 230 182 231
3 182 183 232
3 182 232 231
3 183 184 233
3 183 233 232
3 184 185 234
3 184 234 233
3 185 186 234
3 234 186 235
3 186 187 235
3 235 187 236
3 187 188 237
3 187 237 236
3 188 189 238
3 188 238 237
3 189 190 238
3 238 190 239
3 190 191 240
3 190 240 239
3 191 192 241
3 191 241 240
3 192 193 241
3 241 193 242
3 193 194 242
3 242 194 243
3 194 195 243
3 243 195 244
3 195 196 245
3 195 245 244
3 196 197 245
3 245 197 246
3 197 198 247
3 197 247 246
3 198 199 248
3 198 248 247
3 199 200 248
3 248 200 249
3 200 201 249
3 249 201 250
3 201 202 251
3 201 251 250
3 202 203 252
3 202 252 251
3 203 204 252
3 252 204 253
3 204 205 254
3 204 254 253
3 205 206 255
3 205 255 254
3 206 207 255
3 255 207 256
3 207 208 257
3 207 257 256
3 208 209 258
3 208 258 257
3 209 210 259
3 209 259 258
3 210 211 259
3 259 211 260
3 211 212 260
3 260 212 261
3 212 213 262
3 212 262 261
3 213 214 263
3 213 263 262
3 214 215 263
3 263 215 264
3 215 216 265
3 215 265 264
3 216 217 266
3 216 266 265
3 217 218 266
3 266 218 267
3 218 219 267
3 267 219 268
3 219 220 268
3 268 220 269
3 220 221 270
3 220 270 269
3 221 222 270
3 270 222 271
3 222 223 272
3 222 272 271
3 223 224 273
3 223 273 272
3 224 225 273
3 273 225 274
3 226 227 276
3 226 276 275
3 227 228 276
3 276 228 277
3 228 229 278
3 228 278 277
3 229 230 278
3 278 230 279
3 230 231 280
3 230 280 279
3 231 232 280
3 280 232 281
3 232 233 281
3 281 233 282
3 233 234 283
3 233 283 282
3 234 235 283
3 283 235 284
3 235 236 285
3 235 285 284
3 236 237 286
3 236 286 285
3 237 238 287
3 237 287 286
3 238 239 287
3 287 239 288
3 239 240 288
3 288 240 289
3 240 241 290
3 240 290 289
3 241 242 291
3 241 291 290
3 242 243 292
3 242 292 291
3 243 244 293
3 243 293 292
3 244 245 294
3 244 294 293
3 245 246 295
3 245 295 294
3 246 247 296
3 246 296 295
3 247 248 297
3 247 297 296
3 248 249 297
3 297 249 298
3 249 250 299
3 249 299 298
3 250 251 299
3 299 251 300
3 251 252 301
3 251 301 300
3 252 253 301
3 301 253 302
3 253 254 303
3 253 303 302
3 254 255 303
3 303 255 304
3 255 256 305
3 255 305 304
3 256 257 305
3 305 257 306
3 257 258 306
3 306 258 307
3 258 259 308
3 258 308 307
3 259 260 308
3 308 260 309
3 260 261 310
3 260 310 309
3 261 262 311
3 261 311 310
3 262 263 312
3 262 312 311
3 263 264 312
3 312 264 313
3 264 265 313
3 313 265 314
3 265 266 315
3 265 315 314
3 266 267 316
3 266 316 315
3 267 268 317
3 267 317 316
3 268 269 318
3 268 318 317
3 269 270 319
3 269 319 318
3 270 271 320
3 270 320 319
3 271 272 321
3 271 321 320
3 272 273 322
3 272 322 321
3 273 274 322
3 322 274 323
3 275 276 324
3 324 276 325
3 276 277 326
3 276 326 325
3 277 278 326
3 326 278 327
3 278 279 328
3 278 328 327
3 279 280 329
3 279 329 328
3 280 281 329
3 329 281 330
3 281 282 331
3 281 331 330
3 282 283 331
3 331 283 332
3 283 284 333
3 283 333 332
3 284 285 334
3 284 334 333
3 285 286 335
3 285 335 334
3 286 287 336
3 286 336 335
3 287 288 337
3 287 337 336
3 288 289 337
3 337 289 338
3 289 290 338
3 338 290 339
3 290 291 340
3 290 340 339
3 291 292 340
3 340 292 341
3 292 293 342
3 292 342 341
3 293 294 342
3 342 294 343
3 294 295 343
3 343 295 344
3 295 296 345
3 295 345 344
3 296 297 345
3 345 297 346
3 297 298 347
3 297 347 346
3 298 299 348
3 298 348 347
3 299 300 348
3 348 300 349
3 300 301 349
3 349 301 350
3 301 302 351
3 301 351 350
3 302 303 351
3 351 303 352
3 303 304 353
3 303 353 352
3 304 305 354
3 304 354 353
3 305 306 354
3 354 306 355
3 306 307 356
3 306 356 355
3 307 308 356
3 356 308 357
3 308 309 358
3 308 358 357
3 309 310 359
3 309 359 358
3 310 311 360
3 310 360 359
3 311 312 361
3 311 361 360
3 312 313 362
3 312 362 361
3 313 314 362
3 362 314 363
3 314 315 363
3 363 315 364
3 315 316 365
3 315 365 364
3 316 317 365
3 365 317 366
3 317 318 367
3 317 367 366
3 318 319 367
3 367 319 368
3 319 320 368
3 368 320 369
3 320 321 370
3 320 370 369
3 321 322 370
3 370 322 371
3 322 323 372
3 322 372 371
3 324 325 373
3 373 325 374
3 325 326 375
3 325 375 374
3 326 327 375
3 375 327 376
3 327 328 376
3 376 328 377
3 328 329 378
3 328 378 377
3 329 330 379
3 329 379 378
3 330 331 380
3 330 380 379
3 331 332 380
3 380 332 381
3 332 333 381
3 381 333 382
3 333 334 383
3 333 383 382
3 334 335 383
3 383 335 384
3 335 336 385
3 335 385 384
3 336 337 386
3 336 386 385
3 337 338 387
3 337 387 386
3 338 339 388
3 338 388 387
3 339 340 389
3 339 389 388
3 340 341 389
3 389 341 390
3 341 342 391
3 341 391 390
3 342 343 391
3 391 343 392
3 343 344 393
3 343 393 392
3 344 345 394
3 344 394 393
3 345 346 394
3 394 346 395
3 346 347 396
3 346 396 395
3 347 348 396
3 396 348 397
3 348 349 398
3 348 398 397
3 349 350 398
3 398 350 399
3 350 351 400
3 350 400 399
3 351 352 400
3 400 352 401
3 352 353 401
3 401 353 402
3 353 354 403
3 353 403 402
3 354 355 404
3 354 404 403
3 355 356 405
3 355 405 404
3 356 357 405
3 405 357 406
3 357 358 406
3 406 358 407
3 358 359 408
3 358 408 407
3 359 360 408
3 408 360 409
3 360 361 410
3 360 410 409
3 361 362 411
3 361 411 410
3 362 363 412
3 362 412 411
3 363 364 413
3 363 413 412
3 364 365 414
3 364 414 413
3 365 366 414
3 414 366 415
3 366 367 416
3 366 416 415
3 367 368 416
3 416 368 417
3 368 369 418
3 368 418 417
3 369 370 419
3 369 419 418
3 370 371 419
3 419 371 420
3 371 372 421
3 371 421 420
3 78 0 373
3 0 1 373
3 1 2 324
3 2 3 275
3 3 4 226
3 4 5 177
3 5 6 128
3 6 7 79
3 7 8 79
3 8 9 79
3 9 10 81
3 10 11 83
3 11 12 86
3 12 13 88
3 13 14 90
3 14 15 92
3 15 16 94
3 16 17 96
3 17 18 99
3 18 19 101
3 19 20 103
3 20 21 105
3 21 22 107
3 22 23 110
3 23 24 112
3 24 25 114
3 25 26 116
3 26 27 118
3 27 28 120
3 28 29 123
3 29 30 125
3 30 8 127
3 8 7 127
3 7 6 127
3 6 5 176
3 5 4 225
3 4 3 274
3 3 2 323
3 2 1 372
3 1 0 421
3 0 31 421
3 31 32 420
3 32 33 419
3 33 34 418
3 34 35 417
3 35 36 416
3 36 37 415
3 37 38 414
3 38 39 413
3 39 40 412
3 40 41 411
3 41 42 410
3 42 43 409
3 43 44 408
3 44 45 407
3 45 46 406
3 46 47 405
3 47 48 404
3 48 49 403
3 49 50 402
3 50 51 401
3 51 52 400
3 52 53 399
3 53 54 398
3 54 55 397
3 55 56 396
3 56 57 395
3 57 58 394
3 58 59 393
3 59 60 392
3 60 61 391
3 61 62 390
3 62 63 389
3 63 64 388
3 64 65 387
3 65 66 386
3 66 67 385
3 67 68 384
3 68 69 383
3 69 70 382
3 70 71 381
3 71 72 380
3 72 73 379
3 73 74 378
3 74 75 377
3 75 76 376
3 76 77 375
3 77 78 374
3 81 80 9
3 83 82 10
3 85 84 11
3 79 128 6
3 128 177 5
3 177 226 4
3 226 275 3
3 275 324 2
3 324 373 1
3 373 374 78
3 374 375 77
3 375 376 76
3 376 377 75
3 377 378 74
3 378 379 73
3 379 380 72
3 87 86 12
3 89 88 13
3 92 91 14
3 94 93 15
3 380 381 71
3 381 382 70
3 382 383 69
3 383 384 68
3 384 385 67
3 385 386 66
3 386 387 65
3 387 388 64
3 96 95 16
3 98 97 17
3 100 99 18
3 102 101 19
3 388 389 63
3 389 390 62
3 390 391 61
3 391 392 60
3 392 393 59
3 393 394 58
3 394 395 57
3 395 396 56
3 105 104 20
3 107 106 21
3 109 108 22
3 396 397 55
3 397 398 54
3 398 399 53
3 399 400 52
3 400 401 51
3 401 402 50
3 402 403 49
3 403 404 48
3 111 110 23
3 113 112 24
3 115 114 25
3 118 117 26
3 404 405 47
3 405 406 46
3 406 407 45
3 407 408 44
3 408 409 43
3 409 410 42
3 410 411 41
3 411 412 40
3 120 119 27
3 122 121 28
3 124 123 29
3 126 125 30
3 412 413 39
3 413 414 38
3 414 415 37
3 415 416 36
3 416 417 35
3 417 418 34
3 418 419 33
3 419 420 32
3 176 127 6
3 225 176 5
3 274 225 4
3 323 274 3
3 372 323 2
3 421 372 1
3 420 421 31
3 79 9 80
3 81 10 82
3 83 11 84
3 11 86 85
3 12 88 87
3 13 90 89
3 90 14 91
3 92 15 93
3 94 16 95
3 96 17 97
3 17 99 98
3 18 101 100
3 19 103 102
3 103 20 104
3 105 21 106
3 107 22 108
3 22 110 109
3 23 112 111
3 24 114 113
3 25 116 115
3 116 26 117
3 118 27 119
3 120 28 121
3 28 123 122
3 29 125 124
3 30 127 126
3 0 78 423
3 0 423 422
3 78 77 424
3 78 424 423
3 77 76 425
3 77 425 424
3 76 75 426
3 76 426 425
3 75 74 427
3 75 427 426
3 74 73 428
3 74 428 427
3 73 72 429
3 73 429 428
3 72 71 430
3 72 430 429
3 71 70 431
3 71 431 430
3 70 69 432
3 70 432 431
3 69 68 433
3 69 433 432
3 68 67 434
3 68 434 433
3 67 66 435
3 67 435 434
3 66 65 436
3 66 436 435
3 65 64 437
3 65 437 436
3 64 63 438
3 64 438 437
3 63 62 439
3 63 439 438
3 62 61 440
3 62 440 439
3 61 60 441
3 61 441 440
3 60 59 442
3 60 442 441
3 59 58 443
3 59 443 442
3 58 57 444
3 58 444 443
3 57 56 445
3 57 445 444
3 56 55 446
3 56 446 445
3 55 54 447
3 55 447 446
3 54 53 448
3 54 448 447
3 53 52 449
3 53 449 448
3 52 51 450
3 52 450 449
3 51 50 451
3 51 451 450
3 50 49 452
3 50 452 451
3 49 48 453
3 49 453 452
3 48 47 454
3 48 454 453
3 47 46 455
3 47 455 454
3 46 45 456
3 46 456 455
3 45 44 457
3 45 457 456
3 44 43 458
3 44 458 457
3 43 42 459
3 43 459 458
3 42 41 460
3 42 460 459
3 41 40 461
3 41 461 460
3 40 39 462
3 40 462 461
3 39 38 463
3 39 463 462
3 38 37 464
3 38 464 463
3 37 36 465
3 37 465 464
3 36 35 466
3 36 466 465
3 35 34 467
3 35 467 466
3 34 33 468
3 34 468 467
3 33 32 469
3 33 469 468
3 32 31 470
3 32 470 469
3 31 0 422
3 31 422 470
3 422 423 472
3 422 472 471
3 423 424 473
3 423 473 472
3 424 425 474
3 424 474 473
3 425 426 475
3 425 475 474
3 426 427 476
3 426 476 475
3 427 428 477
3 427 477 476
3 428 429 478
3 428 478 477
3 429 430 479
3 429 479 478
3 430 431 480
3 430 480 479
3 431 432 481
3 431 481 480
3 432 433 482
3 432 482 481
3 433 434 483
3 433 483 482
3 434 435 484
3 434 484 483
3 435 436 485
3 435 485 484
3 436 437 486
3 436 486 485
3 437 438 487
3 437 487 486
3 438 439 488
3 438 488 487
3 439 440 489
3 439 489 488
3 440 441 490
3 440 490 489
3 441 442 491
3 441 491 490
3 442 443 492
3 442 492 491
3 443 444 493
3 443 493 492
3 444 445 494
3 444 494 493
3 445 446 495
3 445 495 494
3 446 447 496
3 446 496 495
3 447 448 497
3 447 497 496
3 448 449 498
3 448 498 497
3 449 450 499
3 449 499 498
3 450 451 500
3 450 500 499
3 451 452 501
3 451 501 500
3 452 453 502
3 452 502 501
3 453 454 503
3 453 503 502
3 454 455 504
3 454 504 503
3 455 456 505
3 455 505 504
3 456 457 506
3 456 506 505
3 457 458 507
3 457 507 506
3 458 459 508
3 458 508 507
3 459 460 509
3 459 509 508
3 460 461 510
3 460 510 509
3 461 462 511
3 461 511 510
3 462 463 512
3 462 512 511
3 463 464 513
3 463 513 512
3 464 465 514
3 464 514 513
3 465 466 515
3 465 515 514
3 466 467 516
3 466 516 515
3 467 468 517
3 467 517 516
3 468 469 518
3 468 518 517
3 469 470 519
3 469 519 518
3 470 422 471
3 470 471 519
3 579 520 578
3 520 521 578
3 578 521 577
3 521 522 577
3 577 522 576
3 522 523 576
3 576 523 575
3 523 524 575
3 575 524 574
3 524 525 574
3 574 525 573
3 525 526 573
3 573 526 572
3 526 527 572
3 572 527 571
3 527 528 571
3 571 528 570
3 528 529 570
3 570 529 569
3 529 530 569
3 569 530 568
3 530 531 568
3 568 531 567
3 531 532 567
3 567 532 566
3 532 533 566
3 566 533 565
3 533 534 565
3 565 534 564
3 534 535 564
3 564 535 563
3 535 536 563
3 563 536 562
3 536 537 562
3 562 537 561
3 537 538 561
3 561 538 560
3 538 539 560
3 560 539 559
3 539 540 559
3 559 540 558
3 540 541 558
3 558 541 557
3 541 542 557
3 557 542 556
3 542 543 556
3 556 543 555
3 543 544 555
3 555 544 554
3 544 545 554
3 554 545 553
3 545 546 553
3 553 546 552
3 546 547 552
3 552 547 551
3 547 548 551
3 551 548 550
3 548 549 550
3 632 633 681
3 632 681 680
3 633 634 682
3 633 682 681
3 634 635 683
3 634 683 682
3 635 636 684
3 635 684 683
3 636 637 684
3 684 637 685
3 637 638 685
3 685 638 686
3 638 639 687
3 638 687 686
3 639 640 687
3 687 640 688
3 640 641 688
3 688 641 689
3 641 642 689
3 689 642 690
3 642 643 691
3 642 691 690
3 643 644 691
3 691 644 692
3 644 645 693
3 644 693 692
3 645 646 694
3 645 694 693
3 646 647 694
3 694 647 695
3 647 648 696
3 647 696 695
3 648 649 697
3 648 697 696
3 649 650 697
3 697 650 698
3 650 651 698
3 698 651 699
3 651 652 699
3 699 652 700
3 652 653 700
3 700 653 701
3 653 654 701
3 701 654 702
3 654 655 702
3 702 655 703
3 655 656 704
3 655 704 703
3 656 657 705
3 656 705 704
3 657 658 706
3 657 706 705
3 658 659 707
3 658 707 706
3 659 660 708
3 659 708 707
3 660 661 709
3 660 709 708
3 661 662 710
3 661 710 709
3 662 663 710
3 710 663 711
3 663 664 711
3 711 664 712
3 664 665 713
3 664 713 712
3 665 666 713
3 713 666 714
3 666 667 714
3 714 667 715
3 667 668 716
3 667 716 715
3 668 669 716
3 716 669 717
3 669 670 718
3 669 718 717
3 670 671 719
3 670 719 718
3 671 672 720
3 671 720 719
3 672 673 720
3 720 673 721
3 673 674 722
3 673 722 721
3 674 675 723
3 674 723 722
3 675 676 723
3 723 676 724
3 676 677 724
3 724 677 725
3 677 678 725
3 725 678 726
3 678 679 726
3 726 679 727
3 680 681 728
3 728 681 729
3 681 682 729
3 729 682 730
3 682 683 730
3 730 683 731
3 683 684 731
3 731 684 732
3 684 685 732
3 732 685 733
3 685 686 734
3 685 734 733
3 686 687 734
3 734 687 735
3 687 688 736
3 687 736 735
3 688 689 737
3 688 737 736
3 689 690 737
3 737 690 738
3 690 691 738
3 738 691 739
3 691 692 740
3 691 740 739
3 692 693 740
3 740 693 741
3 693 694 741
3 741 694 742
3 694 695 742
3 742 695 743
3 695 696 743
3 743 696 744
3 696 697 745
3 696 745 744
3 697 698 746
3 697 746 745
3 698 699 747
3 698 747 746
3 699 700 748
3 699 748 747
3 700 701 749
3 700 749 748
3 701 702 750
3 701 750 749
3 702 703 751
3 702 751 750
3 703 704 752
3 703 752 751
3 704 705 752
3 752 705 753
3 705 706 753
3 753 706 754
3 706 707 754
3 754 707 755
3 707 708 755
3 755 708 756
3 708 709 756
3 756 709 757
3 709 710 758
3 709 758 757
3 710 711 758
3 758 711 759
3 711 712 760
3 711 760 759
3 712 713 761
3 712 761 760
3 713 714 762
3 713 762 761
3 714 715 763
3 714 763 762
3 715 716 763
3 763 716 764
3 716 717 765
3 716 765 764
3 717 718 766
3 717 766 765
3 718 719 766
3 766 719 767
3 719 720 767
3 767 720 768
3 720 721 769
3 720 769 768
3 721 722 769
3 769 722 770
3 722 723 771
3 722 771 770
3 723 724 772
3 723 772 771
3 724 725 773
3 724 773 772
3 725 726 774
3 725 774 773
3 726 727 775
3 726 775 774
3 631 580 581
3 581 582 680
3 582 583 632
3 583 471 472
3 472 473 632
3 473 474 633
3 474 475 634
3 475 476 635
3 476 477 636
3 477 478 637
3 478 479 638
3 479 480 639
3 480 481 640
3 481 482 641
3 482 483 642
3 483 484 643
3 484 485 644
3 485 486 645
3 486 487 646
3 487 488 647
3 488 489 649
3 489 490 650
3 490 491 651
3 491 492 652
3 492 493 653
3 493 494 654
3 494 495 655
3 495 496 656
3 496 497 657
3 497 498 658
3 498 499 659
3 499 500 660
3 500 501 661
3 501 502 662
3 502 503 663
3 503 504 664
3 504 505 665
3 505 506 666
3 506 507 667
3 507 508 668
3 508 509 669
3 509 510 670
3 510 511 671
3 511 512 672
3 512 513 673
3 513 514 673
3 514 515 674
3 515 516 675
3 516 517 676
3 517 518 677
3 518 519 678
3 519 471 583
3 583 582 679
3 582 581 727
3 581 580 584
3 584 585 774
3 585 586 773
3 586 587 772
3 587 588 771
3 588 589 770
3 589 590 769
3 590 591 769
3 591 592 768
3 592 593 767
3 593 594 766
3 594 595 765
3 595 596 764
3 596 597 763
3 597 598 762
3 598 599 761
3 599 600 760
3 600 601 759
3 601 602 758
3 602 603 757
3 603 604 756
3 604 605 755
3 605 606 754
3 606 607 753
3 607 608 752
3 608 609 751
3 609 610 750
3 610 611 749
3 611 612 748
3 612 613 747
3 613 614 746
3 614 615 745
3 615 616 743
3 616 617 742
3 617 618 741
3 618 619 740
3 619 620 739
3 620 621 738
3 621 622 737
3 622 623 736
3 623 624 735
3 624 625 734
3 625 626 733
3 626 627 732
3 627 628 731
3 628 629 730
3 629 630 729
3 630 631 728
3 633 632 473
3 634 633 474
3 635 634 475
3 636 635 476
3 637 636 477
3 638 637 478
3 639 638 479
3 632 680 582
3 680 728 581
3 728 729 630
3 729 730 629
3 730 731 628
3 731 732 627
3 732 733 626
3 733 734 625
3 734 735 624
3 640 639 480
3 641 640 481
3 642 641 482
3 643 642 483
3 644 643 484
3 645 644 485
3 646 645 486
3 647 646 487
3 735 736 623
3 736 737 622
3 737 738 621
3 738 739 620
3 739 740 619
3 740 741 618
3 741 742 617
3 742 743 616
3 648 647 488
3 649 648 488
3 650 649 489
3 651 650 490
3 652 651 491
3 653 652 492
3 654 653 493
3 655 654 494
3 743 744 615
3 744 745 615
3 745 746 614
3 746 747 613
3 747 748 612
3 748 749 611
3 749 750 610
3 750 751 609
3 656 655 495
3 657 656 496
3 658 657 497
3 659 658 498
3 660 659 499
3 661 660 500
3 662 661 501
3 663 662 502
3 751 752 608
3 752 753 607
3 753 754 606
3 754 755 605
3 755 756 604
3 756 757 603
3 757 758 602
3 758 759 601
3 664 663 503
3 665 664 504
3 666 665 505
3 667 666 506
3 668 667 507
3 669 668 508
3 670 669 509
3 671 670 510
3 759 760 600
3 760 761 599
3 761 762 598
3 762 763 597
3 763 764 596
3 764 765 595
3 765 766 594
3 766 767 593
3 672 671 511
3 673 672 512
3 674 673 514
3 675 674 515
3 676 675 516
3 677 676 517
3 678 677 518
3 679 678 519
3 767 768 592
3 768 769 591
3 769 770 589
3 770 771 588
3 771 772 587
3 772 773 586
3 773 774 585
3 774 775 584
3 727 679 582
3 775 727 581
3 631 581 728
3 632 583 472
3 519 583 679
3 581 584 775
3 836 776 777
3 777 580 631
3 631 630 835
3 630 629 834
3 629 628 833
3 628 627 831
3 627 626 830
3 626 625 829
3 625 624 828
3 624 623 827
3 623 622 825
3 622 621 824
3 621 620 823
3 620 619 822
3 619 618 820
3 618 617 819
3 617 616 818
3 616 615 817
3 615 614 816
3 614 613 814
3 613 612 813
3 612 611 812
3 611 610 811
3 610 609 809
3 609 608 808
3 608 607 807
3 607 606 806
3 606 605 805
3 605 604 803
3 604 603 802
3 603 602 801
3 602 601 800
3 601 600 798
3 600 599 797
3 599 598 796
3 598 597 795
3 597 596 794
3 596 595 792
3 595 594 791
3 594 593 790
3 593 592 789
3 592 591 787
3 591 590 786
3 590 589 785
3 589 588 784
3 588 587 783
3 587 586 781
3 586 585 780
3 585 584 779
3 584 580 777
3 777 776 778
3 778 779 584
3 779 780 585
3 780 781 586
3 781 782 587
3 782 783 587
3 783 784 588
3 784 785 589
3 785 786 590
3 786 787 591
3 787 788 592
3 788 789 592
3 789 790 593
3 790 791 594
3 791 792 595
3 792 793 596
3 793 794 596
3 794 795 597
3 795 796 598
3 796 797 599
3 797 798 600
3 798 799 601
3 799 800 601
3 800 801 602
3 801 802 603
3 802 803 604
3 803 804 605
3 804 805 605
3 805 806 606
3 806 807 607
3 807 808 608
3 808 809 609
3 809 810 610
3 810 811 610
3 811 812 611
3 812 813 612
3 813 814 613
3 814 815 614
3 815 816 614
3 816 817 615
3 817 818 616
3 818 819 617
3 819 820 618
3 820 821 619
3 821 822 619
3 822 823 620
3 823 824 621
3 824 825 622
3 825 826 623
3 826 827 623
3 827 828 624
3 828 829 625
3 829 830 626
3 830 831 627
3 831 832 628
3 832 833 628
3 833 834 629
3 834 835 630
3 835 836 631
3 836 777 631
3 584 777 778
3 841 842 863
3 863 842 864
3 842 843 865
3 842 865 864
3 843 844 865
3 865 844 866
3 844 845 866
3 866 845 867
3 845 846 868
3 845 868 867
3 846 847 869
3 846 869 868
3 847 848 870
3 847 870 869
3 848 849 870
3 870 849 871
3 849 850 872
3 849 872 871
3 850 851 873
3 850 873 872
3 851 852 874
3 851 874 873
3 852 853 875
3 852 875 874
3 853 854 876
3 853 876 875
3 854 855 877
3 854 877 876
3 855 856 877
3 877 856 878
3 856 857 879
3 856 879 878
3 857 858 879
3 879 858 880
3 858 859 881
3 858 881 880
3 859 860 882
3 859 882 881
3 860 861 882
3 882 861 883
3 861 862 884
3 861 884 883
3 863 864 886
3 863 886 885
3 864 865 886
3 886 865 887
3 865 866 887
3 887 866 888
3 866 867 889
3 866 889 888
3 867 868 890
3 867 890 889
3 868 869 890
3 890 869 891
3 869 870 892
3 869 892 891
3 870 871 892
3 892 871 893
3 871 872 894
3 871 894 893
3 872 873 895
3 872 895 894
3 873 874 896
3 873 896 895
3 874 875 896
3 896 875 897
3 875 876 897
3 897 876 898
3 876 877 899
3 876 899 898
3 877 878 899
3 899 878 900
3 878 879 901
3 878 901 900
3 879 880 901
3 901 880 902
3 880 881 902
3 902 881 903
3 881 882 904
3 881 904 903
3 882 883 905
3 882 905 904
3 883 884 905
3 905 884 906
3 9 8 837
3 837 838 863
3 838 839 841
3 839 840 841
3 839 838 862
3 838 837 884
3 837 8 30
3 30 29 905
3 29 28 904
3 28 27 903
3 27 26 902
3 26 25 901
3 25 24 900
3 24 23 899
3 23 22 898
3 22 21 897
3 21 20 896
3 20 19 895
3 19 18 894
3 18 17 893
3 17 16 892
3 16 15 891
3 15 14 890
3 14 13 889
3 13 12 888
3 12 11 887
3 11 10 886
3 10 9 885
3 842 841 840
3 843 842 840
3 844 843 840
3 845 844 840
3 846 845 840
3 847 846 840
3 848 847 840
3 841 863 838
3 863 885 837
3 885 886 10
3 886 887 11
3 887 888 12
3 888 889 13
3 889 890 14
3 890 891 15
3 891 892 16
3 849 848 840
3 850 849 840
3 851 850 840
3 852 851 840
3 853 852 840
3 854 853 840
3 855 854 840
3 856 855 840
3 892 893 17
3 893 894 18
3 894 895 19
3 895 896 20
3 896 897 21
3 897 898 22
3 898 899 23
3 899 900 24
3 857 856 840
3 858 857 840
3 859 858 840
3 860 859 840
3 861 860 840
3 862 861 840
3 884 862 838
3 906 884 837
3 900 901 25
3 901 902 26
3 902 903 27
3 903 904 28
3 904 905 29
3 905 906 30
3 9 837 885
3 862 840 839
3 837 30 906
3 910 911 970
3 910 970 969
3 911 912 970
3 970 912 971
3 912 913 971
3 971 913 972
3 913 914 973
3 913 973 972
3 914 915 973
3 973 915 974
3 915 916 974
3 974 916 975
3 916 917 976
3 916 976 975
3 917 918 977
3 917 977 976
3 918 919 978
3 918 978 977
3 919 920 978
3 978 920 979
3 920 921 980
3 920 980 979
3 921 922 981
3 921 981 980
3 922 923 981
3 981 923 982
3 923 924 983
3 923 983 982
3 924 925 983
3 983 925 984
3 925 926 985
3 925 985 984
3 926 927 985
3 985 927 986
3 927 928 986
3 986 928 987
3 928 929 988
3 928 988 987
3 929 930 988
3 988 930 989
3 930 931 989
3 989 931 990
3 931 932 991
3 931 991 990
3 932 933 992
3 932 992 991
3 933 934 993
3 933 993 992
3 934 935 993
3 993 935 994
3 935 936 995
3 935 995 994
3 936 937 996
3 936 996 995
3 937 938 996
3 996 938 997
3 938 939 998
3 938 998 997
3 939 940 998
3 998 940 999
3 940 941 1000
3 940 1000 999
3 941 942 1000
3 1000 942 1001
3 942 943 1001
3 1001 943 1002
3 943 944 1003
3 943 1003 1002
3 944 945 1003
3 1003 945 1004
3 945 946 1004
3 1004 946 1005
3 946 947 1006
3 946 1006 1005
3 947 948 1007
3 947 1007 1006
3 948 949 1008
3 948 1008 1007
3 949 950 1008
3 1008 950 1009
3 950 951 1010
3 950 1010 1009
3 951 952 1011
3 951 1011 1010
3 952 953 1011
3 1011 953 1012
3 953 954 1013
3 953 1013 1012
3 954 955 1013
3 1013 955 1014
3 955 956 1015
3 955 1015 1014
3 956 957 1015
3 1015 957 1016
3 957 958 1016
3 1016 958 1017
3 958 959 1018
3 958 1018 1017
3 959 960 1018
3 1018 960 1019
3 960 961 1019
3 1019 961 1020
3 961 962 1021
3 961 1021 1020
3 962 963 1022
3 962 1022 1021
3 963 964 1023
3 963 1023 1022
3 964 965 1023
3 1023 965 1024
3 965 966 1025
3 965 1025 1024
3 966 967 1026
3 966 1026 1025
3 967 968 1026
3 1026 968 1027
3 969 970 1029
3 969 1029 1028
3 970 971 1030
3 970 1030 1029
3 971 972 1031
3 971 1031 1030
3 972 973 1032
3 972 1032 1031
3 973 974 1033
3 973 1033 1032
3 974 975 1034
3 974 1034 1033
3 975 976 1035
3 975 1035 1034
3 976 977 1035
3 1035 977 1036
3 977 978 1036
3 1036 978 1037
3 978 979 1037
3 1037 979 1038
3 979 980 1038
3 1038 980 1039
3 980 981 1039
3 1039 981 1040
3 981 982 1040
3 1040 982 1041
3 982 983 1042
3 982 1042 1041
3 983 984 1042
3 1042 984 1043
3 984 985 1044
3 984 1044 1043
3 985 986 1045
3 985 1045 1044
3 986 987 1046
3 986 1046 1045
3 987 988 1047
3 987 1047 1046
3 988 989 1048
3 988 1048 1047
3 989 990 1049
3 989 1049 1048
3 990 991 1050
3 990 1050 1049
3 991 992 1050
3 1050 992 1051
3 992 993 1051
3 1051 993 1052
3 993 994 1052
3 1052 994 1053
3 994 995 1053
3 1053 995 1054
3 995 996 1054
3 1054 996 1055
3 996 997 1055
3 1055 997 1056
3 997 998 1057
3 997 1057 1056
3 998 999 1057
3 1057 999 1058
3 999 1000 1059
3 999 1059 1058
3 1000 1001 1060
3 1000 1060 1059
3 1001 1002 1061
3 1001 1061 1060
3 1002 1003 1062
3 1002 1062 1061
3 1003 1004 1063
3 1003 1063 1062
3 1004 1005 1064
3 1004 1064 1063
3 1005 1006 1065
3 1005 1065 1064
3 1006 1007 1065
3 1065 1007 1066
3 1007 1008 1066
3 1066 1008 1067
3 1008 1009 1067
3 1067 1009 1068
3 1009 1010 1068
3 1068 1010 1069
3 1010 1011 1069
3 1069 1011 1070
3 1011 1012 1070
3 1070 1012 1071
3 1012 1013 1072
3 1012 1072 1071
3 1013 1014 1072
3 1072 1014 1073
3 1014 1015 1074
3 1014 1074 1073
3 1015 1016 1075
3 1015 1075 1074
3 1016 1017 1076
3 1016 1076 1075
3 1017 1018 1077
3 1017 1077 1076
3 1018 1019 1078
3 1018 1078 1077
3 1019 1020 1079
3 1019 1079 1078
3 1020 1021 1080
3 1020 1080 1079
3 1021 1022 1080
3 1080 1022 1081
3 1022 1023 1081
3 1081 1023 1082
3 1023 1024 1082
3 1082 1024 1083
3 1024 1025 1083
3 1083 1025 1084
3 1025 1026 1084
3 1084 1026 1085
3 1026 1027 1085
3 1085 1027 1086
3 521 520 907
3 907 908 969
3 908 909 910
3 909 776 836
3 836 835 910
3 835 834 911
3 834 833 912
3 833 832 913
3 832 831 914
3 831 830 915
3 830 829 916
3 829 828 917
3 828 827 918
3 827 826 919
3 826 825 920
3 825 824 921
3 824 823 922
3 823 822 923
3 822 821 924
3 821 820 925
3 820 819 926
3 819 818 927
3 818 817 928
3 817 816 929
3 816 815 930
3 815 814 931
3 814 813 932
3 813 812 933
3 812 811 934
3 811 810 935
3 810 809 936
3 809 808 937
3 808 807 938
3 807 806 939
3 806 805 940
3 805 804 941
3 804 803 942
3 803 802 943
3 802 801 944
3 801 800 945
3 800 799 946
3 799 798 947
3 798 797 948
3 797 796 950
3 796 795 951
3 795 794 952
3 794 793 953
3 793 792 954
3 792 791 955
3 791 790 956
3 790 789 957
3 789 788 958
3 788 787 959
3 787 786 960
3 786 785 961
3 785 784 962
3 784 783 963
3 783 782 964
3 782 781 965
3 781 780 966
3 780 779 967
3 779 778 968
3 778 776 909
3 909 908 968
3 908 907 1027
3 907 520 579
3 579 578 1085
3 578 577 1084
3 577 576 1083
3 576 575 1082
3 575 574 1081
3 574 573 1080
3 573 572 1079
3 572 571 1078
3 571 570 1077
3 570 569 1076
3 569 568 1075
3 568 567 1074
3 567 566 1073
3 566 565 1072
3 565 564 1071
3 564 563 1070
3 563 562 1069
3 562 561 1068
3 561 560 1067
3 560 559 1066
3 559 558 1065
3 558 557 1064
3 557 556 1063
3 556 555 1062
3 555 554 1061
3 554 553 1060
3 553 552 1059
3 552 551 1058
3 551 550 1057
3 550 549 1056
3 549 548 1055
3 548 547 1054
3 547 546 1053
3 546 545 1052
3 545 544 1051
3 544 543 1050
3 543 542 1049
3 542 541 1048
3 541 540 1047
3 540 539 1046
3 539 538 1045
3 538 537 1044
3 537 536 1043
3 536 535 1042
3 535 534 1041
3 534 533 1040
3 533 532 1039
3 532 531 1038
3 531 530 1037
3 530 529 1036
3 529 528 1035
3 528 527 1034
3 527 526 1033
3 526 525 1032
3 525 524 1031
3 524 523 1030
3 523 522 1029
3 522 521 1028
3 911 910 835
3 912 911 834
3 913 912 833
3 914 913 832
3 915 914 831
3 916 915 830
3 917 916 829
3 910 969 908
3 969 1028 907
3 1028 1029 522
3 1029 1030 523
3 1030 1031 524
3 1031 1032 525
3 1032 1033 526
3 1033 1034 527
3 1034 1035 528
3 918 917 828
3 919 918 827
3 920 919 826
3 921 920 825
3 922 921 824
3 923 922 823
3 924 923 822
3 925 924 821
3 1035 1036 529
3 1036 1037 530
3 1037 1038 531
3 1038 1039 532
3 1039 1040 533
3 1040 1041 534
3 1041 1042 535
3 1042 1043 536
3 926 925 820
3 927 926 819
3 928 927 818
3 929 928 817
3 930 929 816
3 931 930 815
3 932 931 814
3 933 932 813
3 1043 1044 537
3 1044 1045 538
3 1045 1046 539
3 1046 1047 540
3 1047 1048 541
3 1048 1049 542
3 1049 1050 543
3 1050 1051 544
3 934 933 812
3 935 934 811
3 936 935 810
3 937 936 809
3 938 937 808
3 939 938 807
3 940 939 806
3 941 940 805
3 1051 1052 545
3 1052 1053 546
3 1053 1054 547
3 1054 1055 548
3 1055 1056 549
3 1056 1057 550
3 1057 1058 551
3 1058 1059 552
3 942 941 804
3 943 942 803
3 944 943 802
3 945 944 801
3 946 945 800
3 947 946 799
3 948 947 798
3 949 948 797
3 1059 1060 553
3 1060 1061 554
3 1061 1062 555
3 1062 1063 556
3 1063 1064 557
3 1064 1065 558
3 1065 1066 559
3 1066 1067 560
3 950 949 797
3 951 950 796
3 952 951 795
3 953 952 794
3 954 953 793
3 955 954 792
3 956 955 791
3 957 956 790
3 1067 1068 561
3 1068 1069 562
3 1069 1070 563
3 1070 1071 564
3 1071 1072 565
3 1072 1073 566
3 1073 1074 567
3 1074 1075 568
3 958 957 789
3 959 958 788
3 960 959 787
3 961 960 786
3 962 961 785
3 963 962 784
3 964 963 783
3 965 964 782
3 1075 1076 569
3 1076 1077 570
3 1077 1078 571
3 1078 1079 572
3 1079 1080 573
3 1080 1081 574
3 1081 1082 575
3 1082 1083 576
3 966 965 781
3 967 966 780
3 968 967 779
3 1027 968 908
3 1086 1027 907
3 1083 1084 577
3 1084 1085 578
3 1085 1086 579
3 521 907 1028
3 910 909 836
3 968 778 909
3 907 579 1086

CELL_TYPES 2170
5 5 5 5 5 5 5 5 5 5 5 5 5 5 5 5 5 5 5 5
5 5 5 5 5 5 5 5 5 5 5 5 5 5 5 5 5 5 5 5
5 5 5 5 5 5 5 5 5 5 5 5 5 5 5 5 5 5 5 5
5 5 5 5 5 5 5 5 5 5 5 5 5 5 5 5 5 5 5 5
5 5 5 5 5 5 5 5 5 5 5 5 5 5 5 5 5 5 5 5
5 5 5 5 5 5 5 5 5 5 5 5 5 5 5 5 5 5 5 5
5 5 5 5 5 5 5 5 5 5 5 5 5 5 5 5 5 5 5 5
5 5 5 5 5 5 5 5 5 5 5 5 5 5 5 5 5 5 5 5
5 5 5 5 5 5 5 5 5 5 5 5 5 5 5 5 5 5 5 5
5 5 5 5 5 5 5 5 5 5 5 5 5 5 5 5 5 5 5 5
5 5 5 5 5 5 5 5 5 5 5 5 5 5 5 5 5 5 5 5
5 5 5 5 5 5 5 5 5 5 5 5 5 5 5 5 5 5 5 5
5 5 5 5 5 5 5 5 5 5 5 5 5 5 5 5 5 5 5 5
5 5 5 5 5 5 5 5 5 5 5 5 5 5 5 5 5 5 5 5
5 5 5 5 5 5 5 5 5 5 5 5 5 5 5 5 5 5 5 5
5 5 5 5 5 5 5 5 5 5 5 5 5 5 5 5 5 5 5 5
5 5 5 5 5 5 5 5 5 5 5 5 5 5 5 5 5 5 5 5
5 5 5 5 5 5 5 5 5 5 5 5 5 5 5 5 5 5 5 5
5 5 5 5 5 5 5 5 5 5 5 5 5 5 5 5 5 5 5 5
5 5 5 5 5 5 5 5 5 5 5 5 5 5 5 5 5 5 5 5
5 5 5 5 5 5 5 5 5 5 5 5 5 5 5 5 5 5 5 5
5 5 5 5 5 5 5 5 5 5 5 5 5 5 5 5 5 5 5 5
5 5 5 5 5 5 5 5 5 5 5 5 5 5 5 5 5 5 5 5
5 5 5 5 5 5 5 5 5 5 5 5 5 5 5 5 5 5 5 5
5 5 5 5 5 5 5 5 5 5 5 5 5 5 5 5 5 5 5 5
5 5 5 5 5 5 5 5 5 5 5 5 5 5 5 5 5 5 5 5
5 5 5 5 5 5 5 5 5 5 5 5 5 5 5 5 5 5 5 5
5 5 5 5 5 5 5 5 5 5 5 5 5 5 5 5 5 5 5 5
5 5 5 5 5 5 5 5 5 5 5 5 5 5 5 5 5 5 5 5
5 5 5 5 5 5 5 5 5 5 5 5 5 5 5 5 5 5 5 5
5 5 5 5 5 5 5 5 5 5 5 5 5 5 5 5 5 5 5 5
5 5 5 5 5 5 5 5 5 5 5 5 5 5 5 5 5 5 5 5
5 5 5 5 5 5 5 5 5 5 5 5 5 5 5 5 5 5 5 5
5 5 5 5 5 5 5 5 5 5 5 5 5 5 5 5 5 5 5 5
5 5 5 5 5 5 5 5 5 5 5 5 5 5 5 5 5 5 5 5
5 5 5 5 5 5 5 5 5 5 5 5 5 5 5 5 5 5 5 5
5 5 5 5 5 5 5 5 5 5 5 5 5 5 5 5 5 5 5 5
5 5 5 5 5 5 5 5 5 5 5 5 5 5 5 5 5 5 5 5
5 5 5 5 5 5 5 5 5 5 5 5 5 5 5 5 5 5 5 5
5 5 5 5 5 5 5 5 5 5 5 5 5 5 5 5 5 5 5 5
5 5 5 5 5 5 5 5 5 5 5 5 5 5 5 5 5 5 5 5
5 5 5 5 5 5 5 5 5 5 5 5 5 5 5 5 5 5 5 5
5 5 5 5 5 5 5 5 5 5 5 5 5 5 5 5 5 5 5 5
5 5 5 5 5 5 5 5 5 5 5 5 5 5 5 5 5 5 5 5
5 5 5 5 5 5 5 5 5 5 5 5 5 5 5 5 5 5 5 5
5 5 5 5 5 5 5 5 5 5 5 5 5 5 5 5 5 5 5 5
5 5 5 5 5 5 5 5 5 5 5 5 5 5 5 5 5 5 5 5
5 5 5 5 5 5 5 5 5 5 5 5 5 5 5 5 5 5 5 5
5 5 5 5 5 5 5 5 5 5 5 5 5 5 5 5 5 5 5 5
5 5 5 5 5 5 5 5 5 5 5 5 5 5 5 5 5 5 5 5
5 5 5 5 5 5 5 5 5 5 5 5 5 5 5 5 5 5 5 5
5 5 5 5 5 5 5 5 5 5 5 5 5 5 5 5 5 5 5 5
5 5 5 5 5 5 5 5 5 5 5 5 5 5 5 5 5 5 5 5
5 5 5 5 5 5 5 5 5 5 5 5 5 5 5 5 5 5 5 5
5 5 5 5 5 5 5 5 5 5 5 5 5 5 5 5 5 5 5 5
5 5 5 5 5 5 5 5 5 5 5 5 5 5 5 5 5 5 5 5
5 5 5 5 5 5 5 5 5 5 5 5 5 5 5 5 5 5 5 5
5 5 5 5 5 5 5 5 5 5 5 5 5 5 5 5 5 5 5 5
5 5 5 5 5 5 5 5 5 5 5 5 5 5 5 5 5 5 5 5
5 5 5 5 5 5 5 5 5 5 5 5 5 5 5 5 5 5 5 5
5 5 5 5 5 5 5 5 5 5 5 5 5 5 5 5 5 5 5 5
5 5 5 5 5 5 5 5 5 5 5 5 5 5 5 5 5 5 5 5
5 5 5 5 5 5 5 5 5 5 5 5 5 5 5 5 5 5 5 5
5 5 5 5 5 5 5 5 5 5 5 5 5 5 5 5 5 5 5 5
5 5 5 5 5 5 5 5 5 5 5 5 5 5 5 5 5 5 5 5
5 5 5 5 5 5 5 5 5 5 5 5 5 5 5 5 5 5 5 5
5 5 5 5 5 5 5 5 5 5 5 5 5 5 5 5 5 5 5 5
5 5 5 5 5 5 5 5 5 5 5 5 5 5 5 5 5 5 5 5
5 5 5 5 5 5 5 5 5 5 5 5 5 5 5 5 5 5 5 5
5 5 5 5 5 5 5 5 5 5 5 5 5 5 5 5 5 5 5 5
5 5 5 5 5 5 5 5 5 5 5 5 5 5 5 5 5 5 5 5
5 5 5 5 5 5 5 5 5 5 5 5 5 5 5 5 5 5 5 5
5 5 5 5 5 5 5 5 5 5 5 5 5 5 5 5 5 5 5 5
5 5 5 5 5 5 5 5 5 5 5 5 5 5 5 5 5 5 5 5
5 5 5 5 5 5 5 5 5 5 5 5 5 5 5 5 5 5 5 5
5 5 5 5 5 5 5 5 5 5 5 5 5 5 5 5 5 5 5 5
5 5 5 5 5 5 5 5 5 5 5 5 5 5 5 5 5 5 5 5
5 5 5 5 5 5 5 5 5 5 5 5 5 5 5 5 5 5 5 5
5 5 5 5 5 5 5 5 5 5 5 5 5 5 5 5 5 5 5 5
5 5 5 5 5 5 5 5 5 5 5 5 5 5 5 5 5 5 5 5
5 5 5 5 5 5 5 5 5 5 5 5 5 5 5 5 5 5 5 5
5 5 5 5 5 5 5 5 5 5 5 5 5 5 5 5 5 5 5 5
5 5 5 5 5 5 5 5 5 5 5 5 5 5 5 5 5 5 5 5
5 5 5 5 5 5 5 5 5 5 5 5 5 5 5 5 5 5 5 5
5 5 5 5 5 5 5 5 5 5 5 5 5 5 5 5 5 5 5 5
5 5 5 5 5 5 5 5 5 5 5 5 5 5 5 5 5 5 5 5
5 5 5 5 5 5 5 5 5 5 5 5 5 5 5 5 5 5 5 5
5 5 5 5 5 5 5 5 5 5 5 5 5 5 5 5 5 5 5 5
5 5 5 5 5 5 5 5 5 5 5 5 5 5 5 5 5 5 5 5
5 5 5 5 5 5 5 5 5 5 5 5 5 5 5 5 5 5 5 5
5 5 5 5 5 5 5 5 5 5 5 5 5 5 5 5 5 5 5 5
5 5 5 5 5 5 5 5 5 5 5 5 5 5 5 5 5 5 5 5
5 5 5 5 5 5 5 5 5 5 5 5 5 5 5 5 5 5 5 5
5 5 5 5 5 5 5 5 5 5 5 5 5 5 5 5 5 5 5 5
5 5 5 5 5 5 5 5 5 5 5 5 5 5 5 5 5 5 5 5
5 5 5 5 5 5 5 5 5 5 5 5 5 5 5 5 5 5 5 5
5 5 5 5 5 5 5 5 5 5 5 5 5 5 5 5 5 5 5 5
5 5 5 5 5 5 5 5 5 5 5 5 5 5 5 5 5 5 5 5
5 5 5 5 5 5 5 5 5 5 5 5 5 5 5 5 5 5 5 5
5 5 5 5 5 5 5 5 5 5 5 5 5 5 5 5 5 5 5 5
5 5 5 5 5 5 5 5 5 5 5 5 5 5 5 5 5 5 5 5
5 5 5 5 5 5 5 5 5 5 5 5 5 5 5 5 5 5 5 5
5 5 5 5 5 5 5 5 5 5 5 5 5 5 5 5 5 5 5 5
5 5 5 5 5 5 5 5 5 5 5 5 5 5 5 5 5 5 5 5
5 5 5 5 5 5 5 5 5 5 5 5 5 5 5 5 5 5 5 5
5 5 5 5 5 5 5 5 5 5 5 5 5 5 5 5 5 5 5 5
5 5 5 5 5 5 5 5 5 5 5 5 5 5 5 5 5 5 5 5
5 5 5 5 5 5 5 5 5 5 5 5 5 5 5 5 5 5 5 5
5 5 5 5 5 5 5 5 5 5

CELL_DATA 2170
FIELD FieldData 1
PATCH_IDS 1 2170 int
1 1 1 1 1 1 1 1 1 1 1 1 1 1 1 1 1 1 1 1
1 1 1 1 1 1 1 1 1 1 1 1 1 1 1 1 1 1 1 1
1 1 1 1 1 1 1 1 1 1 1 1 1 1 1 1 1 1 1 1
1 1 1 1 1 1 1 1 1 1 1 1 1 1 1 1 1 1 1 1
1 1 1 1 1 1 1 1 1 1 1 1 1 1 1 1 1 1 1 1
1 1 1 1 1 1 1 1 1 1 1 1 1 1 1 1 1 1 1 1
1 1 1 1 1 1 1 1 1 1 1 1 1 1 1 1 1 1 1 1
1 1 1 1 1 1 1 1 1 1 1 1 1 1 1 1 1 1 1 1
1 1 1 1 1 1 1 1 1 1 1 1 1 1 1 1 1 1 1 1
1 1 1 1 1 1 1 1 1 1 1 1 1 1 1 1 1 1 1 1
1 1 1 1 1 1 1 1 1 1 1 1 1 1 1 1 1 1 1 1
1 1 1 1 1 1 1 1 1 1 1 1 1 1 1 1 1 1 1 1
1 1 1 1 1 1 1 1 1 1 1 1 1 1 1 1 1 1 1 1
1 1 1 1 1 1 1 1 1 1 1 1 1 1 1 1 1 1 1 1
1 1 1 1 1 1 1 1 1 1 1 1 1 1 1 1 1 1 1 1
1 1 1 1 1 1 1 1 1 1 1 1 1 1 1 1 1 1 1 1
1 1 1 1 1 1 1 1 1 1 1 1 1 1 1 1 1 1 1 1
1 1 1 1 1 1 1 1 1 1 1 1 1 1 1 1 1 1 1 1
1 1 1 1 1 1 1 1 1 1 1 1 1 1 1 1 1 1 1 1
1 1 1 1 1 1 1 1 1 1 1 1 1 1 1 1 1 1 1 1
1 1 1 1 1 1 1 1 1 1 1 1 1 1 1 1 1 1 1 1
1 1 1 1 1 1 1 1 1 1 1 1 1 1 1 1 1 1 1 1
1 1 1 1 1 1 1 1 1 1 1 1 1 1 1 1 1 1 1 1
1 1 1 1 1 1 1 1 1 1 1 1 1 1 1 1 1 1 1 1
1 1 1 1 1 1 1 1 1 1 1 1 1 1 1 1 1 1 1 1
1 1 1 1 1 1 1 1 1 1 1 1 1 1 1 1 1 1 1 1
1 1 1 1 1 1 1 1 1 1 1 1 1 1 1 1 1 1 1 1
1 1 1 1 1 1 1 1 1 1 1 1 1 1 1 1 1 1 1 1
1 1 1 1 1 1 1 1 1 1 1 1 1 1 1 1 1 1 1 1
1 1 1 1 1 1 1 1 1 1 1 1 1 1 1 1 1 1 1 1
1 1 1 1 1 1 1 1 1 1 1 1 1 1 1 1 1 1 1 1
1 1 1 1 1 1 1 1 1 1 1 1 1 1 1 1 1 1 1 1
1 1 1 1 1 1 1 1 1 1 1 1 1 1 1 1 1 1 1 1
1 1 1 1 1 1 1 1 1 1 1 1 1 1 1 1 1 1 1 1
1 1 1 1 1 1 1 1 1 1 1 1 1 1 1 1 1 1 1 1
1 1 1 1 1 1 1 1 1 1 1 1 1 1 1 1 1 1 1 1
1 1 1 1 1 1 1 1 1 1 1 1 1 1 1 1 1 1 1 1
1 1 1 1 1 1 1 1 1 1 1 1 1 1 1 1 1 1 1 1
1 1 1 1 1 1 1 1 1 1 1 1 2 2 2 2 2 2 2 2
2 2 2 2 2 2 2 2 2 2 2 2 2 2 2 2 2 2 2 2
2 2 2 2 2 2 2 2 2 2 2 2 2 2 2 2 2 2 2 2
2 2 2 2 2 2 2 2 2 2 2 2 2 2 2 2 2 2 2 2
2 2 2 2 2 2 2 2 2 2 2 2 2 2 2 2 2 2 2 2
2 2 2 2 2 2 2 2 2 2 2 2 2 2 2 2 2 2 2 2
2 2 2 2 2 2 2 2 2 2 2 2 2 2 2 2 2 2 2 2
2 2 2 2 2 2 2 2 2 2 2 2 2 2 2 2 2 2 2 2
2 2 2 2 2 2 2 2 2 2 2 2 2 2 2 2 2 2 2 2
2 2 2 2 2 2 2 2 2 2 2 2 2 2 2 2 2 2 2 2
2 2 2 2 2 2 2 2 3 3 3 3 3 3 3 3 3 3 3 3
3 3 3 3 3 3 3 3 3 3 3 3 3 3 3 3 3 3 3 3
3 3 3 3 3 3 3 3 3 3 3 3 3 3 3 3 3 3 3 3
3 3 3 3 3 3 4 4 4 4 4 4 4 4 4 4 4 4 4 4
4 4 4 4 4 4 4 4 4 4 4 4 4 4 4 4 4 4 4 4
4 4 4 4 4 4 4 4 4 4 4 4 4 4 4 4 4 4 4 4
4 4 4 4 4 4 4 4 4 4 4 4 4 4 4 4 4 4 4 4
4 4 4 4 4 4 4 4 4 4 4 4 4 4 4 4 4 4 4 4
4 4 4 4 4 4 4 4 4 4 4 4 4 4 4 4 4 4 4 4
4 4 4 4 4 4 4 4 4 4 4 4 4 4 4 4 4 4 4 4
4 4 4 4 4 4 4 4 4 4 4 4 4 4 4 4 4 4 4 4
4 4 4 4 4 4 4 4 4 4 4 4 4 4 4 4 4 4 4 4
4 4 4 4 4 4 4 4 4 4 4 4 4 4 4 4 4 4 4 4
4 4 4 4 4 4 4 4 4 4 4 4 4 4 4 4 4 4 4 4
4 4 4 4 4 4 4 4 4 4 4 4 4 4 4 4 4 4 4 4
4 4 4 4 4 4 4 4 4 4 4 4 4 4 4 4 4 4 4 4
4 4 4 4 4 4 4 4 4 4 4 4 4 4 4 4 4 4 4 4
4 4 4 4 4 4 4 4 4 4 4 4 4 4 4 4 4 4 4 4
4 4 4 4 4 4 4 4 4 4 4 4 4 4 4 4 4 4 4 4
4 4 4 4 4 4 4 4 4 4 4 4 4 4 4 4 4 4 4 4
4 4 4 4 4 4 4 4 4 4 4 4 4 4 4 4 4 4 4 4
4 4 4 4 4 4 4 4 4 4 4 4 4 4 4 4 4 4 4 4
4 4 4 4 4 4 4 4 4 4 4 4 4 4 4 4 4 4 5 5
5 5 5 5 5 5 5 5 5 5 5 5 5 5 5 5 5 5 5 5
5 5 5 5 5 5 5 5 5 5 5 5 5 5 5 5 5 5 5 5
5 5 5 5 5 5 5 5 5 5 5 5 5 5 5 5 5 5 5 5
5 5 5 5 5 5 5 5 5 5 5 5 5 5 5 5 5 5 5 5
5 5 5 5 5 5 5 5 5 5 5 5 5 5 5 5 5 5 5 5
5 5 5 5 5 5 5 5 5 6 6 6 6 6 6 6 6 6 6 6
6 6 6 6 6 6 6 6 6 6 6 6 6 6 6 6 6 6 6 6
6 6 6 6 6 6 6 6 6 6 6 6 6 6 6 6 6 6 6 6
6 6 6 6 6 6 6 6 6 6 6 6 6 6 6 6 6 6 6 6
6 6 6 6 6 6 6 6 6 6 6 6 6 6 6 6 6 6 6 6
6 6 6 6 6 6 6 6 6 6 6 6 6 6 6 6 6 6 6 6
6 6 6 6 6 6 6 6 6 6 6 6 6 6 6 6 6 6 6 6
6 6 6 6 6 6 6 6 6 6 6 6 6 6 6 6 6 6 6 6
6 6 6 6 6 6 6 6 6 6 7 7 7 7 7 7 7 7 7 7
7 7 7 7 7 7 7 7 7 7 7 7 7 7 7 7 7 7 7 7
7 7 7 7 7 7 7 7 7 7 7 7 7 7 7 7 7 7 7 7
7 7 7 7 7 7 7 7 7 7 7 7 7 7 7 7 7 7 7 7
7 7 7 7 7 7 7 7 7 7 7 7 7 7 7 7 7 7 7 7
7 7 7 7 7 7 7 7 7 7 7 7 7 7 7 7 7 7 7 7
7 7 7 7 7 7 7 7 7 7 7 7 7 7 7 7 7 7 7 7
7 7 7 7 7 7 7 7 7 7 7 7 7 7 7 7 7 7 7 7
7 7 7 7 7 7 7 7 7 7 7 7 7 7 7 7 7 7 7 7
7 7 7 7 7 7 7 7 7 7 7 7 7 7 7 7 7 7 7 7
7 7 7 7 7 7 7 7 7 7 7 7 7 7 7 7 7 7 7 7
7 7 7 7 7 7 7 7 7 7 7 7 7 7 7 7 7 7 7 7
7 7 7 7 7 7 7 7 7 7 7 7 7 7 7 7 7 7 7 7
7 7 7 7 7 7 7 7 7 7 7 7 7 7 7 7 7 7 7 7
7 7 7 7 7 7 7 7 7 7 7 7 7 7 7 7 7 7 7 7
7 7 7 7 7 7 7 7 7 7 7 7 7 7 7 7 7 7 7 7
7 7 7 7 7 7 7 7 7 7 7 7 7 7 7 7 7 7 7 7
7 7 7 7 7 7 7 7 7 7 7 7 7 7 7 7 7 7 7 7
7 7 7 7 7 7 7 7 7 7 7 7 7 7 7 7 7 7 7 7
7 7 7 7 7 7 7 7 7 7 7 7 7 7 7 7 7 7 7 7
7 7 7 7 7 7 7 7 7 7 7 7 7 7 7 7 7 7 7 7
7 7 7 7 7 7 7 7 7 7 7 7 7 7 7 7 7 7 7 7
7 7 7 7 7 7 7 7 7 7 7 7 7 7 7 7 7 7 7 7
7 7 7 7 7 7 7 7 7 7 7 7 7 7 7 7 7 7 7 7
7 7 7 7 7 7 7 7 7 7 

