 Start: ComputeIntegralCharacteristics
 End:   ComputeIntegralCharacteristics; Timer: cpu0=0.000 wall=0.002 
RESTART SOLUTION

Project name: full_rocket0
Project path: E:\UniFlight\flow\full_rocket0_fv\data\full_rocket0.fvproj
Current node: 0 (step=0, time=0)

Current input data
------------------
Region:
   LocalFrameRef=(none)
   Rotation=(none)
   GeneralSettings:
      RefValue:
         Temp=273
         Pres=101000
      Gravity:
         x=0
         y=0
         z=0
      GPOINT:
         x=0
         y=0
         z=0
      g_density=0
   Substances[0l]:
      UIName=Substance #0
      Type=standart
      State=gas
      Properties[0l]:
         Dimension=kg/mole
         Value=0.029
      Properties[1l]:
         Dimension=kg/m^3
         Value=Ideal gas law
         dRodP=0
         dRodT=0
      Properties[2l]:
         Dimension=kg/(m*s)
         Value=2e-05
      Properties[3l]:
         Dimension=W/(m*K)
         Value=0.022
      Properties[4l]:
         Dimension=J/(kg*K)
         Value=1000
      Properties[5l]:
         Dimension=J/kg
         Value=0
      Properties[6l]:
         Dimension=J/kg
         Value=Linear function
      Properties[7l]:
         Dimension=Pa
         Value=0
      Properties[8l]:
         Dimension=A
         Value=0
      Properties[9l]:
         Dimension=K
         Value=0
      Properties[10l]:
         Dimension=1/(Ohm*m)
         Value=0
      Properties[11l]:
         Dimension=Relative
         Value=0
      Properties[12l]:
         Dimension=Relative
         Value=0
   Phases[0l]:
      UIName=Phase #0
      Type=Continuum
      MuMixingModel=MODEL2_MU
      LbMixingModel=MODEL2_LB
      Substances[0l]=Region.Substances[0]
      Equations:
         EquationClasses[0l]=(none)
         EquationClasses[1l]=(none)
         EquationClasses[2l]=CNavierStokesEqSys
         EquationClasses[3l]=(none)
         EquationClasses[4l]=(none)
         EquationClasses[5l]=(none)
         EquationClasses[6l]=(none)
      Diam_Groups_Number_D=1
   Models[0l]:
      UIName=Model #0
      Phases[0l]=Region.Phases[0]
      InitialData[0l]:
         UIName=Init. data #0
         IniVars[0l]:
            Value:
               x=-103
               y=-5
               z=0
         IniVars[1l]:
            Value=0
      GapModel=(none)
      GapModelType=(none)
      Averaging:
         AveragingStartTime=0
   VisObjects[0l]:
      Users[0l]:
         Settings:
            MIndex=0
         Constraints=(none)
         normal:
            x=0
            y=0
            z=0
         IceSurface=False
         EnclaveAnalysis:
            Enabled=False
            SmallPolicy=KEEP
            VolThreshold=0
      Users[1l]:
         UIName=Init. condition #0
         Constraints=(none)
         ViewObject=Region.VisObjects[0]
         IniData=Region.Models[0].InitialData[0]
         Type=WholeCell
   VisObjects[1l]:
      UIName=Тело 2
      Users[0l]:
         UIName=Тело 2
         Object=Region.VisObjects[1]
         Constraints=(none)
         MarkCellsMode=BY_BOX
         Activation:
            Kind=PERMANENT
            TimeStart=0
            TimeDuration=0
            TimePeriod=0
            IterStart=1
            IterDuration=1
            IterPeriod=1
         Update:
            Kind=NON
            Time=0
            Iteration=1
         MassProperty:
            Mass=0
            CenterInertia:
               x=0
               y=0
               z=0
            MomentInertia0:
               x=0
               y=0
               z=0
            MomentInertia1:
               x=0
               y=0
               z=0
            MomentInertia2:
               x=0
               y=0
               z=0
         Movement:
            TimeVel:
               x=0
               y=0
               z=0
            Velocity:
               x=0
               y=0
               z=0
            TimeForce:
               x=0
               y=0
               z=0
            Force:
               x=0
               y=0
               z=0
            HydroForce:
               x=True
               y=True
               z=True
            Omega=1
         Rotation:
            UseCenterInertia=True
            Center:
               x=0
               y=0
               z=0
            TimeVel:
               x=0
               y=0
               z=0
            Velocity:
               x=0
               y=0
               z=0
            TimeMoment:
               x=0
               y=0
               z=0
            Moment:
               x=0
               y=0
               z=0
            HydroMoment:
               x=True
               y=True
               z=True
            Omega=1
         Location:
            Origin:
               x=0
               y=0
               z=0
            Def=CUSTOM_AXIS
            Angle=0
            Axis:
               x=1
               y=0
               z=0
            DefEuler=AVIA_RUS_ANGLES
            DefUser=THREE_AXES_XYZ
            Gamma=0
            Alpha=0
            Beta=0
            VIS_Ort0:
               x=1
               y=0
               z=0
            VIS_Ort1:
               x=0
               y=1
               z=0
            VIS_Ort2:
               x=0
               y=0
               z=1
            VIS_Scale=1
         Limitation:
            LimiterClass=CNoPositionLimiter
            Limiter=Region.VisObjects[1].Users[0].Limitation.Limiter
         DOF:
            Type=NO_LIMITS
            Point1:
               x=0
               y=0
               z=0
            Point2:
               x=1
               y=1
               z=1
            Translation=True
            Rotation=True
         FsiParams:
            ArtCompres=False
            MB_flexibility=0
            MB_mobility=0
         InsideOut=False
      Location:
         Origin:
            x=0
            y=0
            z=0
         Ort0:
            x=1
            y=0
            z=0
         Ort1:
            x=0
            y=1
            z=0
         Ort2:
            x=0
            y=0
            z=1
         Scale=1
      Source=E:\UniFlight\flow\\full_rocket0_fv\data/Тело 2.vtk
      Information:
         NumGroups=0
         NumFacets=0
         NumPoints=0
         Dim:
            Center:
               x=0
               y=0
               z=0
            Size:
               x=0
               y=0
               z=0
            BoxMin:
               x=0
               y=0
               z=0
            BoxMax:
               x=0
               y=0
               z=0
      MinLengthOfEdge=0.526565
   VisObjects[2l]:
      UIName=Тело 3
      Users[0l]:
         UIName=Тело 3
         Object=Region.VisObjects[2]
         Constraints=(none)
         MarkCellsMode=BY_BOX
         Activation:
            Kind=PERMANENT
            TimeStart=0
            TimeDuration=0
            TimePeriod=0
            IterStart=1
            IterDuration=1
            IterPeriod=1
         Update:
            Kind=NON
            Time=0
            Iteration=1
         MassProperty:
            Mass=0
            CenterInertia:
               x=0
               y=0
               z=0
            MomentInertia0:
               x=0
               y=0
               z=0
            MomentInertia1:
               x=0
               y=0
               z=0
            MomentInertia2:
               x=0
               y=0
               z=0
         Movement:
            TimeVel:
               x=0
               y=0
               z=0
            Velocity:
               x=0
               y=0
               z=0
            TimeForce:
               x=0
               y=0
               z=0
            Force:
               x=0
               y=0
               z=0
            HydroForce:
               x=True
               y=True
               z=True
            Omega=1
         Rotation:
            UseCenterInertia=True
            Center:
               x=0
               y=0
               z=0
            TimeVel:
               x=0
               y=0
               z=0
            Velocity:
               x=0
               y=0
               z=0
            TimeMoment:
               x=0
               y=0
               z=0
            Moment:
               x=0
               y=0
               z=0
            HydroMoment:
               x=True
               y=True
               z=True
            Omega=1
         Location:
            Origin:
               x=0
               y=0
               z=0
            Def=CUSTOM_AXIS
            Angle=0
            Axis:
               x=1
               y=0
               z=0
            DefEuler=AVIA_RUS_ANGLES
            DefUser=THREE_AXES_XYZ
            Gamma=0
            Alpha=0
            Beta=0
            VIS_Ort0:
               x=1
               y=0
               z=0
            VIS_Ort1:
               x=0
               y=1
               z=0
            VIS_Ort2:
               x=0
               y=0
               z=1
            VIS_Scale=1
         Limitation:
            LimiterClass=CNoPositionLimiter
            Limiter=Region.VisObjects[2].Users[0].Limitation.Limiter
         DOF:
            Type=NO_LIMITS
            Point1:
               x=0
               y=0
               z=0
            Point2:
               x=1
               y=1
               z=1
            Translation=True
            Rotation=True
         FsiParams:
            ArtCompres=False
            MB_flexibility=0
            MB_mobility=0
         InsideOut=False
      Location:
         Origin:
            x=0
            y=0
            z=0
         Ort0:
            x=1
            y=0
            z=0
         Ort1:
            x=0
            y=1
            z=0
         Ort2:
            x=0
            y=0
            z=1
         Scale=1
      Source=E:\UniFlight\flow\\full_rocket0_fv\data/Тело 3.vtk
      Information:
         NumGroups=0
         NumFacets=0
         NumPoints=0
         Dim:
            Center:
               x=0
               y=0
               z=0
            Size:
               x=0
               y=0
               z=0
            BoxMin:
               x=0
               y=0
               z=0
            BoxMax:
               x=0
               y=0
               z=0
      MinLengthOfEdge=0.0452404
   VisObjects[3l]:
      UIName=Смещенная плоскость:1
      center:
         x=0.0005
         y=0.0005
         z=0
      normal:
         x=0
         y=0
         z=1
      shiftAlongNormal=0
      planePoint:
         x=0.0005
         y=0.0005
         z=0
      Distance=0
   VisObjects[4l]:
      UIName=Смещенная плоскость:2
      center:
         x=0.0005
         y=0.0005
         z=0.01
      normal:
         x=0
         y=0
         z=1
      shiftAlongNormal=0
      planePoint:
         x=0.0005
         y=0.0005
         z=0.01
      Distance=0.01
   VisObjects[5l]:
      UIName=Supergroup #0
      Users[0l]:
         UIName=Характеристика Результат #1
         Object=Region.VisObjects[5]
         Settings:
            MIndex=0
         Constraints=(none)
         SubRegion=Region.VisObjects[5].Users[0].SubRegion
         MomentPt:
            x=0
            y=0
            z=0
         normal:
            x=0
            y=0
            z=0
         Var:
            Comp=SOURCE
         IceSurface=False
         ExtendedData=False
         EnclaveAnalysis:
            Enabled=False
            SmallPolicy=KEEP
            VolThreshold=0
   VisObjects[6l]:
      UIName=Supergroup #1
      Users[0l]:
         UIName=Характеристика Результат #2
         Object=Region.VisObjects[6]
         Settings:
            MIndex=0
         Constraints=(none)
         SubRegion=Region.VisObjects[5].Users[0].SubRegion
         MomentPt:
            x=0
            y=0
            z=0
         normal:
            x=0
            y=0
            z=0
         Var:
            Comp=SOURCE
         IceSurface=False
         ExtendedData=False
         EnclaveAnalysis:
            Enabled=False
            SmallPolicy=KEEP
            VolThreshold=0
   VisCharacteristics[0l]:
      Settings:
         MIndex=0
      Constraints=(none)
      normal:
         x=0
         y=0
         z=0
      IceSurface=False
      EnclaveAnalysis:
         Enabled=False
         SmallPolicy=KEEP
         VolThreshold=0
   VisCharacteristics[1l]:
      UIName=Характеристика Результат #1
      Object=Region.VisObjects[5]
      Settings:
         MIndex=0
      Constraints=(none)
      SubRegion=Region.VisObjects[5].Users[0].SubRegion
      MomentPt:
         x=0
         y=0
         z=0
      normal:
         x=0
         y=0
         z=0
      Var:
         Comp=SOURCE
      IceSurface=False
      ExtendedData=False
      EnclaveAnalysis:
         Enabled=False
         SmallPolicy=KEEP
         VolThreshold=0
   VisCharacteristics[2l]:
      UIName=Характеристика Результат #2
      Object=Region.VisObjects[6]
      Settings:
         MIndex=0
      Constraints=(none)
      SubRegion=Region.VisObjects[5].Users[0].SubRegion
      MomentPt:
         x=0
         y=0
         z=0
      normal:
         x=0
         y=0
         z=0
      Var:
         Comp=SOURCE
      IceSurface=False
      ExtendedData=False
      EnclaveAnalysis:
         Enabled=False
         SmallPolicy=KEEP
         VolThreshold=0
   VisibleSubRegs[0l]:
      UIName=SubRegion #0
      Model=Region.Models[0]
      Volume=1.27803e+06
      LocalFrameRef=(none)
      Rotation=(none)
      BConditions[0l]:
         UIName=Граничное условие
         Type=WALL
         WallTypes[0l]=WALLFUNC_EQUIL
         Roughness=0
         Wetangle=90
         GapSealing=-1
         AlphaWall=-1
         GapThermalConductance=-1
         LocalFrameRef=(none)
         Rotation=(none)
         Translation=(none)
         VarConditions[0l]:
            PhaseName=Phase #0
            Type=CBVelWallNonSlip
         Color=0x00ff0000
         Area=883.862
         VarTypes[0l]=CBVelWallNonSlip
         NumberOfSectors=0
         BinderCondition=(none)
         Binder=(none)
      BConditions[1l]:
         UIName=EXTENDED_INLET
         Type=INLETOUTLET
         WallTypes[0l]=WALLFUNC_EQUIL
         Roughness=0
         Wetangle=90
         GapSealing=-1
         AlphaWall=-1
         GapThermalConductance=-1
         LocalFrameRef=(none)
         Rotation=(none)
         Translation=(none)
         VarConditions[0l]:
            PhaseName=Phase #0
            Type=CBVelVectorPres
            VelVector:
               x=-103
               y=-5
               z=0
            VIS_Pres=0
         Color=0x00ff0000
         Area=0
         VarTypes[0l]=CBVelVectorPres
         NumberOfSectors=0
         BinderCondition=(none)
         Binder=(none)
      BConditions[2l]:
         UIName=EXTENDED_OUTLET
         Type=FREEOUTLET
         WallTypes[0l]=WALLFUNC_EQUIL
         Roughness=0
         Wetangle=90
         GapSealing=-1
         AlphaWall=-1
         GapThermalConductance=-1
         LocalFrameRef=(none)
         Rotation=(none)
         Translation=(none)
         VarConditions[0l]:
            PhaseName=Phase #0
            Type=CBVelOutlet
            Pressure=0
         Color=0x00ff0000
         Area=0
         VarTypes[0l]=CBVelOutlet
         NumberOfSectors=0
         BinderCondition=(none)
         Binder=(none)
      BConditions[3l]:
         UIName=EXTENDED_NONREFLECT
         Type=NONREFLECT
         WallTypes[0l]=WALLFUNC_EQUIL
         Roughness=0
         Wetangle=90
         GapSealing=-1
         AlphaWall=-1
         GapThermalConductance=-1
         LocalFrameRef=(none)
         Rotation=(none)
         Translation=(none)
         VarConditions[0l]:
            PhaseName=Phase #0
            Type=CBVelRiemann
            VelInf:
               x=-103
               y=-5
               z=0
            PresInf=0
         Color=0x00ff0000
         Area=77700.4
         VarTypes[0l]=CBVelRiemann
         NumberOfSectors=0
         BinderCondition=(none)
         Binder=(none)
      Filters[0l]:
         UIName=Тело 2
         Object=Region.VisObjects[1]
         Constraints=(none)
         MarkCellsMode=BY_BOX
         Activation:
            Kind=PERMANENT
            TimeStart=0
            TimeDuration=0
            TimePeriod=0
            IterStart=1
            IterDuration=1
            IterPeriod=1
         Update:
            Kind=NON
            Time=0
            Iteration=1
         MassProperty:
            Mass=0
            CenterInertia:
               x=0
               y=0
               z=0
            MomentInertia0:
               x=0
               y=0
               z=0
            MomentInertia1:
               x=0
               y=0
               z=0
            MomentInertia2:
               x=0
               y=0
               z=0
         Movement:
            TimeVel:
               x=0
               y=0
               z=0
            Velocity:
               x=0
               y=0
               z=0
            TimeForce:
               x=0
               y=0
               z=0
            Force:
               x=0
               y=0
               z=0
            HydroForce:
               x=True
               y=True
               z=True
            Omega=1
         Rotation:
            UseCenterInertia=True
            Center:
               x=0
               y=0
               z=0
            TimeVel:
               x=0
               y=0
               z=0
            Velocity:
               x=0
               y=0
               z=0
            TimeMoment:
               x=0
               y=0
               z=0
            Moment:
               x=0
               y=0
               z=0
            HydroMoment:
               x=True
               y=True
               z=True
            Omega=1
         Location:
            Origin:
               x=0
               y=0
               z=0
            Def=CUSTOM_AXIS
            Angle=0
            Axis:
               x=1
               y=0
               z=0
            DefEuler=AVIA_RUS_ANGLES
            DefUser=THREE_AXES_XYZ
            Gamma=0
            Alpha=0
            Beta=0
            VIS_Ort0:
               x=1
               y=0
               z=0
            VIS_Ort1:
               x=0
               y=1
               z=0
            VIS_Ort2:
               x=0
               y=0
               z=1
            VIS_Scale=1
         Limitation:
            LimiterClass=CNoPositionLimiter
            Limiter=Region.VisObjects[1].Users[0].Limitation.Limiter
         DOF:
            Type=NO_LIMITS
            Point1:
               x=0
               y=0
               z=0
            Point2:
               x=1
               y=1
               z=1
            Translation=True
            Rotation=True
         FsiParams:
            ArtCompres=False
            MB_flexibility=0
            MB_mobility=0
         InsideOut=False
      Filters[1l]:
         UIName=Тело 3
         Object=Region.VisObjects[2]
         Constraints=(none)
         MarkCellsMode=BY_BOX
         Activation:
            Kind=PERMANENT
            TimeStart=0
            TimeDuration=0
            TimePeriod=0
            IterStart=1
            IterDuration=1
            IterPeriod=1
         Update:
            Kind=NON
            Time=0
            Iteration=1
         MassProperty:
            Mass=0
            CenterInertia:
               x=0
               y=0
               z=0
            MomentInertia0:
               x=0
               y=0
               z=0
            MomentInertia1:
               x=0
               y=0
               z=0
            MomentInertia2:
               x=0
               y=0
               z=0
         Movement:
            TimeVel:
               x=0
               y=0
               z=0
            Velocity:
               x=0
               y=0
               z=0
            TimeForce:
               x=0
               y=0
               z=0
            Force:
               x=0
               y=0
               z=0
            HydroForce:
               x=True
               y=True
               z=True
            Omega=1
         Rotation:
            UseCenterInertia=True
            Center:
               x=0
               y=0
               z=0
            TimeVel:
               x=0
               y=0
               z=0
            Velocity:
               x=0
               y=0
               z=0
            TimeMoment:
               x=0
               y=0
               z=0
            Moment:
               x=0
               y=0
               z=0
            HydroMoment:
               x=True
               y=True
               z=True
            Omega=1
         Location:
            Origin:
               x=0
               y=0
               z=0
            Def=CUSTOM_AXIS
            Angle=0
            Axis:
               x=1
               y=0
               z=0
            DefEuler=AVIA_RUS_ANGLES
            DefUser=THREE_AXES_XYZ
            Gamma=0
            Alpha=0
            Beta=0
            VIS_Ort0:
               x=1
               y=0
               z=0
            VIS_Ort1:
               x=0
               y=1
               z=0
            VIS_Ort2:
               x=0
               y=0
               z=1
            VIS_Scale=1
         Limitation:
            LimiterClass=CNoPositionLimiter
            Limiter=Region.VisObjects[2].Users[0].Limitation.Limiter
         DOF:
            Type=NO_LIMITS
            Point1:
               x=0
               y=0
               z=0
            Point2:
               x=1
               y=1
               z=1
            Translation=True
            Rotation=True
         FsiParams:
            ArtCompres=False
            MB_flexibility=0
            MB_mobility=0
         InsideOut=False
      InitialData[0l]:
         UIName=Init. condition #0
         Constraints=(none)
         ViewObject=Region.VisObjects[0]
         IniData=Region.Models[0].InitialData[0]
         Type=WholeCell
   BinderLinks:
   ExtInteractions:
      ExchangeTime:
         Type=Region.ExtInteractions.ExchangeTime.Type
         UserStep=0.01
         UndefStep=0.001
         StepCoef=1
      OldOffsetMethod=True
      SaveAfterReceive=False
   GridParameters:
      InitialGrid:
         GridStruct=GRID_3D
         GridPlane=PLANE_XY
         GridDirect=DIRECT_X
         nx=10
         X[0l]=-108.672
         X[1l]=-87.6738
         X[2l]=-66.6752
         X[3l]=-45.6765
         X[4l]=-24.6779
         X[5l]=-3.67928
         X[6l]=17.3194
         X[7l]=38.318
         X[8l]=59.3166
         X[9l]=80.3153
         X[10l]=101.314
         ny=10
         Y[0l]=-33.6971
         Y[1l]=-25.8957
         Y[2l]=-18.0943
         Y[3l]=-10.2928
         Y[4l]=-2.49137
         Y[5l]=5.31007
         Y[6l]=13.1115
         Y[7l]=20.913
         Y[8l]=28.7144
         Y[9l]=36.5158
         Y[10l]=44.3173
         nz=10
         Z[0l]=-35.2392
         Z[1l]=-27.4378
         Z[2l]=-19.6363
         Z[3l]=-11.8349
         Z[4l]=-4.03346
         Z[5l]=3.76799
         Z[6l]=11.5694
         Z[7l]=19.3709
         Z[8l]=27.1723
         Z[9l]=34.9738
         Z[10l]=42.7752
      Adaptation:
         Activation:
            Kind=BYITER
            TimeStart=0
            TimeDuration=0
            TimePeriod=0
            IterStart=-1
            IterDuration=2
            IterPeriod=1000000
         Criteria[0l]:
            UIName=Adaptation #0
            Activation=True
            maxLevel=0
            subregArray[0l]=Region.VisObjects[5].Users[0].SubRegion
            placeArray[0l]:
               Place=Region.VisObjects[0]
               Settings:
                  MIndex=0
            AdpStatType=MERGE
            TwoChips=True
            Concavity=True
            OpSameBC=True
            OpDiffConj=True
            AdpToCurvParams:
               IsActive=False
               AddLevels=2
               SurfCurvMaxAngle=15
               SurfCurvUpperLimit=120
            AdpToEdgeParams:
               IsActive=False
               AddLevels=2
               SharpEdgeAngle=60
            layerCounts[0l]=1
         Criteria[1l]:
            UIName=Адаптация #1
            Activation=True
            maxLevel=3
            subregArray[0l]=Region.VisObjects[5].Users[0].SubRegion
            placeArray[0l]:
               Place=Region.VisibleSubRegs[0].BConditions[0]
               Settings:
                  MIndex=0
            AdpStatType=DIVIDE
            TwoChips=True
            Concavity=True
            OpSameBC=True
            OpDiffConj=True
            AdpToCurvParams:
               IsActive=False
               AddLevels=2
               SurfCurvMaxAngle=15
               SurfCurvUpperLimit=120
            AdpToEdgeParams:
               IsActive=False
               AddLevels=2
               SharpEdgeAngle=60
            layerCounts[0l]=3
            layerCounts[1l]=3
            layerCounts[2l]=3
      AdaptationToCond:
         Activation:
            Kind=PERMANENT
            TimeStart=0
            TimeDuration=0
            TimePeriod=0
            IterStart=1
            IterDuration=1
            IterPeriod=1
      AdaptationToSolution:
         Activation:
            Kind=BYITER
            TimeStart=0
            TimeDuration=0
            TimePeriod=0
            IterStart=10
            IterDuration=2
            IterPeriod=10
         Criteria[0l]:
            UIName=Adaptation to solution #0
            Activation=True
            maxLevel=3
            subregArray[0l]=Region.VisObjects[5].Users[0].SubRegion
            placeArray[0l]:
               Place=Region.VisObjects[0]
               Settings:
                  MIndex=0
            varArray[0l]:
               Variable:
                  Comp=SOURCE
               Type=GRADIENT
               Value=0
               Weight=1
         cellCount=100000
      OBLGrids:
         Activation:
            Type=PERMANENT
            IterStart=0
            TimeStart=0
   DllManager:
   Source=E:\UniFlight\flow\\full_rocket0_fv\data/full_rocket0.vtk
   Information:
      NumGroups=6
      NumFacets=12
      NumPoints=8
      Dim:
         Center:
            x=-3.67928
            y=5.31007
            z=3.76799
         Size:
            x=209.986
            y=78.0144
            z=78.0144
         BoxMin:
            x=-108.672
            y=-33.6971
            z=-35.2392
         BoxMax:
            x=101.314
            y=44.3173
            z=42.7752
   Tolerance=1e-08
   MinLengthOfEdge=78.0144



Current controls data
------------------
Controls:
   TimeStep:
      Type=CFL
      Step=0.001
      CFL=10
      CFLSURF=1e+20
      CFLDIFF=1e+20
      CFLSLIDE=1
      CFLFILM=5
      Maximum=0.1
      Minimum=1e-20
      DisConvergenceLimit=1e-10
      GradP_use=True
      ImplicitMotion:
         MassCorrectionCoeff=1
         Enabled=False
         MaxIterations=10
         IterDuration=5
         MaxResidual=0.01
         Relaxation=0.5
         ArtCompressCoeff=0.75
   Advanced:
      Scheme:
         Type=Smooth
         Skew=False
         SchemeType=Implicit
         TimeStepping:
            Method=Standard
            NumCoupling=1
         SideGradAppr=True
         PresGrad=Simple
         PresTotal=PtotSimple
         OffSpeed=False
         densDependendConc=False
         AddSmoothByAdapt=False
         JointSol=False
      LES:
         SolverType=AST
         RelTol=1e-10
         UseA=True
         MaxIterA=100
         UseS=True
         MaxIterS=250
         FinalizeSQD=False
         UseT=True
         MaxIterT=400
      LimValue:
         StresMax=1e+20
         PresMin=-1e+20
         PresMax=1e+20
         Extrapolation=False
         FluxMax=1e+20
      MHDParameters:
         iterationsnumber=1
         useMHDtimestep=False
         diffaktor=0
      VOFParameters:
         conservative_VOF=True
         relaxation_VOF=1
         VOF_CFL=0
         useVOFtimestep=True
         useVOFSRCtimestep=False
         usedroplets=False
         vof_LEV=0.0001
         useConservativeVelocity=False
         useSigmaSurfGradCalc=False
      DISPERSEDparam:
         Type=Upwind
         FitaDmin=0.001
         useFilmTimeStep=False
         IcingActivation:
            Type=OFF
            IterStart=0
            TimeStart=0
      CheckGrid=False
      AdaptThroughGap=True
      Balancing:
         Kind=NON
         TimeStart=0
         TimeDuration=0
         TimePeriod=0
         IterStart=1
         IterDuration=1
         IterPeriod=1
      TurbulenceParameters:
         DistViaPotential=True
         StandardWF=False
         Fr_background=0.09
         T_profile=3
         T_Kader=False
         T_variation=False
      ChemistryParameters:
         MatrixSolver=False
      ExportLoadings:
         SaveData:
            Kind=NON
            Time=0
            Iteration=1
            Filename=loadings.glo
            Mode=APPEND
            UpdateOnStop=False
            Format=(none)
         Subject=NODE_LOADINGS
      MainLog:
         WriteMainLog=True
         MainLogDepth=1
      SlideSurface:
         Type=Sliding
      SmoothDiffFluxes=False
   Limiters:
      CalcLimiters:
         CommonCalcLims:
            K_volumedata=0.5
         PhaseCalcLims[0l]:
            EditValues[0l]=1e-10
            EditValues[1l]=1e+20
            EditValues[2l]=-1e+20
            EditValues[3l]=1e+20
            SmallCellParameters:
               Type=ABSOLUTE
               Criteria=0.2
               DynamicCriteria=0.2
            VeryViscouseFlow=False
   AutoSave:
      NonStationary=False
      Frequency:
         Kind=BYITER
         Time=0
         Iteration=50
      SaveVTK:
         Enabled=False
         Binary=True
      EnSight:
         Enabled=False
         Binary=True
   LayerAutoSave:
      NonStationary=False
      Frequency:
         Kind=NON
         Time=0
         Iteration=50
      SaveSolids=True
   TortAutoSave:
      Enabled=False
      AdaptLevel=3
      Method=Multiply
   ExportLMS:
      SubRegion=(none)
      OnSurface:
         Enabled=False
         SplitSources=False
      InVolume:
         Enabled=False
         Box=(none)
         Grid:
            LocalSystem=True
            Nodes1_i=101
            Nodes2_i=101
            Nodes3_i=101
            Nodes1_s=101
            Nodes2_s=101
            Nodes3_s=101
      Start:
         Kind=BYTIME
         TimeStart=0
         IterStart=1
      Transformation:
         Origin:
            x=0
            y=0
            z=0
         Ort0:
            x=1
            y=0
            z=0
         Ort1:
            x=0
            y=1
            z=0
         Ort2:
            x=0
            y=0
            z=1
         Scale=1
   Stoppers:
      TimeSpan:
         begin=0
         end=8
      Iterations:
         Number=1000000
      StopperResidual[0l]:
         Level=0
         Averaging=COMMON
         AveragingSettings:
            Kind=BYTIME
            Time=0
            Iteration=1
         Color=0x00006312
      StopperResidual[1l]:
         Level=0
         Averaging=COMMON
         AveragingSettings:
            Kind=BYTIME
            Time=0
            Iteration=1
         Color=0x004b4bf4
      StopperUser[0l]:
         UIName=Результат #1
         Level=0
         Averaging=COMMON
         AveragingSettings:
            Kind=BYTIME
            Time=0
            Iteration=1
         Color=0x00006312
         Object=Controls.Stoppers.StopperUser[0].Object
         Group=0
         UGV=14
         Comp=X
      StopperUser[1l]:
         UIName=Результат #2
         Level=0
         Averaging=COMMON
         AveragingSettings:
            Kind=BYTIME
            Time=0
            Iteration=1
         Color=0x004b4bf4
         Object=Controls.Stoppers.StopperUser[1].Object
         Group=0
         UGV=14
         Comp=Y
      Update:
         Kind=BYTIME
         Time=0
         Iteration=1
      StopIterations=5
      StartSettings:
         CheckMode=CHECKITER
         StartTime=0
         StartIter=0


------------------

SOLUTION STARTED
FlowVision Solver, version 3.13.01-W64 build 20240822 changeset 0.

20.06.26 15:53:25  ===== PreSolve Step =====
 Grid rebuild type:  1
 Start: DistributeGridOnProcessors
 End:   DistributeGridOnProcessors, res= 0; Timer: cpu0=0.000 wall=0.002 
 Start: DistributeFacet
 End:   DistributeFacet, res= 0; Timer: cpu0=0.000 wall=0.001 
 Start: DistributeGridOnProcessors
 End:   DistributeGridOnProcessors, res= 0; Timer: cpu0=0.000 wall=0.002 
 Start: DistributeFacet
 End:   DistributeFacet, res= 0; Timer: cpu0=0.000 wall=0.001 
 Start: BuildRealCells
 End:   BuildRealCells, res= 0; Timer: cpu0=0.062 wall=0.012 
 Start: SetNeiHyperCells
 End:   SetNeiHyperCells, res= 0; Timer: cpu0=0.000 wall=0.002 
 Start: SetNeiHyperCells
 End:   SetNeiHyperCells, res= 0; Timer: cpu0=0.000 wall=0.001 
 Start: TransferSubregs
 End:   TransferSubregs, res= 0; Timer: cpu0=0.000 wall=0.001 
 Start: CreateData
 End:   CreateData, res= 0; Timer: cpu0=0.000 wall=0.001 
 Start: Adaptation, TotalRealCellsCount= 1000 
 End:   Adaptation; Timer: cpu0=0.000 wall=0.002 
 Start: DistributeGridOnProcessors
 End:   DistributeGridOnProcessors, res= 0; Timer: cpu0=0.000 wall=0.007 
 Start: SetNeiHyperCells
 End:   SetNeiHyperCells, res= 0; Timer: cpu0=0.000 wall=0.001 
 Start: DataInitialization
 End:   DataInitialization; Timer: cpu0=0.000 wall=0.003 
 End:   ===== PreSolve Step =====; Timer: cpu0=0.062 wall=0.061 
20.06.26 15:53:26  ===== Processing Layers =====
20.06.26 15:53:26    *SEND* for CScalarLayer, GUID=7641E21B-8224-4159-9F24-74BCFE28891B
 Start: ComputeVolumeCharacteristics
 End:   ComputeVolumeCharacteristics; Timer: cpu0=0.000 wall=0.000 
 Start: GetValueOnFacets
 End:   GetValueOnFacets; Timer: cpu0=0.000 wall=0.001 
20.06.26 15:53:26    *SEND* for CIntegralCharsLayer, GUID=4E090A0C-544B-E4A2-4242-BEC451D7CD2B
20.06.26 15:53:26    *SEND* for CIntegralCharsLayer, GUID=F89DB856-096A-C78A-52DA-9AF764E60355
20.06.26 15:53:26    *SEND* for CIntegralCharsLayer, GUID=1F3B9B3A-6498-80C8-3F3C-86FD4C134ECD
 End:   ===== Processing Layers =====; Timer: cpu0=0.000 wall=0.010 

20.06.26 15:53:26  ===== New Time Step =====, Iter number =  0
 Start: SolidFiltersProcess
 End:   SolidFiltersProcess, res= 0; Timer: cpu0=0.031 wall=0.012 
 Start: TimeServis
 End:   TimeServis; Timer: cpu0=0.000 wall=0.001 
 Start: User modules' functions BeforeTimeStep() are calling
 End:   User modules' functions BeforeTimeStep() are calling; Timer: cpu0=0.000 wall=0.001 
 Start: Adaptation, TotalRealCellsCount= 1016 
 End:   Adaptation; Timer: cpu0=0.812 wall=0.283 
 Start: DistributeGridOnProcessors
 End:   DistributeGridOnProcessors, res= 0; Timer: cpu0=0.031 wall=0.021 
 Start: SetNeiHyperCells
 End:   SetNeiHyperCells, res= 0; Timer: cpu0=0.000 wall=0.002 
 Start: BuildFacetDistribution
 End:   BuildFacetDistribution; Timer: cpu0=0.000 wall=0.001 
 Start: Initialize data arrays on chips
 End:   Initialize data arrays on chips, res= 0; Timer: cpu0=0.000 wall=0.001 
  ***** Maximum Geometrical Gauss = 3.09949e-15, cell= 355:0:4:1:1:0
  ***** Maximum MovingSurf  Gauss = 1.14371e-13, cell= 654:1:1:3:1:0
 Start: Remove Small Cells
 End:   Remove Small Cells; Timer: cpu0=0.000 wall=0.002 
 Start: Initialize data arrays on chips
 End:   Initialize data arrays on chips, res= 0; Timer: cpu0=0.000 wall=0.001 
  ***** Maximum Geometrical Gauss = 3.09949e-15, cell= 355:0:4:1:1:0
  ***** Maximum MovingSurf  Gauss = 1.86529e-14, cell= 654:1:3:0:1:0
 Start: Initialize data arrays on chips
 End:   Initialize data arrays on chips, res= 0; Timer: cpu0=0.000 wall=0.000 
 Start: Modify Chip Data
 End:   Modify Chip Data; Timer: cpu0=0.000 wall=0.003 
 Start: TimeServis
 End:   TimeServis; Timer: cpu0=0.000 wall=0.004 
 Start: FindEnclaves
 End:   FindEnclaves; Timer: cpu0=0.016 wall=0.003 
 Start: VarValueService
 End:   VarValueService; Timer: cpu0=0.000 wall=0.000 
 Start: SolvePhaseEquation 
 End:   SolvePhaseEquation ; Timer: cpu0=0.719 wall=0.104 
 Start: SolidFiltersProcess: calculate forces and moments
 End:   SolidFiltersProcess: calculate forces and moments; Timer: cpu0=0.000 wall=0.001 
 Start: PrepareDataForNextStep
 End:   PrepareDataForNextStep; Timer: cpu0=0.000 wall=0.009 
 Start: VarValueService
 End:   VarValueService; Timer: cpu0=0.000 wall=0.001 
 Start: UpdateStopperData
 End:   UpdateStopperData; Timer: cpu0=0.000 wall=0.000 
 Start: Saving text status in E:\UniFlight\flow\full_rocket0_fv\data\full_rocket0.status
 End:   Saving text status in E:\UniFlight\flow\full_rocket0_fv\data\full_rocket0.status; Timer: cpu0=0.000 wall=0.004 
 End:   ===== Time Step =====, Iter number =  0; Timer: cpu0=1.734 wall=0.486 

20.06.26 15:53:27  ===== Processing Layers =====
20.06.26 15:53:27    *SEND* for CScalarLayer, GUID=7641E21B-8224-4159-9F24-74BCFE28891B
 Start: ComputeVolumeCharacteristics
 End:   ComputeVolumeCharacteristics; Timer: cpu0=0.000 wall=0.001 
 Start: GetValueOnFacets
 End:   GetValueOnFacets; Timer: cpu0=0.000 wall=0.003 
20.06.26 15:53:27    *SEND* for CIntegralCharsLayer, GUID=4E090A0C-544B-E4A2-4242-BEC451D7CD2B
20.06.26 15:53:27    *SEND* for CIntegralCharsLayer, GUID=F89DB856-096A-C78A-52DA-9AF764E60355
20.06.26 15:53:27    *SEND* for CIntegralCharsLayer, GUID=1F3B9B3A-6498-80C8-3F3C-86FD4C134ECD
 End:   ===== Processing Layers =====; Timer: cpu0=0.000 wall=0.017 

20.06.26 15:53:27  ===== New Time Step =====, Iter number =  1
 Start: TimeServis
 End:   TimeServis; Timer: cpu0=0.000 wall=0.003 
 Start: User modules' functions BeforeTimeStep() are calling
 End:   User modules' functions BeforeTimeStep() are calling; Timer: cpu0=0.000 wall=0.002 
 Start: Adaptation, TotalRealCellsCount= 7556 
 End:   Adaptation; Timer: cpu0=0.000 wall=0.001 
 Start: Initialize data arrays on chips
 End:   Initialize data arrays on chips, res= 0; Timer: cpu0=0.000 wall=0.001 
  ***** Maximum Geometrical Gauss = 3.09949e-15, cell= 355:0:4:1:1:0
  ***** Maximum MovingSurf  Gauss = 0, cell= 
 Start: Initialize data arrays on chips
 End:   Initialize data arrays on chips, res= 0; Timer: cpu0=0.000 wall=0.001 
 Start: TimeServis
 End:   TimeServis; Timer: cpu0=0.000 wall=0.005 
 Start: FindEnclaves
 End:   FindEnclaves; Timer: cpu0=0.016 wall=0.004 
 Start: VarValueService
 End:   VarValueService; Timer: cpu0=0.000 wall=0.001 
 Start: SolvePhaseEquation 
 End:   SolvePhaseEquation ; Timer: cpu0=0.594 wall=0.127 
 Start: SolidFiltersProcess: calculate forces and moments
 End:   SolidFiltersProcess: calculate forces and moments; Timer: cpu0=0.000 wall=0.002 
 Start: PrepareDataForNextStep
 End:   PrepareDataForNextStep; Timer: cpu0=0.062 wall=0.011 
 Start: VarValueService
 End:   VarValueService; Timer: cpu0=0.000 wall=0.000 
 Start: UpdateStopperData
 End:   UpdateStopperData; Timer: cpu0=0.000 wall=0.001 
 Start: Saving text status in E:\UniFlight\flow\full_rocket0_fv\data\full_rocket0.status
 End:   Saving text status in E:\UniFlight\flow\full_rocket0_fv\data\full_rocket0.status; Timer: cpu0=0.000 wall=0.002 
 End:   ===== Time Step =====, Iter number =  1; Timer: cpu0=0.672 wall=0.192 

20.06.26 15:53:28  ===== Processing Layers =====
20.06.26 15:53:28    *SEND* for CScalarLayer, GUID=7641E21B-8224-4159-9F24-74BCFE28891B
 Start: ComputeVolumeCharacteristics
 End:   ComputeVolumeCharacteristics; Timer: cpu0=0.000 wall=0.001 
 Start: GetValueOnFacets
 End:   GetValueOnFacets; Timer: cpu0=0.016 wall=0.003 
20.06.26 15:53:28    *SEND* for CIntegralCharsLayer, GUID=4E090A0C-544B-E4A2-4242-BEC451D7CD2B
20.06.26 15:53:28    *SEND* for CIntegralCharsLayer, GUID=F89DB856-096A-C78A-52DA-9AF764E60355
20.06.26 15:53:28    *SEND* for CIntegralCharsLayer, GUID=1F3B9B3A-6498-80C8-3F3C-86FD4C134ECD
 End:   ===== Processing Layers =====; Timer: cpu0=0.016 wall=0.015 

20.06.26 15:53:28  ===== New Time Step =====, Iter number =  2
 Start: TimeServis
 End:   TimeServis; Timer: cpu0=0.000 wall=0.004 
 Start: User modules' functions BeforeTimeStep() are calling
 End:   User modules' functions BeforeTimeStep() are calling; Timer: cpu0=0.000 wall=0.001 
 Start: Adaptation, TotalRealCellsCount= 7556 
 End:   Adaptation; Timer: cpu0=0.000 wall=0.001 
 Start: Initialize data arrays on chips
 End:   Initialize data arrays on chips, res= 0; Timer: cpu0=0.000 wall=0.000 
  ***** Maximum Geometrical Gauss = 3.09949e-15, cell= 355:0:4:1:1:0
  ***** Maximum MovingSurf  Gauss = 0, cell= 
 Start: Initialize data arrays on chips
 End:   Initialize data arrays on chips, res= 0; Timer: cpu0=0.000 wall=0.001 
 Start: TimeServis
 End:   TimeServis; Timer: cpu0=0.078 wall=0.004 
 Start: FindEnclaves
 End:   FindEnclaves; Timer: cpu0=0.000 wall=0.003 
 Start: VarValueService
 End:   VarValueService; Timer: cpu0=0.000 wall=0.001 
 Start: SolvePhaseEquation 
 End:   SolvePhaseEquation ; Timer: cpu0=0.672 wall=0.112 
 Start: SolidFiltersProcess: calculate forces and moments
 End:   SolidFiltersProcess: calculate forces and moments; Timer: cpu0=0.000 wall=0.001 
 Start: PrepareDataForNextStep
 End:   PrepareDataForNextStep; Timer: cpu0=0.000 wall=0.012 
 Start: VarValueService
 End:   VarValueService; Timer: cpu0=0.000 wall=0.001 
 Start: UpdateStopperData
 End:   UpdateStopperData; Timer: cpu0=0.000 wall=0.001 
 Start: Saving text status in E:\UniFlight\flow\full_rocket0_fv\data\full_rocket0.status
 End:   Saving text status in E:\UniFlight\flow\full_rocket0_fv\data\full_rocket0.status; Timer: cpu0=0.000 wall=0.006 
 End:   ===== Time Step =====, Iter number =  2; Timer: cpu0=0.750 wall=0.178 

20.06.26 15:53:28  ===== Processing Layers =====
20.06.26 15:53:28    *SEND* for CScalarLayer, GUID=7641E21B-8224-4159-9F24-74BCFE28891B
 Start: ComputeVolumeCharacteristics
 End:   ComputeVolumeCharacteristics; Timer: cpu0=0.000 wall=0.002 
 Start: GetValueOnFacets
 End:   GetValueOnFacets; Timer: cpu0=0.000 wall=0.002 
20.06.26 15:53:28    *SEND* for CIntegralCharsLayer, GUID=4E090A0C-544B-E4A2-4242-BEC451D7CD2B
20.06.26 15:53:28    *SEND* for CIntegralCharsLayer, GUID=F89DB856-096A-C78A-52DA-9AF764E60355
20.06.26 15:53:28    *SEND* for CIntegralCharsLayer, GUID=1F3B9B3A-6498-80C8-3F3C-86FD4C134ECD
 End:   ===== Processing Layers =====; Timer: cpu0=0.000 wall=0.015 

20.06.26 15:53:29  ===== New Time Step =====, Iter number =  3
 Start: TimeServis
 End:   TimeServis; Timer: cpu0=0.000 wall=0.003 
 Start: User modules' functions BeforeTimeStep() are calling
 End:   User modules' functions BeforeTimeStep() are calling; Timer: cpu0=0.000 wall=0.001 
 Start: Adaptation, TotalRealCellsCount= 7556 
 End:   Adaptation; Timer: cpu0=0.172 wall=0.001 
 Start: Initialize data arrays on chips
 End:   Initialize data arrays on chips, res= 0; Timer: cpu0=0.000 wall=0.001 
  ***** Maximum Geometrical Gauss = 3.09949e-15, cell= 355:0:4:1:1:0
  ***** Maximum MovingSurf  Gauss = 0, cell= 
 Start: Initialize data arrays on chips
 End:   Initialize data arrays on chips, res= 0; Timer: cpu0=0.000 wall=0.002 
 Start: TimeServis
 End:   TimeServis; Timer: cpu0=0.000 wall=0.004 
 Start: FindEnclaves
 End:   FindEnclaves; Timer: cpu0=0.000 wall=0.003 
 Start: VarValueService
 End:   VarValueService; Timer: cpu0=0.000 wall=0.001 
 Start: SolvePhaseEquation 
 End:   SolvePhaseEquation ; Timer: cpu0=0.719 wall=0.110 
 Start: SolidFiltersProcess: calculate forces and moments
 End:   SolidFiltersProcess: calculate forces and moments; Timer: cpu0=0.000 wall=0.004 
 Start: PrepareDataForNextStep
 End:   PrepareDataForNextStep; Timer: cpu0=0.000 wall=0.010 
 Start: VarValueService
 End:   VarValueService; Timer: cpu0=0.000 wall=0.001 
 Start: UpdateStopperData
 End:   UpdateStopperData; Timer: cpu0=0.000 wall=0.001 
 Start: Saving text status in E:\UniFlight\flow\full_rocket0_fv\data\full_rocket0.status
 End:   Saving text status in E:\UniFlight\flow\full_rocket0_fv\data\full_rocket0.status; Timer: cpu0=0.000 wall=0.002 
 End:   ===== Time Step =====, Iter number =  3; Timer: cpu0=0.891 wall=0.171 

20.06.26 15:53:29  ===== Processing Layers =====
20.06.26 15:53:29    *SEND* for CScalarLayer, GUID=7641E21B-8224-4159-9F24-74BCFE28891B
 Start: ComputeVolumeCharacteristics
 End:   ComputeVolumeCharacteristics; Timer: cpu0=0.000 wall=0.001 
 Start: GetValueOnFacets
 End:   GetValueOnFacets; Timer: cpu0=0.000 wall=0.003 
20.06.26 15:53:29    *SEND* for CIntegralCharsLayer, GUID=4E090A0C-544B-E4A2-4242-BEC451D7CD2B
20.06.26 15:53:29    *SEND* for CIntegralCharsLayer, GUID=F89DB856-096A-C78A-52DA-9AF764E60355
20.06.26 15:53:29    *SEND* for CIntegralCharsLayer, GUID=1F3B9B3A-6498-80C8-3F3C-86FD4C134ECD
 End:   ===== Processing Layers =====; Timer: cpu0=0.000 wall=0.021 

20.06.26 15:53:29  ===== New Time Step =====, Iter number =  4
 Start: TimeServis
 End:   TimeServis; Timer: cpu0=0.000 wall=0.004 
 Start: User modules' functions BeforeTimeStep() are calling
 End:   User modules' functions BeforeTimeStep() are calling; Timer: cpu0=0.000 wall=0.002 
 Start: Adaptation, TotalRealCellsCount= 7556 
 End:   Adaptation; Timer: cpu0=0.000 wall=0.002 
 Start: Initialize data arrays on chips
 End:   Initialize data arrays on chips, res= 0; Timer: cpu0=0.000 wall=0.001 
  ***** Maximum Geometrical Gauss = 3.09949e-15, cell= 355:0:4:1:1:0
  ***** Maximum MovingSurf  Gauss = 0, cell= 
 Start: Initialize data arrays on chips
 End:   Initialize data arrays on chips, res= 0; Timer: cpu0=0.000 wall=0.001 
 Start: TimeServis
 End:   TimeServis; Timer: cpu0=0.031 wall=0.004 
 Start: FindEnclaves
 End:   FindEnclaves; Timer: cpu0=0.000 wall=0.005 
 Start: VarValueService
 End:   VarValueService; Timer: cpu0=0.000 wall=0.001 
 Start: SolvePhaseEquation 
 End:   SolvePhaseEquation ; Timer: cpu0=1.172 wall=0.224 
 Start: SolidFiltersProcess: calculate forces and moments
 End:   SolidFiltersProcess: calculate forces and moments; Timer: cpu0=0.000 wall=0.002 
 Start: PrepareDataForNextStep
 End:   PrepareDataForNextStep; Timer: cpu0=0.062 wall=0.016 
 Start: VarValueService
 End:   VarValueService; Timer: cpu0=0.000 wall=0.002 
 Start: UpdateStopperData
 End:   UpdateStopperData; Timer: cpu0=0.000 wall=0.001 
 Start: Saving text status in E:\UniFlight\flow\full_rocket0_fv\data\full_rocket0.status
 End:   Saving text status in E:\UniFlight\flow\full_rocket0_fv\data\full_rocket0.status; Timer: cpu0=0.000 wall=0.003 
 End:   ===== Time Step =====, Iter number =  4; Timer: cpu0=1.266 wall=0.303 

20.06.26 15:53:30  ===== Processing Layers =====
20.06.26 15:53:30    *SEND* for CScalarLayer, GUID=7641E21B-8224-4159-9F24-74BCFE28891B
 Start: ComputeVolumeCharacteristics
 End:   ComputeVolumeCharacteristics; Timer: cpu0=0.000 wall=0.001 
 Start: GetValueOnFacets
 End:   GetValueOnFacets; Timer: cpu0=0.000 wall=0.002 
20.06.26 15:53:30    *SEND* for CIntegralCharsLayer, GUID=4E090A0C-544B-E4A2-4242-BEC451D7CD2B
20.06.26 15:53:30    *SEND* for CIntegralCharsLayer, GUID=F89DB856-096A-C78A-52DA-9AF764E60355
20.06.26 15:53:30    *SEND* for CIntegralCharsLayer, GUID=1F3B9B3A-6498-80C8-3F3C-86FD4C134ECD
 End:   ===== Processing Layers =====; Timer: cpu0=0.000 wall=0.015 

20.06.26 15:53:30  ===== New Time Step =====, Iter number =  5
 Start: TimeServis
 End:   TimeServis; Timer: cpu0=0.000 wall=0.004 
 Start: User modules' functions BeforeTimeStep() are calling
 End:   User modules' functions BeforeTimeStep() are calling; Timer: cpu0=0.000 wall=0.002 
 Start: Adaptation, TotalRealCellsCount= 7556 
 End:   Adaptation; Timer: cpu0=0.000 wall=0.002 
 Start: Initialize data arrays on chips
 End:   Initialize data arrays on chips, res= 0; Timer: cpu0=0.000 wall=0.001 
  ***** Maximum Geometrical Gauss = 3.09949e-15, cell= 355:0:4:1:1:0
  ***** Maximum MovingSurf  Gauss = 0, cell= 
 Start: Initialize data arrays on chips
 End:   Initialize data arrays on chips, res= 0; Timer: cpu0=0.000 wall=0.001 
 Start: TimeServis
 End:   TimeServis; Timer: cpu0=0.000 wall=0.003 
 Start: FindEnclaves
 End:   FindEnclaves; Timer: cpu0=0.000 wall=0.005 
 Start: VarValueService
 End:   VarValueService; Timer: cpu0=0.031 wall=0.001 
 Start: SolvePhaseEquation 
 End:   SolvePhaseEquation ; Timer: cpu0=0.688 wall=0.119 
 Start: SolidFiltersProcess: calculate forces and moments
 End:   SolidFiltersProcess: calculate forces and moments; Timer: cpu0=0.000 wall=0.003 
 Start: PrepareDataForNextStep
 End:   PrepareDataForNextStep; Timer: cpu0=0.000 wall=0.010 
 Start: VarValueService
 End:   VarValueService; Timer: cpu0=0.000 wall=0.002 
 Start: UpdateStopperData
 End:   UpdateStopperData; Timer: cpu0=0.000 wall=0.001 
 Start: Saving text status in E:\UniFlight\flow\full_rocket0_fv\data\full_rocket0.status
 End:   Saving text status in E:\UniFlight\flow\full_rocket0_fv\data\full_rocket0.status; Timer: cpu0=0.000 wall=0.002 
 End:   ===== Time Step =====, Iter number =  5; Timer: cpu0=0.719 wall=0.183 

20.06.26 15:53:30  ===== Processing Layers =====
20.06.26 15:53:30    *SEND* for CScalarLayer, GUID=7641E21B-8224-4159-9F24-74BCFE28891B
 Start: ComputeVolumeCharacteristics
 End:   ComputeVolumeCharacteristics; Timer: cpu0=0.000 wall=0.001 
 Start: GetValueOnFacets
 End:   GetValueOnFacets; Timer: cpu0=0.000 wall=0.002 
20.06.26 15:53:30    *SEND* for CIntegralCharsLayer, GUID=4E090A0C-544B-E4A2-4242-BEC451D7CD2B
20.06.26 15:53:30    *SEND* for CIntegralCharsLayer, GUID=F89DB856-096A-C78A-52DA-9AF764E60355
20.06.26 15:53:30    *SEND* for CIntegralCharsLayer, GUID=1F3B9B3A-6498-80C8-3F3C-86FD4C134ECD
 End:   ===== Processing Layers =====; Timer: cpu0=0.000 wall=0.015 

20.06.26 15:53:30  ===== New Time Step =====, Iter number =  6
 Start: TimeServis
 End:   TimeServis; Timer: cpu0=0.000 wall=0.004 
 Start: User modules' functions BeforeTimeStep() are calling
 End:   User modules' functions BeforeTimeStep() are calling; Timer: cpu0=0.000 wall=0.002 
 Start: Adaptation, TotalRealCellsCount= 7556 
 End:   Adaptation; Timer: cpu0=0.000 wall=0.001 
 Start: Initialize data arrays on chips
 End:   Initialize data arrays on chips, res= 0; Timer: cpu0=0.000 wall=0.001 
  ***** Maximum Geometrical Gauss = 3.09949e-15, cell= 355:0:4:1:1:0
  ***** Maximum MovingSurf  Gauss = 0, cell= 
 Start: Initialize data arrays on chips
 End:   Initialize data arrays on chips, res= 0; Timer: cpu0=0.000 wall=0.001 
 Start: TimeServis
 End:   TimeServis; Timer: cpu0=0.000 wall=0.004 
 Start: FindEnclaves
 End:   FindEnclaves; Timer: cpu0=0.016 wall=0.006 
 Start: VarValueService
 End:   VarValueService; Timer: cpu0=0.000 wall=0.001 
 Start: SolvePhaseEquation 
 End:   SolvePhaseEquation ; Timer: cpu0=0.938 wall=0.139 
 Start: SolidFiltersProcess: calculate forces and moments
 End:   SolidFiltersProcess: calculate forces and moments; Timer: cpu0=0.000 wall=0.002 
 Start: PrepareDataForNextStep
 End:   PrepareDataForNextStep; Timer: cpu0=0.016 wall=0.013 
 Start: VarValueService
 End:   VarValueService; Timer: cpu0=0.000 wall=0.002 
 Start: UpdateStopperData
 End:   UpdateStopperData; Timer: cpu0=0.000 wall=0.001 
 Start: Saving text status in E:\UniFlight\flow\full_rocket0_fv\data\full_rocket0.status
 End:   Saving text status in E:\UniFlight\flow\full_rocket0_fv\data\full_rocket0.status; Timer: cpu0=0.000 wall=0.003 
 End:   ===== Time Step =====, Iter number =  6; Timer: cpu0=0.984 wall=0.215 

20.06.26 15:53:31  ===== Processing Layers =====
20.06.26 15:53:31    *SEND* for CScalarLayer, GUID=7641E21B-8224-4159-9F24-74BCFE28891B
 Start: ComputeVolumeCharacteristics
 End:   ComputeVolumeCharacteristics; Timer: cpu0=0.000 wall=0.001 
 Start: GetValueOnFacets
 End:   GetValueOnFacets; Timer: cpu0=0.000 wall=0.002 
20.06.26 15:53:31    *SEND* for CIntegralCharsLayer, GUID=4E090A0C-544B-E4A2-4242-BEC451D7CD2B
20.06.26 15:53:31    *SEND* for CIntegralCharsLayer, GUID=F89DB856-096A-C78A-52DA-9AF764E60355
20.06.26 15:53:31    *SEND* for CIntegralCharsLayer, GUID=1F3B9B3A-6498-80C8-3F3C-86FD4C134ECD
 End:   ===== Processing Layers =====; Timer: cpu0=0.000 wall=0.018 

20.06.26 15:53:31  ===== New Time Step =====, Iter number =  7
 Start: TimeServis
 End:   TimeServis; Timer: cpu0=0.000 wall=0.004 
 Start: User modules' functions BeforeTimeStep() are calling
 End:   User modules' functions BeforeTimeStep() are calling; Timer: cpu0=0.000 wall=0.002 
 Start: Adaptation, TotalRealCellsCount= 7556 
 End:   Adaptation; Timer: cpu0=0.000 wall=0.002 
 Start: Initialize data arrays on chips
 End:   Initialize data arrays on chips, res= 0; Timer: cpu0=0.000 wall=0.001 
  ***** Maximum Geometrical Gauss = 3.09949e-15, cell= 355:0:4:1:1:0
  ***** Maximum MovingSurf  Gauss = 0, cell= 
 Start: Initialize data arrays on chips
 End:   Initialize data arrays on chips, res= 0; Timer: cpu0=0.000 wall=0.001 
 Start: TimeServis
 End:   TimeServis; Timer: cpu0=0.000 wall=0.004 
 Start: FindEnclaves
 End:   FindEnclaves; Timer: cpu0=0.000 wall=0.004 
 Start: VarValueService
 End:   VarValueService; Timer: cpu0=0.000 wall=0.001 
 Start: SolvePhaseEquation 
 End:   SolvePhaseEquation ; Timer: cpu0=0.844 wall=0.123 
 Start: SolidFiltersProcess: calculate forces and moments
 End:   SolidFiltersProcess: calculate forces and moments; Timer: cpu0=0.000 wall=0.003 
 Start: PrepareDataForNextStep
 End:   PrepareDataForNextStep; Timer: cpu0=0.000 wall=0.011 
 Start: VarValueService
 End:   VarValueService; Timer: cpu0=0.000 wall=0.002 
 Start: UpdateStopperData
 End:   UpdateStopperData; Timer: cpu0=0.000 wall=0.001 
 Start: Saving text status in E:\UniFlight\flow\full_rocket0_fv\data\full_rocket0.status
 End:   Saving text status in E:\UniFlight\flow\full_rocket0_fv\data\full_rocket0.status; Timer: cpu0=0.000 wall=0.002 
 End:   ===== Time Step =====, Iter number =  7; Timer: cpu0=0.984 wall=0.194 

20.06.26 15:53:31  ===== Processing Layers =====
20.06.26 15:53:31    *SEND* for CScalarLayer, GUID=7641E21B-8224-4159-9F24-74BCFE28891B
 Start: ComputeVolumeCharacteristics
 End:   ComputeVolumeCharacteristics; Timer: cpu0=0.000 wall=0.001 
 Start: GetValueOnFacets
 End:   GetValueOnFacets; Timer: cpu0=0.000 wall=0.003 
20.06.26 15:53:31    *SEND* for CIntegralCharsLayer, GUID=4E090A0C-544B-E4A2-4242-BEC451D7CD2B
20.06.26 15:53:31    *SEND* for CIntegralCharsLayer, GUID=F89DB856-096A-C78A-52DA-9AF764E60355
20.06.26 15:53:31    *SEND* for CIntegralCharsLayer, GUID=1F3B9B3A-6498-80C8-3F3C-86FD4C134ECD
 End:   ===== Processing Layers =====; Timer: cpu0=0.000 wall=0.018 

20.06.26 15:53:31  ===== New Time Step =====, Iter number =  8
 Start: TimeServis
 End:   TimeServis; Timer: cpu0=0.125 wall=0.005 
 Start: User modules' functions BeforeTimeStep() are calling
 End:   User modules' functions BeforeTimeStep() are calling; Timer: cpu0=0.000 wall=0.001 
 Start: Adaptation, TotalRealCellsCount= 7556 
 End:   Adaptation; Timer: cpu0=0.000 wall=0.002 
 Start: Initialize data arrays on chips
 End:   Initialize data arrays on chips, res= 0; Timer: cpu0=0.000 wall=0.001 
  ***** Maximum Geometrical Gauss = 3.09949e-15, cell= 355:0:4:1:1:0
  ***** Maximum MovingSurf  Gauss = 0, cell= 
 Start: Initialize data arrays on chips
 End:   Initialize data arrays on chips, res= 0; Timer: cpu0=0.000 wall=0.001 
 Start: TimeServis
 End:   TimeServis; Timer: cpu0=0.000 wall=0.004 
 Start: FindEnclaves
 End:   FindEnclaves; Timer: cpu0=0.000 wall=0.004 
 Start: VarValueService
 End:   VarValueService; Timer: cpu0=0.000 wall=0.001 
 Start: SolvePhaseEquation 
 End:   SolvePhaseEquation ; Timer: cpu0=0.828 wall=0.123 
 Start: SolidFiltersProcess: calculate forces and moments
 End:   SolidFiltersProcess: calculate forces and moments; Timer: cpu0=0.000 wall=0.002 
 Start: PrepareDataForNextStep
 End:   PrepareDataForNextStep; Timer: cpu0=0.031 wall=0.013 
 Start: VarValueService
 End:   VarValueService; Timer: cpu0=0.000 wall=0.001 
 Start: UpdateStopperData
 End:   UpdateStopperData; Timer: cpu0=0.000 wall=0.002 
 Start: Saving text status in E:\UniFlight\flow\full_rocket0_fv\data\full_rocket0.status
 End:   Saving text status in E:\UniFlight\flow\full_rocket0_fv\data\full_rocket0.status; Timer: cpu0=0.000 wall=0.002 
 End:   ===== Time Step =====, Iter number =  8; Timer: cpu0=0.984 wall=0.194 

20.06.26 15:53:32  ===== Processing Layers =====
20.06.26 15:53:32    *SEND* for CScalarLayer, GUID=7641E21B-8224-4159-9F24-74BCFE28891B
 Start: ComputeVolumeCharacteristics
 End:   ComputeVolumeCharacteristics; Timer: cpu0=0.000 wall=0.002 
 Start: GetValueOnFacets
 End:   GetValueOnFacets; Timer: cpu0=0.000 wall=0.004 
20.06.26 15:53:32    *SEND* for CIntegralCharsLayer, GUID=4E090A0C-544B-E4A2-4242-BEC451D7CD2B
20.06.26 15:53:32    *SEND* for CIntegralCharsLayer, GUID=F89DB856-096A-C78A-52DA-9AF764E60355
20.06.26 15:53:32    *SEND* for CIntegralCharsLayer, GUID=1F3B9B3A-6498-80C8-3F3C-86FD4C134ECD
 End:   ===== Processing Layers =====; Timer: cpu0=0.016 wall=0.019 

20.06.26 15:53:32  ===== New Time Step =====, Iter number =  9
 Start: TimeServis
 End:   TimeServis; Timer: cpu0=0.000 wall=0.006 
 Start: User modules' functions BeforeTimeStep() are calling
 End:   User modules' functions BeforeTimeStep() are calling; Timer: cpu0=0.000 wall=0.001 
 Start: Adaptation, TotalRealCellsCount= 7556 
 End:   Adaptation; Timer: cpu0=0.000 wall=0.001 
 Start: Initialize data arrays on chips
 End:   Initialize data arrays on chips, res= 0; Timer: cpu0=0.000 wall=0.002 
  ***** Maximum Geometrical Gauss = 3.09949e-15, cell= 355:0:4:1:1:0
  ***** Maximum MovingSurf  Gauss = 0, cell= 
 Start: Initialize data arrays on chips
 End:   Initialize data arrays on chips, res= 0; Timer: cpu0=0.000 wall=0.001 
 Start: TimeServis
 End:   TimeServis; Timer: cpu0=0.000 wall=0.005 
 Start: FindEnclaves
 End:   FindEnclaves; Timer: cpu0=0.000 wall=0.006 
 Start: VarValueService
 End:   VarValueService; Timer: cpu0=0.000 wall=0.001 
 Start: SolvePhaseEquation 
 End:   SolvePhaseEquation ; Timer: cpu0=0.578 wall=0.137 
 Start: SolidFiltersProcess: calculate forces and moments
 End:   SolidFiltersProcess: calculate forces and moments; Timer: cpu0=0.000 wall=0.003 
 Start: PrepareDataForNextStep
 End:   PrepareDataForNextStep; Timer: cpu0=0.047 wall=0.012 
 Start: VarValueService
 End:   VarValueService; Timer: cpu0=0.000 wall=0.001 
 Start: UpdateStopperData
 End:   UpdateStopperData; Timer: cpu0=0.000 wall=0.001 
 Start: Saving text status in E:\UniFlight\flow\full_rocket0_fv\data\full_rocket0.status
 End:   Saving text status in E:\UniFlight\flow\full_rocket0_fv\data\full_rocket0.status; Timer: cpu0=0.000 wall=0.002 
 End:   ===== Time Step =====, Iter number =  9; Timer: cpu0=0.734 wall=0.211 

20.06.26 15:53:32  ===== Processing Layers =====
20.06.26 15:53:32    *SEND* for CScalarLayer, GUID=7641E21B-8224-4159-9F24-74BCFE28891B
 Start: ComputeVolumeCharacteristics
 End:   ComputeVolumeCharacteristics; Timer: cpu0=0.000 wall=0.001 
 Start: GetValueOnFacets
 End:   GetValueOnFacets; Timer: cpu0=0.016 wall=0.003 
20.06.26 15:53:32    *SEND* for CIntegralCharsLayer, GUID=4E090A0C-544B-E4A2-4242-BEC451D7CD2B
20.06.26 15:53:32    *SEND* for CIntegralCharsLayer, GUID=F89DB856-096A-C78A-52DA-9AF764E60355
20.06.26 15:53:32    *SEND* for CIntegralCharsLayer, GUID=1F3B9B3A-6498-80C8-3F3C-86FD4C134ECD
 End:   ===== Processing Layers =====; Timer: cpu0=0.016 wall=0.019 

20.06.26 15:53:33  ===== New Time Step =====, Iter number =  10
 Start: TimeServis
 End:   TimeServis; Timer: cpu0=0.000 wall=0.005 
 Start: User modules' functions BeforeTimeStep() are calling
 End:   User modules' functions BeforeTimeStep() are calling; Timer: cpu0=0.000 wall=0.001 
 Start: Adaptation, TotalRealCellsCount= 7556 
 End:   Adaptation; Timer: cpu0=1.891 wall=0.445 
 Start: DistributeGridOnProcessors
 End:   DistributeGridOnProcessors, res= 0; Timer: cpu0=0.328 wall=0.102 
 Start: SetNeiHyperCells
 End:   SetNeiHyperCells, res= 0; Timer: cpu0=0.000 wall=0.005 
 Start: BuildFacetDistribution
 End:   BuildFacetDistribution; Timer: cpu0=0.000 wall=0.003 
 Start: Initialize data arrays on chips
 End:   Initialize data arrays on chips, res= 0; Timer: cpu0=0.000 wall=0.002 
  ***** Maximum Geometrical Gauss = 4.20284e-15, cell= 709:4:0
  ***** Maximum MovingSurf  Gauss = 9.07339e-15, cell= 95:3:0
 Start: Remove Small Cells
 End:   Remove Small Cells; Timer: cpu0=0.000 wall=0.009 
 Start: Initialize data arrays on chips
 End:   Initialize data arrays on chips, res= 0; Timer: cpu0=0.000 wall=0.002 
  ***** Maximum Geometrical Gauss = 4.20284e-15, cell= 709:4:0
  ***** Maximum MovingSurf  Gauss = 9.07339e-15, cell= 95:3:0
 Start: Initialize data arrays on chips
 End:   Initialize data arrays on chips, res= 0; Timer: cpu0=0.000 wall=0.001 
 Start: Modify Chip Data
 End:   Modify Chip Data; Timer: cpu0=0.172 wall=0.013 
 Start: TimeServis
 End:   TimeServis; Timer: cpu0=0.344 wall=0.027 
 Start: FindEnclaves
 End:   FindEnclaves; Timer: cpu0=0.047 wall=0.041 
 Start: VarValueService
 End:   VarValueService; Timer: cpu0=0.000 wall=0.002 
 Start: SolvePhaseEquation 
 End:   SolvePhaseEquation ; Timer: cpu0=4.922 wall=0.762 
 Start: SolidFiltersProcess: calculate forces and moments
 End:   SolidFiltersProcess: calculate forces and moments; Timer: cpu0=0.000 wall=0.003 
 Start: PrepareDataForNextStep
 End:   PrepareDataForNextStep; Timer: cpu0=0.266 wall=0.033 
 Start: VarValueService
 End:   VarValueService; Timer: cpu0=0.000 wall=0.002 
 Start: UpdateStopperData
 End:   UpdateStopperData; Timer: cpu0=0.000 wall=0.000 
 Start: Saving text status in E:\UniFlight\flow\full_rocket0_fv\data\full_rocket0.status
 End:   Saving text status in E:\UniFlight\flow\full_rocket0_fv\data\full_rocket0.status; Timer: cpu0=0.000 wall=0.002 
 End:   ===== Time Step =====, Iter number =  10; Timer: cpu0=8.203 wall=1.545 

20.06.26 15:53:34  ===== Processing Layers =====
20.06.26 15:53:34    *SEND* for CScalarLayer, GUID=7641E21B-8224-4159-9F24-74BCFE28891B
 Start: ComputeVolumeCharacteristics
 End:   ComputeVolumeCharacteristics; Timer: cpu0=0.000 wall=0.003 
 Start: GetValueOnFacets
 End:   GetValueOnFacets; Timer: cpu0=0.156 wall=0.007 
20.06.26 15:53:34    *SEND* for CIntegralCharsLayer, GUID=4E090A0C-544B-E4A2-4242-BEC451D7CD2B
20.06.26 15:53:34    *SEND* for CIntegralCharsLayer, GUID=F89DB856-096A-C78A-52DA-9AF764E60355
20.06.26 15:53:34    *SEND* for CIntegralCharsLayer, GUID=1F3B9B3A-6498-80C8-3F3C-86FD4C134ECD
 End:   ===== Processing Layers =====; Timer: cpu0=0.156 wall=0.024 

20.06.26 15:53:34  ===== New Time Step =====, Iter number =  11
 Start: TimeServis
 End:   TimeServis; Timer: cpu0=0.156 wall=0.016 
 Start: User modules' functions BeforeTimeStep() are calling
 End:   User modules' functions BeforeTimeStep() are calling; Timer: cpu0=0.000 wall=0.001 
 Start: Adaptation, TotalRealCellsCount= 39301 
 End:   Adaptation; Timer: cpu0=5.484 wall=0.880 
 Start: DistributeGridOnProcessors
 End:   DistributeGridOnProcessors, res= 0; Timer: cpu0=0.922 wall=0.245 
 Start: SetNeiHyperCells
 End:   SetNeiHyperCells, res= 0; Timer: cpu0=0.125 wall=0.008 
 Start: BuildFacetDistribution
 End:   BuildFacetDistribution; Timer: cpu0=0.000 wall=0.004 
 Start: Initialize data arrays on chips
 End:   Initialize data arrays on chips, res= 0; Timer: cpu0=0.000 wall=0.004 
  ***** Maximum Geometrical Gauss = 7.46024e-15, cell= 491:6:2:0
  ***** Maximum MovingSurf  Gauss = 1.40549e-14, cell= 191:7:7:0
 Start: Remove Small Cells
 End:   Remove Small Cells; Timer: cpu0=0.094 wall=0.040 
 Start: Initialize data arrays on chips
 End:   Initialize data arrays on chips, res= 0; Timer: cpu0=0.000 wall=0.003 
  ***** Maximum Geometrical Gauss = 7.46024e-15, cell= 491:6:2:0
  ***** Maximum MovingSurf  Gauss = 1.40549e-14, cell= 191:7:7:0
 Start: Initialize data arrays on chips
 End:   Initialize data arrays on chips, res= 0; Timer: cpu0=0.000 wall=0.004 
 Start: Modify Chip Data
 End:   Modify Chip Data; Timer: cpu0=0.812 wall=0.095 
 Start: TimeServis
 End:   TimeServis; Timer: cpu0=0.656 wall=0.082 
 Start: FindEnclaves
 End:   FindEnclaves; Timer: cpu0=0.125 wall=0.133 
 Start: VarValueService
 End:   VarValueService; Timer: cpu0=0.000 wall=0.002 
 Start: SolvePhaseEquation 
 End:   SolvePhaseEquation ; Timer: cpu0=15.406 wall=2.218 
 Start: SolidFiltersProcess: calculate forces and moments
 End:   SolidFiltersProcess: calculate forces and moments; Timer: cpu0=0.000 wall=0.002 
 Start: PrepareDataForNextStep
 End:   PrepareDataForNextStep; Timer: cpu0=0.609 wall=0.056 
 Start: VarValueService
 End:   VarValueService; Timer: cpu0=0.000 wall=0.002 
 Start: UpdateStopperData
 End:   UpdateStopperData; Timer: cpu0=0.000 wall=0.000 
 Start: Saving text status in E:\UniFlight\flow\full_rocket0_fv\data\full_rocket0.status
 End:   Saving text status in E:\UniFlight\flow\full_rocket0_fv\data\full_rocket0.status; Timer: cpu0=0.000 wall=0.003 
 End:   ===== Time Step =====, Iter number =  11; Timer: cpu0=25.016 wall=3.971 

20.06.26 15:53:39  ===== Processing Layers =====
20.06.26 15:53:39    *SEND* for CScalarLayer, GUID=7641E21B-8224-4159-9F24-74BCFE28891B
 Start: ComputeVolumeCharacteristics
 End:   ComputeVolumeCharacteristics; Timer: cpu0=0.000 wall=0.005 
 Start: GetValueOnFacets
 End:   GetValueOnFacets; Timer: cpu0=0.016 wall=0.017 
20.06.26 15:53:39    *SEND* for CIntegralCharsLayer, GUID=4E090A0C-544B-E4A2-4242-BEC451D7CD2B
20.06.26 15:53:39    *SEND* for CIntegralCharsLayer, GUID=F89DB856-096A-C78A-52DA-9AF764E60355
20.06.26 15:53:39    *SEND* for CIntegralCharsLayer, GUID=1F3B9B3A-6498-80C8-3F3C-86FD4C134ECD
 End:   ===== Processing Layers =====; Timer: cpu0=0.172 wall=0.046 

20.06.26 15:53:39  ===== New Time Step =====, Iter number =  12
 Start: TimeServis
 End:   TimeServis; Timer: cpu0=0.500 wall=0.046 
 Start: User modules' functions BeforeTimeStep() are calling
 End:   User modules' functions BeforeTimeStep() are calling; Timer: cpu0=0.000 wall=0.001 
 Start: Adaptation, TotalRealCellsCount= 105206 
 End:   Adaptation; Timer: cpu0=0.000 wall=0.006 
 Start: Initialize data arrays on chips
 End:   Initialize data arrays on chips, res= 0; Timer: cpu0=0.000 wall=0.003 
  ***** Maximum Geometrical Gauss = 7.46024e-15, cell= 491:6:2:0
  ***** Maximum MovingSurf  Gauss = 0, cell= 
 Start: Initialize data arrays on chips
 End:   Initialize data arrays on chips, res= 0; Timer: cpu0=0.000 wall=0.002 
 Start: TimeServis
 End:   TimeServis; Timer: cpu0=0.562 wall=0.055 
 Start: FindEnclaves
 End:   FindEnclaves; Timer: cpu0=0.172 wall=0.151 
 Start: VarValueService
 End:   VarValueService; Timer: cpu0=0.000 wall=0.002 
 Start: SolvePhaseEquation 
 End:   SolvePhaseEquation ; Timer: cpu0=14.156 wall=1.804 
 Start: SolidFiltersProcess: calculate forces and moments
 End:   SolidFiltersProcess: calculate forces and moments; Timer: cpu0=0.000 wall=0.002 
 Start: PrepareDataForNextStep
 End:   PrepareDataForNextStep; Timer: cpu0=0.359 wall=0.047 
 Start: VarValueService
 End:   VarValueService; Timer: cpu0=0.156 wall=0.002 
 Start: UpdateStopperData
 End:   UpdateStopperData; Timer: cpu0=0.000 wall=0.000 
 Start: Saving text status in E:\UniFlight\flow\full_rocket0_fv\data\full_rocket0.status
 End:   Saving text status in E:\UniFlight\flow\full_rocket0_fv\data\full_rocket0.status; Timer: cpu0=0.000 wall=0.002 
 End:   ===== Time Step =====, Iter number =  12; Timer: cpu0=16.234 wall=2.204 

20.06.26 15:53:41  ===== Processing Layers =====
20.06.26 15:53:41    *SEND* for CScalarLayer, GUID=7641E21B-8224-4159-9F24-74BCFE28891B
 Start: ComputeVolumeCharacteristics
 End:   ComputeVolumeCharacteristics; Timer: cpu0=0.000 wall=0.004 
 Start: GetValueOnFacets
 End:   GetValueOnFacets; Timer: cpu0=0.125 wall=0.012 
20.06.26 15:53:41    *SEND* for CIntegralCharsLayer, GUID=4E090A0C-544B-E4A2-4242-BEC451D7CD2B
20.06.26 15:53:41    *SEND* for CIntegralCharsLayer, GUID=F89DB856-096A-C78A-52DA-9AF764E60355
20.06.26 15:53:41    *SEND* for CIntegralCharsLayer, GUID=1F3B9B3A-6498-80C8-3F3C-86FD4C134ECD
 End:   ===== Processing Layers =====; Timer: cpu0=0.125 wall=0.031 

20.06.26 15:53:41  ===== New Time Step =====, Iter number =  13
 Start: TimeServis
 End:   TimeServis; Timer: cpu0=0.359 wall=0.033 
 Start: User modules' functions BeforeTimeStep() are calling
 End:   User modules' functions BeforeTimeStep() are calling; Timer: cpu0=0.000 wall=0.001 
 Start: Adaptation, TotalRealCellsCount= 105206 
 End:   Adaptation; Timer: cpu0=0.000 wall=0.004 
 Start: Initialize data arrays on chips
 End:   Initialize data arrays on chips, res= 0; Timer: cpu0=0.000 wall=0.002 
  ***** Maximum Geometrical Gauss = 7.46024e-15, cell= 491:6:2:0
  ***** Maximum MovingSurf  Gauss = 0, cell= 
 Start: Initialize data arrays on chips
 End:   Initialize data arrays on chips, res= 0; Timer: cpu0=0.016 wall=0.002 
 Start: TimeServis
 End:   TimeServis; Timer: cpu0=0.453 wall=0.042 
 Start: FindEnclaves
 End:   FindEnclaves; Timer: cpu0=0.109 wall=0.105 
 Start: VarValueService
 End:   VarValueService; Timer: cpu0=0.000 wall=0.002 
 Start: SolvePhaseEquation 
 End:   SolvePhaseEquation ; Timer: cpu0=14.141 wall=1.972 
 Start: SolidFiltersProcess: calculate forces and moments
 End:   SolidFiltersProcess: calculate forces and moments; Timer: cpu0=0.000 wall=0.001 
 Start: PrepareDataForNextStep
 End:   PrepareDataForNextStep; Timer: cpu0=0.328 wall=0.050 
 Start: VarValueService
 End:   VarValueService; Timer: cpu0=0.000 wall=0.002 
 Start: UpdateStopperData
 End:   UpdateStopperData; Timer: cpu0=0.000 wall=0.001 
 Start: Saving text status in E:\UniFlight\flow\full_rocket0_fv\data\full_rocket0.status
 End:   Saving text status in E:\UniFlight\flow\full_rocket0_fv\data\full_rocket0.status; Timer: cpu0=0.000 wall=0.002 
 End:   ===== Time Step =====, Iter number =  13; Timer: cpu0=15.750 wall=2.289 

20.06.26 15:53:44  ===== Processing Layers =====
20.06.26 15:53:44    *SEND* for CScalarLayer, GUID=7641E21B-8224-4159-9F24-74BCFE28891B
 Start: ComputeVolumeCharacteristics
 End:   ComputeVolumeCharacteristics; Timer: cpu0=0.000 wall=0.007 
 Start: GetValueOnFacets
 End:   GetValueOnFacets; Timer: cpu0=0.016 wall=0.018 
20.06.26 15:53:44    *SEND* for CIntegralCharsLayer, GUID=4E090A0C-544B-E4A2-4242-BEC451D7CD2B
20.06.26 15:53:44    *SEND* for CIntegralCharsLayer, GUID=F89DB856-096A-C78A-52DA-9AF764E60355
20.06.26 15:53:44    *SEND* for CIntegralCharsLayer, GUID=1F3B9B3A-6498-80C8-3F3C-86FD4C134ECD
 End:   ===== Processing Layers =====; Timer: cpu0=0.172 wall=0.051 

20.06.26 15:53:44  ===== New Time Step =====, Iter number =  14
 Start: TimeServis
 End:   TimeServis; Timer: cpu0=0.594 wall=0.057 
 Start: User modules' functions BeforeTimeStep() are calling
 End:   User modules' functions BeforeTimeStep() are calling; Timer: cpu0=0.000 wall=0.004 
 Start: Adaptation, TotalRealCellsCount= 105206 
 End:   Adaptation; Timer: cpu0=0.000 wall=0.006 
 Start: Initialize data arrays on chips
 End:   Initialize data arrays on chips, res= 0; Timer: cpu0=0.000 wall=0.003 
  ***** Maximum Geometrical Gauss = 7.46024e-15, cell= 491:6:2:0
  ***** Maximum MovingSurf  Gauss = 0, cell= 
 Start: Initialize data arrays on chips
 End:   Initialize data arrays on chips, res= 0; Timer: cpu0=0.125 wall=0.003 
 Start: TimeServis
 End:   TimeServis; Timer: cpu0=0.594 wall=0.066 
 Start: FindEnclaves
 End:   FindEnclaves; Timer: cpu0=0.109 wall=0.123 
 Start: VarValueService
 End:   VarValueService; Timer: cpu0=0.000 wall=0.001 
 Start: SolvePhaseEquation 
 End:   SolvePhaseEquation ; Timer: cpu0=14.000 wall=1.967 
 Start: SolidFiltersProcess: calculate forces and moments
 End:   SolidFiltersProcess: calculate forces and moments; Timer: cpu0=0.000 wall=0.001 
 Start: PrepareDataForNextStep
 End:   PrepareDataForNextStep; Timer: cpu0=0.375 wall=0.043 
 Start: VarValueService
 End:   VarValueService; Timer: cpu0=0.000 wall=0.001 
 Start: UpdateStopperData
 End:   UpdateStopperData; Timer: cpu0=0.000 wall=0.001 
 Start: Saving text status in E:\UniFlight\flow\full_rocket0_fv\data\full_rocket0.status
 End:   Saving text status in E:\UniFlight\flow\full_rocket0_fv\data\full_rocket0.status; Timer: cpu0=0.000 wall=0.002 
 End:   ===== Time Step =====, Iter number =  14; Timer: cpu0=16.141 wall=2.369 

20.06.26 15:53:46  ===== Processing Layers =====
20.06.26 15:53:46    *SEND* for CScalarLayer, GUID=7641E21B-8224-4159-9F24-74BCFE28891B
 Start: ComputeVolumeCharacteristics
 End:   ComputeVolumeCharacteristics; Timer: cpu0=0.000 wall=0.004 
 Start: GetValueOnFacets
 End:   GetValueOnFacets; Timer: cpu0=0.016 wall=0.012 
20.06.26 15:53:46    *SEND* for CIntegralCharsLayer, GUID=4E090A0C-544B-E4A2-4242-BEC451D7CD2B
20.06.26 15:53:46    *SEND* for CIntegralCharsLayer, GUID=F89DB856-096A-C78A-52DA-9AF764E60355
20.06.26 15:53:46    *SEND* for CIntegralCharsLayer, GUID=1F3B9B3A-6498-80C8-3F3C-86FD4C134ECD
 End:   ===== Processing Layers =====; Timer: cpu0=0.016 wall=0.033 

20.06.26 15:53:46  ===== New Time Step =====, Iter number =  15
 Start: TimeServis
 End:   TimeServis; Timer: cpu0=0.281 wall=0.036 
 Start: User modules' functions BeforeTimeStep() are calling
 End:   User modules' functions BeforeTimeStep() are calling; Timer: cpu0=0.000 wall=0.002 
 Start: Adaptation, TotalRealCellsCount= 105206 
 End:   Adaptation; Timer: cpu0=0.172 wall=0.004 
 Start: Initialize data arrays on chips
 End:   Initialize data arrays on chips, res= 0; Timer: cpu0=0.000 wall=0.002 
  ***** Maximum Geometrical Gauss = 7.46024e-15, cell= 491:6:2:0
  ***** Maximum MovingSurf  Gauss = 0, cell= 
 Start: Initialize data arrays on chips
 End:   Initialize data arrays on chips, res= 0; Timer: cpu0=0.000 wall=0.002 
 Start: TimeServis
 End:   TimeServis; Timer: cpu0=0.344 wall=0.036 
 Start: FindEnclaves
 End:   FindEnclaves; Timer: cpu0=0.078 wall=0.078 
 Start: VarValueService
 End:   VarValueService; Timer: cpu0=0.000 wall=0.001 
 Start: SolvePhaseEquation 
 End:   SolvePhaseEquation ; Timer: cpu0=11.297 wall=1.429 
 Start: SolidFiltersProcess: calculate forces and moments
 End:   SolidFiltersProcess: calculate forces and moments; Timer: cpu0=0.000 wall=0.001 
 Start: PrepareDataForNextStep
 End:   PrepareDataForNextStep; Timer: cpu0=0.516 wall=0.042 
 Start: VarValueService
 End:   VarValueService; Timer: cpu0=0.000 wall=0.001 
 Start: UpdateStopperData
 End:   UpdateStopperData; Timer: cpu0=0.000 wall=0.001 
 Start: Saving text status in E:\UniFlight\flow\full_rocket0_fv\data\full_rocket0.status
 End:   Saving text status in E:\UniFlight\flow\full_rocket0_fv\data\full_rocket0.status; Timer: cpu0=0.000 wall=0.002 
 End:   ===== Time Step =====, Iter number =  15; Timer: cpu0=12.859 wall=1.701 

20.06.26 15:53:48  ===== Processing Layers =====
20.06.26 15:53:48    *SEND* for CScalarLayer, GUID=7641E21B-8224-4159-9F24-74BCFE28891B
 Start: ComputeVolumeCharacteristics
 End:   ComputeVolumeCharacteristics; Timer: cpu0=0.000 wall=0.007 
 Start: GetValueOnFacets
 End:   GetValueOnFacets; Timer: cpu0=0.156 wall=0.012 
20.06.26 15:53:48    *SEND* for CIntegralCharsLayer, GUID=4E090A0C-544B-E4A2-4242-BEC451D7CD2B
20.06.26 15:53:48    *SEND* for CIntegralCharsLayer, GUID=F89DB856-096A-C78A-52DA-9AF764E60355
20.06.26 15:53:48    *SEND* for CIntegralCharsLayer, GUID=1F3B9B3A-6498-80C8-3F3C-86FD4C134ECD
 End:   ===== Processing Layers =====; Timer: cpu0=0.156 wall=0.038 

20.06.26 15:53:48  ===== New Time Step =====, Iter number =  16
 Start: TimeServis
 End:   TimeServis; Timer: cpu0=0.344 wall=0.035 
 Start: User modules' functions BeforeTimeStep() are calling
 End:   User modules' functions BeforeTimeStep() are calling; Timer: cpu0=0.000 wall=0.002 
 Start: Adaptation, TotalRealCellsCount= 105206 
 End:   Adaptation; Timer: cpu0=0.000 wall=0.004 
 Start: Initialize data arrays on chips
 End:   Initialize data arrays on chips, res= 0; Timer: cpu0=0.172 wall=0.002 
  ***** Maximum Geometrical Gauss = 7.46024e-15, cell= 491:6:2:0
  ***** Maximum MovingSurf  Gauss = 0, cell= 
 Start: Initialize data arrays on chips
 End:   Initialize data arrays on chips, res= 0; Timer: cpu0=0.000 wall=0.002 
 Start: TimeServis
 End:   TimeServis; Timer: cpu0=0.484 wall=0.037 
 Start: FindEnclaves
 End:   FindEnclaves; Timer: cpu0=0.062 wall=0.084 
 Start: VarValueService
 End:   VarValueService; Timer: cpu0=0.000 wall=0.001 
 Start: SolvePhaseEquation 
 End:   SolvePhaseEquation ; Timer: cpu0=12.688 wall=1.625 
 Start: SolidFiltersProcess: calculate forces and moments
 End:   SolidFiltersProcess: calculate forces and moments; Timer: cpu0=0.000 wall=0.001 
 Start: PrepareDataForNextStep
 End:   PrepareDataForNextStep; Timer: cpu0=0.422 wall=0.042 
 Start: VarValueService
 End:   VarValueService; Timer: cpu0=0.000 wall=0.002 
 Start: UpdateStopperData
 End:   UpdateStopperData; Timer: cpu0=0.000 wall=0.001 
 Start: Saving text status in E:\UniFlight\flow\full_rocket0_fv\data\full_rocket0.status
 End:   Saving text status in E:\UniFlight\flow\full_rocket0_fv\data\full_rocket0.status; Timer: cpu0=0.000 wall=0.002 
 End:   ===== Time Step =====, Iter number =  16; Timer: cpu0=14.344 wall=1.902 

20.06.26 15:53:51  ===== Processing Layers =====
20.06.26 15:53:51    *SEND* for CScalarLayer, GUID=7641E21B-8224-4159-9F24-74BCFE28891B
 Start: ComputeVolumeCharacteristics
 End:   ComputeVolumeCharacteristics; Timer: cpu0=0.000 wall=0.005 
 Start: GetValueOnFacets
 End:   GetValueOnFacets; Timer: cpu0=0.031 wall=0.011 
20.06.26 15:53:51    *SEND* for CIntegralCharsLayer, GUID=4E090A0C-544B-E4A2-4242-BEC451D7CD2B
20.06.26 15:53:51    *SEND* for CIntegralCharsLayer, GUID=F89DB856-096A-C78A-52DA-9AF764E60355
20.06.26 15:53:51    *SEND* for CIntegralCharsLayer, GUID=1F3B9B3A-6498-80C8-3F3C-86FD4C134ECD
 End:   ===== Processing Layers =====; Timer: cpu0=0.031 wall=0.033 

20.06.26 15:53:51  ===== New Time Step =====, Iter number =  17
 Start: TimeServis
 End:   TimeServis; Timer: cpu0=0.344 wall=0.035 
 Start: User modules' functions BeforeTimeStep() are calling
 End:   User modules' functions BeforeTimeStep() are calling; Timer: cpu0=0.000 wall=0.002 
 Start: Adaptation, TotalRealCellsCount= 105206 
 End:   Adaptation; Timer: cpu0=0.000 wall=0.004 
 Start: Initialize data arrays on chips
 End:   Initialize data arrays on chips, res= 0; Timer: cpu0=0.000 wall=0.002 
  ***** Maximum Geometrical Gauss = 7.46024e-15, cell= 491:6:2:0
  ***** Maximum MovingSurf  Gauss = 0, cell= 
 Start: Initialize data arrays on chips
 End:   Initialize data arrays on chips, res= 0; Timer: cpu0=0.000 wall=0.002 
 Start: TimeServis
 End:   TimeServis; Timer: cpu0=0.344 wall=0.034 
 Start: FindEnclaves
 End:   FindEnclaves; Timer: cpu0=0.094 wall=0.085 
 Start: VarValueService
 End:   VarValueService; Timer: cpu0=0.000 wall=0.002 
 Start: SolvePhaseEquation 
 End:   SolvePhaseEquation ; Timer: cpu0=11.578 wall=1.471 
 Start: SolidFiltersProcess: calculate forces and moments
 End:   SolidFiltersProcess: calculate forces and moments; Timer: cpu0=0.000 wall=0.001 
 Start: PrepareDataForNextStep
 End:   PrepareDataForNextStep; Timer: cpu0=0.344 wall=0.042 
 Start: VarValueService
 End:   VarValueService; Timer: cpu0=0.000 wall=0.002 
 Start: UpdateStopperData
 End:   UpdateStopperData; Timer: cpu0=0.000 wall=0.001 
 Start: Saving text status in E:\UniFlight\flow\full_rocket0_fv\data\full_rocket0.status
 End:   Saving text status in E:\UniFlight\flow\full_rocket0_fv\data\full_rocket0.status; Timer: cpu0=0.000 wall=0.003 
 End:   ===== Time Step =====, Iter number =  17; Timer: cpu0=12.875 wall=1.750 

20.06.26 15:53:53  ===== Processing Layers =====
20.06.26 15:53:53    *SEND* for CScalarLayer, GUID=7641E21B-8224-4159-9F24-74BCFE28891B
 Start: ComputeVolumeCharacteristics
 End:   ComputeVolumeCharacteristics; Timer: cpu0=0.000 wall=0.004 
 Start: GetValueOnFacets
 End:   GetValueOnFacets; Timer: cpu0=0.172 wall=0.014 
20.06.26 15:53:53    *SEND* for CIntegralCharsLayer, GUID=4E090A0C-544B-E4A2-4242-BEC451D7CD2B
20.06.26 15:53:53    *SEND* for CIntegralCharsLayer, GUID=F89DB856-096A-C78A-52DA-9AF764E60355
20.06.26 15:53:53    *SEND* for CIntegralCharsLayer, GUID=1F3B9B3A-6498-80C8-3F3C-86FD4C134ECD
 End:   ===== Processing Layers =====; Timer: cpu0=0.344 wall=0.039 

20.06.26 15:53:53  ===== New Time Step =====, Iter number =  18
 Start: TimeServis
 End:   TimeServis; Timer: cpu0=0.391 wall=0.035 
 Start: User modules' functions BeforeTimeStep() are calling
 End:   User modules' functions BeforeTimeStep() are calling; Timer: cpu0=0.000 wall=0.001 
 Start: Adaptation, TotalRealCellsCount= 105206 
 End:   Adaptation; Timer: cpu0=0.000 wall=0.004 
 Start: Initialize data arrays on chips
 End:   Initialize data arrays on chips, res= 0; Timer: cpu0=0.000 wall=0.002 
  ***** Maximum Geometrical Gauss = 7.46024e-15, cell= 491:6:2:0
  ***** Maximum MovingSurf  Gauss = 0, cell= 
 Start: Initialize data arrays on chips
 End:   Initialize data arrays on chips, res= 0; Timer: cpu0=0.000 wall=0.002 
 Start: TimeServis
 End:   TimeServis; Timer: cpu0=0.375 wall=0.035 
 Start: FindEnclaves
 End:   FindEnclaves; Timer: cpu0=0.078 wall=0.098 
 Start: VarValueService
 End:   VarValueService; Timer: cpu0=0.156 wall=0.002 
 Start: SolvePhaseEquation 
 End:   SolvePhaseEquation ; Timer: cpu0=13.281 wall=1.531 
 Start: SolidFiltersProcess: calculate forces and moments
 End:   SolidFiltersProcess: calculate forces and moments; Timer: cpu0=0.000 wall=0.002 
 Start: PrepareDataForNextStep
 End:   PrepareDataForNextStep; Timer: cpu0=0.328 wall=0.048 
 Start: VarValueService
 End:   VarValueService; Timer: cpu0=0.000 wall=0.001 
 Start: UpdateStopperData
 End:   UpdateStopperData; Timer: cpu0=0.000 wall=0.001 
 Start: Saving text status in E:\UniFlight\flow\full_rocket0_fv\data\full_rocket0.status
 End:   Saving text status in E:\UniFlight\flow\full_rocket0_fv\data\full_rocket0.status; Timer: cpu0=0.000 wall=0.003 
 End:   ===== Time Step =====, Iter number =  18; Timer: cpu0=14.781 wall=1.826 

20.06.26 15:53:55  ===== Processing Layers =====
20.06.26 15:53:55    *SEND* for CScalarLayer, GUID=7641E21B-8224-4159-9F24-74BCFE28891B
 Start: ComputeVolumeCharacteristics
 End:   ComputeVolumeCharacteristics; Timer: cpu0=0.000 wall=0.004 
 Start: GetValueOnFacets
 End:   GetValueOnFacets; Timer: cpu0=0.016 wall=0.012 
20.06.26 15:53:55    *SEND* for CIntegralCharsLayer, GUID=4E090A0C-544B-E4A2-4242-BEC451D7CD2B
20.06.26 15:53:55    *SEND* for CIntegralCharsLayer, GUID=F89DB856-096A-C78A-52DA-9AF764E60355
20.06.26 15:53:55    *SEND* for CIntegralCharsLayer, GUID=1F3B9B3A-6498-80C8-3F3C-86FD4C134ECD
 End:   ===== Processing Layers =====; Timer: cpu0=0.016 wall=0.034 

20.06.26 15:53:55  ===== New Time Step =====, Iter number =  19
 Start: TimeServis
 End:   TimeServis; Timer: cpu0=0.344 wall=0.035 
 Start: User modules' functions BeforeTimeStep() are calling
 End:   User modules' functions BeforeTimeStep() are calling; Timer: cpu0=0.000 wall=0.002 
 Start: Adaptation, TotalRealCellsCount= 105206 
 End:   Adaptation; Timer: cpu0=0.000 wall=0.006 
 Start: Initialize data arrays on chips
 End:   Initialize data arrays on chips, res= 0; Timer: cpu0=0.000 wall=0.002 
  ***** Maximum Geometrical Gauss = 7.46024e-15, cell= 491:6:2:0
  ***** Maximum MovingSurf  Gauss = 0, cell= 
 Start: Initialize data arrays on chips
 End:   Initialize data arrays on chips, res= 0; Timer: cpu0=0.000 wall=0.002 
 Start: TimeServis
 End:   TimeServis; Timer: cpu0=0.500 wall=0.043 
 Start: FindEnclaves
 End:   FindEnclaves; Timer: cpu0=0.078 wall=0.084 
 Start: VarValueService
 End:   VarValueService; Timer: cpu0=0.000 wall=0.001 
 Start: SolvePhaseEquation 
 End:   SolvePhaseEquation ; Timer: cpu0=13.672 wall=1.993 
 Start: SolidFiltersProcess: calculate forces and moments
 End:   SolidFiltersProcess: calculate forces and moments; Timer: cpu0=0.000 wall=0.002 
 Start: PrepareDataForNextStep
 End:   PrepareDataForNextStep; Timer: cpu0=0.359 wall=0.057 
 Start: VarValueService
 End:   VarValueService; Timer: cpu0=0.000 wall=0.002 
 Start: UpdateStopperData
 End:   UpdateStopperData; Timer: cpu0=0.000 wall=0.000 
 Start: Saving text status in E:\UniFlight\flow\full_rocket0_fv\data\full_rocket0.status
 End:   Saving text status in E:\UniFlight\flow\full_rocket0_fv\data\full_rocket0.status; Timer: cpu0=0.000 wall=0.003 
 End:   ===== Time Step =====, Iter number =  19; Timer: cpu0=15.312 wall=2.303 

20.06.26 15:53:57  ===== Processing Layers =====
20.06.26 15:53:57    *SEND* for CScalarLayer, GUID=7641E21B-8224-4159-9F24-74BCFE28891B
 Start: ComputeVolumeCharacteristics
 End:   ComputeVolumeCharacteristics; Timer: cpu0=0.000 wall=0.006 
 Start: GetValueOnFacets
 End:   GetValueOnFacets; Timer: cpu0=0.047 wall=0.024 
20.06.26 15:53:57    *SEND* for CIntegralCharsLayer, GUID=4E090A0C-544B-E4A2-4242-BEC451D7CD2B
20.06.26 15:53:57    *SEND* for CIntegralCharsLayer, GUID=F89DB856-096A-C78A-52DA-9AF764E60355
20.06.26 15:53:57    *SEND* for CIntegralCharsLayer, GUID=1F3B9B3A-6498-80C8-3F3C-86FD4C134ECD
 End:   ===== Processing Layers =====; Timer: cpu0=0.062 wall=0.057 

20.06.26 15:53:57  ===== New Time Step =====, Iter number =  20
 Start: TimeServis
 End:   TimeServis; Timer: cpu0=0.500 wall=0.052 
 Start: User modules' functions BeforeTimeStep() are calling
 End:   User modules' functions BeforeTimeStep() are calling; Timer: cpu0=0.000 wall=0.002 
 Start: Adaptation, TotalRealCellsCount= 105206 
 End:   Adaptation; Timer: cpu0=8.531 wall=1.357 
 Start: DistributeGridOnProcessors
 End:   DistributeGridOnProcessors, res= 0; Timer: cpu0=1.000 wall=0.235 
 Start: SetNeiHyperCells
 End:   SetNeiHyperCells, res= 0; Timer: cpu0=0.000 wall=0.008 
 Start: BuildFacetDistribution
 End:   BuildFacetDistribution; Timer: cpu0=0.000 wall=0.002 
 Start: Initialize data arrays on chips
 End:   Initialize data arrays on chips, res= 0; Timer: cpu0=0.000 wall=0.002 
  ***** Maximum Geometrical Gauss = 1.73494e-14, cell= 390:3:3:3:0
  ***** Maximum MovingSurf  Gauss = 3.9318e-14, cell= 54:3:2:0:0
 Start: Remove Small Cells
 End:   Remove Small Cells; Timer: cpu0=0.172 wall=0.021 
 Start: Initialize data arrays on chips
 End:   Initialize data arrays on chips, res= 0; Timer: cpu0=0.000 wall=0.002 
  ***** Maximum Geometrical Gauss = 1.73494e-14, cell= 390:3:3:3:0
  ***** Maximum MovingSurf  Gauss = 3.9318e-14, cell= 54:3:2:0:0
 Start: Initialize data arrays on chips
 End:   Initialize data arrays on chips, res= 0; Timer: cpu0=0.000 wall=0.002 
 Start: Modify Chip Data
 End:   Modify Chip Data; Timer: cpu0=0.516 wall=0.038 
 Start: TimeServis
 End:   TimeServis; Timer: cpu0=0.484 wall=0.050 
 Start: FindEnclaves
 End:   FindEnclaves; Timer: cpu0=0.094 wall=0.104 
 Start: VarValueService
 End:   VarValueService; Timer: cpu0=0.000 wall=0.002 
 Start: SolvePhaseEquation 
 End:   SolvePhaseEquation ; Timer: cpu0=13.891 wall=1.724 
 Start: SolidFiltersProcess: calculate forces and moments
 End:   SolidFiltersProcess: calculate forces and moments; Timer: cpu0=0.000 wall=0.002 
 Start: PrepareDataForNextStep
 End:   PrepareDataForNextStep; Timer: cpu0=0.547 wall=0.058 
 Start: VarValueService
 End:   VarValueService; Timer: cpu0=0.000 wall=0.002 
 Start: UpdateStopperData
 End:   UpdateStopperData; Timer: cpu0=0.000 wall=0.001 
 Start: Saving text status in E:\UniFlight\flow\full_rocket0_fv\data\full_rocket0.status
 End:   Saving text status in E:\UniFlight\flow\full_rocket0_fv\data\full_rocket0.status; Timer: cpu0=0.000 wall=0.002 
 End:   ===== Time Step =====, Iter number =  20; Timer: cpu0=25.984 wall=3.767 

20.06.26 15:54:02  ===== Processing Layers =====
20.06.26 15:54:02    *SEND* for CScalarLayer, GUID=7641E21B-8224-4159-9F24-74BCFE28891B
 Start: ComputeVolumeCharacteristics
 End:   ComputeVolumeCharacteristics; Timer: cpu0=0.000 wall=0.004 
 Start: GetValueOnFacets
 End:   GetValueOnFacets; Timer: cpu0=0.000 wall=0.009 
20.06.26 15:54:02    *SEND* for CIntegralCharsLayer, GUID=4E090A0C-544B-E4A2-4242-BEC451D7CD2B
20.06.26 15:54:02    *SEND* for CIntegralCharsLayer, GUID=F89DB856-096A-C78A-52DA-9AF764E60355
20.06.26 15:54:02    *SEND* for CIntegralCharsLayer, GUID=1F3B9B3A-6498-80C8-3F3C-86FD4C134ECD
 End:   ===== Processing Layers =====; Timer: cpu0=0.000 wall=0.029 

20.06.26 15:54:02  ===== New Time Step =====, Iter number =  21
 Start: TimeServis
 End:   TimeServis; Timer: cpu0=0.344 wall=0.037 
 Start: User modules' functions BeforeTimeStep() are calling
 End:   User modules' functions BeforeTimeStep() are calling; Timer: cpu0=0.000 wall=0.003 
 Start: Adaptation, TotalRealCellsCount= 109399 
 End:   Adaptation; Timer: cpu0=6.266 wall=0.825 
 Start: DistributeGridOnProcessors
 End:   DistributeGridOnProcessors, res= 0; Timer: cpu0=0.844 wall=0.235 
 Start: SetNeiHyperCells
 End:   SetNeiHyperCells, res= 0; Timer: cpu0=0.141 wall=0.010 
 Start: BuildFacetDistribution
 End:   BuildFacetDistribution; Timer: cpu0=0.000 wall=0.002 
 Start: Initialize data arrays on chips
 End:   Initialize data arrays on chips, res= 0; Timer: cpu0=0.000 wall=0.003 
  ***** Maximum Geometrical Gauss = 1.59614e-14, cell= 54:2:2:3:0
  ***** Maximum MovingSurf  Gauss = 4.03855e-14, cell= 64:0:0:3:0
 Start: Remove Small Cells
 End:   Remove Small Cells; Timer: cpu0=0.328 wall=0.020 
 Start: Initialize data arrays on chips
 End:   Initialize data arrays on chips, res= 0; Timer: cpu0=0.000 wall=0.003 
  ***** Maximum Geometrical Gauss = 1.59614e-14, cell= 54:2:2:3:0
  ***** Maximum MovingSurf  Gauss = 4.03855e-14, cell= 64:0:0:3:0
 Start: Initialize data arrays on chips
 End:   Initialize data arrays on chips, res= 0; Timer: cpu0=0.000 wall=0.002 
 Start: Modify Chip Data
 End:   Modify Chip Data; Timer: cpu0=0.328 wall=0.042 
 Start: TimeServis
 End:   TimeServis; Timer: cpu0=0.500 wall=0.049 
 Start: FindEnclaves
 End:   FindEnclaves; Timer: cpu0=0.078 wall=0.097 
 Start: VarValueService
 End:   VarValueService; Timer: cpu0=0.000 wall=0.001 
 Start: SolvePhaseEquation 
 End:   SolvePhaseEquation ; Timer: cpu0=12.859 wall=1.696 
 Start: SolidFiltersProcess: calculate forces and moments
 End:   SolidFiltersProcess: calculate forces and moments; Timer: cpu0=0.000 wall=0.002 
 Start: PrepareDataForNextStep
 End:   PrepareDataForNextStep; Timer: cpu0=0.516 wall=0.040 
 Start: VarValueService
 End:   VarValueService; Timer: cpu0=0.000 wall=0.002 
 Start: UpdateStopperData
 End:   UpdateStopperData; Timer: cpu0=0.000 wall=0.000 
 Start: Saving text status in E:\UniFlight\flow\full_rocket0_fv\data\full_rocket0.status
 End:   Saving text status in E:\UniFlight\flow\full_rocket0_fv\data\full_rocket0.status; Timer: cpu0=0.000 wall=0.002 
 End:   ===== Time Step =====, Iter number =  21; Timer: cpu0=22.547 wall=3.173 

20.06.26 15:54:05  ===== Processing Layers =====
20.06.26 15:54:05    *SEND* for CScalarLayer, GUID=7641E21B-8224-4159-9F24-74BCFE28891B
 Start: ComputeVolumeCharacteristics
 End:   ComputeVolumeCharacteristics; Timer: cpu0=0.000 wall=0.004 
 Start: GetValueOnFacets
 End:   GetValueOnFacets; Timer: cpu0=0.125 wall=0.014 
20.06.26 15:54:05    *SEND* for CIntegralCharsLayer, GUID=4E090A0C-544B-E4A2-4242-BEC451D7CD2B
20.06.26 15:54:05    *SEND* for CIntegralCharsLayer, GUID=F89DB856-096A-C78A-52DA-9AF764E60355
20.06.26 15:54:05    *SEND* for CIntegralCharsLayer, GUID=1F3B9B3A-6498-80C8-3F3C-86FD4C134ECD
 End:   ===== Processing Layers =====; Timer: cpu0=0.125 wall=0.037 

20.06.26 15:54:05  ===== New Time Step =====, Iter number =  22
 Start: TimeServis
 End:   TimeServis; Timer: cpu0=0.484 wall=0.039 
 Start: User modules' functions BeforeTimeStep() are calling
 End:   User modules' functions BeforeTimeStep() are calling; Timer: cpu0=0.000 wall=0.001 
 Start: Adaptation, TotalRealCellsCount= 96008 
 End:   Adaptation; Timer: cpu0=0.156 wall=0.005 
 Start: Initialize data arrays on chips
 End:   Initialize data arrays on chips, res= 0; Timer: cpu0=0.000 wall=0.003 
  ***** Maximum Geometrical Gauss = 1.59614e-14, cell= 54:2:2:3:0
  ***** Maximum MovingSurf  Gauss = 0, cell= 
 Start: Initialize data arrays on chips
 End:   Initialize data arrays on chips, res= 0; Timer: cpu0=0.000 wall=0.003 
 Start: TimeServis
 End:   TimeServis; Timer: cpu0=0.422 wall=0.052 
 Start: FindEnclaves
 End:   FindEnclaves; Timer: cpu0=0.078 wall=0.101 
 Start: VarValueService
 End:   VarValueService; Timer: cpu0=0.000 wall=0.001 
 Start: SolvePhaseEquation 
 End:   SolvePhaseEquation ; Timer: cpu0=13.125 wall=1.596 
 Start: SolidFiltersProcess: calculate forces and moments
 End:   SolidFiltersProcess: calculate forces and moments; Timer: cpu0=0.016 wall=0.002 
 Start: PrepareDataForNextStep
 End:   PrepareDataForNextStep; Timer: cpu0=0.328 wall=0.037 
 Start: VarValueService
 End:   VarValueService; Timer: cpu0=0.000 wall=0.001 
 Start: UpdateStopperData
 End:   UpdateStopperData; Timer: cpu0=0.000 wall=0.001 
 Start: Saving text status in E:\UniFlight\flow\full_rocket0_fv\data\full_rocket0.status
 End:   Saving text status in E:\UniFlight\flow\full_rocket0_fv\data\full_rocket0.status; Timer: cpu0=0.000 wall=0.002 
 End:   ===== Time Step =====, Iter number =  22; Timer: cpu0=15.109 wall=1.915 

20.06.26 15:54:07  ===== Processing Layers =====
20.06.26 15:54:07    *SEND* for CScalarLayer, GUID=7641E21B-8224-4159-9F24-74BCFE28891B
 Start: ComputeVolumeCharacteristics
 End:   ComputeVolumeCharacteristics; Timer: cpu0=0.000 wall=0.005 
 Start: GetValueOnFacets
 End:   GetValueOnFacets; Timer: cpu0=0.000 wall=0.011 
20.06.26 15:54:07    *SEND* for CIntegralCharsLayer, GUID=4E090A0C-544B-E4A2-4242-BEC451D7CD2B
20.06.26 15:54:07    *SEND* for CIntegralCharsLayer, GUID=F89DB856-096A-C78A-52DA-9AF764E60355
20.06.26 15:54:07    *SEND* for CIntegralCharsLayer, GUID=1F3B9B3A-6498-80C8-3F3C-86FD4C134ECD
 End:   ===== Processing Layers =====; Timer: cpu0=0.000 wall=0.032 

20.06.26 15:54:07  ===== New Time Step =====, Iter number =  23
 Start: TimeServis
 End:   TimeServis; Timer: cpu0=0.344 wall=0.034 
 Start: User modules' functions BeforeTimeStep() are calling
 End:   User modules' functions BeforeTimeStep() are calling; Timer: cpu0=0.000 wall=0.002 
 Start: Adaptation, TotalRealCellsCount= 96008 
 End:   Adaptation; Timer: cpu0=0.000 wall=0.005 
 Start: Initialize data arrays on chips
 End:   Initialize data arrays on chips, res= 0; Timer: cpu0=0.000 wall=0.003 
  ***** Maximum Geometrical Gauss = 1.59614e-14, cell= 54:2:2:3:0
  ***** Maximum MovingSurf  Gauss = 0, cell= 
 Start: Initialize data arrays on chips
 End:   Initialize data arrays on chips, res= 0; Timer: cpu0=0.000 wall=0.002 
 Start: TimeServis
 End:   TimeServis; Timer: cpu0=0.500 wall=0.040 
 Start: FindEnclaves
 End:   FindEnclaves; Timer: cpu0=0.250 wall=0.095 
 Start: VarValueService
 End:   VarValueService; Timer: cpu0=0.000 wall=0.001 
 Start: SolvePhaseEquation 
 End:   SolvePhaseEquation ; Timer: cpu0=10.969 wall=1.409 
 Start: SolidFiltersProcess: calculate forces and moments
 End:   SolidFiltersProcess: calculate forces and moments; Timer: cpu0=0.000 wall=0.001 
 Start: PrepareDataForNextStep
 End:   PrepareDataForNextStep; Timer: cpu0=0.500 wall=0.036 
 Start: VarValueService
 End:   VarValueService; Timer: cpu0=0.000 wall=0.001 
 Start: UpdateStopperData
 End:   UpdateStopperData; Timer: cpu0=0.000 wall=0.001 
 Start: Saving text status in E:\UniFlight\flow\full_rocket0_fv\data\full_rocket0.status
 End:   Saving text status in E:\UniFlight\flow\full_rocket0_fv\data\full_rocket0.status; Timer: cpu0=0.000 wall=0.002 
 End:   ===== Time Step =====, Iter number =  23; Timer: cpu0=12.875 wall=1.696 

20.06.26 15:54:09  ===== Processing Layers =====
20.06.26 15:54:09    *SEND* for CScalarLayer, GUID=7641E21B-8224-4159-9F24-74BCFE28891B
 Start: ComputeVolumeCharacteristics
 End:   ComputeVolumeCharacteristics; Timer: cpu0=0.156 wall=0.005 
 Start: GetValueOnFacets
 End:   GetValueOnFacets; Timer: cpu0=0.000 wall=0.009 
20.06.26 15:54:09    *SEND* for CIntegralCharsLayer, GUID=4E090A0C-544B-E4A2-4242-BEC451D7CD2B
20.06.26 15:54:09    *SEND* for CIntegralCharsLayer, GUID=F89DB856-096A-C78A-52DA-9AF764E60355
20.06.26 15:54:09    *SEND* for CIntegralCharsLayer, GUID=1F3B9B3A-6498-80C8-3F3C-86FD4C134ECD
 End:   ===== Processing Layers =====; Timer: cpu0=0.156 wall=0.030 

20.06.26 15:54:09  ===== New Time Step =====, Iter number =  24
 Start: TimeServis
 End:   TimeServis; Timer: cpu0=0.219 wall=0.032 
 Start: User modules' functions BeforeTimeStep() are calling
 End:   User modules' functions BeforeTimeStep() are calling; Timer: cpu0=0.000 wall=0.001 
 Start: Adaptation, TotalRealCellsCount= 96008 
 End:   Adaptation; Timer: cpu0=0.156 wall=0.005 
 Start: Initialize data arrays on chips
 End:   Initialize data arrays on chips, res= 0; Timer: cpu0=0.000 wall=0.003 
  ***** Maximum Geometrical Gauss = 1.59614e-14, cell= 54:2:2:3:0
  ***** Maximum MovingSurf  Gauss = 0, cell= 
 Start: Initialize data arrays on chips
 End:   Initialize data arrays on chips, res= 0; Timer: cpu0=0.000 wall=0.002 
 Start: TimeServis
 End:   TimeServis; Timer: cpu0=0.484 wall=0.045 
 Start: FindEnclaves
 End:   FindEnclaves; Timer: cpu0=0.062 wall=0.093 
 Start: VarValueService
 End:   VarValueService; Timer: cpu0=0.000 wall=0.001 
 Start: SolvePhaseEquation 
 End:   SolvePhaseEquation ; Timer: cpu0=12.344 wall=1.433 
 Start: SolidFiltersProcess: calculate forces and moments
 End:   SolidFiltersProcess: calculate forces and moments; Timer: cpu0=0.000 wall=0.002 
 Start: PrepareDataForNextStep
 End:   PrepareDataForNextStep; Timer: cpu0=0.344 wall=0.037 
 Start: VarValueService
 End:   VarValueService; Timer: cpu0=0.000 wall=0.001 
 Start: UpdateStopperData
 End:   UpdateStopperData; Timer: cpu0=0.000 wall=0.001 
 Start: Saving text status in E:\UniFlight\flow\full_rocket0_fv\data\full_rocket0.status
 End:   Saving text status in E:\UniFlight\flow\full_rocket0_fv\data\full_rocket0.status; Timer: cpu0=0.000 wall=0.002 
 End:   ===== Time Step =====, Iter number =  24; Timer: cpu0=14.094 wall=1.720 

20.06.26 15:54:11  ===== Processing Layers =====
20.06.26 15:54:11    *SEND* for CScalarLayer, GUID=7641E21B-8224-4159-9F24-74BCFE28891B
 Start: ComputeVolumeCharacteristics
 End:   ComputeVolumeCharacteristics; Timer: cpu0=0.000 wall=0.003 
 Start: GetValueOnFacets
 End:   GetValueOnFacets; Timer: cpu0=0.016 wall=0.010 
20.06.26 15:54:11    *SEND* for CIntegralCharsLayer, GUID=4E090A0C-544B-E4A2-4242-BEC451D7CD2B
20.06.26 15:54:11    *SEND* for CIntegralCharsLayer, GUID=F89DB856-096A-C78A-52DA-9AF764E60355
20.06.26 15:54:11    *SEND* for CIntegralCharsLayer, GUID=1F3B9B3A-6498-80C8-3F3C-86FD4C134ECD
 End:   ===== Processing Layers =====; Timer: cpu0=0.172 wall=0.029 

20.06.26 15:54:11  ===== New Time Step =====, Iter number =  25
 Start: TimeServis
 End:   TimeServis; Timer: cpu0=0.344 wall=0.030 
 Start: User modules' functions BeforeTimeStep() are calling
 End:   User modules' functions BeforeTimeStep() are calling; Timer: cpu0=0.000 wall=0.002 
 Start: Adaptation, TotalRealCellsCount= 96008 
 End:   Adaptation; Timer: cpu0=0.000 wall=0.005 
 Start: Initialize data arrays on chips
 End:   Initialize data arrays on chips, res= 0; Timer: cpu0=0.000 wall=0.002 
  ***** Maximum Geometrical Gauss = 1.59614e-14, cell= 54:2:2:3:0
  ***** Maximum MovingSurf  Gauss = 0, cell= 
 Start: Initialize data arrays on chips
 End:   Initialize data arrays on chips, res= 0; Timer: cpu0=0.000 wall=0.003 
 Start: TimeServis
 End:   TimeServis; Timer: cpu0=0.516 wall=0.043 
 Start: FindEnclaves
 End:   FindEnclaves; Timer: cpu0=0.078 wall=0.089 
 Start: VarValueService
 End:   VarValueService; Timer: cpu0=0.000 wall=0.002 
 Start: SolvePhaseEquation 
 End:   SolvePhaseEquation ; Timer: cpu0=11.422 wall=1.407 
 Start: SolidFiltersProcess: calculate forces and moments
 End:   SolidFiltersProcess: calculate forces and moments; Timer: cpu0=0.000 wall=0.002 
 Start: PrepareDataForNextStep
 End:   PrepareDataForNextStep; Timer: cpu0=0.172 wall=0.037 
 Start: VarValueService
 End:   VarValueService; Timer: cpu0=0.172 wall=0.002 
 Start: UpdateStopperData
 End:   UpdateStopperData; Timer: cpu0=0.000 wall=0.001 
 Start: Saving text status in E:\UniFlight\flow\full_rocket0_fv\data\full_rocket0.status
 End:   Saving text status in E:\UniFlight\flow\full_rocket0_fv\data\full_rocket0.status; Timer: cpu0=0.000 wall=0.003 
 End:   ===== Time Step =====, Iter number =  25; Timer: cpu0=13.047 wall=1.687 

20.06.26 15:54:13  ===== Processing Layers =====
20.06.26 15:54:13    *SEND* for CScalarLayer, GUID=7641E21B-8224-4159-9F24-74BCFE28891B
 Start: ComputeVolumeCharacteristics
 End:   ComputeVolumeCharacteristics; Timer: cpu0=0.000 wall=0.004 
 Start: GetValueOnFacets
 End:   GetValueOnFacets; Timer: cpu0=0.016 wall=0.011 
20.06.26 15:54:13    *SEND* for CIntegralCharsLayer, GUID=4E090A0C-544B-E4A2-4242-BEC451D7CD2B
20.06.26 15:54:13    *SEND* for CIntegralCharsLayer, GUID=F89DB856-096A-C78A-52DA-9AF764E60355
20.06.26 15:54:13    *SEND* for CIntegralCharsLayer, GUID=1F3B9B3A-6498-80C8-3F3C-86FD4C134ECD
 End:   ===== Processing Layers =====; Timer: cpu0=0.016 wall=0.035 

20.06.26 15:54:13  ===== New Time Step =====, Iter number =  26
 Start: TimeServis
 End:   TimeServis; Timer: cpu0=0.312 wall=0.033 
 Start: User modules' functions BeforeTimeStep() are calling
 End:   User modules' functions BeforeTimeStep() are calling; Timer: cpu0=0.000 wall=0.001 
 Start: Adaptation, TotalRealCellsCount= 96008 
 End:   Adaptation; Timer: cpu0=0.172 wall=0.005 
 Start: Initialize data arrays on chips
 End:   Initialize data arrays on chips, res= 0; Timer: cpu0=0.000 wall=0.003 
  ***** Maximum Geometrical Gauss = 1.59614e-14, cell= 54:2:2:3:0
  ***** Maximum MovingSurf  Gauss = 0, cell= 
 Start: Initialize data arrays on chips
 End:   Initialize data arrays on chips, res= 0; Timer: cpu0=0.000 wall=0.003 
 Start: TimeServis
 End:   TimeServis; Timer: cpu0=0.344 wall=0.039 
 Start: FindEnclaves
 End:   FindEnclaves; Timer: cpu0=0.062 wall=0.084 
 Start: VarValueService
 End:   VarValueService; Timer: cpu0=0.000 wall=0.001 
 Start: SolvePhaseEquation 
 End:   SolvePhaseEquation ; Timer: cpu0=10.750 wall=1.423 
 Start: SolidFiltersProcess: calculate forces and moments
 End:   SolidFiltersProcess: calculate forces and moments; Timer: cpu0=0.000 wall=0.002 
 Start: PrepareDataForNextStep
 End:   PrepareDataForNextStep; Timer: cpu0=0.328 wall=0.037 
 Start: VarValueService
 End:   VarValueService; Timer: cpu0=0.000 wall=0.002 
 Start: UpdateStopperData
 End:   UpdateStopperData; Timer: cpu0=0.000 wall=0.001 
 Start: Saving text status in E:\UniFlight\flow\full_rocket0_fv\data\full_rocket0.status
 End:   Saving text status in E:\UniFlight\flow\full_rocket0_fv\data\full_rocket0.status; Timer: cpu0=0.000 wall=0.002 
 End:   ===== Time Step =====, Iter number =  26; Timer: cpu0=12.141 wall=1.693 

20.06.26 15:54:15  ===== Processing Layers =====
20.06.26 15:54:15    *SEND* for CScalarLayer, GUID=7641E21B-8224-4159-9F24-74BCFE28891B
 Start: ComputeVolumeCharacteristics
 End:   ComputeVolumeCharacteristics; Timer: cpu0=0.000 wall=0.004 
 Start: GetValueOnFacets
 End:   GetValueOnFacets; Timer: cpu0=0.016 wall=0.010 
20.06.26 15:54:15    *SEND* for CIntegralCharsLayer, GUID=4E090A0C-544B-E4A2-4242-BEC451D7CD2B
20.06.26 15:54:15    *SEND* for CIntegralCharsLayer, GUID=F89DB856-096A-C78A-52DA-9AF764E60355
20.06.26 15:54:15    *SEND* for CIntegralCharsLayer, GUID=1F3B9B3A-6498-80C8-3F3C-86FD4C134ECD
 End:   ===== Processing Layers =====; Timer: cpu0=0.188 wall=0.029 

20.06.26 15:54:15  ===== New Time Step =====, Iter number =  27
 Start: TimeServis
 End:   TimeServis; Timer: cpu0=0.328 wall=0.034 
 Start: User modules' functions BeforeTimeStep() are calling
 End:   User modules' functions BeforeTimeStep() are calling; Timer: cpu0=0.000 wall=0.002 
 Start: Adaptation, TotalRealCellsCount= 96008 
 End:   Adaptation; Timer: cpu0=0.000 wall=0.004 
 Start: Initialize data arrays on chips
 End:   Initialize data arrays on chips, res= 0; Timer: cpu0=0.000 wall=0.002 
  ***** Maximum Geometrical Gauss = 1.59614e-14, cell= 54:2:2:3:0
  ***** Maximum MovingSurf  Gauss = 0, cell= 
 Start: Initialize data arrays on chips
 End:   Initialize data arrays on chips, res= 0; Timer: cpu0=0.000 wall=0.003 
 Start: TimeServis
 End:   TimeServis; Timer: cpu0=0.344 wall=0.040 
 Start: FindEnclaves
 End:   FindEnclaves; Timer: cpu0=0.078 wall=0.081 
 Start: VarValueService
 End:   VarValueService; Timer: cpu0=0.000 wall=0.001 
 Start: SolvePhaseEquation 
 End:   SolvePhaseEquation ; Timer: cpu0=11.531 wall=1.371 
 Start: SolidFiltersProcess: calculate forces and moments
 End:   SolidFiltersProcess: calculate forces and moments; Timer: cpu0=0.000 wall=0.001 
 Start: PrepareDataForNextStep
 End:   PrepareDataForNextStep; Timer: cpu0=0.312 wall=0.037 
 Start: VarValueService
 End:   VarValueService; Timer: cpu0=0.000 wall=0.002 
 Start: UpdateStopperData
 End:   UpdateStopperData; Timer: cpu0=0.000 wall=0.001 
 Start: Saving text status in E:\UniFlight\flow\full_rocket0_fv\data\full_rocket0.status
 End:   Saving text status in E:\UniFlight\flow\full_rocket0_fv\data\full_rocket0.status; Timer: cpu0=0.000 wall=0.003 
 End:   ===== Time Step =====, Iter number =  27; Timer: cpu0=12.938 wall=1.641 

20.06.26 15:54:17  ===== Processing Layers =====
20.06.26 15:54:17    *SEND* for CScalarLayer, GUID=7641E21B-8224-4159-9F24-74BCFE28891B
 Start: ComputeVolumeCharacteristics
 End:   ComputeVolumeCharacteristics; Timer: cpu0=0.000 wall=0.005 
 Start: GetValueOnFacets
 End:   GetValueOnFacets; Timer: cpu0=0.000 wall=0.010 
20.06.26 15:54:17    *SEND* for CIntegralCharsLayer, GUID=4E090A0C-544B-E4A2-4242-BEC451D7CD2B
20.06.26 15:54:17    *SEND* for CIntegralCharsLayer, GUID=F89DB856-096A-C78A-52DA-9AF764E60355
20.06.26 15:54:17    *SEND* for CIntegralCharsLayer, GUID=1F3B9B3A-6498-80C8-3F3C-86FD4C134ECD
 End:   ===== Processing Layers =====; Timer: cpu0=0.000 wall=0.030 

20.06.26 15:54:17  ===== New Time Step =====, Iter number =  28
 Start: TimeServis
 End:   TimeServis; Timer: cpu0=0.328 wall=0.033 
 Start: User modules' functions BeforeTimeStep() are calling
 End:   User modules' functions BeforeTimeStep() are calling; Timer: cpu0=0.000 wall=0.001 
 Start: Adaptation, TotalRealCellsCount= 96008 
 End:   Adaptation; Timer: cpu0=0.125 wall=0.005 
 Start: Initialize data arrays on chips
 End:   Initialize data arrays on chips, res= 0; Timer: cpu0=0.000 wall=0.002 
  ***** Maximum Geometrical Gauss = 1.59614e-14, cell= 54:2:2:3:0
  ***** Maximum MovingSurf  Gauss = 0, cell= 
 Start: Initialize data arrays on chips
 End:   Initialize data arrays on chips, res= 0; Timer: cpu0=0.000 wall=0.002 
 Start: TimeServis
 End:   TimeServis; Timer: cpu0=0.344 wall=0.036 
 Start: FindEnclaves
 End:   FindEnclaves; Timer: cpu0=0.266 wall=0.098 
 Start: VarValueService
 End:   VarValueService; Timer: cpu0=0.000 wall=0.001 
 Start: SolvePhaseEquation 
 End:   SolvePhaseEquation ; Timer: cpu0=11.922 wall=1.410 
 Start: SolidFiltersProcess: calculate forces and moments
 End:   SolidFiltersProcess: calculate forces and moments; Timer: cpu0=0.000 wall=0.002 
 Start: PrepareDataForNextStep
 End:   PrepareDataForNextStep; Timer: cpu0=0.219 wall=0.035 
 Start: VarValueService
 End:   VarValueService; Timer: cpu0=0.000 wall=0.001 
 Start: UpdateStopperData
 End:   UpdateStopperData; Timer: cpu0=0.000 wall=0.001 
 Start: Saving text status in E:\UniFlight\flow\full_rocket0_fv\data\full_rocket0.status
 End:   Saving text status in E:\UniFlight\flow\full_rocket0_fv\data\full_rocket0.status; Timer: cpu0=0.000 wall=0.003 
 End:   ===== Time Step =====, Iter number =  28; Timer: cpu0=13.375 wall=1.684 

20.06.26 15:54:19  ===== Processing Layers =====
20.06.26 15:54:19    *SEND* for CScalarLayer, GUID=7641E21B-8224-4159-9F24-74BCFE28891B
 Start: ComputeVolumeCharacteristics
 End:   ComputeVolumeCharacteristics; Timer: cpu0=0.000 wall=0.006 
 Start: GetValueOnFacets
 End:   GetValueOnFacets; Timer: cpu0=0.172 wall=0.010 
20.06.26 15:54:19    *SEND* for CIntegralCharsLayer, GUID=4E090A0C-544B-E4A2-4242-BEC451D7CD2B
20.06.26 15:54:19    *SEND* for CIntegralCharsLayer, GUID=F89DB856-096A-C78A-52DA-9AF764E60355
20.06.26 15:54:19    *SEND* for CIntegralCharsLayer, GUID=1F3B9B3A-6498-80C8-3F3C-86FD4C134ECD
 End:   ===== Processing Layers =====; Timer: cpu0=0.219 wall=0.032 

20.06.26 15:54:19  ===== New Time Step =====, Iter number =  29
 Start: TimeServis
 End:   TimeServis; Timer: cpu0=0.344 wall=0.033 
 Start: User modules' functions BeforeTimeStep() are calling
 End:   User modules' functions BeforeTimeStep() are calling; Timer: cpu0=0.000 wall=0.003 
 Start: Adaptation, TotalRealCellsCount= 96008 
 End:   Adaptation; Timer: cpu0=0.000 wall=0.004 
 Start: Initialize data arrays on chips
 End:   Initialize data arrays on chips, res= 0; Timer: cpu0=0.000 wall=0.002 
  ***** Maximum Geometrical Gauss = 1.59614e-14, cell= 54:2:2:3:0
  ***** Maximum MovingSurf  Gauss = 0, cell= 
 Start: Initialize data arrays on chips
 End:   Initialize data arrays on chips, res= 0; Timer: cpu0=0.000 wall=0.002 
 Start: TimeServis
 End:   TimeServis; Timer: cpu0=0.484 wall=0.043 
 Start: FindEnclaves
 End:   FindEnclaves; Timer: cpu0=0.109 wall=0.122 
 Start: VarValueService
 End:   VarValueService; Timer: cpu0=0.016 wall=0.002 
 Start: SolvePhaseEquation 
 End:   SolvePhaseEquation ; Timer: cpu0=12.375 wall=1.518 
 Start: SolidFiltersProcess: calculate forces and moments
 End:   SolidFiltersProcess: calculate forces and moments; Timer: cpu0=0.000 wall=0.001 
 Start: PrepareDataForNextStep
 End:   PrepareDataForNextStep; Timer: cpu0=0.422 wall=0.036 
 Start: VarValueService
 End:   VarValueService; Timer: cpu0=0.000 wall=0.001 
 Start: UpdateStopperData
 End:   UpdateStopperData; Timer: cpu0=0.000 wall=0.001 
 Start: Saving text status in E:\UniFlight\flow\full_rocket0_fv\data\full_rocket0.status
 End:   Saving text status in E:\UniFlight\flow\full_rocket0_fv\data\full_rocket0.status; Timer: cpu0=0.000 wall=0.002 
 End:   ===== Time Step =====, Iter number =  29; Timer: cpu0=14.078 wall=1.830 

20.06.26 15:54:21  ===== Processing Layers =====
20.06.26 15:54:21    *SEND* for CScalarLayer, GUID=7641E21B-8224-4159-9F24-74BCFE28891B
 Start: ComputeVolumeCharacteristics
 End:   ComputeVolumeCharacteristics; Timer: cpu0=0.172 wall=0.006 
 Start: GetValueOnFacets
 End:   GetValueOnFacets; Timer: cpu0=0.016 wall=0.011 
20.06.26 15:54:21    *SEND* for CIntegralCharsLayer, GUID=4E090A0C-544B-E4A2-4242-BEC451D7CD2B
20.06.26 15:54:21    *SEND* for CIntegralCharsLayer, GUID=F89DB856-096A-C78A-52DA-9AF764E60355
20.06.26 15:54:21    *SEND* for CIntegralCharsLayer, GUID=1F3B9B3A-6498-80C8-3F3C-86FD4C134ECD
 End:   ===== Processing Layers =====; Timer: cpu0=0.188 wall=0.034 

20.06.26 15:54:21  ===== New Time Step =====, Iter number =  30
 Start: TimeServis
 End:   TimeServis; Timer: cpu0=0.344 wall=0.035 
 Start: User modules' functions BeforeTimeStep() are calling
 End:   User modules' functions BeforeTimeStep() are calling; Timer: cpu0=0.000 wall=0.004 
 Start: Adaptation, TotalRealCellsCount= 96008 
 End:   Adaptation; Timer: cpu0=6.078 wall=0.846 
 Start: DistributeGridOnProcessors
 End:   DistributeGridOnProcessors, res= 0; Timer: cpu0=0.859 wall=0.231 
 Start: SetNeiHyperCells
 End:   SetNeiHyperCells, res= 0; Timer: cpu0=0.000 wall=0.010 
 Start: BuildFacetDistribution
 End:   BuildFacetDistribution; Timer: cpu0=0.000 wall=0.001 
 Start: Initialize data arrays on chips
 End:   Initialize data arrays on chips, res= 0; Timer: cpu0=0.000 wall=0.002 
  ***** Maximum Geometrical Gauss = 1.96133e-14, cell= 298:7:7:3:0
  ***** Maximum MovingSurf  Gauss = 4.03855e-14, cell= 64:0:0:0
 Start: Remove Small Cells
 End:   Remove Small Cells; Timer: cpu0=0.000 wall=0.022 
 Start: Initialize data arrays on chips
 End:   Initialize data arrays on chips, res= 0; Timer: cpu0=0.000 wall=0.003 
  ***** Maximum Geometrical Gauss = 1.96133e-14, cell= 298:7:7:3:0
  ***** Maximum MovingSurf  Gauss = 4.03855e-14, cell= 64:0:0:0
 Start: Initialize data arrays on chips
 End:   Initialize data arrays on chips, res= 0; Timer: cpu0=0.125 wall=0.002 
 Start: Modify Chip Data
 End:   Modify Chip Data; Timer: cpu0=0.344 wall=0.039 
 Start: TimeServis
 End:   TimeServis; Timer: cpu0=0.344 wall=0.043 
 Start: FindEnclaves
 End:   FindEnclaves; Timer: cpu0=0.094 wall=0.107 
 Start: VarValueService
 End:   VarValueService; Timer: cpu0=0.000 wall=0.002 
 Start: SolvePhaseEquation 
 End:   SolvePhaseEquation ; Timer: cpu0=13.812 wall=1.715 
 Start: SolidFiltersProcess: calculate forces and moments
 End:   SolidFiltersProcess: calculate forces and moments; Timer: cpu0=0.000 wall=0.002 
 Start: PrepareDataForNextStep
 End:   PrepareDataForNextStep; Timer: cpu0=0.203 wall=0.044 
 Start: VarValueService
 End:   VarValueService; Timer: cpu0=0.000 wall=0.002 
 Start: UpdateStopperData
 End:   UpdateStopperData; Timer: cpu0=0.000 wall=0.001 
 Start: Saving text status in E:\UniFlight\flow\full_rocket0_fv\data\full_rocket0.status
 End:   Saving text status in E:\UniFlight\flow\full_rocket0_fv\data\full_rocket0.status; Timer: cpu0=0.000 wall=0.002 
 End:   ===== Time Step =====, Iter number =  30; Timer: cpu0=22.562 wall=3.201 

20.06.26 15:54:25  ===== Processing Layers =====
20.06.26 15:54:25    *SEND* for CScalarLayer, GUID=7641E21B-8224-4159-9F24-74BCFE28891B
 Start: ComputeVolumeCharacteristics
 End:   ComputeVolumeCharacteristics; Timer: cpu0=0.000 wall=0.005 
 Start: GetValueOnFacets
 End:   GetValueOnFacets; Timer: cpu0=0.172 wall=0.010 
20.06.26 15:54:25    *SEND* for CIntegralCharsLayer, GUID=4E090A0C-544B-E4A2-4242-BEC451D7CD2B
20.06.26 15:54:25    *SEND* for CIntegralCharsLayer, GUID=F89DB856-096A-C78A-52DA-9AF764E60355
20.06.26 15:54:25    *SEND* for CIntegralCharsLayer, GUID=1F3B9B3A-6498-80C8-3F3C-86FD4C134ECD
 End:   ===== Processing Layers =====; Timer: cpu0=0.344 wall=0.033 

20.06.26 15:54:25  ===== New Time Step =====, Iter number =  31
 Start: TimeServis
 End:   TimeServis; Timer: cpu0=0.516 wall=0.037 
 Start: User modules' functions BeforeTimeStep() are calling
 End:   User modules' functions BeforeTimeStep() are calling; Timer: cpu0=0.000 wall=0.003 
 Start: Adaptation, TotalRealCellsCount= 107418 
 End:   Adaptation; Timer: cpu0=6.156 wall=0.797 
 Start: DistributeGridOnProcessors
 End:   DistributeGridOnProcessors, res= 0; Timer: cpu0=0.859 wall=0.205 
 Start: SetNeiHyperCells
 End:   SetNeiHyperCells, res= 0; Timer: cpu0=0.000 wall=0.007 
 Start: BuildFacetDistribution
 End:   BuildFacetDistribution; Timer: cpu0=0.000 wall=0.002 
 Start: Initialize data arrays on chips
 End:   Initialize data arrays on chips, res= 0; Timer: cpu0=0.000 wall=0.002 
  ***** Maximum Geometrical Gauss = 1.59614e-14, cell= 299:7:2:6:0
  ***** Maximum MovingSurf  Gauss = 1.15641e-14, cell= 99:1:0
 Start: Remove Small Cells
 End:   Remove Small Cells; Timer: cpu0=0.172 wall=0.018 
 Start: Initialize data arrays on chips
 End:   Initialize data arrays on chips, res= 0; Timer: cpu0=0.000 wall=0.002 
  ***** Maximum Geometrical Gauss = 1.59614e-14, cell= 299:7:2:6:0
  ***** Maximum MovingSurf  Gauss = 1.15641e-14, cell= 99:1:0
 Start: Initialize data arrays on chips
 End:   Initialize data arrays on chips, res= 0; Timer: cpu0=0.000 wall=0.002 
 Start: Modify Chip Data
 End:   Modify Chip Data; Timer: cpu0=0.344 wall=0.033 
 Start: TimeServis
 End:   TimeServis; Timer: cpu0=0.516 wall=0.044 
 Start: FindEnclaves
 End:   FindEnclaves; Timer: cpu0=0.062 wall=0.092 
 Start: VarValueService
 End:   VarValueService; Timer: cpu0=0.000 wall=0.001 
 Start: SolvePhaseEquation 
 End:   SolvePhaseEquation ; Timer: cpu0=11.609 wall=1.450 
 Start: SolidFiltersProcess: calculate forces and moments
 End:   SolidFiltersProcess: calculate forces and moments; Timer: cpu0=0.000 wall=0.002 
 Start: PrepareDataForNextStep
 End:   PrepareDataForNextStep; Timer: cpu0=0.359 wall=0.038 
 Start: VarValueService
 End:   VarValueService; Timer: cpu0=0.000 wall=0.001 
 Start: UpdateStopperData
 End:   UpdateStopperData; Timer: cpu0=0.000 wall=0.000 
 Start: Saving text status in E:\UniFlight\flow\full_rocket0_fv\data\full_rocket0.status
 End:   Saving text status in E:\UniFlight\flow\full_rocket0_fv\data\full_rocket0.status; Timer: cpu0=0.000 wall=0.002 
 End:   ===== Time Step =====, Iter number =  31; Timer: cpu0=21.109 wall=2.828 

20.06.26 15:54:28  ===== Processing Layers =====
20.06.26 15:54:28    *SEND* for CScalarLayer, GUID=7641E21B-8224-4159-9F24-74BCFE28891B
 Start: ComputeVolumeCharacteristics
 End:   ComputeVolumeCharacteristics; Timer: cpu0=0.000 wall=0.004 
 Start: GetValueOnFacets
 End:   GetValueOnFacets; Timer: cpu0=0.172 wall=0.010 
20.06.26 15:54:28    *SEND* for CIntegralCharsLayer, GUID=4E090A0C-544B-E4A2-4242-BEC451D7CD2B
20.06.26 15:54:28    *SEND* for CIntegralCharsLayer, GUID=F89DB856-096A-C78A-52DA-9AF764E60355
20.06.26 15:54:28    *SEND* for CIntegralCharsLayer, GUID=1F3B9B3A-6498-80C8-3F3C-86FD4C134ECD
 End:   ===== Processing Layers =====; Timer: cpu0=0.172 wall=0.030 

20.06.26 15:54:28  ===== New Time Step =====, Iter number =  32
 Start: TimeServis
 End:   TimeServis; Timer: cpu0=0.344 wall=0.036 
 Start: User modules' functions BeforeTimeStep() are calling
 End:   User modules' functions BeforeTimeStep() are calling; Timer: cpu0=0.000 wall=0.002 
 Start: Adaptation, TotalRealCellsCount= 95777 
 End:   Adaptation; Timer: cpu0=0.156 wall=0.005 
 Start: Initialize data arrays on chips
 End:   Initialize data arrays on chips, res= 0; Timer: cpu0=0.000 wall=0.003 
  ***** Maximum Geometrical Gauss = 1.59614e-14, cell= 299:7:2:6:0
  ***** Maximum MovingSurf  Gauss = 0, cell= 
 Start: Initialize data arrays on chips
 End:   Initialize data arrays on chips, res= 0; Timer: cpu0=0.000 wall=0.002 
 Start: TimeServis
 End:   TimeServis; Timer: cpu0=0.344 wall=0.037 
 Start: FindEnclaves
 End:   FindEnclaves; Timer: cpu0=0.078 wall=0.079 
 Start: VarValueService
 End:   VarValueService; Timer: cpu0=0.000 wall=0.001 
 Start: SolvePhaseEquation 
 End:   SolvePhaseEquation ; Timer: cpu0=11.125 wall=1.403 
 Start: SolidFiltersProcess: calculate forces and moments
 End:   SolidFiltersProcess: calculate forces and moments; Timer: cpu0=0.000 wall=0.002 
 Start: PrepareDataForNextStep
 End:   PrepareDataForNextStep; Timer: cpu0=0.359 wall=0.038 
 Start: VarValueService
 End:   VarValueService; Timer: cpu0=0.000 wall=0.001 
 Start: UpdateStopperData
 End:   UpdateStopperData; Timer: cpu0=0.000 wall=0.001 
 Start: Saving text status in E:\UniFlight\flow\full_rocket0_fv\data\full_rocket0.status
 End:   Saving text status in E:\UniFlight\flow\full_rocket0_fv\data\full_rocket0.status; Timer: cpu0=0.000 wall=0.002 
 End:   ===== Time Step =====, Iter number =  32; Timer: cpu0=12.750 wall=1.670 

20.06.26 15:54:30  ===== Processing Layers =====
20.06.26 15:54:30    *SEND* for CScalarLayer, GUID=7641E21B-8224-4159-9F24-74BCFE28891B
 Start: ComputeVolumeCharacteristics
 End:   ComputeVolumeCharacteristics; Timer: cpu0=0.000 wall=0.004 
 Start: GetValueOnFacets
 End:   GetValueOnFacets; Timer: cpu0=0.172 wall=0.011 
20.06.26 15:54:30    *SEND* for CIntegralCharsLayer, GUID=4E090A0C-544B-E4A2-4242-BEC451D7CD2B
20.06.26 15:54:30    *SEND* for CIntegralCharsLayer, GUID=F89DB856-096A-C78A-52DA-9AF764E60355
20.06.26 15:54:30    *SEND* for CIntegralCharsLayer, GUID=1F3B9B3A-6498-80C8-3F3C-86FD4C134ECD
 End:   ===== Processing Layers =====; Timer: cpu0=0.344 wall=0.033 

20.06.26 15:54:30  ===== New Time Step =====, Iter number =  33
 Start: TimeServis
 End:   TimeServis; Timer: cpu0=0.344 wall=0.031 
 Start: User modules' functions BeforeTimeStep() are calling
 End:   User modules' functions BeforeTimeStep() are calling; Timer: cpu0=0.000 wall=0.002 
 Start: Adaptation, TotalRealCellsCount= 95777 
 End:   Adaptation; Timer: cpu0=0.000 wall=0.004 
 Start: Initialize data arrays on chips
 End:   Initialize data arrays on chips, res= 0; Timer: cpu0=0.172 wall=0.003 
  ***** Maximum Geometrical Gauss = 1.59614e-14, cell= 299:7:2:6:0
  ***** Maximum MovingSurf  Gauss = 0, cell= 
 Start: Initialize data arrays on chips
 End:   Initialize data arrays on chips, res= 0; Timer: cpu0=0.000 wall=0.002 
 Start: TimeServis
 End:   TimeServis; Timer: cpu0=0.500 wall=0.039 
 Start: FindEnclaves
 End:   FindEnclaves; Timer: cpu0=0.078 wall=0.077 
 Start: VarValueService
 End:   VarValueService; Timer: cpu0=0.000 wall=0.001 
 Start: SolvePhaseEquation 
 End:   SolvePhaseEquation ; Timer: cpu0=11.594 wall=1.441 
 Start: SolidFiltersProcess: calculate forces and moments
 End:   SolidFiltersProcess: calculate forces and moments; Timer: cpu0=0.000 wall=0.001 
 Start: PrepareDataForNextStep
 End:   PrepareDataForNextStep; Timer: cpu0=0.344 wall=0.038 
 Start: VarValueService
 End:   VarValueService; Timer: cpu0=0.000 wall=0.001 
 Start: UpdateStopperData
 End:   UpdateStopperData; Timer: cpu0=0.000 wall=0.001 
 Start: Saving text status in E:\UniFlight\flow\full_rocket0_fv\data\full_rocket0.status
 End:   Saving text status in E:\UniFlight\flow\full_rocket0_fv\data\full_rocket0.status; Timer: cpu0=0.000 wall=0.002 
 End:   ===== Time Step =====, Iter number =  33; Timer: cpu0=13.203 wall=1.704 

20.06.26 15:54:32  ===== Processing Layers =====
20.06.26 15:54:32    *SEND* for CScalarLayer, GUID=7641E21B-8224-4159-9F24-74BCFE28891B
 Start: ComputeVolumeCharacteristics
 End:   ComputeVolumeCharacteristics; Timer: cpu0=0.000 wall=0.004 
 Start: GetValueOnFacets
 End:   GetValueOnFacets; Timer: cpu0=0.016 wall=0.011 
20.06.26 15:54:32    *SEND* for CIntegralCharsLayer, GUID=4E090A0C-544B-E4A2-4242-BEC451D7CD2B
20.06.26 15:54:32    *SEND* for CIntegralCharsLayer, GUID=F89DB856-096A-C78A-52DA-9AF764E60355
20.06.26 15:54:32    *SEND* for CIntegralCharsLayer, GUID=1F3B9B3A-6498-80C8-3F3C-86FD4C134ECD
 End:   ===== Processing Layers =====; Timer: cpu0=0.016 wall=0.031 

20.06.26 15:54:32  ===== New Time Step =====, Iter number =  34
 Start: TimeServis
 End:   TimeServis; Timer: cpu0=0.344 wall=0.033 
 Start: User modules' functions BeforeTimeStep() are calling
 End:   User modules' functions BeforeTimeStep() are calling; Timer: cpu0=0.000 wall=0.002 
 Start: Adaptation, TotalRealCellsCount= 95777 
 End:   Adaptation; Timer: cpu0=0.094 wall=0.005 
 Start: Initialize data arrays on chips
 End:   Initialize data arrays on chips, res= 0; Timer: cpu0=0.000 wall=0.002 
  ***** Maximum Geometrical Gauss = 1.59614e-14, cell= 299:7:2:6:0
  ***** Maximum MovingSurf  Gauss = 0, cell= 
 Start: Initialize data arrays on chips
 End:   Initialize data arrays on chips, res= 0; Timer: cpu0=0.000 wall=0.002 
 Start: TimeServis
 End:   TimeServis; Timer: cpu0=0.297 wall=0.041 
 Start: FindEnclaves
 End:   FindEnclaves; Timer: cpu0=0.094 wall=0.099 
 Start: VarValueService
 End:   VarValueService; Timer: cpu0=0.000 wall=0.001 
 Start: SolvePhaseEquation 
 End:   SolvePhaseEquation ; Timer: cpu0=11.188 wall=1.436 
 Start: SolidFiltersProcess: calculate forces and moments
 End:   SolidFiltersProcess: calculate forces and moments; Timer: cpu0=0.000 wall=0.002 
 Start: PrepareDataForNextStep
 End:   PrepareDataForNextStep; Timer: cpu0=0.328 wall=0.036 
 Start: VarValueService
 End:   VarValueService; Timer: cpu0=0.000 wall=0.001 
 Start: UpdateStopperData
 End:   UpdateStopperData; Timer: cpu0=0.000 wall=0.001 
 Start: Saving text status in E:\UniFlight\flow\full_rocket0_fv\data\full_rocket0.status
 End:   Saving text status in E:\UniFlight\flow\full_rocket0_fv\data\full_rocket0.status; Timer: cpu0=0.000 wall=0.002 
 End:   ===== Time Step =====, Iter number =  34; Timer: cpu0=12.516 wall=1.725 

20.06.26 15:54:34  ===== Processing Layers =====
20.06.26 15:54:34    *SEND* for CScalarLayer, GUID=7641E21B-8224-4159-9F24-74BCFE28891B
 Start: ComputeVolumeCharacteristics
 End:   ComputeVolumeCharacteristics; Timer: cpu0=0.000 wall=0.003 
 Start: GetValueOnFacets
 End:   GetValueOnFacets; Timer: cpu0=0.016 wall=0.009 
20.06.26 15:54:34    *SEND* for CIntegralCharsLayer, GUID=4E090A0C-544B-E4A2-4242-BEC451D7CD2B
20.06.26 15:54:34    *SEND* for CIntegralCharsLayer, GUID=F89DB856-096A-C78A-52DA-9AF764E60355
20.06.26 15:54:34    *SEND* for CIntegralCharsLayer, GUID=1F3B9B3A-6498-80C8-3F3C-86FD4C134ECD
 End:   ===== Processing Layers =====; Timer: cpu0=0.016 wall=0.026 

20.06.26 15:54:34  ===== New Time Step =====, Iter number =  35
 Start: TimeServis
 End:   TimeServis; Timer: cpu0=0.344 wall=0.036 
 Start: User modules' functions BeforeTimeStep() are calling
 End:   User modules' functions BeforeTimeStep() are calling; Timer: cpu0=0.000 wall=0.002 
 Start: Adaptation, TotalRealCellsCount= 95777 
 End:   Adaptation; Timer: cpu0=0.000 wall=0.004 
 Start: Initialize data arrays on chips
 End:   Initialize data arrays on chips, res= 0; Timer: cpu0=0.000 wall=0.002 
  ***** Maximum Geometrical Gauss = 1.59614e-14, cell= 299:7:2:6:0
  ***** Maximum MovingSurf  Gauss = 0, cell= 
 Start: Initialize data arrays on chips
 End:   Initialize data arrays on chips, res= 0; Timer: cpu0=0.000 wall=0.003 
 Start: TimeServis
 End:   TimeServis; Timer: cpu0=0.500 wall=0.039 
 Start: FindEnclaves
 End:   FindEnclaves; Timer: cpu0=0.078 wall=0.076 
 Start: VarValueService
 End:   VarValueService; Timer: cpu0=0.000 wall=0.001 
 Start: SolvePhaseEquation 
 End:   SolvePhaseEquation ; Timer: cpu0=10.969 wall=1.371 
 Start: SolidFiltersProcess: calculate forces and moments
 End:   SolidFiltersProcess: calculate forces and moments; Timer: cpu0=0.000 wall=0.001 
 Start: PrepareDataForNextStep
 End:   PrepareDataForNextStep; Timer: cpu0=0.500 wall=0.038 
 Start: VarValueService
 End:   VarValueService; Timer: cpu0=0.000 wall=0.002 
 Start: UpdateStopperData
 End:   UpdateStopperData; Timer: cpu0=0.000 wall=0.002 
 Start: Saving text status in E:\UniFlight\flow\full_rocket0_fv\data\full_rocket0.status
 End:   Saving text status in E:\UniFlight\flow\full_rocket0_fv\data\full_rocket0.status; Timer: cpu0=0.000 wall=0.003 
 End:   ===== Time Step =====, Iter number =  35; Timer: cpu0=12.734 wall=1.641 

20.06.26 15:54:36  ===== Processing Layers =====
20.06.26 15:54:36    *SEND* for CScalarLayer, GUID=7641E21B-8224-4159-9F24-74BCFE28891B
 Start: ComputeVolumeCharacteristics
 End:   ComputeVolumeCharacteristics; Timer: cpu0=0.000 wall=0.004 
 Start: GetValueOnFacets
 End:   GetValueOnFacets; Timer: cpu0=0.016 wall=0.010 
20.06.26 15:54:36    *SEND* for CIntegralCharsLayer, GUID=4E090A0C-544B-E4A2-4242-BEC451D7CD2B
20.06.26 15:54:36    *SEND* for CIntegralCharsLayer, GUID=F89DB856-096A-C78A-52DA-9AF764E60355
20.06.26 15:54:36    *SEND* for CIntegralCharsLayer, GUID=1F3B9B3A-6498-80C8-3F3C-86FD4C134ECD
 End:   ===== Processing Layers =====; Timer: cpu0=0.031 wall=0.029 

20.06.26 15:54:36  ===== New Time Step =====, Iter number =  36
 Start: TimeServis
 End:   TimeServis; Timer: cpu0=0.344 wall=0.033 
 Start: User modules' functions BeforeTimeStep() are calling
 End:   User modules' functions BeforeTimeStep() are calling; Timer: cpu0=0.000 wall=0.001 
 Start: Adaptation, TotalRealCellsCount= 95777 
 End:   Adaptation; Timer: cpu0=0.172 wall=0.003 
 Start: Initialize data arrays on chips
 End:   Initialize data arrays on chips, res= 0; Timer: cpu0=0.000 wall=0.002 
  ***** Maximum Geometrical Gauss = 1.59614e-14, cell= 299:7:2:6:0
  ***** Maximum MovingSurf  Gauss = 0, cell= 
 Start: Initialize data arrays on chips
 End:   Initialize data arrays on chips, res= 0; Timer: cpu0=0.000 wall=0.003 
 Start: TimeServis
 End:   TimeServis; Timer: cpu0=0.297 wall=0.038 
 Start: FindEnclaves
 End:   FindEnclaves; Timer: cpu0=0.062 wall=0.075 
 Start: VarValueService
 End:   VarValueService; Timer: cpu0=0.000 wall=0.001 
 Start: SolvePhaseEquation 
 End:   SolvePhaseEquation ; Timer: cpu0=11.578 wall=1.438 
 Start: SolidFiltersProcess: calculate forces and moments
 End:   SolidFiltersProcess: calculate forces and moments; Timer: cpu0=0.000 wall=0.002 
 Start: PrepareDataForNextStep
 End:   PrepareDataForNextStep; Timer: cpu0=0.469 wall=0.040 
 Start: VarValueService
 End:   VarValueService; Timer: cpu0=0.000 wall=0.002 
 Start: UpdateStopperData
 End:   UpdateStopperData; Timer: cpu0=0.000 wall=0.001 
 Start: Saving text status in E:\UniFlight\flow\full_rocket0_fv\data\full_rocket0.status
 End:   Saving text status in E:\UniFlight\flow\full_rocket0_fv\data\full_rocket0.status; Timer: cpu0=0.000 wall=0.002 
 End:   ===== Time Step =====, Iter number =  36; Timer: cpu0=13.266 wall=1.703 

20.06.26 15:54:38  ===== Processing Layers =====
20.06.26 15:54:38    *SEND* for CScalarLayer, GUID=7641E21B-8224-4159-9F24-74BCFE28891B
 Start: ComputeVolumeCharacteristics
 End:   ComputeVolumeCharacteristics; Timer: cpu0=0.125 wall=0.005 
 Start: GetValueOnFacets
 End:   GetValueOnFacets; Timer: cpu0=0.000 wall=0.009 
20.06.26 15:54:38    *SEND* for CIntegralCharsLayer, GUID=4E090A0C-544B-E4A2-4242-BEC451D7CD2B
20.06.26 15:54:38    *SEND* for CIntegralCharsLayer, GUID=F89DB856-096A-C78A-52DA-9AF764E60355
20.06.26 15:54:38    *SEND* for CIntegralCharsLayer, GUID=1F3B9B3A-6498-80C8-3F3C-86FD4C134ECD
 End:   ===== Processing Layers =====; Timer: cpu0=0.125 wall=0.029 

20.06.26 15:54:38  ===== New Time Step =====, Iter number =  37
 Start: TimeServis
 End:   TimeServis; Timer: cpu0=0.297 wall=0.031 
 Start: User modules' functions BeforeTimeStep() are calling
 End:   User modules' functions BeforeTimeStep() are calling; Timer: cpu0=0.000 wall=0.001 
 Start: Adaptation, TotalRealCellsCount= 95777 
 End:   Adaptation; Timer: cpu0=0.172 wall=0.004 
 Start: Initialize data arrays on chips
 End:   Initialize data arrays on chips, res= 0; Timer: cpu0=0.000 wall=0.002 
  ***** Maximum Geometrical Gauss = 1.59614e-14, cell= 299:7:2:6:0
  ***** Maximum MovingSurf  Gauss = 0, cell= 
 Start: Initialize data arrays on chips
 End:   Initialize data arrays on chips, res= 0; Timer: cpu0=0.000 wall=0.002 
 Start: TimeServis
 End:   TimeServis; Timer: cpu0=0.344 wall=0.035 
 Start: FindEnclaves
 End:   FindEnclaves; Timer: cpu0=0.250 wall=0.085 
 Start: VarValueService
 End:   VarValueService; Timer: cpu0=0.000 wall=0.001 
 Start: SolvePhaseEquation 
 End:   SolvePhaseEquation ; Timer: cpu0=11.828 wall=1.419 
 Start: SolidFiltersProcess: calculate forces and moments
 End:   SolidFiltersProcess: calculate forces and moments; Timer: cpu0=0.000 wall=0.002 
 Start: PrepareDataForNextStep
 End:   PrepareDataForNextStep; Timer: cpu0=0.250 wall=0.036 
 Start: VarValueService
 End:   VarValueService; Timer: cpu0=0.000 wall=0.001 
 Start: UpdateStopperData
 End:   UpdateStopperData; Timer: cpu0=0.000 wall=0.001 
 Start: Saving text status in E:\UniFlight\flow\full_rocket0_fv\data\full_rocket0.status
 End:   Saving text status in E:\UniFlight\flow\full_rocket0_fv\data\full_rocket0.status; Timer: cpu0=0.000 wall=0.002 
 End:   ===== Time Step =====, Iter number =  37; Timer: cpu0=13.312 wall=1.681 

20.06.26 15:54:40  ===== Processing Layers =====
20.06.26 15:54:40    *SEND* for CScalarLayer, GUID=7641E21B-8224-4159-9F24-74BCFE28891B
 Start: ComputeVolumeCharacteristics
 End:   ComputeVolumeCharacteristics; Timer: cpu0=0.000 wall=0.004 
 Start: GetValueOnFacets
 End:   GetValueOnFacets; Timer: cpu0=0.016 wall=0.010 
20.06.26 15:54:40    *SEND* for CIntegralCharsLayer, GUID=4E090A0C-544B-E4A2-4242-BEC451D7CD2B
20.06.26 15:54:40    *SEND* for CIntegralCharsLayer, GUID=F89DB856-096A-C78A-52DA-9AF764E60355
20.06.26 15:54:40    *SEND* for CIntegralCharsLayer, GUID=1F3B9B3A-6498-80C8-3F3C-86FD4C134ECD
 End:   ===== Processing Layers =====; Timer: cpu0=0.016 wall=0.029 

20.06.26 15:54:40  ===== New Time Step =====, Iter number =  38
 Start: TimeServis
 End:   TimeServis; Timer: cpu0=0.344 wall=0.035 
 Start: User modules' functions BeforeTimeStep() are calling
 End:   User modules' functions BeforeTimeStep() are calling; Timer: cpu0=0.000 wall=0.002 
 Start: Adaptation, TotalRealCellsCount= 95777 
 End:   Adaptation; Timer: cpu0=0.172 wall=0.004 
 Start: Initialize data arrays on chips
 End:   Initialize data arrays on chips, res= 0; Timer: cpu0=0.000 wall=0.002 
  ***** Maximum Geometrical Gauss = 1.59614e-14, cell= 299:7:2:6:0
  ***** Maximum MovingSurf  Gauss = 0, cell= 
 Start: Initialize data arrays on chips
 End:   Initialize data arrays on chips, res= 0; Timer: cpu0=0.000 wall=0.003 
 Start: TimeServis
 End:   TimeServis; Timer: cpu0=0.344 wall=0.033 
 Start: FindEnclaves
 End:   FindEnclaves; Timer: cpu0=0.219 wall=0.083 
 Start: VarValueService
 End:   VarValueService; Timer: cpu0=0.000 wall=0.001 
 Start: SolvePhaseEquation 
 End:   SolvePhaseEquation ; Timer: cpu0=11.328 wall=1.433 
 Start: SolidFiltersProcess: calculate forces and moments
 End:   SolidFiltersProcess: calculate forces and moments; Timer: cpu0=0.000 wall=0.002 
 Start: PrepareDataForNextStep
 End:   PrepareDataForNextStep; Timer: cpu0=0.438 wall=0.039 
 Start: VarValueService
 End:   VarValueService; Timer: cpu0=0.000 wall=0.002 
 Start: UpdateStopperData
 End:   UpdateStopperData; Timer: cpu0=0.000 wall=0.001 
 Start: Saving text status in E:\UniFlight\flow\full_rocket0_fv\data\full_rocket0.status
 End:   Saving text status in E:\UniFlight\flow\full_rocket0_fv\data\full_rocket0.status; Timer: cpu0=0.000 wall=0.002 
 End:   ===== Time Step =====, Iter number =  38; Timer: cpu0=13.016 wall=1.701 

20.06.26 15:54:42  ===== Processing Layers =====
20.06.26 15:54:42    *SEND* for CScalarLayer, GUID=7641E21B-8224-4159-9F24-74BCFE28891B
 Start: ComputeVolumeCharacteristics
 End:   ComputeVolumeCharacteristics; Timer: cpu0=0.172 wall=0.004 
 Start: GetValueOnFacets
 End:   GetValueOnFacets; Timer: cpu0=0.000 wall=0.010 
20.06.26 15:54:42    *SEND* for CIntegralCharsLayer, GUID=4E090A0C-544B-E4A2-4242-BEC451D7CD2B
20.06.26 15:54:42    *SEND* for CIntegralCharsLayer, GUID=F89DB856-096A-C78A-52DA-9AF764E60355
20.06.26 15:54:42    *SEND* for CIntegralCharsLayer, GUID=1F3B9B3A-6498-80C8-3F3C-86FD4C134ECD
 End:   ===== Processing Layers =====; Timer: cpu0=0.172 wall=0.031 

20.06.26 15:54:42  ===== New Time Step =====, Iter number =  39
 Start: TimeServis
 End:   TimeServis; Timer: cpu0=0.344 wall=0.033 
 Start: User modules' functions BeforeTimeStep() are calling
 End:   User modules' functions BeforeTimeStep() are calling; Timer: cpu0=0.000 wall=0.002 
 Start: Adaptation, TotalRealCellsCount= 95777 
 End:   Adaptation; Timer: cpu0=0.172 wall=0.003 
 Start: Initialize data arrays on chips
 End:   Initialize data arrays on chips, res= 0; Timer: cpu0=0.000 wall=0.002 
  ***** Maximum Geometrical Gauss = 1.59614e-14, cell= 299:7:2:6:0
  ***** Maximum MovingSurf  Gauss = 0, cell= 
 Start: Initialize data arrays on chips
 End:   Initialize data arrays on chips, res= 0; Timer: cpu0=0.000 wall=0.003 
 Start: TimeServis
 End:   TimeServis; Timer: cpu0=0.344 wall=0.035 
 Start: FindEnclaves
 End:   FindEnclaves; Timer: cpu0=0.078 wall=0.092 
 Start: VarValueService
 End:   VarValueService; Timer: cpu0=0.000 wall=0.002 
 Start: SolvePhaseEquation 
 End:   SolvePhaseEquation ; Timer: cpu0=11.250 wall=1.378 
 Start: SolidFiltersProcess: calculate forces and moments
 End:   SolidFiltersProcess: calculate forces and moments; Timer: cpu0=0.000 wall=0.002 
 Start: PrepareDataForNextStep
 End:   PrepareDataForNextStep; Timer: cpu0=0.328 wall=0.039 
 Start: VarValueService
 End:   VarValueService; Timer: cpu0=0.000 wall=0.002 
 Start: UpdateStopperData
 End:   UpdateStopperData; Timer: cpu0=0.000 wall=0.001 
 Start: Saving text status in E:\UniFlight\flow\full_rocket0_fv\data\full_rocket0.status
 End:   Saving text status in E:\UniFlight\flow\full_rocket0_fv\data\full_rocket0.status; Timer: cpu0=0.000 wall=0.001 
 End:   ===== Time Step =====, Iter number =  39; Timer: cpu0=12.859 wall=1.655 

20.06.26 15:54:44  ===== Processing Layers =====
20.06.26 15:54:44    *SEND* for CScalarLayer, GUID=7641E21B-8224-4159-9F24-74BCFE28891B
 Start: ComputeVolumeCharacteristics
 End:   ComputeVolumeCharacteristics; Timer: cpu0=0.000 wall=0.004 
 Start: GetValueOnFacets
 End:   GetValueOnFacets; Timer: cpu0=0.141 wall=0.011 
20.06.26 15:54:44    *SEND* for CIntegralCharsLayer, GUID=4E090A0C-544B-E4A2-4242-BEC451D7CD2B
20.06.26 15:54:44    *SEND* for CIntegralCharsLayer, GUID=F89DB856-096A-C78A-52DA-9AF764E60355
20.06.26 15:54:44    *SEND* for CIntegralCharsLayer, GUID=1F3B9B3A-6498-80C8-3F3C-86FD4C134ECD
 End:   ===== Processing Layers =====; Timer: cpu0=0.141 wall=0.031 

20.06.26 15:54:44  ===== New Time Step =====, Iter number =  40
 Start: TimeServis
 End:   TimeServis; Timer: cpu0=0.391 wall=0.034 
 Start: User modules' functions BeforeTimeStep() are calling
 End:   User modules' functions BeforeTimeStep() are calling; Timer: cpu0=0.000 wall=0.002 
 Start: Adaptation, TotalRealCellsCount= 95777 
 End:   Adaptation; Timer: cpu0=6.219 wall=0.816 
 Start: DistributeGridOnProcessors
 End:   DistributeGridOnProcessors, res= 0; Timer: cpu0=1.031 wall=0.231 
 Start: SetNeiHyperCells
 End:   SetNeiHyperCells, res= 0; Timer: cpu0=0.172 wall=0.007 
 Start: BuildFacetDistribution
 End:   BuildFacetDistribution; Timer: cpu0=0.000 wall=0.002 
 Start: Initialize data arrays on chips
 End:   Initialize data arrays on chips, res= 0; Timer: cpu0=0.000 wall=0.002 
  ***** Maximum Geometrical Gauss = 1.45735e-14, cell= 390:7:6:3:0
  ***** Maximum MovingSurf  Gauss = 9.07339e-15, cell= 694:7:6:6:0
 Start: Remove Small Cells
 End:   Remove Small Cells; Timer: cpu0=0.344 wall=0.023 
 Start: Initialize data arrays on chips
 End:   Initialize data arrays on chips, res= 0; Timer: cpu0=0.000 wall=0.002 
  ***** Maximum Geometrical Gauss = 1.45735e-14, cell= 390:7:6:3:0
  ***** Maximum MovingSurf  Gauss = 9.07339e-15, cell= 694:7:6:6:0
 Start: Initialize data arrays on chips
 End:   Initialize data arrays on chips, res= 0; Timer: cpu0=0.000 wall=0.002 
 Start: Modify Chip Data
 End:   Modify Chip Data; Timer: cpu0=0.344 wall=0.040 
 Start: TimeServis
 End:   TimeServis; Timer: cpu0=0.484 wall=0.049 
 Start: FindEnclaves
 End:   FindEnclaves; Timer: cpu0=0.094 wall=0.097 
 Start: VarValueService
 End:   VarValueService; Timer: cpu0=0.000 wall=0.001 
 Start: SolvePhaseEquation 
 End:   SolvePhaseEquation ; Timer: cpu0=12.906 wall=1.663 
 Start: SolidFiltersProcess: calculate forces and moments
 End:   SolidFiltersProcess: calculate forces and moments; Timer: cpu0=0.000 wall=0.002 
 Start: PrepareDataForNextStep
 End:   PrepareDataForNextStep; Timer: cpu0=0.422 wall=0.045 
 Start: VarValueService
 End:   VarValueService; Timer: cpu0=0.000 wall=0.001 
 Start: UpdateStopperData
 End:   UpdateStopperData; Timer: cpu0=0.000 wall=0.001 
 Start: Saving text status in E:\UniFlight\flow\full_rocket0_fv\data\full_rocket0.status
 End:   Saving text status in E:\UniFlight\flow\full_rocket0_fv\data\full_rocket0.status; Timer: cpu0=0.000 wall=0.002 
 End:   ===== Time Step =====, Iter number =  40; Timer: cpu0=22.562 wall=3.114 

20.06.26 15:54:47  ===== Processing Layers =====
20.06.26 15:54:47    *SEND* for CScalarLayer, GUID=7641E21B-8224-4159-9F24-74BCFE28891B
 Start: ComputeVolumeCharacteristics
 End:   ComputeVolumeCharacteristics; Timer: cpu0=0.000 wall=0.004 
 Start: GetValueOnFacets
 End:   GetValueOnFacets; Timer: cpu0=0.062 wall=0.011 
20.06.26 15:54:47    *SEND* for CIntegralCharsLayer, GUID=4E090A0C-544B-E4A2-4242-BEC451D7CD2B
20.06.26 15:54:47    *SEND* for CIntegralCharsLayer, GUID=F89DB856-096A-C78A-52DA-9AF764E60355
20.06.26 15:54:47    *SEND* for CIntegralCharsLayer, GUID=1F3B9B3A-6498-80C8-3F3C-86FD4C134ECD
 End:   ===== Processing Layers =====; Timer: cpu0=0.234 wall=0.032 

20.06.26 15:54:47  ===== New Time Step =====, Iter number =  41
 Start: TimeServis
 End:   TimeServis; Timer: cpu0=0.516 wall=0.037 
 Start: User modules' functions BeforeTimeStep() are calling
 End:   User modules' functions BeforeTimeStep() are calling; Timer: cpu0=0.000 wall=0.002 
 Start: Adaptation, TotalRealCellsCount= 108734 
 End:   Adaptation; Timer: cpu0=6.281 wall=0.827 
 Start: DistributeGridOnProcessors
 End:   DistributeGridOnProcessors, res= 0; Timer: cpu0=0.875 wall=0.208 
 Start: SetNeiHyperCells
 End:   SetNeiHyperCells, res= 0; Timer: cpu0=0.000 wall=0.008 
 Start: BuildFacetDistribution
 End:   BuildFacetDistribution; Timer: cpu0=0.000 wall=0.002 
 Start: Initialize data arrays on chips
 End:   Initialize data arrays on chips, res= 0; Timer: cpu0=0.000 wall=0.002 
  ***** Maximum Geometrical Gauss = 1.4053e-14, cell= 35:1:2:3:0
  ***** Maximum MovingSurf  Gauss = 9.07339e-15, cell= 694:7:6:0
 Start: Remove Small Cells
 End:   Remove Small Cells; Timer: cpu0=0.172 wall=0.022 
 Start: Initialize data arrays on chips
 End:   Initialize data arrays on chips, res= 0; Timer: cpu0=0.000 wall=0.003 
  ***** Maximum Geometrical Gauss = 1.4053e-14, cell= 35:1:2:3:0
  ***** Maximum MovingSurf  Gauss = 9.07339e-15, cell= 694:7:6:0
 Start: Initialize data arrays on chips
 End:   Initialize data arrays on chips, res= 0; Timer: cpu0=0.000 wall=0.003 
 Start: Modify Chip Data
 End:   Modify Chip Data; Timer: cpu0=0.344 wall=0.034 
 Start: TimeServis
 End:   TimeServis; Timer: cpu0=0.516 wall=0.050 
 Start: FindEnclaves
 End:   FindEnclaves; Timer: cpu0=0.078 wall=0.092 
 Start: VarValueService
 End:   VarValueService; Timer: cpu0=0.000 wall=0.001 
 Start: SolvePhaseEquation 
 End:   SolvePhaseEquation ; Timer: cpu0=11.750 wall=1.476 
 Start: SolidFiltersProcess: calculate forces and moments
 End:   SolidFiltersProcess: calculate forces and moments; Timer: cpu0=0.000 wall=0.001 
 Start: PrepareDataForNextStep
 End:   PrepareDataForNextStep; Timer: cpu0=0.344 wall=0.041 
 Start: VarValueService
 End:   VarValueService; Timer: cpu0=0.141 wall=0.002 
 Start: UpdateStopperData
 End:   UpdateStopperData; Timer: cpu0=0.000 wall=0.001 
 Start: Saving text status in E:\UniFlight\flow\full_rocket0_fv\data\full_rocket0.status
 End:   Saving text status in E:\UniFlight\flow\full_rocket0_fv\data\full_rocket0.status; Timer: cpu0=0.000 wall=0.002 
 End:   ===== Time Step =====, Iter number =  41; Timer: cpu0=21.422 wall=2.904 

20.06.26 15:54:50  ===== Processing Layers =====
20.06.26 15:54:50    *SEND* for CScalarLayer, GUID=7641E21B-8224-4159-9F24-74BCFE28891B
 Start: ComputeVolumeCharacteristics
 End:   ComputeVolumeCharacteristics; Timer: cpu0=0.000 wall=0.004 
 Start: GetValueOnFacets
 End:   GetValueOnFacets; Timer: cpu0=0.016 wall=0.011 
20.06.26 15:54:50    *SEND* for CIntegralCharsLayer, GUID=4E090A0C-544B-E4A2-4242-BEC451D7CD2B
20.06.26 15:54:50    *SEND* for CIntegralCharsLayer, GUID=F89DB856-096A-C78A-52DA-9AF764E60355
20.06.26 15:54:50    *SEND* for CIntegralCharsLayer, GUID=1F3B9B3A-6498-80C8-3F3C-86FD4C134ECD
 End:   ===== Processing Layers =====; Timer: cpu0=0.188 wall=0.033 

20.06.26 15:54:50  ===== New Time Step =====, Iter number =  42
 Start: TimeServis
 End:   TimeServis; Timer: cpu0=0.438 wall=0.035 
 Start: User modules' functions BeforeTimeStep() are calling
 End:   User modules' functions BeforeTimeStep() are calling; Timer: cpu0=0.000 wall=0.002 
 Start: Adaptation, TotalRealCellsCount= 96190 
 End:   Adaptation; Timer: cpu0=0.000 wall=0.005 
 Start: Initialize data arrays on chips
 End:   Initialize data arrays on chips, res= 0; Timer: cpu0=0.000 wall=0.002 
  ***** Maximum Geometrical Gauss = 1.4053e-14, cell= 35:1:2:3:0
  ***** Maximum MovingSurf  Gauss = 0, cell= 
 Start: Initialize data arrays on chips
 End:   Initialize data arrays on chips, res= 0; Timer: cpu0=0.000 wall=0.001 
 Start: TimeServis
 End:   TimeServis; Timer: cpu0=0.312 wall=0.037 
 Start: FindEnclaves
 End:   FindEnclaves; Timer: cpu0=0.250 wall=0.094 
 Start: VarValueService
 End:   VarValueService; Timer: cpu0=0.000 wall=0.001 
 Start: SolvePhaseEquation 
 End:   SolvePhaseEquation ; Timer: cpu0=11.844 wall=1.502 
 Start: SolidFiltersProcess: calculate forces and moments
 End:   SolidFiltersProcess: calculate forces and moments; Timer: cpu0=0.000 wall=0.002 
 Start: PrepareDataForNextStep
 End:   PrepareDataForNextStep; Timer: cpu0=0.203 wall=0.047 
 Start: VarValueService
 End:   VarValueService; Timer: cpu0=0.000 wall=0.001 
 Start: UpdateStopperData
 End:   UpdateStopperData; Timer: cpu0=0.000 wall=0.001 
 Start: Saving text status in E:\UniFlight\flow\full_rocket0_fv\data\full_rocket0.status
 End:   Saving text status in E:\UniFlight\flow\full_rocket0_fv\data\full_rocket0.status; Timer: cpu0=0.000 wall=0.001 
 End:   ===== Time Step =====, Iter number =  42; Timer: cpu0=13.328 wall=1.789 

20.06.26 15:54:52  ===== Processing Layers =====
20.06.26 15:54:52    *SEND* for CScalarLayer, GUID=7641E21B-8224-4159-9F24-74BCFE28891B
 Start: ComputeVolumeCharacteristics
 End:   ComputeVolumeCharacteristics; Timer: cpu0=0.000 wall=0.005 
 Start: GetValueOnFacets
 End:   GetValueOnFacets; Timer: cpu0=0.156 wall=0.014 
20.06.26 15:54:53    *SEND* for CIntegralCharsLayer, GUID=4E090A0C-544B-E4A2-4242-BEC451D7CD2B
20.06.26 15:54:53    *SEND* for CIntegralCharsLayer, GUID=F89DB856-096A-C78A-52DA-9AF764E60355
20.06.26 15:54:53    *SEND* for CIntegralCharsLayer, GUID=1F3B9B3A-6498-80C8-3F3C-86FD4C134ECD
 End:   ===== Processing Layers =====; Timer: cpu0=0.156 wall=0.037 

20.06.26 15:54:53  ===== New Time Step =====, Iter number =  43
 Start: TimeServis
 End:   TimeServis; Timer: cpu0=0.328 wall=0.038 
 Start: User modules' functions BeforeTimeStep() are calling
 End:   User modules' functions BeforeTimeStep() are calling; Timer: cpu0=0.000 wall=0.002 
 Start: Adaptation, TotalRealCellsCount= 96190 
 End:   Adaptation; Timer: cpu0=0.000 wall=0.005 
 Start: Initialize data arrays on chips
 End:   Initialize data arrays on chips, res= 0; Timer: cpu0=0.000 wall=0.002 
  ***** Maximum Geometrical Gauss = 1.4053e-14, cell= 35:1:2:3:0
  ***** Maximum MovingSurf  Gauss = 0, cell= 
 Start: Initialize data arrays on chips
 End:   Initialize data arrays on chips, res= 0; Timer: cpu0=0.000 wall=0.002 
 Start: TimeServis
 End:   TimeServis; Timer: cpu0=0.453 wall=0.056 
 Start: FindEnclaves
 End:   FindEnclaves; Timer: cpu0=0.078 wall=0.094 
 Start: VarValueService
 End:   VarValueService; Timer: cpu0=0.000 wall=0.001 
 Start: SolvePhaseEquation 
 End:   SolvePhaseEquation ; Timer: cpu0=11.953 wall=1.550 
 Start: SolidFiltersProcess: calculate forces and moments
 End:   SolidFiltersProcess: calculate forces and moments; Timer: cpu0=0.000 wall=0.002 
 Start: PrepareDataForNextStep
 End:   PrepareDataForNextStep; Timer: cpu0=0.297 wall=0.045 
 Start: VarValueService
 End:   VarValueService; Timer: cpu0=0.000 wall=0.001 
 Start: UpdateStopperData
 End:   UpdateStopperData; Timer: cpu0=0.000 wall=0.001 
 Start: Saving text status in E:\UniFlight\flow\full_rocket0_fv\data\full_rocket0.status
 End:   Saving text status in E:\UniFlight\flow\full_rocket0_fv\data\full_rocket0.status; Timer: cpu0=0.000 wall=0.002 
 End:   ===== Time Step =====, Iter number =  43; Timer: cpu0=13.453 wall=1.869 

20.06.26 15:54:55  ===== Processing Layers =====
20.06.26 15:54:55    *SEND* for CScalarLayer, GUID=7641E21B-8224-4159-9F24-74BCFE28891B
 Start: ComputeVolumeCharacteristics
 End:   ComputeVolumeCharacteristics; Timer: cpu0=0.000 wall=0.005 
 Start: GetValueOnFacets
 End:   GetValueOnFacets; Timer: cpu0=0.000 wall=0.012 
20.06.26 15:54:55    *SEND* for CIntegralCharsLayer, GUID=4E090A0C-544B-E4A2-4242-BEC451D7CD2B
20.06.26 15:54:55    *SEND* for CIntegralCharsLayer, GUID=F89DB856-096A-C78A-52DA-9AF764E60355
20.06.26 15:54:55    *SEND* for CIntegralCharsLayer, GUID=1F3B9B3A-6498-80C8-3F3C-86FD4C134ECD
 End:   ===== Processing Layers =====; Timer: cpu0=0.016 wall=0.036 

20.06.26 15:54:55  ===== New Time Step =====, Iter number =  44
 Start: TimeServis
 End:   TimeServis; Timer: cpu0=0.312 wall=0.034 
 Start: User modules' functions BeforeTimeStep() are calling
 End:   User modules' functions BeforeTimeStep() are calling; Timer: cpu0=0.000 wall=0.003 
 Start: Adaptation, TotalRealCellsCount= 96190 
 End:   Adaptation; Timer: cpu0=0.000 wall=0.005 
 Start: Initialize data arrays on chips
 End:   Initialize data arrays on chips, res= 0; Timer: cpu0=0.000 wall=0.002 
  ***** Maximum Geometrical Gauss = 1.4053e-14, cell= 35:1:2:3:0
  ***** Maximum MovingSurf  Gauss = 0, cell= 
 Start: Initialize data arrays on chips
 End:   Initialize data arrays on chips, res= 0; Timer: cpu0=0.000 wall=0.003 
 Start: TimeServis
 End:   TimeServis; Timer: cpu0=0.328 wall=0.037 
 Start: FindEnclaves
 End:   FindEnclaves; Timer: cpu0=0.078 wall=0.080 
 Start: VarValueService
 End:   VarValueService; Timer: cpu0=0.000 wall=0.001 
 Start: SolvePhaseEquation 
 End:   SolvePhaseEquation ; Timer: cpu0=10.750 wall=1.389 
 Start: SolidFiltersProcess: calculate forces and moments
 End:   SolidFiltersProcess: calculate forces and moments; Timer: cpu0=0.000 wall=0.002 
 Start: PrepareDataForNextStep
 End:   PrepareDataForNextStep; Timer: cpu0=0.203 wall=0.045 
 Start: VarValueService
 End:   VarValueService; Timer: cpu0=0.000 wall=0.002 
 Start: UpdateStopperData
 End:   UpdateStopperData; Timer: cpu0=0.000 wall=0.001 
 Start: Saving text status in E:\UniFlight\flow\full_rocket0_fv\data\full_rocket0.status
 End:   Saving text status in E:\UniFlight\flow\full_rocket0_fv\data\full_rocket0.status; Timer: cpu0=0.000 wall=0.003 
 End:   ===== Time Step =====, Iter number =  44; Timer: cpu0=12.000 wall=1.667 

20.06.26 15:54:57  ===== Processing Layers =====
20.06.26 15:54:57    *SEND* for CScalarLayer, GUID=7641E21B-8224-4159-9F24-74BCFE28891B
 Start: ComputeVolumeCharacteristics
 End:   ComputeVolumeCharacteristics; Timer: cpu0=0.000 wall=0.004 
 Start: GetValueOnFacets
 End:   GetValueOnFacets; Timer: cpu0=0.016 wall=0.011 
20.06.26 15:54:57    *SEND* for CIntegralCharsLayer, GUID=4E090A0C-544B-E4A2-4242-BEC451D7CD2B
20.06.26 15:54:57    *SEND* for CIntegralCharsLayer, GUID=F89DB856-096A-C78A-52DA-9AF764E60355
20.06.26 15:54:57    *SEND* for CIntegralCharsLayer, GUID=1F3B9B3A-6498-80C8-3F3C-86FD4C134ECD
 End:   ===== Processing Layers =====; Timer: cpu0=0.031 wall=0.034 

20.06.26 15:54:57  ===== New Time Step =====, Iter number =  45
 Start: TimeServis
 End:   TimeServis; Timer: cpu0=0.344 wall=0.033 
 Start: User modules' functions BeforeTimeStep() are calling
 End:   User modules' functions BeforeTimeStep() are calling; Timer: cpu0=0.000 wall=0.002 
 Start: Adaptation, TotalRealCellsCount= 96190 
 End:   Adaptation; Timer: cpu0=0.000 wall=0.004 
 Start: Initialize data arrays on chips
 End:   Initialize data arrays on chips, res= 0; Timer: cpu0=0.000 wall=0.002 
  ***** Maximum Geometrical Gauss = 1.4053e-14, cell= 35:1:2:3:0
  ***** Maximum MovingSurf  Gauss = 0, cell= 
 Start: Initialize data arrays on chips
 End:   Initialize data arrays on chips, res= 0; Timer: cpu0=0.000 wall=0.002 
 Start: TimeServis
 End:   TimeServis; Timer: cpu0=0.344 wall=0.034 
 Start: FindEnclaves
 End:   FindEnclaves; Timer: cpu0=0.078 wall=0.075 
 Start: VarValueService
 End:   VarValueService; Timer: cpu0=0.000 wall=0.001 
 Start: SolvePhaseEquation 
 End:   SolvePhaseEquation ; Timer: cpu0=11.484 wall=1.412 
 Start: SolidFiltersProcess: calculate forces and moments
 End:   SolidFiltersProcess: calculate forces and moments; Timer: cpu0=0.000 wall=0.002 
 Start: PrepareDataForNextStep
 End:   PrepareDataForNextStep; Timer: cpu0=0.344 wall=0.045 
 Start: VarValueService
 End:   VarValueService; Timer: cpu0=0.000 wall=0.001 
 Start: UpdateStopperData
 End:   UpdateStopperData; Timer: cpu0=0.000 wall=0.001 
 Start: Saving text status in E:\UniFlight\flow\full_rocket0_fv\data\full_rocket0.status
 End:   Saving text status in E:\UniFlight\flow\full_rocket0_fv\data\full_rocket0.status; Timer: cpu0=0.000 wall=0.003 
 End:   ===== Time Step =====, Iter number =  45; Timer: cpu0=12.766 wall=1.678 

20.06.26 15:54:59  ===== Processing Layers =====
20.06.26 15:54:59    *SEND* for CScalarLayer, GUID=7641E21B-8224-4159-9F24-74BCFE28891B
 Start: ComputeVolumeCharacteristics
 End:   ComputeVolumeCharacteristics; Timer: cpu0=0.000 wall=0.004 
 Start: GetValueOnFacets
 End:   GetValueOnFacets; Timer: cpu0=0.172 wall=0.011 
20.06.26 15:54:59    *SEND* for CIntegralCharsLayer, GUID=4E090A0C-544B-E4A2-4242-BEC451D7CD2B
20.06.26 15:54:59    *SEND* for CIntegralCharsLayer, GUID=F89DB856-096A-C78A-52DA-9AF764E60355
20.06.26 15:54:59    *SEND* for CIntegralCharsLayer, GUID=1F3B9B3A-6498-80C8-3F3C-86FD4C134ECD
 End:   ===== Processing Layers =====; Timer: cpu0=0.344 wall=0.030 

20.06.26 15:54:59  ===== New Time Step =====, Iter number =  46
 Start: TimeServis
 End:   TimeServis; Timer: cpu0=0.375 wall=0.033 
 Start: User modules' functions BeforeTimeStep() are calling
 End:   User modules' functions BeforeTimeStep() are calling; Timer: cpu0=0.000 wall=0.001 
 Start: Adaptation, TotalRealCellsCount= 96190 
 End:   Adaptation; Timer: cpu0=0.000 wall=0.004 
 Start: Initialize data arrays on chips
 End:   Initialize data arrays on chips, res= 0; Timer: cpu0=0.000 wall=0.002 
  ***** Maximum Geometrical Gauss = 1.4053e-14, cell= 35:1:2:3:0
  ***** Maximum MovingSurf  Gauss = 0, cell= 
 Start: Initialize data arrays on chips
 End:   Initialize data arrays on chips, res= 0; Timer: cpu0=0.000 wall=0.003 
 Start: TimeServis
 End:   TimeServis; Timer: cpu0=0.344 wall=0.040 
 Start: FindEnclaves
 End:   FindEnclaves; Timer: cpu0=0.078 wall=0.081 
 Start: VarValueService
 End:   VarValueService; Timer: cpu0=0.000 wall=0.001 
 Start: SolvePhaseEquation 
 End:   SolvePhaseEquation ; Timer: cpu0=11.469 wall=1.433 
 Start: SolidFiltersProcess: calculate forces and moments
 End:   SolidFiltersProcess: calculate forces and moments; Timer: cpu0=0.000 wall=0.001 
 Start: PrepareDataForNextStep
 End:   PrepareDataForNextStep; Timer: cpu0=0.344 wall=0.045 
 Start: VarValueService
 End:   VarValueService; Timer: cpu0=0.000 wall=0.001 
 Start: UpdateStopperData
 End:   UpdateStopperData; Timer: cpu0=0.000 wall=0.000 
 Start: Saving text status in E:\UniFlight\flow\full_rocket0_fv\data\full_rocket0.status
 End:   Saving text status in E:\UniFlight\flow\full_rocket0_fv\data\full_rocket0.status; Timer: cpu0=0.000 wall=0.003 
 End:   ===== Time Step =====, Iter number =  46; Timer: cpu0=13.125 wall=1.711 

20.06.26 15:55:01  ===== Processing Layers =====
20.06.26 15:55:01    *SEND* for CScalarLayer, GUID=7641E21B-8224-4159-9F24-74BCFE28891B
 Start: ComputeVolumeCharacteristics
 End:   ComputeVolumeCharacteristics; Timer: cpu0=0.000 wall=0.004 
 Start: GetValueOnFacets
 End:   GetValueOnFacets; Timer: cpu0=0.172 wall=0.010 
20.06.26 15:55:01    *SEND* for CIntegralCharsLayer, GUID=4E090A0C-544B-E4A2-4242-BEC451D7CD2B
20.06.26 15:55:01    *SEND* for CIntegralCharsLayer, GUID=F89DB856-096A-C78A-52DA-9AF764E60355
20.06.26 15:55:01    *SEND* for CIntegralCharsLayer, GUID=1F3B9B3A-6498-80C8-3F3C-86FD4C134ECD
 End:   ===== Processing Layers =====; Timer: cpu0=0.172 wall=0.032 

20.06.26 15:55:01  ===== New Time Step =====, Iter number =  47
 Start: TimeServis
 End:   TimeServis; Timer: cpu0=0.266 wall=0.032 
 Start: User modules' functions BeforeTimeStep() are calling
 End:   User modules' functions BeforeTimeStep() are calling; Timer: cpu0=0.000 wall=0.002 
 Start: Adaptation, TotalRealCellsCount= 96190 
 End:   Adaptation; Timer: cpu0=0.000 wall=0.004 
 Start: Initialize data arrays on chips
 End:   Initialize data arrays on chips, res= 0; Timer: cpu0=0.000 wall=0.003 
  ***** Maximum Geometrical Gauss = 1.4053e-14, cell= 35:1:2:3:0
  ***** Maximum MovingSurf  Gauss = 0, cell= 
 Start: Initialize data arrays on chips
 End:   Initialize data arrays on chips, res= 0; Timer: cpu0=0.000 wall=0.001 
 Start: TimeServis
 End:   TimeServis; Timer: cpu0=0.484 wall=0.039 
 Start: FindEnclaves
 End:   FindEnclaves; Timer: cpu0=0.219 wall=0.078 
 Start: VarValueService
 End:   VarValueService; Timer: cpu0=0.000 wall=0.001 
 Start: SolvePhaseEquation 
 End:   SolvePhaseEquation ; Timer: cpu0=11.578 wall=1.442 
 Start: SolidFiltersProcess: calculate forces and moments
 End:   SolidFiltersProcess: calculate forces and moments; Timer: cpu0=0.000 wall=0.002 
 Start: PrepareDataForNextStep
 End:   PrepareDataForNextStep; Timer: cpu0=0.484 wall=0.045 
 Start: VarValueService
 End:   VarValueService; Timer: cpu0=0.000 wall=0.002 
 Start: UpdateStopperData
 End:   UpdateStopperData; Timer: cpu0=0.000 wall=0.000 
 Start: Saving text status in E:\UniFlight\flow\full_rocket0_fv\data\full_rocket0.status
 End:   Saving text status in E:\UniFlight\flow\full_rocket0_fv\data\full_rocket0.status; Timer: cpu0=0.000 wall=0.002 
 End:   ===== Time Step =====, Iter number =  47; Timer: cpu0=13.219 wall=1.710 

20.06.26 15:55:03  ===== Processing Layers =====
20.06.26 15:55:03    *SEND* for CScalarLayer, GUID=7641E21B-8224-4159-9F24-74BCFE28891B
 Start: ComputeVolumeCharacteristics
 End:   ComputeVolumeCharacteristics; Timer: cpu0=0.000 wall=0.003 
 Start: GetValueOnFacets
 End:   GetValueOnFacets; Timer: cpu0=0.016 wall=0.011 
20.06.26 15:55:03    *SEND* for CIntegralCharsLayer, GUID=4E090A0C-544B-E4A2-4242-BEC451D7CD2B
20.06.26 15:55:03    *SEND* for CIntegralCharsLayer, GUID=F89DB856-096A-C78A-52DA-9AF764E60355
20.06.26 15:55:03    *SEND* for CIntegralCharsLayer, GUID=1F3B9B3A-6498-80C8-3F3C-86FD4C134ECD
 End:   ===== Processing Layers =====; Timer: cpu0=0.031 wall=0.029 

20.06.26 15:55:03  ===== New Time Step =====, Iter number =  48
 Start: TimeServis
 End:   TimeServis; Timer: cpu0=0.344 wall=0.034 
 Start: User modules' functions BeforeTimeStep() are calling
 End:   User modules' functions BeforeTimeStep() are calling; Timer: cpu0=0.000 wall=0.002 
 Start: Adaptation, TotalRealCellsCount= 96190 
 End:   Adaptation; Timer: cpu0=0.172 wall=0.004 
 Start: Initialize data arrays on chips
 End:   Initialize data arrays on chips, res= 0; Timer: cpu0=0.000 wall=0.002 
  ***** Maximum Geometrical Gauss = 1.4053e-14, cell= 35:1:2:3:0
  ***** Maximum MovingSurf  Gauss = 0, cell= 
 Start: Initialize data arrays on chips
 End:   Initialize data arrays on chips, res= 0; Timer: cpu0=0.000 wall=0.002 
 Start: TimeServis
 End:   TimeServis; Timer: cpu0=0.312 wall=0.039 
 Start: FindEnclaves
 End:   FindEnclaves; Timer: cpu0=0.078 wall=0.087 
 Start: VarValueService
 End:   VarValueService; Timer: cpu0=0.000 wall=0.002 
 Start: SolvePhaseEquation 
 End:   SolvePhaseEquation ; Timer: cpu0=11.453 wall=1.473 
 Start: SolidFiltersProcess: calculate forces and moments
 End:   SolidFiltersProcess: calculate forces and moments; Timer: cpu0=0.000 wall=0.002 
 Start: PrepareDataForNextStep
 End:   PrepareDataForNextStep; Timer: cpu0=0.297 wall=0.049 
 Start: VarValueService
 End:   VarValueService; Timer: cpu0=0.000 wall=0.002 
 Start: UpdateStopperData
 End:   UpdateStopperData; Timer: cpu0=0.000 wall=0.001 
 Start: Saving text status in E:\UniFlight\flow\full_rocket0_fv\data\full_rocket0.status
 End:   Saving text status in E:\UniFlight\flow\full_rocket0_fv\data\full_rocket0.status; Timer: cpu0=0.000 wall=0.002 
 End:   ===== Time Step =====, Iter number =  48; Timer: cpu0=12.734 wall=1.761 

20.06.26 15:55:05  ===== Processing Layers =====
20.06.26 15:55:05    *SEND* for CScalarLayer, GUID=7641E21B-8224-4159-9F24-74BCFE28891B
 Start: ComputeVolumeCharacteristics
 End:   ComputeVolumeCharacteristics; Timer: cpu0=0.000 wall=0.004 
 Start: GetValueOnFacets
 End:   GetValueOnFacets; Timer: cpu0=0.000 wall=0.010 
20.06.26 15:55:05    *SEND* for CIntegralCharsLayer, GUID=4E090A0C-544B-E4A2-4242-BEC451D7CD2B
20.06.26 15:55:05    *SEND* for CIntegralCharsLayer, GUID=F89DB856-096A-C78A-52DA-9AF764E60355
20.06.26 15:55:05    *SEND* for CIntegralCharsLayer, GUID=1F3B9B3A-6498-80C8-3F3C-86FD4C134ECD
 End:   ===== Processing Layers =====; Timer: cpu0=0.000 wall=0.028 

20.06.26 15:55:05  ===== New Time Step =====, Iter number =  49
 Start: TimeServis
 End:   TimeServis; Timer: cpu0=0.328 wall=0.033 
 Start: User modules' functions BeforeTimeStep() are calling
 End:   User modules' functions BeforeTimeStep() are calling; Timer: cpu0=0.000 wall=0.003 
 Start: Adaptation, TotalRealCellsCount= 96190 
 End:   Adaptation; Timer: cpu0=0.000 wall=0.004 
 Start: Initialize data arrays on chips
 End:   Initialize data arrays on chips, res= 0; Timer: cpu0=0.000 wall=0.002 
  ***** Maximum Geometrical Gauss = 1.4053e-14, cell= 35:1:2:3:0
  ***** Maximum MovingSurf  Gauss = 0, cell= 
 Start: Initialize data arrays on chips
 End:   Initialize data arrays on chips, res= 0; Timer: cpu0=0.000 wall=0.002 
 Start: TimeServis
 End:   TimeServis; Timer: cpu0=0.328 wall=0.042 
 Start: FindEnclaves
 End:   FindEnclaves; Timer: cpu0=0.078 wall=0.077 
 Start: VarValueService
 End:   VarValueService; Timer: cpu0=0.000 wall=0.002 
 Start: SolvePhaseEquation 
 End:   SolvePhaseEquation ; Timer: cpu0=11.922 wall=1.465 
 Start: SolidFiltersProcess: calculate forces and moments
 End:   SolidFiltersProcess: calculate forces and moments; Timer: cpu0=0.000 wall=0.002 
 Start: PrepareDataForNextStep
 End:   PrepareDataForNextStep; Timer: cpu0=0.203 wall=0.046 
 Start: VarValueService
 End:   VarValueService; Timer: cpu0=0.000 wall=0.002 
 Start: UpdateStopperData
 End:   UpdateStopperData; Timer: cpu0=0.000 wall=0.001 
 Start: Saving text status in E:\UniFlight\flow\full_rocket0_fv\data\full_rocket0.status
 End:   Saving text status in E:\UniFlight\flow\full_rocket0_fv\data\full_rocket0.status; Timer: cpu0=0.000 wall=0.003 
 End:   ===== Time Step =====, Iter number =  49; Timer: cpu0=13.203 wall=1.751 

 Start: Saving values
 End:   Saving values, res= 0; Timer: cpu0=0.766 wall=0.092 
 Start: Saving grid
 End:   Saving grid, res= 0; Timer: cpu0=0.828 wall=0.093 
 Start: Saving grid index
 End:   Saving grid index, res= 0; Timer: cpu0=0.000 wall=0.002 
20.06.26 15:55:07  ===== Processing Layers =====
20.06.26 15:55:07    *SEND* for CScalarLayer, GUID=7641E21B-8224-4159-9F24-74BCFE28891B
 Start: ComputeVolumeCharacteristics
 End:   ComputeVolumeCharacteristics; Timer: cpu0=0.000 wall=0.005 
 Start: GetValueOnFacets
 End:   GetValueOnFacets; Timer: cpu0=0.000 wall=0.010 
20.06.26 15:55:07    *SEND* for CIntegralCharsLayer, GUID=4E090A0C-544B-E4A2-4242-BEC451D7CD2B
20.06.26 15:55:07    *SEND* for CIntegralCharsLayer, GUID=F89DB856-096A-C78A-52DA-9AF764E60355
20.06.26 15:55:07    *SEND* for CIntegralCharsLayer, GUID=1F3B9B3A-6498-80C8-3F3C-86FD4C134ECD
 End:   ===== Processing Layers =====; Timer: cpu0=0.000 wall=0.033 

20.06.26 15:55:07  ===== New Time Step =====, Iter number =  50
 Start: TimeServis
 End:   TimeServis; Timer: cpu0=0.312 wall=0.033 
 Start: User modules' functions BeforeTimeStep() are calling
 End:   User modules' functions BeforeTimeStep() are calling; Timer: cpu0=0.000 wall=0.002 
 Start: Adaptation, TotalRealCellsCount= 96190 
 End:   Adaptation; Timer: cpu0=5.578 wall=0.787 
 Start: DistributeGridOnProcessors
 End:   DistributeGridOnProcessors, res= 0; Timer: cpu0=0.734 wall=0.224 
 Start: SetNeiHyperCells
 End:   SetNeiHyperCells, res= 0; Timer: cpu0=0.172 wall=0.008 
 Start: BuildFacetDistribution
 End:   BuildFacetDistribution; Timer: cpu0=0.000 wall=0.003 
 Start: Initialize data arrays on chips
 End:   Initialize data arrays on chips, res= 0; Timer: cpu0=0.000 wall=0.002 
  ***** Maximum Geometrical Gauss = 1.45735e-14, cell= 390:7:6:3:0
  ***** Maximum MovingSurf  Gauss = 9.07339e-15, cell= 694:7:6:6:0
 Start: Remove Small Cells
 End:   Remove Small Cells; Timer: cpu0=0.281 wall=0.022 
 Start: Initialize data arrays on chips
 End:   Initialize data arrays on chips, res= 0; Timer: cpu0=0.000 wall=0.003 
  ***** Maximum Geometrical Gauss = 1.45735e-14, cell= 390:7:6:3:0
  ***** Maximum MovingSurf  Gauss = 9.07339e-15, cell= 694:7:6:6:0
 Start: Initialize data arrays on chips
 End:   Initialize data arrays on chips, res= 0; Timer: cpu0=0.000 wall=0.002 
 Start: Modify Chip Data
 End:   Modify Chip Data; Timer: cpu0=0.484 wall=0.040 
 Start: TimeServis
 End:   TimeServis; Timer: cpu0=0.516 wall=0.051 
 Start: FindEnclaves
 End:   FindEnclaves; Timer: cpu0=0.078 wall=0.110 
 Start: VarValueService
 End:   VarValueService; Timer: cpu0=0.000 wall=0.001 
 Start: SolvePhaseEquation 
 End:   SolvePhaseEquation ; Timer: cpu0=12.781 wall=1.638 
 Start: SolidFiltersProcess: calculate forces and moments
 End:   SolidFiltersProcess: calculate forces and moments; Timer: cpu0=0.000 wall=0.001 
 Start: PrepareDataForNextStep
 End:   PrepareDataForNextStep; Timer: cpu0=0.344 wall=0.040 
 Start: VarValueService
 End:   VarValueService; Timer: cpu0=0.000 wall=0.002 
 Start: UpdateStopperData
 End:   UpdateStopperData; Timer: cpu0=0.000 wall=0.000 
 Start: Saving text status in E:\UniFlight\flow\full_rocket0_fv\data\full_rocket0.status
 End:   Saving text status in E:\UniFlight\flow\full_rocket0_fv\data\full_rocket0.status; Timer: cpu0=0.000 wall=0.002 
 End:   ===== Time Step =====, Iter number =  50; Timer: cpu0=21.797 wall=3.067 

20.06.26 15:55:11  ===== Processing Layers =====
20.06.26 15:55:11    *SEND* for CScalarLayer, GUID=7641E21B-8224-4159-9F24-74BCFE28891B
 Start: ComputeVolumeCharacteristics
 End:   ComputeVolumeCharacteristics; Timer: cpu0=0.000 wall=0.004 
 Start: GetValueOnFacets
 End:   GetValueOnFacets; Timer: cpu0=0.172 wall=0.013 
20.06.26 15:55:11    *SEND* for CIntegralCharsLayer, GUID=4E090A0C-544B-E4A2-4242-BEC451D7CD2B
20.06.26 15:55:11    *SEND* for CIntegralCharsLayer, GUID=F89DB856-096A-C78A-52DA-9AF764E60355
20.06.26 15:55:11    *SEND* for CIntegralCharsLayer, GUID=1F3B9B3A-6498-80C8-3F3C-86FD4C134ECD
 End:   ===== Processing Layers =====; Timer: cpu0=0.172 wall=0.035 

20.06.26 15:55:11  ===== New Time Step =====, Iter number =  51
 Start: TimeServis
 End:   TimeServis; Timer: cpu0=0.469 wall=0.037 
 Start: User modules' functions BeforeTimeStep() are calling
 End:   User modules' functions BeforeTimeStep() are calling; Timer: cpu0=0.000 wall=0.003 
 Start: Adaptation, TotalRealCellsCount= 109140 
 End:   Adaptation; Timer: cpu0=6.500 wall=0.802 
 Start: DistributeGridOnProcessors
 End:   DistributeGridOnProcessors, res= 0; Timer: cpu0=0.828 wall=0.226 
 Start: SetNeiHyperCells
 End:   SetNeiHyperCells, res= 0; Timer: cpu0=0.172 wall=0.006 
 Start: BuildFacetDistribution
 End:   BuildFacetDistribution; Timer: cpu0=0.000 wall=0.002 
 Start: Initialize data arrays on chips
 End:   Initialize data arrays on chips, res= 0; Timer: cpu0=0.000 wall=0.003 
  ***** Maximum Geometrical Gauss = 1.4053e-14, cell= 35:1:2:3:0
  ***** Maximum MovingSurf  Gauss = 9.07339e-15, cell= 694:7:6:0
 Start: Remove Small Cells
 End:   Remove Small Cells; Timer: cpu0=0.219 wall=0.019 
 Start: Initialize data arrays on chips
 End:   Initialize data arrays on chips, res= 0; Timer: cpu0=0.000 wall=0.002 
  ***** Maximum Geometrical Gauss = 1.4053e-14, cell= 35:1:2:3:0
  ***** Maximum MovingSurf  Gauss = 9.07339e-15, cell= 694:7:6:0
 Start: Initialize data arrays on chips
 End:   Initialize data arrays on chips, res= 0; Timer: cpu0=0.000 wall=0.002 
 Start: Modify Chip Data
 End:   Modify Chip Data; Timer: cpu0=0.297 wall=0.032 
 Start: TimeServis
 End:   TimeServis; Timer: cpu0=0.406 wall=0.037 
 Start: FindEnclaves
 End:   FindEnclaves; Timer: cpu0=0.094 wall=0.088 
 Start: VarValueService
 End:   VarValueService; Timer: cpu0=0.000 wall=0.002 
 Start: SolvePhaseEquation 
 End:   SolvePhaseEquation ; Timer: cpu0=11.547 wall=1.436 
 Start: SolidFiltersProcess: calculate forces and moments
 End:   SolidFiltersProcess: calculate forces and moments; Timer: cpu0=0.000 wall=0.002 
 Start: PrepareDataForNextStep
 End:   PrepareDataForNextStep; Timer: cpu0=0.391 wall=0.041 
 Start: VarValueService
 End:   VarValueService; Timer: cpu0=0.000 wall=0.002 
 Start: UpdateStopperData
 End:   UpdateStopperData; Timer: cpu0=0.000 wall=0.001 
 Start: Saving text status in E:\UniFlight\flow\full_rocket0_fv\data\full_rocket0.status
 End:   Saving text status in E:\UniFlight\flow\full_rocket0_fv\data\full_rocket0.status; Timer: cpu0=0.000 wall=0.002 
 End:   ===== Time Step =====, Iter number =  51; Timer: cpu0=21.078 wall=2.831 

20.06.26 15:55:14  ===== Processing Layers =====
20.06.26 15:55:14    *SEND* for CScalarLayer, GUID=7641E21B-8224-4159-9F24-74BCFE28891B
 Start: ComputeVolumeCharacteristics
 End:   ComputeVolumeCharacteristics; Timer: cpu0=0.000 wall=0.003 
 Start: GetValueOnFacets
 End:   GetValueOnFacets; Timer: cpu0=0.016 wall=0.011 
20.06.26 15:55:14    *SEND* for CIntegralCharsLayer, GUID=4E090A0C-544B-E4A2-4242-BEC451D7CD2B
20.06.26 15:55:14    *SEND* for CIntegralCharsLayer, GUID=F89DB856-096A-C78A-52DA-9AF764E60355
20.06.26 15:55:14    *SEND* for CIntegralCharsLayer, GUID=1F3B9B3A-6498-80C8-3F3C-86FD4C134ECD
 End:   ===== Processing Layers =====; Timer: cpu0=0.016 wall=0.032 

20.06.26 15:55:14  ===== New Time Step =====, Iter number =  52
 Start: TimeServis
 End:   TimeServis; Timer: cpu0=0.266 wall=0.033 
 Start: User modules' functions BeforeTimeStep() are calling
 End:   User modules' functions BeforeTimeStep() are calling; Timer: cpu0=0.000 wall=0.001 
 Start: Adaptation, TotalRealCellsCount= 95490 
 End:   Adaptation; Timer: cpu0=0.000 wall=0.005 
 Start: Initialize data arrays on chips
 End:   Initialize data arrays on chips, res= 0; Timer: cpu0=0.000 wall=0.001 
  ***** Maximum Geometrical Gauss = 1.4053e-14, cell= 35:1:2:3:0
  ***** Maximum MovingSurf  Gauss = 0, cell= 
 Start: Initialize data arrays on chips
 End:   Initialize data arrays on chips, res= 0; Timer: cpu0=0.000 wall=0.002 
 Start: TimeServis
 End:   TimeServis; Timer: cpu0=0.219 wall=0.034 
 Start: FindEnclaves
 End:   FindEnclaves; Timer: cpu0=0.078 wall=0.082 
 Start: VarValueService
 End:   VarValueService; Timer: cpu0=0.172 wall=0.002 
 Start: SolvePhaseEquation 
 End:   SolvePhaseEquation ; Timer: cpu0=11.297 wall=1.509 
 Start: SolidFiltersProcess: calculate forces and moments
 End:   SolidFiltersProcess: calculate forces and moments; Timer: cpu0=0.000 wall=0.001 
 Start: PrepareDataForNextStep
 End:   PrepareDataForNextStep; Timer: cpu0=0.344 wall=0.037 
 Start: VarValueService
 End:   VarValueService; Timer: cpu0=0.000 wall=0.001 
 Start: UpdateStopperData
 End:   UpdateStopperData; Timer: cpu0=0.000 wall=0.000 
 Start: Saving text status in E:\UniFlight\flow\full_rocket0_fv\data\full_rocket0.status
 End:   Saving text status in E:\UniFlight\flow\full_rocket0_fv\data\full_rocket0.status; Timer: cpu0=0.000 wall=0.002 
 End:   ===== Time Step =====, Iter number =  52; Timer: cpu0=12.391 wall=1.767 

20.06.26 15:55:16  ===== Processing Layers =====
20.06.26 15:55:16    *SEND* for CScalarLayer, GUID=7641E21B-8224-4159-9F24-74BCFE28891B
 Start: ComputeVolumeCharacteristics
 End:   ComputeVolumeCharacteristics; Timer: cpu0=0.000 wall=0.003 
 Start: GetValueOnFacets
 End:   GetValueOnFacets; Timer: cpu0=0.062 wall=0.010 
20.06.26 15:55:16    *SEND* for CIntegralCharsLayer, GUID=4E090A0C-544B-E4A2-4242-BEC451D7CD2B
20.06.26 15:55:16    *SEND* for CIntegralCharsLayer, GUID=F89DB856-096A-C78A-52DA-9AF764E60355
20.06.26 15:55:16    *SEND* for CIntegralCharsLayer, GUID=1F3B9B3A-6498-80C8-3F3C-86FD4C134ECD
 End:   ===== Processing Layers =====; Timer: cpu0=0.234 wall=0.030 

20.06.26 15:55:16  ===== New Time Step =====, Iter number =  53
 Start: TimeServis
 End:   TimeServis; Timer: cpu0=0.344 wall=0.033 
 Start: User modules' functions BeforeTimeStep() are calling
 End:   User modules' functions BeforeTimeStep() are calling; Timer: cpu0=0.000 wall=0.002 
 Start: Adaptation, TotalRealCellsCount= 95490 
 End:   Adaptation; Timer: cpu0=0.000 wall=0.004 
 Start: Initialize data arrays on chips
 End:   Initialize data arrays on chips, res= 0; Timer: cpu0=0.016 wall=0.003 
  ***** Maximum Geometrical Gauss = 1.4053e-14, cell= 35:1:2:3:0
  ***** Maximum MovingSurf  Gauss = 0, cell= 
 Start: Initialize data arrays on chips
 End:   Initialize data arrays on chips, res= 0; Timer: cpu0=0.000 wall=0.002 
 Start: TimeServis
 End:   TimeServis; Timer: cpu0=0.281 wall=0.037 
 Start: FindEnclaves
 End:   FindEnclaves; Timer: cpu0=0.250 wall=0.085 
 Start: VarValueService
 End:   VarValueService; Timer: cpu0=0.000 wall=0.002 
 Start: SolvePhaseEquation 
 End:   SolvePhaseEquation ; Timer: cpu0=11.047 wall=1.407 
 Start: SolidFiltersProcess: calculate forces and moments
 End:   SolidFiltersProcess: calculate forces and moments; Timer: cpu0=0.000 wall=0.001 
 Start: PrepareDataForNextStep
 End:   PrepareDataForNextStep; Timer: cpu0=0.203 wall=0.040 
 Start: VarValueService
 End:   VarValueService; Timer: cpu0=0.000 wall=0.002 
 Start: UpdateStopperData
 End:   UpdateStopperData; Timer: cpu0=0.000 wall=0.002 
 Start: Saving text status in E:\UniFlight\flow\full_rocket0_fv\data\full_rocket0.status
 End:   Saving text status in E:\UniFlight\flow\full_rocket0_fv\data\full_rocket0.status; Timer: cpu0=0.000 wall=0.002 
 End:   ===== Time Step =====, Iter number =  53; Timer: cpu0=12.203 wall=1.686 

20.06.26 15:55:18  ===== Processing Layers =====
20.06.26 15:55:18    *SEND* for CScalarLayer, GUID=7641E21B-8224-4159-9F24-74BCFE28891B
 Start: ComputeVolumeCharacteristics
 End:   ComputeVolumeCharacteristics; Timer: cpu0=0.000 wall=0.004 
 Start: GetValueOnFacets
 End:   GetValueOnFacets; Timer: cpu0=0.000 wall=0.009 
20.06.26 15:55:18    *SEND* for CIntegralCharsLayer, GUID=4E090A0C-544B-E4A2-4242-BEC451D7CD2B
20.06.26 15:55:18    *SEND* for CIntegralCharsLayer, GUID=F89DB856-096A-C78A-52DA-9AF764E60355
20.06.26 15:55:18    *SEND* for CIntegralCharsLayer, GUID=1F3B9B3A-6498-80C8-3F3C-86FD4C134ECD
 End:   ===== Processing Layers =====; Timer: cpu0=0.000 wall=0.029 

20.06.26 15:55:18  ===== New Time Step =====, Iter number =  54
 Start: TimeServis
 End:   TimeServis; Timer: cpu0=0.344 wall=0.035 
 Start: User modules' functions BeforeTimeStep() are calling
 End:   User modules' functions BeforeTimeStep() are calling; Timer: cpu0=0.000 wall=0.002 
 Start: Adaptation, TotalRealCellsCount= 95490 
 End:   Adaptation; Timer: cpu0=0.000 wall=0.005 
 Start: Initialize data arrays on chips
 End:   Initialize data arrays on chips, res= 0; Timer: cpu0=0.000 wall=0.003 
  ***** Maximum Geometrical Gauss = 1.4053e-14, cell= 35:1:2:3:0
  ***** Maximum MovingSurf  Gauss = 0, cell= 
 Start: Initialize data arrays on chips
 End:   Initialize data arrays on chips, res= 0; Timer: cpu0=0.000 wall=0.001 
 Start: TimeServis
 End:   TimeServis; Timer: cpu0=0.312 wall=0.042 
 Start: FindEnclaves
 End:   FindEnclaves; Timer: cpu0=0.078 wall=0.087 
 Start: VarValueService
 End:   VarValueService; Timer: cpu0=0.000 wall=0.002 
 Start: SolvePhaseEquation 
 End:   SolvePhaseEquation ; Timer: cpu0=11.734 wall=1.403 
 Start: SolidFiltersProcess: calculate forces and moments
 End:   SolidFiltersProcess: calculate forces and moments; Timer: cpu0=0.000 wall=0.001 
 Start: PrepareDataForNextStep
 End:   PrepareDataForNextStep; Timer: cpu0=0.250 wall=0.039 
 Start: VarValueService
 End:   VarValueService; Timer: cpu0=0.000 wall=0.001 
 Start: UpdateStopperData
 End:   UpdateStopperData; Timer: cpu0=0.000 wall=0.001 
 Start: Saving text status in E:\UniFlight\flow\full_rocket0_fv\data\full_rocket0.status
 End:   Saving text status in E:\UniFlight\flow\full_rocket0_fv\data\full_rocket0.status; Timer: cpu0=0.000 wall=0.003 
 End:   ===== Time Step =====, Iter number =  54; Timer: cpu0=12.891 wall=1.689 

20.06.26 15:55:20  ===== Processing Layers =====
20.06.26 15:55:20    *SEND* for CScalarLayer, GUID=7641E21B-8224-4159-9F24-74BCFE28891B
 Start: ComputeVolumeCharacteristics
 End:   ComputeVolumeCharacteristics; Timer: cpu0=0.172 wall=0.004 
 Start: GetValueOnFacets
 End:   GetValueOnFacets; Timer: cpu0=0.000 wall=0.011 
20.06.26 15:55:20    *SEND* for CIntegralCharsLayer, GUID=4E090A0C-544B-E4A2-4242-BEC451D7CD2B
20.06.26 15:55:20    *SEND* for CIntegralCharsLayer, GUID=F89DB856-096A-C78A-52DA-9AF764E60355
20.06.26 15:55:20    *SEND* for CIntegralCharsLayer, GUID=1F3B9B3A-6498-80C8-3F3C-86FD4C134ECD
 End:   ===== Processing Layers =====; Timer: cpu0=0.172 wall=0.031 

20.06.26 15:55:20  ===== New Time Step =====, Iter number =  55
 Start: TimeServis
 End:   TimeServis; Timer: cpu0=0.344 wall=0.032 
 Start: User modules' functions BeforeTimeStep() are calling
 End:   User modules' functions BeforeTimeStep() are calling; Timer: cpu0=0.000 wall=0.002 
 Start: Adaptation, TotalRealCellsCount= 95490 
 End:   Adaptation; Timer: cpu0=0.172 wall=0.005 
 Start: Initialize data arrays on chips
 End:   Initialize data arrays on chips, res= 0; Timer: cpu0=0.000 wall=0.002 
  ***** Maximum Geometrical Gauss = 1.4053e-14, cell= 35:1:2:3:0
  ***** Maximum MovingSurf  Gauss = 0, cell= 
 Start: Initialize data arrays on chips
 End:   Initialize data arrays on chips, res= 0; Timer: cpu0=0.000 wall=0.002 
 Start: TimeServis
 End:   TimeServis; Timer: cpu0=0.344 wall=0.035 
 Start: FindEnclaves
 End:   FindEnclaves; Timer: cpu0=0.078 wall=0.087 
 Start: VarValueService
 End:   VarValueService; Timer: cpu0=0.000 wall=0.002 
 Start: SolvePhaseEquation 
 End:   SolvePhaseEquation ; Timer: cpu0=11.828 wall=1.383 
 Start: SolidFiltersProcess: calculate forces and moments
 End:   SolidFiltersProcess: calculate forces and moments; Timer: cpu0=0.000 wall=0.002 
 Start: PrepareDataForNextStep
 End:   PrepareDataForNextStep; Timer: cpu0=0.391 wall=0.042 
 Start: VarValueService
 End:   VarValueService; Timer: cpu0=0.000 wall=0.001 
 Start: UpdateStopperData
 End:   UpdateStopperData; Timer: cpu0=0.000 wall=0.001 
 Start: Saving text status in E:\UniFlight\flow\full_rocket0_fv\data\full_rocket0.status
 End:   Saving text status in E:\UniFlight\flow\full_rocket0_fv\data\full_rocket0.status; Timer: cpu0=0.000 wall=0.002 
 End:   ===== Time Step =====, Iter number =  55; Timer: cpu0=13.312 wall=1.655 

20.06.26 15:55:22  ===== Processing Layers =====
20.06.26 15:55:22    *SEND* for CScalarLayer, GUID=7641E21B-8224-4159-9F24-74BCFE28891B
 Start: ComputeVolumeCharacteristics
 End:   ComputeVolumeCharacteristics; Timer: cpu0=0.000 wall=0.005 
 Start: GetValueOnFacets
 End:   GetValueOnFacets; Timer: cpu0=0.000 wall=0.010 
20.06.26 15:55:22    *SEND* for CIntegralCharsLayer, GUID=4E090A0C-544B-E4A2-4242-BEC451D7CD2B
20.06.26 15:55:22    *SEND* for CIntegralCharsLayer, GUID=F89DB856-096A-C78A-52DA-9AF764E60355
20.06.26 15:55:22    *SEND* for CIntegralCharsLayer, GUID=1F3B9B3A-6498-80C8-3F3C-86FD4C134ECD
 End:   ===== Processing Layers =====; Timer: cpu0=0.000 wall=0.034 

20.06.26 15:55:22  ===== New Time Step =====, Iter number =  56
 Start: TimeServis
 End:   TimeServis; Timer: cpu0=0.250 wall=0.032 
 Start: User modules' functions BeforeTimeStep() are calling
 End:   User modules' functions BeforeTimeStep() are calling; Timer: cpu0=0.000 wall=0.002 
 Start: Adaptation, TotalRealCellsCount= 95490 
 End:   Adaptation; Timer: cpu0=0.000 wall=0.004 
 Start: Initialize data arrays on chips
 End:   Initialize data arrays on chips, res= 0; Timer: cpu0=0.000 wall=0.002 
  ***** Maximum Geometrical Gauss = 1.4053e-14, cell= 35:1:2:3:0
  ***** Maximum MovingSurf  Gauss = 0, cell= 
 Start: Initialize data arrays on chips
 End:   Initialize data arrays on chips, res= 0; Timer: cpu0=0.000 wall=0.002 
 Start: TimeServis
 End:   TimeServis; Timer: cpu0=0.344 wall=0.035 
 Start: FindEnclaves
 End:   FindEnclaves; Timer: cpu0=0.062 wall=0.079 
 Start: VarValueService
 End:   VarValueService; Timer: cpu0=0.000 wall=0.001 
 Start: SolvePhaseEquation 
 End:   SolvePhaseEquation ; Timer: cpu0=10.766 wall=1.377 
 Start: SolidFiltersProcess: calculate forces and moments
 End:   SolidFiltersProcess: calculate forces and moments; Timer: cpu0=0.000 wall=0.002 
 Start: PrepareDataForNextStep
 End:   PrepareDataForNextStep; Timer: cpu0=0.453 wall=0.037 
 Start: VarValueService
 End:   VarValueService; Timer: cpu0=0.000 wall=0.002 
 Start: UpdateStopperData
 End:   UpdateStopperData; Timer: cpu0=0.000 wall=0.001 
 Start: Saving text status in E:\UniFlight\flow\full_rocket0_fv\data\full_rocket0.status
 End:   Saving text status in E:\UniFlight\flow\full_rocket0_fv\data\full_rocket0.status; Timer: cpu0=0.000 wall=0.002 
 End:   ===== Time Step =====, Iter number =  56; Timer: cpu0=12.031 wall=1.638 

20.06.26 15:55:24  ===== Processing Layers =====
20.06.26 15:55:24    *SEND* for CScalarLayer, GUID=7641E21B-8224-4159-9F24-74BCFE28891B
 Start: ComputeVolumeCharacteristics
 End:   ComputeVolumeCharacteristics; Timer: cpu0=0.000 wall=0.004 
 Start: GetValueOnFacets
 End:   GetValueOnFacets; Timer: cpu0=0.141 wall=0.010 
20.06.26 15:55:24    *SEND* for CIntegralCharsLayer, GUID=4E090A0C-544B-E4A2-4242-BEC451D7CD2B
20.06.26 15:55:24    *SEND* for CIntegralCharsLayer, GUID=F89DB856-096A-C78A-52DA-9AF764E60355
20.06.26 15:55:24    *SEND* for CIntegralCharsLayer, GUID=1F3B9B3A-6498-80C8-3F3C-86FD4C134ECD
 End:   ===== Processing Layers =====; Timer: cpu0=0.141 wall=0.030 

20.06.26 15:55:24  ===== New Time Step =====, Iter number =  57
 Start: TimeServis
 End:   TimeServis; Timer: cpu0=0.484 wall=0.037 
 Start: User modules' functions BeforeTimeStep() are calling
 End:   User modules' functions BeforeTimeStep() are calling; Timer: cpu0=0.000 wall=0.001 
 Start: Adaptation, TotalRealCellsCount= 95490 
 End:   Adaptation; Timer: cpu0=0.000 wall=0.003 
 Start: Initialize data arrays on chips
 End:   Initialize data arrays on chips, res= 0; Timer: cpu0=0.000 wall=0.001 
  ***** Maximum Geometrical Gauss = 1.4053e-14, cell= 35:1:2:3:0
  ***** Maximum MovingSurf  Gauss = 0, cell= 
 Start: Initialize data arrays on chips
 End:   Initialize data arrays on chips, res= 0; Timer: cpu0=0.000 wall=0.001 
 Start: TimeServis
 End:   TimeServis; Timer: cpu0=0.234 wall=0.033 
 Start: FindEnclaves
 End:   FindEnclaves; Timer: cpu0=0.078 wall=0.073 
 Start: VarValueService
 End:   VarValueService; Timer: cpu0=0.000 wall=0.001 
 Start: SolvePhaseEquation 
 End:   SolvePhaseEquation ; Timer: cpu0=11.094 wall=1.409 
 Start: SolidFiltersProcess: calculate forces and moments
 End:   SolidFiltersProcess: calculate forces and moments; Timer: cpu0=0.000 wall=0.001 
 Start: PrepareDataForNextStep
 End:   PrepareDataForNextStep; Timer: cpu0=0.500 wall=0.035 
 Start: VarValueService
 End:   VarValueService; Timer: cpu0=0.000 wall=0.002 
 Start: UpdateStopperData
 End:   UpdateStopperData; Timer: cpu0=0.000 wall=0.001 
 Start: Saving text status in E:\UniFlight\flow\full_rocket0_fv\data\full_rocket0.status
 End:   Saving text status in E:\UniFlight\flow\full_rocket0_fv\data\full_rocket0.status; Timer: cpu0=0.000 wall=0.002 
 End:   ===== Time Step =====, Iter number =  57; Timer: cpu0=12.531 wall=1.656 

20.06.26 15:55:26  ===== Processing Layers =====
20.06.26 15:55:26    *SEND* for CScalarLayer, GUID=7641E21B-8224-4159-9F24-74BCFE28891B
 Start: ComputeVolumeCharacteristics
 End:   ComputeVolumeCharacteristics; Timer: cpu0=0.000 wall=0.004 
 Start: GetValueOnFacets
 End:   GetValueOnFacets; Timer: cpu0=0.172 wall=0.010 
20.06.26 15:55:26    *SEND* for CIntegralCharsLayer, GUID=4E090A0C-544B-E4A2-4242-BEC451D7CD2B
20.06.26 15:55:26    *SEND* for CIntegralCharsLayer, GUID=F89DB856-096A-C78A-52DA-9AF764E60355
20.06.26 15:55:26    *SEND* for CIntegralCharsLayer, GUID=1F3B9B3A-6498-80C8-3F3C-86FD4C134ECD
 End:   ===== Processing Layers =====; Timer: cpu0=0.188 wall=0.029 

20.06.26 15:55:26  ===== New Time Step =====, Iter number =  58
 Start: TimeServis
 End:   TimeServis; Timer: cpu0=0.328 wall=0.036 
 Start: User modules' functions BeforeTimeStep() are calling
 End:   User modules' functions BeforeTimeStep() are calling; Timer: cpu0=0.000 wall=0.002 
 Start: Adaptation, TotalRealCellsCount= 95490 
 End:   Adaptation; Timer: cpu0=0.156 wall=0.005 
 Start: Initialize data arrays on chips
 End:   Initialize data arrays on chips, res= 0; Timer: cpu0=0.000 wall=0.002 
  ***** Maximum Geometrical Gauss = 1.4053e-14, cell= 35:1:2:3:0
  ***** Maximum MovingSurf  Gauss = 0, cell= 
 Start: Initialize data arrays on chips
 End:   Initialize data arrays on chips, res= 0; Timer: cpu0=0.000 wall=0.004 
 Start: TimeServis
 End:   TimeServis; Timer: cpu0=0.344 wall=0.035 
 Start: FindEnclaves
 End:   FindEnclaves; Timer: cpu0=0.234 wall=0.078 
 Start: VarValueService
 End:   VarValueService; Timer: cpu0=0.000 wall=0.002 
 Start: SolvePhaseEquation 
 End:   SolvePhaseEquation ; Timer: cpu0=10.984 wall=1.411 
 Start: SolidFiltersProcess: calculate forces and moments
 End:   SolidFiltersProcess: calculate forces and moments; Timer: cpu0=0.000 wall=0.000 
 Start: PrepareDataForNextStep
 End:   PrepareDataForNextStep; Timer: cpu0=0.281 wall=0.040 
 Start: VarValueService
 End:   VarValueService; Timer: cpu0=0.000 wall=0.001 
 Start: UpdateStopperData
 End:   UpdateStopperData; Timer: cpu0=0.000 wall=0.001 
 Start: Saving text status in E:\UniFlight\flow\full_rocket0_fv\data\full_rocket0.status
 End:   Saving text status in E:\UniFlight\flow\full_rocket0_fv\data\full_rocket0.status; Timer: cpu0=0.000 wall=0.002 
 End:   ===== Time Step =====, Iter number =  58; Timer: cpu0=12.500 wall=1.671 

20.06.26 15:55:28  ===== Processing Layers =====
20.06.26 15:55:28    *SEND* for CScalarLayer, GUID=7641E21B-8224-4159-9F24-74BCFE28891B
 Start: ComputeVolumeCharacteristics
 End:   ComputeVolumeCharacteristics; Timer: cpu0=0.000 wall=0.004 
 Start: GetValueOnFacets
 End:   GetValueOnFacets; Timer: cpu0=0.016 wall=0.010 
20.06.26 15:55:28    *SEND* for CIntegralCharsLayer, GUID=4E090A0C-544B-E4A2-4242-BEC451D7CD2B
20.06.26 15:55:28    *SEND* for CIntegralCharsLayer, GUID=F89DB856-096A-C78A-52DA-9AF764E60355
20.06.26 15:55:28    *SEND* for CIntegralCharsLayer, GUID=1F3B9B3A-6498-80C8-3F3C-86FD4C134ECD
 End:   ===== Processing Layers =====; Timer: cpu0=0.016 wall=0.029 

20.06.26 15:55:28  ===== New Time Step =====, Iter number =  59
 Start: TimeServis
 End:   TimeServis; Timer: cpu0=0.328 wall=0.035 
 Start: User modules' functions BeforeTimeStep() are calling
 End:   User modules' functions BeforeTimeStep() are calling; Timer: cpu0=0.000 wall=0.002 
 Start: Adaptation, TotalRealCellsCount= 95490 
 End:   Adaptation; Timer: cpu0=0.000 wall=0.006 
 Start: Initialize data arrays on chips
 End:   Initialize data arrays on chips, res= 0; Timer: cpu0=0.000 wall=0.004 
  ***** Maximum Geometrical Gauss = 1.4053e-14, cell= 35:1:2:3:0
  ***** Maximum MovingSurf  Gauss = 0, cell= 
 Start: Initialize data arrays on chips
 End:   Initialize data arrays on chips, res= 0; Timer: cpu0=0.000 wall=0.002 
 Start: TimeServis
 End:   TimeServis; Timer: cpu0=0.469 wall=0.039 
 Start: FindEnclaves
 End:   FindEnclaves; Timer: cpu0=0.094 wall=0.089 
 Start: VarValueService
 End:   VarValueService; Timer: cpu0=0.000 wall=0.001 
 Start: SolvePhaseEquation 
 End:   SolvePhaseEquation ; Timer: cpu0=10.672 wall=1.363 
 Start: SolidFiltersProcess: calculate forces and moments
 End:   SolidFiltersProcess: calculate forces and moments; Timer: cpu0=0.000 wall=0.001 
 Start: PrepareDataForNextStep
 End:   PrepareDataForNextStep; Timer: cpu0=0.344 wall=0.039 
 Start: VarValueService
 End:   VarValueService; Timer: cpu0=0.000 wall=0.001 
 Start: UpdateStopperData
 End:   UpdateStopperData; Timer: cpu0=0.000 wall=0.001 
 Start: Saving text status in E:\UniFlight\flow\full_rocket0_fv\data\full_rocket0.status
 End:   Saving text status in E:\UniFlight\flow\full_rocket0_fv\data\full_rocket0.status; Timer: cpu0=0.000 wall=0.002 
 End:   ===== Time Step =====, Iter number =  59; Timer: cpu0=12.250 wall=1.647 

20.06.26 15:55:29  ===== Processing Layers =====
20.06.26 15:55:29    *SEND* for CScalarLayer, GUID=7641E21B-8224-4159-9F24-74BCFE28891B
 Start: ComputeVolumeCharacteristics
 End:   ComputeVolumeCharacteristics; Timer: cpu0=0.172 wall=0.004 
 Start: GetValueOnFacets
 End:   GetValueOnFacets; Timer: cpu0=0.000 wall=0.011 
20.06.26 15:55:29    *SEND* for CIntegralCharsLayer, GUID=4E090A0C-544B-E4A2-4242-BEC451D7CD2B
20.06.26 15:55:29    *SEND* for CIntegralCharsLayer, GUID=F89DB856-096A-C78A-52DA-9AF764E60355
20.06.26 15:55:29    *SEND* for CIntegralCharsLayer, GUID=1F3B9B3A-6498-80C8-3F3C-86FD4C134ECD
 End:   ===== Processing Layers =====; Timer: cpu0=0.172 wall=0.032 

20.06.26 15:55:30  ===== New Time Step =====, Iter number =  60
 Start: TimeServis
 End:   TimeServis; Timer: cpu0=0.219 wall=0.033 
 Start: User modules' functions BeforeTimeStep() are calling
 End:   User modules' functions BeforeTimeStep() are calling; Timer: cpu0=0.000 wall=0.003 
 Start: Adaptation, TotalRealCellsCount= 95490 
 End:   Adaptation; Timer: cpu0=5.938 wall=0.817 
 Start: DistributeGridOnProcessors
 End:   DistributeGridOnProcessors, res= 0; Timer: cpu0=0.812 wall=0.217 
 Start: SetNeiHyperCells
 End:   SetNeiHyperCells, res= 0; Timer: cpu0=0.172 wall=0.009 
 Start: BuildFacetDistribution
 End:   BuildFacetDistribution; Timer: cpu0=0.000 wall=0.001 
 Start: Initialize data arrays on chips
 End:   Initialize data arrays on chips, res= 0; Timer: cpu0=0.000 wall=0.002 
  ***** Maximum Geometrical Gauss = 1.64819e-14, cell= 379:3:3:3:0
  ***** Maximum MovingSurf  Gauss = 9.07339e-15, cell= 694:7:6:6:0
 Start: Remove Small Cells
 End:   Remove Small Cells; Timer: cpu0=0.031 wall=0.024 
 Start: Initialize data arrays on chips
 End:   Initialize data arrays on chips, res= 0; Timer: cpu0=0.000 wall=0.003 
  ***** Maximum Geometrical Gauss = 1.64819e-14, cell= 379:3:3:3:0
  ***** Maximum MovingSurf  Gauss = 9.07339e-15, cell= 694:7:6:6:0
 Start: Initialize data arrays on chips
 End:   Initialize data arrays on chips, res= 0; Timer: cpu0=0.000 wall=0.002 
 Start: Modify Chip Data
 End:   Modify Chip Data; Timer: cpu0=0.375 wall=0.045 
 Start: TimeServis
 End:   TimeServis; Timer: cpu0=0.688 wall=0.059 
 Start: FindEnclaves
 End:   FindEnclaves; Timer: cpu0=0.266 wall=0.104 
 Start: VarValueService
 End:   VarValueService; Timer: cpu0=0.000 wall=0.001 
 Start: SolvePhaseEquation 
 End:   SolvePhaseEquation ; Timer: cpu0=12.844 wall=1.635 
 Start: SolidFiltersProcess: calculate forces and moments
 End:   SolidFiltersProcess: calculate forces and moments; Timer: cpu0=0.000 wall=0.002 
 Start: PrepareDataForNextStep
 End:   PrepareDataForNextStep; Timer: cpu0=0.203 wall=0.045 
 Start: VarValueService
 End:   VarValueService; Timer: cpu0=0.000 wall=0.001 
 Start: UpdateStopperData
 End:   UpdateStopperData; Timer: cpu0=0.000 wall=0.001 
 Start: Saving text status in E:\UniFlight\flow\full_rocket0_fv\data\full_rocket0.status
 End:   Saving text status in E:\UniFlight\flow\full_rocket0_fv\data\full_rocket0.status; Timer: cpu0=0.000 wall=0.003 
 End:   ===== Time Step =====, Iter number =  60; Timer: cpu0=21.891 wall=3.101 

20.06.26 15:55:33  ===== Processing Layers =====
20.06.26 15:55:33    *SEND* for CScalarLayer, GUID=7641E21B-8224-4159-9F24-74BCFE28891B
 Start: ComputeVolumeCharacteristics
 End:   ComputeVolumeCharacteristics; Timer: cpu0=0.000 wall=0.005 
 Start: GetValueOnFacets
 End:   GetValueOnFacets; Timer: cpu0=0.000 wall=0.011 
20.06.26 15:55:33    *SEND* for CIntegralCharsLayer, GUID=4E090A0C-544B-E4A2-4242-BEC451D7CD2B
20.06.26 15:55:33    *SEND* for CIntegralCharsLayer, GUID=F89DB856-096A-C78A-52DA-9AF764E60355
20.06.26 15:55:33    *SEND* for CIntegralCharsLayer, GUID=1F3B9B3A-6498-80C8-3F3C-86FD4C134ECD
 End:   ===== Processing Layers =====; Timer: cpu0=0.000 wall=0.032 

20.06.26 15:55:33  ===== New Time Step =====, Iter number =  61
 Start: TimeServis
 End:   TimeServis; Timer: cpu0=0.344 wall=0.037 
 Start: User modules' functions BeforeTimeStep() are calling
 End:   User modules' functions BeforeTimeStep() are calling; Timer: cpu0=0.000 wall=0.002 
 Start: Adaptation, TotalRealCellsCount= 109035 
 End:   Adaptation; Timer: cpu0=6.453 wall=0.817 
 Start: DistributeGridOnProcessors
 End:   DistributeGridOnProcessors, res= 0; Timer: cpu0=0.656 wall=0.195 
 Start: SetNeiHyperCells
 End:   SetNeiHyperCells, res= 0; Timer: cpu0=0.000 wall=0.006 
 Start: BuildFacetDistribution
 End:   BuildFacetDistribution; Timer: cpu0=0.000 wall=0.001 
 Start: Initialize data arrays on chips
 End:   Initialize data arrays on chips, res= 0; Timer: cpu0=0.000 wall=0.002 
  ***** Maximum Geometrical Gauss = 1.45735e-14, cell= 390:7:6:3:0
  ***** Maximum MovingSurf  Gauss = 9.07339e-15, cell= 694:7:6:0
 Start: Remove Small Cells
 End:   Remove Small Cells; Timer: cpu0=0.047 wall=0.019 
 Start: Initialize data arrays on chips
 End:   Initialize data arrays on chips, res= 0; Timer: cpu0=0.000 wall=0.001 
  ***** Maximum Geometrical Gauss = 1.45735e-14, cell= 390:7:6:3:0
  ***** Maximum MovingSurf  Gauss = 9.07339e-15, cell= 694:7:6:0
 Start: Initialize data arrays on chips
 End:   Initialize data arrays on chips, res= 0; Timer: cpu0=0.000 wall=0.002 
 Start: Modify Chip Data
 End:   Modify Chip Data; Timer: cpu0=0.156 wall=0.028 
 Start: TimeServis
 End:   TimeServis; Timer: cpu0=0.344 wall=0.040 
 Start: FindEnclaves
 End:   FindEnclaves; Timer: cpu0=0.062 wall=0.087 
 Start: VarValueService
 End:   VarValueService; Timer: cpu0=0.000 wall=0.001 
 Start: SolvePhaseEquation 
 End:   SolvePhaseEquation ; Timer: cpu0=11.375 wall=1.431 
 Start: SolidFiltersProcess: calculate forces and moments
 End:   SolidFiltersProcess: calculate forces and moments; Timer: cpu0=0.000 wall=0.001 
 Start: PrepareDataForNextStep
 End:   PrepareDataForNextStep; Timer: cpu0=0.344 wall=0.043 
 Start: VarValueService
 End:   VarValueService; Timer: cpu0=0.000 wall=0.002 
 Start: UpdateStopperData
 End:   UpdateStopperData; Timer: cpu0=0.000 wall=0.001 
 Start: Saving text status in E:\UniFlight\flow\full_rocket0_fv\data\full_rocket0.status
 End:   Saving text status in E:\UniFlight\flow\full_rocket0_fv\data\full_rocket0.status; Timer: cpu0=0.000 wall=0.002 
 End:   ===== Time Step =====, Iter number =  61; Timer: cpu0=20.125 wall=2.806 

20.06.26 15:55:36  ===== Processing Layers =====
20.06.26 15:55:36    *SEND* for CScalarLayer, GUID=7641E21B-8224-4159-9F24-74BCFE28891B
 Start: ComputeVolumeCharacteristics
 End:   ComputeVolumeCharacteristics; Timer: cpu0=0.000 wall=0.005 
 Start: GetValueOnFacets
 End:   GetValueOnFacets; Timer: cpu0=0.000 wall=0.010 
20.06.26 15:55:36    *SEND* for CIntegralCharsLayer, GUID=4E090A0C-544B-E4A2-4242-BEC451D7CD2B
20.06.26 15:55:36    *SEND* for CIntegralCharsLayer, GUID=F89DB856-096A-C78A-52DA-9AF764E60355
20.06.26 15:55:36    *SEND* for CIntegralCharsLayer, GUID=1F3B9B3A-6498-80C8-3F3C-86FD4C134ECD
 End:   ===== Processing Layers =====; Timer: cpu0=0.000 wall=0.032 

20.06.26 15:55:36  ===== New Time Step =====, Iter number =  62
 Start: TimeServis
 End:   TimeServis; Timer: cpu0=0.328 wall=0.032 
 Start: User modules' functions BeforeTimeStep() are calling
 End:   User modules' functions BeforeTimeStep() are calling; Timer: cpu0=0.000 wall=0.002 
 Start: Adaptation, TotalRealCellsCount= 95441 
 End:   Adaptation; Timer: cpu0=0.141 wall=0.004 
 Start: Initialize data arrays on chips
 End:   Initialize data arrays on chips, res= 0; Timer: cpu0=0.000 wall=0.002 
  ***** Maximum Geometrical Gauss = 1.45735e-14, cell= 390:7:6:3:0
  ***** Maximum MovingSurf  Gauss = 0, cell= 
 Start: Initialize data arrays on chips
 End:   Initialize data arrays on chips, res= 0; Timer: cpu0=0.000 wall=0.003 
 Start: TimeServis
 End:   TimeServis; Timer: cpu0=0.344 wall=0.037 
 Start: FindEnclaves
 End:   FindEnclaves; Timer: cpu0=0.078 wall=0.079 
 Start: VarValueService
 End:   VarValueService; Timer: cpu0=0.000 wall=0.002 
 Start: SolvePhaseEquation 
 End:   SolvePhaseEquation ; Timer: cpu0=11.188 wall=1.389 
 Start: SolidFiltersProcess: calculate forces and moments
 End:   SolidFiltersProcess: calculate forces and moments; Timer: cpu0=0.000 wall=0.002 
 Start: PrepareDataForNextStep
 End:   PrepareDataForNextStep; Timer: cpu0=0.344 wall=0.045 
 Start: VarValueService
 End:   VarValueService; Timer: cpu0=0.000 wall=0.002 
 Start: UpdateStopperData
 End:   UpdateStopperData; Timer: cpu0=0.000 wall=0.001 
 Start: Saving text status in E:\UniFlight\flow\full_rocket0_fv\data\full_rocket0.status
 End:   Saving text status in E:\UniFlight\flow\full_rocket0_fv\data\full_rocket0.status; Timer: cpu0=0.000 wall=0.003 
 End:   ===== Time Step =====, Iter number =  62; Timer: cpu0=12.594 wall=1.667 

20.06.26 15:55:38  ===== Processing Layers =====
20.06.26 15:55:38    *SEND* for CScalarLayer, GUID=7641E21B-8224-4159-9F24-74BCFE28891B
 Start: ComputeVolumeCharacteristics
 End:   ComputeVolumeCharacteristics; Timer: cpu0=0.172 wall=0.005 
 Start: GetValueOnFacets
 End:   GetValueOnFacets; Timer: cpu0=0.000 wall=0.010 
20.06.26 15:55:38    *SEND* for CIntegralCharsLayer, GUID=4E090A0C-544B-E4A2-4242-BEC451D7CD2B
20.06.26 15:55:38    *SEND* for CIntegralCharsLayer, GUID=F89DB856-096A-C78A-52DA-9AF764E60355
20.06.26 15:55:38    *SEND* for CIntegralCharsLayer, GUID=1F3B9B3A-6498-80C8-3F3C-86FD4C134ECD
 End:   ===== Processing Layers =====; Timer: cpu0=0.172 wall=0.030 

20.06.26 15:55:38  ===== New Time Step =====, Iter number =  63
 Start: TimeServis
 End:   TimeServis; Timer: cpu0=0.328 wall=0.033 
 Start: User modules' functions BeforeTimeStep() are calling
 End:   User modules' functions BeforeTimeStep() are calling; Timer: cpu0=0.000 wall=0.001 
 Start: Adaptation, TotalRealCellsCount= 95441 
 End:   Adaptation; Timer: cpu0=0.000 wall=0.006 
 Start: Initialize data arrays on chips
 End:   Initialize data arrays on chips, res= 0; Timer: cpu0=0.000 wall=0.002 
  ***** Maximum Geometrical Gauss = 1.45735e-14, cell= 390:7:6:3:0
  ***** Maximum MovingSurf  Gauss = 0, cell= 
 Start: Initialize data arrays on chips
 End:   Initialize data arrays on chips, res= 0; Timer: cpu0=0.000 wall=0.002 
 Start: TimeServis
 End:   TimeServis; Timer: cpu0=0.375 wall=0.037 
 Start: FindEnclaves
 End:   FindEnclaves; Timer: cpu0=0.078 wall=0.080 
 Start: VarValueService
 End:   VarValueService; Timer: cpu0=0.000 wall=0.003 
 Start: SolvePhaseEquation 
 End:   SolvePhaseEquation ; Timer: cpu0=11.094 wall=1.383 
 Start: SolidFiltersProcess: calculate forces and moments
 End:   SolidFiltersProcess: calculate forces and moments; Timer: cpu0=0.000 wall=0.002 
 Start: PrepareDataForNextStep
 End:   PrepareDataForNextStep; Timer: cpu0=0.141 wall=0.044 
 Start: VarValueService
 End:   VarValueService; Timer: cpu0=0.000 wall=0.002 
 Start: UpdateStopperData
 End:   UpdateStopperData; Timer: cpu0=0.000 wall=0.002 
 Start: Saving text status in E:\UniFlight\flow\full_rocket0_fv\data\full_rocket0.status
 End:   Saving text status in E:\UniFlight\flow\full_rocket0_fv\data\full_rocket0.status; Timer: cpu0=0.000 wall=0.002 
 End:   ===== Time Step =====, Iter number =  63; Timer: cpu0=12.375 wall=1.659 

20.06.26 15:55:40  ===== Processing Layers =====
20.06.26 15:55:40    *SEND* for CScalarLayer, GUID=7641E21B-8224-4159-9F24-74BCFE28891B
 Start: ComputeVolumeCharacteristics
 End:   ComputeVolumeCharacteristics; Timer: cpu0=0.000 wall=0.004 
 Start: GetValueOnFacets
 End:   GetValueOnFacets; Timer: cpu0=0.000 wall=0.009 
20.06.26 15:55:40    *SEND* for CIntegralCharsLayer, GUID=4E090A0C-544B-E4A2-4242-BEC451D7CD2B
20.06.26 15:55:40    *SEND* for CIntegralCharsLayer, GUID=F89DB856-096A-C78A-52DA-9AF764E60355
20.06.26 15:55:40    *SEND* for CIntegralCharsLayer, GUID=1F3B9B3A-6498-80C8-3F3C-86FD4C134ECD
 End:   ===== Processing Layers =====; Timer: cpu0=0.000 wall=0.028 

20.06.26 15:55:40  ===== New Time Step =====, Iter number =  64
 Start: TimeServis
 End:   TimeServis; Timer: cpu0=0.328 wall=0.035 
 Start: User modules' functions BeforeTimeStep() are calling
 End:   User modules' functions BeforeTimeStep() are calling; Timer: cpu0=0.000 wall=0.002 
 Start: Adaptation, TotalRealCellsCount= 95441 
 End:   Adaptation; Timer: cpu0=0.000 wall=0.004 
 Start: Initialize data arrays on chips
 End:   Initialize data arrays on chips, res= 0; Timer: cpu0=0.000 wall=0.002 
  ***** Maximum Geometrical Gauss = 1.45735e-14, cell= 390:7:6:3:0
  ***** Maximum MovingSurf  Gauss = 0, cell= 
 Start: Initialize data arrays on chips
 End:   Initialize data arrays on chips, res= 0; Timer: cpu0=0.000 wall=0.002 
 Start: TimeServis
 End:   TimeServis; Timer: cpu0=0.344 wall=0.034 
 Start: FindEnclaves
 End:   FindEnclaves; Timer: cpu0=0.078 wall=0.084 
 Start: VarValueService
 End:   VarValueService; Timer: cpu0=0.000 wall=0.001 
 Start: SolvePhaseEquation 
 End:   SolvePhaseEquation ; Timer: cpu0=11.641 wall=1.396 
 Start: SolidFiltersProcess: calculate forces and moments
 End:   SolidFiltersProcess: calculate forces and moments; Timer: cpu0=0.000 wall=0.001 
 Start: PrepareDataForNextStep
 End:   PrepareDataForNextStep; Timer: cpu0=0.391 wall=0.044 
 Start: VarValueService
 End:   VarValueService; Timer: cpu0=0.000 wall=0.002 
 Start: UpdateStopperData
 End:   UpdateStopperData; Timer: cpu0=0.000 wall=0.001 
 Start: Saving text status in E:\UniFlight\flow\full_rocket0_fv\data\full_rocket0.status
 End:   Saving text status in E:\UniFlight\flow\full_rocket0_fv\data\full_rocket0.status; Timer: cpu0=0.000 wall=0.001 
 End:   ===== Time Step =====, Iter number =  64; Timer: cpu0=13.172 wall=1.668 

20.06.26 15:55:42  ===== Processing Layers =====
20.06.26 15:55:42    *SEND* for CScalarLayer, GUID=7641E21B-8224-4159-9F24-74BCFE28891B
 Start: ComputeVolumeCharacteristics
 End:   ComputeVolumeCharacteristics; Timer: cpu0=0.000 wall=0.003 
 Start: GetValueOnFacets
 End:   GetValueOnFacets; Timer: cpu0=0.000 wall=0.010 
20.06.26 15:55:42    *SEND* for CIntegralCharsLayer, GUID=4E090A0C-544B-E4A2-4242-BEC451D7CD2B
20.06.26 15:55:42    *SEND* for CIntegralCharsLayer, GUID=F89DB856-096A-C78A-52DA-9AF764E60355
20.06.26 15:55:42    *SEND* for CIntegralCharsLayer, GUID=1F3B9B3A-6498-80C8-3F3C-86FD4C134ECD
 End:   ===== Processing Layers =====; Timer: cpu0=0.156 wall=0.029 

20.06.26 15:55:42  ===== New Time Step =====, Iter number =  65
 Start: TimeServis
 End:   TimeServis; Timer: cpu0=0.344 wall=0.030 
 Start: User modules' functions BeforeTimeStep() are calling
 End:   User modules' functions BeforeTimeStep() are calling; Timer: cpu0=0.000 wall=0.001 
 Start: Adaptation, TotalRealCellsCount= 95441 
 End:   Adaptation; Timer: cpu0=0.000 wall=0.004 
 Start: Initialize data arrays on chips
 End:   Initialize data arrays on chips, res= 0; Timer: cpu0=0.000 wall=0.002 
  ***** Maximum Geometrical Gauss = 1.45735e-14, cell= 390:7:6:3:0
  ***** Maximum MovingSurf  Gauss = 0, cell= 
 Start: Initialize data arrays on chips
 End:   Initialize data arrays on chips, res= 0; Timer: cpu0=0.000 wall=0.002 
 Start: TimeServis
 End:   TimeServis; Timer: cpu0=0.328 wall=0.036 
 Start: FindEnclaves
 End:   FindEnclaves; Timer: cpu0=0.094 wall=0.094 
 Start: VarValueService
 End:   VarValueService; Timer: cpu0=0.000 wall=0.002 
 Start: SolvePhaseEquation 
 End:   SolvePhaseEquation ; Timer: cpu0=11.891 wall=1.414 
 Start: SolidFiltersProcess: calculate forces and moments
 End:   SolidFiltersProcess: calculate forces and moments; Timer: cpu0=0.000 wall=0.002 
 Start: PrepareDataForNextStep
 End:   PrepareDataForNextStep; Timer: cpu0=0.453 wall=0.042 
 Start: VarValueService
 End:   VarValueService; Timer: cpu0=0.000 wall=0.002 
 Start: UpdateStopperData
 End:   UpdateStopperData; Timer: cpu0=0.000 wall=0.001 
 Start: Saving text status in E:\UniFlight\flow\full_rocket0_fv\data\full_rocket0.status
 End:   Saving text status in E:\UniFlight\flow\full_rocket0_fv\data\full_rocket0.status; Timer: cpu0=0.000 wall=0.002 
 End:   ===== Time Step =====, Iter number =  65; Timer: cpu0=13.453 wall=1.697 

20.06.26 15:55:44  ===== Processing Layers =====
20.06.26 15:55:44    *SEND* for CScalarLayer, GUID=7641E21B-8224-4159-9F24-74BCFE28891B
 Start: ComputeVolumeCharacteristics
 End:   ComputeVolumeCharacteristics; Timer: cpu0=0.172 wall=0.003 
 Start: GetValueOnFacets
 End:   GetValueOnFacets; Timer: cpu0=0.000 wall=0.012 
20.06.26 15:55:44    *SEND* for CIntegralCharsLayer, GUID=4E090A0C-544B-E4A2-4242-BEC451D7CD2B
20.06.26 15:55:44    *SEND* for CIntegralCharsLayer, GUID=F89DB856-096A-C78A-52DA-9AF764E60355
20.06.26 15:55:44    *SEND* for CIntegralCharsLayer, GUID=1F3B9B3A-6498-80C8-3F3C-86FD4C134ECD
 End:   ===== Processing Layers =====; Timer: cpu0=0.172 wall=0.031 

20.06.26 15:55:44  ===== New Time Step =====, Iter number =  66
 Start: TimeServis
 End:   TimeServis; Timer: cpu0=0.344 wall=0.031 
 Start: User modules' functions BeforeTimeStep() are calling
 End:   User modules' functions BeforeTimeStep() are calling; Timer: cpu0=0.000 wall=0.002 
 Start: Adaptation, TotalRealCellsCount= 95441 
 End:   Adaptation; Timer: cpu0=0.000 wall=0.004 
 Start: Initialize data arrays on chips
 End:   Initialize data arrays on chips, res= 0; Timer: cpu0=0.000 wall=0.002 
  ***** Maximum Geometrical Gauss = 1.45735e-14, cell= 390:7:6:3:0
  ***** Maximum MovingSurf  Gauss = 0, cell= 
 Start: Initialize data arrays on chips
 End:   Initialize data arrays on chips, res= 0; Timer: cpu0=0.000 wall=0.002 
 Start: TimeServis
 End:   TimeServis; Timer: cpu0=0.328 wall=0.035 
 Start: FindEnclaves
 End:   FindEnclaves; Timer: cpu0=0.078 wall=0.087 
 Start: VarValueService
 End:   VarValueService; Timer: cpu0=0.172 wall=0.002 
 Start: SolvePhaseEquation 
 End:   SolvePhaseEquation ; Timer: cpu0=11.203 wall=1.366 
 Start: SolidFiltersProcess: calculate forces and moments
 End:   SolidFiltersProcess: calculate forces and moments; Timer: cpu0=0.000 wall=0.002 
 Start: PrepareDataForNextStep
 End:   PrepareDataForNextStep; Timer: cpu0=0.422 wall=0.041 
 Start: VarValueService
 End:   VarValueService; Timer: cpu0=0.000 wall=0.001 
 Start: UpdateStopperData
 End:   UpdateStopperData; Timer: cpu0=0.000 wall=0.001 
 Start: Saving text status in E:\UniFlight\flow\full_rocket0_fv\data\full_rocket0.status
 End:   Saving text status in E:\UniFlight\flow\full_rocket0_fv\data\full_rocket0.status; Timer: cpu0=0.000 wall=0.002 
 End:   ===== Time Step =====, Iter number =  66; Timer: cpu0=12.922 wall=1.638 

20.06.26 15:55:46  ===== Processing Layers =====
20.06.26 15:55:46    *SEND* for CScalarLayer, GUID=7641E21B-8224-4159-9F24-74BCFE28891B
 Start: ComputeVolumeCharacteristics
 End:   ComputeVolumeCharacteristics; Timer: cpu0=0.172 wall=0.004 
 Start: GetValueOnFacets
 End:   GetValueOnFacets; Timer: cpu0=0.000 wall=0.010 
20.06.26 15:55:46    *SEND* for CIntegralCharsLayer, GUID=4E090A0C-544B-E4A2-4242-BEC451D7CD2B
20.06.26 15:55:46    *SEND* for CIntegralCharsLayer, GUID=F89DB856-096A-C78A-52DA-9AF764E60355
20.06.26 15:55:46    *SEND* for CIntegralCharsLayer, GUID=1F3B9B3A-6498-80C8-3F3C-86FD4C134ECD
 End:   ===== Processing Layers =====; Timer: cpu0=0.188 wall=0.030 

20.06.26 15:55:46  ===== New Time Step =====, Iter number =  67
 Start: TimeServis
 End:   TimeServis; Timer: cpu0=0.234 wall=0.032 
 Start: User modules' functions BeforeTimeStep() are calling
 End:   User modules' functions BeforeTimeStep() are calling; Timer: cpu0=0.000 wall=0.001 
 Start: Adaptation, TotalRealCellsCount= 95441 
 End:   Adaptation; Timer: cpu0=0.172 wall=0.004 
 Start: Initialize data arrays on chips
 End:   Initialize data arrays on chips, res= 0; Timer: cpu0=0.000 wall=0.001 
  ***** Maximum Geometrical Gauss = 1.45735e-14, cell= 390:7:6:3:0
  ***** Maximum MovingSurf  Gauss = 0, cell= 
 Start: Initialize data arrays on chips
 End:   Initialize data arrays on chips, res= 0; Timer: cpu0=0.000 wall=0.002 
 Start: TimeServis
 End:   TimeServis; Timer: cpu0=0.281 wall=0.033 
 Start: FindEnclaves
 End:   FindEnclaves; Timer: cpu0=0.078 wall=0.075 
 Start: VarValueService
 End:   VarValueService; Timer: cpu0=0.000 wall=0.001 
 Start: SolvePhaseEquation 
 End:   SolvePhaseEquation ; Timer: cpu0=11.484 wall=1.386 
 Start: SolidFiltersProcess: calculate forces and moments
 End:   SolidFiltersProcess: calculate forces and moments; Timer: cpu0=0.000 wall=0.001 
 Start: PrepareDataForNextStep
 End:   PrepareDataForNextStep; Timer: cpu0=0.359 wall=0.041 
 Start: VarValueService
 End:   VarValueService; Timer: cpu0=0.000 wall=0.002 
 Start: UpdateStopperData
 End:   UpdateStopperData; Timer: cpu0=0.000 wall=0.000 
 Start: Saving text status in E:\UniFlight\flow\full_rocket0_fv\data\full_rocket0.status
 End:   Saving text status in E:\UniFlight\flow\full_rocket0_fv\data\full_rocket0.status; Timer: cpu0=0.000 wall=0.002 
 End:   ===== Time Step =====, Iter number =  67; Timer: cpu0=12.781 wall=1.637 

20.06.26 15:55:48  ===== Processing Layers =====
20.06.26 15:55:48    *SEND* for CScalarLayer, GUID=7641E21B-8224-4159-9F24-74BCFE28891B
 Start: ComputeVolumeCharacteristics
 End:   ComputeVolumeCharacteristics; Timer: cpu0=0.000 wall=0.005 
 Start: GetValueOnFacets
 End:   GetValueOnFacets; Timer: cpu0=0.156 wall=0.010 
20.06.26 15:55:48    *SEND* for CIntegralCharsLayer, GUID=4E090A0C-544B-E4A2-4242-BEC451D7CD2B
20.06.26 15:55:48    *SEND* for CIntegralCharsLayer, GUID=F89DB856-096A-C78A-52DA-9AF764E60355
20.06.26 15:55:48    *SEND* for CIntegralCharsLayer, GUID=1F3B9B3A-6498-80C8-3F3C-86FD4C134ECD
 End:   ===== Processing Layers =====; Timer: cpu0=0.328 wall=0.030 

20.06.26 15:55:48  ===== New Time Step =====, Iter number =  68
 Start: TimeServis
 End:   TimeServis; Timer: cpu0=0.344 wall=0.034 
 Start: User modules' functions BeforeTimeStep() are calling
 End:   User modules' functions BeforeTimeStep() are calling; Timer: cpu0=0.000 wall=0.002 
 Start: Adaptation, TotalRealCellsCount= 95441 
 End:   Adaptation; Timer: cpu0=0.000 wall=0.004 
 Start: Initialize data arrays on chips
 End:   Initialize data arrays on chips, res= 0; Timer: cpu0=0.172 wall=0.002 
  ***** Maximum Geometrical Gauss = 1.45735e-14, cell= 390:7:6:3:0
  ***** Maximum MovingSurf  Gauss = 0, cell= 
 Start: Initialize data arrays on chips
 End:   Initialize data arrays on chips, res= 0; Timer: cpu0=0.000 wall=0.002 
 Start: TimeServis
 End:   TimeServis; Timer: cpu0=0.422 wall=0.039 
 Start: FindEnclaves
 End:   FindEnclaves; Timer: cpu0=0.078 wall=0.081 
 Start: VarValueService
 End:   VarValueService; Timer: cpu0=0.000 wall=0.002 
 Start: SolvePhaseEquation 
 End:   SolvePhaseEquation ; Timer: cpu0=11.016 wall=1.418 
 Start: SolidFiltersProcess: calculate forces and moments
 End:   SolidFiltersProcess: calculate forces and moments; Timer: cpu0=0.000 wall=0.002 
 Start: PrepareDataForNextStep
 End:   PrepareDataForNextStep; Timer: cpu0=0.500 wall=0.048 
 Start: VarValueService
 End:   VarValueService; Timer: cpu0=0.000 wall=0.001 
 Start: UpdateStopperData
 End:   UpdateStopperData; Timer: cpu0=0.000 wall=0.001 
 Start: Saving text status in E:\UniFlight\flow\full_rocket0_fv\data\full_rocket0.status
 End:   Saving text status in E:\UniFlight\flow\full_rocket0_fv\data\full_rocket0.status; Timer: cpu0=0.000 wall=0.003 
 End:   ===== Time Step =====, Iter number =  68; Timer: cpu0=12.703 wall=1.695 

20.06.26 15:55:50  ===== Processing Layers =====
20.06.26 15:55:50    *SEND* for CScalarLayer, GUID=7641E21B-8224-4159-9F24-74BCFE28891B
 Start: ComputeVolumeCharacteristics
 End:   ComputeVolumeCharacteristics; Timer: cpu0=0.000 wall=0.005 
 Start: GetValueOnFacets
 End:   GetValueOnFacets; Timer: cpu0=0.172 wall=0.011 
20.06.26 15:55:50    *SEND* for CIntegralCharsLayer, GUID=4E090A0C-544B-E4A2-4242-BEC451D7CD2B
20.06.26 15:55:50    *SEND* for CIntegralCharsLayer, GUID=F89DB856-096A-C78A-52DA-9AF764E60355
20.06.26 15:55:50    *SEND* for CIntegralCharsLayer, GUID=1F3B9B3A-6498-80C8-3F3C-86FD4C134ECD
 End:   ===== Processing Layers =====; Timer: cpu0=0.172 wall=0.032 

20.06.26 15:55:50  ===== New Time Step =====, Iter number =  69
 Start: TimeServis
 End:   TimeServis; Timer: cpu0=0.375 wall=0.034 
 Start: User modules' functions BeforeTimeStep() are calling
 End:   User modules' functions BeforeTimeStep() are calling; Timer: cpu0=0.000 wall=0.002 
 Start: Adaptation, TotalRealCellsCount= 95441 
 End:   Adaptation; Timer: cpu0=0.000 wall=0.004 
 Start: Initialize data arrays on chips
 End:   Initialize data arrays on chips, res= 0; Timer: cpu0=0.000 wall=0.002 
  ***** Maximum Geometrical Gauss = 1.45735e-14, cell= 390:7:6:3:0
  ***** Maximum MovingSurf  Gauss = 0, cell= 
 Start: Initialize data arrays on chips
 End:   Initialize data arrays on chips, res= 0; Timer: cpu0=0.016 wall=0.002 
 Start: TimeServis
 End:   TimeServis; Timer: cpu0=0.344 wall=0.037 
 Start: FindEnclaves
 End:   FindEnclaves; Timer: cpu0=0.078 wall=0.083 
 Start: VarValueService
 End:   VarValueService; Timer: cpu0=0.000 wall=0.002 
 Start: SolvePhaseEquation 
 End:   SolvePhaseEquation ; Timer: cpu0=11.109 wall=1.367 
 Start: SolidFiltersProcess: calculate forces and moments
 End:   SolidFiltersProcess: calculate forces and moments; Timer: cpu0=0.000 wall=0.002 
 Start: PrepareDataForNextStep
 End:   PrepareDataForNextStep; Timer: cpu0=0.188 wall=0.045 
 Start: VarValueService
 End:   VarValueService; Timer: cpu0=0.000 wall=0.001 
 Start: UpdateStopperData
 End:   UpdateStopperData; Timer: cpu0=0.000 wall=0.001 
 Start: Saving text status in E:\UniFlight\flow\full_rocket0_fv\data\full_rocket0.status
 End:   Saving text status in E:\UniFlight\flow\full_rocket0_fv\data\full_rocket0.status; Timer: cpu0=0.000 wall=0.002 
 End:   ===== Time Step =====, Iter number =  69; Timer: cpu0=12.469 wall=1.648 

20.06.26 15:55:52  ===== Processing Layers =====
20.06.26 15:55:52    *SEND* for CScalarLayer, GUID=7641E21B-8224-4159-9F24-74BCFE28891B
 Start: ComputeVolumeCharacteristics
 End:   ComputeVolumeCharacteristics; Timer: cpu0=0.000 wall=0.004 
 Start: GetValueOnFacets
 End:   GetValueOnFacets; Timer: cpu0=0.000 wall=0.010 
20.06.26 15:55:52    *SEND* for CIntegralCharsLayer, GUID=4E090A0C-544B-E4A2-4242-BEC451D7CD2B
20.06.26 15:55:52    *SEND* for CIntegralCharsLayer, GUID=F89DB856-096A-C78A-52DA-9AF764E60355
20.06.26 15:55:52    *SEND* for CIntegralCharsLayer, GUID=1F3B9B3A-6498-80C8-3F3C-86FD4C134ECD
 End:   ===== Processing Layers =====; Timer: cpu0=0.016 wall=0.030 

20.06.26 15:55:52  ===== New Time Step =====, Iter number =  70
 Start: TimeServis
 End:   TimeServis; Timer: cpu0=0.328 wall=0.034 
 Start: User modules' functions BeforeTimeStep() are calling
 End:   User modules' functions BeforeTimeStep() are calling; Timer: cpu0=0.000 wall=0.002 
 Start: Adaptation, TotalRealCellsCount= 95441 
 End:   Adaptation; Timer: cpu0=5.703 wall=0.815 
 Start: DistributeGridOnProcessors
 End:   DistributeGridOnProcessors, res= 0; Timer: cpu0=0.734 wall=0.216 
 Start: SetNeiHyperCells
 End:   SetNeiHyperCells, res= 0; Timer: cpu0=0.000 wall=0.009 
 Start: BuildFacetDistribution
 End:   BuildFacetDistribution; Timer: cpu0=0.000 wall=0.002 
 Start: Initialize data arrays on chips
 End:   Initialize data arrays on chips, res= 0; Timer: cpu0=0.000 wall=0.002 
  ***** Maximum Geometrical Gauss = 1.64819e-14, cell= 379:3:7:3:0
  ***** Maximum MovingSurf  Gauss = 2.13491e-14, cell= 55:1:1:3:0
 Start: Remove Small Cells
 End:   Remove Small Cells; Timer: cpu0=0.172 wall=0.024 
 Start: Initialize data arrays on chips
 End:   Initialize data arrays on chips, res= 0; Timer: cpu0=0.000 wall=0.002 
  ***** Maximum Geometrical Gauss = 1.64819e-14, cell= 379:3:7:3:0
  ***** Maximum MovingSurf  Gauss = 2.13491e-14, cell= 55:1:1:3:0
 Start: Initialize data arrays on chips
 End:   Initialize data arrays on chips, res= 0; Timer: cpu0=0.000 wall=0.002 
 Start: Modify Chip Data
 End:   Modify Chip Data; Timer: cpu0=0.328 wall=0.042 
 Start: TimeServis
 End:   TimeServis; Timer: cpu0=0.500 wall=0.056 
 Start: FindEnclaves
 End:   FindEnclaves; Timer: cpu0=0.094 wall=0.101 
 Start: VarValueService
 End:   VarValueService; Timer: cpu0=0.031 wall=0.001 
 Start: SolvePhaseEquation 
 End:   SolvePhaseEquation ; Timer: cpu0=14.062 wall=1.747 
 Start: SolidFiltersProcess: calculate forces and moments
 End:   SolidFiltersProcess: calculate forces and moments; Timer: cpu0=0.000 wall=0.001 
 Start: PrepareDataForNextStep
 End:   PrepareDataForNextStep; Timer: cpu0=0.516 wall=0.044 
 Start: VarValueService
 End:   VarValueService; Timer: cpu0=0.000 wall=0.001 
 Start: UpdateStopperData
 End:   UpdateStopperData; Timer: cpu0=0.000 wall=0.001 
 Start: Saving text status in E:\UniFlight\flow\full_rocket0_fv\data\full_rocket0.status
 End:   Saving text status in E:\UniFlight\flow\full_rocket0_fv\data\full_rocket0.status; Timer: cpu0=0.000 wall=0.002 
 End:   ===== Time Step =====, Iter number =  70; Timer: cpu0=22.828 wall=3.199 

20.06.26 15:55:55  ===== Processing Layers =====
20.06.26 15:55:55    *SEND* for CScalarLayer, GUID=7641E21B-8224-4159-9F24-74BCFE28891B
 Start: ComputeVolumeCharacteristics
 End:   ComputeVolumeCharacteristics; Timer: cpu0=0.000 wall=0.005 
 Start: GetValueOnFacets
 End:   GetValueOnFacets; Timer: cpu0=0.031 wall=0.013 
20.06.26 15:55:55    *SEND* for CIntegralCharsLayer, GUID=4E090A0C-544B-E4A2-4242-BEC451D7CD2B
20.06.26 15:55:55    *SEND* for CIntegralCharsLayer, GUID=F89DB856-096A-C78A-52DA-9AF764E60355
20.06.26 15:55:55    *SEND* for CIntegralCharsLayer, GUID=1F3B9B3A-6498-80C8-3F3C-86FD4C134ECD
 End:   ===== Processing Layers =====; Timer: cpu0=0.047 wall=0.038 

20.06.26 15:55:55  ===== New Time Step =====, Iter number =  71
 Start: TimeServis
 End:   TimeServis; Timer: cpu0=0.453 wall=0.036 
 Start: User modules' functions BeforeTimeStep() are calling
 End:   User modules' functions BeforeTimeStep() are calling; Timer: cpu0=0.000 wall=0.002 
 Start: Adaptation, TotalRealCellsCount= 108531 
 End:   Adaptation; Timer: cpu0=5.672 wall=0.787 
 Start: DistributeGridOnProcessors
 End:   DistributeGridOnProcessors, res= 0; Timer: cpu0=0.891 wall=0.209 
 Start: SetNeiHyperCells
 End:   SetNeiHyperCells, res= 0; Timer: cpu0=0.016 wall=0.006 
 Start: BuildFacetDistribution
 End:   BuildFacetDistribution; Timer: cpu0=0.000 wall=0.001 
 Start: Initialize data arrays on chips
 End:   Initialize data arrays on chips, res= 0; Timer: cpu0=0.000 wall=0.002 
  ***** Maximum Geometrical Gauss = 1.64819e-14, cell= 379:3:7:3:0
  ***** Maximum MovingSurf  Gauss = 9.07339e-15, cell= 694:7:6:0
 Start: Remove Small Cells
 End:   Remove Small Cells; Timer: cpu0=0.156 wall=0.021 
 Start: Initialize data arrays on chips
 End:   Initialize data arrays on chips, res= 0; Timer: cpu0=0.000 wall=0.003 
  ***** Maximum Geometrical Gauss = 1.64819e-14, cell= 379:3:7:3:0
  ***** Maximum MovingSurf  Gauss = 9.07339e-15, cell= 694:7:6:0
 Start: Initialize data arrays on chips
 End:   Initialize data arrays on chips, res= 0; Timer: cpu0=0.000 wall=0.002 
 Start: Modify Chip Data
 End:   Modify Chip Data; Timer: cpu0=0.344 wall=0.035 
 Start: TimeServis
 End:   TimeServis; Timer: cpu0=0.516 wall=0.046 
 Start: FindEnclaves
 End:   FindEnclaves; Timer: cpu0=0.094 wall=0.092 
 Start: VarValueService
 End:   VarValueService; Timer: cpu0=0.000 wall=0.001 
 Start: SolvePhaseEquation 
 End:   SolvePhaseEquation ; Timer: cpu0=11.328 wall=1.463 
 Start: SolidFiltersProcess: calculate forces and moments
 End:   SolidFiltersProcess: calculate forces and moments; Timer: cpu0=0.000 wall=0.002 
 Start: PrepareDataForNextStep
 End:   PrepareDataForNextStep; Timer: cpu0=0.516 wall=0.041 
 Start: VarValueService
 End:   VarValueService; Timer: cpu0=0.000 wall=0.001 
 Start: UpdateStopperData
 End:   UpdateStopperData; Timer: cpu0=0.000 wall=0.001 
 Start: Saving text status in E:\UniFlight\flow\full_rocket0_fv\data\full_rocket0.status
 End:   Saving text status in E:\UniFlight\flow\full_rocket0_fv\data\full_rocket0.status; Timer: cpu0=0.000 wall=0.002 
 End:   ===== Time Step =====, Iter number =  71; Timer: cpu0=20.359 wall=2.846 

20.06.26 15:55:58  ===== Processing Layers =====
20.06.26 15:55:58    *SEND* for CScalarLayer, GUID=7641E21B-8224-4159-9F24-74BCFE28891B
 Start: ComputeVolumeCharacteristics
 End:   ComputeVolumeCharacteristics; Timer: cpu0=0.000 wall=0.005 
 Start: GetValueOnFacets
 End:   GetValueOnFacets; Timer: cpu0=0.016 wall=0.011 
20.06.26 15:55:58    *SEND* for CIntegralCharsLayer, GUID=4E090A0C-544B-E4A2-4242-BEC451D7CD2B
20.06.26 15:55:58    *SEND* for CIntegralCharsLayer, GUID=F89DB856-096A-C78A-52DA-9AF764E60355
20.06.26 15:55:58    *SEND* for CIntegralCharsLayer, GUID=1F3B9B3A-6498-80C8-3F3C-86FD4C134ECD
 End:   ===== Processing Layers =====; Timer: cpu0=0.016 wall=0.037 

20.06.26 15:55:58  ===== New Time Step =====, Iter number =  72
 Start: TimeServis
 End:   TimeServis; Timer: cpu0=0.344 wall=0.032 
 Start: User modules' functions BeforeTimeStep() are calling
 End:   User modules' functions BeforeTimeStep() are calling; Timer: cpu0=0.000 wall=0.002 
 Start: Adaptation, TotalRealCellsCount= 95623 
 End:   Adaptation; Timer: cpu0=0.000 wall=0.004 
 Start: Initialize data arrays on chips
 End:   Initialize data arrays on chips, res= 0; Timer: cpu0=0.000 wall=0.002 
  ***** Maximum Geometrical Gauss = 1.64819e-14, cell= 379:3:7:3:0
  ***** Maximum MovingSurf  Gauss = 0, cell= 
 Start: Initialize data arrays on chips
 End:   Initialize data arrays on chips, res= 0; Timer: cpu0=0.000 wall=0.002 
 Start: TimeServis
 End:   TimeServis; Timer: cpu0=0.344 wall=0.039 
 Start: FindEnclaves
 End:   FindEnclaves; Timer: cpu0=0.250 wall=0.088 
 Start: VarValueService
 End:   VarValueService; Timer: cpu0=0.000 wall=0.002 
 Start: SolvePhaseEquation 
 End:   SolvePhaseEquation ; Timer: cpu0=10.938 wall=1.436 
 Start: SolidFiltersProcess: calculate forces and moments
 End:   SolidFiltersProcess: calculate forces and moments; Timer: cpu0=0.000 wall=0.002 
 Start: PrepareDataForNextStep
 End:   PrepareDataForNextStep; Timer: cpu0=0.219 wall=0.034 
 Start: VarValueService
 End:   VarValueService; Timer: cpu0=0.000 wall=0.002 
 Start: UpdateStopperData
 End:   UpdateStopperData; Timer: cpu0=0.000 wall=0.001 
 Start: Saving text status in E:\UniFlight\flow\full_rocket0_fv\data\full_rocket0.status
 End:   Saving text status in E:\UniFlight\flow\full_rocket0_fv\data\full_rocket0.status; Timer: cpu0=0.000 wall=0.002 
 End:   ===== Time Step =====, Iter number =  72; Timer: cpu0=12.266 wall=1.710 

20.06.26 15:56:00  ===== Processing Layers =====
20.06.26 15:56:00    *SEND* for CScalarLayer, GUID=7641E21B-8224-4159-9F24-74BCFE28891B
 Start: ComputeVolumeCharacteristics
 End:   ComputeVolumeCharacteristics; Timer: cpu0=0.172 wall=0.004 
 Start: GetValueOnFacets
 End:   GetValueOnFacets; Timer: cpu0=0.000 wall=0.011 
20.06.26 15:56:00    *SEND* for CIntegralCharsLayer, GUID=4E090A0C-544B-E4A2-4242-BEC451D7CD2B
20.06.26 15:56:00    *SEND* for CIntegralCharsLayer, GUID=F89DB856-096A-C78A-52DA-9AF764E60355
20.06.26 15:56:00    *SEND* for CIntegralCharsLayer, GUID=1F3B9B3A-6498-80C8-3F3C-86FD4C134ECD
 End:   ===== Processing Layers =====; Timer: cpu0=0.172 wall=0.036 

20.06.26 15:56:00  ===== New Time Step =====, Iter number =  73
 Start: TimeServis
 End:   TimeServis; Timer: cpu0=0.344 wall=0.035 
 Start: User modules' functions BeforeTimeStep() are calling
 End:   User modules' functions BeforeTimeStep() are calling; Timer: cpu0=0.000 wall=0.002 
 Start: Adaptation, TotalRealCellsCount= 95623 
 End:   Adaptation; Timer: cpu0=0.000 wall=0.006 
 Start: Initialize data arrays on chips
 End:   Initialize data arrays on chips, res= 0; Timer: cpu0=0.000 wall=0.003 
  ***** Maximum Geometrical Gauss = 1.64819e-14, cell= 379:3:7:3:0
  ***** Maximum MovingSurf  Gauss = 0, cell= 
 Start: Initialize data arrays on chips
 End:   Initialize data arrays on chips, res= 0; Timer: cpu0=0.000 wall=0.002 
 Start: TimeServis
 End:   TimeServis; Timer: cpu0=0.328 wall=0.040 
 Start: FindEnclaves
 End:   FindEnclaves; Timer: cpu0=0.078 wall=0.078 
 Start: VarValueService
 End:   VarValueService; Timer: cpu0=0.000 wall=0.001 
 Start: SolvePhaseEquation 
 End:   SolvePhaseEquation ; Timer: cpu0=11.359 wall=1.420 
 Start: SolidFiltersProcess: calculate forces and moments
 End:   SolidFiltersProcess: calculate forces and moments; Timer: cpu0=0.000 wall=0.002 
 Start: PrepareDataForNextStep
 End:   PrepareDataForNextStep; Timer: cpu0=0.453 wall=0.036 
 Start: VarValueService
 End:   VarValueService; Timer: cpu0=0.000 wall=0.001 
 Start: UpdateStopperData
 End:   UpdateStopperData; Timer: cpu0=0.000 wall=0.001 
 Start: Saving text status in E:\UniFlight\flow\full_rocket0_fv\data\full_rocket0.status
 End:   Saving text status in E:\UniFlight\flow\full_rocket0_fv\data\full_rocket0.status; Timer: cpu0=0.000 wall=0.002 
 End:   ===== Time Step =====, Iter number =  73; Timer: cpu0=12.906 wall=1.693 

20.06.26 15:56:02  ===== Processing Layers =====
20.06.26 15:56:02    *SEND* for CScalarLayer, GUID=7641E21B-8224-4159-9F24-74BCFE28891B
 Start: ComputeVolumeCharacteristics
 End:   ComputeVolumeCharacteristics; Timer: cpu0=0.000 wall=0.005 
 Start: GetValueOnFacets
 End:   GetValueOnFacets; Timer: cpu0=0.016 wall=0.011 
20.06.26 15:56:02    *SEND* for CIntegralCharsLayer, GUID=4E090A0C-544B-E4A2-4242-BEC451D7CD2B
20.06.26 15:56:02    *SEND* for CIntegralCharsLayer, GUID=F89DB856-096A-C78A-52DA-9AF764E60355
20.06.26 15:56:02    *SEND* for CIntegralCharsLayer, GUID=1F3B9B3A-6498-80C8-3F3C-86FD4C134ECD
 End:   ===== Processing Layers =====; Timer: cpu0=0.016 wall=0.035 

20.06.26 15:56:02  ===== New Time Step =====, Iter number =  74
 Start: TimeServis
 End:   TimeServis; Timer: cpu0=0.344 wall=0.035 
 Start: User modules' functions BeforeTimeStep() are calling
 End:   User modules' functions BeforeTimeStep() are calling; Timer: cpu0=0.000 wall=0.002 
 Start: Adaptation, TotalRealCellsCount= 95623 
 End:   Adaptation; Timer: cpu0=0.000 wall=0.004 
 Start: Initialize data arrays on chips
 End:   Initialize data arrays on chips, res= 0; Timer: cpu0=0.000 wall=0.002 
  ***** Maximum Geometrical Gauss = 1.64819e-14, cell= 379:3:7:3:0
  ***** Maximum MovingSurf  Gauss = 0, cell= 
 Start: Initialize data arrays on chips
 End:   Initialize data arrays on chips, res= 0; Timer: cpu0=0.000 wall=0.002 
 Start: TimeServis
 End:   TimeServis; Timer: cpu0=0.391 wall=0.040 
 Start: FindEnclaves
 End:   FindEnclaves; Timer: cpu0=0.078 wall=0.082 
 Start: VarValueService
 End:   VarValueService; Timer: cpu0=0.000 wall=0.001 
 Start: SolvePhaseEquation 
 End:   SolvePhaseEquation ; Timer: cpu0=10.922 wall=1.450 
 Start: SolidFiltersProcess: calculate forces and moments
 End:   SolidFiltersProcess: calculate forces and moments; Timer: cpu0=0.000 wall=0.002 
 Start: PrepareDataForNextStep
 End:   PrepareDataForNextStep; Timer: cpu0=0.219 wall=0.039 
 Start: VarValueService
 End:   VarValueService; Timer: cpu0=0.000 wall=0.001 
 Start: UpdateStopperData
 End:   UpdateStopperData; Timer: cpu0=0.000 wall=0.001 
 Start: Saving text status in E:\UniFlight\flow\full_rocket0_fv\data\full_rocket0.status
 End:   Saving text status in E:\UniFlight\flow\full_rocket0_fv\data\full_rocket0.status; Timer: cpu0=0.000 wall=0.003 
 End:   ===== Time Step =====, Iter number =  74; Timer: cpu0=12.016 wall=1.725 

20.06.26 15:56:04  ===== Processing Layers =====
20.06.26 15:56:04    *SEND* for CScalarLayer, GUID=7641E21B-8224-4159-9F24-74BCFE28891B
 Start: ComputeVolumeCharacteristics
 End:   ComputeVolumeCharacteristics; Timer: cpu0=0.000 wall=0.006 
 Start: GetValueOnFacets
 End:   GetValueOnFacets; Timer: cpu0=0.000 wall=0.011 
20.06.26 15:56:04    *SEND* for CIntegralCharsLayer, GUID=4E090A0C-544B-E4A2-4242-BEC451D7CD2B
20.06.26 15:56:04    *SEND* for CIntegralCharsLayer, GUID=F89DB856-096A-C78A-52DA-9AF764E60355
20.06.26 15:56:04    *SEND* for CIntegralCharsLayer, GUID=1F3B9B3A-6498-80C8-3F3C-86FD4C134ECD
 End:   ===== Processing Layers =====; Timer: cpu0=0.016 wall=0.033 

20.06.26 15:56:05  ===== New Time Step =====, Iter number =  75
 Start: TimeServis
 End:   TimeServis; Timer: cpu0=0.266 wall=0.033 
 Start: User modules' functions BeforeTimeStep() are calling
 End:   User modules' functions BeforeTimeStep() are calling; Timer: cpu0=0.000 wall=0.003 
 Start: Adaptation, TotalRealCellsCount= 95623 
 End:   Adaptation; Timer: cpu0=0.094 wall=0.006 
 Start: Initialize data arrays on chips
 End:   Initialize data arrays on chips, res= 0; Timer: cpu0=0.000 wall=0.001 
  ***** Maximum Geometrical Gauss = 1.64819e-14, cell= 379:3:7:3:0
  ***** Maximum MovingSurf  Gauss = 0, cell= 
 Start: Initialize data arrays on chips
 End:   Initialize data arrays on chips, res= 0; Timer: cpu0=0.000 wall=0.001 
 Start: TimeServis
 End:   TimeServis; Timer: cpu0=0.297 wall=0.037 
 Start: FindEnclaves
 End:   FindEnclaves; Timer: cpu0=0.078 wall=0.079 
 Start: VarValueService
 End:   VarValueService; Timer: cpu0=0.000 wall=0.002 
 Start: SolvePhaseEquation 
 End:   SolvePhaseEquation ; Timer: cpu0=10.625 wall=1.405 
 Start: SolidFiltersProcess: calculate forces and moments
 End:   SolidFiltersProcess: calculate forces and moments; Timer: cpu0=0.000 wall=0.002 
 Start: PrepareDataForNextStep
 End:   PrepareDataForNextStep; Timer: cpu0=0.406 wall=0.037 
 Start: VarValueService
 End:   VarValueService; Timer: cpu0=0.000 wall=0.002 
 Start: UpdateStopperData
 End:   UpdateStopperData; Timer: cpu0=0.000 wall=0.001 
 Start: Saving text status in E:\UniFlight\flow\full_rocket0_fv\data\full_rocket0.status
 End:   Saving text status in E:\UniFlight\flow\full_rocket0_fv\data\full_rocket0.status; Timer: cpu0=0.000 wall=0.003 
 End:   ===== Time Step =====, Iter number =  75; Timer: cpu0=12.109 wall=1.671 

20.06.26 15:56:06  ===== Processing Layers =====
20.06.26 15:56:06    *SEND* for CScalarLayer, GUID=7641E21B-8224-4159-9F24-74BCFE28891B
 Start: ComputeVolumeCharacteristics
 End:   ComputeVolumeCharacteristics; Timer: cpu0=0.078 wall=0.004 
 Start: GetValueOnFacets
 End:   GetValueOnFacets; Timer: cpu0=0.000 wall=0.011 
20.06.26 15:56:06    *SEND* for CIntegralCharsLayer, GUID=4E090A0C-544B-E4A2-4242-BEC451D7CD2B
20.06.26 15:56:06    *SEND* for CIntegralCharsLayer, GUID=F89DB856-096A-C78A-52DA-9AF764E60355
20.06.26 15:56:06    *SEND* for CIntegralCharsLayer, GUID=1F3B9B3A-6498-80C8-3F3C-86FD4C134ECD
 End:   ===== Processing Layers =====; Timer: cpu0=0.078 wall=0.037 

20.06.26 15:56:07  ===== New Time Step =====, Iter number =  76
 Start: TimeServis
 End:   TimeServis; Timer: cpu0=0.328 wall=0.033 
 Start: User modules' functions BeforeTimeStep() are calling
 End:   User modules' functions BeforeTimeStep() are calling; Timer: cpu0=0.000 wall=0.002 
 Start: Adaptation, TotalRealCellsCount= 95623 
 End:   Adaptation; Timer: cpu0=0.172 wall=0.004 
 Start: Initialize data arrays on chips
 End:   Initialize data arrays on chips, res= 0; Timer: cpu0=0.000 wall=0.002 
  ***** Maximum Geometrical Gauss = 1.64819e-14, cell= 379:3:7:3:0
  ***** Maximum MovingSurf  Gauss = 0, cell= 
 Start: Initialize data arrays on chips
 End:   Initialize data arrays on chips, res= 0; Timer: cpu0=0.000 wall=0.003 
 Start: TimeServis
 End:   TimeServis; Timer: cpu0=0.328 wall=0.037 
 Start: FindEnclaves
 End:   FindEnclaves; Timer: cpu0=0.062 wall=0.077 
 Start: VarValueService
 End:   VarValueService; Timer: cpu0=0.000 wall=0.001 
 Start: SolvePhaseEquation 
 End:   SolvePhaseEquation ; Timer: cpu0=11.938 wall=1.409 
 Start: SolidFiltersProcess: calculate forces and moments
 End:   SolidFiltersProcess: calculate forces and moments; Timer: cpu0=0.000 wall=0.002 
 Start: PrepareDataForNextStep
 End:   PrepareDataForNextStep; Timer: cpu0=0.469 wall=0.038 
 Start: VarValueService
 End:   VarValueService; Timer: cpu0=0.000 wall=0.001 
 Start: UpdateStopperData
 End:   UpdateStopperData; Timer: cpu0=0.000 wall=0.000 
 Start: Saving text status in E:\UniFlight\flow\full_rocket0_fv\data\full_rocket0.status
 End:   Saving text status in E:\UniFlight\flow\full_rocket0_fv\data\full_rocket0.status; Timer: cpu0=0.000 wall=0.002 
 End:   ===== Time Step =====, Iter number =  76; Timer: cpu0=13.469 wall=1.667 

20.06.26 15:56:08  ===== Processing Layers =====
20.06.26 15:56:08    *SEND* for CScalarLayer, GUID=7641E21B-8224-4159-9F24-74BCFE28891B
 Start: ComputeVolumeCharacteristics
 End:   ComputeVolumeCharacteristics; Timer: cpu0=0.000 wall=0.005 
 Start: GetValueOnFacets
 End:   GetValueOnFacets; Timer: cpu0=0.016 wall=0.012 
20.06.26 15:56:08    *SEND* for CIntegralCharsLayer, GUID=4E090A0C-544B-E4A2-4242-BEC451D7CD2B
20.06.26 15:56:08    *SEND* for CIntegralCharsLayer, GUID=F89DB856-096A-C78A-52DA-9AF764E60355
20.06.26 15:56:09    *SEND* for CIntegralCharsLayer, GUID=1F3B9B3A-6498-80C8-3F3C-86FD4C134ECD
 End:   ===== Processing Layers =====; Timer: cpu0=0.016 wall=0.040 

20.06.26 15:56:09  ===== New Time Step =====, Iter number =  77
 Start: TimeServis
 End:   TimeServis; Timer: cpu0=0.344 wall=0.037 
 Start: User modules' functions BeforeTimeStep() are calling
 End:   User modules' functions BeforeTimeStep() are calling; Timer: cpu0=0.000 wall=0.002 
 Start: Adaptation, TotalRealCellsCount= 95623 
 End:   Adaptation; Timer: cpu0=0.000 wall=0.004 
 Start: Initialize data arrays on chips
 End:   Initialize data arrays on chips, res= 0; Timer: cpu0=0.172 wall=0.002 
  ***** Maximum Geometrical Gauss = 1.64819e-14, cell= 379:3:7:3:0
  ***** Maximum MovingSurf  Gauss = 0, cell= 
 Start: Initialize data arrays on chips
 End:   Initialize data arrays on chips, res= 0; Timer: cpu0=0.000 wall=0.003 
 Start: TimeServis
 End:   TimeServis; Timer: cpu0=0.344 wall=0.043 
 Start: FindEnclaves
 End:   FindEnclaves; Timer: cpu0=0.078 wall=0.078 
 Start: VarValueService
 End:   VarValueService; Timer: cpu0=0.000 wall=0.001 
 Start: SolvePhaseEquation 
 End:   SolvePhaseEquation ; Timer: cpu0=11.516 wall=1.392 
 Start: SolidFiltersProcess: calculate forces and moments
 End:   SolidFiltersProcess: calculate forces and moments; Timer: cpu0=0.000 wall=0.002 
 Start: PrepareDataForNextStep
 End:   PrepareDataForNextStep; Timer: cpu0=0.406 wall=0.039 
 Start: VarValueService
 End:   VarValueService; Timer: cpu0=0.000 wall=0.001 
 Start: UpdateStopperData
 End:   UpdateStopperData; Timer: cpu0=0.000 wall=0.002 
 Start: Saving text status in E:\UniFlight\flow\full_rocket0_fv\data\full_rocket0.status
 End:   Saving text status in E:\UniFlight\flow\full_rocket0_fv\data\full_rocket0.status; Timer: cpu0=0.000 wall=0.002 
 End:   ===== Time Step =====, Iter number =  77; Timer: cpu0=13.172 wall=1.666 

20.06.26 15:56:10  ===== Processing Layers =====
20.06.26 15:56:10    *SEND* for CScalarLayer, GUID=7641E21B-8224-4159-9F24-74BCFE28891B
 Start: ComputeVolumeCharacteristics
 End:   ComputeVolumeCharacteristics; Timer: cpu0=0.000 wall=0.003 
 Start: GetValueOnFacets
 End:   GetValueOnFacets; Timer: cpu0=0.016 wall=0.010 
20.06.26 15:56:10    *SEND* for CIntegralCharsLayer, GUID=4E090A0C-544B-E4A2-4242-BEC451D7CD2B
20.06.26 15:56:10    *SEND* for CIntegralCharsLayer, GUID=F89DB856-096A-C78A-52DA-9AF764E60355
20.06.26 15:56:10    *SEND* for CIntegralCharsLayer, GUID=1F3B9B3A-6498-80C8-3F3C-86FD4C134ECD
 End:   ===== Processing Layers =====; Timer: cpu0=0.188 wall=0.027 

20.06.26 15:56:10  ===== New Time Step =====, Iter number =  78
 Start: TimeServis
 End:   TimeServis; Timer: cpu0=0.406 wall=0.035 
 Start: User modules' functions BeforeTimeStep() are calling
 End:   User modules' functions BeforeTimeStep() are calling; Timer: cpu0=0.000 wall=0.002 
 Start: Adaptation, TotalRealCellsCount= 95623 
 End:   Adaptation; Timer: cpu0=0.109 wall=0.006 
 Start: Initialize data arrays on chips
 End:   Initialize data arrays on chips, res= 0; Timer: cpu0=0.000 wall=0.002 
  ***** Maximum Geometrical Gauss = 1.64819e-14, cell= 379:3:7:3:0
  ***** Maximum MovingSurf  Gauss = 0, cell= 
 Start: Initialize data arrays on chips
 End:   Initialize data arrays on chips, res= 0; Timer: cpu0=0.000 wall=0.003 
 Start: TimeServis
 End:   TimeServis; Timer: cpu0=0.328 wall=0.038 
 Start: FindEnclaves
 End:   FindEnclaves; Timer: cpu0=0.078 wall=0.076 
 Start: VarValueService
 End:   VarValueService; Timer: cpu0=0.000 wall=0.002 
 Start: SolvePhaseEquation 
 End:   SolvePhaseEquation ; Timer: cpu0=11.531 wall=1.388 
 Start: SolidFiltersProcess: calculate forces and moments
 End:   SolidFiltersProcess: calculate forces and moments; Timer: cpu0=0.000 wall=0.002 
 Start: PrepareDataForNextStep
 End:   PrepareDataForNextStep; Timer: cpu0=0.391 wall=0.039 
 Start: VarValueService
 End:   VarValueService; Timer: cpu0=0.000 wall=0.001 
 Start: UpdateStopperData
 End:   UpdateStopperData; Timer: cpu0=0.000 wall=0.001 
 Start: Saving text status in E:\UniFlight\flow\full_rocket0_fv\data\full_rocket0.status
 End:   Saving text status in E:\UniFlight\flow\full_rocket0_fv\data\full_rocket0.status; Timer: cpu0=0.000 wall=0.002 
 End:   ===== Time Step =====, Iter number =  78; Timer: cpu0=13.016 wall=1.662 

20.06.26 15:56:12  ===== Processing Layers =====
20.06.26 15:56:12    *SEND* for CScalarLayer, GUID=7641E21B-8224-4159-9F24-74BCFE28891B
 Start: ComputeVolumeCharacteristics
 End:   ComputeVolumeCharacteristics; Timer: cpu0=0.000 wall=0.004 
 Start: GetValueOnFacets
 End:   GetValueOnFacets; Timer: cpu0=0.016 wall=0.011 
20.06.26 15:56:12    *SEND* for CIntegralCharsLayer, GUID=4E090A0C-544B-E4A2-4242-BEC451D7CD2B
20.06.26 15:56:12    *SEND* for CIntegralCharsLayer, GUID=F89DB856-096A-C78A-52DA-9AF764E60355
20.06.26 15:56:12    *SEND* for CIntegralCharsLayer, GUID=1F3B9B3A-6498-80C8-3F3C-86FD4C134ECD
 End:   ===== Processing Layers =====; Timer: cpu0=0.016 wall=0.033 

20.06.26 15:56:12  ===== New Time Step =====, Iter number =  79
 Start: TimeServis
 End:   TimeServis; Timer: cpu0=0.250 wall=0.035 
 Start: User modules' functions BeforeTimeStep() are calling
 End:   User modules' functions BeforeTimeStep() are calling; Timer: cpu0=0.000 wall=0.003 
 Start: Adaptation, TotalRealCellsCount= 95623 
 End:   Adaptation; Timer: cpu0=0.172 wall=0.004 
 Start: Initialize data arrays on chips
 End:   Initialize data arrays on chips, res= 0; Timer: cpu0=0.000 wall=0.002 
  ***** Maximum Geometrical Gauss = 1.64819e-14, cell= 379:3:7:3:0
  ***** Maximum MovingSurf  Gauss = 0, cell= 
 Start: Initialize data arrays on chips
 End:   Initialize data arrays on chips, res= 0; Timer: cpu0=0.000 wall=0.002 
 Start: TimeServis
 End:   TimeServis; Timer: cpu0=0.344 wall=0.038 
 Start: FindEnclaves
 End:   FindEnclaves; Timer: cpu0=0.078 wall=0.079 
 Start: VarValueService
 End:   VarValueService; Timer: cpu0=0.000 wall=0.001 
 Start: SolvePhaseEquation 
 End:   SolvePhaseEquation ; Timer: cpu0=11.234 wall=1.394 
 Start: SolidFiltersProcess: calculate forces and moments
 End:   SolidFiltersProcess: calculate forces and moments; Timer: cpu0=0.000 wall=0.002 
 Start: PrepareDataForNextStep
 End:   PrepareDataForNextStep; Timer: cpu0=0.297 wall=0.038 
 Start: VarValueService
 End:   VarValueService; Timer: cpu0=0.000 wall=0.002 
 Start: UpdateStopperData
 End:   UpdateStopperData; Timer: cpu0=0.000 wall=0.000 
 Start: Saving text status in E:\UniFlight\flow\full_rocket0_fv\data\full_rocket0.status
 End:   Saving text status in E:\UniFlight\flow\full_rocket0_fv\data\full_rocket0.status; Timer: cpu0=0.000 wall=0.002 
 End:   ===== Time Step =====, Iter number =  79; Timer: cpu0=12.547 wall=1.666 

20.06.26 15:56:14  ===== Processing Layers =====
20.06.26 15:56:14    *SEND* for CScalarLayer, GUID=7641E21B-8224-4159-9F24-74BCFE28891B
 Start: ComputeVolumeCharacteristics
 End:   ComputeVolumeCharacteristics; Timer: cpu0=0.000 wall=0.004 
 Start: GetValueOnFacets
 End:   GetValueOnFacets; Timer: cpu0=0.078 wall=0.010 
20.06.26 15:56:14    *SEND* for CIntegralCharsLayer, GUID=4E090A0C-544B-E4A2-4242-BEC451D7CD2B
20.06.26 15:56:14    *SEND* for CIntegralCharsLayer, GUID=F89DB856-096A-C78A-52DA-9AF764E60355
20.06.26 15:56:14    *SEND* for CIntegralCharsLayer, GUID=1F3B9B3A-6498-80C8-3F3C-86FD4C134ECD
 End:   ===== Processing Layers =====; Timer: cpu0=0.078 wall=0.028 

20.06.26 15:56:14  ===== New Time Step =====, Iter number =  80
 Start: TimeServis
 End:   TimeServis; Timer: cpu0=0.328 wall=0.036 
 Start: User modules' functions BeforeTimeStep() are calling
 End:   User modules' functions BeforeTimeStep() are calling; Timer: cpu0=0.000 wall=0.002 
 Start: Adaptation, TotalRealCellsCount= 95623 
 End:   Adaptation; Timer: cpu0=6.219 wall=0.818 
 Start: DistributeGridOnProcessors
 End:   DistributeGridOnProcessors, res= 0; Timer: cpu0=0.797 wall=0.218 
 Start: SetNeiHyperCells
 End:   SetNeiHyperCells, res= 0; Timer: cpu0=0.172 wall=0.008 
 Start: BuildFacetDistribution
 End:   BuildFacetDistribution; Timer: cpu0=0.000 wall=0.002 
 Start: Initialize data arrays on chips
 End:   Initialize data arrays on chips, res= 0; Timer: cpu0=0.000 wall=0.002 
  ***** Maximum Geometrical Gauss = 1.69281e-14, cell= 389:5:7:3:0
  ***** Maximum MovingSurf  Gauss = 9.07339e-15, cell= 694:7:6:6:0
 Start: Remove Small Cells
 End:   Remove Small Cells; Timer: cpu0=0.062 wall=0.023 
 Start: Initialize data arrays on chips
 End:   Initialize data arrays on chips, res= 0; Timer: cpu0=0.000 wall=0.003 
  ***** Maximum Geometrical Gauss = 1.69281e-14, cell= 389:5:7:3:0
  ***** Maximum MovingSurf  Gauss = 9.07339e-15, cell= 694:7:6:6:0
 Start: Initialize data arrays on chips
 End:   Initialize data arrays on chips, res= 0; Timer: cpu0=0.000 wall=0.003 
 Start: Modify Chip Data
 End:   Modify Chip Data; Timer: cpu0=0.312 wall=0.042 
 Start: TimeServis
 End:   TimeServis; Timer: cpu0=0.562 wall=0.054 
 Start: FindEnclaves
 End:   FindEnclaves; Timer: cpu0=0.109 wall=0.109 
 Start: VarValueService
 End:   VarValueService; Timer: cpu0=0.000 wall=0.002 
 Start: SolvePhaseEquation 
 End:   SolvePhaseEquation ; Timer: cpu0=13.219 wall=1.667 
 Start: SolidFiltersProcess: calculate forces and moments
 End:   SolidFiltersProcess: calculate forces and moments; Timer: cpu0=0.000 wall=0.002 
 Start: PrepareDataForNextStep
 End:   PrepareDataForNextStep; Timer: cpu0=0.219 wall=0.039 
 Start: VarValueService
 End:   VarValueService; Timer: cpu0=0.000 wall=0.001 
 Start: UpdateStopperData
 End:   UpdateStopperData; Timer: cpu0=0.000 wall=0.001 
 Start: Saving text status in E:\UniFlight\flow\full_rocket0_fv\data\full_rocket0.status
 End:   Saving text status in E:\UniFlight\flow\full_rocket0_fv\data\full_rocket0.status; Timer: cpu0=0.000 wall=0.002 
 End:   ===== Time Step =====, Iter number =  80; Timer: cpu0=22.141 wall=3.127 

20.06.26 15:56:18  ===== Processing Layers =====
20.06.26 15:56:18    *SEND* for CScalarLayer, GUID=7641E21B-8224-4159-9F24-74BCFE28891B
 Start: ComputeVolumeCharacteristics
 End:   ComputeVolumeCharacteristics; Timer: cpu0=0.000 wall=0.004 
 Start: GetValueOnFacets
 End:   GetValueOnFacets; Timer: cpu0=0.172 wall=0.011 
20.06.26 15:56:18    *SEND* for CIntegralCharsLayer, GUID=4E090A0C-544B-E4A2-4242-BEC451D7CD2B
20.06.26 15:56:18    *SEND* for CIntegralCharsLayer, GUID=F89DB856-096A-C78A-52DA-9AF764E60355
20.06.26 15:56:18    *SEND* for CIntegralCharsLayer, GUID=1F3B9B3A-6498-80C8-3F3C-86FD4C134ECD
 End:   ===== Processing Layers =====; Timer: cpu0=0.328 wall=0.032 

20.06.26 15:56:18  ===== New Time Step =====, Iter number =  81
 Start: TimeServis
 End:   TimeServis; Timer: cpu0=0.500 wall=0.036 
 Start: User modules' functions BeforeTimeStep() are calling
 End:   User modules' functions BeforeTimeStep() are calling; Timer: cpu0=0.000 wall=0.002 
 Start: Adaptation, TotalRealCellsCount= 108804 
 End:   Adaptation; Timer: cpu0=6.047 wall=0.804 
 Start: DistributeGridOnProcessors
 End:   DistributeGridOnProcessors, res= 0; Timer: cpu0=0.531 wall=0.207 
 Start: SetNeiHyperCells
 End:   SetNeiHyperCells, res= 0; Timer: cpu0=0.172 wall=0.007 
 Start: BuildFacetDistribution
 End:   BuildFacetDistribution; Timer: cpu0=0.000 wall=0.002 
 Start: Initialize data arrays on chips
 End:   Initialize data arrays on chips, res= 0; Timer: cpu0=0.000 wall=0.002 
  ***** Maximum Geometrical Gauss = 1.69281e-14, cell= 389:5:7:3:0
  ***** Maximum MovingSurf  Gauss = 9.07339e-15, cell= 694:7:6:0
 Start: Remove Small Cells
 End:   Remove Small Cells; Timer: cpu0=0.016 wall=0.020 
 Start: Initialize data arrays on chips
 End:   Initialize data arrays on chips, res= 0; Timer: cpu0=0.000 wall=0.002 
  ***** Maximum Geometrical Gauss = 1.69281e-14, cell= 389:5:7:3:0
  ***** Maximum MovingSurf  Gauss = 9.07339e-15, cell= 694:7:6:0
 Start: Initialize data arrays on chips
 End:   Initialize data arrays on chips, res= 0; Timer: cpu0=0.000 wall=0.001 
 Start: Modify Chip Data
 End:   Modify Chip Data; Timer: cpu0=0.344 wall=0.033 
 Start: TimeServis
 End:   TimeServis; Timer: cpu0=0.359 wall=0.042 
 Start: FindEnclaves
 End:   FindEnclaves; Timer: cpu0=0.094 wall=0.093 
 Start: VarValueService
 End:   VarValueService; Timer: cpu0=0.000 wall=0.001 
 Start: SolvePhaseEquation 
 End:   SolvePhaseEquation ; Timer: cpu0=10.875 wall=1.440 
 Start: SolidFiltersProcess: calculate forces and moments
 End:   SolidFiltersProcess: calculate forces and moments; Timer: cpu0=0.000 wall=0.002 
 Start: PrepareDataForNextStep
 End:   PrepareDataForNextStep; Timer: cpu0=0.484 wall=0.049 
 Start: VarValueService
 End:   VarValueService; Timer: cpu0=0.000 wall=0.002 
 Start: UpdateStopperData
 End:   UpdateStopperData; Timer: cpu0=0.000 wall=0.001 
 Start: Saving text status in E:\UniFlight\flow\full_rocket0_fv\data\full_rocket0.status
 End:   Saving text status in E:\UniFlight\flow\full_rocket0_fv\data\full_rocket0.status; Timer: cpu0=0.000 wall=0.003 
 End:   ===== Time Step =====, Iter number =  81; Timer: cpu0=19.766 wall=2.836 

20.06.26 15:56:21  ===== Processing Layers =====
20.06.26 15:56:21    *SEND* for CScalarLayer, GUID=7641E21B-8224-4159-9F24-74BCFE28891B
 Start: ComputeVolumeCharacteristics
 End:   ComputeVolumeCharacteristics; Timer: cpu0=0.000 wall=0.004 
 Start: GetValueOnFacets
 End:   GetValueOnFacets; Timer: cpu0=0.016 wall=0.010 
20.06.26 15:56:21    *SEND* for CIntegralCharsLayer, GUID=4E090A0C-544B-E4A2-4242-BEC451D7CD2B
20.06.26 15:56:21    *SEND* for CIntegralCharsLayer, GUID=F89DB856-096A-C78A-52DA-9AF764E60355
20.06.26 15:56:21    *SEND* for CIntegralCharsLayer, GUID=1F3B9B3A-6498-80C8-3F3C-86FD4C134ECD
 End:   ===== Processing Layers =====; Timer: cpu0=0.031 wall=0.029 

20.06.26 15:56:21  ===== New Time Step =====, Iter number =  82
 Start: TimeServis
 End:   TimeServis; Timer: cpu0=0.344 wall=0.034 
 Start: User modules' functions BeforeTimeStep() are calling
 End:   User modules' functions BeforeTimeStep() are calling; Timer: cpu0=0.000 wall=0.002 
 Start: Adaptation, TotalRealCellsCount= 95448 
 End:   Adaptation; Timer: cpu0=0.172 wall=0.004 
 Start: Initialize data arrays on chips
 End:   Initialize data arrays on chips, res= 0; Timer: cpu0=0.000 wall=0.002 
  ***** Maximum Geometrical Gauss = 1.69281e-14, cell= 389:5:7:3:0
  ***** Maximum MovingSurf  Gauss = 0, cell= 
 Start: Initialize data arrays on chips
 End:   Initialize data arrays on chips, res= 0; Timer: cpu0=0.000 wall=0.003 
 Start: TimeServis
 End:   TimeServis; Timer: cpu0=0.234 wall=0.034 
 Start: FindEnclaves
 End:   FindEnclaves; Timer: cpu0=0.250 wall=0.085 
 Start: VarValueService
 End:   VarValueService; Timer: cpu0=0.000 wall=0.002 
 Start: SolvePhaseEquation 
 End:   SolvePhaseEquation ; Timer: cpu0=11.359 wall=1.447 
 Start: SolidFiltersProcess: calculate forces and moments
 End:   SolidFiltersProcess: calculate forces and moments; Timer: cpu0=0.000 wall=0.001 
 Start: PrepareDataForNextStep
 End:   PrepareDataForNextStep; Timer: cpu0=0.312 wall=0.050 
 Start: VarValueService
 End:   VarValueService; Timer: cpu0=0.000 wall=0.002 
 Start: UpdateStopperData
 End:   UpdateStopperData; Timer: cpu0=0.000 wall=0.002 
 Start: Saving text status in E:\UniFlight\flow\full_rocket0_fv\data\full_rocket0.status
 End:   Saving text status in E:\UniFlight\flow\full_rocket0_fv\data\full_rocket0.status; Timer: cpu0=0.000 wall=0.002 
 End:   ===== Time Step =====, Iter number =  82; Timer: cpu0=12.844 wall=1.730 

20.06.26 15:56:23  ===== Processing Layers =====
20.06.26 15:56:23    *SEND* for CScalarLayer, GUID=7641E21B-8224-4159-9F24-74BCFE28891B
 Start: ComputeVolumeCharacteristics
 End:   ComputeVolumeCharacteristics; Timer: cpu0=0.172 wall=0.003 
 Start: GetValueOnFacets
 End:   GetValueOnFacets; Timer: cpu0=0.000 wall=0.012 
20.06.26 15:56:23    *SEND* for CIntegralCharsLayer, GUID=4E090A0C-544B-E4A2-4242-BEC451D7CD2B
20.06.26 15:56:23    *SEND* for CIntegralCharsLayer, GUID=F89DB856-096A-C78A-52DA-9AF764E60355
20.06.26 15:56:23    *SEND* for CIntegralCharsLayer, GUID=1F3B9B3A-6498-80C8-3F3C-86FD4C134ECD
 End:   ===== Processing Layers =====; Timer: cpu0=0.172 wall=0.033 

20.06.26 15:56:23  ===== New Time Step =====, Iter number =  83
 Start: TimeServis
 End:   TimeServis; Timer: cpu0=0.234 wall=0.031 
 Start: User modules' functions BeforeTimeStep() are calling
 End:   User modules' functions BeforeTimeStep() are calling; Timer: cpu0=0.000 wall=0.002 
 Start: Adaptation, TotalRealCellsCount= 95448 
 End:   Adaptation; Timer: cpu0=0.156 wall=0.005 
 Start: Initialize data arrays on chips
 End:   Initialize data arrays on chips, res= 0; Timer: cpu0=0.000 wall=0.002 
  ***** Maximum Geometrical Gauss = 1.69281e-14, cell= 389:5:7:3:0
  ***** Maximum MovingSurf  Gauss = 0, cell= 
 Start: Initialize data arrays on chips
 End:   Initialize data arrays on chips, res= 0; Timer: cpu0=0.000 wall=0.002 
 Start: TimeServis
 End:   TimeServis; Timer: cpu0=0.344 wall=0.034 
 Start: FindEnclaves
 End:   FindEnclaves; Timer: cpu0=0.250 wall=0.083 
 Start: VarValueService
 End:   VarValueService; Timer: cpu0=0.000 wall=0.001 
 Start: SolvePhaseEquation 
 End:   SolvePhaseEquation ; Timer: cpu0=11.125 wall=1.398 
 Start: SolidFiltersProcess: calculate forces and moments
 End:   SolidFiltersProcess: calculate forces and moments; Timer: cpu0=0.000 wall=0.001 
 Start: PrepareDataForNextStep
 End:   PrepareDataForNextStep; Timer: cpu0=0.500 wall=0.050 
 Start: VarValueService
 End:   VarValueService; Timer: cpu0=0.000 wall=0.002 
 Start: UpdateStopperData
 End:   UpdateStopperData; Timer: cpu0=0.016 wall=0.002 
 Start: Saving text status in E:\UniFlight\flow\full_rocket0_fv\data\full_rocket0.status
 End:   Saving text status in E:\UniFlight\flow\full_rocket0_fv\data\full_rocket0.status; Timer: cpu0=0.000 wall=0.003 
 End:   ===== Time Step =====, Iter number =  83; Timer: cpu0=12.766 wall=1.673 

20.06.26 15:56:25  ===== Processing Layers =====
20.06.26 15:56:25    *SEND* for CScalarLayer, GUID=7641E21B-8224-4159-9F24-74BCFE28891B
 Start: ComputeVolumeCharacteristics
 End:   ComputeVolumeCharacteristics; Timer: cpu0=0.172 wall=0.003 
 Start: GetValueOnFacets
 End:   GetValueOnFacets; Timer: cpu0=0.000 wall=0.010 
20.06.26 15:56:25    *SEND* for CIntegralCharsLayer, GUID=4E090A0C-544B-E4A2-4242-BEC451D7CD2B
20.06.26 15:56:25    *SEND* for CIntegralCharsLayer, GUID=F89DB856-096A-C78A-52DA-9AF764E60355
20.06.26 15:56:25    *SEND* for CIntegralCharsLayer, GUID=1F3B9B3A-6498-80C8-3F3C-86FD4C134ECD
 End:   ===== Processing Layers =====; Timer: cpu0=0.172 wall=0.029 

20.06.26 15:56:25  ===== New Time Step =====, Iter number =  84
 Start: TimeServis
 End:   TimeServis; Timer: cpu0=0.203 wall=0.033 
 Start: User modules' functions BeforeTimeStep() are calling
 End:   User modules' functions BeforeTimeStep() are calling; Timer: cpu0=0.000 wall=0.003 
 Start: Adaptation, TotalRealCellsCount= 95448 
 End:   Adaptation; Timer: cpu0=0.000 wall=0.004 
 Start: Initialize data arrays on chips
 End:   Initialize data arrays on chips, res= 0; Timer: cpu0=0.000 wall=0.001 
  ***** Maximum Geometrical Gauss = 1.69281e-14, cell= 389:5:7:3:0
  ***** Maximum MovingSurf  Gauss = 0, cell= 
 Start: Initialize data arrays on chips
 End:   Initialize data arrays on chips, res= 0; Timer: cpu0=0.000 wall=0.003 
 Start: TimeServis
 End:   TimeServis; Timer: cpu0=0.328 wall=0.033 
 Start: FindEnclaves
 End:   FindEnclaves; Timer: cpu0=0.078 wall=0.089 
 Start: VarValueService
 End:   VarValueService; Timer: cpu0=0.000 wall=0.003 
 Start: SolvePhaseEquation 
 End:   SolvePhaseEquation ; Timer: cpu0=11.891 wall=1.426 
 Start: SolidFiltersProcess: calculate forces and moments
 End:   SolidFiltersProcess: calculate forces and moments; Timer: cpu0=0.000 wall=0.002 
 Start: PrepareDataForNextStep
 End:   PrepareDataForNextStep; Timer: cpu0=0.344 wall=0.044 
 Start: VarValueService
 End:   VarValueService; Timer: cpu0=0.000 wall=0.001 
 Start: UpdateStopperData
 End:   UpdateStopperData; Timer: cpu0=0.000 wall=0.000 
 Start: Saving text status in E:\UniFlight\flow\full_rocket0_fv\data\full_rocket0.status
 End:   Saving text status in E:\UniFlight\flow\full_rocket0_fv\data\full_rocket0.status; Timer: cpu0=0.000 wall=0.003 
 End:   ===== Time Step =====, Iter number =  84; Timer: cpu0=13.188 wall=1.701 

20.06.26 15:56:27  ===== Processing Layers =====
20.06.26 15:56:27    *SEND* for CScalarLayer, GUID=7641E21B-8224-4159-9F24-74BCFE28891B
 Start: ComputeVolumeCharacteristics
 End:   ComputeVolumeCharacteristics; Timer: cpu0=0.000 wall=0.004 
 Start: GetValueOnFacets
 End:   GetValueOnFacets; Timer: cpu0=0.031 wall=0.009 
20.06.26 15:56:27    *SEND* for CIntegralCharsLayer, GUID=4E090A0C-544B-E4A2-4242-BEC451D7CD2B
20.06.26 15:56:27    *SEND* for CIntegralCharsLayer, GUID=F89DB856-096A-C78A-52DA-9AF764E60355
20.06.26 15:56:27    *SEND* for CIntegralCharsLayer, GUID=1F3B9B3A-6498-80C8-3F3C-86FD4C134ECD
 End:   ===== Processing Layers =====; Timer: cpu0=0.031 wall=0.031 

20.06.26 15:56:27  ===== New Time Step =====, Iter number =  85
 Start: TimeServis
 End:   TimeServis; Timer: cpu0=0.328 wall=0.036 
 Start: User modules' functions BeforeTimeStep() are calling
 End:   User modules' functions BeforeTimeStep() are calling; Timer: cpu0=0.000 wall=0.002 
 Start: Adaptation, TotalRealCellsCount= 95448 
 End:   Adaptation; Timer: cpu0=0.109 wall=0.005 
 Start: Initialize data arrays on chips
 End:   Initialize data arrays on chips, res= 0; Timer: cpu0=0.000 wall=0.002 
  ***** Maximum Geometrical Gauss = 1.69281e-14, cell= 389:5:7:3:0
  ***** Maximum MovingSurf  Gauss = 0, cell= 
 Start: Initialize data arrays on chips
 End:   Initialize data arrays on chips, res= 0; Timer: cpu0=0.000 wall=0.002 
 Start: TimeServis
 End:   TimeServis; Timer: cpu0=0.344 wall=0.035 
 Start: FindEnclaves
 End:   FindEnclaves; Timer: cpu0=0.078 wall=0.083 
 Start: VarValueService
 End:   VarValueService; Timer: cpu0=0.000 wall=0.002 
 Start: SolvePhaseEquation 
 End:   SolvePhaseEquation ; Timer: cpu0=11.359 wall=1.417 
 Start: SolidFiltersProcess: calculate forces and moments
 End:   SolidFiltersProcess: calculate forces and moments; Timer: cpu0=0.000 wall=0.002 
 Start: PrepareDataForNextStep
 End:   PrepareDataForNextStep; Timer: cpu0=0.375 wall=0.048 
 Start: VarValueService
 End:   VarValueService; Timer: cpu0=0.000 wall=0.003 
 Start: UpdateStopperData
 End:   UpdateStopperData; Timer: cpu0=0.000 wall=0.001 
 Start: Saving text status in E:\UniFlight\flow\full_rocket0_fv\data\full_rocket0.status
 End:   Saving text status in E:\UniFlight\flow\full_rocket0_fv\data\full_rocket0.status; Timer: cpu0=0.000 wall=0.002 
 End:   ===== Time Step =====, Iter number =  85; Timer: cpu0=12.781 wall=1.701 

20.06.26 15:56:29  ===== Processing Layers =====
20.06.26 15:56:29    *SEND* for CScalarLayer, GUID=7641E21B-8224-4159-9F24-74BCFE28891B
 Start: ComputeVolumeCharacteristics
 End:   ComputeVolumeCharacteristics; Timer: cpu0=0.000 wall=0.004 
 Start: GetValueOnFacets
 End:   GetValueOnFacets; Timer: cpu0=0.172 wall=0.009 
20.06.26 15:56:29    *SEND* for CIntegralCharsLayer, GUID=4E090A0C-544B-E4A2-4242-BEC451D7CD2B
20.06.26 15:56:29    *SEND* for CIntegralCharsLayer, GUID=F89DB856-096A-C78A-52DA-9AF764E60355
20.06.26 15:56:29    *SEND* for CIntegralCharsLayer, GUID=1F3B9B3A-6498-80C8-3F3C-86FD4C134ECD
 End:   ===== Processing Layers =====; Timer: cpu0=0.172 wall=0.027 

20.06.26 15:56:29  ===== New Time Step =====, Iter number =  86
 Start: TimeServis
 End:   TimeServis; Timer: cpu0=0.469 wall=0.035 
 Start: User modules' functions BeforeTimeStep() are calling
 End:   User modules' functions BeforeTimeStep() are calling; Timer: cpu0=0.000 wall=0.001 
 Start: Adaptation, TotalRealCellsCount= 95448 
 End:   Adaptation; Timer: cpu0=0.156 wall=0.006 
 Start: Initialize data arrays on chips
 End:   Initialize data arrays on chips, res= 0; Timer: cpu0=0.000 wall=0.002 
  ***** Maximum Geometrical Gauss = 1.69281e-14, cell= 389:5:7:3:0
  ***** Maximum MovingSurf  Gauss = 0, cell= 
 Start: Initialize data arrays on chips
 End:   Initialize data arrays on chips, res= 0; Timer: cpu0=0.000 wall=0.002 
 Start: TimeServis
 End:   TimeServis; Timer: cpu0=0.312 wall=0.037 
 Start: FindEnclaves
 End:   FindEnclaves; Timer: cpu0=0.062 wall=0.073 
 Start: VarValueService
 End:   VarValueService; Timer: cpu0=0.000 wall=0.004 
 Start: SolvePhaseEquation 
 End:   SolvePhaseEquation ; Timer: cpu0=10.953 wall=1.363 
 Start: SolidFiltersProcess: calculate forces and moments
 End:   SolidFiltersProcess: calculate forces and moments; Timer: cpu0=0.000 wall=0.002 
 Start: PrepareDataForNextStep
 End:   PrepareDataForNextStep; Timer: cpu0=0.281 wall=0.046 
 Start: VarValueService
 End:   VarValueService; Timer: cpu0=0.000 wall=0.002 
 Start: UpdateStopperData
 End:   UpdateStopperData; Timer: cpu0=0.000 wall=0.001 
 Start: Saving text status in E:\UniFlight\flow\full_rocket0_fv\data\full_rocket0.status
 End:   Saving text status in E:\UniFlight\flow\full_rocket0_fv\data\full_rocket0.status; Timer: cpu0=0.000 wall=0.002 
 End:   ===== Time Step =====, Iter number =  86; Timer: cpu0=12.391 wall=1.640 

20.06.26 15:56:31  ===== Processing Layers =====
20.06.26 15:56:31    *SEND* for CScalarLayer, GUID=7641E21B-8224-4159-9F24-74BCFE28891B
 Start: ComputeVolumeCharacteristics
 End:   ComputeVolumeCharacteristics; Timer: cpu0=0.000 wall=0.003 
 Start: GetValueOnFacets
 End:   GetValueOnFacets; Timer: cpu0=0.016 wall=0.011 
20.06.26 15:56:31    *SEND* for CIntegralCharsLayer, GUID=4E090A0C-544B-E4A2-4242-BEC451D7CD2B
20.06.26 15:56:31    *SEND* for CIntegralCharsLayer, GUID=F89DB856-096A-C78A-52DA-9AF764E60355
20.06.26 15:56:31    *SEND* for CIntegralCharsLayer, GUID=1F3B9B3A-6498-80C8-3F3C-86FD4C134ECD
 End:   ===== Processing Layers =====; Timer: cpu0=0.016 wall=0.031 

20.06.26 15:56:31  ===== New Time Step =====, Iter number =  87
 Start: TimeServis
 End:   TimeServis; Timer: cpu0=0.344 wall=0.034 
 Start: User modules' functions BeforeTimeStep() are calling
 End:   User modules' functions BeforeTimeStep() are calling; Timer: cpu0=0.000 wall=0.002 
 Start: Adaptation, TotalRealCellsCount= 95448 
 End:   Adaptation; Timer: cpu0=0.172 wall=0.003 
 Start: Initialize data arrays on chips
 End:   Initialize data arrays on chips, res= 0; Timer: cpu0=0.000 wall=0.003 
  ***** Maximum Geometrical Gauss = 1.69281e-14, cell= 389:5:7:3:0
  ***** Maximum MovingSurf  Gauss = 0, cell= 
 Start: Initialize data arrays on chips
 End:   Initialize data arrays on chips, res= 0; Timer: cpu0=0.000 wall=0.002 
 Start: TimeServis
 End:   TimeServis; Timer: cpu0=0.344 wall=0.033 
 Start: FindEnclaves
 End:   FindEnclaves; Timer: cpu0=0.078 wall=0.079 
 Start: VarValueService
 End:   VarValueService; Timer: cpu0=0.000 wall=0.001 
 Start: SolvePhaseEquation 
 End:   SolvePhaseEquation ; Timer: cpu0=11.844 wall=1.401 
 Start: SolidFiltersProcess: calculate forces and moments
 End:   SolidFiltersProcess: calculate forces and moments; Timer: cpu0=0.000 wall=0.001 
 Start: PrepareDataForNextStep
 End:   PrepareDataForNextStep; Timer: cpu0=0.188 wall=0.045 
 Start: VarValueService
 End:   VarValueService; Timer: cpu0=0.000 wall=0.001 
 Start: UpdateStopperData
 End:   UpdateStopperData; Timer: cpu0=0.000 wall=0.001 
 Start: Saving text status in E:\UniFlight\flow\full_rocket0_fv\data\full_rocket0.status
 End:   Saving text status in E:\UniFlight\flow\full_rocket0_fv\data\full_rocket0.status; Timer: cpu0=0.000 wall=0.003 
 End:   ===== Time Step =====, Iter number =  87; Timer: cpu0=13.141 wall=1.663 

20.06.26 15:56:33  ===== Processing Layers =====
20.06.26 15:56:33    *SEND* for CScalarLayer, GUID=7641E21B-8224-4159-9F24-74BCFE28891B
 Start: ComputeVolumeCharacteristics
 End:   ComputeVolumeCharacteristics; Timer: cpu0=0.000 wall=0.005 
 Start: GetValueOnFacets
 End:   GetValueOnFacets; Timer: cpu0=0.156 wall=0.010 
20.06.26 15:56:33    *SEND* for CIntegralCharsLayer, GUID=4E090A0C-544B-E4A2-4242-BEC451D7CD2B
20.06.26 15:56:33    *SEND* for CIntegralCharsLayer, GUID=F89DB856-096A-C78A-52DA-9AF764E60355
20.06.26 15:56:33    *SEND* for CIntegralCharsLayer, GUID=1F3B9B3A-6498-80C8-3F3C-86FD4C134ECD
 End:   ===== Processing Layers =====; Timer: cpu0=0.156 wall=0.028 

20.06.26 15:56:33  ===== New Time Step =====, Iter number =  88
 Start: TimeServis
 End:   TimeServis; Timer: cpu0=0.406 wall=0.034 
 Start: User modules' functions BeforeTimeStep() are calling
 End:   User modules' functions BeforeTimeStep() are calling; Timer: cpu0=0.000 wall=0.002 
 Start: Adaptation, TotalRealCellsCount= 95448 
 End:   Adaptation; Timer: cpu0=0.000 wall=0.005 
 Start: Initialize data arrays on chips
 End:   Initialize data arrays on chips, res= 0; Timer: cpu0=0.000 wall=0.002 
  ***** Maximum Geometrical Gauss = 1.69281e-14, cell= 389:5:7:3:0
  ***** Maximum MovingSurf  Gauss = 0, cell= 
 Start: Initialize data arrays on chips
 End:   Initialize data arrays on chips, res= 0; Timer: cpu0=0.000 wall=0.001 
 Start: TimeServis
 End:   TimeServis; Timer: cpu0=0.328 wall=0.038 
 Start: FindEnclaves
 End:   FindEnclaves; Timer: cpu0=0.094 wall=0.094 
 Start: VarValueService
 End:   VarValueService; Timer: cpu0=0.000 wall=0.001 
 Start: SolvePhaseEquation 
 End:   SolvePhaseEquation ; Timer: cpu0=11.938 wall=1.418 
 Start: SolidFiltersProcess: calculate forces and moments
 End:   SolidFiltersProcess: calculate forces and moments; Timer: cpu0=0.000 wall=0.002 
 Start: PrepareDataForNextStep
 End:   PrepareDataForNextStep; Timer: cpu0=0.344 wall=0.045 
 Start: VarValueService
 End:   VarValueService; Timer: cpu0=0.000 wall=0.001 
 Start: UpdateStopperData
 End:   UpdateStopperData; Timer: cpu0=0.000 wall=0.001 
 Start: Saving text status in E:\UniFlight\flow\full_rocket0_fv\data\full_rocket0.status
 End:   Saving text status in E:\UniFlight\flow\full_rocket0_fv\data\full_rocket0.status; Timer: cpu0=0.000 wall=0.003 
 End:   ===== Time Step =====, Iter number =  88; Timer: cpu0=13.453 wall=1.710 

20.06.26 15:56:35  ===== Processing Layers =====
20.06.26 15:56:35    *SEND* for CScalarLayer, GUID=7641E21B-8224-4159-9F24-74BCFE28891B
 Start: ComputeVolumeCharacteristics
 End:   ComputeVolumeCharacteristics; Timer: cpu0=0.000 wall=0.004 
 Start: GetValueOnFacets
 End:   GetValueOnFacets; Timer: cpu0=0.000 wall=0.012 
20.06.26 15:56:35    *SEND* for CIntegralCharsLayer, GUID=4E090A0C-544B-E4A2-4242-BEC451D7CD2B
20.06.26 15:56:35    *SEND* for CIntegralCharsLayer, GUID=F89DB856-096A-C78A-52DA-9AF764E60355
20.06.26 15:56:35    *SEND* for CIntegralCharsLayer, GUID=1F3B9B3A-6498-80C8-3F3C-86FD4C134ECD
 End:   ===== Processing Layers =====; Timer: cpu0=0.000 wall=0.031 

20.06.26 15:56:35  ===== New Time Step =====, Iter number =  89
 Start: TimeServis
 End:   TimeServis; Timer: cpu0=0.266 wall=0.031 
 Start: User modules' functions BeforeTimeStep() are calling
 End:   User modules' functions BeforeTimeStep() are calling; Timer: cpu0=0.000 wall=0.001 
 Start: Adaptation, TotalRealCellsCount= 95448 
 End:   Adaptation; Timer: cpu0=0.031 wall=0.004 
 Start: Initialize data arrays on chips
 End:   Initialize data arrays on chips, res= 0; Timer: cpu0=0.000 wall=0.002 
  ***** Maximum Geometrical Gauss = 1.69281e-14, cell= 389:5:7:3:0
  ***** Maximum MovingSurf  Gauss = 0, cell= 
 Start: Initialize data arrays on chips
 End:   Initialize data arrays on chips, res= 0; Timer: cpu0=0.000 wall=0.001 
 Start: TimeServis
 End:   TimeServis; Timer: cpu0=0.344 wall=0.035 
 Start: FindEnclaves
 End:   FindEnclaves; Timer: cpu0=0.234 wall=0.075 
 Start: VarValueService
 End:   VarValueService; Timer: cpu0=0.000 wall=0.001 
 Start: SolvePhaseEquation 
 End:   SolvePhaseEquation ; Timer: cpu0=11.156 wall=1.406 
 Start: SolidFiltersProcess: calculate forces and moments
 End:   SolidFiltersProcess: calculate forces and moments; Timer: cpu0=0.000 wall=0.002 
 Start: PrepareDataForNextStep
 End:   PrepareDataForNextStep; Timer: cpu0=0.422 wall=0.047 
 Start: VarValueService
 End:   VarValueService; Timer: cpu0=0.000 wall=0.002 
 Start: UpdateStopperData
 End:   UpdateStopperData; Timer: cpu0=0.000 wall=0.001 
 Start: Saving text status in E:\UniFlight\flow\full_rocket0_fv\data\full_rocket0.status
 End:   Saving text status in E:\UniFlight\flow\full_rocket0_fv\data\full_rocket0.status; Timer: cpu0=0.000 wall=0.003 
 End:   ===== Time Step =====, Iter number =  89; Timer: cpu0=12.625 wall=1.670 

20.06.26 15:56:37  ===== Processing Layers =====
20.06.26 15:56:37    *SEND* for CScalarLayer, GUID=7641E21B-8224-4159-9F24-74BCFE28891B
 Start: ComputeVolumeCharacteristics
 End:   ComputeVolumeCharacteristics; Timer: cpu0=0.000 wall=0.004 
 Start: GetValueOnFacets
 End:   GetValueOnFacets; Timer: cpu0=0.031 wall=0.010 
20.06.26 15:56:37    *SEND* for CIntegralCharsLayer, GUID=4E090A0C-544B-E4A2-4242-BEC451D7CD2B
20.06.26 15:56:37    *SEND* for CIntegralCharsLayer, GUID=F89DB856-096A-C78A-52DA-9AF764E60355
20.06.26 15:56:37    *SEND* for CIntegralCharsLayer, GUID=1F3B9B3A-6498-80C8-3F3C-86FD4C134ECD
 End:   ===== Processing Layers =====; Timer: cpu0=0.203 wall=0.031 

20.06.26 15:56:37  ===== New Time Step =====, Iter number =  90
 Start: TimeServis
 End:   TimeServis; Timer: cpu0=0.406 wall=0.033 
 Start: User modules' functions BeforeTimeStep() are calling
 End:   User modules' functions BeforeTimeStep() are calling; Timer: cpu0=0.000 wall=0.003 
 Start: Adaptation, TotalRealCellsCount= 95448 
 End:   Adaptation; Timer: cpu0=5.375 wall=0.809 
 Start: DistributeGridOnProcessors
 End:   DistributeGridOnProcessors, res= 0; Timer: cpu0=0.703 wall=0.207 
 Start: SetNeiHyperCells
 End:   SetNeiHyperCells, res= 0; Timer: cpu0=0.172 wall=0.007 
 Start: BuildFacetDistribution
 End:   BuildFacetDistribution; Timer: cpu0=0.000 wall=0.001 
 Start: Initialize data arrays on chips
 End:   Initialize data arrays on chips, res= 0; Timer: cpu0=0.000 wall=0.002 
  ***** Maximum Geometrical Gauss = 1.64819e-14, cell= 379:7:3:3:0
  ***** Maximum MovingSurf  Gauss = 1.04967e-14, cell= 54:0:0:0
 Start: Remove Small Cells
 End:   Remove Small Cells; Timer: cpu0=0.328 wall=0.022 
 Start: Initialize data arrays on chips
 End:   Initialize data arrays on chips, res= 0; Timer: cpu0=0.000 wall=0.003 
  ***** Maximum Geometrical Gauss = 1.64819e-14, cell= 379:7:3:3:0
  ***** Maximum MovingSurf  Gauss = 1.04967e-14, cell= 54:0:0:0
 Start: Initialize data arrays on chips
 End:   Initialize data arrays on chips, res= 0; Timer: cpu0=0.000 wall=0.002 
 Start: Modify Chip Data
 End:   Modify Chip Data; Timer: cpu0=0.344 wall=0.042 
 Start: TimeServis
 End:   TimeServis; Timer: cpu0=0.500 wall=0.053 
 Start: FindEnclaves
 End:   FindEnclaves; Timer: cpu0=0.109 wall=0.115 
 Start: VarValueService
 End:   VarValueService; Timer: cpu0=0.000 wall=0.002 
 Start: SolvePhaseEquation 
 End:   SolvePhaseEquation ; Timer: cpu0=14.172 wall=1.660 
 Start: SolidFiltersProcess: calculate forces and moments
 End:   SolidFiltersProcess: calculate forces and moments; Timer: cpu0=0.000 wall=0.002 
 Start: PrepareDataForNextStep
 End:   PrepareDataForNextStep; Timer: cpu0=0.406 wall=0.043 
 Start: VarValueService
 End:   VarValueService; Timer: cpu0=0.000 wall=0.001 
 Start: UpdateStopperData
 End:   UpdateStopperData; Timer: cpu0=0.000 wall=0.001 
 Start: Saving text status in E:\UniFlight\flow\full_rocket0_fv\data\full_rocket0.status
 End:   Saving text status in E:\UniFlight\flow\full_rocket0_fv\data\full_rocket0.status; Timer: cpu0=0.000 wall=0.002 
 End:   ===== Time Step =====, Iter number =  90; Timer: cpu0=22.688 wall=3.099 

20.06.26 15:56:40  ===== Processing Layers =====
20.06.26 15:56:40    *SEND* for CScalarLayer, GUID=7641E21B-8224-4159-9F24-74BCFE28891B
 Start: ComputeVolumeCharacteristics
 End:   ComputeVolumeCharacteristics; Timer: cpu0=0.000 wall=0.004 
 Start: GetValueOnFacets
 End:   GetValueOnFacets; Timer: cpu0=0.016 wall=0.010 
20.06.26 15:56:40    *SEND* for CIntegralCharsLayer, GUID=4E090A0C-544B-E4A2-4242-BEC451D7CD2B
20.06.26 15:56:40    *SEND* for CIntegralCharsLayer, GUID=F89DB856-096A-C78A-52DA-9AF764E60355
20.06.26 15:56:40    *SEND* for CIntegralCharsLayer, GUID=1F3B9B3A-6498-80C8-3F3C-86FD4C134ECD
 End:   ===== Processing Layers =====; Timer: cpu0=0.016 wall=0.033 

20.06.26 15:56:40  ===== New Time Step =====, Iter number =  91
 Start: TimeServis
 End:   TimeServis; Timer: cpu0=0.297 wall=0.040 
 Start: User modules' functions BeforeTimeStep() are calling
 End:   User modules' functions BeforeTimeStep() are calling; Timer: cpu0=0.000 wall=0.002 
 Start: Adaptation, TotalRealCellsCount= 108762 
 End:   Adaptation; Timer: cpu0=5.672 wall=0.777 
 Start: DistributeGridOnProcessors
 End:   DistributeGridOnProcessors, res= 0; Timer: cpu0=0.812 wall=0.230 
 Start: SetNeiHyperCells
 End:   SetNeiHyperCells, res= 0; Timer: cpu0=0.109 wall=0.007 
 Start: BuildFacetDistribution
 End:   BuildFacetDistribution; Timer: cpu0=0.000 wall=0.002 
 Start: Initialize data arrays on chips
 End:   Initialize data arrays on chips, res= 0; Timer: cpu0=0.000 wall=0.002 
  ***** Maximum Geometrical Gauss = 1.45735e-14, cell= 399:7:6:2:0
  ***** Maximum MovingSurf  Gauss = 9.07339e-15, cell= 694:7:6:0
 Start: Remove Small Cells
 End:   Remove Small Cells; Timer: cpu0=0.281 wall=0.019 
 Start: Initialize data arrays on chips
 End:   Initialize data arrays on chips, res= 0; Timer: cpu0=0.000 wall=0.002 
  ***** Maximum Geometrical Gauss = 1.45735e-14, cell= 399:7:6:2:0
  ***** Maximum MovingSurf  Gauss = 9.07339e-15, cell= 694:7:6:0
 Start: Initialize data arrays on chips
 End:   Initialize data arrays on chips, res= 0; Timer: cpu0=0.000 wall=0.002 
 Start: Modify Chip Data
 End:   Modify Chip Data; Timer: cpu0=0.344 wall=0.035 
 Start: TimeServis
 End:   TimeServis; Timer: cpu0=0.266 wall=0.041 
 Start: FindEnclaves
 End:   FindEnclaves; Timer: cpu0=0.250 wall=0.090 
 Start: VarValueService
 End:   VarValueService; Timer: cpu0=0.000 wall=0.002 
 Start: SolvePhaseEquation 
 End:   SolvePhaseEquation ; Timer: cpu0=11.656 wall=1.405 
 Start: SolidFiltersProcess: calculate forces and moments
 End:   SolidFiltersProcess: calculate forces and moments; Timer: cpu0=0.000 wall=0.002 
 Start: PrepareDataForNextStep
 End:   PrepareDataForNextStep; Timer: cpu0=0.172 wall=0.038 
 Start: VarValueService
 End:   VarValueService; Timer: cpu0=0.000 wall=0.002 
 Start: UpdateStopperData
 End:   UpdateStopperData; Timer: cpu0=0.000 wall=0.001 
 Start: Saving text status in E:\UniFlight\flow\full_rocket0_fv\data\full_rocket0.status
 End:   Saving text status in E:\UniFlight\flow\full_rocket0_fv\data\full_rocket0.status; Timer: cpu0=0.000 wall=0.002 
 End:   ===== Time Step =====, Iter number =  91; Timer: cpu0=20.016 wall=2.789 

20.06.26 15:56:43  ===== Processing Layers =====
20.06.26 15:56:43    *SEND* for CScalarLayer, GUID=7641E21B-8224-4159-9F24-74BCFE28891B
 Start: ComputeVolumeCharacteristics
 End:   ComputeVolumeCharacteristics; Timer: cpu0=0.000 wall=0.003 
 Start: GetValueOnFacets
 End:   GetValueOnFacets; Timer: cpu0=0.016 wall=0.009 
20.06.26 15:56:43    *SEND* for CIntegralCharsLayer, GUID=4E090A0C-544B-E4A2-4242-BEC451D7CD2B
20.06.26 15:56:43    *SEND* for CIntegralCharsLayer, GUID=F89DB856-096A-C78A-52DA-9AF764E60355
20.06.26 15:56:43    *SEND* for CIntegralCharsLayer, GUID=1F3B9B3A-6498-80C8-3F3C-86FD4C134ECD
 End:   ===== Processing Layers =====; Timer: cpu0=0.031 wall=0.028 

20.06.26 15:56:44  ===== New Time Step =====, Iter number =  92
 Start: TimeServis
 End:   TimeServis; Timer: cpu0=0.344 wall=0.033 
 Start: User modules' functions BeforeTimeStep() are calling
 End:   User modules' functions BeforeTimeStep() are calling; Timer: cpu0=0.000 wall=0.001 
 Start: Adaptation, TotalRealCellsCount= 95616 
 End:   Adaptation; Timer: cpu0=0.172 wall=0.005 
 Start: Initialize data arrays on chips
 End:   Initialize data arrays on chips, res= 0; Timer: cpu0=0.000 wall=0.002 
  ***** Maximum Geometrical Gauss = 1.45735e-14, cell= 399:7:6:2:0
  ***** Maximum MovingSurf  Gauss = 0, cell= 
 Start: Initialize data arrays on chips
 End:   Initialize data arrays on chips, res= 0; Timer: cpu0=0.000 wall=0.002 
 Start: TimeServis
 End:   TimeServis; Timer: cpu0=0.281 wall=0.035 
 Start: FindEnclaves
 End:   FindEnclaves; Timer: cpu0=0.234 wall=0.078 
 Start: VarValueService
 End:   VarValueService; Timer: cpu0=0.000 wall=0.001 
 Start: SolvePhaseEquation 
 End:   SolvePhaseEquation ; Timer: cpu0=11.328 wall=1.402 
 Start: SolidFiltersProcess: calculate forces and moments
 End:   SolidFiltersProcess: calculate forces and moments; Timer: cpu0=0.000 wall=0.002 
 Start: PrepareDataForNextStep
 End:   PrepareDataForNextStep; Timer: cpu0=0.359 wall=0.043 
 Start: VarValueService
 End:   VarValueService; Timer: cpu0=0.000 wall=0.002 
 Start: UpdateStopperData
 End:   UpdateStopperData; Timer: cpu0=0.000 wall=0.001 
 Start: Saving text status in E:\UniFlight\flow\full_rocket0_fv\data\full_rocket0.status
 End:   Saving text status in E:\UniFlight\flow\full_rocket0_fv\data\full_rocket0.status; Timer: cpu0=0.000 wall=0.002 
 End:   ===== Time Step =====, Iter number =  92; Timer: cpu0=12.859 wall=1.665 

20.06.26 15:56:45  ===== Processing Layers =====
20.06.26 15:56:45    *SEND* for CScalarLayer, GUID=7641E21B-8224-4159-9F24-74BCFE28891B
 Start: ComputeVolumeCharacteristics
 End:   ComputeVolumeCharacteristics; Timer: cpu0=0.000 wall=0.004 
 Start: GetValueOnFacets
 End:   GetValueOnFacets; Timer: cpu0=0.000 wall=0.011 
20.06.26 15:56:45    *SEND* for CIntegralCharsLayer, GUID=4E090A0C-544B-E4A2-4242-BEC451D7CD2B
20.06.26 15:56:45    *SEND* for CIntegralCharsLayer, GUID=F89DB856-096A-C78A-52DA-9AF764E60355
20.06.26 15:56:45    *SEND* for CIntegralCharsLayer, GUID=1F3B9B3A-6498-80C8-3F3C-86FD4C134ECD
 End:   ===== Processing Layers =====; Timer: cpu0=0.000 wall=0.035 

20.06.26 15:56:45  ===== New Time Step =====, Iter number =  93
 Start: TimeServis
 End:   TimeServis; Timer: cpu0=0.344 wall=0.030 
 Start: User modules' functions BeforeTimeStep() are calling
 End:   User modules' functions BeforeTimeStep() are calling; Timer: cpu0=0.000 wall=0.001 
 Start: Adaptation, TotalRealCellsCount= 95616 
 End:   Adaptation; Timer: cpu0=0.000 wall=0.004 
 Start: Initialize data arrays on chips
 End:   Initialize data arrays on chips, res= 0; Timer: cpu0=0.000 wall=0.003 
  ***** Maximum Geometrical Gauss = 1.45735e-14, cell= 399:7:6:2:0
  ***** Maximum MovingSurf  Gauss = 0, cell= 
 Start: Initialize data arrays on chips
 End:   Initialize data arrays on chips, res= 0; Timer: cpu0=0.000 wall=0.002 
 Start: TimeServis
 End:   TimeServis; Timer: cpu0=0.328 wall=0.038 
 Start: FindEnclaves
 End:   FindEnclaves; Timer: cpu0=0.078 wall=0.088 
 Start: VarValueService
 End:   VarValueService; Timer: cpu0=0.000 wall=0.002 
 Start: SolvePhaseEquation 
 End:   SolvePhaseEquation ; Timer: cpu0=11.703 wall=1.567 
 Start: SolidFiltersProcess: calculate forces and moments
 End:   SolidFiltersProcess: calculate forces and moments; Timer: cpu0=0.000 wall=0.002 
 Start: PrepareDataForNextStep
 End:   PrepareDataForNextStep; Timer: cpu0=0.578 wall=0.054 
 Start: VarValueService
 End:   VarValueService; Timer: cpu0=0.000 wall=0.002 
 Start: UpdateStopperData
 End:   UpdateStopperData; Timer: cpu0=0.000 wall=0.002 
 Start: Saving text status in E:\UniFlight\flow\full_rocket0_fv\data\full_rocket0.status
 End:   Saving text status in E:\UniFlight\flow\full_rocket0_fv\data\full_rocket0.status; Timer: cpu0=0.000 wall=0.002 
 End:   ===== Time Step =====, Iter number =  93; Timer: cpu0=13.375 wall=1.860 

20.06.26 15:56:48  ===== Processing Layers =====
20.06.26 15:56:48    *SEND* for CScalarLayer, GUID=7641E21B-8224-4159-9F24-74BCFE28891B
 Start: ComputeVolumeCharacteristics
 End:   ComputeVolumeCharacteristics; Timer: cpu0=0.000 wall=0.005 
 Start: GetValueOnFacets
 End:   GetValueOnFacets; Timer: cpu0=0.016 wall=0.015 
20.06.26 15:56:48    *SEND* for CIntegralCharsLayer, GUID=4E090A0C-544B-E4A2-4242-BEC451D7CD2B
20.06.26 15:56:48    *SEND* for CIntegralCharsLayer, GUID=F89DB856-096A-C78A-52DA-9AF764E60355
20.06.26 15:56:48    *SEND* for CIntegralCharsLayer, GUID=1F3B9B3A-6498-80C8-3F3C-86FD4C134ECD
 End:   ===== Processing Layers =====; Timer: cpu0=0.016 wall=0.040 

20.06.26 15:56:48  ===== New Time Step =====, Iter number =  94
 Start: TimeServis
 End:   TimeServis; Timer: cpu0=0.438 wall=0.045 
 Start: User modules' functions BeforeTimeStep() are calling
 End:   User modules' functions BeforeTimeStep() are calling; Timer: cpu0=0.000 wall=0.003 
 Start: Adaptation, TotalRealCellsCount= 95616 
 End:   Adaptation; Timer: cpu0=0.156 wall=0.005 
 Start: Initialize data arrays on chips
 End:   Initialize data arrays on chips, res= 0; Timer: cpu0=0.000 wall=0.004 
  ***** Maximum Geometrical Gauss = 1.45735e-14, cell= 399:7:6:2:0
  ***** Maximum MovingSurf  Gauss = 0, cell= 
 Start: Initialize data arrays on chips
 End:   Initialize data arrays on chips, res= 0; Timer: cpu0=0.000 wall=0.002 
 Start: TimeServis
 End:   TimeServis; Timer: cpu0=0.531 wall=0.065 
 Start: FindEnclaves
 End:   FindEnclaves; Timer: cpu0=0.266 wall=0.099 
 Start: VarValueService
 End:   VarValueService; Timer: cpu0=0.000 wall=0.002 
 Start: SolvePhaseEquation 
 End:   SolvePhaseEquation ; Timer: cpu0=12.094 wall=1.510 
 Start: SolidFiltersProcess: calculate forces and moments
 End:   SolidFiltersProcess: calculate forces and moments; Timer: cpu0=0.000 wall=0.001 
 Start: PrepareDataForNextStep
 End:   PrepareDataForNextStep; Timer: cpu0=0.422 wall=0.047 
 Start: VarValueService
 End:   VarValueService; Timer: cpu0=0.000 wall=0.002 
 Start: UpdateStopperData
 End:   UpdateStopperData; Timer: cpu0=0.000 wall=0.001 
 Start: Saving text status in E:\UniFlight\flow\full_rocket0_fv\data\full_rocket0.status
 End:   Saving text status in E:\UniFlight\flow\full_rocket0_fv\data\full_rocket0.status; Timer: cpu0=0.000 wall=0.001 
 End:   ===== Time Step =====, Iter number =  94; Timer: cpu0=14.406 wall=1.859 

20.06.26 15:56:50  ===== Processing Layers =====
20.06.26 15:56:50    *SEND* for CScalarLayer, GUID=7641E21B-8224-4159-9F24-74BCFE28891B
 Start: ComputeVolumeCharacteristics
 End:   ComputeVolumeCharacteristics; Timer: cpu0=0.125 wall=0.006 
 Start: GetValueOnFacets
 End:   GetValueOnFacets; Timer: cpu0=0.016 wall=0.010 
20.06.26 15:56:50    *SEND* for CIntegralCharsLayer, GUID=4E090A0C-544B-E4A2-4242-BEC451D7CD2B
20.06.26 15:56:50    *SEND* for CIntegralCharsLayer, GUID=F89DB856-096A-C78A-52DA-9AF764E60355
20.06.26 15:56:50    *SEND* for CIntegralCharsLayer, GUID=1F3B9B3A-6498-80C8-3F3C-86FD4C134ECD
 End:   ===== Processing Layers =====; Timer: cpu0=0.141 wall=0.033 

20.06.26 15:56:50  ===== New Time Step =====, Iter number =  95
 Start: TimeServis
 End:   TimeServis; Timer: cpu0=0.328 wall=0.034 
 Start: User modules' functions BeforeTimeStep() are calling
 End:   User modules' functions BeforeTimeStep() are calling; Timer: cpu0=0.000 wall=0.002 
 Start: Adaptation, TotalRealCellsCount= 95616 
 End:   Adaptation; Timer: cpu0=0.000 wall=0.004 
 Start: Initialize data arrays on chips
 End:   Initialize data arrays on chips, res= 0; Timer: cpu0=0.000 wall=0.002 
  ***** Maximum Geometrical Gauss = 1.45735e-14, cell= 399:7:6:2:0
  ***** Maximum MovingSurf  Gauss = 0, cell= 
 Start: Initialize data arrays on chips
 End:   Initialize data arrays on chips, res= 0; Timer: cpu0=0.000 wall=0.002 
 Start: TimeServis
 End:   TimeServis; Timer: cpu0=0.328 wall=0.034 
 Start: FindEnclaves
 End:   FindEnclaves; Timer: cpu0=0.234 wall=0.073 
 Start: VarValueService
 End:   VarValueService; Timer: cpu0=0.000 wall=0.001 
 Start: SolvePhaseEquation 
 End:   SolvePhaseEquation ; Timer: cpu0=11.844 wall=1.417 
 Start: SolidFiltersProcess: calculate forces and moments
 End:   SolidFiltersProcess: calculate forces and moments; Timer: cpu0=0.000 wall=0.001 
 Start: PrepareDataForNextStep
 End:   PrepareDataForNextStep; Timer: cpu0=0.297 wall=0.044 
 Start: VarValueService
 End:   VarValueService; Timer: cpu0=0.000 wall=0.002 
 Start: UpdateStopperData
 End:   UpdateStopperData; Timer: cpu0=0.000 wall=0.001 
 Start: Saving text status in E:\UniFlight\flow\full_rocket0_fv\data\full_rocket0.status
 End:   Saving text status in E:\UniFlight\flow\full_rocket0_fv\data\full_rocket0.status; Timer: cpu0=0.000 wall=0.002 
 End:   ===== Time Step =====, Iter number =  95; Timer: cpu0=13.328 wall=1.674 

20.06.26 15:56:52  ===== Processing Layers =====
20.06.26 15:56:52    *SEND* for CScalarLayer, GUID=7641E21B-8224-4159-9F24-74BCFE28891B
 Start: ComputeVolumeCharacteristics
 End:   ComputeVolumeCharacteristics; Timer: cpu0=0.172 wall=0.004 
 Start: GetValueOnFacets
 End:   GetValueOnFacets; Timer: cpu0=0.000 wall=0.010 
20.06.26 15:56:52    *SEND* for CIntegralCharsLayer, GUID=4E090A0C-544B-E4A2-4242-BEC451D7CD2B
20.06.26 15:56:52    *SEND* for CIntegralCharsLayer, GUID=F89DB856-096A-C78A-52DA-9AF764E60355
20.06.26 15:56:52    *SEND* for CIntegralCharsLayer, GUID=1F3B9B3A-6498-80C8-3F3C-86FD4C134ECD
 End:   ===== Processing Layers =====; Timer: cpu0=0.172 wall=0.033 

20.06.26 15:56:52  ===== New Time Step =====, Iter number =  96
 Start: TimeServis
 End:   TimeServis; Timer: cpu0=0.312 wall=0.032 
 Start: User modules' functions BeforeTimeStep() are calling
 End:   User modules' functions BeforeTimeStep() are calling; Timer: cpu0=0.000 wall=0.001 
 Start: Adaptation, TotalRealCellsCount= 95616 
 End:   Adaptation; Timer: cpu0=0.016 wall=0.003 
 Start: Initialize data arrays on chips
 End:   Initialize data arrays on chips, res= 0; Timer: cpu0=0.000 wall=0.002 
  ***** Maximum Geometrical Gauss = 1.45735e-14, cell= 399:7:6:2:0
  ***** Maximum MovingSurf  Gauss = 0, cell= 
 Start: Initialize data arrays on chips
 End:   Initialize data arrays on chips, res= 0; Timer: cpu0=0.000 wall=0.001 
 Start: TimeServis
 End:   TimeServis; Timer: cpu0=0.312 wall=0.036 
 Start: FindEnclaves
 End:   FindEnclaves; Timer: cpu0=0.078 wall=0.083 
 Start: VarValueService
 End:   VarValueService; Timer: cpu0=0.000 wall=0.001 
 Start: SolvePhaseEquation 
 End:   SolvePhaseEquation ; Timer: cpu0=11.859 wall=1.465 
 Start: SolidFiltersProcess: calculate forces and moments
 End:   SolidFiltersProcess: calculate forces and moments; Timer: cpu0=0.000 wall=0.001 
 Start: PrepareDataForNextStep
 End:   PrepareDataForNextStep; Timer: cpu0=0.359 wall=0.045 
 Start: VarValueService
 End:   VarValueService; Timer: cpu0=0.000 wall=0.001 
 Start: UpdateStopperData
 End:   UpdateStopperData; Timer: cpu0=0.000 wall=0.000 
 Start: Saving text status in E:\UniFlight\flow\full_rocket0_fv\data\full_rocket0.status
 End:   Saving text status in E:\UniFlight\flow\full_rocket0_fv\data\full_rocket0.status; Timer: cpu0=0.000 wall=0.002 
 End:   ===== Time Step =====, Iter number =  96; Timer: cpu0=13.281 wall=1.734 

20.06.26 15:56:54  ===== Processing Layers =====
20.06.26 15:56:54    *SEND* for CScalarLayer, GUID=7641E21B-8224-4159-9F24-74BCFE28891B
 Start: ComputeVolumeCharacteristics
 End:   ComputeVolumeCharacteristics; Timer: cpu0=0.062 wall=0.011 
 Start: GetValueOnFacets
 End:   GetValueOnFacets; Timer: cpu0=0.172 wall=0.020 
20.06.26 15:56:54    *SEND* for CIntegralCharsLayer, GUID=4E090A0C-544B-E4A2-4242-BEC451D7CD2B
20.06.26 15:56:54    *SEND* for CIntegralCharsLayer, GUID=F89DB856-096A-C78A-52DA-9AF764E60355
20.06.26 15:56:54    *SEND* for CIntegralCharsLayer, GUID=1F3B9B3A-6498-80C8-3F3C-86FD4C134ECD
 End:   ===== Processing Layers =====; Timer: cpu0=0.234 wall=0.056 

20.06.26 15:56:54  ===== New Time Step =====, Iter number =  97
 Start: TimeServis
 End:   TimeServis; Timer: cpu0=0.500 wall=0.041 
 Start: User modules' functions BeforeTimeStep() are calling
 End:   User modules' functions BeforeTimeStep() are calling; Timer: cpu0=0.000 wall=0.003 
 Start: Adaptation, TotalRealCellsCount= 95616 
 End:   Adaptation; Timer: cpu0=0.016 wall=0.004 
 Start: Initialize data arrays on chips
 End:   Initialize data arrays on chips, res= 0; Timer: cpu0=0.000 wall=0.002 
  ***** Maximum Geometrical Gauss = 1.45735e-14, cell= 399:7:6:2:0
  ***** Maximum MovingSurf  Gauss = 0, cell= 
 Start: Initialize data arrays on chips
 End:   Initialize data arrays on chips, res= 0; Timer: cpu0=0.000 wall=0.002 
 Start: TimeServis
 End:   TimeServis; Timer: cpu0=0.484 wall=0.048 
 Start: FindEnclaves
 End:   FindEnclaves; Timer: cpu0=0.094 wall=0.098 
 Start: VarValueService
 End:   VarValueService; Timer: cpu0=0.172 wall=0.001 
 Start: SolvePhaseEquation 
 End:   SolvePhaseEquation ; Timer: cpu0=11.422 wall=1.382 
 Start: SolidFiltersProcess: calculate forces and moments
 End:   SolidFiltersProcess: calculate forces and moments; Timer: cpu0=0.000 wall=0.002 
 Start: PrepareDataForNextStep
 End:   PrepareDataForNextStep; Timer: cpu0=0.328 wall=0.046 
 Start: VarValueService
 End:   VarValueService; Timer: cpu0=0.000 wall=0.001 
 Start: UpdateStopperData
 End:   UpdateStopperData; Timer: cpu0=0.000 wall=0.000 
 Start: Saving text status in E:\UniFlight\flow\full_rocket0_fv\data\full_rocket0.status
 End:   Saving text status in E:\UniFlight\flow\full_rocket0_fv\data\full_rocket0.status; Timer: cpu0=0.000 wall=0.002 
 End:   ===== Time Step =====, Iter number =  97; Timer: cpu0=13.359 wall=1.702 

20.06.26 15:56:56  ===== Processing Layers =====
20.06.26 15:56:56    *SEND* for CScalarLayer, GUID=7641E21B-8224-4159-9F24-74BCFE28891B
 Start: ComputeVolumeCharacteristics
 End:   ComputeVolumeCharacteristics; Timer: cpu0=0.156 wall=0.004 
 Start: GetValueOnFacets
 End:   GetValueOnFacets; Timer: cpu0=0.016 wall=0.014 
20.06.26 15:56:56    *SEND* for CIntegralCharsLayer, GUID=4E090A0C-544B-E4A2-4242-BEC451D7CD2B
20.06.26 15:56:56    *SEND* for CIntegralCharsLayer, GUID=F89DB856-096A-C78A-52DA-9AF764E60355
20.06.26 15:56:56    *SEND* for CIntegralCharsLayer, GUID=1F3B9B3A-6498-80C8-3F3C-86FD4C134ECD
 End:   ===== Processing Layers =====; Timer: cpu0=0.172 wall=0.034 

20.06.26 15:56:56  ===== New Time Step =====, Iter number =  98
 Start: TimeServis
 End:   TimeServis; Timer: cpu0=0.344 wall=0.034 
 Start: User modules' functions BeforeTimeStep() are calling
 End:   User modules' functions BeforeTimeStep() are calling; Timer: cpu0=0.000 wall=0.003 
 Start: Adaptation, TotalRealCellsCount= 95616 
 End:   Adaptation; Timer: cpu0=0.000 wall=0.004 
 Start: Initialize data arrays on chips
 End:   Initialize data arrays on chips, res= 0; Timer: cpu0=0.000 wall=0.002 
  ***** Maximum Geometrical Gauss = 1.45735e-14, cell= 399:7:6:2:0
  ***** Maximum MovingSurf  Gauss = 0, cell= 
 Start: Initialize data arrays on chips
 End:   Initialize data arrays on chips, res= 0; Timer: cpu0=0.000 wall=0.002 
 Start: TimeServis
 End:   TimeServis; Timer: cpu0=0.516 wall=0.038 
 Start: FindEnclaves
 End:   FindEnclaves; Timer: cpu0=0.094 wall=0.086 
 Start: VarValueService
 End:   VarValueService; Timer: cpu0=0.000 wall=0.002 
 Start: SolvePhaseEquation 
 End:   SolvePhaseEquation ; Timer: cpu0=11.328 wall=1.478 
 Start: SolidFiltersProcess: calculate forces and moments
 End:   SolidFiltersProcess: calculate forces and moments; Timer: cpu0=0.000 wall=0.001 
 Start: PrepareDataForNextStep
 End:   PrepareDataForNextStep; Timer: cpu0=0.344 wall=0.039 
 Start: VarValueService
 End:   VarValueService; Timer: cpu0=0.172 wall=0.002 
 Start: UpdateStopperData
 End:   UpdateStopperData; Timer: cpu0=0.000 wall=0.001 
 Start: Saving text status in E:\UniFlight\flow\full_rocket0_fv\data\full_rocket0.status
 End:   Saving text status in E:\UniFlight\flow\full_rocket0_fv\data\full_rocket0.status; Timer: cpu0=0.000 wall=0.002 
 End:   ===== Time Step =====, Iter number =  98; Timer: cpu0=12.953 wall=1.753 

20.06.26 15:56:58  ===== Processing Layers =====
20.06.26 15:56:58    *SEND* for CScalarLayer, GUID=7641E21B-8224-4159-9F24-74BCFE28891B
 Start: ComputeVolumeCharacteristics
 End:   ComputeVolumeCharacteristics; Timer: cpu0=0.000 wall=0.004 
 Start: GetValueOnFacets
 End:   GetValueOnFacets; Timer: cpu0=0.172 wall=0.011 
20.06.26 15:56:58    *SEND* for CIntegralCharsLayer, GUID=4E090A0C-544B-E4A2-4242-BEC451D7CD2B
20.06.26 15:56:58    *SEND* for CIntegralCharsLayer, GUID=F89DB856-096A-C78A-52DA-9AF764E60355
20.06.26 15:56:58    *SEND* for CIntegralCharsLayer, GUID=1F3B9B3A-6498-80C8-3F3C-86FD4C134ECD
 End:   ===== Processing Layers =====; Timer: cpu0=0.344 wall=0.035 

20.06.26 15:56:58  ===== New Time Step =====, Iter number =  99
 Start: TimeServis
 End:   TimeServis; Timer: cpu0=0.328 wall=0.031 
 Start: User modules' functions BeforeTimeStep() are calling
 End:   User modules' functions BeforeTimeStep() are calling; Timer: cpu0=0.000 wall=0.002 
 Start: Adaptation, TotalRealCellsCount= 95616 
 End:   Adaptation; Timer: cpu0=0.000 wall=0.004 
 Start: Initialize data arrays on chips
 End:   Initialize data arrays on chips, res= 0; Timer: cpu0=0.000 wall=0.001 
  ***** Maximum Geometrical Gauss = 1.45735e-14, cell= 399:7:6:2:0
  ***** Maximum MovingSurf  Gauss = 0, cell= 
 Start: Initialize data arrays on chips
 End:   Initialize data arrays on chips, res= 0; Timer: cpu0=0.000 wall=0.002 
 Start: TimeServis
 End:   TimeServis; Timer: cpu0=0.344 wall=0.036 
 Start: FindEnclaves
 End:   FindEnclaves; Timer: cpu0=0.094 wall=0.090 
 Start: VarValueService
 End:   VarValueService; Timer: cpu0=0.000 wall=0.002 
 Start: SolvePhaseEquation 
 End:   SolvePhaseEquation ; Timer: cpu0=11.406 wall=1.400 
 Start: SolidFiltersProcess: calculate forces and moments
 End:   SolidFiltersProcess: calculate forces and moments; Timer: cpu0=0.000 wall=0.001 
 Start: PrepareDataForNextStep
 End:   PrepareDataForNextStep; Timer: cpu0=0.453 wall=0.040 
 Start: VarValueService
 End:   VarValueService; Timer: cpu0=0.000 wall=0.002 
 Start: UpdateStopperData
 End:   UpdateStopperData; Timer: cpu0=0.000 wall=0.001 
 Start: Saving text status in E:\UniFlight\flow\full_rocket0_fv\data\full_rocket0.status
 End:   Saving text status in E:\UniFlight\flow\full_rocket0_fv\data\full_rocket0.status; Timer: cpu0=0.000 wall=0.002 
 End:   ===== Time Step =====, Iter number =  99; Timer: cpu0=12.859 wall=1.677 

 Start: Saving values
 End:   Saving values, res= 0; Timer: cpu0=0.641 wall=0.082 
 Start: Saving grid
 End:   Saving grid, res= 0; Timer: cpu0=0.844 wall=0.088 
 Start: Saving grid index
 End:   Saving grid index, res= 0; Timer: cpu0=0.000 wall=0.002 
20.06.26 15:57:00  ===== Processing Layers =====
20.06.26 15:57:00    *SEND* for CScalarLayer, GUID=7641E21B-8224-4159-9F24-74BCFE28891B
 Start: ComputeVolumeCharacteristics
 End:   ComputeVolumeCharacteristics; Timer: cpu0=0.000 wall=0.004 
 Start: GetValueOnFacets
 End:   GetValueOnFacets; Timer: cpu0=0.156 wall=0.016 
20.06.26 15:57:00    *SEND* for CIntegralCharsLayer, GUID=4E090A0C-544B-E4A2-4242-BEC451D7CD2B
20.06.26 15:57:00    *SEND* for CIntegralCharsLayer, GUID=F89DB856-096A-C78A-52DA-9AF764E60355
20.06.26 15:57:00    *SEND* for CIntegralCharsLayer, GUID=1F3B9B3A-6498-80C8-3F3C-86FD4C134ECD
 End:   ===== Processing Layers =====; Timer: cpu0=0.312 wall=0.041 

20.06.26 15:57:00  ===== New Time Step =====, Iter number =  100
 Start: TimeServis
 End:   TimeServis; Timer: cpu0=0.344 wall=0.038 
 Start: User modules' functions BeforeTimeStep() are calling
 End:   User modules' functions BeforeTimeStep() are calling; Timer: cpu0=0.000 wall=0.002 
 Start: Adaptation, TotalRealCellsCount= 95616 
 End:   Adaptation; Timer: cpu0=5.594 wall=0.790 
 Start: DistributeGridOnProcessors
 End:   DistributeGridOnProcessors, res= 0; Timer: cpu0=0.781 wall=0.235 
 Start: SetNeiHyperCells
 End:   SetNeiHyperCells, res= 0; Timer: cpu0=0.000 wall=0.007 
 Start: BuildFacetDistribution
 End:   BuildFacetDistribution; Timer: cpu0=0.000 wall=0.001 
 Start: Initialize data arrays on chips
 End:   Initialize data arrays on chips, res= 0; Timer: cpu0=0.000 wall=0.003 
  ***** Maximum Geometrical Gauss = 1.69281e-14, cell= 389:5:7:3:0
  ***** Maximum MovingSurf  Gauss = 9.07339e-15, cell= 694:7:6:6:0
 Start: Remove Small Cells
 End:   Remove Small Cells; Timer: cpu0=0.156 wall=0.022 
 Start: Initialize data arrays on chips
 End:   Initialize data arrays on chips, res= 0; Timer: cpu0=0.000 wall=0.003 
  ***** Maximum Geometrical Gauss = 1.69281e-14, cell= 389:5:7:3:0
  ***** Maximum MovingSurf  Gauss = 9.07339e-15, cell= 694:7:6:6:0
 Start: Initialize data arrays on chips
 End:   Initialize data arrays on chips, res= 0; Timer: cpu0=0.000 wall=0.003 
 Start: Modify Chip Data
 End:   Modify Chip Data; Timer: cpu0=0.375 wall=0.040 
 Start: TimeServis
 End:   TimeServis; Timer: cpu0=0.516 wall=0.047 
 Start: FindEnclaves
 End:   FindEnclaves; Timer: cpu0=0.266 wall=0.098 
 Start: VarValueService
 End:   VarValueService; Timer: cpu0=0.000 wall=0.001 
 Start: SolvePhaseEquation 
 End:   SolvePhaseEquation ; Timer: cpu0=13.750 wall=1.674 
 Start: SolidFiltersProcess: calculate forces and moments
 End:   SolidFiltersProcess: calculate forces and moments; Timer: cpu0=0.000 wall=0.002 
 Start: PrepareDataForNextStep
 End:   PrepareDataForNextStep; Timer: cpu0=0.391 wall=0.042 
 Start: VarValueService
 End:   VarValueService; Timer: cpu0=0.000 wall=0.001 
 Start: UpdateStopperData
 End:   UpdateStopperData; Timer: cpu0=0.000 wall=0.001 
 Start: Saving text status in E:\UniFlight\flow\full_rocket0_fv\data\full_rocket0.status
 End:   Saving text status in E:\UniFlight\flow\full_rocket0_fv\data\full_rocket0.status; Timer: cpu0=0.000 wall=0.001 
 End:   ===== Time Step =====, Iter number =  100; Timer: cpu0=22.609 wall=3.107 

20.06.26 15:57:04  ===== Processing Layers =====
20.06.26 15:57:04    *SEND* for CScalarLayer, GUID=7641E21B-8224-4159-9F24-74BCFE28891B
 Start: ComputeVolumeCharacteristics
 End:   ComputeVolumeCharacteristics; Timer: cpu0=0.000 wall=0.005 
 Start: GetValueOnFacets
 End:   GetValueOnFacets; Timer: cpu0=0.000 wall=0.012 
20.06.26 15:57:04    *SEND* for CIntegralCharsLayer, GUID=4E090A0C-544B-E4A2-4242-BEC451D7CD2B
20.06.26 15:57:04    *SEND* for CIntegralCharsLayer, GUID=F89DB856-096A-C78A-52DA-9AF764E60355
20.06.26 15:57:04    *SEND* for CIntegralCharsLayer, GUID=1F3B9B3A-6498-80C8-3F3C-86FD4C134ECD
 End:   ===== Processing Layers =====; Timer: cpu0=0.000 wall=0.032 

20.06.26 15:57:04  ===== New Time Step =====, Iter number =  101
 Start: TimeServis
 End:   TimeServis; Timer: cpu0=0.344 wall=0.038 
 Start: User modules' functions BeforeTimeStep() are calling
 End:   User modules' functions BeforeTimeStep() are calling; Timer: cpu0=0.000 wall=0.002 
 Start: Adaptation, TotalRealCellsCount= 108524 
 End:   Adaptation; Timer: cpu0=6.047 wall=0.868 
 Start: DistributeGridOnProcessors
 End:   DistributeGridOnProcessors, res= 0; Timer: cpu0=0.984 wall=0.207 
 Start: SetNeiHyperCells
 End:   SetNeiHyperCells, res= 0; Timer: cpu0=0.000 wall=0.006 
 Start: BuildFacetDistribution
 End:   BuildFacetDistribution; Timer: cpu0=0.000 wall=0.001 
 Start: Initialize data arrays on chips
 End:   Initialize data arrays on chips, res= 0; Timer: cpu0=0.000 wall=0.002 
  ***** Maximum Geometrical Gauss = 1.69281e-14, cell= 389:5:7:3:0
  ***** Maximum MovingSurf  Gauss = 9.07339e-15, cell= 694:7:6:0
 Start: Remove Small Cells
 End:   Remove Small Cells; Timer: cpu0=0.297 wall=0.018 
 Start: Initialize data arrays on chips
 End:   Initialize data arrays on chips, res= 0; Timer: cpu0=0.000 wall=0.002 
  ***** Maximum Geometrical Gauss = 1.69281e-14, cell= 389:5:7:3:0
  ***** Maximum MovingSurf  Gauss = 9.07339e-15, cell= 694:7:6:0
 Start: Initialize data arrays on chips
 End:   Initialize data arrays on chips, res= 0; Timer: cpu0=0.000 wall=0.002 
 Start: Modify Chip Data
 End:   Modify Chip Data; Timer: cpu0=0.312 wall=0.034 
 Start: TimeServis
 End:   TimeServis; Timer: cpu0=0.469 wall=0.038 
 Start: FindEnclaves
 End:   FindEnclaves; Timer: cpu0=0.078 wall=0.081 
 Start: VarValueService
 End:   VarValueService; Timer: cpu0=0.000 wall=0.001 
 Start: SolvePhaseEquation 
 End:   SolvePhaseEquation ; Timer: cpu0=11.906 wall=1.434 
 Start: SolidFiltersProcess: calculate forces and moments
 End:   SolidFiltersProcess: calculate forces and moments; Timer: cpu0=0.000 wall=0.002 
 Start: PrepareDataForNextStep
 End:   PrepareDataForNextStep; Timer: cpu0=0.344 wall=0.038 
 Start: VarValueService
 End:   VarValueService; Timer: cpu0=0.000 wall=0.002 
 Start: UpdateStopperData
 End:   UpdateStopperData; Timer: cpu0=0.000 wall=0.001 
 Start: Saving text status in E:\UniFlight\flow\full_rocket0_fv\data\full_rocket0.status
 End:   Saving text status in E:\UniFlight\flow\full_rocket0_fv\data\full_rocket0.status; Timer: cpu0=0.000 wall=0.002 
 End:   ===== Time Step =====, Iter number =  101; Timer: cpu0=20.953 wall=2.866 

20.06.26 15:57:07  ===== Processing Layers =====
20.06.26 15:57:07    *SEND* for CScalarLayer, GUID=7641E21B-8224-4159-9F24-74BCFE28891B
 Start: ComputeVolumeCharacteristics
 End:   ComputeVolumeCharacteristics; Timer: cpu0=0.000 wall=0.004 
 Start: GetValueOnFacets
 End:   GetValueOnFacets; Timer: cpu0=0.016 wall=0.010 
20.06.26 15:57:07    *SEND* for CIntegralCharsLayer, GUID=4E090A0C-544B-E4A2-4242-BEC451D7CD2B
20.06.26 15:57:07    *SEND* for CIntegralCharsLayer, GUID=F89DB856-096A-C78A-52DA-9AF764E60355
20.06.26 15:57:07    *SEND* for CIntegralCharsLayer, GUID=1F3B9B3A-6498-80C8-3F3C-86FD4C134ECD
 End:   ===== Processing Layers =====; Timer: cpu0=0.016 wall=0.028 

20.06.26 15:57:07  ===== New Time Step =====, Iter number =  102
 Start: TimeServis
 End:   TimeServis; Timer: cpu0=0.328 wall=0.034 
 Start: User modules' functions BeforeTimeStep() are calling
 End:   User modules' functions BeforeTimeStep() are calling; Timer: cpu0=0.000 wall=0.003 
 Start: Adaptation, TotalRealCellsCount= 95700 
 End:   Adaptation; Timer: cpu0=0.172 wall=0.005 
 Start: Initialize data arrays on chips
 End:   Initialize data arrays on chips, res= 0; Timer: cpu0=0.000 wall=0.002 
  ***** Maximum Geometrical Gauss = 1.69281e-14, cell= 389:5:7:3:0
  ***** Maximum MovingSurf  Gauss = 0, cell= 
 Start: Initialize data arrays on chips
 End:   Initialize data arrays on chips, res= 0; Timer: cpu0=0.000 wall=0.003 
 Start: TimeServis
 End:   TimeServis; Timer: cpu0=0.344 wall=0.035 
 Start: FindEnclaves
 End:   FindEnclaves; Timer: cpu0=0.094 wall=0.083 
 Start: VarValueService
 End:   VarValueService; Timer: cpu0=0.000 wall=0.003 
 Start: SolvePhaseEquation 
 End:   SolvePhaseEquation ; Timer: cpu0=11.562 wall=1.398 
 Start: SolidFiltersProcess: calculate forces and moments
 End:   SolidFiltersProcess: calculate forces and moments; Timer: cpu0=0.000 wall=0.001 
 Start: PrepareDataForNextStep
 End:   PrepareDataForNextStep; Timer: cpu0=0.328 wall=0.038 
 Start: VarValueService
 End:   VarValueService; Timer: cpu0=0.000 wall=0.001 
 Start: UpdateStopperData
 End:   UpdateStopperData; Timer: cpu0=0.000 wall=0.001 
 Start: Saving text status in E:\UniFlight\flow\full_rocket0_fv\data\full_rocket0.status
 End:   Saving text status in E:\UniFlight\flow\full_rocket0_fv\data\full_rocket0.status; Timer: cpu0=0.000 wall=0.003 
 End:   ===== Time Step =====, Iter number =  102; Timer: cpu0=13.016 wall=1.665 

20.06.26 15:57:09  ===== Processing Layers =====
20.06.26 15:57:09    *SEND* for CScalarLayer, GUID=7641E21B-8224-4159-9F24-74BCFE28891B
 Start: ComputeVolumeCharacteristics
 End:   ComputeVolumeCharacteristics; Timer: cpu0=0.000 wall=0.005 
 Start: GetValueOnFacets
 End:   GetValueOnFacets; Timer: cpu0=0.172 wall=0.011 
20.06.26 15:57:09    *SEND* for CIntegralCharsLayer, GUID=4E090A0C-544B-E4A2-4242-BEC451D7CD2B
20.06.26 15:57:09    *SEND* for CIntegralCharsLayer, GUID=F89DB856-096A-C78A-52DA-9AF764E60355
20.06.26 15:57:09    *SEND* for CIntegralCharsLayer, GUID=1F3B9B3A-6498-80C8-3F3C-86FD4C134ECD
 End:   ===== Processing Layers =====; Timer: cpu0=0.172 wall=0.031 

20.06.26 15:57:09  ===== New Time Step =====, Iter number =  103
 Start: TimeServis
 End:   TimeServis; Timer: cpu0=0.203 wall=0.032 
 Start: User modules' functions BeforeTimeStep() are calling
 End:   User modules' functions BeforeTimeStep() are calling; Timer: cpu0=0.000 wall=0.002 
 Start: Adaptation, TotalRealCellsCount= 95700 
 End:   Adaptation; Timer: cpu0=0.000 wall=0.006 
 Start: Initialize data arrays on chips
 End:   Initialize data arrays on chips, res= 0; Timer: cpu0=0.000 wall=0.002 
  ***** Maximum Geometrical Gauss = 1.69281e-14, cell= 389:5:7:3:0
  ***** Maximum MovingSurf  Gauss = 0, cell= 
 Start: Initialize data arrays on chips
 End:   Initialize data arrays on chips, res= 0; Timer: cpu0=0.172 wall=0.002 
 Start: TimeServis
 End:   TimeServis; Timer: cpu0=0.344 wall=0.038 
 Start: FindEnclaves
 End:   FindEnclaves; Timer: cpu0=0.094 wall=0.095 
 Start: VarValueService
 End:   VarValueService; Timer: cpu0=0.000 wall=0.001 
 Start: SolvePhaseEquation 
 End:   SolvePhaseEquation ; Timer: cpu0=11.250 wall=1.410 
 Start: SolidFiltersProcess: calculate forces and moments
 End:   SolidFiltersProcess: calculate forces and moments; Timer: cpu0=0.000 wall=0.002 
 Start: PrepareDataForNextStep
 End:   PrepareDataForNextStep; Timer: cpu0=0.391 wall=0.042 
 Start: VarValueService
 End:   VarValueService; Timer: cpu0=0.000 wall=0.001 
 Start: UpdateStopperData
 End:   UpdateStopperData; Timer: cpu0=0.000 wall=0.001 
 Start: Saving text status in E:\UniFlight\flow\full_rocket0_fv\data\full_rocket0.status
 End:   Saving text status in E:\UniFlight\flow\full_rocket0_fv\data\full_rocket0.status; Timer: cpu0=0.000 wall=0.002 
 End:   ===== Time Step =====, Iter number =  103; Timer: cpu0=12.922 wall=1.705 

20.06.26 15:57:11  ===== Processing Layers =====
20.06.26 15:57:11    *SEND* for CScalarLayer, GUID=7641E21B-8224-4159-9F24-74BCFE28891B
 Start: ComputeVolumeCharacteristics
 End:   ComputeVolumeCharacteristics; Timer: cpu0=0.000 wall=0.003 
 Start: GetValueOnFacets
 End:   GetValueOnFacets; Timer: cpu0=0.031 wall=0.011 
20.06.26 15:57:11    *SEND* for CIntegralCharsLayer, GUID=4E090A0C-544B-E4A2-4242-BEC451D7CD2B
20.06.26 15:57:11    *SEND* for CIntegralCharsLayer, GUID=F89DB856-096A-C78A-52DA-9AF764E60355
20.06.26 15:57:11    *SEND* for CIntegralCharsLayer, GUID=1F3B9B3A-6498-80C8-3F3C-86FD4C134ECD
 End:   ===== Processing Layers =====; Timer: cpu0=0.125 wall=0.030 

20.06.26 15:57:11  ===== New Time Step =====, Iter number =  104
 Start: TimeServis
 End:   TimeServis; Timer: cpu0=0.344 wall=0.034 
 Start: User modules' functions BeforeTimeStep() are calling
 End:   User modules' functions BeforeTimeStep() are calling; Timer: cpu0=0.000 wall=0.002 
 Start: Adaptation, TotalRealCellsCount= 95700 
 End:   Adaptation; Timer: cpu0=0.000 wall=0.005 
 Start: Initialize data arrays on chips
 End:   Initialize data arrays on chips, res= 0; Timer: cpu0=0.000 wall=0.002 
  ***** Maximum Geometrical Gauss = 1.69281e-14, cell= 389:5:7:3:0
  ***** Maximum MovingSurf  Gauss = 0, cell= 
 Start: Initialize data arrays on chips
 End:   Initialize data arrays on chips, res= 0; Timer: cpu0=0.000 wall=0.002 
 Start: TimeServis
 End:   TimeServis; Timer: cpu0=0.328 wall=0.032 
 Start: FindEnclaves
 End:   FindEnclaves; Timer: cpu0=0.078 wall=0.087 
 Start: VarValueService
 End:   VarValueService; Timer: cpu0=0.000 wall=0.001 
 Start: SolvePhaseEquation 
 End:   SolvePhaseEquation ; Timer: cpu0=11.312 wall=1.379 
 Start: SolidFiltersProcess: calculate forces and moments
 End:   SolidFiltersProcess: calculate forces and moments; Timer: cpu0=0.000 wall=0.002 
 Start: PrepareDataForNextStep
 End:   PrepareDataForNextStep; Timer: cpu0=0.359 wall=0.036 
 Start: VarValueService
 End:   VarValueService; Timer: cpu0=0.000 wall=0.002 
 Start: UpdateStopperData
 End:   UpdateStopperData; Timer: cpu0=0.000 wall=0.001 
 Start: Saving text status in E:\UniFlight\flow\full_rocket0_fv\data\full_rocket0.status
 End:   Saving text status in E:\UniFlight\flow\full_rocket0_fv\data\full_rocket0.status; Timer: cpu0=0.000 wall=0.003 
 End:   ===== Time Step =====, Iter number =  104; Timer: cpu0=12.766 wall=1.645 

20.06.26 15:57:13  ===== Processing Layers =====
20.06.26 15:57:13    *SEND* for CScalarLayer, GUID=7641E21B-8224-4159-9F24-74BCFE28891B
 Start: ComputeVolumeCharacteristics
 End:   ComputeVolumeCharacteristics; Timer: cpu0=0.000 wall=0.003 
 Start: GetValueOnFacets
 End:   GetValueOnFacets; Timer: cpu0=0.016 wall=0.010 
20.06.26 15:57:13    *SEND* for CIntegralCharsLayer, GUID=4E090A0C-544B-E4A2-4242-BEC451D7CD2B
20.06.26 15:57:13    *SEND* for CIntegralCharsLayer, GUID=F89DB856-096A-C78A-52DA-9AF764E60355
20.06.26 15:57:13    *SEND* for CIntegralCharsLayer, GUID=1F3B9B3A-6498-80C8-3F3C-86FD4C134ECD
 End:   ===== Processing Layers =====; Timer: cpu0=0.016 wall=0.028 

20.06.26 15:57:13  ===== New Time Step =====, Iter number =  105
 Start: TimeServis
 End:   TimeServis; Timer: cpu0=0.344 wall=0.033 
 Start: User modules' functions BeforeTimeStep() are calling
 End:   User modules' functions BeforeTimeStep() are calling; Timer: cpu0=0.000 wall=0.001 
 Start: Adaptation, TotalRealCellsCount= 95700 
 End:   Adaptation; Timer: cpu0=0.172 wall=0.004 
 Start: Initialize data arrays on chips
 End:   Initialize data arrays on chips, res= 0; Timer: cpu0=0.000 wall=0.002 
  ***** Maximum Geometrical Gauss = 1.69281e-14, cell= 389:5:7:3:0
  ***** Maximum MovingSurf  Gauss = 0, cell= 
 Start: Initialize data arrays on chips
 End:   Initialize data arrays on chips, res= 0; Timer: cpu0=0.000 wall=0.004 
 Start: TimeServis
 End:   TimeServis; Timer: cpu0=0.406 wall=0.038 
 Start: FindEnclaves
 End:   FindEnclaves; Timer: cpu0=0.078 wall=0.086 
 Start: VarValueService
 End:   VarValueService; Timer: cpu0=0.000 wall=0.002 
 Start: SolvePhaseEquation 
 End:   SolvePhaseEquation ; Timer: cpu0=11.797 wall=1.379 
 Start: SolidFiltersProcess: calculate forces and moments
 End:   SolidFiltersProcess: calculate forces and moments; Timer: cpu0=0.000 wall=0.002 
 Start: PrepareDataForNextStep
 End:   PrepareDataForNextStep; Timer: cpu0=0.406 wall=0.039 
 Start: VarValueService
 End:   VarValueService; Timer: cpu0=0.000 wall=0.001 
 Start: UpdateStopperData
 End:   UpdateStopperData; Timer: cpu0=0.000 wall=0.000 
 Start: Saving text status in E:\UniFlight\flow\full_rocket0_fv\data\full_rocket0.status
 End:   Saving text status in E:\UniFlight\flow\full_rocket0_fv\data\full_rocket0.status; Timer: cpu0=0.000 wall=0.002 
 End:   ===== Time Step =====, Iter number =  105; Timer: cpu0=13.391 wall=1.654 

20.06.26 15:57:15  ===== Processing Layers =====
20.06.26 15:57:15    *SEND* for CScalarLayer, GUID=7641E21B-8224-4159-9F24-74BCFE28891B
 Start: ComputeVolumeCharacteristics
 End:   ComputeVolumeCharacteristics; Timer: cpu0=0.000 wall=0.004 
 Start: GetValueOnFacets
 End:   GetValueOnFacets; Timer: cpu0=0.016 wall=0.011 
20.06.26 15:57:15    *SEND* for CIntegralCharsLayer, GUID=4E090A0C-544B-E4A2-4242-BEC451D7CD2B
20.06.26 15:57:15    *SEND* for CIntegralCharsLayer, GUID=F89DB856-096A-C78A-52DA-9AF764E60355
20.06.26 15:57:15    *SEND* for CIntegralCharsLayer, GUID=1F3B9B3A-6498-80C8-3F3C-86FD4C134ECD
 End:   ===== Processing Layers =====; Timer: cpu0=0.016 wall=0.031 

20.06.26 15:57:15  ===== New Time Step =====, Iter number =  106
 Start: TimeServis
 End:   TimeServis; Timer: cpu0=0.344 wall=0.031 
 Start: User modules' functions BeforeTimeStep() are calling
 End:   User modules' functions BeforeTimeStep() are calling; Timer: cpu0=0.000 wall=0.001 
 Start: Adaptation, TotalRealCellsCount= 95700 
 End:   Adaptation; Timer: cpu0=0.000 wall=0.004 
 Start: Initialize data arrays on chips
 End:   Initialize data arrays on chips, res= 0; Timer: cpu0=0.000 wall=0.002 
  ***** Maximum Geometrical Gauss = 1.69281e-14, cell= 389:5:7:3:0
  ***** Maximum MovingSurf  Gauss = 0, cell= 
 Start: Initialize data arrays on chips
 End:   Initialize data arrays on chips, res= 0; Timer: cpu0=0.000 wall=0.001 
 Start: TimeServis
 End:   TimeServis; Timer: cpu0=0.344 wall=0.035 
 Start: FindEnclaves
 End:   FindEnclaves; Timer: cpu0=0.047 wall=0.081 
 Start: VarValueService
 End:   VarValueService; Timer: cpu0=0.000 wall=0.001 
 Start: SolvePhaseEquation 
 End:   SolvePhaseEquation ; Timer: cpu0=11.203 wall=1.415 
 Start: SolidFiltersProcess: calculate forces and moments
 End:   SolidFiltersProcess: calculate forces and moments; Timer: cpu0=0.000 wall=0.001 
 Start: PrepareDataForNextStep
 End:   PrepareDataForNextStep; Timer: cpu0=0.250 wall=0.038 
 Start: VarValueService
 End:   VarValueService; Timer: cpu0=0.000 wall=0.001 
 Start: UpdateStopperData
 End:   UpdateStopperData; Timer: cpu0=0.000 wall=0.001 
 Start: Saving text status in E:\UniFlight\flow\full_rocket0_fv\data\full_rocket0.status
 End:   Saving text status in E:\UniFlight\flow\full_rocket0_fv\data\full_rocket0.status; Timer: cpu0=0.000 wall=0.001 
 End:   ===== Time Step =====, Iter number =  106; Timer: cpu0=12.453 wall=1.675 

20.06.26 15:57:17  ===== Processing Layers =====
20.06.26 15:57:17    *SEND* for CScalarLayer, GUID=7641E21B-8224-4159-9F24-74BCFE28891B
 Start: ComputeVolumeCharacteristics
 End:   ComputeVolumeCharacteristics; Timer: cpu0=0.000 wall=0.004 
 Start: GetValueOnFacets
 End:   GetValueOnFacets; Timer: cpu0=0.172 wall=0.011 
20.06.26 15:57:17    *SEND* for CIntegralCharsLayer, GUID=4E090A0C-544B-E4A2-4242-BEC451D7CD2B
20.06.26 15:57:17    *SEND* for CIntegralCharsLayer, GUID=F89DB856-096A-C78A-52DA-9AF764E60355
20.06.26 15:57:17    *SEND* for CIntegralCharsLayer, GUID=1F3B9B3A-6498-80C8-3F3C-86FD4C134ECD
 End:   ===== Processing Layers =====; Timer: cpu0=0.172 wall=0.029 

20.06.26 15:57:17  ===== New Time Step =====, Iter number =  107
 Start: TimeServis
 End:   TimeServis; Timer: cpu0=0.297 wall=0.034 
 Start: User modules' functions BeforeTimeStep() are calling
 End:   User modules' functions BeforeTimeStep() are calling; Timer: cpu0=0.000 wall=0.001 
 Start: Adaptation, TotalRealCellsCount= 95700 
 End:   Adaptation; Timer: cpu0=0.000 wall=0.004 
 Start: Initialize data arrays on chips
 End:   Initialize data arrays on chips, res= 0; Timer: cpu0=0.000 wall=0.002 
  ***** Maximum Geometrical Gauss = 1.69281e-14, cell= 389:5:7:3:0
  ***** Maximum MovingSurf  Gauss = 0, cell= 
 Start: Initialize data arrays on chips
 End:   Initialize data arrays on chips, res= 0; Timer: cpu0=0.000 wall=0.002 
 Start: TimeServis
 End:   TimeServis; Timer: cpu0=0.344 wall=0.036 
 Start: FindEnclaves
 End:   FindEnclaves; Timer: cpu0=0.250 wall=0.089 
 Start: VarValueService
 End:   VarValueService; Timer: cpu0=0.000 wall=0.001 
 Start: SolvePhaseEquation 
 End:   SolvePhaseEquation ; Timer: cpu0=12.969 wall=1.669 
 Start: SolidFiltersProcess: calculate forces and moments
 End:   SolidFiltersProcess: calculate forces and moments; Timer: cpu0=0.000 wall=0.002 
 Start: PrepareDataForNextStep
 End:   PrepareDataForNextStep; Timer: cpu0=0.234 wall=0.043 
 Start: VarValueService
 End:   VarValueService; Timer: cpu0=0.000 wall=0.002 
 Start: UpdateStopperData
 End:   UpdateStopperData; Timer: cpu0=0.000 wall=0.001 
 Start: Saving text status in E:\UniFlight\flow\full_rocket0_fv\data\full_rocket0.status
 End:   Saving text status in E:\UniFlight\flow\full_rocket0_fv\data\full_rocket0.status; Timer: cpu0=0.000 wall=0.003 
 End:   ===== Time Step =====, Iter number =  107; Timer: cpu0=14.266 wall=1.955 

20.06.26 15:57:19  ===== Processing Layers =====
20.06.26 15:57:19    *SEND* for CScalarLayer, GUID=7641E21B-8224-4159-9F24-74BCFE28891B
 Start: ComputeVolumeCharacteristics
 End:   ComputeVolumeCharacteristics; Timer: cpu0=0.000 wall=0.004 
 Start: GetValueOnFacets
 End:   GetValueOnFacets; Timer: cpu0=0.016 wall=0.012 
20.06.26 15:57:19    *SEND* for CIntegralCharsLayer, GUID=4E090A0C-544B-E4A2-4242-BEC451D7CD2B
20.06.26 15:57:19    *SEND* for CIntegralCharsLayer, GUID=F89DB856-096A-C78A-52DA-9AF764E60355
20.06.26 15:57:19    *SEND* for CIntegralCharsLayer, GUID=1F3B9B3A-6498-80C8-3F3C-86FD4C134ECD
 End:   ===== Processing Layers =====; Timer: cpu0=0.016 wall=0.034 

20.06.26 15:57:19  ===== New Time Step =====, Iter number =  108
 Start: TimeServis
 End:   TimeServis; Timer: cpu0=0.375 wall=0.036 
 Start: User modules' functions BeforeTimeStep() are calling
 End:   User modules' functions BeforeTimeStep() are calling; Timer: cpu0=0.000 wall=0.003 
 Start: Adaptation, TotalRealCellsCount= 95700 
 End:   Adaptation; Timer: cpu0=0.000 wall=0.005 
 Start: Initialize data arrays on chips
 End:   Initialize data arrays on chips, res= 0; Timer: cpu0=0.000 wall=0.002 
  ***** Maximum Geometrical Gauss = 1.69281e-14, cell= 389:5:7:3:0
  ***** Maximum MovingSurf  Gauss = 0, cell= 
 Start: Initialize data arrays on chips
 End:   Initialize data arrays on chips, res= 0; Timer: cpu0=0.000 wall=0.003 
 Start: TimeServis
 End:   TimeServis; Timer: cpu0=0.453 wall=0.048 
 Start: FindEnclaves
 End:   FindEnclaves; Timer: cpu0=0.094 wall=0.097 
 Start: VarValueService
 End:   VarValueService; Timer: cpu0=0.000 wall=0.001 
 Start: SolvePhaseEquation 
 End:   SolvePhaseEquation ; Timer: cpu0=12.266 wall=1.672 
 Start: SolidFiltersProcess: calculate forces and moments
 End:   SolidFiltersProcess: calculate forces and moments; Timer: cpu0=0.000 wall=0.002 
 Start: PrepareDataForNextStep
 End:   PrepareDataForNextStep; Timer: cpu0=0.250 wall=0.040 
 Start: VarValueService
 End:   VarValueService; Timer: cpu0=0.000 wall=0.002 
 Start: UpdateStopperData
 End:   UpdateStopperData; Timer: cpu0=0.000 wall=0.001 
 Start: Saving text status in E:\UniFlight\flow\full_rocket0_fv\data\full_rocket0.status
 End:   Saving text status in E:\UniFlight\flow\full_rocket0_fv\data\full_rocket0.status; Timer: cpu0=0.000 wall=0.002 
 End:   ===== Time Step =====, Iter number =  108; Timer: cpu0=13.703 wall=1.979 

20.06.26 15:57:21  ===== Processing Layers =====
20.06.26 15:57:21    *SEND* for CScalarLayer, GUID=7641E21B-8224-4159-9F24-74BCFE28891B
 Start: ComputeVolumeCharacteristics
 End:   ComputeVolumeCharacteristics; Timer: cpu0=0.172 wall=0.004 
 Start: GetValueOnFacets
 End:   GetValueOnFacets; Timer: cpu0=0.000 wall=0.012 
20.06.26 15:57:21    *SEND* for CIntegralCharsLayer, GUID=4E090A0C-544B-E4A2-4242-BEC451D7CD2B
20.06.26 15:57:21    *SEND* for CIntegralCharsLayer, GUID=F89DB856-096A-C78A-52DA-9AF764E60355
20.06.26 15:57:21    *SEND* for CIntegralCharsLayer, GUID=1F3B9B3A-6498-80C8-3F3C-86FD4C134ECD
 End:   ===== Processing Layers =====; Timer: cpu0=0.172 wall=0.037 

20.06.26 15:57:21  ===== New Time Step =====, Iter number =  109
 Start: TimeServis
 End:   TimeServis; Timer: cpu0=0.344 wall=0.035 
 Start: User modules' functions BeforeTimeStep() are calling
 End:   User modules' functions BeforeTimeStep() are calling; Timer: cpu0=0.000 wall=0.002 
 Start: Adaptation, TotalRealCellsCount= 95700 
 End:   Adaptation; Timer: cpu0=0.000 wall=0.005 
 Start: Initialize data arrays on chips
 End:   Initialize data arrays on chips, res= 0; Timer: cpu0=0.172 wall=0.002 
  ***** Maximum Geometrical Gauss = 1.69281e-14, cell= 389:5:7:3:0
  ***** Maximum MovingSurf  Gauss = 0, cell= 
 Start: Initialize data arrays on chips
 End:   Initialize data arrays on chips, res= 0; Timer: cpu0=0.000 wall=0.002 
 Start: TimeServis
 End:   TimeServis; Timer: cpu0=0.188 wall=0.041 
 Start: FindEnclaves
 End:   FindEnclaves; Timer: cpu0=0.109 wall=0.106 
 Start: VarValueService
 End:   VarValueService; Timer: cpu0=0.000 wall=0.001 
 Start: SolvePhaseEquation 
 End:   SolvePhaseEquation ; Timer: cpu0=11.984 wall=1.703 
 Start: SolidFiltersProcess: calculate forces and moments
 End:   SolidFiltersProcess: calculate forces and moments; Timer: cpu0=0.000 wall=0.002 
 Start: PrepareDataForNextStep
 End:   PrepareDataForNextStep; Timer: cpu0=0.453 wall=0.054 
 Start: VarValueService
 End:   VarValueService; Timer: cpu0=0.000 wall=0.002 
 Start: UpdateStopperData
 End:   UpdateStopperData; Timer: cpu0=0.000 wall=0.002 
 Start: Saving text status in E:\UniFlight\flow\full_rocket0_fv\data\full_rocket0.status
 End:   Saving text status in E:\UniFlight\flow\full_rocket0_fv\data\full_rocket0.status; Timer: cpu0=0.000 wall=0.002 
 End:   ===== Time Step =====, Iter number =  109; Timer: cpu0=13.438 wall=2.033 

20.06.26 15:57:24  ===== Processing Layers =====
20.06.26 15:57:24    *SEND* for CScalarLayer, GUID=7641E21B-8224-4159-9F24-74BCFE28891B
 Start: ComputeVolumeCharacteristics
 End:   ComputeVolumeCharacteristics; Timer: cpu0=0.000 wall=0.006 
 Start: GetValueOnFacets
 End:   GetValueOnFacets; Timer: cpu0=0.016 wall=0.017 
20.06.26 15:57:24    *SEND* for CIntegralCharsLayer, GUID=4E090A0C-544B-E4A2-4242-BEC451D7CD2B
20.06.26 15:57:24    *SEND* for CIntegralCharsLayer, GUID=F89DB856-096A-C78A-52DA-9AF764E60355
20.06.26 15:57:24    *SEND* for CIntegralCharsLayer, GUID=1F3B9B3A-6498-80C8-3F3C-86FD4C134ECD
 End:   ===== Processing Layers =====; Timer: cpu0=0.016 wall=0.049 

20.06.26 15:57:24  ===== New Time Step =====, Iter number =  110
 Start: TimeServis
 End:   TimeServis; Timer: cpu0=0.328 wall=0.054 
 Start: User modules' functions BeforeTimeStep() are calling
 End:   User modules' functions BeforeTimeStep() are calling; Timer: cpu0=0.000 wall=0.002 
 Start: Adaptation, TotalRealCellsCount= 95700 
 End:   Adaptation; Timer: cpu0=6.203 wall=0.914 
 Start: DistributeGridOnProcessors
 End:   DistributeGridOnProcessors, res= 0; Timer: cpu0=1.156 wall=0.260 
 Start: SetNeiHyperCells
 End:   SetNeiHyperCells, res= 0; Timer: cpu0=0.141 wall=0.008 
 Start: BuildFacetDistribution
 End:   BuildFacetDistribution; Timer: cpu0=0.000 wall=0.001 
 Start: Initialize data arrays on chips
 End:   Initialize data arrays on chips, res= 0; Timer: cpu0=0.000 wall=0.003 
  ***** Maximum Geometrical Gauss = 1.69281e-14, cell= 389:5:7:3:0
  ***** Maximum MovingSurf  Gauss = 9.07339e-15, cell= 694:7:6:6:0
 Start: Remove Small Cells
 End:   Remove Small Cells; Timer: cpu0=0.281 wall=0.022 
 Start: Initialize data arrays on chips
 End:   Initialize data arrays on chips, res= 0; Timer: cpu0=0.000 wall=0.002 
  ***** Maximum Geometrical Gauss = 1.69281e-14, cell= 389:5:7:3:0
  ***** Maximum MovingSurf  Gauss = 9.07339e-15, cell= 694:7:6:6:0
 Start: Initialize data arrays on chips
 End:   Initialize data arrays on chips, res= 0; Timer: cpu0=0.000 wall=0.003 
 Start: Modify Chip Data
 End:   Modify Chip Data; Timer: cpu0=0.438 wall=0.044 
 Start: TimeServis
 End:   TimeServis; Timer: cpu0=0.453 wall=0.053 
 Start: FindEnclaves
 End:   FindEnclaves; Timer: cpu0=0.266 wall=0.099 
 Start: VarValueService
 End:   VarValueService; Timer: cpu0=0.000 wall=0.002 
 Start: SolvePhaseEquation 
 End:   SolvePhaseEquation ; Timer: cpu0=13.953 wall=1.837 
 Start: SolidFiltersProcess: calculate forces and moments
 End:   SolidFiltersProcess: calculate forces and moments; Timer: cpu0=0.000 wall=0.002 
 Start: PrepareDataForNextStep
 End:   PrepareDataForNextStep; Timer: cpu0=0.453 wall=0.057 
 Start: VarValueService
 End:   VarValueService; Timer: cpu0=0.000 wall=0.001 
 Start: UpdateStopperData
 End:   UpdateStopperData; Timer: cpu0=0.000 wall=0.001 
 Start: Saving text status in E:\UniFlight\flow\full_rocket0_fv\data\full_rocket0.status
 End:   Saving text status in E:\UniFlight\flow\full_rocket0_fv\data\full_rocket0.status; Timer: cpu0=0.000 wall=0.003 
 End:   ===== Time Step =====, Iter number =  110; Timer: cpu0=23.938 wall=3.471 

20.06.26 15:57:28  ===== Processing Layers =====
20.06.26 15:57:28    *SEND* for CScalarLayer, GUID=7641E21B-8224-4159-9F24-74BCFE28891B
 Start: ComputeVolumeCharacteristics
 End:   ComputeVolumeCharacteristics; Timer: cpu0=0.000 wall=0.005 
 Start: GetValueOnFacets
 End:   GetValueOnFacets; Timer: cpu0=0.016 wall=0.016 
20.06.26 15:57:28    *SEND* for CIntegralCharsLayer, GUID=4E090A0C-544B-E4A2-4242-BEC451D7CD2B
20.06.26 15:57:28    *SEND* for CIntegralCharsLayer, GUID=F89DB856-096A-C78A-52DA-9AF764E60355
20.06.26 15:57:28    *SEND* for CIntegralCharsLayer, GUID=1F3B9B3A-6498-80C8-3F3C-86FD4C134ECD
 End:   ===== Processing Layers =====; Timer: cpu0=0.172 wall=0.040 

20.06.26 15:57:28  ===== New Time Step =====, Iter number =  111
 Start: TimeServis
 End:   TimeServis; Timer: cpu0=0.516 wall=0.044 
 Start: User modules' functions BeforeTimeStep() are calling
 End:   User modules' functions BeforeTimeStep() are calling; Timer: cpu0=0.000 wall=0.002 
 Start: Adaptation, TotalRealCellsCount= 107894 
 End:   Adaptation; Timer: cpu0=6.359 wall=0.899 
 Start: DistributeGridOnProcessors
 End:   DistributeGridOnProcessors, res= 0; Timer: cpu0=0.812 wall=0.238 
 Start: SetNeiHyperCells
 End:   SetNeiHyperCells, res= 0; Timer: cpu0=0.000 wall=0.007 
 Start: BuildFacetDistribution
 End:   BuildFacetDistribution; Timer: cpu0=0.000 wall=0.002 
 Start: Initialize data arrays on chips
 End:   Initialize data arrays on chips, res= 0; Timer: cpu0=0.000 wall=0.003 
  ***** Maximum Geometrical Gauss = 1.69281e-14, cell= 389:5:7:3:0
  ***** Maximum MovingSurf  Gauss = 9.07339e-15, cell= 694:7:6:0
 Start: Remove Small Cells
 End:   Remove Small Cells; Timer: cpu0=0.016 wall=0.019 
 Start: Initialize data arrays on chips
 End:   Initialize data arrays on chips, res= 0; Timer: cpu0=0.000 wall=0.003 
  ***** Maximum Geometrical Gauss = 1.69281e-14, cell= 389:5:7:3:0
  ***** Maximum MovingSurf  Gauss = 9.07339e-15, cell= 694:7:6:0
 Start: Initialize data arrays on chips
 End:   Initialize data arrays on chips, res= 0; Timer: cpu0=0.000 wall=0.002 
 Start: Modify Chip Data
 End:   Modify Chip Data; Timer: cpu0=0.359 wall=0.039 
 Start: TimeServis
 End:   TimeServis; Timer: cpu0=0.516 wall=0.046 
 Start: FindEnclaves
 End:   FindEnclaves; Timer: cpu0=0.094 wall=0.109 
 Start: VarValueService
 End:   VarValueService; Timer: cpu0=0.000 wall=0.001 
 Start: SolvePhaseEquation 
 End:   SolvePhaseEquation ; Timer: cpu0=13.172 wall=1.598 
 Start: SolidFiltersProcess: calculate forces and moments
 End:   SolidFiltersProcess: calculate forces and moments; Timer: cpu0=0.000 wall=0.001 
 Start: PrepareDataForNextStep
 End:   PrepareDataForNextStep; Timer: cpu0=0.250 wall=0.044 
 Start: VarValueService
 End:   VarValueService; Timer: cpu0=0.000 wall=0.002 
 Start: UpdateStopperData
 End:   UpdateStopperData; Timer: cpu0=0.000 wall=0.000 
 Start: Saving text status in E:\UniFlight\flow\full_rocket0_fv\data\full_rocket0.status
 End:   Saving text status in E:\UniFlight\flow\full_rocket0_fv\data\full_rocket0.status; Timer: cpu0=0.000 wall=0.003 
 End:   ===== Time Step =====, Iter number =  111; Timer: cpu0=22.562 wall=3.156 

20.06.26 15:57:31  ===== Processing Layers =====
20.06.26 15:57:31    *SEND* for CScalarLayer, GUID=7641E21B-8224-4159-9F24-74BCFE28891B
 Start: ComputeVolumeCharacteristics
 End:   ComputeVolumeCharacteristics; Timer: cpu0=0.172 wall=0.005 
 Start: GetValueOnFacets
 End:   GetValueOnFacets; Timer: cpu0=0.016 wall=0.013 
20.06.26 15:57:31    *SEND* for CIntegralCharsLayer, GUID=4E090A0C-544B-E4A2-4242-BEC451D7CD2B
20.06.26 15:57:31    *SEND* for CIntegralCharsLayer, GUID=F89DB856-096A-C78A-52DA-9AF764E60355
20.06.26 15:57:31    *SEND* for CIntegralCharsLayer, GUID=1F3B9B3A-6498-80C8-3F3C-86FD4C134ECD
 End:   ===== Processing Layers =====; Timer: cpu0=0.188 wall=0.036 

20.06.26 15:57:31  ===== New Time Step =====, Iter number =  112
 Start: TimeServis
 End:   TimeServis; Timer: cpu0=0.297 wall=0.034 
 Start: User modules' functions BeforeTimeStep() are calling
 End:   User modules' functions BeforeTimeStep() are calling; Timer: cpu0=0.000 wall=0.002 
 Start: Adaptation, TotalRealCellsCount= 95994 
 End:   Adaptation; Timer: cpu0=0.000 wall=0.005 
 Start: Initialize data arrays on chips
 End:   Initialize data arrays on chips, res= 0; Timer: cpu0=0.000 wall=0.002 
  ***** Maximum Geometrical Gauss = 1.69281e-14, cell= 389:5:7:3:0
  ***** Maximum MovingSurf  Gauss = 0, cell= 
 Start: Initialize data arrays on chips
 End:   Initialize data arrays on chips, res= 0; Timer: cpu0=0.000 wall=0.003 
 Start: TimeServis
 End:   TimeServis; Timer: cpu0=0.500 wall=0.047 
 Start: FindEnclaves
 End:   FindEnclaves; Timer: cpu0=0.078 wall=0.102 
 Start: VarValueService
 End:   VarValueService; Timer: cpu0=0.000 wall=0.002 
 Start: SolvePhaseEquation 
 End:   SolvePhaseEquation ; Timer: cpu0=11.906 wall=1.559 
 Start: SolidFiltersProcess: calculate forces and moments
 End:   SolidFiltersProcess: calculate forces and moments; Timer: cpu0=0.000 wall=0.002 
 Start: PrepareDataForNextStep
 End:   PrepareDataForNextStep; Timer: cpu0=0.484 wall=0.043 
 Start: VarValueService
 End:   VarValueService; Timer: cpu0=0.000 wall=0.001 
 Start: UpdateStopperData
 End:   UpdateStopperData; Timer: cpu0=0.000 wall=0.000 
 Start: Saving text status in E:\UniFlight\flow\full_rocket0_fv\data\full_rocket0.status
 End:   Saving text status in E:\UniFlight\flow\full_rocket0_fv\data\full_rocket0.status; Timer: cpu0=0.000 wall=0.003 
 End:   ===== Time Step =====, Iter number =  112; Timer: cpu0=13.609 wall=1.871 

20.06.26 15:57:33  ===== Processing Layers =====
20.06.26 15:57:33    *SEND* for CScalarLayer, GUID=7641E21B-8224-4159-9F24-74BCFE28891B
 Start: ComputeVolumeCharacteristics
 End:   ComputeVolumeCharacteristics; Timer: cpu0=0.172 wall=0.004 
 Start: GetValueOnFacets
 End:   GetValueOnFacets; Timer: cpu0=0.016 wall=0.014 
20.06.26 15:57:33    *SEND* for CIntegralCharsLayer, GUID=4E090A0C-544B-E4A2-4242-BEC451D7CD2B
20.06.26 15:57:33    *SEND* for CIntegralCharsLayer, GUID=F89DB856-096A-C78A-52DA-9AF764E60355
20.06.26 15:57:33    *SEND* for CIntegralCharsLayer, GUID=1F3B9B3A-6498-80C8-3F3C-86FD4C134ECD
 End:   ===== Processing Layers =====; Timer: cpu0=0.188 wall=0.037 

20.06.26 15:57:33  ===== New Time Step =====, Iter number =  113
 Start: TimeServis
 End:   TimeServis; Timer: cpu0=0.344 wall=0.036 
 Start: User modules' functions BeforeTimeStep() are calling
 End:   User modules' functions BeforeTimeStep() are calling; Timer: cpu0=0.000 wall=0.002 
 Start: Adaptation, TotalRealCellsCount= 95994 
 End:   Adaptation; Timer: cpu0=0.000 wall=0.004 
 Start: Initialize data arrays on chips
 End:   Initialize data arrays on chips, res= 0; Timer: cpu0=0.000 wall=0.003 
  ***** Maximum Geometrical Gauss = 1.69281e-14, cell= 389:5:7:3:0
  ***** Maximum MovingSurf  Gauss = 0, cell= 
 Start: Initialize data arrays on chips
 End:   Initialize data arrays on chips, res= 0; Timer: cpu0=0.000 wall=0.002 
 Start: TimeServis
 End:   TimeServis; Timer: cpu0=0.500 wall=0.047 
 Start: FindEnclaves
 End:   FindEnclaves; Timer: cpu0=0.281 wall=0.120 
 Start: VarValueService
 End:   VarValueService; Timer: cpu0=0.000 wall=0.001 
 Start: SolvePhaseEquation 
 End:   SolvePhaseEquation ; Timer: cpu0=11.188 wall=1.490 
 Start: SolidFiltersProcess: calculate forces and moments
 End:   SolidFiltersProcess: calculate forces and moments; Timer: cpu0=0.000 wall=0.002 
 Start: PrepareDataForNextStep
 End:   PrepareDataForNextStep; Timer: cpu0=0.500 wall=0.039 
 Start: VarValueService
 End:   VarValueService; Timer: cpu0=0.000 wall=0.002 
 Start: UpdateStopperData
 End:   UpdateStopperData; Timer: cpu0=0.000 wall=0.001 
 Start: Saving text status in E:\UniFlight\flow\full_rocket0_fv\data\full_rocket0.status
 End:   Saving text status in E:\UniFlight\flow\full_rocket0_fv\data\full_rocket0.status; Timer: cpu0=0.000 wall=0.002 
 End:   ===== Time Step =====, Iter number =  113; Timer: cpu0=13.031 wall=1.820 

20.06.26 15:57:35  ===== Processing Layers =====
20.06.26 15:57:35    *SEND* for CScalarLayer, GUID=7641E21B-8224-4159-9F24-74BCFE28891B
 Start: ComputeVolumeCharacteristics
 End:   ComputeVolumeCharacteristics; Timer: cpu0=0.000 wall=0.004 
 Start: GetValueOnFacets
 End:   GetValueOnFacets; Timer: cpu0=0.156 wall=0.014 
20.06.26 15:57:35    *SEND* for CIntegralCharsLayer, GUID=4E090A0C-544B-E4A2-4242-BEC451D7CD2B
20.06.26 15:57:35    *SEND* for CIntegralCharsLayer, GUID=F89DB856-096A-C78A-52DA-9AF764E60355
20.06.26 15:57:35    *SEND* for CIntegralCharsLayer, GUID=1F3B9B3A-6498-80C8-3F3C-86FD4C134ECD
 End:   ===== Processing Layers =====; Timer: cpu0=0.156 wall=0.039 

20.06.26 15:57:35  ===== New Time Step =====, Iter number =  114
 Start: TimeServis
 End:   TimeServis; Timer: cpu0=0.422 wall=0.035 
 Start: User modules' functions BeforeTimeStep() are calling
 End:   User modules' functions BeforeTimeStep() are calling; Timer: cpu0=0.000 wall=0.002 
 Start: Adaptation, TotalRealCellsCount= 95994 
 End:   Adaptation; Timer: cpu0=0.000 wall=0.005 
 Start: Initialize data arrays on chips
 End:   Initialize data arrays on chips, res= 0; Timer: cpu0=0.000 wall=0.002 
  ***** Maximum Geometrical Gauss = 1.69281e-14, cell= 389:5:7:3:0
  ***** Maximum MovingSurf  Gauss = 0, cell= 
 Start: Initialize data arrays on chips
 End:   Initialize data arrays on chips, res= 0; Timer: cpu0=0.000 wall=0.002 
 Start: TimeServis
 End:   TimeServis; Timer: cpu0=0.391 wall=0.046 
 Start: FindEnclaves
 End:   FindEnclaves; Timer: cpu0=0.266 wall=0.110 
 Start: VarValueService
 End:   VarValueService; Timer: cpu0=0.000 wall=0.001 
 Start: SolvePhaseEquation 
 End:   SolvePhaseEquation ; Timer: cpu0=12.234 wall=1.611 
 Start: SolidFiltersProcess: calculate forces and moments
 End:   SolidFiltersProcess: calculate forces and moments; Timer: cpu0=0.000 wall=0.002 
 Start: PrepareDataForNextStep
 End:   PrepareDataForNextStep; Timer: cpu0=0.375 wall=0.041 
 Start: VarValueService
 End:   VarValueService; Timer: cpu0=0.000 wall=0.001 
 Start: UpdateStopperData
 End:   UpdateStopperData; Timer: cpu0=0.000 wall=0.001 
 Start: Saving text status in E:\UniFlight\flow\full_rocket0_fv\data\full_rocket0.status
 End:   Saving text status in E:\UniFlight\flow\full_rocket0_fv\data\full_rocket0.status; Timer: cpu0=0.000 wall=0.002 
 End:   ===== Time Step =====, Iter number =  114; Timer: cpu0=13.859 wall=1.931 

20.06.26 15:57:38  ===== Processing Layers =====
20.06.26 15:57:38    *SEND* for CScalarLayer, GUID=7641E21B-8224-4159-9F24-74BCFE28891B
 Start: ComputeVolumeCharacteristics
 End:   ComputeVolumeCharacteristics; Timer: cpu0=0.000 wall=0.005 
 Start: GetValueOnFacets
 End:   GetValueOnFacets; Timer: cpu0=0.031 wall=0.013 
20.06.26 15:57:38    *SEND* for CIntegralCharsLayer, GUID=4E090A0C-544B-E4A2-4242-BEC451D7CD2B
20.06.26 15:57:38    *SEND* for CIntegralCharsLayer, GUID=F89DB856-096A-C78A-52DA-9AF764E60355
20.06.26 15:57:38    *SEND* for CIntegralCharsLayer, GUID=1F3B9B3A-6498-80C8-3F3C-86FD4C134ECD
 End:   ===== Processing Layers =====; Timer: cpu0=0.062 wall=0.036 

20.06.26 15:57:38  ===== New Time Step =====, Iter number =  115
 Start: TimeServis
 End:   TimeServis; Timer: cpu0=0.344 wall=0.033 
 Start: User modules' functions BeforeTimeStep() are calling
 End:   User modules' functions BeforeTimeStep() are calling; Timer: cpu0=0.000 wall=0.002 
 Start: Adaptation, TotalRealCellsCount= 95994 
 End:   Adaptation; Timer: cpu0=0.000 wall=0.004 
 Start: Initialize data arrays on chips
 End:   Initialize data arrays on chips, res= 0; Timer: cpu0=0.000 wall=0.001 
  ***** Maximum Geometrical Gauss = 1.69281e-14, cell= 389:5:7:3:0
  ***** Maximum MovingSurf  Gauss = 0, cell= 
 Start: Initialize data arrays on chips
 End:   Initialize data arrays on chips, res= 0; Timer: cpu0=0.000 wall=0.003 
 Start: TimeServis
 End:   TimeServis; Timer: cpu0=0.516 wall=0.044 
 Start: FindEnclaves
 End:   FindEnclaves; Timer: cpu0=0.109 wall=0.116 
 Start: VarValueService
 End:   VarValueService; Timer: cpu0=0.000 wall=0.001 
 Start: SolvePhaseEquation 
 End:   SolvePhaseEquation ; Timer: cpu0=13.078 wall=1.779 
 Start: SolidFiltersProcess: calculate forces and moments
 End:   SolidFiltersProcess: calculate forces and moments; Timer: cpu0=0.000 wall=0.003 
 Start: PrepareDataForNextStep
 End:   PrepareDataForNextStep; Timer: cpu0=0.297 wall=0.046 
 Start: VarValueService
 End:   VarValueService; Timer: cpu0=0.000 wall=0.001 
 Start: UpdateStopperData
 End:   UpdateStopperData; Timer: cpu0=0.000 wall=0.001 
 Start: Saving text status in E:\UniFlight\flow\full_rocket0_fv\data\full_rocket0.status
 End:   Saving text status in E:\UniFlight\flow\full_rocket0_fv\data\full_rocket0.status; Timer: cpu0=0.000 wall=0.003 
 End:   ===== Time Step =====, Iter number =  115; Timer: cpu0=14.688 wall=2.102 

20.06.26 15:57:40  ===== Processing Layers =====
20.06.26 15:57:40    *SEND* for CScalarLayer, GUID=7641E21B-8224-4159-9F24-74BCFE28891B
 Start: ComputeVolumeCharacteristics
 End:   ComputeVolumeCharacteristics; Timer: cpu0=0.000 wall=0.004 
 Start: GetValueOnFacets
 End:   GetValueOnFacets; Timer: cpu0=0.172 wall=0.014 
20.06.26 15:57:40    *SEND* for CIntegralCharsLayer, GUID=4E090A0C-544B-E4A2-4242-BEC451D7CD2B
20.06.26 15:57:40    *SEND* for CIntegralCharsLayer, GUID=F89DB856-096A-C78A-52DA-9AF764E60355
20.06.26 15:57:40    *SEND* for CIntegralCharsLayer, GUID=1F3B9B3A-6498-80C8-3F3C-86FD4C134ECD
 End:   ===== Processing Layers =====; Timer: cpu0=0.312 wall=0.037 

20.06.26 15:57:40  ===== New Time Step =====, Iter number =  116
 Start: TimeServis
 End:   TimeServis; Timer: cpu0=0.359 wall=0.033 
 Start: User modules' functions BeforeTimeStep() are calling
 End:   User modules' functions BeforeTimeStep() are calling; Timer: cpu0=0.000 wall=0.002 
 Start: Adaptation, TotalRealCellsCount= 95994 
 End:   Adaptation; Timer: cpu0=0.000 wall=0.005 
 Start: Initialize data arrays on chips
 End:   Initialize data arrays on chips, res= 0; Timer: cpu0=0.000 wall=0.003 
  ***** Maximum Geometrical Gauss = 1.69281e-14, cell= 389:5:7:3:0
  ***** Maximum MovingSurf  Gauss = 0, cell= 
 Start: Initialize data arrays on chips
 End:   Initialize data arrays on chips, res= 0; Timer: cpu0=0.000 wall=0.003 
 Start: TimeServis
 End:   TimeServis; Timer: cpu0=0.375 wall=0.043 
 Start: FindEnclaves
 End:   FindEnclaves; Timer: cpu0=0.109 wall=0.113 
 Start: VarValueService
 End:   VarValueService; Timer: cpu0=0.000 wall=0.002 
 Start: SolvePhaseEquation 
 End:   SolvePhaseEquation ; Timer: cpu0=12.219 wall=1.578 
 Start: SolidFiltersProcess: calculate forces and moments
 End:   SolidFiltersProcess: calculate forces and moments; Timer: cpu0=0.000 wall=0.002 
 Start: PrepareDataForNextStep
 End:   PrepareDataForNextStep; Timer: cpu0=0.359 wall=0.043 
 Start: VarValueService
 End:   VarValueService; Timer: cpu0=0.000 wall=0.002 
 Start: UpdateStopperData
 End:   UpdateStopperData; Timer: cpu0=0.000 wall=0.001 
 Start: Saving text status in E:\UniFlight\flow\full_rocket0_fv\data\full_rocket0.status
 End:   Saving text status in E:\UniFlight\flow\full_rocket0_fv\data\full_rocket0.status; Timer: cpu0=0.000 wall=0.003 
 End:   ===== Time Step =====, Iter number =  116; Timer: cpu0=13.594 wall=1.898 

20.06.26 15:57:42  ===== Processing Layers =====
20.06.26 15:57:42    *SEND* for CScalarLayer, GUID=7641E21B-8224-4159-9F24-74BCFE28891B
 Start: ComputeVolumeCharacteristics
 End:   ComputeVolumeCharacteristics; Timer: cpu0=0.000 wall=0.004 
 Start: GetValueOnFacets
 End:   GetValueOnFacets; Timer: cpu0=0.031 wall=0.011 
20.06.26 15:57:42    *SEND* for CIntegralCharsLayer, GUID=4E090A0C-544B-E4A2-4242-BEC451D7CD2B
20.06.26 15:57:42    *SEND* for CIntegralCharsLayer, GUID=F89DB856-096A-C78A-52DA-9AF764E60355
20.06.26 15:57:42    *SEND* for CIntegralCharsLayer, GUID=1F3B9B3A-6498-80C8-3F3C-86FD4C134ECD
 End:   ===== Processing Layers =====; Timer: cpu0=0.203 wall=0.033 

20.06.26 15:57:42  ===== New Time Step =====, Iter number =  117
 Start: TimeServis
 End:   TimeServis; Timer: cpu0=0.375 wall=0.038 
 Start: User modules' functions BeforeTimeStep() are calling
 End:   User modules' functions BeforeTimeStep() are calling; Timer: cpu0=0.000 wall=0.003 
 Start: Adaptation, TotalRealCellsCount= 95994 
 End:   Adaptation; Timer: cpu0=0.125 wall=0.005 
 Start: Initialize data arrays on chips
 End:   Initialize data arrays on chips, res= 0; Timer: cpu0=0.000 wall=0.002 
  ***** Maximum Geometrical Gauss = 1.69281e-14, cell= 389:5:7:3:0
  ***** Maximum MovingSurf  Gauss = 0, cell= 
 Start: Initialize data arrays on chips
 End:   Initialize data arrays on chips, res= 0; Timer: cpu0=0.000 wall=0.002 
 Start: TimeServis
 End:   TimeServis; Timer: cpu0=0.484 wall=0.050 
 Start: FindEnclaves
 End:   FindEnclaves; Timer: cpu0=0.094 wall=0.100 
 Start: VarValueService
 End:   VarValueService; Timer: cpu0=0.000 wall=0.002 
 Start: SolvePhaseEquation 
 End:   SolvePhaseEquation ; Timer: cpu0=11.125 wall=1.473 
 Start: SolidFiltersProcess: calculate forces and moments
 End:   SolidFiltersProcess: calculate forces and moments; Timer: cpu0=0.000 wall=0.002 
 Start: PrepareDataForNextStep
 End:   PrepareDataForNextStep; Timer: cpu0=0.234 wall=0.043 
 Start: VarValueService
 End:   VarValueService; Timer: cpu0=0.000 wall=0.002 
 Start: UpdateStopperData
 End:   UpdateStopperData; Timer: cpu0=0.000 wall=0.001 
 Start: Saving text status in E:\UniFlight\flow\full_rocket0_fv\data\full_rocket0.status
 End:   Saving text status in E:\UniFlight\flow\full_rocket0_fv\data\full_rocket0.status; Timer: cpu0=0.000 wall=0.002 
 End:   ===== Time Step =====, Iter number =  117; Timer: cpu0=12.703 wall=1.795 

20.06.26 15:57:44  ===== Processing Layers =====
20.06.26 15:57:44    *SEND* for CScalarLayer, GUID=7641E21B-8224-4159-9F24-74BCFE28891B
 Start: ComputeVolumeCharacteristics
 End:   ComputeVolumeCharacteristics; Timer: cpu0=0.000 wall=0.005 
 Start: GetValueOnFacets
 End:   GetValueOnFacets; Timer: cpu0=0.156 wall=0.014 
20.06.26 15:57:44    *SEND* for CIntegralCharsLayer, GUID=4E090A0C-544B-E4A2-4242-BEC451D7CD2B
20.06.26 15:57:44    *SEND* for CIntegralCharsLayer, GUID=F89DB856-096A-C78A-52DA-9AF764E60355
20.06.26 15:57:44    *SEND* for CIntegralCharsLayer, GUID=1F3B9B3A-6498-80C8-3F3C-86FD4C134ECD
 End:   ===== Processing Layers =====; Timer: cpu0=0.156 wall=0.039 

20.06.26 15:57:44  ===== New Time Step =====, Iter number =  118
 Start: TimeServis
 End:   TimeServis; Timer: cpu0=0.453 wall=0.035 
 Start: User modules' functions BeforeTimeStep() are calling
 End:   User modules' functions BeforeTimeStep() are calling; Timer: cpu0=0.000 wall=0.003 
 Start: Adaptation, TotalRealCellsCount= 95994 
 End:   Adaptation; Timer: cpu0=0.172 wall=0.005 
 Start: Initialize data arrays on chips
 End:   Initialize data arrays on chips, res= 0; Timer: cpu0=0.000 wall=0.002 
  ***** Maximum Geometrical Gauss = 1.69281e-14, cell= 389:5:7:3:0
  ***** Maximum MovingSurf  Gauss = 0, cell= 
 Start: Initialize data arrays on chips
 End:   Initialize data arrays on chips, res= 0; Timer: cpu0=0.000 wall=0.002 
 Start: TimeServis
 End:   TimeServis; Timer: cpu0=0.422 wall=0.047 
 Start: FindEnclaves
 End:   FindEnclaves; Timer: cpu0=0.078 wall=0.092 
 Start: VarValueService
 End:   VarValueService; Timer: cpu0=0.000 wall=0.002 
 Start: SolvePhaseEquation 
 End:   SolvePhaseEquation ; Timer: cpu0=11.672 wall=1.513 
 Start: SolidFiltersProcess: calculate forces and moments
 End:   SolidFiltersProcess: calculate forces and moments; Timer: cpu0=0.000 wall=0.002 
 Start: PrepareDataForNextStep
 End:   PrepareDataForNextStep; Timer: cpu0=0.344 wall=0.038 
 Start: VarValueService
 End:   VarValueService; Timer: cpu0=0.000 wall=0.001 
 Start: UpdateStopperData
 End:   UpdateStopperData; Timer: cpu0=0.000 wall=0.001 
 Start: Saving text status in E:\UniFlight\flow\full_rocket0_fv\data\full_rocket0.status
 End:   Saving text status in E:\UniFlight\flow\full_rocket0_fv\data\full_rocket0.status; Timer: cpu0=0.000 wall=0.003 
 End:   ===== Time Step =====, Iter number =  118; Timer: cpu0=13.438 wall=1.812 

20.06.26 15:57:47  ===== Processing Layers =====
20.06.26 15:57:47    *SEND* for CScalarLayer, GUID=7641E21B-8224-4159-9F24-74BCFE28891B
 Start: ComputeVolumeCharacteristics
 End:   ComputeVolumeCharacteristics; Timer: cpu0=0.000 wall=0.004 
 Start: GetValueOnFacets
 End:   GetValueOnFacets; Timer: cpu0=0.172 wall=0.011 
20.06.26 15:57:47    *SEND* for CIntegralCharsLayer, GUID=4E090A0C-544B-E4A2-4242-BEC451D7CD2B
20.06.26 15:57:47    *SEND* for CIntegralCharsLayer, GUID=F89DB856-096A-C78A-52DA-9AF764E60355
20.06.26 15:57:47    *SEND* for CIntegralCharsLayer, GUID=1F3B9B3A-6498-80C8-3F3C-86FD4C134ECD
 End:   ===== Processing Layers =====; Timer: cpu0=0.172 wall=0.035 

20.06.26 15:57:47  ===== New Time Step =====, Iter number =  119
 Start: TimeServis
 End:   TimeServis; Timer: cpu0=0.188 wall=0.033 
 Start: User modules' functions BeforeTimeStep() are calling
 End:   User modules' functions BeforeTimeStep() are calling; Timer: cpu0=0.000 wall=0.003 
 Start: Adaptation, TotalRealCellsCount= 95994 
 End:   Adaptation; Timer: cpu0=0.000 wall=0.004 
 Start: Initialize data arrays on chips
 End:   Initialize data arrays on chips, res= 0; Timer: cpu0=0.000 wall=0.002 
  ***** Maximum Geometrical Gauss = 1.69281e-14, cell= 389:5:7:3:0
  ***** Maximum MovingSurf  Gauss = 0, cell= 
 Start: Initialize data arrays on chips
 End:   Initialize data arrays on chips, res= 0; Timer: cpu0=0.172 wall=0.002 
 Start: TimeServis
 End:   TimeServis; Timer: cpu0=0.203 wall=0.039 
 Start: FindEnclaves
 End:   FindEnclaves; Timer: cpu0=0.094 wall=0.095 
 Start: VarValueService
 End:   VarValueService; Timer: cpu0=0.000 wall=0.002 
 Start: SolvePhaseEquation 
 End:   SolvePhaseEquation ; Timer: cpu0=12.406 wall=1.482 
 Start: SolidFiltersProcess: calculate forces and moments
 End:   SolidFiltersProcess: calculate forces and moments; Timer: cpu0=0.000 wall=0.002 
 Start: PrepareDataForNextStep
 End:   PrepareDataForNextStep; Timer: cpu0=0.391 wall=0.040 
 Start: VarValueService
 End:   VarValueService; Timer: cpu0=0.000 wall=0.003 
 Start: UpdateStopperData
 End:   UpdateStopperData; Timer: cpu0=0.000 wall=0.001 
 Start: Saving text status in E:\UniFlight\flow\full_rocket0_fv\data\full_rocket0.status
 End:   Saving text status in E:\UniFlight\flow\full_rocket0_fv\data\full_rocket0.status; Timer: cpu0=0.000 wall=0.002 
 End:   ===== Time Step =====, Iter number =  119; Timer: cpu0=13.938 wall=1.770 

20.06.26 15:57:49  ===== Processing Layers =====
20.06.26 15:57:49    *SEND* for CScalarLayer, GUID=7641E21B-8224-4159-9F24-74BCFE28891B
 Start: ComputeVolumeCharacteristics
 End:   ComputeVolumeCharacteristics; Timer: cpu0=0.000 wall=0.004 
 Start: GetValueOnFacets
 End:   GetValueOnFacets; Timer: cpu0=0.172 wall=0.013 
20.06.26 15:57:49    *SEND* for CIntegralCharsLayer, GUID=4E090A0C-544B-E4A2-4242-BEC451D7CD2B
20.06.26 15:57:49    *SEND* for CIntegralCharsLayer, GUID=F89DB856-096A-C78A-52DA-9AF764E60355
20.06.26 15:57:49    *SEND* for CIntegralCharsLayer, GUID=1F3B9B3A-6498-80C8-3F3C-86FD4C134ECD
 End:   ===== Processing Layers =====; Timer: cpu0=0.312 wall=0.037 

20.06.26 15:57:49  ===== New Time Step =====, Iter number =  120
 Start: TimeServis
 End:   TimeServis; Timer: cpu0=0.438 wall=0.036 
 Start: User modules' functions BeforeTimeStep() are calling
 End:   User modules' functions BeforeTimeStep() are calling; Timer: cpu0=0.000 wall=0.001 
 Start: Adaptation, TotalRealCellsCount= 95994 
 End:   Adaptation; Timer: cpu0=6.109 wall=0.828 
 Start: DistributeGridOnProcessors
 End:   DistributeGridOnProcessors, res= 0; Timer: cpu0=1.078 wall=0.266 
 Start: SetNeiHyperCells
 End:   SetNeiHyperCells, res= 0; Timer: cpu0=0.000 wall=0.007 
 Start: BuildFacetDistribution
 End:   BuildFacetDistribution; Timer: cpu0=0.000 wall=0.002 
 Start: Initialize data arrays on chips
 End:   Initialize data arrays on chips, res= 0; Timer: cpu0=0.000 wall=0.002 
  ***** Maximum Geometrical Gauss = 1.59614e-14, cell= 479:7:7:3:0
  ***** Maximum MovingSurf  Gauss = 1.04967e-14, cell= 54:0:0:2:0
 Start: Remove Small Cells
 End:   Remove Small Cells; Timer: cpu0=0.266 wall=0.025 
 Start: Initialize data arrays on chips
 End:   Initialize data arrays on chips, res= 0; Timer: cpu0=0.000 wall=0.002 
  ***** Maximum Geometrical Gauss = 1.59614e-14, cell= 479:7:7:3:0
  ***** Maximum MovingSurf  Gauss = 1.04967e-14, cell= 54:0:0:2:0
 Start: Initialize data arrays on chips
 End:   Initialize data arrays on chips, res= 0; Timer: cpu0=0.000 wall=0.002 
 Start: Modify Chip Data
 End:   Modify Chip Data; Timer: cpu0=0.328 wall=0.045 
 Start: TimeServis
 End:   TimeServis; Timer: cpu0=0.500 wall=0.056 
 Start: FindEnclaves
 End:   FindEnclaves; Timer: cpu0=0.203 wall=0.107 
 Start: VarValueService
 End:   VarValueService; Timer: cpu0=0.000 wall=0.002 
 Start: SolvePhaseEquation 
 End:   SolvePhaseEquation ; Timer: cpu0=14.328 wall=1.799 
 Start: SolidFiltersProcess: calculate forces and moments
 End:   SolidFiltersProcess: calculate forces and moments; Timer: cpu0=0.000 wall=0.002 
 Start: PrepareDataForNextStep
 End:   PrepareDataForNextStep; Timer: cpu0=0.422 wall=0.046 
 Start: VarValueService
 End:   VarValueService; Timer: cpu0=0.000 wall=0.002 
 Start: UpdateStopperData
 End:   UpdateStopperData; Timer: cpu0=0.000 wall=0.001 
 Start: Saving text status in E:\UniFlight\flow\full_rocket0_fv\data\full_rocket0.status
 End:   Saving text status in E:\UniFlight\flow\full_rocket0_fv\data\full_rocket0.status; Timer: cpu0=0.000 wall=0.003 
 End:   ===== Time Step =====, Iter number =  120; Timer: cpu0=23.953 wall=3.339 

20.06.26 15:57:52  ===== Processing Layers =====
20.06.26 15:57:52    *SEND* for CScalarLayer, GUID=7641E21B-8224-4159-9F24-74BCFE28891B
 Start: ComputeVolumeCharacteristics
 End:   ComputeVolumeCharacteristics; Timer: cpu0=0.000 wall=0.005 
 Start: GetValueOnFacets
 End:   GetValueOnFacets; Timer: cpu0=0.000 wall=0.013 
20.06.26 15:57:52    *SEND* for CIntegralCharsLayer, GUID=4E090A0C-544B-E4A2-4242-BEC451D7CD2B
20.06.26 15:57:52    *SEND* for CIntegralCharsLayer, GUID=F89DB856-096A-C78A-52DA-9AF764E60355
20.06.26 15:57:52    *SEND* for CIntegralCharsLayer, GUID=1F3B9B3A-6498-80C8-3F3C-86FD4C134ECD
 End:   ===== Processing Layers =====; Timer: cpu0=0.000 wall=0.041 

20.06.26 15:57:52  ===== New Time Step =====, Iter number =  121
 Start: TimeServis
 End:   TimeServis; Timer: cpu0=0.328 wall=0.039 
 Start: User modules' functions BeforeTimeStep() are calling
 End:   User modules' functions BeforeTimeStep() are calling; Timer: cpu0=0.000 wall=0.002 
 Start: Adaptation, TotalRealCellsCount= 108769 
 End:   Adaptation; Timer: cpu0=6.188 wall=0.886 
 Start: DistributeGridOnProcessors
 End:   DistributeGridOnProcessors, res= 0; Timer: cpu0=0.734 wall=0.239 
 Start: SetNeiHyperCells
 End:   SetNeiHyperCells, res= 0; Timer: cpu0=0.156 wall=0.007 
 Start: BuildFacetDistribution
 End:   BuildFacetDistribution; Timer: cpu0=0.000 wall=0.002 
 Start: Initialize data arrays on chips
 End:   Initialize data arrays on chips, res= 0; Timer: cpu0=0.000 wall=0.002 
  ***** Maximum Geometrical Gauss = 1.59614e-14, cell= 479:7:7:3:0
  ***** Maximum MovingSurf  Gauss = 1.04967e-14, cell= 54:0:0:0
 Start: Remove Small Cells
 End:   Remove Small Cells; Timer: cpu0=0.188 wall=0.020 
 Start: Initialize data arrays on chips
 End:   Initialize data arrays on chips, res= 0; Timer: cpu0=0.000 wall=0.003 
  ***** Maximum Geometrical Gauss = 1.59614e-14, cell= 479:7:7:3:0
  ***** Maximum MovingSurf  Gauss = 1.04967e-14, cell= 54:0:0:0
 Start: Initialize data arrays on chips
 End:   Initialize data arrays on chips, res= 0; Timer: cpu0=0.000 wall=0.003 
 Start: Modify Chip Data
 End:   Modify Chip Data; Timer: cpu0=0.344 wall=0.037 
 Start: TimeServis
 End:   TimeServis; Timer: cpu0=0.406 wall=0.046 
 Start: FindEnclaves
 End:   FindEnclaves; Timer: cpu0=0.094 wall=0.108 
 Start: VarValueService
 End:   VarValueService; Timer: cpu0=0.000 wall=0.002 
 Start: SolvePhaseEquation 
 End:   SolvePhaseEquation ; Timer: cpu0=11.781 wall=1.634 
 Start: SolidFiltersProcess: calculate forces and moments
 End:   SolidFiltersProcess: calculate forces and moments; Timer: cpu0=0.000 wall=0.002 
 Start: PrepareDataForNextStep
 End:   PrepareDataForNextStep; Timer: cpu0=0.219 wall=0.042 
 Start: VarValueService
 End:   VarValueService; Timer: cpu0=0.000 wall=0.001 
 Start: UpdateStopperData
 End:   UpdateStopperData; Timer: cpu0=0.000 wall=0.001 
 Start: Saving text status in E:\UniFlight\flow\full_rocket0_fv\data\full_rocket0.status
 End:   Saving text status in E:\UniFlight\flow\full_rocket0_fv\data\full_rocket0.status; Timer: cpu0=0.000 wall=0.002 
 End:   ===== Time Step =====, Iter number =  121; Timer: cpu0=20.609 wall=3.175 

20.06.26 15:57:56  ===== Processing Layers =====
20.06.26 15:57:56    *SEND* for CScalarLayer, GUID=7641E21B-8224-4159-9F24-74BCFE28891B
 Start: ComputeVolumeCharacteristics
 End:   ComputeVolumeCharacteristics; Timer: cpu0=0.000 wall=0.005 
 Start: GetValueOnFacets
 End:   GetValueOnFacets; Timer: cpu0=0.000 wall=0.013 
20.06.26 15:57:56    *SEND* for CIntegralCharsLayer, GUID=4E090A0C-544B-E4A2-4242-BEC451D7CD2B
20.06.26 15:57:56    *SEND* for CIntegralCharsLayer, GUID=F89DB856-096A-C78A-52DA-9AF764E60355
20.06.26 15:57:56    *SEND* for CIntegralCharsLayer, GUID=1F3B9B3A-6498-80C8-3F3C-86FD4C134ECD
 End:   ===== Processing Layers =====; Timer: cpu0=0.000 wall=0.036 

20.06.26 15:57:56  ===== New Time Step =====, Iter number =  122
 Start: TimeServis
 End:   TimeServis; Timer: cpu0=0.219 wall=0.035 
 Start: User modules' functions BeforeTimeStep() are calling
 End:   User modules' functions BeforeTimeStep() are calling; Timer: cpu0=0.000 wall=0.003 
 Start: Adaptation, TotalRealCellsCount= 95525 
 End:   Adaptation; Timer: cpu0=0.000 wall=0.005 
 Start: Initialize data arrays on chips
 End:   Initialize data arrays on chips, res= 0; Timer: cpu0=0.000 wall=0.002 
  ***** Maximum Geometrical Gauss = 1.59614e-14, cell= 479:7:7:3:0
  ***** Maximum MovingSurf  Gauss = 0, cell= 
 Start: Initialize data arrays on chips
 End:   Initialize data arrays on chips, res= 0; Timer: cpu0=0.000 wall=0.002 
 Start: TimeServis
 End:   TimeServis; Timer: cpu0=0.328 wall=0.045 
 Start: FindEnclaves
 End:   FindEnclaves; Timer: cpu0=0.109 wall=0.114 
 Start: VarValueService
 End:   VarValueService; Timer: cpu0=0.000 wall=0.001 
 Start: SolvePhaseEquation 
 End:   SolvePhaseEquation ; Timer: cpu0=11.906 wall=1.488 
 Start: SolidFiltersProcess: calculate forces and moments
 End:   SolidFiltersProcess: calculate forces and moments; Timer: cpu0=0.000 wall=0.002 
 Start: PrepareDataForNextStep
 End:   PrepareDataForNextStep; Timer: cpu0=0.344 wall=0.041 
 Start: VarValueService
 End:   VarValueService; Timer: cpu0=0.000 wall=0.002 
 Start: UpdateStopperData
 End:   UpdateStopperData; Timer: cpu0=0.000 wall=0.001 
 Start: Saving text status in E:\UniFlight\flow\full_rocket0_fv\data\full_rocket0.status
 End:   Saving text status in E:\UniFlight\flow\full_rocket0_fv\data\full_rocket0.status; Timer: cpu0=0.000 wall=0.002 
 End:   ===== Time Step =====, Iter number =  122; Timer: cpu0=13.234 wall=1.809 

20.06.26 15:57:58  ===== Processing Layers =====
20.06.26 15:57:58    *SEND* for CScalarLayer, GUID=7641E21B-8224-4159-9F24-74BCFE28891B
 Start: ComputeVolumeCharacteristics
 End:   ComputeVolumeCharacteristics; Timer: cpu0=0.000 wall=0.004 
 Start: GetValueOnFacets
 End:   GetValueOnFacets; Timer: cpu0=0.172 wall=0.013 
20.06.26 15:57:58    *SEND* for CIntegralCharsLayer, GUID=4E090A0C-544B-E4A2-4242-BEC451D7CD2B
20.06.26 15:57:58    *SEND* for CIntegralCharsLayer, GUID=F89DB856-096A-C78A-52DA-9AF764E60355
20.06.26 15:57:58    *SEND* for CIntegralCharsLayer, GUID=1F3B9B3A-6498-80C8-3F3C-86FD4C134ECD
 End:   ===== Processing Layers =====; Timer: cpu0=0.328 wall=0.034 

20.06.26 15:57:58  ===== New Time Step =====, Iter number =  123
 Start: TimeServis
 End:   TimeServis; Timer: cpu0=0.328 wall=0.034 
 Start: User modules' functions BeforeTimeStep() are calling
 End:   User modules' functions BeforeTimeStep() are calling; Timer: cpu0=0.000 wall=0.002 
 Start: Adaptation, TotalRealCellsCount= 95525 
 End:   Adaptation; Timer: cpu0=0.000 wall=0.004 
 Start: Initialize data arrays on chips
 End:   Initialize data arrays on chips, res= 0; Timer: cpu0=0.000 wall=0.002 
  ***** Maximum Geometrical Gauss = 1.59614e-14, cell= 479:7:7:3:0
  ***** Maximum MovingSurf  Gauss = 0, cell= 
 Start: Initialize data arrays on chips
 End:   Initialize data arrays on chips, res= 0; Timer: cpu0=0.000 wall=0.002 
 Start: TimeServis
 End:   TimeServis; Timer: cpu0=0.234 wall=0.040 
 Start: FindEnclaves
 End:   FindEnclaves; Timer: cpu0=0.078 wall=0.083 
 Start: VarValueService
 End:   VarValueService; Timer: cpu0=0.000 wall=0.001 
 Start: SolvePhaseEquation 
 End:   SolvePhaseEquation ; Timer: cpu0=11.312 wall=1.491 
 Start: SolidFiltersProcess: calculate forces and moments
 End:   SolidFiltersProcess: calculate forces and moments; Timer: cpu0=0.000 wall=0.002 
 Start: PrepareDataForNextStep
 End:   PrepareDataForNextStep; Timer: cpu0=0.422 wall=0.042 
 Start: VarValueService
 End:   VarValueService; Timer: cpu0=0.000 wall=0.001 
 Start: UpdateStopperData
 End:   UpdateStopperData; Timer: cpu0=0.000 wall=0.002 
 Start: Saving text status in E:\UniFlight\flow\full_rocket0_fv\data\full_rocket0.status
 End:   Saving text status in E:\UniFlight\flow\full_rocket0_fv\data\full_rocket0.status; Timer: cpu0=0.000 wall=0.002 
 End:   ===== Time Step =====, Iter number =  123; Timer: cpu0=12.875 wall=1.776 

20.06.26 15:58:00  ===== Processing Layers =====
20.06.26 15:58:00    *SEND* for CScalarLayer, GUID=7641E21B-8224-4159-9F24-74BCFE28891B
 Start: ComputeVolumeCharacteristics
 End:   ComputeVolumeCharacteristics; Timer: cpu0=0.000 wall=0.006 
 Start: GetValueOnFacets
 End:   GetValueOnFacets; Timer: cpu0=0.016 wall=0.012 
20.06.26 15:58:00    *SEND* for CIntegralCharsLayer, GUID=4E090A0C-544B-E4A2-4242-BEC451D7CD2B
20.06.26 15:58:00    *SEND* for CIntegralCharsLayer, GUID=F89DB856-096A-C78A-52DA-9AF764E60355
20.06.26 15:58:00    *SEND* for CIntegralCharsLayer, GUID=1F3B9B3A-6498-80C8-3F3C-86FD4C134ECD
 End:   ===== Processing Layers =====; Timer: cpu0=0.016 wall=0.035 

20.06.26 15:58:00  ===== New Time Step =====, Iter number =  124
 Start: TimeServis
 End:   TimeServis; Timer: cpu0=0.328 wall=0.033 
 Start: User modules' functions BeforeTimeStep() are calling
 End:   User modules' functions BeforeTimeStep() are calling; Timer: cpu0=0.000 wall=0.003 
 Start: Adaptation, TotalRealCellsCount= 95525 
 End:   Adaptation; Timer: cpu0=0.000 wall=0.004 
 Start: Initialize data arrays on chips
 End:   Initialize data arrays on chips, res= 0; Timer: cpu0=0.000 wall=0.002 
  ***** Maximum Geometrical Gauss = 1.59614e-14, cell= 479:7:7:3:0
  ***** Maximum MovingSurf  Gauss = 0, cell= 
 Start: Initialize data arrays on chips
 End:   Initialize data arrays on chips, res= 0; Timer: cpu0=0.000 wall=0.002 
 Start: TimeServis
 End:   TimeServis; Timer: cpu0=0.438 wall=0.043 
 Start: FindEnclaves
 End:   FindEnclaves; Timer: cpu0=0.219 wall=0.096 
 Start: VarValueService
 End:   VarValueService; Timer: cpu0=0.000 wall=0.001 
 Start: SolvePhaseEquation 
 End:   SolvePhaseEquation ; Timer: cpu0=12.281 wall=1.502 
 Start: SolidFiltersProcess: calculate forces and moments
 End:   SolidFiltersProcess: calculate forces and moments; Timer: cpu0=0.000 wall=0.002 
 Start: PrepareDataForNextStep
 End:   PrepareDataForNextStep; Timer: cpu0=0.406 wall=0.040 
 Start: VarValueService
 End:   VarValueService; Timer: cpu0=0.000 wall=0.002 
 Start: UpdateStopperData
 End:   UpdateStopperData; Timer: cpu0=0.000 wall=0.001 
 Start: Saving text status in E:\UniFlight\flow\full_rocket0_fv\data\full_rocket0.status
 End:   Saving text status in E:\UniFlight\flow\full_rocket0_fv\data\full_rocket0.status; Timer: cpu0=0.000 wall=0.003 
 End:   ===== Time Step =====, Iter number =  124; Timer: cpu0=13.844 wall=1.805 

20.06.26 15:58:02  ===== Processing Layers =====
20.06.26 15:58:02    *SEND* for CScalarLayer, GUID=7641E21B-8224-4159-9F24-74BCFE28891B
 Start: ComputeVolumeCharacteristics
 End:   ComputeVolumeCharacteristics; Timer: cpu0=0.000 wall=0.004 
 Start: GetValueOnFacets
 End:   GetValueOnFacets; Timer: cpu0=0.141 wall=0.015 
20.06.26 15:58:02    *SEND* for CIntegralCharsLayer, GUID=4E090A0C-544B-E4A2-4242-BEC451D7CD2B
20.06.26 15:58:02    *SEND* for CIntegralCharsLayer, GUID=F89DB856-096A-C78A-52DA-9AF764E60355
20.06.26 15:58:02    *SEND* for CIntegralCharsLayer, GUID=1F3B9B3A-6498-80C8-3F3C-86FD4C134ECD
 End:   ===== Processing Layers =====; Timer: cpu0=0.312 wall=0.038 

20.06.26 15:58:02  ===== New Time Step =====, Iter number =  125
 Start: TimeServis
 End:   TimeServis; Timer: cpu0=0.453 wall=0.040 
 Start: User modules' functions BeforeTimeStep() are calling
 End:   User modules' functions BeforeTimeStep() are calling; Timer: cpu0=0.000 wall=0.004 
 Start: Adaptation, TotalRealCellsCount= 95525 
 End:   Adaptation; Timer: cpu0=0.000 wall=0.004 
 Start: Initialize data arrays on chips
 End:   Initialize data arrays on chips, res= 0; Timer: cpu0=0.000 wall=0.003 
  ***** Maximum Geometrical Gauss = 1.59614e-14, cell= 479:7:7:3:0
  ***** Maximum MovingSurf  Gauss = 0, cell= 
 Start: Initialize data arrays on chips
 End:   Initialize data arrays on chips, res= 0; Timer: cpu0=0.000 wall=0.003 
 Start: TimeServis
 End:   TimeServis; Timer: cpu0=0.516 wall=0.040 
 Start: FindEnclaves
 End:   FindEnclaves; Timer: cpu0=0.266 wall=0.100 
 Start: VarValueService
 End:   VarValueService; Timer: cpu0=0.000 wall=0.001 
 Start: SolvePhaseEquation 
 End:   SolvePhaseEquation ; Timer: cpu0=12.438 wall=1.466 
 Start: SolidFiltersProcess: calculate forces and moments
 End:   SolidFiltersProcess: calculate forces and moments; Timer: cpu0=0.000 wall=0.002 
 Start: PrepareDataForNextStep
 End:   PrepareDataForNextStep; Timer: cpu0=0.453 wall=0.040 
 Start: VarValueService
 End:   VarValueService; Timer: cpu0=0.000 wall=0.002 
 Start: UpdateStopperData
 End:   UpdateStopperData; Timer: cpu0=0.000 wall=0.001 
 Start: Saving text status in E:\UniFlight\flow\full_rocket0_fv\data\full_rocket0.status
 End:   Saving text status in E:\UniFlight\flow\full_rocket0_fv\data\full_rocket0.status; Timer: cpu0=0.016 wall=0.002 
 End:   ===== Time Step =====, Iter number =  125; Timer: cpu0=14.484 wall=1.773 

20.06.26 15:58:04  ===== Processing Layers =====
20.06.26 15:58:04    *SEND* for CScalarLayer, GUID=7641E21B-8224-4159-9F24-74BCFE28891B
 Start: ComputeVolumeCharacteristics
 End:   ComputeVolumeCharacteristics; Timer: cpu0=0.000 wall=0.004 
 Start: GetValueOnFacets
 End:   GetValueOnFacets; Timer: cpu0=0.156 wall=0.013 
20.06.26 15:58:04    *SEND* for CIntegralCharsLayer, GUID=4E090A0C-544B-E4A2-4242-BEC451D7CD2B
20.06.26 15:58:04    *SEND* for CIntegralCharsLayer, GUID=F89DB856-096A-C78A-52DA-9AF764E60355
20.06.26 15:58:04    *SEND* for CIntegralCharsLayer, GUID=1F3B9B3A-6498-80C8-3F3C-86FD4C134ECD
 End:   ===== Processing Layers =====; Timer: cpu0=0.156 wall=0.034 

20.06.26 15:58:04  ===== New Time Step =====, Iter number =  126
 Start: TimeServis
 End:   TimeServis; Timer: cpu0=0.250 wall=0.032 
 Start: User modules' functions BeforeTimeStep() are calling
 End:   User modules' functions BeforeTimeStep() are calling; Timer: cpu0=0.000 wall=0.003 
 Start: Adaptation, TotalRealCellsCount= 95525 
 End:   Adaptation; Timer: cpu0=0.000 wall=0.004 
 Start: Initialize data arrays on chips
 End:   Initialize data arrays on chips, res= 0; Timer: cpu0=0.000 wall=0.002 
  ***** Maximum Geometrical Gauss = 1.59614e-14, cell= 479:7:7:3:0
  ***** Maximum MovingSurf  Gauss = 0, cell= 
 Start: Initialize data arrays on chips
 End:   Initialize data arrays on chips, res= 0; Timer: cpu0=0.000 wall=0.003 
 Start: TimeServis
 End:   TimeServis; Timer: cpu0=0.344 wall=0.039 
 Start: FindEnclaves
 End:   FindEnclaves; Timer: cpu0=0.078 wall=0.089 
 Start: VarValueService
 End:   VarValueService; Timer: cpu0=0.000 wall=0.004 
 Start: SolvePhaseEquation 
 End:   SolvePhaseEquation ; Timer: cpu0=12.312 wall=1.471 
 Start: SolidFiltersProcess: calculate forces and moments
 End:   SolidFiltersProcess: calculate forces and moments; Timer: cpu0=0.000 wall=0.002 
 Start: PrepareDataForNextStep
 End:   PrepareDataForNextStep; Timer: cpu0=0.344 wall=0.039 
 Start: VarValueService
 End:   VarValueService; Timer: cpu0=0.000 wall=0.002 
 Start: UpdateStopperData
 End:   UpdateStopperData; Timer: cpu0=0.000 wall=0.001 
 Start: Saving text status in E:\UniFlight\flow\full_rocket0_fv\data\full_rocket0.status
 End:   Saving text status in E:\UniFlight\flow\full_rocket0_fv\data\full_rocket0.status; Timer: cpu0=0.000 wall=0.003 
 End:   ===== Time Step =====, Iter number =  126; Timer: cpu0=13.812 wall=1.755 

20.06.26 15:58:06  ===== Processing Layers =====
20.06.26 15:58:06    *SEND* for CScalarLayer, GUID=7641E21B-8224-4159-9F24-74BCFE28891B
 Start: ComputeVolumeCharacteristics
 End:   ComputeVolumeCharacteristics; Timer: cpu0=0.000 wall=0.004 
 Start: GetValueOnFacets
 End:   GetValueOnFacets; Timer: cpu0=0.016 wall=0.012 
20.06.26 15:58:06    *SEND* for CIntegralCharsLayer, GUID=4E090A0C-544B-E4A2-4242-BEC451D7CD2B
20.06.26 15:58:06    *SEND* for CIntegralCharsLayer, GUID=F89DB856-096A-C78A-52DA-9AF764E60355
20.06.26 15:58:06    *SEND* for CIntegralCharsLayer, GUID=1F3B9B3A-6498-80C8-3F3C-86FD4C134ECD
 End:   ===== Processing Layers =====; Timer: cpu0=0.016 wall=0.034 

20.06.26 15:58:06  ===== New Time Step =====, Iter number =  127
 Start: TimeServis
 End:   TimeServis; Timer: cpu0=0.281 wall=0.034 
 Start: User modules' functions BeforeTimeStep() are calling
 End:   User modules' functions BeforeTimeStep() are calling; Timer: cpu0=0.000 wall=0.003 
 Start: Adaptation, TotalRealCellsCount= 95525 
 End:   Adaptation; Timer: cpu0=0.000 wall=0.004 
 Start: Initialize data arrays on chips
 End:   Initialize data arrays on chips, res= 0; Timer: cpu0=0.000 wall=0.003 
  ***** Maximum Geometrical Gauss = 1.59614e-14, cell= 479:7:7:3:0
  ***** Maximum MovingSurf  Gauss = 0, cell= 
 Start: Initialize data arrays on chips
 End:   Initialize data arrays on chips, res= 0; Timer: cpu0=0.000 wall=0.002 
 Start: TimeServis
 End:   TimeServis; Timer: cpu0=0.312 wall=0.042 
 Start: FindEnclaves
 End:   FindEnclaves; Timer: cpu0=0.109 wall=0.113 
 Start: VarValueService
 End:   VarValueService; Timer: cpu0=0.000 wall=0.002 
 Start: SolvePhaseEquation 
 End:   SolvePhaseEquation ; Timer: cpu0=11.641 wall=1.548 
 Start: SolidFiltersProcess: calculate forces and moments
 End:   SolidFiltersProcess: calculate forces and moments; Timer: cpu0=0.000 wall=0.001 
 Start: PrepareDataForNextStep
 End:   PrepareDataForNextStep; Timer: cpu0=0.391 wall=0.039 
 Start: VarValueService
 End:   VarValueService; Timer: cpu0=0.000 wall=0.001 
 Start: UpdateStopperData
 End:   UpdateStopperData; Timer: cpu0=0.000 wall=0.001 
 Start: Saving text status in E:\UniFlight\flow\full_rocket0_fv\data\full_rocket0.status
 End:   Saving text status in E:\UniFlight\flow\full_rocket0_fv\data\full_rocket0.status; Timer: cpu0=0.000 wall=0.002 
 End:   ===== Time Step =====, Iter number =  127; Timer: cpu0=12.906 wall=1.859 

20.06.26 15:58:08  ===== Processing Layers =====
20.06.26 15:58:08    *SEND* for CScalarLayer, GUID=7641E21B-8224-4159-9F24-74BCFE28891B
 Start: ComputeVolumeCharacteristics
 End:   ComputeVolumeCharacteristics; Timer: cpu0=0.125 wall=0.006 
 Start: GetValueOnFacets
 End:   GetValueOnFacets; Timer: cpu0=0.000 wall=0.010 
20.06.26 15:58:08    *SEND* for CIntegralCharsLayer, GUID=4E090A0C-544B-E4A2-4242-BEC451D7CD2B
20.06.26 15:58:08    *SEND* for CIntegralCharsLayer, GUID=F89DB856-096A-C78A-52DA-9AF764E60355
20.06.26 15:58:08    *SEND* for CIntegralCharsLayer, GUID=1F3B9B3A-6498-80C8-3F3C-86FD4C134ECD
 End:   ===== Processing Layers =====; Timer: cpu0=0.125 wall=0.033 

20.06.26 15:58:08  ===== New Time Step =====, Iter number =  128
 Start: TimeServis
 End:   TimeServis; Timer: cpu0=0.328 wall=0.035 
 Start: User modules' functions BeforeTimeStep() are calling
 End:   User modules' functions BeforeTimeStep() are calling; Timer: cpu0=0.000 wall=0.002 
 Start: Adaptation, TotalRealCellsCount= 95525 
 End:   Adaptation; Timer: cpu0=0.000 wall=0.005 
 Start: Initialize data arrays on chips
 End:   Initialize data arrays on chips, res= 0; Timer: cpu0=0.172 wall=0.002 
  ***** Maximum Geometrical Gauss = 1.59614e-14, cell= 479:7:7:3:0
  ***** Maximum MovingSurf  Gauss = 0, cell= 
 Start: Initialize data arrays on chips
 End:   Initialize data arrays on chips, res= 0; Timer: cpu0=0.000 wall=0.002 
 Start: TimeServis
 End:   TimeServis; Timer: cpu0=0.375 wall=0.046 
 Start: FindEnclaves
 End:   FindEnclaves; Timer: cpu0=0.094 wall=0.108 
 Start: VarValueService
 End:   VarValueService; Timer: cpu0=0.000 wall=0.001 
 Start: SolvePhaseEquation 
 End:   SolvePhaseEquation ; Timer: cpu0=11.328 wall=1.450 
 Start: SolidFiltersProcess: calculate forces and moments
 End:   SolidFiltersProcess: calculate forces and moments; Timer: cpu0=0.000 wall=0.002 
 Start: PrepareDataForNextStep
 End:   PrepareDataForNextStep; Timer: cpu0=0.266 wall=0.041 
 Start: VarValueService
 End:   VarValueService; Timer: cpu0=0.000 wall=0.002 
 Start: UpdateStopperData
 End:   UpdateStopperData; Timer: cpu0=0.000 wall=0.001 
 Start: Saving text status in E:\UniFlight\flow\full_rocket0_fv\data\full_rocket0.status
 End:   Saving text status in E:\UniFlight\flow\full_rocket0_fv\data\full_rocket0.status; Timer: cpu0=0.000 wall=0.002 
 End:   ===== Time Step =====, Iter number =  128; Timer: cpu0=12.766 wall=1.767 

20.06.26 15:58:10  ===== Processing Layers =====
20.06.26 15:58:10    *SEND* for CScalarLayer, GUID=7641E21B-8224-4159-9F24-74BCFE28891B
 Start: ComputeVolumeCharacteristics
 End:   ComputeVolumeCharacteristics; Timer: cpu0=0.000 wall=0.004 
 Start: GetValueOnFacets
 End:   GetValueOnFacets; Timer: cpu0=0.016 wall=0.012 
20.06.26 15:58:10    *SEND* for CIntegralCharsLayer, GUID=4E090A0C-544B-E4A2-4242-BEC451D7CD2B
20.06.26 15:58:10    *SEND* for CIntegralCharsLayer, GUID=F89DB856-096A-C78A-52DA-9AF764E60355
20.06.26 15:58:10    *SEND* for CIntegralCharsLayer, GUID=1F3B9B3A-6498-80C8-3F3C-86FD4C134ECD
 End:   ===== Processing Layers =====; Timer: cpu0=0.188 wall=0.033 

20.06.26 15:58:11  ===== New Time Step =====, Iter number =  129
 Start: TimeServis
 End:   TimeServis; Timer: cpu0=0.406 wall=0.036 
 Start: User modules' functions BeforeTimeStep() are calling
 End:   User modules' functions BeforeTimeStep() are calling; Timer: cpu0=0.000 wall=0.002 
 Start: Adaptation, TotalRealCellsCount= 95525 
 End:   Adaptation; Timer: cpu0=0.156 wall=0.006 
 Start: Initialize data arrays on chips
 End:   Initialize data arrays on chips, res= 0; Timer: cpu0=0.000 wall=0.002 
  ***** Maximum Geometrical Gauss = 1.59614e-14, cell= 479:7:7:3:0
  ***** Maximum MovingSurf  Gauss = 0, cell= 
 Start: Initialize data arrays on chips
 End:   Initialize data arrays on chips, res= 0; Timer: cpu0=0.000 wall=0.003 
 Start: TimeServis
 End:   TimeServis; Timer: cpu0=0.469 wall=0.046 
 Start: FindEnclaves
 End:   FindEnclaves; Timer: cpu0=0.109 wall=0.117 
 Start: VarValueService
 End:   VarValueService; Timer: cpu0=0.000 wall=0.001 
 Start: SolvePhaseEquation 
 End:   SolvePhaseEquation ; Timer: cpu0=12.500 wall=1.475 
 Start: SolidFiltersProcess: calculate forces and moments
 End:   SolidFiltersProcess: calculate forces and moments; Timer: cpu0=0.000 wall=0.002 
 Start: PrepareDataForNextStep
 End:   PrepareDataForNextStep; Timer: cpu0=0.484 wall=0.040 
 Start: VarValueService
 End:   VarValueService; Timer: cpu0=0.000 wall=0.001 
 Start: UpdateStopperData
 End:   UpdateStopperData; Timer: cpu0=0.000 wall=0.002 
 Start: Saving text status in E:\UniFlight\flow\full_rocket0_fv\data\full_rocket0.status
 End:   Saving text status in E:\UniFlight\flow\full_rocket0_fv\data\full_rocket0.status; Timer: cpu0=0.000 wall=0.003 
 End:   ===== Time Step =====, Iter number =  129; Timer: cpu0=14.516 wall=1.804 

20.06.26 15:58:13  ===== Processing Layers =====
20.06.26 15:58:13    *SEND* for CScalarLayer, GUID=7641E21B-8224-4159-9F24-74BCFE28891B
 Start: ComputeVolumeCharacteristics
 End:   ComputeVolumeCharacteristics; Timer: cpu0=0.000 wall=0.004 
 Start: GetValueOnFacets
 End:   GetValueOnFacets; Timer: cpu0=0.016 wall=0.012 
20.06.26 15:58:13    *SEND* for CIntegralCharsLayer, GUID=4E090A0C-544B-E4A2-4242-BEC451D7CD2B
20.06.26 15:58:13    *SEND* for CIntegralCharsLayer, GUID=F89DB856-096A-C78A-52DA-9AF764E60355
20.06.26 15:58:13    *SEND* for CIntegralCharsLayer, GUID=1F3B9B3A-6498-80C8-3F3C-86FD4C134ECD
 End:   ===== Processing Layers =====; Timer: cpu0=0.016 wall=0.033 

20.06.26 15:58:13  ===== New Time Step =====, Iter number =  130
 Start: TimeServis
 End:   TimeServis; Timer: cpu0=0.328 wall=0.036 
 Start: User modules' functions BeforeTimeStep() are calling
 End:   User modules' functions BeforeTimeStep() are calling; Timer: cpu0=0.000 wall=0.002 
 Start: Adaptation, TotalRealCellsCount= 95525 
 End:   Adaptation; Timer: cpu0=5.719 wall=0.859 
 Start: DistributeGridOnProcessors
 End:   DistributeGridOnProcessors, res= 0; Timer: cpu0=0.875 wall=0.238 
 Start: SetNeiHyperCells
 End:   SetNeiHyperCells, res= 0; Timer: cpu0=0.000 wall=0.008 
 Start: BuildFacetDistribution
 End:   BuildFacetDistribution; Timer: cpu0=0.000 wall=0.002 
 Start: Initialize data arrays on chips
 End:   Initialize data arrays on chips, res= 0; Timer: cpu0=0.000 wall=0.002 
  ***** Maximum Geometrical Gauss = 1.4053e-14, cell= 35:1:2:3:0
  ***** Maximum MovingSurf  Gauss = 1.04967e-14, cell= 54:0:0:2:0
 Start: Remove Small Cells
 End:   Remove Small Cells; Timer: cpu0=0.219 wall=0.023 
 Start: Initialize data arrays on chips
 End:   Initialize data arrays on chips, res= 0; Timer: cpu0=0.000 wall=0.003 
  ***** Maximum Geometrical Gauss = 1.4053e-14, cell= 35:1:2:3:0
  ***** Maximum MovingSurf  Gauss = 1.04967e-14, cell= 54:0:0:2:0
 Start: Initialize data arrays on chips
 End:   Initialize data arrays on chips, res= 0; Timer: cpu0=0.000 wall=0.002 
 Start: Modify Chip Data
 End:   Modify Chip Data; Timer: cpu0=0.391 wall=0.042 
 Start: TimeServis
 End:   TimeServis; Timer: cpu0=0.609 wall=0.055 
 Start: FindEnclaves
 End:   FindEnclaves; Timer: cpu0=0.297 wall=0.132 
 Start: VarValueService
 End:   VarValueService; Timer: cpu0=0.000 wall=0.002 
 Start: SolvePhaseEquation 
 End:   SolvePhaseEquation ; Timer: cpu0=13.953 wall=1.783 
 Start: SolidFiltersProcess: calculate forces and moments
 End:   SolidFiltersProcess: calculate forces and moments; Timer: cpu0=0.000 wall=0.002 
 Start: PrepareDataForNextStep
 End:   PrepareDataForNextStep; Timer: cpu0=0.375 wall=0.049 
 Start: VarValueService
 End:   VarValueService; Timer: cpu0=0.000 wall=0.002 
 Start: UpdateStopperData
 End:   UpdateStopperData; Timer: cpu0=0.000 wall=0.001 
 Start: Saving text status in E:\UniFlight\flow\full_rocket0_fv\data\full_rocket0.status
 End:   Saving text status in E:\UniFlight\flow\full_rocket0_fv\data\full_rocket0.status; Timer: cpu0=0.016 wall=0.002 
 End:   ===== Time Step =====, Iter number =  130; Timer: cpu0=23.109 wall=3.345 

20.06.26 15:58:16  ===== Processing Layers =====
20.06.26 15:58:16    *SEND* for CScalarLayer, GUID=7641E21B-8224-4159-9F24-74BCFE28891B
 Start: ComputeVolumeCharacteristics
 End:   ComputeVolumeCharacteristics; Timer: cpu0=0.000 wall=0.005 
 Start: GetValueOnFacets
 End:   GetValueOnFacets; Timer: cpu0=0.172 wall=0.016 
20.06.26 15:58:16    *SEND* for CIntegralCharsLayer, GUID=4E090A0C-544B-E4A2-4242-BEC451D7CD2B
20.06.26 15:58:16    *SEND* for CIntegralCharsLayer, GUID=F89DB856-096A-C78A-52DA-9AF764E60355
20.06.26 15:58:16    *SEND* for CIntegralCharsLayer, GUID=1F3B9B3A-6498-80C8-3F3C-86FD4C134ECD
 End:   ===== Processing Layers =====; Timer: cpu0=0.250 wall=0.045 

20.06.26 15:58:16  ===== New Time Step =====, Iter number =  131
 Start: TimeServis
 End:   TimeServis; Timer: cpu0=0.500 wall=0.042 
 Start: User modules' functions BeforeTimeStep() are calling
 End:   User modules' functions BeforeTimeStep() are calling; Timer: cpu0=0.000 wall=0.002 
 Start: Adaptation, TotalRealCellsCount= 108713 
 End:   Adaptation; Timer: cpu0=7.547 wall=1.059 
 Start: DistributeGridOnProcessors
 End:   DistributeGridOnProcessors, res= 0; Timer: cpu0=1.062 wall=0.277 
 Start: SetNeiHyperCells
 End:   SetNeiHyperCells, res= 0; Timer: cpu0=0.125 wall=0.008 
 Start: BuildFacetDistribution
 End:   BuildFacetDistribution; Timer: cpu0=0.000 wall=0.002 
 Start: Initialize data arrays on chips
 End:   Initialize data arrays on chips, res= 0; Timer: cpu0=0.000 wall=0.003 
  ***** Maximum Geometrical Gauss = 1.45735e-14, cell= 399:7:6:2:0
  ***** Maximum MovingSurf  Gauss = 9.07339e-15, cell= 694:7:6:0
 Start: Remove Small Cells
 End:   Remove Small Cells; Timer: cpu0=0.156 wall=0.028 
 Start: Initialize data arrays on chips
 End:   Initialize data arrays on chips, res= 0; Timer: cpu0=0.000 wall=0.003 
  ***** Maximum Geometrical Gauss = 1.45735e-14, cell= 399:7:6:2:0
  ***** Maximum MovingSurf  Gauss = 9.07339e-15, cell= 694:7:6:0
 Start: Initialize data arrays on chips
 End:   Initialize data arrays on chips, res= 0; Timer: cpu0=0.000 wall=0.002 
 Start: Modify Chip Data
 End:   Modify Chip Data; Timer: cpu0=0.484 wall=0.055 
 Start: TimeServis
 End:   TimeServis; Timer: cpu0=0.828 wall=0.072 
 Start: FindEnclaves
 End:   FindEnclaves; Timer: cpu0=0.125 wall=0.137 
 Start: VarValueService
 End:   VarValueService; Timer: cpu0=0.000 wall=0.002 
 Start: SolvePhaseEquation 
 End:   SolvePhaseEquation ; Timer: cpu0=14.906 wall=1.976 
 Start: SolidFiltersProcess: calculate forces and moments
 End:   SolidFiltersProcess: calculate forces and moments; Timer: cpu0=0.000 wall=0.003 
 Start: PrepareDataForNextStep
 End:   PrepareDataForNextStep; Timer: cpu0=0.328 wall=0.057 
 Start: VarValueService
 End:   VarValueService; Timer: cpu0=0.000 wall=0.001 
 Start: UpdateStopperData
 End:   UpdateStopperData; Timer: cpu0=0.000 wall=0.001 
 Start: Saving text status in E:\UniFlight\flow\full_rocket0_fv\data\full_rocket0.status
 End:   Saving text status in E:\UniFlight\flow\full_rocket0_fv\data\full_rocket0.status; Timer: cpu0=0.000 wall=0.003 
 End:   ===== Time Step =====, Iter number =  131; Timer: cpu0=26.281 wall=3.847 

20.06.26 15:58:20  ===== Processing Layers =====
20.06.26 15:58:20    *SEND* for CScalarLayer, GUID=7641E21B-8224-4159-9F24-74BCFE28891B
 Start: ComputeVolumeCharacteristics
 End:   ComputeVolumeCharacteristics; Timer: cpu0=0.156 wall=0.005 
 Start: GetValueOnFacets
 End:   GetValueOnFacets; Timer: cpu0=0.031 wall=0.017 
20.06.26 15:58:20    *SEND* for CIntegralCharsLayer, GUID=4E090A0C-544B-E4A2-4242-BEC451D7CD2B
20.06.26 15:58:21    *SEND* for CIntegralCharsLayer, GUID=F89DB856-096A-C78A-52DA-9AF764E60355
20.06.26 15:58:21    *SEND* for CIntegralCharsLayer, GUID=1F3B9B3A-6498-80C8-3F3C-86FD4C134ECD
 End:   ===== Processing Layers =====; Timer: cpu0=0.203 wall=0.043 

20.06.26 15:58:21  ===== New Time Step =====, Iter number =  132
 Start: TimeServis
 End:   TimeServis; Timer: cpu0=0.516 wall=0.045 
 Start: User modules' functions BeforeTimeStep() are calling
 End:   User modules' functions BeforeTimeStep() are calling; Timer: cpu0=0.000 wall=0.002 
 Start: Adaptation, TotalRealCellsCount= 109616 
 End:   Adaptation; Timer: cpu0=0.125 wall=0.007 
 Start: Initialize data arrays on chips
 End:   Initialize data arrays on chips, res= 0; Timer: cpu0=0.000 wall=0.003 
  ***** Maximum Geometrical Gauss = 1.45735e-14, cell= 399:7:6:2:0
  ***** Maximum MovingSurf  Gauss = 0, cell= 
 Start: Initialize data arrays on chips
 End:   Initialize data arrays on chips, res= 0; Timer: cpu0=0.000 wall=0.003 
 Start: TimeServis
 End:   TimeServis; Timer: cpu0=0.688 wall=0.066 
 Start: FindEnclaves
 End:   FindEnclaves; Timer: cpu0=0.125 wall=0.140 
 Start: VarValueService
 End:   VarValueService; Timer: cpu0=0.000 wall=0.002 
 Start: SolvePhaseEquation 
 End:   SolvePhaseEquation ; Timer: cpu0=15.453 wall=2.010 
 Start: SolidFiltersProcess: calculate forces and moments
 End:   SolidFiltersProcess: calculate forces and moments; Timer: cpu0=0.000 wall=0.003 
 Start: PrepareDataForNextStep
 End:   PrepareDataForNextStep; Timer: cpu0=0.562 wall=0.068 
 Start: VarValueService
 End:   VarValueService; Timer: cpu0=0.000 wall=0.002 
 Start: UpdateStopperData
 End:   UpdateStopperData; Timer: cpu0=0.000 wall=0.001 
 Start: Saving text status in E:\UniFlight\flow\full_rocket0_fv\data\full_rocket0.status
 End:   Saving text status in E:\UniFlight\flow\full_rocket0_fv\data\full_rocket0.status; Timer: cpu0=0.000 wall=0.002 
 End:   ===== Time Step =====, Iter number =  132; Timer: cpu0=18.094 wall=2.440 

Simulation time end is reached, stopping solution.
SOLUTION STOPPED (TIME=297.499s, MPITIME=297.499s)

20.06.26 15:58:23  ===== Processing Layers =====
20.06.26 15:58:23    *SEND* for CScalarLayer, GUID=7641E21B-8224-4159-9F24-74BCFE28891B
 Start: ComputeVolumeCharacteristics
 End:   ComputeVolumeCharacteristics; Timer: cpu0=0.000 wall=0.005 
 Start: GetValueOnFacets
 End:   GetValueOnFacets; Timer: cpu0=0.000 wall=0.018 
20.06.26 15:58:23    *SEND* for CIntegralCharsLayer, GUID=4E090A0C-544B-E4A2-4242-BEC451D7CD2B
20.06.26 15:58:23    *SEND* for CIntegralCharsLayer, GUID=F89DB856-096A-C78A-52DA-9AF764E60355
20.06.26 15:58:23    *SEND* for CIntegralCharsLayer, GUID=1F3B9B3A-6498-80C8-3F3C-86FD4C134ECD
 End:   ===== Processing Layers =====; Timer: cpu0=0.172 wall=0.043 
